record_id,label,score,climate_commitment,climatebert_model,climatebert_model_backend,climatebert_job_id
r000_000,yes,0.997265,True,distilroberta-base-climate-commitment,Local model,climatebert_multi_20260526T112517Z_c8b7dc
r000_001,yes,0.996325,True,distilroberta-base-climate-commitment,Local model,climatebert_multi_20260526T112517Z_c8b7dc
r000_002,yes,0.83004,True,distilroberta-base-climate-commitment,Local model,climatebert_multi_20260526T112517Z_c8b7dc
r006_000,no,0.754024,False,distilroberta-base-climate-commitment,Local model,climatebert_multi_20260526T112517Z_c8b7dc
r006_001,no,0.791135,False,distilroberta-base-climate-commitment,Local model,climatebert_multi_20260526T112517Z_c8b7dc
r006_002,no,0.953451,False,distilroberta-base-climate-commitment,Local model,climatebert_multi_20260526T112517Z_c8b7dc
r006_003,no,0.823216,False,distilroberta-base-climate-commitment,Local model,climatebert_multi_20260526T112517Z_c8b7dc
r006_004,no,0.712852,False,distilroberta-base-climate-commitment,Local model,climatebert_multi_20260526T112517Z_c8b7dc
r006_005,no,0.631042,False,distilroberta-base-climate-commitment,Local model,climatebert_multi_20260526T112517Z_c8b7dc
r006_006,yes,0.717254,True,distilroberta-base-climate-commitment,Local model,climatebert_multi_20260526T112517Z_c8b7dc
r006_007,yes,0.686833,True,distilroberta-base-climate-commitment,Local model,climatebert_multi_20260526T112517Z_c8b7dc
r006_008,no,0.873565,False,distilroberta-base-climate-commitment,Local model,climatebert_multi_20260526T112517Z_c8b7dc
r006_009,no,0.561926,False,distilroberta-base-climate-commitment,Local model,climatebert_multi_20260526T112517Z_c8b7dc
r006_010,no,0.699685,False,distilroberta-base-climate-commitment,Local model,climatebert_multi_20260526T112517Z_c8b7dc
r006_011,no,0.90901,False,distilroberta-base-climate-commitment,Local model,climatebert_multi_20260526T112517Z_c8b7dc
r007_000,no,0.736965,False,distilroberta-base-climate-commitment,Local model,climatebert_multi_20260526T112517Z_c8b7dc
r007_001,no,0.671373,False,distilroberta-base-climate-commitment,Local model,climatebert_multi_20260526T112517Z_c8b7dc
r007_002,no,0.633894,False,distilroberta-base-climate-commitment,Local model,climatebert_multi_20260526T112517Z_c8b7dc
r007_003,no,0.589925,False,distilroberta-base-climate-commitment,Local model,climatebert_multi_20260526T112517Z_c8b7dc
r007_004,no,0.647874,False,distilroberta-base-climate-commitment,Local model,climatebert_multi_20260526T112517Z_c8b7dc
r007_005,no,0.569232,False,distilroberta-base-climate-commitment,Local model,climatebert_multi_20260526T112517Z_c8b7dc
r007_006,no,0.735867,False,distilroberta-base-climate-commitment,Local model,climatebert_multi_20260526T112517Z_c8b7dc
r007_007,no,0.968658,False,distilroberta-base-climate-commitment,Local model,climatebert_multi_20260526T112517Z_c8b7dc
r007_008,no,0.814278,False,distilroberta-base-climate-commitment,Local model,climatebert_multi_20260526T112517Z_c8b7dc
r007_009,no,0.860711,False,distilroberta-base-climate-commitment,Local model,climatebert_multi_20260526T112517Z_c8b7dc
r007_010,no,0.905624,False,distilroberta-base-climate-commitment,Local model,climatebert_multi_20260526T112517Z_c8b7dc
r007_011,no,0.926931,False,distilroberta-base-climate-commitment,Local model,climatebert_multi_20260526T112517Z_c8b7dc
r007_012,no,0.848935,False,distilroberta-base-climate-commitment,Local model,climatebert_multi_20260526T112517Z_c8b7dc
r007_013,no,0.89575,False,distilroberta-base-climate-commitment,Local model,climatebert_multi_20260526T112517Z_c8b7dc
r007_014,no,0.909725,False,distilroberta-base-climate-commitment,Local model,climatebert_multi_20260526T112517Z_c8b7dc
r007_015,no,0.880408,False,distilroberta-base-climate-commitment,Local model,climatebert_multi_20260526T112517Z_c8b7dc
r007_016,no,0.741484,False,distilroberta-base-climate-commitment,Local model,climatebert_multi_20260526T112517Z_c8b7dc
r007_017,no,0.812531,False,distilroberta-base-climate-commitment,Local model,climatebert_multi_20260526T112517Z_c8b7dc
r007_018,no,0.817219,False,distilroberta-base-climate-commitment,Local model,climatebert_multi_20260526T112517Z_c8b7dc
r007_019,no,0.98274,False,distilroberta-base-climate-commitment,Local model,climatebert_multi_20260526T112517Z_c8b7dc
r007_020,no,0.923121,False,distilroberta-base-climate-commitment,Local model,climatebert_multi_20260526T112517Z_c8b7dc
r012_000,no,0.975434,False,distilroberta-base-climate-commitment,Local model,climatebert_multi_20260526T112517Z_c8b7dc
r012_001,no,0.928098,False,distilroberta-base-climate-commitment,Local model,climatebert_multi_20260526T112517Z_c8b7dc
r012_002,no,0.659248,False,distilroberta-base-climate-commitment,Local model,climatebert_multi_20260526T112517Z_c8b7dc
r012_003,yes,0.938561,True,distilroberta-base-climate-commitment,Local model,climatebert_multi_20260526T112517Z_c8b7dc
r012_004,no,0.814242,False,distilroberta-base-climate-commitment,Local model,climatebert_multi_20260526T112517Z_c8b7dc
r012_005,no,0.82395,False,distilroberta-base-climate-commitment,Local model,climatebert_multi_20260526T112517Z_c8b7dc
r012_006,no,0.844753,False,distilroberta-base-climate-commitment,Local model,climatebert_multi_20260526T112517Z_c8b7dc
r012_007,no,0.900045,False,distilroberta-base-climate-commitment,Local model,climatebert_multi_20260526T112517Z_c8b7dc
r012_008,no,0.709534,False,distilroberta-base-climate-commitment,Local model,climatebert_multi_20260526T112517Z_c8b7dc
r012_009,no,0.864919,False,distilroberta-base-climate-commitment,Local model,climatebert_multi_20260526T112517Z_c8b7dc
r012_010,no,0.926803,False,distilroberta-base-climate-commitment,Local model,climatebert_multi_20260526T112517Z_c8b7dc
r014_000,yes,0.986869,True,distilroberta-base-climate-commitment,Local model,climatebert_multi_20260526T112517Z_c8b7dc
r014_001,no,0.993502,False,distilroberta-base-climate-commitment,Local model,climatebert_multi_20260526T112517Z_c8b7dc
r014_002,no,0.706765,False,distilroberta-base-climate-commitment,Local model,climatebert_multi_20260526T112517Z_c8b7dc
r014_003,no,0.997842,False,distilroberta-base-climate-commitment,Local model,climatebert_multi_20260526T112517Z_c8b7dc
r014_004,yes,0.995864,True,distilroberta-base-climate-commitment,Local model,climatebert_multi_20260526T112517Z_c8b7dc
r014_005,no,0.995905,False,distilroberta-base-climate-commitment,Local model,climatebert_multi_20260526T112517Z_c8b7dc
r014_006,no,0.85617,False,distilroberta-base-climate-commitment,Local model,climatebert_multi_20260526T112517Z_c8b7dc
r014_007,yes,0.796447,True,distilroberta-base-climate-commitment,Local model,climatebert_multi_20260526T112517Z_c8b7dc
r014_008,yes,0.986869,True,distilroberta-base-climate-commitment,Local model,climatebert_multi_20260526T112517Z_c8b7dc
r014_009,no,0.993502,False,distilroberta-base-climate-commitment,Local model,climatebert_multi_20260526T112517Z_c8b7dc
r014_010,no,0.706765,False,distilroberta-base-climate-commitment,Local model,climatebert_multi_20260526T112517Z_c8b7dc
r014_011,no,0.997842,False,distilroberta-base-climate-commitment,Local model,climatebert_multi_20260526T112517Z_c8b7dc
r014_012,yes,0.995864,True,distilroberta-base-climate-commitment,Local model,climatebert_multi_20260526T112517Z_c8b7dc
r014_013,no,0.995905,False,distilroberta-base-climate-commitment,Local model,climatebert_multi_20260526T112517Z_c8b7dc
r014_014,no,0.85617,False,distilroberta-base-climate-commitment,Local model,climatebert_multi_20260526T112517Z_c8b7dc
r014_015,yes,0.796447,True,distilroberta-base-climate-commitment,Local model,climatebert_multi_20260526T112517Z_c8b7dc
r014_016,yes,0.986869,True,distilroberta-base-climate-commitment,Local model,climatebert_multi_20260526T112517Z_c8b7dc
r014_017,no,0.993502,False,distilroberta-base-climate-commitment,Local model,climatebert_multi_20260526T112517Z_c8b7dc
r014_018,no,0.706765,False,distilroberta-base-climate-commitment,Local model,climatebert_multi_20260526T112517Z_c8b7dc
r014_019,no,0.997842,False,distilroberta-base-climate-commitment,Local model,climatebert_multi_20260526T112517Z_c8b7dc
r014_020,yes,0.995864,True,distilroberta-base-climate-commitment,Local model,climatebert_multi_20260526T112517Z_c8b7dc
r014_021,no,0.995905,False,distilroberta-base-climate-commitment,Local model,climatebert_multi_20260526T112517Z_c8b7dc
r014_022,no,0.85617,False,distilroberta-base-climate-commitment,Local model,climatebert_multi_20260526T112517Z_c8b7dc
r014_023,yes,0.796447,True,distilroberta-base-climate-commitment,Local model,climatebert_multi_20260526T112517Z_c8b7dc
r025_000,no,0.975434,False,distilroberta-base-climate-commitment,Local model,climatebert_multi_20260526T112517Z_c8b7dc
r025_001,no,0.84061,False,distilroberta-base-climate-commitment,Local model,climatebert_multi_20260526T112517Z_c8b7dc
r025_002,no,0.982303,False,distilroberta-base-climate-commitment,Local model,climatebert_multi_20260526T112517Z_c8b7dc
r025_003,no,0.659248,False,distilroberta-base-climate-commitment,Local model,climatebert_multi_20260526T112517Z_c8b7dc
r025_004,yes,0.855357,True,distilroberta-base-climate-commitment,Local model,climatebert_multi_20260526T112517Z_c8b7dc
r025_005,no,0.823893,False,distilroberta-base-climate-commitment,Local model,climatebert_multi_20260526T112517Z_c8b7dc
r025_006,no,0.991055,False,distilroberta-base-climate-commitment,Local model,climatebert_multi_20260526T112517Z_c8b7dc
r025_007,no,0.782486,False,distilroberta-base-climate-commitment,Local model,climatebert_multi_20260526T112517Z_c8b7dc
r025_008,no,0.897616,False,distilroberta-base-climate-commitment,Local model,climatebert_multi_20260526T112517Z_c8b7dc
r025_009,no,0.842445,False,distilroberta-base-climate-commitment,Local model,climatebert_multi_20260526T112517Z_c8b7dc
r025_010,no,0.914817,False,distilroberta-base-climate-commitment,Local model,climatebert_multi_20260526T112517Z_c8b7dc
r025_011,no,0.95827,False,distilroberta-base-climate-commitment,Local model,climatebert_multi_20260526T112517Z_c8b7dc
r025_012,no,0.958865,False,distilroberta-base-climate-commitment,Local model,climatebert_multi_20260526T112517Z_c8b7dc
r025_013,no,0.887616,False,distilroberta-base-climate-commitment,Local model,climatebert_multi_20260526T112517Z_c8b7dc
r025_014,no,0.897993,False,distilroberta-base-climate-commitment,Local model,climatebert_multi_20260526T112517Z_c8b7dc
r025_015,no,0.664085,False,distilroberta-base-climate-commitment,Local model,climatebert_multi_20260526T112517Z_c8b7dc
r025_016,no,0.891047,False,distilroberta-base-climate-commitment,Local model,climatebert_multi_20260526T112517Z_c8b7dc
r025_017,no,0.749735,False,distilroberta-base-climate-commitment,Local model,climatebert_multi_20260526T112517Z_c8b7dc
r025_018,no,0.905984,False,distilroberta-base-climate-commitment,Local model,climatebert_multi_20260526T112517Z_c8b7dc
r025_019,no,0.958517,False,distilroberta-base-climate-commitment,Local model,climatebert_multi_20260526T112517Z_c8b7dc
r025_020,no,0.712045,False,distilroberta-base-climate-commitment,Local model,climatebert_multi_20260526T112517Z_c8b7dc
r027_000,yes,0.997265,True,distilroberta-base-climate-commitment,Local model,climatebert_multi_20260526T112517Z_c8b7dc
r027_001,yes,0.996325,True,distilroberta-base-climate-commitment,Local model,climatebert_multi_20260526T112517Z_c8b7dc
r027_002,no,0.653935,False,distilroberta-base-climate-commitment,Local model,climatebert_multi_20260526T112517Z_c8b7dc
r027_003,no,0.623966,False,distilroberta-base-climate-commitment,Local model,climatebert_multi_20260526T112517Z_c8b7dc
r027_004,no,0.990444,False,distilroberta-base-climate-commitment,Local model,climatebert_multi_20260526T112517Z_c8b7dc
r027_005,yes,0.560017,True,distilroberta-base-climate-commitment,Local model,climatebert_multi_20260526T112517Z_c8b7dc
r027_006,no,0.956049,False,distilroberta-base-climate-commitment,Local model,climatebert_multi_20260526T112517Z_c8b7dc
r027_007,no,0.923062,False,distilroberta-base-climate-commitment,Local model,climatebert_multi_20260526T112517Z_c8b7dc
r027_008,no,0.965667,False,distilroberta-base-climate-commitment,Local model,climatebert_multi_20260526T112517Z_c8b7dc
r027_009,no,0.992563,False,distilroberta-base-climate-commitment,Local model,climatebert_multi_20260526T112517Z_c8b7dc
r027_010,no,0.989348,False,distilroberta-base-climate-commitment,Local model,climatebert_multi_20260526T112517Z_c8b7dc
r035_000,yes,0.986869,True,distilroberta-base-climate-commitment,Local model,climatebert_multi_20260526T112517Z_c8b7dc
r035_001,no,0.993502,False,distilroberta-base-climate-commitment,Local model,climatebert_multi_20260526T112517Z_c8b7dc
r035_002,no,0.706765,False,distilroberta-base-climate-commitment,Local model,climatebert_multi_20260526T112517Z_c8b7dc
r035_003,no,0.997842,False,distilroberta-base-climate-commitment,Local model,climatebert_multi_20260526T112517Z_c8b7dc
r035_004,yes,0.995864,True,distilroberta-base-climate-commitment,Local model,climatebert_multi_20260526T112517Z_c8b7dc
r035_005,no,0.995905,False,distilroberta-base-climate-commitment,Local model,climatebert_multi_20260526T112517Z_c8b7dc
r035_006,no,0.85617,False,distilroberta-base-climate-commitment,Local model,climatebert_multi_20260526T112517Z_c8b7dc
r035_007,no,0.717641,False,distilroberta-base-climate-commitment,Local model,climatebert_multi_20260526T112517Z_c8b7dc
r035_008,yes,0.796447,True,distilroberta-base-climate-commitment,Local model,climatebert_multi_20260526T112517Z_c8b7dc
r035_009,no,0.911285,False,distilroberta-base-climate-commitment,Local model,climatebert_multi_20260526T112517Z_c8b7dc
r035_010,no,0.930128,False,distilroberta-base-climate-commitment,Local model,climatebert_multi_20260526T112517Z_c8b7dc
r035_011,no,0.974393,False,distilroberta-base-climate-commitment,Local model,climatebert_multi_20260526T112517Z_c8b7dc
r035_012,no,0.991496,False,distilroberta-base-climate-commitment,Local model,climatebert_multi_20260526T112517Z_c8b7dc
r035_013,no,0.98228,False,distilroberta-base-climate-commitment,Local model,climatebert_multi_20260526T112517Z_c8b7dc
r041_000,no,0.975434,False,distilroberta-base-climate-commitment,Local model,climatebert_multi_20260526T112517Z_c8b7dc
r041_001,no,0.950118,False,distilroberta-base-climate-commitment,Local model,climatebert_multi_20260526T112517Z_c8b7dc
r041_002,no,0.659248,False,distilroberta-base-climate-commitment,Local model,climatebert_multi_20260526T112517Z_c8b7dc
r041_003,yes,0.938561,True,distilroberta-base-climate-commitment,Local model,climatebert_multi_20260526T112517Z_c8b7dc
r041_004,no,0.814242,False,distilroberta-base-climate-commitment,Local model,climatebert_multi_20260526T112517Z_c8b7dc
r041_005,no,0.650297,False,distilroberta-base-climate-commitment,Local model,climatebert_multi_20260526T112517Z_c8b7dc
r041_006,no,0.944405,False,distilroberta-base-climate-commitment,Local model,climatebert_multi_20260526T112517Z_c8b7dc
r041_007,no,0.67885,False,distilroberta-base-climate-commitment,Local model,climatebert_multi_20260526T112517Z_c8b7dc
r043_000,no,0.754024,False,distilroberta-base-climate-commitment,Local model,climatebert_multi_20260526T112517Z_c8b7dc
r043_001,no,0.791135,False,distilroberta-base-climate-commitment,Local model,climatebert_multi_20260526T112517Z_c8b7dc
r043_002,no,0.823216,False,distilroberta-base-climate-commitment,Local model,climatebert_multi_20260526T112517Z_c8b7dc
r043_003,no,0.712852,False,distilroberta-base-climate-commitment,Local model,climatebert_multi_20260526T112517Z_c8b7dc
r043_004,no,0.631042,False,distilroberta-base-climate-commitment,Local model,climatebert_multi_20260526T112517Z_c8b7dc
r043_005,yes,0.717254,True,distilroberta-base-climate-commitment,Local model,climatebert_multi_20260526T112517Z_c8b7dc
r043_006,yes,0.686833,True,distilroberta-base-climate-commitment,Local model,climatebert_multi_20260526T112517Z_c8b7dc
r043_007,no,0.873565,False,distilroberta-base-climate-commitment,Local model,climatebert_multi_20260526T112517Z_c8b7dc
r043_008,no,0.774796,False,distilroberta-base-climate-commitment,Local model,climatebert_multi_20260526T112517Z_c8b7dc
r043_009,no,0.561926,False,distilroberta-base-climate-commitment,Local model,climatebert_multi_20260526T112517Z_c8b7dc
r043_010,no,0.699685,False,distilroberta-base-climate-commitment,Local model,climatebert_multi_20260526T112517Z_c8b7dc
r043_011,no,0.90901,False,distilroberta-base-climate-commitment,Local model,climatebert_multi_20260526T112517Z_c8b7dc
r048_000,no,0.975434,False,distilroberta-base-climate-commitment,Local model,climatebert_multi_20260526T112517Z_c8b7dc
r048_001,no,0.84061,False,distilroberta-base-climate-commitment,Local model,climatebert_multi_20260526T112517Z_c8b7dc
r048_002,no,0.982303,False,distilroberta-base-climate-commitment,Local model,climatebert_multi_20260526T112517Z_c8b7dc
r048_003,no,0.659248,False,distilroberta-base-climate-commitment,Local model,climatebert_multi_20260526T112517Z_c8b7dc
r048_004,yes,0.855357,True,distilroberta-base-climate-commitment,Local model,climatebert_multi_20260526T112517Z_c8b7dc
r048_005,no,0.823893,False,distilroberta-base-climate-commitment,Local model,climatebert_multi_20260526T112517Z_c8b7dc
r048_006,no,0.991055,False,distilroberta-base-climate-commitment,Local model,climatebert_multi_20260526T112517Z_c8b7dc
r048_007,no,0.914817,False,distilroberta-base-climate-commitment,Local model,climatebert_multi_20260526T112517Z_c8b7dc
r048_008,no,0.95827,False,distilroberta-base-climate-commitment,Local model,climatebert_multi_20260526T112517Z_c8b7dc
r048_009,no,0.958865,False,distilroberta-base-climate-commitment,Local model,climatebert_multi_20260526T112517Z_c8b7dc
r048_010,no,0.887616,False,distilroberta-base-climate-commitment,Local model,climatebert_multi_20260526T112517Z_c8b7dc
r048_011,no,0.897993,False,distilroberta-base-climate-commitment,Local model,climatebert_multi_20260526T112517Z_c8b7dc
r048_012,no,0.664085,False,distilroberta-base-climate-commitment,Local model,climatebert_multi_20260526T112517Z_c8b7dc
r048_013,no,0.863251,False,distilroberta-base-climate-commitment,Local model,climatebert_multi_20260526T112517Z_c8b7dc
r048_014,no,0.905984,False,distilroberta-base-climate-commitment,Local model,climatebert_multi_20260526T112517Z_c8b7dc
r048_015,no,0.958517,False,distilroberta-base-climate-commitment,Local model,climatebert_multi_20260526T112517Z_c8b7dc
r048_016,no,0.712045,False,distilroberta-base-climate-commitment,Local model,climatebert_multi_20260526T112517Z_c8b7dc
r049_000,no,0.998458,False,distilroberta-base-climate-commitment,Local model,climatebert_multi_20260526T112517Z_c8b7dc
r049_001,no,0.997348,False,distilroberta-base-climate-commitment,Local model,climatebert_multi_20260526T112517Z_c8b7dc
r049_002,no,0.994408,False,distilroberta-base-climate-commitment,Local model,climatebert_multi_20260526T112517Z_c8b7dc
r049_003,no,0.998472,False,distilroberta-base-climate-commitment,Local model,climatebert_multi_20260526T112517Z_c8b7dc
r049_004,yes,0.682536,True,distilroberta-base-climate-commitment,Local model,climatebert_multi_20260526T112517Z_c8b7dc
r049_005,no,0.946947,False,distilroberta-base-climate-commitment,Local model,climatebert_multi_20260526T112517Z_c8b7dc
r049_006,no,0.996058,False,distilroberta-base-climate-commitment,Local model,climatebert_multi_20260526T112517Z_c8b7dc
r049_007,no,0.96474,False,distilroberta-base-climate-commitment,Local model,climatebert_multi_20260526T112517Z_c8b7dc
r049_008,no,0.997521,False,distilroberta-base-climate-commitment,Local model,climatebert_multi_20260526T112517Z_c8b7dc
r049_009,no,0.99875,False,distilroberta-base-climate-commitment,Local model,climatebert_multi_20260526T112517Z_c8b7dc
r049_010,no,0.996665,False,distilroberta-base-climate-commitment,Local model,climatebert_multi_20260526T112517Z_c8b7dc
r049_011,no,0.997942,False,distilroberta-base-climate-commitment,Local model,climatebert_multi_20260526T112517Z_c8b7dc
r049_012,no,0.996215,False,distilroberta-base-climate-commitment,Local model,climatebert_multi_20260526T112517Z_c8b7dc
r049_013,no,0.998043,False,distilroberta-base-climate-commitment,Local model,climatebert_multi_20260526T112517Z_c8b7dc
r049_014,no,0.99561,False,distilroberta-base-climate-commitment,Local model,climatebert_multi_20260526T112517Z_c8b7dc
r049_015,no,0.99872,False,distilroberta-base-climate-commitment,Local model,climatebert_multi_20260526T112517Z_c8b7dc
r049_016,no,0.998886,False,distilroberta-base-climate-commitment,Local model,climatebert_multi_20260526T112517Z_c8b7dc
r049_017,no,0.996844,False,distilroberta-base-climate-commitment,Local model,climatebert_multi_20260526T112517Z_c8b7dc
r049_018,no,0.999048,False,distilroberta-base-climate-commitment,Local model,climatebert_multi_20260526T112517Z_c8b7dc
r049_019,no,0.998757,False,distilroberta-base-climate-commitment,Local model,climatebert_multi_20260526T112517Z_c8b7dc
r049_020,no,0.998713,False,distilroberta-base-climate-commitment,Local model,climatebert_multi_20260526T112517Z_c8b7dc
r049_021,no,0.904615,False,distilroberta-base-climate-commitment,Local model,climatebert_multi_20260526T112517Z_c8b7dc
r049_022,no,0.998677,False,distilroberta-base-climate-commitment,Local model,climatebert_multi_20260526T112517Z_c8b7dc
r049_023,no,0.997491,False,distilroberta-base-climate-commitment,Local model,climatebert_multi_20260526T112517Z_c8b7dc
r049_024,no,0.998398,False,distilroberta-base-climate-commitment,Local model,climatebert_multi_20260526T112517Z_c8b7dc
r073_000,yes,0.986869,True,distilroberta-base-climate-commitment,Local model,climatebert_multi_20260526T112517Z_c8b7dc
r073_001,no,0.993502,False,distilroberta-base-climate-commitment,Local model,climatebert_multi_20260526T112517Z_c8b7dc
r073_002,no,0.706765,False,distilroberta-base-climate-commitment,Local model,climatebert_multi_20260526T112517Z_c8b7dc
r073_003,no,0.997842,False,distilroberta-base-climate-commitment,Local model,climatebert_multi_20260526T112517Z_c8b7dc
r073_004,no,0.995905,False,distilroberta-base-climate-commitment,Local model,climatebert_multi_20260526T112517Z_c8b7dc
r073_005,no,0.85617,False,distilroberta-base-climate-commitment,Local model,climatebert_multi_20260526T112517Z_c8b7dc
r073_006,no,0.717641,False,distilroberta-base-climate-commitment,Local model,climatebert_multi_20260526T112517Z_c8b7dc
r073_007,yes,0.796447,True,distilroberta-base-climate-commitment,Local model,climatebert_multi_20260526T112517Z_c8b7dc
r073_008,no,0.99799,False,distilroberta-base-climate-commitment,Local model,climatebert_multi_20260526T112517Z_c8b7dc
r073_009,no,0.86337,False,distilroberta-base-climate-commitment,Local model,climatebert_multi_20260526T112517Z_c8b7dc
r073_010,yes,0.989927,True,distilroberta-base-climate-commitment,Local model,climatebert_multi_20260526T112517Z_c8b7dc
r073_011,yes,0.996641,True,distilroberta-base-climate-commitment,Local model,climatebert_multi_20260526T112517Z_c8b7dc
r073_012,no,0.991152,False,distilroberta-base-climate-commitment,Local model,climatebert_multi_20260526T112517Z_c8b7dc
r073_013,no,0.965678,False,distilroberta-base-climate-commitment,Local model,climatebert_multi_20260526T112517Z_c8b7dc
r073_014,no,0.988964,False,distilroberta-base-climate-commitment,Local model,climatebert_multi_20260526T112517Z_c8b7dc
r073_015,no,0.99337,False,distilroberta-base-climate-commitment,Local model,climatebert_multi_20260526T112517Z_c8b7dc
r073_016,no,0.980238,False,distilroberta-base-climate-commitment,Local model,climatebert_multi_20260526T112517Z_c8b7dc
r073_017,yes,0.986469,True,distilroberta-base-climate-commitment,Local model,climatebert_multi_20260526T112517Z_c8b7dc
r079_000,no,0.948539,False,distilroberta-base-climate-commitment,Local model,climatebert_multi_20260526T112517Z_c8b7dc
r079_001,no,0.982669,False,distilroberta-base-climate-commitment,Local model,climatebert_multi_20260526T112517Z_c8b7dc
r079_002,no,0.982303,False,distilroberta-base-climate-commitment,Local model,climatebert_multi_20260526T112517Z_c8b7dc
r079_003,no,0.659248,False,distilroberta-base-climate-commitment,Local model,climatebert_multi_20260526T112517Z_c8b7dc
r079_004,yes,0.855357,True,distilroberta-base-climate-commitment,Local model,climatebert_multi_20260526T112517Z_c8b7dc
r079_005,no,0.823893,False,distilroberta-base-climate-commitment,Local model,climatebert_multi_20260526T112517Z_c8b7dc
r079_006,no,0.991055,False,distilroberta-base-climate-commitment,Local model,climatebert_multi_20260526T112517Z_c8b7dc
r079_007,no,0.895973,False,distilroberta-base-climate-commitment,Local model,climatebert_multi_20260526T112517Z_c8b7dc
r079_008,no,0.878869,False,distilroberta-base-climate-commitment,Local model,climatebert_multi_20260526T112517Z_c8b7dc
r079_009,no,0.909789,False,distilroberta-base-climate-commitment,Local model,climatebert_multi_20260526T112517Z_c8b7dc
r079_010,no,0.944405,False,distilroberta-base-climate-commitment,Local model,climatebert_multi_20260526T112517Z_c8b7dc
r079_011,no,0.922509,False,distilroberta-base-climate-commitment,Local model,climatebert_multi_20260526T112517Z_c8b7dc
r079_012,no,0.834577,False,distilroberta-base-climate-commitment,Local model,climatebert_multi_20260526T112517Z_c8b7dc
r079_013,no,0.886497,False,distilroberta-base-climate-commitment,Local model,climatebert_multi_20260526T112517Z_c8b7dc
r080_000,yes,0.960135,True,distilroberta-base-climate-commitment,Local model,climatebert_multi_20260526T112517Z_c8b7dc
r080_001,yes,0.984182,True,distilroberta-base-climate-commitment,Local model,climatebert_multi_20260526T112517Z_c8b7dc
r080_002,yes,0.552138,True,distilroberta-base-climate-commitment,Local model,climatebert_multi_20260526T112517Z_c8b7dc
r080_003,yes,0.96633,True,distilroberta-base-climate-commitment,Local model,climatebert_multi_20260526T112517Z_c8b7dc
r080_004,yes,0.965112,True,distilroberta-base-climate-commitment,Local model,climatebert_multi_20260526T112517Z_c8b7dc
r080_005,yes,0.993522,True,distilroberta-base-climate-commitment,Local model,climatebert_multi_20260526T112517Z_c8b7dc
r080_006,yes,0.984297,True,distilroberta-base-climate-commitment,Local model,climatebert_multi_20260526T112517Z_c8b7dc
r080_007,yes,0.992218,True,distilroberta-base-climate-commitment,Local model,climatebert_multi_20260526T112517Z_c8b7dc
r080_008,yes,0.979813,True,distilroberta-base-climate-commitment,Local model,climatebert_multi_20260526T112517Z_c8b7dc
r081_000,no,0.998806,False,distilroberta-base-climate-commitment,Local model,climatebert_multi_20260526T112517Z_c8b7dc
r081_001,yes,0.792028,True,distilroberta-base-climate-commitment,Local model,climatebert_multi_20260526T112517Z_c8b7dc
r081_002,no,0.998747,False,distilroberta-base-climate-commitment,Local model,climatebert_multi_20260526T112517Z_c8b7dc
r081_003,yes,0.831832,True,distilroberta-base-climate-commitment,Local model,climatebert_multi_20260526T112517Z_c8b7dc
r081_004,no,0.96474,False,distilroberta-base-climate-commitment,Local model,climatebert_multi_20260526T112517Z_c8b7dc
r084_000,yes,0.997265,True,distilroberta-base-climate-commitment,Local model,climatebert_multi_20260526T112517Z_c8b7dc
r084_001,yes,0.945193,True,distilroberta-base-climate-commitment,Local model,climatebert_multi_20260526T112517Z_c8b7dc
r084_002,yes,0.994866,True,distilroberta-base-climate-commitment,Local model,climatebert_multi_20260526T112517Z_c8b7dc
r084_003,yes,0.767466,True,distilroberta-base-climate-commitment,Local model,climatebert_multi_20260526T112517Z_c8b7dc
r084_004,no,0.913447,False,distilroberta-base-climate-commitment,Local model,climatebert_multi_20260526T112517Z_c8b7dc
r084_005,no,0.863395,False,distilroberta-base-climate-commitment,Local model,climatebert_multi_20260526T112517Z_c8b7dc
r084_006,yes,0.661735,True,distilroberta-base-climate-commitment,Local model,climatebert_multi_20260526T112517Z_c8b7dc
r084_007,no,0.989212,False,distilroberta-base-climate-commitment,Local model,climatebert_multi_20260526T112517Z_c8b7dc
r084_008,no,0.732996,False,distilroberta-base-climate-commitment,Local model,climatebert_multi_20260526T112517Z_c8b7dc
r084_009,yes,0.966693,True,distilroberta-base-climate-commitment,Local model,climatebert_multi_20260526T112517Z_c8b7dc
r084_010,yes,0.744886,True,distilroberta-base-climate-commitment,Local model,climatebert_multi_20260526T112517Z_c8b7dc
r084_011,yes,0.976588,True,distilroberta-base-climate-commitment,Local model,climatebert_multi_20260526T112517Z_c8b7dc
r084_012,yes,0.867211,True,distilroberta-base-climate-commitment,Local model,climatebert_multi_20260526T112517Z_c8b7dc
r084_013,yes,0.886522,True,distilroberta-base-climate-commitment,Local model,climatebert_multi_20260526T112517Z_c8b7dc
r084_014,no,0.834174,False,distilroberta-base-climate-commitment,Local model,climatebert_multi_20260526T112517Z_c8b7dc
r084_015,no,0.55223,False,distilroberta-base-climate-commitment,Local model,climatebert_multi_20260526T112517Z_c8b7dc
r084_016,no,0.995464,False,distilroberta-base-climate-commitment,Local model,climatebert_multi_20260526T112517Z_c8b7dc
r084_017,no,0.925494,False,distilroberta-base-climate-commitment,Local model,climatebert_multi_20260526T112517Z_c8b7dc
r084_018,yes,0.771779,True,distilroberta-base-climate-commitment,Local model,climatebert_multi_20260526T112517Z_c8b7dc
r084_019,yes,0.75865,True,distilroberta-base-climate-commitment,Local model,climatebert_multi_20260526T112517Z_c8b7dc
r084_020,yes,0.93822,True,distilroberta-base-climate-commitment,Local model,climatebert_multi_20260526T112517Z_c8b7dc
r084_021,yes,0.984115,True,distilroberta-base-climate-commitment,Local model,climatebert_multi_20260526T112517Z_c8b7dc
r084_022,yes,0.683009,True,distilroberta-base-climate-commitment,Local model,climatebert_multi_20260526T112517Z_c8b7dc
r084_023,yes,0.765203,True,distilroberta-base-climate-commitment,Local model,climatebert_multi_20260526T112517Z_c8b7dc
r084_024,yes,0.960603,True,distilroberta-base-climate-commitment,Local model,climatebert_multi_20260526T112517Z_c8b7dc
r084_025,no,0.987916,False,distilroberta-base-climate-commitment,Local model,climatebert_multi_20260526T112517Z_c8b7dc
r084_026,no,0.997252,False,distilroberta-base-climate-commitment,Local model,climatebert_multi_20260526T112517Z_c8b7dc
r084_027,no,0.984699,False,distilroberta-base-climate-commitment,Local model,climatebert_multi_20260526T112517Z_c8b7dc
r084_028,yes,0.603994,True,distilroberta-base-climate-commitment,Local model,climatebert_multi_20260526T112517Z_c8b7dc
r084_029,yes,0.755248,True,distilroberta-base-climate-commitment,Local model,climatebert_multi_20260526T112517Z_c8b7dc
r085_000,no,0.754024,False,distilroberta-base-climate-commitment,Local model,climatebert_multi_20260526T112517Z_c8b7dc
r085_001,no,0.791135,False,distilroberta-base-climate-commitment,Local model,climatebert_multi_20260526T112517Z_c8b7dc
r085_002,no,0.823216,False,distilroberta-base-climate-commitment,Local model,climatebert_multi_20260526T112517Z_c8b7dc
r085_003,no,0.873353,False,distilroberta-base-climate-commitment,Local model,climatebert_multi_20260526T112517Z_c8b7dc
r088_000,no,0.975434,False,distilroberta-base-climate-commitment,Local model,climatebert_multi_20260526T112517Z_c8b7dc
r088_001,no,0.950118,False,distilroberta-base-climate-commitment,Local model,climatebert_multi_20260526T112517Z_c8b7dc
r088_002,no,0.659248,False,distilroberta-base-climate-commitment,Local model,climatebert_multi_20260526T112517Z_c8b7dc
r088_003,yes,0.938561,True,distilroberta-base-climate-commitment,Local model,climatebert_multi_20260526T112517Z_c8b7dc
r088_004,no,0.991055,False,distilroberta-base-climate-commitment,Local model,climatebert_multi_20260526T112517Z_c8b7dc
r088_005,no,0.875157,False,distilroberta-base-climate-commitment,Local model,climatebert_multi_20260526T112517Z_c8b7dc
r088_006,no,0.844005,False,distilroberta-base-climate-commitment,Local model,climatebert_multi_20260526T112517Z_c8b7dc
r088_007,no,0.821444,False,distilroberta-base-climate-commitment,Local model,climatebert_multi_20260526T112517Z_c8b7dc
r088_008,no,0.875157,False,distilroberta-base-climate-commitment,Local model,climatebert_multi_20260526T112517Z_c8b7dc
r088_009,no,0.887616,False,distilroberta-base-climate-commitment,Local model,climatebert_multi_20260526T112517Z_c8b7dc
r088_010,no,0.897993,False,distilroberta-base-climate-commitment,Local model,climatebert_multi_20260526T112517Z_c8b7dc
r088_011,no,0.664085,False,distilroberta-base-climate-commitment,Local model,climatebert_multi_20260526T112517Z_c8b7dc
r088_012,no,0.844547,False,distilroberta-base-climate-commitment,Local model,climatebert_multi_20260526T112517Z_c8b7dc
r090_000,yes,0.994829,True,distilroberta-base-climate-commitment,Local model,climatebert_multi_20260526T112517Z_c8b7dc
r090_001,yes,0.977103,True,distilroberta-base-climate-commitment,Local model,climatebert_multi_20260526T112517Z_c8b7dc
r091_000,yes,0.994829,True,distilroberta-base-climate-commitment,Local model,climatebert_multi_20260526T112517Z_c8b7dc
r091_001,yes,0.929412,True,distilroberta-base-climate-commitment,Local model,climatebert_multi_20260526T112517Z_c8b7dc
r092_000,yes,0.994829,True,distilroberta-base-climate-commitment,Local model,climatebert_multi_20260526T112517Z_c8b7dc
r092_001,no,0.981916,False,distilroberta-base-climate-commitment,Local model,climatebert_multi_20260526T112517Z_c8b7dc
r093_000,yes,0.994829,True,distilroberta-base-climate-commitment,Local model,climatebert_multi_20260526T112517Z_c8b7dc
r094_000,no,0.910074,False,distilroberta-base-climate-commitment,Local model,climatebert_multi_20260526T112517Z_c8b7dc
r094_001,no,0.950699,False,distilroberta-base-climate-commitment,Local model,climatebert_multi_20260526T112517Z_c8b7dc
r095_000,yes,0.994829,True,distilroberta-base-climate-commitment,Local model,climatebert_multi_20260526T112517Z_c8b7dc
r095_001,yes,0.977103,True,distilroberta-base-climate-commitment,Local model,climatebert_multi_20260526T112517Z_c8b7dc
r095_002,no,0.950699,False,distilroberta-base-climate-commitment,Local model,climatebert_multi_20260526T112517Z_c8b7dc
r096_000,yes,0.994829,True,distilroberta-base-climate-commitment,Local model,climatebert_multi_20260526T112517Z_c8b7dc
r096_001,no,0.950699,False,distilroberta-base-climate-commitment,Local model,climatebert_multi_20260526T112517Z_c8b7dc
r096_002,yes,0.977103,True,distilroberta-base-climate-commitment,Local model,climatebert_multi_20260526T112517Z_c8b7dc
r097_000,yes,0.994829,True,distilroberta-base-climate-commitment,Local model,climatebert_multi_20260526T112517Z_c8b7dc
r098_000,yes,0.994829,True,distilroberta-base-climate-commitment,Local model,climatebert_multi_20260526T112517Z_c8b7dc
r098_001,yes,0.977103,True,distilroberta-base-climate-commitment,Local model,climatebert_multi_20260526T112517Z_c8b7dc
r098_002,no,0.99848,False,distilroberta-base-climate-commitment,Local model,climatebert_multi_20260526T112517Z_c8b7dc
r098_003,no,0.960856,False,distilroberta-base-climate-commitment,Local model,climatebert_multi_20260526T112517Z_c8b7dc
r099_000,yes,0.994829,True,distilroberta-base-climate-commitment,Local model,climatebert_multi_20260526T112517Z_c8b7dc
r099_001,yes,0.977103,True,distilroberta-base-climate-commitment,Local model,climatebert_multi_20260526T112517Z_c8b7dc
r099_002,no,0.950699,False,distilroberta-base-climate-commitment,Local model,climatebert_multi_20260526T112517Z_c8b7dc
r099_003,no,0.989046,False,distilroberta-base-climate-commitment,Local model,climatebert_multi_20260526T112517Z_c8b7dc
r099_004,no,0.98065,False,distilroberta-base-climate-commitment,Local model,climatebert_multi_20260526T112517Z_c8b7dc
r099_005,no,0.998878,False,distilroberta-base-climate-commitment,Local model,climatebert_multi_20260526T112517Z_c8b7dc
r100_000,no,0.910074,False,distilroberta-base-climate-commitment,Local model,climatebert_multi_20260526T112517Z_c8b7dc
r100_001,yes,0.994829,True,distilroberta-base-climate-commitment,Local model,climatebert_multi_20260526T112517Z_c8b7dc
r101_000,yes,0.994829,True,distilroberta-base-climate-commitment,Local model,climatebert_multi_20260526T112517Z_c8b7dc
r101_001,no,0.99887,False,distilroberta-base-climate-commitment,Local model,climatebert_multi_20260526T112517Z_c8b7dc
r101_002,no,0.998523,False,distilroberta-base-climate-commitment,Local model,climatebert_multi_20260526T112517Z_c8b7dc
r101_003,no,0.959131,False,distilroberta-base-climate-commitment,Local model,climatebert_multi_20260526T112517Z_c8b7dc
r102_000,no,0.998427,False,distilroberta-base-climate-commitment,Local model,climatebert_multi_20260526T112517Z_c8b7dc
r102_001,yes,0.954893,True,distilroberta-base-climate-commitment,Local model,climatebert_multi_20260526T112517Z_c8b7dc
r102_002,no,0.85315,False,distilroberta-base-climate-commitment,Local model,climatebert_multi_20260526T112517Z_c8b7dc
r102_003,no,0.99358,False,distilroberta-base-climate-commitment,Local model,climatebert_multi_20260526T112517Z_c8b7dc
r102_004,no,0.995548,False,distilroberta-base-climate-commitment,Local model,climatebert_multi_20260526T112517Z_c8b7dc
r102_005,no,0.996015,False,distilroberta-base-climate-commitment,Local model,climatebert_multi_20260526T112517Z_c8b7dc
r102_006,no,0.996441,False,distilroberta-base-climate-commitment,Local model,climatebert_multi_20260526T112517Z_c8b7dc
r102_007,no,0.998974,False,distilroberta-base-climate-commitment,Local model,climatebert_multi_20260526T112517Z_c8b7dc
r102_008,no,0.721184,False,distilroberta-base-climate-commitment,Local model,climatebert_multi_20260526T112517Z_c8b7dc
r102_009,no,0.978024,False,distilroberta-base-climate-commitment,Local model,climatebert_multi_20260526T112517Z_c8b7dc
r103_000,yes,0.994829,True,distilroberta-base-climate-commitment,Local model,climatebert_multi_20260526T112517Z_c8b7dc
r103_001,no,0.997366,False,distilroberta-base-climate-commitment,Local model,climatebert_multi_20260526T112517Z_c8b7dc
r103_002,no,0.932269,False,distilroberta-base-climate-commitment,Local model,climatebert_multi_20260526T112517Z_c8b7dc
r104_000,no,0.910074,False,distilroberta-base-climate-commitment,Local model,climatebert_multi_20260526T112517Z_c8b7dc
r104_001,yes,0.994829,True,distilroberta-base-climate-commitment,Local model,climatebert_multi_20260526T112517Z_c8b7dc
r105_000,yes,0.994829,True,distilroberta-base-climate-commitment,Local model,climatebert_multi_20260526T112517Z_c8b7dc
r105_001,no,0.950699,False,distilroberta-base-climate-commitment,Local model,climatebert_multi_20260526T112517Z_c8b7dc
r106_000,yes,0.994829,True,distilroberta-base-climate-commitment,Local model,climatebert_multi_20260526T112517Z_c8b7dc
r107_000,yes,0.994829,True,distilroberta-base-climate-commitment,Local model,climatebert_multi_20260526T112517Z_c8b7dc
r107_001,yes,0.684668,True,distilroberta-base-climate-commitment,Local model,climatebert_multi_20260526T112517Z_c8b7dc
r107_002,yes,0.74347,True,distilroberta-base-climate-commitment,Local model,climatebert_multi_20260526T112517Z_c8b7dc
r107_003,no,0.878617,False,distilroberta-base-climate-commitment,Local model,climatebert_multi_20260526T112517Z_c8b7dc
r108_000,yes,0.994829,True,distilroberta-base-climate-commitment,Local model,climatebert_multi_20260526T112517Z_c8b7dc
r108_001,yes,0.977103,True,distilroberta-base-climate-commitment,Local model,climatebert_multi_20260526T112517Z_c8b7dc
r108_002,no,0.778337,False,distilroberta-base-climate-commitment,Local model,climatebert_multi_20260526T112517Z_c8b7dc
r108_003,yes,0.555325,True,distilroberta-base-climate-commitment,Local model,climatebert_multi_20260526T112517Z_c8b7dc
r108_004,no,0.993705,False,distilroberta-base-climate-commitment,Local model,climatebert_multi_20260526T112517Z_c8b7dc
r109_000,yes,0.994829,True,distilroberta-base-climate-commitment,Local model,climatebert_multi_20260526T112517Z_c8b7dc
llm_70901ce6740d,no,0.853946,False,distilroberta-base-climate-commitment,Local model,climatebert_multi_20260526T112517Z_c8b7dc
llm_fb8ecd91a39b,no,0.987977,False,distilroberta-base-climate-commitment,Local model,climatebert_multi_20260526T112517Z_c8b7dc
llm_8a0b952c70c6,no,0.938249,False,distilroberta-base-climate-commitment,Local model,climatebert_multi_20260526T112517Z_c8b7dc
llm_c5ba1e8d7fcb,no,0.776667,False,distilroberta-base-climate-commitment,Local model,climatebert_multi_20260526T112517Z_c8b7dc
llm_347486874d1c,no,0.983111,False,distilroberta-base-climate-commitment,Local model,climatebert_multi_20260526T112517Z_c8b7dc
llm_f0ee57943e00,no,0.979922,False,distilroberta-base-climate-commitment,Local model,climatebert_multi_20260526T112517Z_c8b7dc
llm_ea0c76c57793,no,0.852393,False,distilroberta-base-climate-commitment,Local model,climatebert_multi_20260526T112517Z_c8b7dc
llm_ba1a8dc59ce9,no,0.639954,False,distilroberta-base-climate-commitment,Local model,climatebert_multi_20260526T112517Z_c8b7dc
llm_15c25adc6285,no,0.90461,False,distilroberta-base-climate-commitment,Local model,climatebert_multi_20260526T112517Z_c8b7dc
llm_5c846bbf4452,no,0.932604,False,distilroberta-base-climate-commitment,Local model,climatebert_multi_20260526T112517Z_c8b7dc
llm_11f2ed19b132,no,0.901953,False,distilroberta-base-climate-commitment,Local model,climatebert_multi_20260526T112517Z_c8b7dc
llm_7c3a4bc71bf0,no,0.905825,False,distilroberta-base-climate-commitment,Local model,climatebert_multi_20260526T112517Z_c8b7dc
llm_21d77f1aa1cc,no,0.66963,False,distilroberta-base-climate-commitment,Local model,climatebert_multi_20260526T112517Z_c8b7dc
llm_3e3db23fc340,no,0.978068,False,distilroberta-base-climate-commitment,Local model,climatebert_multi_20260526T112517Z_c8b7dc
llm_a8a8021aa00b,yes,0.572985,True,distilroberta-base-climate-commitment,Local model,climatebert_multi_20260526T112517Z_c8b7dc
llm_32979e4592a4,no,0.964827,False,distilroberta-base-climate-commitment,Local model,climatebert_multi_20260526T112517Z_c8b7dc
llm_02f364afb596,no,0.939565,False,distilroberta-base-climate-commitment,Local model,climatebert_multi_20260526T112517Z_c8b7dc
llm_d974d9241639,no,0.948501,False,distilroberta-base-climate-commitment,Local model,climatebert_multi_20260526T112517Z_c8b7dc
llm_4cb474777cd3,no,0.844755,False,distilroberta-base-climate-commitment,Local model,climatebert_multi_20260526T112517Z_c8b7dc
llm_d8c0aa0913f6,no,0.837644,False,distilroberta-base-climate-commitment,Local model,climatebert_multi_20260526T112517Z_c8b7dc
llm_3492b7464d30,no,0.877326,False,distilroberta-base-climate-commitment,Local model,climatebert_multi_20260526T112517Z_c8b7dc
llm_465fc954d73b,no,0.768272,False,distilroberta-base-climate-commitment,Local model,climatebert_multi_20260526T112517Z_c8b7dc
llm_6356b7238243,no,0.821481,False,distilroberta-base-climate-commitment,Local model,climatebert_multi_20260526T112517Z_c8b7dc
llm_7f00ce3820ed,no,0.834253,False,distilroberta-base-climate-commitment,Local model,climatebert_multi_20260526T112517Z_c8b7dc
llm_51a8dc1a5c6f,no,0.630243,False,distilroberta-base-climate-commitment,Local model,climatebert_multi_20260526T112517Z_c8b7dc
llm_438e2f70c987,no,0.767124,False,distilroberta-base-climate-commitment,Local model,climatebert_multi_20260526T112517Z_c8b7dc
llm_08d07e3266fb,no,0.786916,False,distilroberta-base-climate-commitment,Local model,climatebert_multi_20260526T112517Z_c8b7dc
llm_17adba325927,yes,0.630149,True,distilroberta-base-climate-commitment,Local model,climatebert_multi_20260526T112517Z_c8b7dc
llm_528a4d8f56ce,yes,0.589303,True,distilroberta-base-climate-commitment,Local model,climatebert_multi_20260526T112517Z_c8b7dc
llm_11cbfda8c795,no,0.803835,False,distilroberta-base-climate-commitment,Local model,climatebert_multi_20260526T112517Z_c8b7dc
llm_01afedac4e2e,no,0.889142,False,distilroberta-base-climate-commitment,Local model,climatebert_multi_20260526T112517Z_c8b7dc
llm_76f47da80d66,no,0.883286,False,distilroberta-base-climate-commitment,Local model,climatebert_multi_20260526T112517Z_c8b7dc
llm_c5edfb562987,no,0.900927,False,distilroberta-base-climate-commitment,Local model,climatebert_multi_20260526T112517Z_c8b7dc
llm_b199946c7a7b,no,0.812769,False,distilroberta-base-climate-commitment,Local model,climatebert_multi_20260526T112517Z_c8b7dc
llm_e7ab07b9516c,no,0.977113,False,distilroberta-base-climate-commitment,Local model,climatebert_multi_20260526T112517Z_c8b7dc
llm_eb6eb8743197,no,0.963596,False,distilroberta-base-climate-commitment,Local model,climatebert_multi_20260526T112517Z_c8b7dc
llm_245b345fff8a,no,0.989884,False,distilroberta-base-climate-commitment,Local model,climatebert_multi_20260526T112517Z_c8b7dc
llm_9a3947dd887b,no,0.948413,False,distilroberta-base-climate-commitment,Local model,climatebert_multi_20260526T112517Z_c8b7dc
llm_f20a49772cd3,no,0.648898,False,distilroberta-base-climate-commitment,Local model,climatebert_multi_20260526T112517Z_c8b7dc
llm_9c8be9f5b14d,no,0.686559,False,distilroberta-base-climate-commitment,Local model,climatebert_multi_20260526T112517Z_c8b7dc
llm_510f51758a85,no,0.750179,False,distilroberta-base-climate-commitment,Local model,climatebert_multi_20260526T112517Z_c8b7dc
llm_feb3b2f68a5f,no,0.810028,False,distilroberta-base-climate-commitment,Local model,climatebert_multi_20260526T112517Z_c8b7dc
llm_dba62ddab31c,no,0.704446,False,distilroberta-base-climate-commitment,Local model,climatebert_multi_20260526T112517Z_c8b7dc
llm_e5d42b1a3d0a,no,0.762914,False,distilroberta-base-climate-commitment,Local model,climatebert_multi_20260526T112517Z_c8b7dc
llm_17ad50e17473,no,0.809832,False,distilroberta-base-climate-commitment,Local model,climatebert_multi_20260526T112517Z_c8b7dc
llm_daa422aad23f,no,0.907958,False,distilroberta-base-climate-commitment,Local model,climatebert_multi_20260526T112517Z_c8b7dc
llm_4bdea4f5f95c,yes,0.507563,True,distilroberta-base-climate-commitment,Local model,climatebert_multi_20260526T112517Z_c8b7dc
llm_6ff461e0870b,no,0.744686,False,distilroberta-base-climate-commitment,Local model,climatebert_multi_20260526T112517Z_c8b7dc
llm_d5c2ca73dba3,no,0.729991,False,distilroberta-base-climate-commitment,Local model,climatebert_multi_20260526T112517Z_c8b7dc
llm_eb762f218444,no,0.762914,False,distilroberta-base-climate-commitment,Local model,climatebert_multi_20260526T112517Z_c8b7dc
llm_7fcfdc3e4b91,no,0.901533,False,distilroberta-base-climate-commitment,Local model,climatebert_multi_20260526T112517Z_c8b7dc
llm_3415d52a88c5,no,0.903813,False,distilroberta-base-climate-commitment,Local model,climatebert_multi_20260526T112517Z_c8b7dc
llm_20a6e15365d7,no,0.99561,False,distilroberta-base-climate-commitment,Local model,climatebert_multi_20260526T112517Z_c8b7dc
llm_a5832e88bcd2,no,0.809832,False,distilroberta-base-climate-commitment,Local model,climatebert_multi_20260526T112517Z_c8b7dc
llm_a399385d845d,no,0.907958,False,distilroberta-base-climate-commitment,Local model,climatebert_multi_20260526T112517Z_c8b7dc
llm_de97b9d2ef81,yes,0.507563,True,distilroberta-base-climate-commitment,Local model,climatebert_multi_20260526T112517Z_c8b7dc
llm_e9d2fd0f33df,no,0.744686,False,distilroberta-base-climate-commitment,Local model,climatebert_multi_20260526T112517Z_c8b7dc
llm_145555ecbc61,no,0.729991,False,distilroberta-base-climate-commitment,Local model,climatebert_multi_20260526T112517Z_c8b7dc
llm_be6bd9e05aca,no,0.762914,False,distilroberta-base-climate-commitment,Local model,climatebert_multi_20260526T112517Z_c8b7dc
llm_d97251afe8a9,no,0.901533,False,distilroberta-base-climate-commitment,Local model,climatebert_multi_20260526T112517Z_c8b7dc
llm_df32fefb184e,no,0.903813,False,distilroberta-base-climate-commitment,Local model,climatebert_multi_20260526T112517Z_c8b7dc
llm_ee5f2559f37d,no,0.99561,False,distilroberta-base-climate-commitment,Local model,climatebert_multi_20260526T112517Z_c8b7dc
llm_5378e3071cf1,no,0.809832,False,distilroberta-base-climate-commitment,Local model,climatebert_multi_20260526T112517Z_c8b7dc
llm_34e0c32fda33,no,0.907958,False,distilroberta-base-climate-commitment,Local model,climatebert_multi_20260526T112517Z_c8b7dc
llm_f5abec3d4d92,yes,0.507563,True,distilroberta-base-climate-commitment,Local model,climatebert_multi_20260526T112517Z_c8b7dc
llm_a35318d1a653,no,0.744686,False,distilroberta-base-climate-commitment,Local model,climatebert_multi_20260526T112517Z_c8b7dc
llm_62bc1958826c,no,0.729991,False,distilroberta-base-climate-commitment,Local model,climatebert_multi_20260526T112517Z_c8b7dc
llm_da72b336e0f1,no,0.762914,False,distilroberta-base-climate-commitment,Local model,climatebert_multi_20260526T112517Z_c8b7dc
llm_4edcfd1cdd6e,no,0.683459,False,distilroberta-base-climate-commitment,Local model,climatebert_multi_20260526T112517Z_c8b7dc
llm_1d2ea0a85c37,no,0.941657,False,distilroberta-base-climate-commitment,Local model,climatebert_multi_20260526T112517Z_c8b7dc
llm_995cfd04f15b,no,0.762659,False,distilroberta-base-climate-commitment,Local model,climatebert_multi_20260526T112517Z_c8b7dc
llm_466323587e78,no,0.844156,False,distilroberta-base-climate-commitment,Local model,climatebert_multi_20260526T112517Z_c8b7dc
llm_3ff078db6aae,no,0.736905,False,distilroberta-base-climate-commitment,Local model,climatebert_multi_20260526T112517Z_c8b7dc
llm_0245e2ba7c09,no,0.853614,False,distilroberta-base-climate-commitment,Local model,climatebert_multi_20260526T112517Z_c8b7dc
llm_39e24343ece4,no,0.774246,False,distilroberta-base-climate-commitment,Local model,climatebert_multi_20260526T112517Z_c8b7dc
llm_d3629645a3f4,no,0.55606,False,distilroberta-base-climate-commitment,Local model,climatebert_multi_20260526T112517Z_c8b7dc
llm_ff1d5ca715d5,no,0.976277,False,distilroberta-base-climate-commitment,Local model,climatebert_multi_20260526T112517Z_c8b7dc
llm_256261b98f4b,no,0.78518,False,distilroberta-base-climate-commitment,Local model,climatebert_multi_20260526T112517Z_c8b7dc
llm_988decc182c5,no,0.917876,False,distilroberta-base-climate-commitment,Local model,climatebert_multi_20260526T112517Z_c8b7dc
llm_5e001ab5a715,no,0.832599,False,distilroberta-base-climate-commitment,Local model,climatebert_multi_20260526T112517Z_c8b7dc
llm_603ed90ba06c,no,0.855745,False,distilroberta-base-climate-commitment,Local model,climatebert_multi_20260526T112517Z_c8b7dc
llm_f57945fd008c,no,0.741353,False,distilroberta-base-climate-commitment,Local model,climatebert_multi_20260526T112517Z_c8b7dc
llm_bc8f3db3b1f7,no,0.891775,False,distilroberta-base-climate-commitment,Local model,climatebert_multi_20260526T112517Z_c8b7dc
llm_0e4d1cb65bd1,no,0.860366,False,distilroberta-base-climate-commitment,Local model,climatebert_multi_20260526T112517Z_c8b7dc
llm_1858ec76033d,no,0.643971,False,distilroberta-base-climate-commitment,Local model,climatebert_multi_20260526T112517Z_c8b7dc
llm_2f48691fad8e,no,0.817602,False,distilroberta-base-climate-commitment,Local model,climatebert_multi_20260526T112517Z_c8b7dc
llm_240bfffb06e1,no,0.889096,False,distilroberta-base-climate-commitment,Local model,climatebert_multi_20260526T112517Z_c8b7dc
llm_3c6d5146aa4d,no,0.895035,False,distilroberta-base-climate-commitment,Local model,climatebert_multi_20260526T112517Z_c8b7dc
llm_c90aed3fc513,no,0.906848,False,distilroberta-base-climate-commitment,Local model,climatebert_multi_20260526T112517Z_c8b7dc
llm_39c2e999acf9,no,0.767082,False,distilroberta-base-climate-commitment,Local model,climatebert_multi_20260526T112517Z_c8b7dc
llm_676332bf0e64,no,0.805778,False,distilroberta-base-climate-commitment,Local model,climatebert_multi_20260526T112517Z_c8b7dc
llm_3784be874f48,no,0.946824,False,distilroberta-base-climate-commitment,Local model,climatebert_multi_20260526T112517Z_c8b7dc
llm_91bd9a716191,no,0.961226,False,distilroberta-base-climate-commitment,Local model,climatebert_multi_20260526T112517Z_c8b7dc
llm_5a7dc9c0b81c,no,0.907973,False,distilroberta-base-climate-commitment,Local model,climatebert_multi_20260526T112517Z_c8b7dc
llm_ceb2a79cee66,no,0.784893,False,distilroberta-base-climate-commitment,Local model,climatebert_multi_20260526T112517Z_c8b7dc
llm_2dc2e9896de6,yes,0.616451,True,distilroberta-base-climate-commitment,Local model,climatebert_multi_20260526T112517Z_c8b7dc
llm_13d03e62b9d6,no,0.881449,False,distilroberta-base-climate-commitment,Local model,climatebert_multi_20260526T112517Z_c8b7dc
llm_cfb1bc0f7919,no,0.991249,False,distilroberta-base-climate-commitment,Local model,climatebert_multi_20260526T112517Z_c8b7dc
llm_b9d8bc2f19f5,no,0.965554,False,distilroberta-base-climate-commitment,Local model,climatebert_multi_20260526T112517Z_c8b7dc
llm_e8b27edf8463,no,0.962695,False,distilroberta-base-climate-commitment,Local model,climatebert_multi_20260526T112517Z_c8b7dc
llm_5fb81f60502c,no,0.863979,False,distilroberta-base-climate-commitment,Local model,climatebert_multi_20260526T112517Z_c8b7dc
llm_745cc77cd6c3,no,0.53651,False,distilroberta-base-climate-commitment,Local model,climatebert_multi_20260526T112517Z_c8b7dc
llm_f62751df6de2,no,0.931886,False,distilroberta-base-climate-commitment,Local model,climatebert_multi_20260526T112517Z_c8b7dc
llm_3f16619de53f,no,0.908639,False,distilroberta-base-climate-commitment,Local model,climatebert_multi_20260526T112517Z_c8b7dc
llm_05687262d6d9,no,0.890222,False,distilroberta-base-climate-commitment,Local model,climatebert_multi_20260526T112517Z_c8b7dc
llm_66cc74dd8826,yes,0.586147,True,distilroberta-base-climate-commitment,Local model,climatebert_multi_20260526T112517Z_c8b7dc
llm_a29028fcfa58,no,0.816713,False,distilroberta-base-climate-commitment,Local model,climatebert_multi_20260526T112517Z_c8b7dc
llm_5363cbeb2867,no,0.820372,False,distilroberta-base-climate-commitment,Local model,climatebert_multi_20260526T112517Z_c8b7dc
llm_34ba1290fa53,no,0.986472,False,distilroberta-base-climate-commitment,Local model,climatebert_multi_20260526T112517Z_c8b7dc
llm_d8de534cab54,no,0.992646,False,distilroberta-base-climate-commitment,Local model,climatebert_multi_20260526T112517Z_c8b7dc
llm_c28c8cb92b2f,no,0.98636,False,distilroberta-base-climate-commitment,Local model,climatebert_multi_20260526T112517Z_c8b7dc
llm_59828522fa1f,yes,0.758734,True,distilroberta-base-climate-commitment,Local model,climatebert_multi_20260526T112517Z_c8b7dc
llm_ac32f99adef5,no,0.997462,False,distilroberta-base-climate-commitment,Local model,climatebert_multi_20260526T112517Z_c8b7dc
llm_ce28462c41bd,yes,0.968068,True,distilroberta-base-climate-commitment,Local model,climatebert_multi_20260526T112517Z_c8b7dc
llm_5aa44c1be2b1,no,0.998482,False,distilroberta-base-climate-commitment,Local model,climatebert_multi_20260526T112517Z_c8b7dc
llm_cea18b0dda9f,no,0.982932,False,distilroberta-base-climate-commitment,Local model,climatebert_multi_20260526T112517Z_c8b7dc
llm_295d805a383e,no,0.685764,False,distilroberta-base-climate-commitment,Local model,climatebert_multi_20260526T112517Z_c8b7dc
llm_47a39e056514,no,0.995538,False,distilroberta-base-climate-commitment,Local model,climatebert_multi_20260526T112517Z_c8b7dc
llm_5e8fa124019d,no,0.750179,False,distilroberta-base-climate-commitment,Local model,climatebert_multi_20260526T112517Z_c8b7dc
llm_be09be480036,no,0.870494,False,distilroberta-base-climate-commitment,Local model,climatebert_multi_20260526T112517Z_c8b7dc
llm_6ec491bf56eb,no,0.993182,False,distilroberta-base-climate-commitment,Local model,climatebert_multi_20260526T112517Z_c8b7dc
llm_4a3531f30e0b,no,0.880196,False,distilroberta-base-climate-commitment,Local model,climatebert_multi_20260526T112517Z_c8b7dc
llm_80de7f92a863,no,0.810028,False,distilroberta-base-climate-commitment,Local model,climatebert_multi_20260526T112517Z_c8b7dc
llm_25810f557ee0,no,0.901533,False,distilroberta-base-climate-commitment,Local model,climatebert_multi_20260526T112517Z_c8b7dc
llm_286c6e3c233f,no,0.505974,False,distilroberta-base-climate-commitment,Local model,climatebert_multi_20260526T112517Z_c8b7dc
llm_bde67d86b3f4,no,0.673063,False,distilroberta-base-climate-commitment,Local model,climatebert_multi_20260526T112517Z_c8b7dc
llm_f71666e3fbd9,no,0.900927,False,distilroberta-base-climate-commitment,Local model,climatebert_multi_20260526T112517Z_c8b7dc
llm_980a77ee5a5d,no,0.852393,False,distilroberta-base-climate-commitment,Local model,climatebert_multi_20260526T112517Z_c8b7dc
llm_8bbe339ca85c,no,0.806879,False,distilroberta-base-climate-commitment,Local model,climatebert_multi_20260526T112517Z_c8b7dc
llm_9242464a753f,no,0.694763,False,distilroberta-base-climate-commitment,Local model,climatebert_multi_20260526T112517Z_c8b7dc
llm_c484e3b1aa6e,no,0.883286,False,distilroberta-base-climate-commitment,Local model,climatebert_multi_20260526T112517Z_c8b7dc
llm_08950c96324a,no,0.765735,False,distilroberta-base-climate-commitment,Local model,climatebert_multi_20260526T112517Z_c8b7dc
llm_7e1cc34e3003,no,0.658551,False,distilroberta-base-climate-commitment,Local model,climatebert_multi_20260526T112517Z_c8b7dc
llm_3c802fb60b62,no,0.695867,False,distilroberta-base-climate-commitment,Local model,climatebert_multi_20260526T112517Z_c8b7dc
llm_8df43fccf647,no,0.853946,False,distilroberta-base-climate-commitment,Local model,climatebert_multi_20260526T112517Z_c8b7dc
llm_52943be42dcd,no,0.987977,False,distilroberta-base-climate-commitment,Local model,climatebert_multi_20260526T112517Z_c8b7dc
llm_d7368509f951,no,0.938249,False,distilroberta-base-climate-commitment,Local model,climatebert_multi_20260526T112517Z_c8b7dc
llm_588494a2ab9c,no,0.776667,False,distilroberta-base-climate-commitment,Local model,climatebert_multi_20260526T112517Z_c8b7dc
llm_eb571f3a75e7,no,0.852393,False,distilroberta-base-climate-commitment,Local model,climatebert_multi_20260526T112517Z_c8b7dc
llm_781299e40ef4,no,0.639954,False,distilroberta-base-climate-commitment,Local model,climatebert_multi_20260526T112517Z_c8b7dc
llm_624a498af105,no,0.59708,False,distilroberta-base-climate-commitment,Local model,climatebert_multi_20260526T112517Z_c8b7dc
llm_5b1cfb20edb7,no,0.844158,False,distilroberta-base-climate-commitment,Local model,climatebert_multi_20260526T112517Z_c8b7dc
llm_8d32c2e20def,no,0.619082,False,distilroberta-base-climate-commitment,Local model,climatebert_multi_20260526T112517Z_c8b7dc
llm_3739ad26caeb,no,0.91982,False,distilroberta-base-climate-commitment,Local model,climatebert_multi_20260526T112517Z_c8b7dc
llm_f3fd2aef2f87,no,0.694763,False,distilroberta-base-climate-commitment,Local model,climatebert_multi_20260526T112517Z_c8b7dc
llm_69415dd9d693,no,0.920396,False,distilroberta-base-climate-commitment,Local model,climatebert_multi_20260526T112517Z_c8b7dc
llm_4b597d55f61d,no,0.686559,False,distilroberta-base-climate-commitment,Local model,climatebert_multi_20260526T112517Z_c8b7dc
llm_4be08a37b95d,no,0.899795,False,distilroberta-base-climate-commitment,Local model,climatebert_multi_20260526T112517Z_c8b7dc
llm_0a58e23ee4ad,no,0.918537,False,distilroberta-base-climate-commitment,Local model,climatebert_multi_20260526T112517Z_c8b7dc
llm_0081bb8619bf,no,0.603516,False,distilroberta-base-climate-commitment,Local model,climatebert_multi_20260526T112517Z_c8b7dc
llm_39a3ac0293fb,no,0.964112,False,distilroberta-base-climate-commitment,Local model,climatebert_multi_20260526T112517Z_c8b7dc
llm_be789c91fc1c,no,0.931886,False,distilroberta-base-climate-commitment,Local model,climatebert_multi_20260526T112517Z_c8b7dc
llm_2b147a57e551,no,0.962347,False,distilroberta-base-climate-commitment,Local model,climatebert_multi_20260526T112517Z_c8b7dc
llm_0df5197f0875,no,0.837181,False,distilroberta-base-climate-commitment,Local model,climatebert_multi_20260526T112517Z_c8b7dc
llm_d3b921a0a5e5,no,0.908639,False,distilroberta-base-climate-commitment,Local model,climatebert_multi_20260526T112517Z_c8b7dc
llm_1fba05bc1a35,no,0.907634,False,distilroberta-base-climate-commitment,Local model,climatebert_multi_20260526T112517Z_c8b7dc
llm_9f4d231f9a1d,no,0.935067,False,distilroberta-base-climate-commitment,Local model,climatebert_multi_20260526T112517Z_c8b7dc
llm_e21b93367150,no,0.768272,False,distilroberta-base-climate-commitment,Local model,climatebert_multi_20260526T112517Z_c8b7dc
llm_a3dec1192c4f,no,0.816713,False,distilroberta-base-climate-commitment,Local model,climatebert_multi_20260526T112517Z_c8b7dc
llm_9a84587a7e54,no,0.820372,False,distilroberta-base-climate-commitment,Local model,climatebert_multi_20260526T112517Z_c8b7dc
llm_4603608a62ec,no,0.933479,False,distilroberta-base-climate-commitment,Local model,climatebert_multi_20260526T112517Z_c8b7dc
llm_45241fd9103f,no,0.982906,False,distilroberta-base-climate-commitment,Local model,climatebert_multi_20260526T112517Z_c8b7dc
llm_316659bb9734,no,0.931886,False,distilroberta-base-climate-commitment,Local model,climatebert_multi_20260526T112517Z_c8b7dc
llm_d68bd2b516ad,no,0.962347,False,distilroberta-base-climate-commitment,Local model,climatebert_multi_20260526T112517Z_c8b7dc
llm_5f4f9c19d59c,no,0.837181,False,distilroberta-base-climate-commitment,Local model,climatebert_multi_20260526T112517Z_c8b7dc
llm_c848426934d2,no,0.908639,False,distilroberta-base-climate-commitment,Local model,climatebert_multi_20260526T112517Z_c8b7dc
llm_340dab6bed8a,no,0.907634,False,distilroberta-base-climate-commitment,Local model,climatebert_multi_20260526T112517Z_c8b7dc
llm_32ff6881e75a,no,0.935067,False,distilroberta-base-climate-commitment,Local model,climatebert_multi_20260526T112517Z_c8b7dc
llm_83e44043d526,no,0.890222,False,distilroberta-base-climate-commitment,Local model,climatebert_multi_20260526T112517Z_c8b7dc
llm_31585b537214,no,0.859567,False,distilroberta-base-climate-commitment,Local model,climatebert_multi_20260526T112517Z_c8b7dc
llm_e78e9d4787f4,no,0.914626,False,distilroberta-base-climate-commitment,Local model,climatebert_multi_20260526T112517Z_c8b7dc
llm_73ce81978cec,no,0.92779,False,distilroberta-base-climate-commitment,Local model,climatebert_multi_20260526T112517Z_c8b7dc
llm_6e84ea5f4b21,no,0.790622,False,distilroberta-base-climate-commitment,Local model,climatebert_multi_20260526T112517Z_c8b7dc
llm_0ff3f26f5af2,no,0.892271,False,distilroberta-base-climate-commitment,Local model,climatebert_multi_20260526T112517Z_c8b7dc
llm_552b76edba9e,no,0.848494,False,distilroberta-base-climate-commitment,Local model,climatebert_multi_20260526T112517Z_c8b7dc
llm_1aa775bd548c,no,0.966496,False,distilroberta-base-climate-commitment,Local model,climatebert_multi_20260526T112517Z_c8b7dc
llm_04fb8b705860,no,0.900565,False,distilroberta-base-climate-commitment,Local model,climatebert_multi_20260526T112517Z_c8b7dc
llm_245b76162ac0,no,0.894025,False,distilroberta-base-climate-commitment,Local model,climatebert_multi_20260526T112517Z_c8b7dc
llm_baee5e107945,no,0.834253,False,distilroberta-base-climate-commitment,Local model,climatebert_multi_20260526T112517Z_c8b7dc
llm_193c1d501963,no,0.969944,False,distilroberta-base-climate-commitment,Local model,climatebert_multi_20260526T112517Z_c8b7dc
llm_9ed8336d8691,no,0.931886,False,distilroberta-base-climate-commitment,Local model,climatebert_multi_20260526T112517Z_c8b7dc
llm_bb3994095065,no,0.935067,False,distilroberta-base-climate-commitment,Local model,climatebert_multi_20260526T112517Z_c8b7dc
llm_f3ac6155000c,no,0.890222,False,distilroberta-base-climate-commitment,Local model,climatebert_multi_20260526T112517Z_c8b7dc
llm_06b965749f4e,no,0.956691,False,distilroberta-base-climate-commitment,Local model,climatebert_multi_20260526T112517Z_c8b7dc
llm_d1b0effe388b,no,0.900565,False,distilroberta-base-climate-commitment,Local model,climatebert_multi_20260526T112517Z_c8b7dc
llm_65381728369b,no,0.834253,False,distilroberta-base-climate-commitment,Local model,climatebert_multi_20260526T112517Z_c8b7dc
llm_ab443b494fa5,no,0.780917,False,distilroberta-base-climate-commitment,Local model,climatebert_multi_20260526T112517Z_c8b7dc
llm_ed90fd901030,no,0.95499,False,distilroberta-base-climate-commitment,Local model,climatebert_multi_20260526T112517Z_c8b7dc
llm_163fd97c637a,no,0.909476,False,distilroberta-base-climate-commitment,Local model,climatebert_multi_20260526T112517Z_c8b7dc
llm_1dc39e2b691d,no,0.828787,False,distilroberta-base-climate-commitment,Local model,climatebert_multi_20260526T112517Z_c8b7dc
llm_85c9db7f0642,no,0.821452,False,distilroberta-base-climate-commitment,Local model,climatebert_multi_20260526T112517Z_c8b7dc
llm_11c014060d79,no,0.8751,False,distilroberta-base-climate-commitment,Local model,climatebert_multi_20260526T112517Z_c8b7dc
llm_a0d2774a4200,no,0.960562,False,distilroberta-base-climate-commitment,Local model,climatebert_multi_20260526T112517Z_c8b7dc
llm_fbe1e05fe59e,no,0.901579,False,distilroberta-base-climate-commitment,Local model,climatebert_multi_20260526T112517Z_c8b7dc
llm_e49658782535,no,0.614958,False,distilroberta-base-climate-commitment,Local model,climatebert_multi_20260526T112517Z_c8b7dc
llm_9574e28d6759,no,0.93947,False,distilroberta-base-climate-commitment,Local model,climatebert_multi_20260526T112517Z_c8b7dc
llm_b5dade030f90,no,0.947573,False,distilroberta-base-climate-commitment,Local model,climatebert_multi_20260526T112517Z_c8b7dc
llm_615d26820642,no,0.96937,False,distilroberta-base-climate-commitment,Local model,climatebert_multi_20260526T112517Z_c8b7dc
llm_4915482529df,no,0.965426,False,distilroberta-base-climate-commitment,Local model,climatebert_multi_20260526T112517Z_c8b7dc
llm_bd1aaed41f98,no,0.931566,False,distilroberta-base-climate-commitment,Local model,climatebert_multi_20260526T112517Z_c8b7dc
llm_ca3f4cc94ced,no,0.926228,False,distilroberta-base-climate-commitment,Local model,climatebert_multi_20260526T112517Z_c8b7dc
llm_a65e7297d587,no,0.755651,False,distilroberta-base-climate-commitment,Local model,climatebert_multi_20260526T112517Z_c8b7dc
llm_65c379cc0fd3,no,0.855593,False,distilroberta-base-climate-commitment,Local model,climatebert_multi_20260526T112517Z_c8b7dc
llm_50a41e1e4720,no,0.962144,False,distilroberta-base-climate-commitment,Local model,climatebert_multi_20260526T112517Z_c8b7dc
llm_3166d9550a6e,no,0.916887,False,distilroberta-base-climate-commitment,Local model,climatebert_multi_20260526T112517Z_c8b7dc
llm_8d53506788f0,no,0.971653,False,distilroberta-base-climate-commitment,Local model,climatebert_multi_20260526T112517Z_c8b7dc
llm_6f57975d9a06,no,0.993336,False,distilroberta-base-climate-commitment,Local model,climatebert_multi_20260526T112517Z_c8b7dc
llm_9d4450ac5cc8,no,0.997261,False,distilroberta-base-climate-commitment,Local model,climatebert_multi_20260526T112517Z_c8b7dc
llm_316320e6a0e0,no,0.993901,False,distilroberta-base-climate-commitment,Local model,climatebert_multi_20260526T112517Z_c8b7dc
llm_df6d462d9139,no,0.942943,False,distilroberta-base-climate-commitment,Local model,climatebert_multi_20260526T112517Z_c8b7dc
llm_977ecfcc6045,no,0.918573,False,distilroberta-base-climate-commitment,Local model,climatebert_multi_20260526T112517Z_c8b7dc
llm_51478feb954e,no,0.914636,False,distilroberta-base-climate-commitment,Local model,climatebert_multi_20260526T112517Z_c8b7dc
llm_1a8f8f30d57b,no,0.800399,False,distilroberta-base-climate-commitment,Local model,climatebert_multi_20260526T112517Z_c8b7dc
llm_92f868a85786,no,0.745346,False,distilroberta-base-climate-commitment,Local model,climatebert_multi_20260526T112517Z_c8b7dc
llm_8572f1ac36c2,no,0.982286,False,distilroberta-base-climate-commitment,Local model,climatebert_multi_20260526T112517Z_c8b7dc
llm_99601e646fd5,no,0.936338,False,distilroberta-base-climate-commitment,Local model,climatebert_multi_20260526T112517Z_c8b7dc
llm_842d4dc1bb1a,no,0.982812,False,distilroberta-base-climate-commitment,Local model,climatebert_multi_20260526T112517Z_c8b7dc
llm_94c176eab17f,no,0.642746,False,distilroberta-base-climate-commitment,Local model,climatebert_multi_20260526T112517Z_c8b7dc
llm_81d4fa7a65a5,no,0.835664,False,distilroberta-base-climate-commitment,Local model,climatebert_multi_20260526T112517Z_c8b7dc
llm_1e7b6430512c,no,0.988522,False,distilroberta-base-climate-commitment,Local model,climatebert_multi_20260526T112517Z_c8b7dc
llm_721e42389c63,no,0.699374,False,distilroberta-base-climate-commitment,Local model,climatebert_multi_20260526T112517Z_c8b7dc
llm_03f59364bfa3,no,0.856755,False,distilroberta-base-climate-commitment,Local model,climatebert_multi_20260526T112517Z_c8b7dc
llm_d9165e9d16e2,yes,0.978126,True,distilroberta-base-climate-commitment,Local model,climatebert_multi_20260526T112517Z_c8b7dc
llm_d0c9d4deb4d6,no,0.988908,False,distilroberta-base-climate-commitment,Local model,climatebert_multi_20260526T112517Z_c8b7dc
llm_6f931f3a46ba,no,0.837644,False,distilroberta-base-climate-commitment,Local model,climatebert_multi_20260526T112517Z_c8b7dc
llm_b353e6bf6139,no,0.877326,False,distilroberta-base-climate-commitment,Local model,climatebert_multi_20260526T112517Z_c8b7dc
llm_78d5a91912de,no,0.768272,False,distilroberta-base-climate-commitment,Local model,climatebert_multi_20260526T112517Z_c8b7dc
llm_a510c9187f83,no,0.771494,False,distilroberta-base-climate-commitment,Local model,climatebert_multi_20260526T112517Z_c8b7dc
llm_defd56922cef,no,0.95067,False,distilroberta-base-climate-commitment,Local model,climatebert_multi_20260526T112517Z_c8b7dc
llm_43cad23219e7,no,0.937609,False,distilroberta-base-climate-commitment,Local model,climatebert_multi_20260526T112517Z_c8b7dc
llm_4226e21b5203,no,0.965389,False,distilroberta-base-climate-commitment,Local model,climatebert_multi_20260526T112517Z_c8b7dc
llm_ddb877b08c9a,no,0.944832,False,distilroberta-base-climate-commitment,Local model,climatebert_multi_20260526T112517Z_c8b7dc
llm_2b93ce5360fc,no,0.889431,False,distilroberta-base-climate-commitment,Local model,climatebert_multi_20260526T112517Z_c8b7dc
llm_72c04d41cccc,no,0.844156,False,distilroberta-base-climate-commitment,Local model,climatebert_multi_20260526T112517Z_c8b7dc
llm_c74f3470ebd1,no,0.852393,False,distilroberta-base-climate-commitment,Local model,climatebert_multi_20260526T112517Z_c8b7dc
llm_8959b6fdeacc,no,0.837198,False,distilroberta-base-climate-commitment,Local model,climatebert_multi_20260526T112517Z_c8b7dc
llm_5b0c37b85eb7,no,0.874675,False,distilroberta-base-climate-commitment,Local model,climatebert_multi_20260526T112517Z_c8b7dc
llm_26613076e09a,no,0.99862,False,distilroberta-base-climate-commitment,Local model,climatebert_multi_20260526T112517Z_c8b7dc
llm_8bcaccd377b8,no,0.995913,False,distilroberta-base-climate-commitment,Local model,climatebert_multi_20260526T112517Z_c8b7dc
llm_833550d5f937,no,0.997312,False,distilroberta-base-climate-commitment,Local model,climatebert_multi_20260526T112517Z_c8b7dc
llm_ab61cd118bf8,no,0.985756,False,distilroberta-base-climate-commitment,Local model,climatebert_multi_20260526T112517Z_c8b7dc
llm_de3f46889dbc,no,0.996796,False,distilroberta-base-climate-commitment,Local model,climatebert_multi_20260526T112517Z_c8b7dc
llm_499818f43841,no,0.973719,False,distilroberta-base-climate-commitment,Local model,climatebert_multi_20260526T112517Z_c8b7dc
llm_2b7966c0ec5b,no,0.503462,False,distilroberta-base-climate-commitment,Local model,climatebert_multi_20260526T112517Z_c8b7dc
llm_07aa2130980a,no,0.991558,False,distilroberta-base-climate-commitment,Local model,climatebert_multi_20260526T112517Z_c8b7dc
llm_a35057f8ffe2,yes,0.57076,True,distilroberta-base-climate-commitment,Local model,climatebert_multi_20260526T112517Z_c8b7dc
llm_9b26f4411378,no,0.800166,False,distilroberta-base-climate-commitment,Local model,climatebert_multi_20260526T112517Z_c8b7dc
llm_cde3a9d5ac96,no,0.971985,False,distilroberta-base-climate-commitment,Local model,climatebert_multi_20260526T112517Z_c8b7dc
llm_8b22c8ba016b,no,0.931824,False,distilroberta-base-climate-commitment,Local model,climatebert_multi_20260526T112517Z_c8b7dc
llm_9e1e72d811f6,no,0.784837,False,distilroberta-base-climate-commitment,Local model,climatebert_multi_20260526T112517Z_c8b7dc
llm_bf98f267a1b1,no,0.853946,False,distilroberta-base-climate-commitment,Local model,climatebert_multi_20260526T112517Z_c8b7dc
llm_c8e68a5aed8b,no,0.987977,False,distilroberta-base-climate-commitment,Local model,climatebert_multi_20260526T112517Z_c8b7dc
llm_ecb90a4666fa,no,0.938249,False,distilroberta-base-climate-commitment,Local model,climatebert_multi_20260526T112517Z_c8b7dc
llm_279cc78717c5,no,0.776667,False,distilroberta-base-climate-commitment,Local model,climatebert_multi_20260526T112517Z_c8b7dc
llm_c67f101eee07,no,0.983111,False,distilroberta-base-climate-commitment,Local model,climatebert_multi_20260526T112517Z_c8b7dc
llm_b671d7c3ff82,no,0.979922,False,distilroberta-base-climate-commitment,Local model,climatebert_multi_20260526T112517Z_c8b7dc
llm_a2fdfb73e0c3,no,0.852393,False,distilroberta-base-climate-commitment,Local model,climatebert_multi_20260526T112517Z_c8b7dc
llm_85467362f392,no,0.639954,False,distilroberta-base-climate-commitment,Local model,climatebert_multi_20260526T112517Z_c8b7dc
llm_de031c963b64,no,0.91982,False,distilroberta-base-climate-commitment,Local model,climatebert_multi_20260526T112517Z_c8b7dc
llm_5558d0350532,no,0.694763,False,distilroberta-base-climate-commitment,Local model,climatebert_multi_20260526T112517Z_c8b7dc
llm_e7cf2befa476,no,0.920396,False,distilroberta-base-climate-commitment,Local model,climatebert_multi_20260526T112517Z_c8b7dc
llm_d59fceb08579,no,0.686559,False,distilroberta-base-climate-commitment,Local model,climatebert_multi_20260526T112517Z_c8b7dc
llm_bb209b6a26ef,no,0.707275,False,distilroberta-base-climate-commitment,Local model,climatebert_multi_20260526T112517Z_c8b7dc
llm_d9d1a5f853b6,yes,0.590682,True,distilroberta-base-climate-commitment,Local model,climatebert_multi_20260526T112517Z_c8b7dc
llm_c76cc4b2a507,no,0.830523,False,distilroberta-base-climate-commitment,Local model,climatebert_multi_20260526T112517Z_c8b7dc
llm_c64ff19abba1,no,0.694663,False,distilroberta-base-climate-commitment,Local model,climatebert_multi_20260526T112517Z_c8b7dc
llm_59f4626eec3c,no,0.690021,False,distilroberta-base-climate-commitment,Local model,climatebert_multi_20260526T112517Z_c8b7dc
llm_8f233d54a93b,no,0.917952,False,distilroberta-base-climate-commitment,Local model,climatebert_multi_20260526T112517Z_c8b7dc
llm_9efcc79c9b5a,yes,0.537783,True,distilroberta-base-climate-commitment,Local model,climatebert_multi_20260526T112517Z_c8b7dc
llm_6724f4ab5ed5,no,0.953091,False,distilroberta-base-climate-commitment,Local model,climatebert_multi_20260526T112517Z_c8b7dc
llm_bfdf2fe250eb,yes,0.787228,True,distilroberta-base-climate-commitment,Local model,climatebert_multi_20260526T112517Z_c8b7dc
llm_463bcf87efa7,no,0.557312,False,distilroberta-base-climate-commitment,Local model,climatebert_multi_20260526T112517Z_c8b7dc
llm_962f9505e8e2,no,0.817059,False,distilroberta-base-climate-commitment,Local model,climatebert_multi_20260526T112517Z_c8b7dc
llm_ac8797623a82,no,0.977266,False,distilroberta-base-climate-commitment,Local model,climatebert_multi_20260526T112517Z_c8b7dc
llm_1dfe0acbdfde,no,0.929258,False,distilroberta-base-climate-commitment,Local model,climatebert_multi_20260526T112517Z_c8b7dc
llm_03c50157b9d5,no,0.906645,False,distilroberta-base-climate-commitment,Local model,climatebert_multi_20260526T112517Z_c8b7dc
llm_d029b7648080,no,0.919798,False,distilroberta-base-climate-commitment,Local model,climatebert_multi_20260526T112517Z_c8b7dc
llm_37f8759a7cb6,no,0.916377,False,distilroberta-base-climate-commitment,Local model,climatebert_multi_20260526T112517Z_c8b7dc
llm_01f2466d2544,no,0.843599,False,distilroberta-base-climate-commitment,Local model,climatebert_multi_20260526T112517Z_c8b7dc
llm_c6c0efc5eb5b,no,0.925445,False,distilroberta-base-climate-commitment,Local model,climatebert_multi_20260526T112517Z_c8b7dc
llm_6407c35e53f4,no,0.818634,False,distilroberta-base-climate-commitment,Local model,climatebert_multi_20260526T112517Z_c8b7dc
llm_e7d7fec0d28a,no,0.877326,False,distilroberta-base-climate-commitment,Local model,climatebert_multi_20260526T112517Z_c8b7dc
llm_bc993c873a0e,no,0.768272,False,distilroberta-base-climate-commitment,Local model,climatebert_multi_20260526T112517Z_c8b7dc
llm_f364cedf8943,no,0.819272,False,distilroberta-base-climate-commitment,Local model,climatebert_multi_20260526T112517Z_c8b7dc
llm_265659079937,no,0.808765,False,distilroberta-base-climate-commitment,Local model,climatebert_multi_20260526T112517Z_c8b7dc
llm_f31f68feb281,no,0.853946,False,distilroberta-base-climate-commitment,Local model,climatebert_multi_20260526T112517Z_c8b7dc
llm_64ff69be2b13,no,0.987977,False,distilroberta-base-climate-commitment,Local model,climatebert_multi_20260526T112517Z_c8b7dc
llm_d6535983ed56,no,0.938249,False,distilroberta-base-climate-commitment,Local model,climatebert_multi_20260526T112517Z_c8b7dc
llm_d210b1698ac0,no,0.844156,False,distilroberta-base-climate-commitment,Local model,climatebert_multi_20260526T112517Z_c8b7dc
llm_786bbaac0000,no,0.983111,False,distilroberta-base-climate-commitment,Local model,climatebert_multi_20260526T112517Z_c8b7dc
llm_bb1e156096d1,no,0.979922,False,distilroberta-base-climate-commitment,Local model,climatebert_multi_20260526T112517Z_c8b7dc
llm_ec6ce43c652d,no,0.852393,False,distilroberta-base-climate-commitment,Local model,climatebert_multi_20260526T112517Z_c8b7dc
llm_375ac6d38bbc,no,0.639954,False,distilroberta-base-climate-commitment,Local model,climatebert_multi_20260526T112517Z_c8b7dc
llm_6197d4ac1c15,no,0.912653,False,distilroberta-base-climate-commitment,Local model,climatebert_multi_20260526T112517Z_c8b7dc
llm_69af58905ba3,no,0.922333,False,distilroberta-base-climate-commitment,Local model,climatebert_multi_20260526T112517Z_c8b7dc
llm_bb30aa0db908,no,0.972501,False,distilroberta-base-climate-commitment,Local model,climatebert_multi_20260526T112517Z_c8b7dc
llm_4e158cd42990,no,0.944975,False,distilroberta-base-climate-commitment,Local model,climatebert_multi_20260526T112517Z_c8b7dc
llm_4958aebceb87,no,0.905039,False,distilroberta-base-climate-commitment,Local model,climatebert_multi_20260526T112517Z_c8b7dc
llm_aa24afe494e8,no,0.644211,False,distilroberta-base-climate-commitment,Local model,climatebert_multi_20260526T112517Z_c8b7dc
llm_1f143a0d7c4c,no,0.837257,False,distilroberta-base-climate-commitment,Local model,climatebert_multi_20260526T112517Z_c8b7dc
llm_c9360a0c94fb,no,0.879172,False,distilroberta-base-climate-commitment,Local model,climatebert_multi_20260526T112517Z_c8b7dc
llm_79690e700024,no,0.928291,False,distilroberta-base-climate-commitment,Local model,climatebert_multi_20260526T112517Z_c8b7dc
llm_fe90fc747912,no,0.707275,False,distilroberta-base-climate-commitment,Local model,climatebert_multi_20260526T112517Z_c8b7dc
llm_35e013e0797c,yes,0.590682,True,distilroberta-base-climate-commitment,Local model,climatebert_multi_20260526T112517Z_c8b7dc
llm_506b1b2e631f,no,0.830523,False,distilroberta-base-climate-commitment,Local model,climatebert_multi_20260526T112517Z_c8b7dc
llm_a768e78faa89,no,0.694663,False,distilroberta-base-climate-commitment,Local model,climatebert_multi_20260526T112517Z_c8b7dc
llm_391affdab70b,no,0.690021,False,distilroberta-base-climate-commitment,Local model,climatebert_multi_20260526T112517Z_c8b7dc
llm_7e36347b538a,no,0.59708,False,distilroberta-base-climate-commitment,Local model,climatebert_multi_20260526T112517Z_c8b7dc
llm_ed62b0f79951,no,0.844158,False,distilroberta-base-climate-commitment,Local model,climatebert_multi_20260526T112517Z_c8b7dc
llm_b50b7578b1fa,no,0.619082,False,distilroberta-base-climate-commitment,Local model,climatebert_multi_20260526T112517Z_c8b7dc
llm_f4815731b7f9,no,0.68085,False,distilroberta-base-climate-commitment,Local model,climatebert_multi_20260526T112517Z_c8b7dc
llm_97fda4a97a95,no,0.708236,False,distilroberta-base-climate-commitment,Local model,climatebert_multi_20260526T112517Z_c8b7dc
llm_a12cf741ed63,no,0.920396,False,distilroberta-base-climate-commitment,Local model,climatebert_multi_20260526T112517Z_c8b7dc
llm_3a213a2d691a,no,0.702055,False,distilroberta-base-climate-commitment,Local model,climatebert_multi_20260526T112517Z_c8b7dc
llm_431ac2454ef5,no,0.619772,False,distilroberta-base-climate-commitment,Local model,climatebert_multi_20260526T112517Z_c8b7dc
llm_c7801added88,no,0.781724,False,distilroberta-base-climate-commitment,Local model,climatebert_multi_20260526T112517Z_c8b7dc
llm_ff1b792d4623,no,0.908462,False,distilroberta-base-climate-commitment,Local model,climatebert_multi_20260526T112517Z_c8b7dc
llm_4dff76eb5868,no,0.889142,False,distilroberta-base-climate-commitment,Local model,climatebert_multi_20260526T112517Z_c8b7dc
llm_31c67302ec8e,no,0.87035,False,distilroberta-base-climate-commitment,Local model,climatebert_multi_20260526T112517Z_c8b7dc
llm_1904945e4458,no,0.864567,False,distilroberta-base-climate-commitment,Local model,climatebert_multi_20260526T112517Z_c8b7dc
llm_89226ef57d72,no,0.541975,False,distilroberta-base-climate-commitment,Local model,climatebert_multi_20260526T112517Z_c8b7dc
llm_7ed5ff177d2d,no,0.783767,False,distilroberta-base-climate-commitment,Local model,climatebert_multi_20260526T112517Z_c8b7dc
llm_5d22f73073a3,no,0.704519,False,distilroberta-base-climate-commitment,Local model,climatebert_multi_20260526T112517Z_c8b7dc
llm_bae2f7b71f21,no,0.734052,False,distilroberta-base-climate-commitment,Local model,climatebert_multi_20260526T112517Z_c8b7dc
llm_42a306833403,no,0.780917,False,distilroberta-base-climate-commitment,Local model,climatebert_multi_20260526T112517Z_c8b7dc
llm_6ae7c2db6ec5,no,0.95499,False,distilroberta-base-climate-commitment,Local model,climatebert_multi_20260526T112517Z_c8b7dc
llm_ebce33e5d7ac,no,0.909476,False,distilroberta-base-climate-commitment,Local model,climatebert_multi_20260526T112517Z_c8b7dc
llm_f030ecb84479,no,0.828787,False,distilroberta-base-climate-commitment,Local model,climatebert_multi_20260526T112517Z_c8b7dc
llm_cc1b5e216ed3,no,0.638474,False,distilroberta-base-climate-commitment,Local model,climatebert_multi_20260526T112517Z_c8b7dc
llm_4b4800ada208,no,0.820065,False,distilroberta-base-climate-commitment,Local model,climatebert_multi_20260526T112517Z_c8b7dc
llm_4663da3a8730,no,0.880706,False,distilroberta-base-climate-commitment,Local model,climatebert_multi_20260526T112517Z_c8b7dc
llm_710fe26d24fd,no,0.606875,False,distilroberta-base-climate-commitment,Local model,climatebert_multi_20260526T112517Z_c8b7dc
llm_f3cc4f5ff701,no,0.73701,False,distilroberta-base-climate-commitment,Local model,climatebert_multi_20260526T112517Z_c8b7dc
llm_6be7edcb6eb0,no,0.851862,False,distilroberta-base-climate-commitment,Local model,climatebert_multi_20260526T112517Z_c8b7dc
llm_a7d01f0073a9,no,0.710129,False,distilroberta-base-climate-commitment,Local model,climatebert_multi_20260526T112517Z_c8b7dc
llm_c1797da34bb2,no,0.887699,False,distilroberta-base-climate-commitment,Local model,climatebert_multi_20260526T112517Z_c8b7dc
llm_d0d2d629d1dc,yes,0.574539,True,distilroberta-base-climate-commitment,Local model,climatebert_multi_20260526T112517Z_c8b7dc
llm_ad5947decd6f,no,0.713761,False,distilroberta-base-climate-commitment,Local model,climatebert_multi_20260526T112517Z_c8b7dc
llm_5a75ccc5c086,no,0.868273,False,distilroberta-base-climate-commitment,Local model,climatebert_multi_20260526T112517Z_c8b7dc
llm_1ddd0e0621d7,no,0.931886,False,distilroberta-base-climate-commitment,Local model,climatebert_multi_20260526T112517Z_c8b7dc
llm_a304f32c728c,no,0.962347,False,distilroberta-base-climate-commitment,Local model,climatebert_multi_20260526T112517Z_c8b7dc
llm_887d912509f8,no,0.837181,False,distilroberta-base-climate-commitment,Local model,climatebert_multi_20260526T112517Z_c8b7dc
llm_4f01605a53b4,no,0.908639,False,distilroberta-base-climate-commitment,Local model,climatebert_multi_20260526T112517Z_c8b7dc
llm_62db9d649df8,no,0.907634,False,distilroberta-base-climate-commitment,Local model,climatebert_multi_20260526T112517Z_c8b7dc
llm_a1648efe4fdf,no,0.935067,False,distilroberta-base-climate-commitment,Local model,climatebert_multi_20260526T112517Z_c8b7dc
llm_ffc091f48349,no,0.890222,False,distilroberta-base-climate-commitment,Local model,climatebert_multi_20260526T112517Z_c8b7dc
llm_30f4982964ec,no,0.859567,False,distilroberta-base-climate-commitment,Local model,climatebert_multi_20260526T112517Z_c8b7dc
llm_10b102548113,no,0.914626,False,distilroberta-base-climate-commitment,Local model,climatebert_multi_20260526T112517Z_c8b7dc
llm_9e64c9410dd3,no,0.964958,False,distilroberta-base-climate-commitment,Local model,climatebert_multi_20260526T112517Z_c8b7dc
llm_dfbf46e26767,no,0.767832,False,distilroberta-base-climate-commitment,Local model,climatebert_multi_20260526T112517Z_c8b7dc
llm_638a22a77cc6,no,0.953487,False,distilroberta-base-climate-commitment,Local model,climatebert_multi_20260526T112517Z_c8b7dc
llm_394978875cca,no,0.883776,False,distilroberta-base-climate-commitment,Local model,climatebert_multi_20260526T112517Z_c8b7dc
llm_96ead78eeb29,no,0.874786,False,distilroberta-base-climate-commitment,Local model,climatebert_multi_20260526T112517Z_c8b7dc
llm_56d41f325dca,no,0.918059,False,distilroberta-base-climate-commitment,Local model,climatebert_multi_20260526T112517Z_c8b7dc
llm_3d7ada8278ca,no,0.994265,False,distilroberta-base-climate-commitment,Local model,climatebert_multi_20260526T112517Z_c8b7dc
llm_21dee2581783,no,0.834453,False,distilroberta-base-climate-commitment,Local model,climatebert_multi_20260526T112517Z_c8b7dc
llm_67a1ba00ffa8,no,0.745321,False,distilroberta-base-climate-commitment,Local model,climatebert_multi_20260526T112517Z_c8b7dc
llm_6d1e5d72853b,no,0.895563,False,distilroberta-base-climate-commitment,Local model,climatebert_multi_20260526T112517Z_c8b7dc
llm_8212c4fb3d74,no,0.943339,False,distilroberta-base-climate-commitment,Local model,climatebert_multi_20260526T112517Z_c8b7dc
llm_9edab2dba959,no,0.997382,False,distilroberta-base-climate-commitment,Local model,climatebert_multi_20260526T112517Z_c8b7dc
llm_09794fc8302f,no,0.840066,False,distilroberta-base-climate-commitment,Local model,climatebert_multi_20260526T112517Z_c8b7dc
llm_8e596d28cbf4,no,0.961275,False,distilroberta-base-climate-commitment,Local model,climatebert_multi_20260526T112517Z_c8b7dc
llm_a5a458f1956c,no,0.879434,False,distilroberta-base-climate-commitment,Local model,climatebert_multi_20260526T112517Z_c8b7dc
llm_ea9f25038b2b,no,0.870369,False,distilroberta-base-climate-commitment,Local model,climatebert_multi_20260526T112517Z_c8b7dc
llm_fa19ccca87c5,no,0.932991,False,distilroberta-base-climate-commitment,Local model,climatebert_multi_20260526T112517Z_c8b7dc
llm_0683989a0f29,no,0.944346,False,distilroberta-base-climate-commitment,Local model,climatebert_multi_20260526T112517Z_c8b7dc
llm_69d61afcf6f3,no,0.998573,False,distilroberta-base-climate-commitment,Local model,climatebert_multi_20260526T112517Z_c8b7dc
llm_f027f9642d5b,no,0.99499,False,distilroberta-base-climate-commitment,Local model,climatebert_multi_20260526T112517Z_c8b7dc
llm_36637aa1f0ea,no,0.994218,False,distilroberta-base-climate-commitment,Local model,climatebert_multi_20260526T112517Z_c8b7dc
llm_740ba5caca49,yes,0.79954,True,distilroberta-base-climate-commitment,Local model,climatebert_multi_20260526T112517Z_c8b7dc
llm_e1bb70f3c2b5,no,0.879876,False,distilroberta-base-climate-commitment,Local model,climatebert_multi_20260526T112517Z_c8b7dc
llm_ae72da619b36,no,0.997429,False,distilroberta-base-climate-commitment,Local model,climatebert_multi_20260526T112517Z_c8b7dc
llm_dbeb42d0e5e8,no,0.992117,False,distilroberta-base-climate-commitment,Local model,climatebert_multi_20260526T112517Z_c8b7dc
llm_5aee8dd5015f,no,0.827054,False,distilroberta-base-climate-commitment,Local model,climatebert_multi_20260526T112517Z_c8b7dc
llm_bff101598511,no,0.877326,False,distilroberta-base-climate-commitment,Local model,climatebert_multi_20260526T112517Z_c8b7dc
llm_5a80d37f2f34,no,0.768272,False,distilroberta-base-climate-commitment,Local model,climatebert_multi_20260526T112517Z_c8b7dc
llm_4d5b368a4383,no,0.820372,False,distilroberta-base-climate-commitment,Local model,climatebert_multi_20260526T112517Z_c8b7dc
llm_4238e5e60c98,no,0.877752,False,distilroberta-base-climate-commitment,Local model,climatebert_multi_20260526T112517Z_c8b7dc
llm_dadc141b8732,no,0.844156,False,distilroberta-base-climate-commitment,Local model,climatebert_multi_20260526T112517Z_c8b7dc
llm_c64c02f14f6e,no,0.808765,False,distilroberta-base-climate-commitment,Local model,climatebert_multi_20260526T112517Z_c8b7dc
llm_8266be4286e6,no,0.88234,False,distilroberta-base-climate-commitment,Local model,climatebert_multi_20260526T112517Z_c8b7dc
llm_968d754ee044,no,0.823237,False,distilroberta-base-climate-commitment,Local model,climatebert_multi_20260526T112517Z_c8b7dc
llm_41303ee32d10,no,0.708236,False,distilroberta-base-climate-commitment,Local model,climatebert_multi_20260526T112517Z_c8b7dc
llm_8558a24e508c,no,0.818634,False,distilroberta-base-climate-commitment,Local model,climatebert_multi_20260526T112517Z_c8b7dc
llm_0d83d607e122,no,0.877326,False,distilroberta-base-climate-commitment,Local model,climatebert_multi_20260526T112517Z_c8b7dc
llm_64c5a6ee6705,no,0.768272,False,distilroberta-base-climate-commitment,Local model,climatebert_multi_20260526T112517Z_c8b7dc
llm_c6d1fe125b54,no,0.907161,False,distilroberta-base-climate-commitment,Local model,climatebert_multi_20260526T112517Z_c8b7dc
llm_f702b21d4ec4,no,0.823802,False,distilroberta-base-climate-commitment,Local model,climatebert_multi_20260526T112517Z_c8b7dc
llm_739990c52927,no,0.931886,False,distilroberta-base-climate-commitment,Local model,climatebert_multi_20260526T112517Z_c8b7dc
llm_e3b8570ff87f,no,0.962347,False,distilroberta-base-climate-commitment,Local model,climatebert_multi_20260526T112517Z_c8b7dc
llm_df8f3956d165,no,0.837181,False,distilroberta-base-climate-commitment,Local model,climatebert_multi_20260526T112517Z_c8b7dc
llm_319378f63ff9,no,0.844476,False,distilroberta-base-climate-commitment,Local model,climatebert_multi_20260526T112517Z_c8b7dc
llm_4adc94254d1a,no,0.881634,False,distilroberta-base-climate-commitment,Local model,climatebert_multi_20260526T112517Z_c8b7dc
llm_c7642209176b,no,0.832597,False,distilroberta-base-climate-commitment,Local model,climatebert_multi_20260526T112517Z_c8b7dc
llm_ed473ae579c8,no,0.941777,False,distilroberta-base-climate-commitment,Local model,climatebert_multi_20260526T112517Z_c8b7dc
llm_4e2a050823d2,no,0.805716,False,distilroberta-base-climate-commitment,Local model,climatebert_multi_20260526T112517Z_c8b7dc
llm_57fb107bba46,no,0.842598,False,distilroberta-base-climate-commitment,Local model,climatebert_multi_20260526T112517Z_c8b7dc
llm_c4839035d0fc,no,0.981852,False,distilroberta-base-climate-commitment,Local model,climatebert_multi_20260526T112517Z_c8b7dc
llm_e35ba3becbc4,no,0.961615,False,distilroberta-base-climate-commitment,Local model,climatebert_multi_20260526T112517Z_c8b7dc
llm_9ad5f86ed92f,no,0.883515,False,distilroberta-base-climate-commitment,Local model,climatebert_multi_20260526T112517Z_c8b7dc
llm_355e24cdeb93,no,0.983658,False,distilroberta-base-climate-commitment,Local model,climatebert_multi_20260526T112517Z_c8b7dc
llm_5bc67b878242,no,0.969809,False,distilroberta-base-climate-commitment,Local model,climatebert_multi_20260526T112517Z_c8b7dc
llm_8ee14e17ae47,no,0.794591,False,distilroberta-base-climate-commitment,Local model,climatebert_multi_20260526T112517Z_c8b7dc
llm_332a7da44a44,no,0.630404,False,distilroberta-base-climate-commitment,Local model,climatebert_multi_20260526T112517Z_c8b7dc
llm_649713c49af0,no,0.624383,False,distilroberta-base-climate-commitment,Local model,climatebert_multi_20260526T112517Z_c8b7dc
llm_06dc6ad6fad2,no,0.918537,False,distilroberta-base-climate-commitment,Local model,climatebert_multi_20260526T112517Z_c8b7dc
llm_d94ad2385c06,no,0.962357,False,distilroberta-base-climate-commitment,Local model,climatebert_multi_20260526T112517Z_c8b7dc
llm_a246f23b15f6,no,0.803263,False,distilroberta-base-climate-commitment,Local model,climatebert_multi_20260526T112517Z_c8b7dc
llm_d1e7ba07d0fa,no,0.595652,False,distilroberta-base-climate-commitment,Local model,climatebert_multi_20260526T112517Z_c8b7dc
llm_7338b581bde7,no,0.902218,False,distilroberta-base-climate-commitment,Local model,climatebert_multi_20260526T112517Z_c8b7dc
llm_8d96af572884,no,0.663392,False,distilroberta-base-climate-commitment,Local model,climatebert_multi_20260526T112517Z_c8b7dc
llm_bc24adfc729e,no,0.704946,False,distilroberta-base-climate-commitment,Local model,climatebert_multi_20260526T112517Z_c8b7dc
llm_9fcfd7ef6518,no,0.956463,False,distilroberta-base-climate-commitment,Local model,climatebert_multi_20260526T112517Z_c8b7dc
llm_27631b1af417,no,0.523412,False,distilroberta-base-climate-commitment,Local model,climatebert_multi_20260526T112517Z_c8b7dc
llm_12d4689ced06,no,0.883286,False,distilroberta-base-climate-commitment,Local model,climatebert_multi_20260526T112517Z_c8b7dc
llm_f11a054ec5fc,no,0.712428,False,distilroberta-base-climate-commitment,Local model,climatebert_multi_20260526T112517Z_c8b7dc
llm_c24e5ab5fc22,no,0.853946,False,distilroberta-base-climate-commitment,Local model,climatebert_multi_20260526T112517Z_c8b7dc
llm_32202172ceec,no,0.987977,False,distilroberta-base-climate-commitment,Local model,climatebert_multi_20260526T112517Z_c8b7dc
llm_833b70b52a70,no,0.938249,False,distilroberta-base-climate-commitment,Local model,climatebert_multi_20260526T112517Z_c8b7dc
llm_662861ea0d23,no,0.776667,False,distilroberta-base-climate-commitment,Local model,climatebert_multi_20260526T112517Z_c8b7dc
llm_28df4ba72716,no,0.983111,False,distilroberta-base-climate-commitment,Local model,climatebert_multi_20260526T112517Z_c8b7dc
llm_b4db2bee36e2,no,0.979922,False,distilroberta-base-climate-commitment,Local model,climatebert_multi_20260526T112517Z_c8b7dc
llm_7e822fa09f28,no,0.852393,False,distilroberta-base-climate-commitment,Local model,climatebert_multi_20260526T112517Z_c8b7dc
llm_3fafea02116c,no,0.639954,False,distilroberta-base-climate-commitment,Local model,climatebert_multi_20260526T112517Z_c8b7dc
llm_2df680de8bcb,no,0.91982,False,distilroberta-base-climate-commitment,Local model,climatebert_multi_20260526T112517Z_c8b7dc
llm_59bb05380f8f,no,0.694763,False,distilroberta-base-climate-commitment,Local model,climatebert_multi_20260526T112517Z_c8b7dc
llm_2c761434e937,no,0.920396,False,distilroberta-base-climate-commitment,Local model,climatebert_multi_20260526T112517Z_c8b7dc
llm_1a60c3d8919c,no,0.686559,False,distilroberta-base-climate-commitment,Local model,climatebert_multi_20260526T112517Z_c8b7dc
llm_076c7a25266c,no,0.928762,False,distilroberta-base-climate-commitment,Local model,climatebert_multi_20260526T112517Z_c8b7dc
llm_907e65fcb375,no,0.925649,False,distilroberta-base-climate-commitment,Local model,climatebert_multi_20260526T112517Z_c8b7dc
llm_6c2beff0975d,no,0.978552,False,distilroberta-base-climate-commitment,Local model,climatebert_multi_20260526T112517Z_c8b7dc
llm_cc8acab249c2,yes,0.553216,True,distilroberta-base-climate-commitment,Local model,climatebert_multi_20260526T112517Z_c8b7dc
llm_678bae3d2698,no,0.741499,False,distilroberta-base-climate-commitment,Local model,climatebert_multi_20260526T112517Z_c8b7dc
llm_b16a87ea0df2,no,0.931886,False,distilroberta-base-climate-commitment,Local model,climatebert_multi_20260526T112517Z_c8b7dc
llm_1cded0ef501b,no,0.962347,False,distilroberta-base-climate-commitment,Local model,climatebert_multi_20260526T112517Z_c8b7dc
llm_26416c2af476,no,0.837181,False,distilroberta-base-climate-commitment,Local model,climatebert_multi_20260526T112517Z_c8b7dc
llm_982aeea5c38d,no,0.908639,False,distilroberta-base-climate-commitment,Local model,climatebert_multi_20260526T112517Z_c8b7dc
llm_aff23289cd4f,no,0.907634,False,distilroberta-base-climate-commitment,Local model,climatebert_multi_20260526T112517Z_c8b7dc
llm_d1b84cd7ac6a,no,0.935067,False,distilroberta-base-climate-commitment,Local model,climatebert_multi_20260526T112517Z_c8b7dc
llm_73bf8bb41b09,no,0.890222,False,distilroberta-base-climate-commitment,Local model,climatebert_multi_20260526T112517Z_c8b7dc
llm_f47d40c2a1f2,no,0.859567,False,distilroberta-base-climate-commitment,Local model,climatebert_multi_20260526T112517Z_c8b7dc
llm_06a55de7b9ab,no,0.914626,False,distilroberta-base-climate-commitment,Local model,climatebert_multi_20260526T112517Z_c8b7dc
llm_00fdb6348f52,no,0.92779,False,distilroberta-base-climate-commitment,Local model,climatebert_multi_20260526T112517Z_c8b7dc
llm_b377a53df056,no,0.811136,False,distilroberta-base-climate-commitment,Local model,climatebert_multi_20260526T112517Z_c8b7dc
llm_be72008b6a01,no,0.897347,False,distilroberta-base-climate-commitment,Local model,climatebert_multi_20260526T112517Z_c8b7dc
llm_e677ff924550,no,0.892271,False,distilroberta-base-climate-commitment,Local model,climatebert_multi_20260526T112517Z_c8b7dc
llm_c835d583920f,no,0.848494,False,distilroberta-base-climate-commitment,Local model,climatebert_multi_20260526T112517Z_c8b7dc
llm_335884ad9542,no,0.966496,False,distilroberta-base-climate-commitment,Local model,climatebert_multi_20260526T112517Z_c8b7dc
llm_5d5e8b2df280,no,0.900565,False,distilroberta-base-climate-commitment,Local model,climatebert_multi_20260526T112517Z_c8b7dc
llm_4030513ce9b7,no,0.894025,False,distilroberta-base-climate-commitment,Local model,climatebert_multi_20260526T112517Z_c8b7dc
llm_1d68091a7b68,no,0.933479,False,distilroberta-base-climate-commitment,Local model,climatebert_multi_20260526T112517Z_c8b7dc
llm_6c0b6c9e0a85,no,0.834253,False,distilroberta-base-climate-commitment,Local model,climatebert_multi_20260526T112517Z_c8b7dc
llm_f458b2b5d2a0,no,0.843406,False,distilroberta-base-climate-commitment,Local model,climatebert_multi_20260526T112517Z_c8b7dc
llm_94ad9894b4a0,no,0.66139,False,distilroberta-base-climate-commitment,Local model,climatebert_multi_20260526T112517Z_c8b7dc
llm_4ee2599545af,no,0.906588,False,distilroberta-base-climate-commitment,Local model,climatebert_multi_20260526T112517Z_c8b7dc
llm_99ff4aa3f044,no,0.933627,False,distilroberta-base-climate-commitment,Local model,climatebert_multi_20260526T112517Z_c8b7dc
llm_6344c4a9de31,no,0.759381,False,distilroberta-base-climate-commitment,Local model,climatebert_multi_20260526T112517Z_c8b7dc
llm_940c4b0df131,no,0.895262,False,distilroberta-base-climate-commitment,Local model,climatebert_multi_20260526T112517Z_c8b7dc
llm_c97f770a272d,no,0.861607,False,distilroberta-base-climate-commitment,Local model,climatebert_multi_20260526T112517Z_c8b7dc
llm_62ecfaec0fd5,no,0.894198,False,distilroberta-base-climate-commitment,Local model,climatebert_multi_20260526T112517Z_c8b7dc
llm_3f4370eedbb6,no,0.919627,False,distilroberta-base-climate-commitment,Local model,climatebert_multi_20260526T112517Z_c8b7dc
llm_9050d11bfe1e,no,0.773803,False,distilroberta-base-climate-commitment,Local model,climatebert_multi_20260526T112517Z_c8b7dc
llm_2ece35ab6d3c,no,0.853043,False,distilroberta-base-climate-commitment,Local model,climatebert_multi_20260526T112517Z_c8b7dc
llm_eccf59ca4d01,no,0.946488,False,distilroberta-base-climate-commitment,Local model,climatebert_multi_20260526T112517Z_c8b7dc
llm_c2647ee0a5ba,no,0.93942,False,distilroberta-base-climate-commitment,Local model,climatebert_multi_20260526T112517Z_c8b7dc
llm_70b75e22a266,no,0.946432,False,distilroberta-base-climate-commitment,Local model,climatebert_multi_20260526T112517Z_c8b7dc
llm_b041963a8786,no,0.965656,False,distilroberta-base-climate-commitment,Local model,climatebert_multi_20260526T112517Z_c8b7dc
llm_e48ecc159291,no,0.73939,False,distilroberta-base-climate-commitment,Local model,climatebert_multi_20260526T112517Z_c8b7dc
llm_c7421b22c363,no,0.950376,False,distilroberta-base-climate-commitment,Local model,climatebert_multi_20260526T112517Z_c8b7dc
llm_7a5d1422ef94,no,0.977215,False,distilroberta-base-climate-commitment,Local model,climatebert_multi_20260526T112517Z_c8b7dc
llm_cf2bd8e52929,no,0.976976,False,distilroberta-base-climate-commitment,Local model,climatebert_multi_20260526T112517Z_c8b7dc
llm_a43bc8569a04,no,0.95917,False,distilroberta-base-climate-commitment,Local model,climatebert_multi_20260526T112517Z_c8b7dc
llm_131f98e9fdf2,no,0.883286,False,distilroberta-base-climate-commitment,Local model,climatebert_multi_20260526T112517Z_c8b7dc
llm_7075f1d30181,no,0.686559,False,distilroberta-base-climate-commitment,Local model,climatebert_multi_20260526T112517Z_c8b7dc
llm_989dfd8dae27,no,0.900927,False,distilroberta-base-climate-commitment,Local model,climatebert_multi_20260526T112517Z_c8b7dc
llm_9e0b9f6e1172,no,0.774246,False,distilroberta-base-climate-commitment,Local model,climatebert_multi_20260526T112517Z_c8b7dc
llm_cac4245028ef,no,0.762659,False,distilroberta-base-climate-commitment,Local model,climatebert_multi_20260526T112517Z_c8b7dc
llm_86cd0a70b36d,no,0.885164,False,distilroberta-base-climate-commitment,Local model,climatebert_multi_20260526T112517Z_c8b7dc
llm_0aa94a971f38,no,0.629013,False,distilroberta-base-climate-commitment,Local model,climatebert_multi_20260526T112517Z_c8b7dc
llm_b3d600630ee7,no,0.788757,False,distilroberta-base-climate-commitment,Local model,climatebert_multi_20260526T112517Z_c8b7dc
llm_3ffedbdb2ab4,no,0.748268,False,distilroberta-base-climate-commitment,Local model,climatebert_multi_20260526T112517Z_c8b7dc
llm_bdb4c6f116da,no,0.685402,False,distilroberta-base-climate-commitment,Local model,climatebert_multi_20260526T112517Z_c8b7dc
llm_46b756ac1ee8,no,0.569092,False,distilroberta-base-climate-commitment,Local model,climatebert_multi_20260526T112517Z_c8b7dc
llm_c6cfd7fea9d9,no,0.768659,False,distilroberta-base-climate-commitment,Local model,climatebert_multi_20260526T112517Z_c8b7dc
llm_a264e23be4a6,no,0.545827,False,distilroberta-base-climate-commitment,Local model,climatebert_multi_20260526T112517Z_c8b7dc
llm_70c0f3899693,yes,0.524645,True,distilroberta-base-climate-commitment,Local model,climatebert_multi_20260526T112517Z_c8b7dc
llm_877e08b8b0eb,no,0.800166,False,distilroberta-base-climate-commitment,Local model,climatebert_multi_20260526T112517Z_c8b7dc
llm_53e60edf6a9e,yes,0.734501,True,distilroberta-base-climate-commitment,Local model,climatebert_multi_20260526T112517Z_c8b7dc
llm_d507f7625e20,no,0.541975,False,distilroberta-base-climate-commitment,Local model,climatebert_multi_20260526T112517Z_c8b7dc
llm_70a94c584344,no,0.780968,False,distilroberta-base-climate-commitment,Local model,climatebert_multi_20260526T112517Z_c8b7dc
llm_88e552bc5d52,no,0.783767,False,distilroberta-base-climate-commitment,Local model,climatebert_multi_20260526T112517Z_c8b7dc
llm_734b2e514835,no,0.704519,False,distilroberta-base-climate-commitment,Local model,climatebert_multi_20260526T112517Z_c8b7dc
llm_d53b21db6a39,no,0.734052,False,distilroberta-base-climate-commitment,Local model,climatebert_multi_20260526T112517Z_c8b7dc
llm_898a4f910f67,no,0.780917,False,distilroberta-base-climate-commitment,Local model,climatebert_multi_20260526T112517Z_c8b7dc
llm_be7ce8035e8d,no,0.95499,False,distilroberta-base-climate-commitment,Local model,climatebert_multi_20260526T112517Z_c8b7dc
llm_ea5696877b03,no,0.909476,False,distilroberta-base-climate-commitment,Local model,climatebert_multi_20260526T112517Z_c8b7dc
llm_5131e0e67266,no,0.828787,False,distilroberta-base-climate-commitment,Local model,climatebert_multi_20260526T112517Z_c8b7dc
llm_16db27ad1f09,yes,0.776296,True,distilroberta-base-climate-commitment,Local model,climatebert_multi_20260526T112517Z_c8b7dc
llm_176568f854de,no,0.975192,False,distilroberta-base-climate-commitment,Local model,climatebert_multi_20260526T112517Z_c8b7dc
llm_07e39907a1cb,no,0.833605,False,distilroberta-base-climate-commitment,Local model,climatebert_multi_20260526T112517Z_c8b7dc
llm_7ccfcf4093e6,no,0.501207,False,distilroberta-base-climate-commitment,Local model,climatebert_multi_20260526T112517Z_c8b7dc
llm_56803f2ae7d2,no,0.901561,False,distilroberta-base-climate-commitment,Local model,climatebert_multi_20260526T112517Z_c8b7dc
llm_e9f067b58f1e,no,0.78552,False,distilroberta-base-climate-commitment,Local model,climatebert_multi_20260526T112517Z_c8b7dc
llm_e77c8fda3f72,no,0.647568,False,distilroberta-base-climate-commitment,Local model,climatebert_multi_20260526T112517Z_c8b7dc
llm_7a0d638d7745,no,0.857652,False,distilroberta-base-climate-commitment,Local model,climatebert_multi_20260526T112517Z_c8b7dc
llm_234b9c509934,no,0.774674,False,distilroberta-base-climate-commitment,Local model,climatebert_multi_20260526T112517Z_c8b7dc
llm_2c7c962f3593,no,0.926449,False,distilroberta-base-climate-commitment,Local model,climatebert_multi_20260526T112517Z_c8b7dc
llm_bce0c02d0323,no,0.957387,False,distilroberta-base-climate-commitment,Local model,climatebert_multi_20260526T112517Z_c8b7dc
llm_eb5fb0a542ac,yes,0.6203,True,distilroberta-base-climate-commitment,Local model,climatebert_multi_20260526T112517Z_c8b7dc
llm_a50643d3b174,no,0.500689,False,distilroberta-base-climate-commitment,Local model,climatebert_multi_20260526T112517Z_c8b7dc
llm_ad70acf1d285,yes,0.733761,True,distilroberta-base-climate-commitment,Local model,climatebert_multi_20260526T112517Z_c8b7dc
llm_73f70fb9fc56,no,0.529246,False,distilroberta-base-climate-commitment,Local model,climatebert_multi_20260526T112517Z_c8b7dc
llm_6d4e9638d7bf,no,0.765757,False,distilroberta-base-climate-commitment,Local model,climatebert_multi_20260526T112517Z_c8b7dc
llm_22311f041f48,yes,0.598082,True,distilroberta-base-climate-commitment,Local model,climatebert_multi_20260526T112517Z_c8b7dc
llm_d26ac4361bdb,no,0.751667,False,distilroberta-base-climate-commitment,Local model,climatebert_multi_20260526T112517Z_c8b7dc
llm_0128659cab99,no,0.74334,False,distilroberta-base-climate-commitment,Local model,climatebert_multi_20260526T112517Z_c8b7dc
llm_08c7b2537bf7,no,0.672999,False,distilroberta-base-climate-commitment,Local model,climatebert_multi_20260526T112517Z_c8b7dc
llm_39587df38704,no,0.861505,False,distilroberta-base-climate-commitment,Local model,climatebert_multi_20260526T112517Z_c8b7dc
llm_47ddcfb2909e,no,0.936475,False,distilroberta-base-climate-commitment,Local model,climatebert_multi_20260526T112517Z_c8b7dc
llm_eac1c14c0e3f,no,0.803407,False,distilroberta-base-climate-commitment,Local model,climatebert_multi_20260526T112517Z_c8b7dc
llm_9747901375a9,yes,0.733486,True,distilroberta-base-climate-commitment,Local model,climatebert_multi_20260526T112517Z_c8b7dc
llm_e4284f3f07a4,no,0.853946,False,distilroberta-base-climate-commitment,Local model,climatebert_multi_20260526T112517Z_c8b7dc
llm_1e3846f59ac6,no,0.989109,False,distilroberta-base-climate-commitment,Local model,climatebert_multi_20260526T112517Z_c8b7dc
llm_5316f29153c4,no,0.938249,False,distilroberta-base-climate-commitment,Local model,climatebert_multi_20260526T112517Z_c8b7dc
llm_e6a8c816a6e3,no,0.768591,False,distilroberta-base-climate-commitment,Local model,climatebert_multi_20260526T112517Z_c8b7dc
llm_acf5b6e6282e,no,0.983111,False,distilroberta-base-climate-commitment,Local model,climatebert_multi_20260526T112517Z_c8b7dc
llm_8bde6a7f40bb,no,0.979922,False,distilroberta-base-climate-commitment,Local model,climatebert_multi_20260526T112517Z_c8b7dc
llm_a3aecef5cb5f,no,0.852393,False,distilroberta-base-climate-commitment,Local model,climatebert_multi_20260526T112517Z_c8b7dc
llm_b182ab9cb9e9,no,0.639954,False,distilroberta-base-climate-commitment,Local model,climatebert_multi_20260526T112517Z_c8b7dc
llm_b27feb7346e5,no,0.894834,False,distilroberta-base-climate-commitment,Local model,climatebert_multi_20260526T112517Z_c8b7dc
llm_12630ef0a46a,no,0.953418,False,distilroberta-base-climate-commitment,Local model,climatebert_multi_20260526T112517Z_c8b7dc
llm_afa7a03801a7,no,0.74321,False,distilroberta-base-climate-commitment,Local model,climatebert_multi_20260526T112517Z_c8b7dc
llm_50bbee6f35d6,no,0.967918,False,distilroberta-base-climate-commitment,Local model,climatebert_multi_20260526T112517Z_c8b7dc
llm_3aeb069ddc2a,no,0.856538,False,distilroberta-base-climate-commitment,Local model,climatebert_multi_20260526T112517Z_c8b7dc
llm_9886f8519f9e,no,0.954303,False,distilroberta-base-climate-commitment,Local model,climatebert_multi_20260526T112517Z_c8b7dc
llm_9f77d4786aaa,no,0.937824,False,distilroberta-base-climate-commitment,Local model,climatebert_multi_20260526T112517Z_c8b7dc
llm_ba642e5ca674,no,0.867506,False,distilroberta-base-climate-commitment,Local model,climatebert_multi_20260526T112517Z_c8b7dc
llm_f34f809b2fdc,no,0.946268,False,distilroberta-base-climate-commitment,Local model,climatebert_multi_20260526T112517Z_c8b7dc
llm_92f42071e8b4,no,0.903029,False,distilroberta-base-climate-commitment,Local model,climatebert_multi_20260526T112517Z_c8b7dc
llm_e5221a87203c,no,0.837644,False,distilroberta-base-climate-commitment,Local model,climatebert_multi_20260526T112517Z_c8b7dc
llm_84a8b6ead459,no,0.877326,False,distilroberta-base-climate-commitment,Local model,climatebert_multi_20260526T112517Z_c8b7dc
llm_9aacbee07bff,no,0.768272,False,distilroberta-base-climate-commitment,Local model,climatebert_multi_20260526T112517Z_c8b7dc
llm_4637e31c840a,no,0.816713,False,distilroberta-base-climate-commitment,Local model,climatebert_multi_20260526T112517Z_c8b7dc
llm_00d709e75d7b,no,0.820372,False,distilroberta-base-climate-commitment,Local model,climatebert_multi_20260526T112517Z_c8b7dc
llm_6e2d2cf9144a,no,0.759355,False,distilroberta-base-climate-commitment,Local model,climatebert_multi_20260526T112517Z_c8b7dc
llm_764a6090b670,no,0.931886,False,distilroberta-base-climate-commitment,Local model,climatebert_multi_20260526T112517Z_c8b7dc
llm_4faa0d15d610,no,0.962347,False,distilroberta-base-climate-commitment,Local model,climatebert_multi_20260526T112517Z_c8b7dc
llm_7edc0fe5921e,no,0.837181,False,distilroberta-base-climate-commitment,Local model,climatebert_multi_20260526T112517Z_c8b7dc
llm_fe5d2810a511,no,0.908639,False,distilroberta-base-climate-commitment,Local model,climatebert_multi_20260526T112517Z_c8b7dc
llm_5c0a1c12c74e,no,0.907634,False,distilroberta-base-climate-commitment,Local model,climatebert_multi_20260526T112517Z_c8b7dc
llm_d37775ef7c6c,no,0.935067,False,distilroberta-base-climate-commitment,Local model,climatebert_multi_20260526T112517Z_c8b7dc
llm_eedeefa501f0,no,0.890222,False,distilroberta-base-climate-commitment,Local model,climatebert_multi_20260526T112517Z_c8b7dc
llm_a69fb13a34d3,no,0.859567,False,distilroberta-base-climate-commitment,Local model,climatebert_multi_20260526T112517Z_c8b7dc
llm_06b2be070dd7,no,0.914626,False,distilroberta-base-climate-commitment,Local model,climatebert_multi_20260526T112517Z_c8b7dc
llm_11e251cf176e,no,0.829749,False,distilroberta-base-climate-commitment,Local model,climatebert_multi_20260526T112517Z_c8b7dc
llm_a14323d03303,no,0.892271,False,distilroberta-base-climate-commitment,Local model,climatebert_multi_20260526T112517Z_c8b7dc
llm_bef299b8ed5d,no,0.856462,False,distilroberta-base-climate-commitment,Local model,climatebert_multi_20260526T112517Z_c8b7dc
llm_e426b0b9d626,no,0.925148,False,distilroberta-base-climate-commitment,Local model,climatebert_multi_20260526T112517Z_c8b7dc
llm_2d4f680620da,no,0.900565,False,distilroberta-base-climate-commitment,Local model,climatebert_multi_20260526T112517Z_c8b7dc
llm_f9b1b8c4a5fe,no,0.970893,False,distilroberta-base-climate-commitment,Local model,climatebert_multi_20260526T112517Z_c8b7dc
llm_c3e3a6261373,no,0.644074,False,distilroberta-base-climate-commitment,Local model,climatebert_multi_20260526T112517Z_c8b7dc
llm_6af7d7ddebdd,no,0.823182,False,distilroberta-base-climate-commitment,Local model,climatebert_multi_20260526T112517Z_c8b7dc
llm_c83c100581e3,yes,0.728413,True,distilroberta-base-climate-commitment,Local model,climatebert_multi_20260526T112517Z_c8b7dc
llm_6284bf45d8a2,no,0.984128,False,distilroberta-base-climate-commitment,Local model,climatebert_multi_20260526T112517Z_c8b7dc
llm_e525e89ae4c1,no,0.840914,False,distilroberta-base-climate-commitment,Local model,climatebert_multi_20260526T112517Z_c8b7dc
llm_6e017c65bbf2,no,0.74478,False,distilroberta-base-climate-commitment,Local model,climatebert_multi_20260526T112517Z_c8b7dc
llm_e8b64d5e587a,no,0.61222,False,distilroberta-base-climate-commitment,Local model,climatebert_multi_20260526T112517Z_c8b7dc
llm_594f2be32b56,no,0.853946,False,distilroberta-base-climate-commitment,Local model,climatebert_multi_20260526T112517Z_c8b7dc
llm_3a7b2e1d488f,no,0.987977,False,distilroberta-base-climate-commitment,Local model,climatebert_multi_20260526T112517Z_c8b7dc
llm_3028d358493d,no,0.938249,False,distilroberta-base-climate-commitment,Local model,climatebert_multi_20260526T112517Z_c8b7dc
llm_3f495e31a5f6,no,0.776667,False,distilroberta-base-climate-commitment,Local model,climatebert_multi_20260526T112517Z_c8b7dc
llm_00bea83acd7f,no,0.983111,False,distilroberta-base-climate-commitment,Local model,climatebert_multi_20260526T112517Z_c8b7dc
llm_51dbdee77544,no,0.979922,False,distilroberta-base-climate-commitment,Local model,climatebert_multi_20260526T112517Z_c8b7dc
llm_7ddaf2d6bc4c,no,0.852393,False,distilroberta-base-climate-commitment,Local model,climatebert_multi_20260526T112517Z_c8b7dc
llm_a0ffc9a24389,no,0.639954,False,distilroberta-base-climate-commitment,Local model,climatebert_multi_20260526T112517Z_c8b7dc
llm_56a65169b44e,no,0.91982,False,distilroberta-base-climate-commitment,Local model,climatebert_multi_20260526T112517Z_c8b7dc
llm_67cde6499d96,no,0.694763,False,distilroberta-base-climate-commitment,Local model,climatebert_multi_20260526T112517Z_c8b7dc
llm_fe8beaa0e8d2,no,0.920396,False,distilroberta-base-climate-commitment,Local model,climatebert_multi_20260526T112517Z_c8b7dc
llm_b3d4c841f0b2,no,0.686559,False,distilroberta-base-climate-commitment,Local model,climatebert_multi_20260526T112517Z_c8b7dc
llm_8a4d67a3b2dc,no,0.830523,False,distilroberta-base-climate-commitment,Local model,climatebert_multi_20260526T112517Z_c8b7dc
llm_d129ef51425f,no,0.694663,False,distilroberta-base-climate-commitment,Local model,climatebert_multi_20260526T112517Z_c8b7dc
llm_d129128f5d82,no,0.690021,False,distilroberta-base-climate-commitment,Local model,climatebert_multi_20260526T112517Z_c8b7dc
llm_8e370e02bfd6,no,0.88549,False,distilroberta-base-climate-commitment,Local model,climatebert_multi_20260526T112517Z_c8b7dc
llm_038c34ab5d9b,no,0.940656,False,distilroberta-base-climate-commitment,Local model,climatebert_multi_20260526T112517Z_c8b7dc
llm_34b0f20ec6dd,no,0.99185,False,distilroberta-base-climate-commitment,Local model,climatebert_multi_20260526T112517Z_c8b7dc
llm_796141ad48c0,no,0.88898,False,distilroberta-base-climate-commitment,Local model,climatebert_multi_20260526T112517Z_c8b7dc
llm_949a666b0af6,no,0.97672,False,distilroberta-base-climate-commitment,Local model,climatebert_multi_20260526T112517Z_c8b7dc
llm_1221984b9e05,no,0.844156,False,distilroberta-base-climate-commitment,Local model,climatebert_multi_20260526T112517Z_c8b7dc
llm_f5fd191f58e4,no,0.783452,False,distilroberta-base-climate-commitment,Local model,climatebert_multi_20260526T112517Z_c8b7dc
llm_3f47214e7a8a,no,0.90461,False,distilroberta-base-climate-commitment,Local model,climatebert_multi_20260526T112517Z_c8b7dc
llm_549378788810,no,0.932604,False,distilroberta-base-climate-commitment,Local model,climatebert_multi_20260526T112517Z_c8b7dc
llm_03f57fc95cb8,no,0.969733,False,distilroberta-base-climate-commitment,Local model,climatebert_multi_20260526T112517Z_c8b7dc
llm_85bb04abe44c,no,0.963179,False,distilroberta-base-climate-commitment,Local model,climatebert_multi_20260526T112517Z_c8b7dc
llm_46da76b94fb7,no,0.878042,False,distilroberta-base-climate-commitment,Local model,climatebert_multi_20260526T112517Z_c8b7dc
llm_0e0c1c46ee09,no,0.939397,False,distilroberta-base-climate-commitment,Local model,climatebert_multi_20260526T112517Z_c8b7dc
llm_8cb7f0de82bd,no,0.964754,False,distilroberta-base-climate-commitment,Local model,climatebert_multi_20260526T112517Z_c8b7dc
llm_875b77175bc2,no,0.861014,False,distilroberta-base-climate-commitment,Local model,climatebert_multi_20260526T112517Z_c8b7dc
llm_31f35c06458f,no,0.901953,False,distilroberta-base-climate-commitment,Local model,climatebert_multi_20260526T112517Z_c8b7dc
llm_79dc5dcb9b4c,no,0.892525,False,distilroberta-base-climate-commitment,Local model,climatebert_multi_20260526T112517Z_c8b7dc
llm_930d6356a20b,no,0.978495,False,distilroberta-base-climate-commitment,Local model,climatebert_multi_20260526T112517Z_c8b7dc
llm_5860092c356b,no,0.927134,False,distilroberta-base-climate-commitment,Local model,climatebert_multi_20260526T112517Z_c8b7dc
llm_e4c684542020,no,0.943766,False,distilroberta-base-climate-commitment,Local model,climatebert_multi_20260526T112517Z_c8b7dc
llm_3249bc2998e4,no,0.982412,False,distilroberta-base-climate-commitment,Local model,climatebert_multi_20260526T112517Z_c8b7dc
llm_ff48c6504dc1,no,0.943522,False,distilroberta-base-climate-commitment,Local model,climatebert_multi_20260526T112517Z_c8b7dc
llm_493f87bcca4d,no,0.931886,False,distilroberta-base-climate-commitment,Local model,climatebert_multi_20260526T112517Z_c8b7dc
llm_031370f1bbdc,no,0.877326,False,distilroberta-base-climate-commitment,Local model,climatebert_multi_20260526T112517Z_c8b7dc
llm_38e6e995c3a2,no,0.768272,False,distilroberta-base-climate-commitment,Local model,climatebert_multi_20260526T112517Z_c8b7dc
llm_362b149e8bcd,no,0.816713,False,distilroberta-base-climate-commitment,Local model,climatebert_multi_20260526T112517Z_c8b7dc
llm_899b3bebf33c,no,0.820372,False,distilroberta-base-climate-commitment,Local model,climatebert_multi_20260526T112517Z_c8b7dc
llm_c35f03f2bba3,no,0.794439,False,distilroberta-base-climate-commitment,Local model,climatebert_multi_20260526T112517Z_c8b7dc
llm_8e0515902c02,no,0.638969,False,distilroberta-base-climate-commitment,Local model,climatebert_multi_20260526T112517Z_c8b7dc
llm_c76df9a07852,no,0.623499,False,distilroberta-base-climate-commitment,Local model,climatebert_multi_20260526T112517Z_c8b7dc
llm_b50cc4c42c58,no,0.783341,False,distilroberta-base-climate-commitment,Local model,climatebert_multi_20260526T112517Z_c8b7dc
llm_409b702529c7,no,0.896893,False,distilroberta-base-climate-commitment,Local model,climatebert_multi_20260526T112517Z_c8b7dc
llm_898327a9ba0b,no,0.837181,False,distilroberta-base-climate-commitment,Local model,climatebert_multi_20260526T112517Z_c8b7dc
llm_3a0f02795ecb,no,0.877326,False,distilroberta-base-climate-commitment,Local model,climatebert_multi_20260526T112517Z_c8b7dc
llm_a4085dfcdf9b,no,0.768272,False,distilroberta-base-climate-commitment,Local model,climatebert_multi_20260526T112517Z_c8b7dc
llm_6c1923ccefa8,no,0.816713,False,distilroberta-base-climate-commitment,Local model,climatebert_multi_20260526T112517Z_c8b7dc
llm_f3b23043018d,no,0.820372,False,distilroberta-base-climate-commitment,Local model,climatebert_multi_20260526T112517Z_c8b7dc
llm_95e36780283d,no,0.871154,False,distilroberta-base-climate-commitment,Local model,climatebert_multi_20260526T112517Z_c8b7dc
llm_47e21ac415b3,no,0.738896,False,distilroberta-base-climate-commitment,Local model,climatebert_multi_20260526T112517Z_c8b7dc
llm_e8cddc14c234,no,0.81762,False,distilroberta-base-climate-commitment,Local model,climatebert_multi_20260526T112517Z_c8b7dc
llm_ee3eb3041869,no,0.931886,False,distilroberta-base-climate-commitment,Local model,climatebert_multi_20260526T112517Z_c8b7dc
llm_9b3aa11784d2,no,0.962347,False,distilroberta-base-climate-commitment,Local model,climatebert_multi_20260526T112517Z_c8b7dc
llm_edb8b5ea46ee,no,0.808434,False,distilroberta-base-climate-commitment,Local model,climatebert_multi_20260526T112517Z_c8b7dc
llm_f084dcc54977,no,0.907634,False,distilroberta-base-climate-commitment,Local model,climatebert_multi_20260526T112517Z_c8b7dc
llm_57c54476f979,no,0.935067,False,distilroberta-base-climate-commitment,Local model,climatebert_multi_20260526T112517Z_c8b7dc
llm_eda80de59b4b,no,0.890222,False,distilroberta-base-climate-commitment,Local model,climatebert_multi_20260526T112517Z_c8b7dc
llm_8755bd3b8490,no,0.859567,False,distilroberta-base-climate-commitment,Local model,climatebert_multi_20260526T112517Z_c8b7dc
llm_74388dfd06a1,no,0.92779,False,distilroberta-base-climate-commitment,Local model,climatebert_multi_20260526T112517Z_c8b7dc
llm_cbc972cd22bb,no,0.790622,False,distilroberta-base-climate-commitment,Local model,climatebert_multi_20260526T112517Z_c8b7dc
llm_8cc1b8ec2023,no,0.892271,False,distilroberta-base-climate-commitment,Local model,climatebert_multi_20260526T112517Z_c8b7dc
llm_ddc524d9e0c8,no,0.856462,False,distilroberta-base-climate-commitment,Local model,climatebert_multi_20260526T112517Z_c8b7dc
llm_4ac22079ccac,no,0.966496,False,distilroberta-base-climate-commitment,Local model,climatebert_multi_20260526T112517Z_c8b7dc
llm_3153bc4c5fbf,no,0.900565,False,distilroberta-base-climate-commitment,Local model,climatebert_multi_20260526T112517Z_c8b7dc
llm_81f9a9c3a5dc,no,0.894025,False,distilroberta-base-climate-commitment,Local model,climatebert_multi_20260526T112517Z_c8b7dc
llm_05168aeb259a,no,0.933479,False,distilroberta-base-climate-commitment,Local model,climatebert_multi_20260526T112517Z_c8b7dc
llm_46866db62b3c,no,0.968999,False,distilroberta-base-climate-commitment,Local model,climatebert_multi_20260526T112517Z_c8b7dc
llm_4919103957e5,no,0.829567,False,distilroberta-base-climate-commitment,Local model,climatebert_multi_20260526T112517Z_c8b7dc
llm_22092da3e774,no,0.834253,False,distilroberta-base-climate-commitment,Local model,climatebert_multi_20260526T112517Z_c8b7dc
llm_a00905367c4e,no,0.686446,False,distilroberta-base-climate-commitment,Local model,climatebert_multi_20260526T112517Z_c8b7dc
llm_d39b6be1ce63,no,0.905207,False,distilroberta-base-climate-commitment,Local model,climatebert_multi_20260526T112517Z_c8b7dc
llm_f4ecd9e77744,no,0.834758,False,distilroberta-base-climate-commitment,Local model,climatebert_multi_20260526T112517Z_c8b7dc
llm_9470d03376c4,no,0.885438,False,distilroberta-base-climate-commitment,Local model,climatebert_multi_20260526T112517Z_c8b7dc
llm_01e7fc29ee50,no,0.940596,False,distilroberta-base-climate-commitment,Local model,climatebert_multi_20260526T112517Z_c8b7dc
llm_7b7c44cfa6f7,no,0.8956,False,distilroberta-base-climate-commitment,Local model,climatebert_multi_20260526T112517Z_c8b7dc
llm_8cf12813b9b6,no,0.736033,False,distilroberta-base-climate-commitment,Local model,climatebert_multi_20260526T112517Z_c8b7dc
llm_2b56ffe622a7,no,0.920301,False,distilroberta-base-climate-commitment,Local model,climatebert_multi_20260526T112517Z_c8b7dc
llm_03c1e34c7ac5,no,0.924882,False,distilroberta-base-climate-commitment,Local model,climatebert_multi_20260526T112517Z_c8b7dc
llm_b7f8ae83555d,no,0.93158,False,distilroberta-base-climate-commitment,Local model,climatebert_multi_20260526T112517Z_c8b7dc
llm_6a5be2f65352,no,0.9121,False,distilroberta-base-climate-commitment,Local model,climatebert_multi_20260526T112517Z_c8b7dc
llm_c70a62f72eeb,no,0.692306,False,distilroberta-base-climate-commitment,Local model,climatebert_multi_20260526T112517Z_c8b7dc
llm_b922d1fa2fa1,no,0.883335,False,distilroberta-base-climate-commitment,Local model,climatebert_multi_20260526T112517Z_c8b7dc
llm_65aaccec9fc1,no,0.541975,False,distilroberta-base-climate-commitment,Local model,climatebert_multi_20260526T112517Z_c8b7dc
llm_b9e7d7faa94f,no,0.780968,False,distilroberta-base-climate-commitment,Local model,climatebert_multi_20260526T112517Z_c8b7dc
llm_47cde9b966b2,no,0.783767,False,distilroberta-base-climate-commitment,Local model,climatebert_multi_20260526T112517Z_c8b7dc
llm_a32cb3576183,no,0.734052,False,distilroberta-base-climate-commitment,Local model,climatebert_multi_20260526T112517Z_c8b7dc
llm_6ea5a05837f2,no,0.780917,False,distilroberta-base-climate-commitment,Local model,climatebert_multi_20260526T112517Z_c8b7dc
llm_3412bd129383,no,0.95499,False,distilroberta-base-climate-commitment,Local model,climatebert_multi_20260526T112517Z_c8b7dc
llm_ecc27f91d09f,no,0.909476,False,distilroberta-base-climate-commitment,Local model,climatebert_multi_20260526T112517Z_c8b7dc
llm_1079d02b6682,no,0.828787,False,distilroberta-base-climate-commitment,Local model,climatebert_multi_20260526T112517Z_c8b7dc
llm_b7d00dfd5ccf,no,0.977996,False,distilroberta-base-climate-commitment,Local model,climatebert_multi_20260526T112517Z_c8b7dc
llm_0480230be3e4,no,0.983122,False,distilroberta-base-climate-commitment,Local model,climatebert_multi_20260526T112517Z_c8b7dc
llm_6049140a34d1,no,0.927875,False,distilroberta-base-climate-commitment,Local model,climatebert_multi_20260526T112517Z_c8b7dc
llm_6b72457c03bf,no,0.983112,False,distilroberta-base-climate-commitment,Local model,climatebert_multi_20260526T112517Z_c8b7dc
llm_3ebe02ea6362,no,0.943577,False,distilroberta-base-climate-commitment,Local model,climatebert_multi_20260526T112517Z_c8b7dc
llm_46b65130ca66,no,0.892877,False,distilroberta-base-climate-commitment,Local model,climatebert_multi_20260526T112517Z_c8b7dc
llm_d02368390015,no,0.929251,False,distilroberta-base-climate-commitment,Local model,climatebert_multi_20260526T112517Z_c8b7dc
llm_cbf7e10c5188,no,0.928136,False,distilroberta-base-climate-commitment,Local model,climatebert_multi_20260526T112517Z_c8b7dc
llm_0c14e08bd906,no,0.883194,False,distilroberta-base-climate-commitment,Local model,climatebert_multi_20260526T112517Z_c8b7dc
llm_2132a697d496,no,0.871959,False,distilroberta-base-climate-commitment,Local model,climatebert_multi_20260526T112517Z_c8b7dc
llm_5cbda7858cad,no,0.847153,False,distilroberta-base-climate-commitment,Local model,climatebert_multi_20260526T112517Z_c8b7dc
llm_dee2b40394d6,no,0.953598,False,distilroberta-base-climate-commitment,Local model,climatebert_multi_20260526T112517Z_c8b7dc
llm_a83573903188,no,0.82266,False,distilroberta-base-climate-commitment,Local model,climatebert_multi_20260526T112517Z_c8b7dc
llm_715779111186,no,0.993418,False,distilroberta-base-climate-commitment,Local model,climatebert_multi_20260526T112517Z_c8b7dc
llm_72432b6425ce,no,0.995527,False,distilroberta-base-climate-commitment,Local model,climatebert_multi_20260526T112517Z_c8b7dc
llm_2e670efa8231,no,0.850264,False,distilroberta-base-climate-commitment,Local model,climatebert_multi_20260526T112517Z_c8b7dc
llm_8d3400f47cf8,yes,0.81934,True,distilroberta-base-climate-commitment,Local model,climatebert_multi_20260526T112517Z_c8b7dc
llm_2dbb81b46f44,no,0.903011,False,distilroberta-base-climate-commitment,Local model,climatebert_multi_20260526T112517Z_c8b7dc
llm_3fef6746420d,no,0.895273,False,distilroberta-base-climate-commitment,Local model,climatebert_multi_20260526T112517Z_c8b7dc
llm_6f77d6c9a458,no,0.768272,False,distilroberta-base-climate-commitment,Local model,climatebert_multi_20260526T112517Z_c8b7dc
llm_a7168ce39669,no,0.816713,False,distilroberta-base-climate-commitment,Local model,climatebert_multi_20260526T112517Z_c8b7dc
llm_cff4de90c2cc,no,0.820372,False,distilroberta-base-climate-commitment,Local model,climatebert_multi_20260526T112517Z_c8b7dc
llm_38c825c0ddfe,no,0.734082,False,distilroberta-base-climate-commitment,Local model,climatebert_multi_20260526T112517Z_c8b7dc
llm_9294c2777cef,yes,0.673729,True,distilroberta-base-climate-commitment,Local model,climatebert_multi_20260526T112517Z_c8b7dc
llm_5a1ca600588d,no,0.775781,False,distilroberta-base-climate-commitment,Local model,climatebert_multi_20260526T112517Z_c8b7dc
llm_24cc9a4a58cc,no,0.859131,False,distilroberta-base-climate-commitment,Local model,climatebert_multi_20260526T112517Z_c8b7dc
llm_62b6141274ee,no,0.895051,False,distilroberta-base-climate-commitment,Local model,climatebert_multi_20260526T112517Z_c8b7dc
llm_b555c493bad5,no,0.835352,False,distilroberta-base-climate-commitment,Local model,climatebert_multi_20260526T112517Z_c8b7dc
llm_4b9af3ae1d8c,no,0.98678,False,distilroberta-base-climate-commitment,Local model,climatebert_multi_20260526T112517Z_c8b7dc
llm_315e561984d4,no,0.875023,False,distilroberta-base-climate-commitment,Local model,climatebert_multi_20260526T112517Z_c8b7dc
llm_502b9bd5bc1f,no,0.917528,False,distilroberta-base-climate-commitment,Local model,climatebert_multi_20260526T112517Z_c8b7dc
llm_65d09bfe4e6a,no,0.962357,False,distilroberta-base-climate-commitment,Local model,climatebert_multi_20260526T112517Z_c8b7dc
llm_bea7d9c659eb,no,0.853607,False,distilroberta-base-climate-commitment,Local model,climatebert_multi_20260526T112517Z_c8b7dc
llm_84e48d882dc9,no,0.771395,False,distilroberta-base-climate-commitment,Local model,climatebert_multi_20260526T112517Z_c8b7dc
llm_a816dfdab0ca,no,0.811269,False,distilroberta-base-climate-commitment,Local model,climatebert_multi_20260526T112517Z_c8b7dc
llm_fde2d4916e0f,no,0.964112,False,distilroberta-base-climate-commitment,Local model,climatebert_multi_20260526T112517Z_c8b7dc
llm_d37556769868,no,0.937572,False,distilroberta-base-climate-commitment,Local model,climatebert_multi_20260526T112517Z_c8b7dc
llm_128035d1b60d,no,0.961221,False,distilroberta-base-climate-commitment,Local model,climatebert_multi_20260526T112517Z_c8b7dc
llm_b6081808dce6,no,0.863736,False,distilroberta-base-climate-commitment,Local model,climatebert_multi_20260526T112517Z_c8b7dc
llm_39549d22a8d3,no,0.943656,False,distilroberta-base-climate-commitment,Local model,climatebert_multi_20260526T112517Z_c8b7dc
llm_efe0ea31e7d3,no,0.731535,False,distilroberta-base-climate-commitment,Local model,climatebert_multi_20260526T112517Z_c8b7dc
llm_ee7a4ef9d560,no,0.688569,False,distilroberta-base-climate-commitment,Local model,climatebert_multi_20260526T112517Z_c8b7dc
llm_56cf575c1cf9,no,0.930567,False,distilroberta-base-climate-commitment,Local model,climatebert_multi_20260526T112517Z_c8b7dc
llm_385ef2ada002,no,0.89162,False,distilroberta-base-climate-commitment,Local model,climatebert_multi_20260526T112517Z_c8b7dc
llm_d65ec5e2811a,no,0.641366,False,distilroberta-base-climate-commitment,Local model,climatebert_multi_20260526T112517Z_c8b7dc
llm_9de81a673f8a,no,0.853946,False,distilroberta-base-climate-commitment,Local model,climatebert_multi_20260526T112517Z_c8b7dc
llm_28eca41a3bfc,no,0.987977,False,distilroberta-base-climate-commitment,Local model,climatebert_multi_20260526T112517Z_c8b7dc
llm_c947715db5d4,no,0.938249,False,distilroberta-base-climate-commitment,Local model,climatebert_multi_20260526T112517Z_c8b7dc
llm_b3f4fa97cf3c,no,0.768591,False,distilroberta-base-climate-commitment,Local model,climatebert_multi_20260526T112517Z_c8b7dc
llm_bf363aac980c,no,0.983111,False,distilroberta-base-climate-commitment,Local model,climatebert_multi_20260526T112517Z_c8b7dc
llm_5b3d060e47ef,no,0.979922,False,distilroberta-base-climate-commitment,Local model,climatebert_multi_20260526T112517Z_c8b7dc
llm_d7b8d6facdf5,no,0.852393,False,distilroberta-base-climate-commitment,Local model,climatebert_multi_20260526T112517Z_c8b7dc
llm_938fc19b0b15,no,0.639954,False,distilroberta-base-climate-commitment,Local model,climatebert_multi_20260526T112517Z_c8b7dc
llm_10303eb643e1,no,0.862404,False,distilroberta-base-climate-commitment,Local model,climatebert_multi_20260526T112517Z_c8b7dc
llm_090178e744ea,no,0.945795,False,distilroberta-base-climate-commitment,Local model,climatebert_multi_20260526T112517Z_c8b7dc
llm_849ffec0cb33,no,0.848393,False,distilroberta-base-climate-commitment,Local model,climatebert_multi_20260526T112517Z_c8b7dc
llm_88c18c0a2d46,no,0.772445,False,distilroberta-base-climate-commitment,Local model,climatebert_multi_20260526T112517Z_c8b7dc
llm_d74e5ef67e83,no,0.852799,False,distilroberta-base-climate-commitment,Local model,climatebert_multi_20260526T112517Z_c8b7dc
llm_fea4935bb5b1,no,0.98864,False,distilroberta-base-climate-commitment,Local model,climatebert_multi_20260526T112517Z_c8b7dc
llm_ae0f878d8213,no,0.898836,False,distilroberta-base-climate-commitment,Local model,climatebert_multi_20260526T112517Z_c8b7dc
llm_4ea400969381,no,0.91982,False,distilroberta-base-climate-commitment,Local model,climatebert_multi_20260526T112517Z_c8b7dc
llm_b4092f9f8bf0,no,0.686559,False,distilroberta-base-climate-commitment,Local model,climatebert_multi_20260526T112517Z_c8b7dc
llm_4569103429ab,no,0.721719,False,distilroberta-base-climate-commitment,Local model,climatebert_multi_20260526T112517Z_c8b7dc
llm_36569b45bf84,no,0.828314,False,distilroberta-base-climate-commitment,Local model,climatebert_multi_20260526T112517Z_c8b7dc
llm_8a72138c5eef,yes,0.689903,True,distilroberta-base-climate-commitment,Local model,climatebert_multi_20260526T112517Z_c8b7dc
llm_25a2a239da2a,no,0.853286,False,distilroberta-base-climate-commitment,Local model,climatebert_multi_20260526T112517Z_c8b7dc
llm_96939e519b2d,no,0.894834,False,distilroberta-base-climate-commitment,Local model,climatebert_multi_20260526T112517Z_c8b7dc
llm_149b1dab8960,no,0.837644,False,distilroberta-base-climate-commitment,Local model,climatebert_multi_20260526T112517Z_c8b7dc
llm_4c77c97af2b3,no,0.877326,False,distilroberta-base-climate-commitment,Local model,climatebert_multi_20260526T112517Z_c8b7dc
llm_234b4c88579b,no,0.768272,False,distilroberta-base-climate-commitment,Local model,climatebert_multi_20260526T112517Z_c8b7dc
llm_a647cbac3859,no,0.834253,False,distilroberta-base-climate-commitment,Local model,climatebert_multi_20260526T112517Z_c8b7dc
llm_a5cd3811c35a,no,0.953477,False,distilroberta-base-climate-commitment,Local model,climatebert_multi_20260526T112517Z_c8b7dc
llm_09ffb3eeafff,no,0.931886,False,distilroberta-base-climate-commitment,Local model,climatebert_multi_20260526T112517Z_c8b7dc
llm_5b9da099334b,no,0.962347,False,distilroberta-base-climate-commitment,Local model,climatebert_multi_20260526T112517Z_c8b7dc
llm_ef7d400c78f4,no,0.837181,False,distilroberta-base-climate-commitment,Local model,climatebert_multi_20260526T112517Z_c8b7dc
llm_74f2a01a51c8,no,0.908639,False,distilroberta-base-climate-commitment,Local model,climatebert_multi_20260526T112517Z_c8b7dc
llm_fe18602d3826,no,0.907634,False,distilroberta-base-climate-commitment,Local model,climatebert_multi_20260526T112517Z_c8b7dc
llm_c210f7941f18,no,0.935067,False,distilroberta-base-climate-commitment,Local model,climatebert_multi_20260526T112517Z_c8b7dc
llm_d86e778c8665,no,0.890222,False,distilroberta-base-climate-commitment,Local model,climatebert_multi_20260526T112517Z_c8b7dc
llm_98be8c23023c,no,0.859567,False,distilroberta-base-climate-commitment,Local model,climatebert_multi_20260526T112517Z_c8b7dc
llm_cc4119e32738,no,0.914626,False,distilroberta-base-climate-commitment,Local model,climatebert_multi_20260526T112517Z_c8b7dc
llm_963f52dbafff,no,0.92779,False,distilroberta-base-climate-commitment,Local model,climatebert_multi_20260526T112517Z_c8b7dc
llm_c34ec00b78e8,no,0.790622,False,distilroberta-base-climate-commitment,Local model,climatebert_multi_20260526T112517Z_c8b7dc
llm_13ff870538e1,no,0.892271,False,distilroberta-base-climate-commitment,Local model,climatebert_multi_20260526T112517Z_c8b7dc
llm_7ba6d3894115,no,0.848494,False,distilroberta-base-climate-commitment,Local model,climatebert_multi_20260526T112517Z_c8b7dc
llm_ebc7115c990f,no,0.966496,False,distilroberta-base-climate-commitment,Local model,climatebert_multi_20260526T112517Z_c8b7dc
llm_da2324522dcb,no,0.900565,False,distilroberta-base-climate-commitment,Local model,climatebert_multi_20260526T112517Z_c8b7dc
llm_b99606f0d379,no,0.894025,False,distilroberta-base-climate-commitment,Local model,climatebert_multi_20260526T112517Z_c8b7dc
llm_81b0136b96de,no,0.962347,False,distilroberta-base-climate-commitment,Local model,climatebert_multi_20260526T112517Z_c8b7dc
llm_38b9f436d899,no,0.837181,False,distilroberta-base-climate-commitment,Local model,climatebert_multi_20260526T112517Z_c8b7dc
llm_48f55f3fff9f,no,0.935067,False,distilroberta-base-climate-commitment,Local model,climatebert_multi_20260526T112517Z_c8b7dc
llm_2fc620587a19,no,0.859567,False,distilroberta-base-climate-commitment,Local model,climatebert_multi_20260526T112517Z_c8b7dc
llm_c4bf4a00a8bf,no,0.848494,False,distilroberta-base-climate-commitment,Local model,climatebert_multi_20260526T112517Z_c8b7dc
llm_adf57aa2cd00,no,0.966496,False,distilroberta-base-climate-commitment,Local model,climatebert_multi_20260526T112517Z_c8b7dc
llm_f06f5f420fcd,no,0.900565,False,distilroberta-base-climate-commitment,Local model,climatebert_multi_20260526T112517Z_c8b7dc
llm_cec2d120a3de,no,0.853946,False,distilroberta-base-climate-commitment,Local model,climatebert_multi_20260526T112517Z_c8b7dc
llm_f4b090a71721,no,0.987977,False,distilroberta-base-climate-commitment,Local model,climatebert_multi_20260526T112517Z_c8b7dc
llm_d3f43b5f91e6,no,0.938249,False,distilroberta-base-climate-commitment,Local model,climatebert_multi_20260526T112517Z_c8b7dc
llm_5a61a5f8c5f1,no,0.776667,False,distilroberta-base-climate-commitment,Local model,climatebert_multi_20260526T112517Z_c8b7dc
llm_98debb7e78e7,no,0.983111,False,distilroberta-base-climate-commitment,Local model,climatebert_multi_20260526T112517Z_c8b7dc
llm_838f6d10f6b6,no,0.979922,False,distilroberta-base-climate-commitment,Local model,climatebert_multi_20260526T112517Z_c8b7dc
llm_b48cc4c8d6f4,no,0.852393,False,distilroberta-base-climate-commitment,Local model,climatebert_multi_20260526T112517Z_c8b7dc
llm_e29f1b07d740,no,0.639954,False,distilroberta-base-climate-commitment,Local model,climatebert_multi_20260526T112517Z_c8b7dc
llm_69d050b8f1bf,no,0.59708,False,distilroberta-base-climate-commitment,Local model,climatebert_multi_20260526T112517Z_c8b7dc
llm_004685e22074,no,0.844158,False,distilroberta-base-climate-commitment,Local model,climatebert_multi_20260526T112517Z_c8b7dc
llm_251aa13f5865,no,0.619082,False,distilroberta-base-climate-commitment,Local model,climatebert_multi_20260526T112517Z_c8b7dc
llm_5ab108d736f4,no,0.68085,False,distilroberta-base-climate-commitment,Local model,climatebert_multi_20260526T112517Z_c8b7dc
llm_9a407825721b,no,0.91982,False,distilroberta-base-climate-commitment,Local model,climatebert_multi_20260526T112517Z_c8b7dc
llm_73b7695a7488,no,0.694763,False,distilroberta-base-climate-commitment,Local model,climatebert_multi_20260526T112517Z_c8b7dc
llm_2ff1f3d20978,no,0.920396,False,distilroberta-base-climate-commitment,Local model,climatebert_multi_20260526T112517Z_c8b7dc
llm_607e136753b0,no,0.686559,False,distilroberta-base-climate-commitment,Local model,climatebert_multi_20260526T112517Z_c8b7dc
llm_7ffe3c902cb7,no,0.830523,False,distilroberta-base-climate-commitment,Local model,climatebert_multi_20260526T112517Z_c8b7dc
llm_5a78e4bf12d5,no,0.694663,False,distilroberta-base-climate-commitment,Local model,climatebert_multi_20260526T112517Z_c8b7dc
llm_049ea8faf14e,no,0.690021,False,distilroberta-base-climate-commitment,Local model,climatebert_multi_20260526T112517Z_c8b7dc
llm_36a11b7c7c8d,no,0.761101,False,distilroberta-base-climate-commitment,Local model,climatebert_multi_20260526T112517Z_c8b7dc
llm_27be5c217658,no,0.61222,False,distilroberta-base-climate-commitment,Local model,climatebert_multi_20260526T112517Z_c8b7dc
llm_b897692f3851,no,0.916542,False,distilroberta-base-climate-commitment,Local model,climatebert_multi_20260526T112517Z_c8b7dc
llm_719d1e0e32c5,no,0.758889,False,distilroberta-base-climate-commitment,Local model,climatebert_multi_20260526T112517Z_c8b7dc
llm_9d0d45d7d20b,no,0.853946,False,distilroberta-base-climate-commitment,Local model,climatebert_multi_20260526T112517Z_c8b7dc
llm_0e630e17d36c,no,0.987977,False,distilroberta-base-climate-commitment,Local model,climatebert_multi_20260526T112517Z_c8b7dc
llm_eedce304811a,no,0.938249,False,distilroberta-base-climate-commitment,Local model,climatebert_multi_20260526T112517Z_c8b7dc
llm_75e8f8fb441e,no,0.977123,False,distilroberta-base-climate-commitment,Local model,climatebert_multi_20260526T112517Z_c8b7dc
llm_031de4fe1b77,no,0.983111,False,distilroberta-base-climate-commitment,Local model,climatebert_multi_20260526T112517Z_c8b7dc
llm_3fec00211cec,no,0.979922,False,distilroberta-base-climate-commitment,Local model,climatebert_multi_20260526T112517Z_c8b7dc
llm_fc5113a9be68,no,0.852393,False,distilroberta-base-climate-commitment,Local model,climatebert_multi_20260526T112517Z_c8b7dc
llm_5f86516486de,no,0.639954,False,distilroberta-base-climate-commitment,Local model,climatebert_multi_20260526T112517Z_c8b7dc
llm_8c3f6781b3be,no,0.59708,False,distilroberta-base-climate-commitment,Local model,climatebert_multi_20260526T112517Z_c8b7dc
llm_c234a2dff8da,no,0.844158,False,distilroberta-base-climate-commitment,Local model,climatebert_multi_20260526T112517Z_c8b7dc
llm_bf874e9a53e5,no,0.619082,False,distilroberta-base-climate-commitment,Local model,climatebert_multi_20260526T112517Z_c8b7dc
llm_1e2ebd30293c,no,0.804439,False,distilroberta-base-climate-commitment,Local model,climatebert_multi_20260526T112517Z_c8b7dc
llm_41279b77c8ad,no,0.694663,False,distilroberta-base-climate-commitment,Local model,climatebert_multi_20260526T112517Z_c8b7dc
llm_cf77e897fc74,no,0.690021,False,distilroberta-base-climate-commitment,Local model,climatebert_multi_20260526T112517Z_c8b7dc
llm_5a2d98adadd5,no,0.91982,False,distilroberta-base-climate-commitment,Local model,climatebert_multi_20260526T112517Z_c8b7dc
llm_8aba41eecaac,no,0.694763,False,distilroberta-base-climate-commitment,Local model,climatebert_multi_20260526T112517Z_c8b7dc
llm_eb6577908461,no,0.920396,False,distilroberta-base-climate-commitment,Local model,climatebert_multi_20260526T112517Z_c8b7dc
llm_f57c828089d8,no,0.816396,False,distilroberta-base-climate-commitment,Local model,climatebert_multi_20260526T112517Z_c8b7dc
llm_fd311aa5b7d7,no,0.894834,False,distilroberta-base-climate-commitment,Local model,climatebert_multi_20260526T112517Z_c8b7dc
llm_143e17f5f80f,no,0.821021,False,distilroberta-base-climate-commitment,Local model,climatebert_multi_20260526T112517Z_c8b7dc
llm_e7296e7f27a0,no,0.959134,False,distilroberta-base-climate-commitment,Local model,climatebert_multi_20260526T112517Z_c8b7dc
llm_1d39a3298d3b,no,0.920868,False,distilroberta-base-climate-commitment,Local model,climatebert_multi_20260526T112517Z_c8b7dc
llm_a98a9f34e806,no,0.910054,False,distilroberta-base-climate-commitment,Local model,climatebert_multi_20260526T112517Z_c8b7dc
llm_8c7d9be582b8,no,0.856538,False,distilroberta-base-climate-commitment,Local model,climatebert_multi_20260526T112517Z_c8b7dc
llm_7763ff6519cc,no,0.883591,False,distilroberta-base-climate-commitment,Local model,climatebert_multi_20260526T112517Z_c8b7dc
llm_895538ba70ce,no,0.989751,False,distilroberta-base-climate-commitment,Local model,climatebert_multi_20260526T112517Z_c8b7dc
llm_4e221580e16e,no,0.976222,False,distilroberta-base-climate-commitment,Local model,climatebert_multi_20260526T112517Z_c8b7dc
llm_9a4680d82d61,no,0.859131,False,distilroberta-base-climate-commitment,Local model,climatebert_multi_20260526T112517Z_c8b7dc
llm_5c5cc5173194,no,0.985981,False,distilroberta-base-climate-commitment,Local model,climatebert_multi_20260526T112517Z_c8b7dc
llm_92c1bc3e5d19,no,0.985307,False,distilroberta-base-climate-commitment,Local model,climatebert_multi_20260526T112517Z_c8b7dc
llm_5df558232971,no,0.895051,False,distilroberta-base-climate-commitment,Local model,climatebert_multi_20260526T112517Z_c8b7dc
llm_30de4a03b13d,no,0.724966,False,distilroberta-base-climate-commitment,Local model,climatebert_multi_20260526T112517Z_c8b7dc
llm_1a0f30177faf,no,0.961221,False,distilroberta-base-climate-commitment,Local model,climatebert_multi_20260526T112517Z_c8b7dc
llm_89d4bbf23dc8,no,0.863736,False,distilroberta-base-climate-commitment,Local model,climatebert_multi_20260526T112517Z_c8b7dc
llm_82fb999fb3a6,no,0.943656,False,distilroberta-base-climate-commitment,Local model,climatebert_multi_20260526T112517Z_c8b7dc
llm_6d80a199f387,no,0.722851,False,distilroberta-base-climate-commitment,Local model,climatebert_multi_20260526T112517Z_c8b7dc
llm_5d824be2d5bb,no,0.974941,False,distilroberta-base-climate-commitment,Local model,climatebert_multi_20260526T112517Z_c8b7dc
llm_0300f5d50c22,no,0.566612,False,distilroberta-base-climate-commitment,Local model,climatebert_multi_20260526T112517Z_c8b7dc
llm_d7ce0708042a,no,0.776953,False,distilroberta-base-climate-commitment,Local model,climatebert_multi_20260526T112517Z_c8b7dc
llm_31da6751ed8a,no,0.95337,False,distilroberta-base-climate-commitment,Local model,climatebert_multi_20260526T112517Z_c8b7dc
llm_f2d421cdc7d3,yes,0.519959,True,distilroberta-base-climate-commitment,Local model,climatebert_multi_20260526T112517Z_c8b7dc
llm_4a853ebfee6b,no,0.952595,False,distilroberta-base-climate-commitment,Local model,climatebert_multi_20260526T112517Z_c8b7dc
llm_d0ef3f38498e,no,0.621415,False,distilroberta-base-climate-commitment,Local model,climatebert_multi_20260526T112517Z_c8b7dc
llm_4843aa8efb7d,no,0.950498,False,distilroberta-base-climate-commitment,Local model,climatebert_multi_20260526T112517Z_c8b7dc
llm_aa3af08c1f1f,no,0.97711,False,distilroberta-base-climate-commitment,Local model,climatebert_multi_20260526T112517Z_c8b7dc
llm_bd7d6d8a2906,no,0.949829,False,distilroberta-base-climate-commitment,Local model,climatebert_multi_20260526T112517Z_c8b7dc
llm_5e234cff11c4,no,0.896893,False,distilroberta-base-climate-commitment,Local model,climatebert_multi_20260526T112517Z_c8b7dc
llm_48ad7a79bce3,no,0.877326,False,distilroberta-base-climate-commitment,Local model,climatebert_multi_20260526T112517Z_c8b7dc
llm_134f12ce21eb,no,0.768272,False,distilroberta-base-climate-commitment,Local model,climatebert_multi_20260526T112517Z_c8b7dc
llm_c3d8481b7114,no,0.816713,False,distilroberta-base-climate-commitment,Local model,climatebert_multi_20260526T112517Z_c8b7dc
llm_c9ba6136e577,no,0.820372,False,distilroberta-base-climate-commitment,Local model,climatebert_multi_20260526T112517Z_c8b7dc
llm_d5dcd7b068cf,no,0.950023,False,distilroberta-base-climate-commitment,Local model,climatebert_multi_20260526T112517Z_c8b7dc
llm_be0935e94ca5,no,0.953477,False,distilroberta-base-climate-commitment,Local model,climatebert_multi_20260526T112517Z_c8b7dc
llm_237560439b6a,no,0.993474,False,distilroberta-base-climate-commitment,Local model,climatebert_multi_20260526T112517Z_c8b7dc
llm_629d56070360,no,0.920165,False,distilroberta-base-climate-commitment,Local model,climatebert_multi_20260526T112517Z_c8b7dc
llm_fb92523bd6d1,no,0.853946,False,distilroberta-base-climate-commitment,Local model,climatebert_multi_20260526T112517Z_c8b7dc
llm_fe4fb303c066,no,0.987977,False,distilroberta-base-climate-commitment,Local model,climatebert_multi_20260526T112517Z_c8b7dc
llm_fab8bb990c7a,no,0.938249,False,distilroberta-base-climate-commitment,Local model,climatebert_multi_20260526T112517Z_c8b7dc
llm_2475505f9701,no,0.776667,False,distilroberta-base-climate-commitment,Local model,climatebert_multi_20260526T112517Z_c8b7dc
llm_8f1e503cf1aa,no,0.983111,False,distilroberta-base-climate-commitment,Local model,climatebert_multi_20260526T112517Z_c8b7dc
llm_6c12a7333bf5,no,0.979922,False,distilroberta-base-climate-commitment,Local model,climatebert_multi_20260526T112517Z_c8b7dc
llm_54c209f24670,no,0.852393,False,distilroberta-base-climate-commitment,Local model,climatebert_multi_20260526T112517Z_c8b7dc
llm_7bbea14ae6ba,no,0.639954,False,distilroberta-base-climate-commitment,Local model,climatebert_multi_20260526T112517Z_c8b7dc
llm_397e44e1964b,no,0.759644,False,distilroberta-base-climate-commitment,Local model,climatebert_multi_20260526T112517Z_c8b7dc
llm_49c0ccef8187,no,0.930018,False,distilroberta-base-climate-commitment,Local model,climatebert_multi_20260526T112517Z_c8b7dc
llm_bf3397bbc63c,no,0.805165,False,distilroberta-base-climate-commitment,Local model,climatebert_multi_20260526T112517Z_c8b7dc
llm_4b6f355eb13e,no,0.931886,False,distilroberta-base-climate-commitment,Local model,climatebert_multi_20260526T112517Z_c8b7dc
llm_b1fb32e74533,no,0.962347,False,distilroberta-base-climate-commitment,Local model,climatebert_multi_20260526T112517Z_c8b7dc
llm_ff9d26c150c2,no,0.837181,False,distilroberta-base-climate-commitment,Local model,climatebert_multi_20260526T112517Z_c8b7dc
llm_db4d333f5925,no,0.908639,False,distilroberta-base-climate-commitment,Local model,climatebert_multi_20260526T112517Z_c8b7dc
llm_c2163287c36d,no,0.907634,False,distilroberta-base-climate-commitment,Local model,climatebert_multi_20260526T112517Z_c8b7dc
llm_4d3d56bb9de8,no,0.935067,False,distilroberta-base-climate-commitment,Local model,climatebert_multi_20260526T112517Z_c8b7dc
llm_f1ff476f85c3,no,0.890222,False,distilroberta-base-climate-commitment,Local model,climatebert_multi_20260526T112517Z_c8b7dc
llm_13b63cf89212,no,0.859567,False,distilroberta-base-climate-commitment,Local model,climatebert_multi_20260526T112517Z_c8b7dc
llm_268a06ef8d5b,no,0.914626,False,distilroberta-base-climate-commitment,Local model,climatebert_multi_20260526T112517Z_c8b7dc
llm_274784640111,no,0.897347,False,distilroberta-base-climate-commitment,Local model,climatebert_multi_20260526T112517Z_c8b7dc
llm_d6077fcf0972,no,0.848494,False,distilroberta-base-climate-commitment,Local model,climatebert_multi_20260526T112517Z_c8b7dc
llm_b53cce3e4ebc,no,0.966496,False,distilroberta-base-climate-commitment,Local model,climatebert_multi_20260526T112517Z_c8b7dc
llm_6c5f58ad2391,no,0.900565,False,distilroberta-base-climate-commitment,Local model,climatebert_multi_20260526T112517Z_c8b7dc
llm_01eaa87b7ad2,no,0.894025,False,distilroberta-base-climate-commitment,Local model,climatebert_multi_20260526T112517Z_c8b7dc
llm_30368122202b,no,0.827261,False,distilroberta-base-climate-commitment,Local model,climatebert_multi_20260526T112517Z_c8b7dc
llm_1f0c5bc650dc,no,0.877326,False,distilroberta-base-climate-commitment,Local model,climatebert_multi_20260526T112517Z_c8b7dc
llm_b5c6eb263fcb,no,0.768272,False,distilroberta-base-climate-commitment,Local model,climatebert_multi_20260526T112517Z_c8b7dc
llm_5823c4a62b12,no,0.943437,False,distilroberta-base-climate-commitment,Local model,climatebert_multi_20260526T112517Z_c8b7dc
llm_087a7e323321,no,0.719481,False,distilroberta-base-climate-commitment,Local model,climatebert_multi_20260526T112517Z_c8b7dc
llm_616c406b1347,yes,0.811958,True,distilroberta-base-climate-commitment,Local model,climatebert_multi_20260526T112517Z_c8b7dc
llm_2de2a6c5798c,no,0.683459,False,distilroberta-base-climate-commitment,Local model,climatebert_multi_20260526T112517Z_c8b7dc
llm_77737f77bf20,no,0.941657,False,distilroberta-base-climate-commitment,Local model,climatebert_multi_20260526T112517Z_c8b7dc
llm_6409226903a5,no,0.762659,False,distilroberta-base-climate-commitment,Local model,climatebert_multi_20260526T112517Z_c8b7dc
llm_f6e9f0c70dc8,no,0.844156,False,distilroberta-base-climate-commitment,Local model,climatebert_multi_20260526T112517Z_c8b7dc
llm_32b7eb44287e,no,0.736905,False,distilroberta-base-climate-commitment,Local model,climatebert_multi_20260526T112517Z_c8b7dc
llm_bfd570e5aa94,no,0.853614,False,distilroberta-base-climate-commitment,Local model,climatebert_multi_20260526T112517Z_c8b7dc
llm_6b77f12be8da,no,0.774246,False,distilroberta-base-climate-commitment,Local model,climatebert_multi_20260526T112517Z_c8b7dc
llm_a01291520171,no,0.55606,False,distilroberta-base-climate-commitment,Local model,climatebert_multi_20260526T112517Z_c8b7dc
llm_781c72d70d10,no,0.836402,False,distilroberta-base-climate-commitment,Local model,climatebert_multi_20260526T112517Z_c8b7dc
llm_5dc47cddcb9b,no,0.919466,False,distilroberta-base-climate-commitment,Local model,climatebert_multi_20260526T112517Z_c8b7dc
llm_6485d8858d50,no,0.959396,False,distilroberta-base-climate-commitment,Local model,climatebert_multi_20260526T112517Z_c8b7dc
llm_1657a1fff2a8,no,0.891875,False,distilroberta-base-climate-commitment,Local model,climatebert_multi_20260526T112517Z_c8b7dc
llm_e2a67c8d4540,no,0.87479,False,distilroberta-base-climate-commitment,Local model,climatebert_multi_20260526T112517Z_c8b7dc
llm_54972fa63e0f,no,0.767082,False,distilroberta-base-climate-commitment,Local model,climatebert_multi_20260526T112517Z_c8b7dc
llm_9a74b6f03e72,no,0.805778,False,distilroberta-base-climate-commitment,Local model,climatebert_multi_20260526T112517Z_c8b7dc
llm_71ba7ebd7aae,no,0.946824,False,distilroberta-base-climate-commitment,Local model,climatebert_multi_20260526T112517Z_c8b7dc
llm_54954c0b14a0,no,0.961226,False,distilroberta-base-climate-commitment,Local model,climatebert_multi_20260526T112517Z_c8b7dc
llm_2ce583d9e04c,no,0.967543,False,distilroberta-base-climate-commitment,Local model,climatebert_multi_20260526T112517Z_c8b7dc
llm_8aa301b40577,no,0.903636,False,distilroberta-base-climate-commitment,Local model,climatebert_multi_20260526T112517Z_c8b7dc
llm_ec9250d5aca0,no,0.945999,False,distilroberta-base-climate-commitment,Local model,climatebert_multi_20260526T112517Z_c8b7dc
llm_9edeff30c937,no,0.793933,False,distilroberta-base-climate-commitment,Local model,climatebert_multi_20260526T112517Z_c8b7dc
llm_5e7d37d9e4ab,no,0.918543,False,distilroberta-base-climate-commitment,Local model,climatebert_multi_20260526T112517Z_c8b7dc
llm_8f82591983e1,no,0.907973,False,distilroberta-base-climate-commitment,Local model,climatebert_multi_20260526T112517Z_c8b7dc
llm_ec44a9850ad0,no,0.774052,False,distilroberta-base-climate-commitment,Local model,climatebert_multi_20260526T112517Z_c8b7dc
llm_1e30ae3d0c17,no,0.987629,False,distilroberta-base-climate-commitment,Local model,climatebert_multi_20260526T112517Z_c8b7dc
llm_571eebfc1acc,no,0.883335,False,distilroberta-base-climate-commitment,Local model,climatebert_multi_20260526T112517Z_c8b7dc
llm_ca1001431e6d,no,0.974937,False,distilroberta-base-climate-commitment,Local model,climatebert_multi_20260526T112517Z_c8b7dc
llm_f76e55c34fa5,no,0.981557,False,distilroberta-base-climate-commitment,Local model,climatebert_multi_20260526T112517Z_c8b7dc
llm_cc771ba25cf7,no,0.957223,False,distilroberta-base-climate-commitment,Local model,climatebert_multi_20260526T112517Z_c8b7dc
llm_bb84437d7887,no,0.960307,False,distilroberta-base-climate-commitment,Local model,climatebert_multi_20260526T112517Z_c8b7dc
llm_9b38996a8900,no,0.953578,False,distilroberta-base-climate-commitment,Local model,climatebert_multi_20260526T112517Z_c8b7dc
llm_acf0b2d2c5b6,no,0.977965,False,distilroberta-base-climate-commitment,Local model,climatebert_multi_20260526T112517Z_c8b7dc
llm_459782529970,no,0.982084,False,distilroberta-base-climate-commitment,Local model,climatebert_multi_20260526T112517Z_c8b7dc
llm_affccd423d3e,no,0.940172,False,distilroberta-base-climate-commitment,Local model,climatebert_multi_20260526T112517Z_c8b7dc
llm_d5bb6fcd2b21,no,0.929054,False,distilroberta-base-climate-commitment,Local model,climatebert_multi_20260526T112517Z_c8b7dc
llm_563a14331eeb,no,0.98251,False,distilroberta-base-climate-commitment,Local model,climatebert_multi_20260526T112517Z_c8b7dc
llm_7854e90fc699,no,0.941179,False,distilroberta-base-climate-commitment,Local model,climatebert_multi_20260526T112517Z_c8b7dc
llm_137fc4664fa8,no,0.886792,False,distilroberta-base-climate-commitment,Local model,climatebert_multi_20260526T112517Z_c8b7dc
llm_254e58eecbac,no,0.931815,False,distilroberta-base-climate-commitment,Local model,climatebert_multi_20260526T112517Z_c8b7dc
llm_39be6a34b8c5,no,0.927686,False,distilroberta-base-climate-commitment,Local model,climatebert_multi_20260526T112517Z_c8b7dc
llm_fea930601828,no,0.884016,False,distilroberta-base-climate-commitment,Local model,climatebert_multi_20260526T112517Z_c8b7dc
llm_a9e53e74e18e,no,0.882796,False,distilroberta-base-climate-commitment,Local model,climatebert_multi_20260526T112517Z_c8b7dc
llm_0ea11a17cb22,no,0.954266,False,distilroberta-base-climate-commitment,Local model,climatebert_multi_20260526T112517Z_c8b7dc
llm_e74d6a8afc7a,no,0.995805,False,distilroberta-base-climate-commitment,Local model,climatebert_multi_20260526T112517Z_c8b7dc
llm_c61228c194b6,no,0.797418,False,distilroberta-base-climate-commitment,Local model,climatebert_multi_20260526T112517Z_c8b7dc
llm_439d4810d7c5,no,0.697632,False,distilroberta-base-climate-commitment,Local model,climatebert_multi_20260526T112517Z_c8b7dc
llm_d0c742a84395,no,0.931886,False,distilroberta-base-climate-commitment,Local model,climatebert_multi_20260526T112517Z_c8b7dc
llm_76094559e132,no,0.962347,False,distilroberta-base-climate-commitment,Local model,climatebert_multi_20260526T112517Z_c8b7dc
llm_0ceb8ab38640,no,0.837181,False,distilroberta-base-climate-commitment,Local model,climatebert_multi_20260526T112517Z_c8b7dc
llm_c0c086736dd1,no,0.908639,False,distilroberta-base-climate-commitment,Local model,climatebert_multi_20260526T112517Z_c8b7dc
llm_4a0a1ef21fce,no,0.907634,False,distilroberta-base-climate-commitment,Local model,climatebert_multi_20260526T112517Z_c8b7dc
llm_85fb6e334914,no,0.935067,False,distilroberta-base-climate-commitment,Local model,climatebert_multi_20260526T112517Z_c8b7dc
llm_13de82b54897,no,0.890222,False,distilroberta-base-climate-commitment,Local model,climatebert_multi_20260526T112517Z_c8b7dc
llm_0178f8fbc5e2,no,0.859567,False,distilroberta-base-climate-commitment,Local model,climatebert_multi_20260526T112517Z_c8b7dc
llm_ad990c4fb35d,no,0.914626,False,distilroberta-base-climate-commitment,Local model,climatebert_multi_20260526T112517Z_c8b7dc
llm_fc4b9e6c461f,no,0.92779,False,distilroberta-base-climate-commitment,Local model,climatebert_multi_20260526T112517Z_c8b7dc
llm_d60d5de57de9,no,0.76887,False,distilroberta-base-climate-commitment,Local model,climatebert_multi_20260526T112517Z_c8b7dc
llm_2c481d15fd9a,no,0.897347,False,distilroberta-base-climate-commitment,Local model,climatebert_multi_20260526T112517Z_c8b7dc
llm_a82e3a1916d6,no,0.892271,False,distilroberta-base-climate-commitment,Local model,climatebert_multi_20260526T112517Z_c8b7dc
llm_2b02c701a3b8,no,0.848494,False,distilroberta-base-climate-commitment,Local model,climatebert_multi_20260526T112517Z_c8b7dc
llm_a0ead9017351,no,0.966496,False,distilroberta-base-climate-commitment,Local model,climatebert_multi_20260526T112517Z_c8b7dc
llm_b62a0bbd9ba8,no,0.900565,False,distilroberta-base-climate-commitment,Local model,climatebert_multi_20260526T112517Z_c8b7dc
llm_ca8b83572eba,no,0.894025,False,distilroberta-base-climate-commitment,Local model,climatebert_multi_20260526T112517Z_c8b7dc
llm_04f66728e12e,no,0.834253,False,distilroberta-base-climate-commitment,Local model,climatebert_multi_20260526T112517Z_c8b7dc
llm_c3a04275bcb5,no,0.837644,False,distilroberta-base-climate-commitment,Local model,climatebert_multi_20260526T112517Z_c8b7dc
llm_3fe9cfa50204,no,0.896994,False,distilroberta-base-climate-commitment,Local model,climatebert_multi_20260526T112517Z_c8b7dc
llm_8a0778753dff,no,0.853946,False,distilroberta-base-climate-commitment,Local model,climatebert_multi_20260526T112517Z_c8b7dc
llm_b543bbeff312,no,0.987977,False,distilroberta-base-climate-commitment,Local model,climatebert_multi_20260526T112517Z_c8b7dc
llm_c3b66eaa1ff9,no,0.938249,False,distilroberta-base-climate-commitment,Local model,climatebert_multi_20260526T112517Z_c8b7dc
llm_af14cf64d115,no,0.776667,False,distilroberta-base-climate-commitment,Local model,climatebert_multi_20260526T112517Z_c8b7dc
llm_16a9aff41060,no,0.983111,False,distilroberta-base-climate-commitment,Local model,climatebert_multi_20260526T112517Z_c8b7dc
llm_f06e8afff034,no,0.979922,False,distilroberta-base-climate-commitment,Local model,climatebert_multi_20260526T112517Z_c8b7dc
llm_5de3dfc4f735,no,0.852393,False,distilroberta-base-climate-commitment,Local model,climatebert_multi_20260526T112517Z_c8b7dc
llm_247e5dd2ad30,no,0.639954,False,distilroberta-base-climate-commitment,Local model,climatebert_multi_20260526T112517Z_c8b7dc
llm_527b1574263f,no,0.91982,False,distilroberta-base-climate-commitment,Local model,climatebert_multi_20260526T112517Z_c8b7dc
llm_01a6d8279318,no,0.694763,False,distilroberta-base-climate-commitment,Local model,climatebert_multi_20260526T112517Z_c8b7dc
llm_758e4c5ab89e,no,0.920396,False,distilroberta-base-climate-commitment,Local model,climatebert_multi_20260526T112517Z_c8b7dc
llm_f9c012cddf10,no,0.702055,False,distilroberta-base-climate-commitment,Local model,climatebert_multi_20260526T112517Z_c8b7dc
llm_76311d295790,no,0.707275,False,distilroberta-base-climate-commitment,Local model,climatebert_multi_20260526T112517Z_c8b7dc
llm_d4388d188b70,yes,0.590682,True,distilroberta-base-climate-commitment,Local model,climatebert_multi_20260526T112517Z_c8b7dc
llm_0ce5118fd493,no,0.830523,False,distilroberta-base-climate-commitment,Local model,climatebert_multi_20260526T112517Z_c8b7dc
llm_45608503f0d8,no,0.694663,False,distilroberta-base-climate-commitment,Local model,climatebert_multi_20260526T112517Z_c8b7dc
llm_8c6750cf15ee,no,0.690021,False,distilroberta-base-climate-commitment,Local model,climatebert_multi_20260526T112517Z_c8b7dc
llm_509ecd6f72ef,no,0.579982,False,distilroberta-base-climate-commitment,Local model,climatebert_multi_20260526T112517Z_c8b7dc
llm_423a67c01a67,no,0.671113,False,distilroberta-base-climate-commitment,Local model,climatebert_multi_20260526T112517Z_c8b7dc
llm_2b5c5587b38a,no,0.602181,False,distilroberta-base-climate-commitment,Local model,climatebert_multi_20260526T112517Z_c8b7dc
llm_5fd89fee7e95,no,0.746828,False,distilroberta-base-climate-commitment,Local model,climatebert_multi_20260526T112517Z_c8b7dc
llm_b87fd62e716c,no,0.690603,False,distilroberta-base-climate-commitment,Local model,climatebert_multi_20260526T112517Z_c8b7dc
llm_1e950557641f,no,0.900119,False,distilroberta-base-climate-commitment,Local model,climatebert_multi_20260526T112517Z_c8b7dc
llm_b756569a4a84,no,0.654494,False,distilroberta-base-climate-commitment,Local model,climatebert_multi_20260526T112517Z_c8b7dc
llm_c16029025e89,no,0.645413,False,distilroberta-base-climate-commitment,Local model,climatebert_multi_20260526T112517Z_c8b7dc
llm_de39864dd5df,no,0.767082,False,distilroberta-base-climate-commitment,Local model,climatebert_multi_20260526T112517Z_c8b7dc
llm_a0125204d0ae,no,0.665914,False,distilroberta-base-climate-commitment,Local model,climatebert_multi_20260526T112517Z_c8b7dc
llm_028762293c73,no,0.945999,False,distilroberta-base-climate-commitment,Local model,climatebert_multi_20260526T112517Z_c8b7dc
llm_eb0b7cc16bda,no,0.834379,False,distilroberta-base-climate-commitment,Local model,climatebert_multi_20260526T112517Z_c8b7dc
llm_752c9744dee4,no,0.726062,False,distilroberta-base-climate-commitment,Local model,climatebert_multi_20260526T112517Z_c8b7dc
llm_338879c841ea,no,0.931886,False,distilroberta-base-climate-commitment,Local model,climatebert_multi_20260526T112517Z_c8b7dc
llm_020dc718b53c,no,0.962347,False,distilroberta-base-climate-commitment,Local model,climatebert_multi_20260526T112517Z_c8b7dc
llm_a376400ebdcd,no,0.808434,False,distilroberta-base-climate-commitment,Local model,climatebert_multi_20260526T112517Z_c8b7dc
llm_0c92730685b3,no,0.908639,False,distilroberta-base-climate-commitment,Local model,climatebert_multi_20260526T112517Z_c8b7dc
llm_9120ee9bb105,no,0.907634,False,distilroberta-base-climate-commitment,Local model,climatebert_multi_20260526T112517Z_c8b7dc
llm_d85fc7760389,no,0.935067,False,distilroberta-base-climate-commitment,Local model,climatebert_multi_20260526T112517Z_c8b7dc
llm_cac80c562c30,no,0.890222,False,distilroberta-base-climate-commitment,Local model,climatebert_multi_20260526T112517Z_c8b7dc
llm_cdaf1285e2b9,no,0.859567,False,distilroberta-base-climate-commitment,Local model,climatebert_multi_20260526T112517Z_c8b7dc
llm_b42c28b5f0b8,no,0.914626,False,distilroberta-base-climate-commitment,Local model,climatebert_multi_20260526T112517Z_c8b7dc
llm_98df6e6567ff,no,0.923864,False,distilroberta-base-climate-commitment,Local model,climatebert_multi_20260526T112517Z_c8b7dc
llm_9aa0e4762a35,no,0.790622,False,distilroberta-base-climate-commitment,Local model,climatebert_multi_20260526T112517Z_c8b7dc
llm_184726d5b620,no,0.800754,False,distilroberta-base-climate-commitment,Local model,climatebert_multi_20260526T112517Z_c8b7dc
llm_0ec19400642a,no,0.943576,False,distilroberta-base-climate-commitment,Local model,climatebert_multi_20260526T112517Z_c8b7dc
llm_45a6611cddd2,no,0.900565,False,distilroberta-base-climate-commitment,Local model,climatebert_multi_20260526T112517Z_c8b7dc
llm_74d57b2592f7,no,0.943572,False,distilroberta-base-climate-commitment,Local model,climatebert_multi_20260526T112517Z_c8b7dc
llm_5cb73d767422,no,0.938819,False,distilroberta-base-climate-commitment,Local model,climatebert_multi_20260526T112517Z_c8b7dc
llm_034fc8884183,no,0.966684,False,distilroberta-base-climate-commitment,Local model,climatebert_multi_20260526T112517Z_c8b7dc
llm_0f745794cf5a,no,0.853946,False,distilroberta-base-climate-commitment,Local model,climatebert_multi_20260526T112517Z_c8b7dc
llm_f4bfb4f13f79,no,0.987977,False,distilroberta-base-climate-commitment,Local model,climatebert_multi_20260526T112517Z_c8b7dc
llm_234367b17ee8,no,0.938249,False,distilroberta-base-climate-commitment,Local model,climatebert_multi_20260526T112517Z_c8b7dc
llm_da615b556d94,no,0.776667,False,distilroberta-base-climate-commitment,Local model,climatebert_multi_20260526T112517Z_c8b7dc
llm_ed954ebe392f,no,0.983111,False,distilroberta-base-climate-commitment,Local model,climatebert_multi_20260526T112517Z_c8b7dc
llm_b61b264161b9,no,0.979922,False,distilroberta-base-climate-commitment,Local model,climatebert_multi_20260526T112517Z_c8b7dc
llm_f9e2a312e9d4,no,0.852393,False,distilroberta-base-climate-commitment,Local model,climatebert_multi_20260526T112517Z_c8b7dc
llm_321c3e8f6b95,no,0.639954,False,distilroberta-base-climate-commitment,Local model,climatebert_multi_20260526T112517Z_c8b7dc
llm_3433153f8a7e,no,0.91982,False,distilroberta-base-climate-commitment,Local model,climatebert_multi_20260526T112517Z_c8b7dc
llm_074b013e8a5a,no,0.694763,False,distilroberta-base-climate-commitment,Local model,climatebert_multi_20260526T112517Z_c8b7dc
llm_0124c87a6798,no,0.920396,False,distilroberta-base-climate-commitment,Local model,climatebert_multi_20260526T112517Z_c8b7dc
llm_d2a6a4fa5013,no,0.686559,False,distilroberta-base-climate-commitment,Local model,climatebert_multi_20260526T112517Z_c8b7dc
llm_08dfc33b172a,no,0.707275,False,distilroberta-base-climate-commitment,Local model,climatebert_multi_20260526T112517Z_c8b7dc
llm_9964d1151ace,yes,0.590682,True,distilroberta-base-climate-commitment,Local model,climatebert_multi_20260526T112517Z_c8b7dc
llm_271b891b9214,no,0.830523,False,distilroberta-base-climate-commitment,Local model,climatebert_multi_20260526T112517Z_c8b7dc
llm_35ab4e2de178,no,0.694663,False,distilroberta-base-climate-commitment,Local model,climatebert_multi_20260526T112517Z_c8b7dc
llm_d5db51beb334,no,0.690021,False,distilroberta-base-climate-commitment,Local model,climatebert_multi_20260526T112517Z_c8b7dc
llm_5ee936ca1d83,no,0.953418,False,distilroberta-base-climate-commitment,Local model,climatebert_multi_20260526T112517Z_c8b7dc
llm_b694aa483a73,no,0.962282,False,distilroberta-base-climate-commitment,Local model,climatebert_multi_20260526T112517Z_c8b7dc
llm_42a8b7ea4c4f,no,0.74321,False,distilroberta-base-climate-commitment,Local model,climatebert_multi_20260526T112517Z_c8b7dc
llm_cabe0cb3686b,no,0.967918,False,distilroberta-base-climate-commitment,Local model,climatebert_multi_20260526T112517Z_c8b7dc
llm_26e3680b93be,no,0.856538,False,distilroberta-base-climate-commitment,Local model,climatebert_multi_20260526T112517Z_c8b7dc
llm_f252d6db20b9,yes,0.939273,True,distilroberta-base-climate-commitment,Local model,climatebert_multi_20260526T112517Z_c8b7dc
llm_5a36066fa0e2,no,0.88549,False,distilroberta-base-climate-commitment,Local model,climatebert_multi_20260526T112517Z_c8b7dc
llm_714e0e06c8e1,no,0.99185,False,distilroberta-base-climate-commitment,Local model,climatebert_multi_20260526T112517Z_c8b7dc
llm_b201c3d34ef9,no,0.891247,False,distilroberta-base-climate-commitment,Local model,climatebert_multi_20260526T112517Z_c8b7dc
llm_14f26a3a1adf,no,0.88898,False,distilroberta-base-climate-commitment,Local model,climatebert_multi_20260526T112517Z_c8b7dc
llm_8279d24039e3,no,0.97672,False,distilroberta-base-climate-commitment,Local model,climatebert_multi_20260526T112517Z_c8b7dc
llm_07ec681d61c2,no,0.853946,False,distilroberta-base-climate-commitment,Local model,climatebert_multi_20260526T112517Z_c8b7dc
llm_b2497c4aea6b,no,0.987977,False,distilroberta-base-climate-commitment,Local model,climatebert_multi_20260526T112517Z_c8b7dc
llm_07ab8d4ed9f0,no,0.938249,False,distilroberta-base-climate-commitment,Local model,climatebert_multi_20260526T112517Z_c8b7dc
llm_8108ee7b725e,no,0.776667,False,distilroberta-base-climate-commitment,Local model,climatebert_multi_20260526T112517Z_c8b7dc
llm_175b86a19f53,no,0.983111,False,distilroberta-base-climate-commitment,Local model,climatebert_multi_20260526T112517Z_c8b7dc
llm_e1b944b5dbb2,no,0.979922,False,distilroberta-base-climate-commitment,Local model,climatebert_multi_20260526T112517Z_c8b7dc
llm_224b169dd80f,no,0.852393,False,distilroberta-base-climate-commitment,Local model,climatebert_multi_20260526T112517Z_c8b7dc
llm_784302acf975,no,0.639954,False,distilroberta-base-climate-commitment,Local model,climatebert_multi_20260526T112517Z_c8b7dc
llm_52f75fcd8605,no,0.91982,False,distilroberta-base-climate-commitment,Local model,climatebert_multi_20260526T112517Z_c8b7dc
llm_e9cf03f7783e,no,0.694763,False,distilroberta-base-climate-commitment,Local model,climatebert_multi_20260526T112517Z_c8b7dc
llm_c9ca1e1d5b2d,no,0.920396,False,distilroberta-base-climate-commitment,Local model,climatebert_multi_20260526T112517Z_c8b7dc
llm_4f0ae3d14f86,no,0.686559,False,distilroberta-base-climate-commitment,Local model,climatebert_multi_20260526T112517Z_c8b7dc
llm_5cce68edbc5d,no,0.830523,False,distilroberta-base-climate-commitment,Local model,climatebert_multi_20260526T112517Z_c8b7dc
llm_b5f0edc0c99d,no,0.694663,False,distilroberta-base-climate-commitment,Local model,climatebert_multi_20260526T112517Z_c8b7dc
llm_b2dce3922760,no,0.690021,False,distilroberta-base-climate-commitment,Local model,climatebert_multi_20260526T112517Z_c8b7dc
llm_d2d9115ca93c,no,0.948337,False,distilroberta-base-climate-commitment,Local model,climatebert_multi_20260526T112517Z_c8b7dc
llm_1e15e4899c48,no,0.971915,False,distilroberta-base-climate-commitment,Local model,climatebert_multi_20260526T112517Z_c8b7dc
llm_8b11f3036473,no,0.966631,False,distilroberta-base-climate-commitment,Local model,climatebert_multi_20260526T112517Z_c8b7dc
llm_43dc30ff4c32,no,0.754941,False,distilroberta-base-climate-commitment,Local model,climatebert_multi_20260526T112517Z_c8b7dc
llm_099b16a7e631,no,0.972426,False,distilroberta-base-climate-commitment,Local model,climatebert_multi_20260526T112517Z_c8b7dc
llm_a28f636b0141,no,0.974922,False,distilroberta-base-climate-commitment,Local model,climatebert_multi_20260526T112517Z_c8b7dc
llm_8c657604db04,no,0.619772,False,distilroberta-base-climate-commitment,Local model,climatebert_multi_20260526T112517Z_c8b7dc
llm_163de26a8ddd,no,0.781724,False,distilroberta-base-climate-commitment,Local model,climatebert_multi_20260526T112517Z_c8b7dc
llm_b622ef087f12,no,0.908462,False,distilroberta-base-climate-commitment,Local model,climatebert_multi_20260526T112517Z_c8b7dc
llm_467a4e80742e,no,0.889142,False,distilroberta-base-climate-commitment,Local model,climatebert_multi_20260526T112517Z_c8b7dc
llm_27de2dcc5076,no,0.87035,False,distilroberta-base-climate-commitment,Local model,climatebert_multi_20260526T112517Z_c8b7dc
llm_1b9bfa67a192,no,0.864567,False,distilroberta-base-climate-commitment,Local model,climatebert_multi_20260526T112517Z_c8b7dc
llm_373cd16ebc0e,no,0.837644,False,distilroberta-base-climate-commitment,Local model,climatebert_multi_20260526T112517Z_c8b7dc
llm_d594fce36224,no,0.877326,False,distilroberta-base-climate-commitment,Local model,climatebert_multi_20260526T112517Z_c8b7dc
llm_4696424baa77,no,0.768272,False,distilroberta-base-climate-commitment,Local model,climatebert_multi_20260526T112517Z_c8b7dc
llm_5ec6c7398d76,no,0.814983,False,distilroberta-base-climate-commitment,Local model,climatebert_multi_20260526T112517Z_c8b7dc
llm_eb69fec041ee,no,0.820372,False,distilroberta-base-climate-commitment,Local model,climatebert_multi_20260526T112517Z_c8b7dc
llm_372b7c86f49d,no,0.821481,False,distilroberta-base-climate-commitment,Local model,climatebert_multi_20260526T112517Z_c8b7dc
llm_66914db8bb15,no,0.834253,False,distilroberta-base-climate-commitment,Local model,climatebert_multi_20260526T112517Z_c8b7dc
llm_72729d2d05d6,no,0.980745,False,distilroberta-base-climate-commitment,Local model,climatebert_multi_20260526T112517Z_c8b7dc
llm_82da7185a7d2,no,0.874943,False,distilroberta-base-climate-commitment,Local model,climatebert_multi_20260526T112517Z_c8b7dc
llm_8df76aeddca9,no,0.937514,False,distilroberta-base-climate-commitment,Local model,climatebert_multi_20260526T112517Z_c8b7dc
llm_23e65e21f10d,no,0.836695,False,distilroberta-base-climate-commitment,Local model,climatebert_multi_20260526T112517Z_c8b7dc
llm_44562a9c55b6,no,0.992806,False,distilroberta-base-climate-commitment,Local model,climatebert_multi_20260526T112517Z_c8b7dc
llm_267ae58ceda8,no,0.962915,False,distilroberta-base-climate-commitment,Local model,climatebert_multi_20260526T112517Z_c8b7dc
llm_fb919f071faa,no,0.913563,False,distilroberta-base-climate-commitment,Local model,climatebert_multi_20260526T112517Z_c8b7dc
llm_aee304a37cab,no,0.908639,False,distilroberta-base-climate-commitment,Local model,climatebert_multi_20260526T112517Z_c8b7dc
llm_289812a28aa3,no,0.907634,False,distilroberta-base-climate-commitment,Local model,climatebert_multi_20260526T112517Z_c8b7dc
llm_9bbd95a5f156,no,0.935067,False,distilroberta-base-climate-commitment,Local model,climatebert_multi_20260526T112517Z_c8b7dc
llm_01823b87c48b,no,0.966496,False,distilroberta-base-climate-commitment,Local model,climatebert_multi_20260526T112517Z_c8b7dc
llm_02e9062793c0,no,0.60886,False,distilroberta-base-climate-commitment,Local model,climatebert_multi_20260526T112517Z_c8b7dc
llm_83dbc8e61ebe,no,0.664647,False,distilroberta-base-climate-commitment,Local model,climatebert_multi_20260526T112517Z_c8b7dc
llm_bc9aa7fa2ded,no,0.886143,False,distilroberta-base-climate-commitment,Local model,climatebert_multi_20260526T112517Z_c8b7dc
llm_8cddd2a28f78,no,0.957462,False,distilroberta-base-climate-commitment,Local model,climatebert_multi_20260526T112517Z_c8b7dc
llm_0ed3cce8876e,no,0.853333,False,distilroberta-base-climate-commitment,Local model,climatebert_multi_20260526T112517Z_c8b7dc
llm_746ee0ea7149,no,0.805722,False,distilroberta-base-climate-commitment,Local model,climatebert_multi_20260526T112517Z_c8b7dc
llm_d6fa66424dfc,no,0.820372,False,distilroberta-base-climate-commitment,Local model,climatebert_multi_20260526T112517Z_c8b7dc
llm_ad104c5f93bb,no,0.814646,False,distilroberta-base-climate-commitment,Local model,climatebert_multi_20260526T112517Z_c8b7dc
llm_8e9b2974f892,no,0.877585,False,distilroberta-base-climate-commitment,Local model,climatebert_multi_20260526T112517Z_c8b7dc
llm_693da181f4cf,no,0.864347,False,distilroberta-base-climate-commitment,Local model,climatebert_multi_20260526T112517Z_c8b7dc
llm_891b609fd494,no,0.780909,False,distilroberta-base-climate-commitment,Local model,climatebert_multi_20260526T112517Z_c8b7dc
llm_ee9f634353c3,no,0.91898,False,distilroberta-base-climate-commitment,Local model,climatebert_multi_20260526T112517Z_c8b7dc
llm_f5dfccdc5043,no,0.910919,False,distilroberta-base-climate-commitment,Local model,climatebert_multi_20260526T112517Z_c8b7dc
llm_8bd7fae04ae1,no,0.901655,False,distilroberta-base-climate-commitment,Local model,climatebert_multi_20260526T112517Z_c8b7dc
llm_43fb038195f4,no,0.987977,False,distilroberta-base-climate-commitment,Local model,climatebert_multi_20260526T112517Z_c8b7dc
llm_421721092069,no,0.694763,False,distilroberta-base-climate-commitment,Local model,climatebert_multi_20260526T112517Z_c8b7dc
llm_f3c54d538a5b,no,0.853946,False,distilroberta-base-climate-commitment,Local model,climatebert_multi_20260526T112517Z_c8b7dc
llm_100f73918255,no,0.987977,False,distilroberta-base-climate-commitment,Local model,climatebert_multi_20260526T112517Z_c8b7dc
llm_a217d3ac9ae0,no,0.938249,False,distilroberta-base-climate-commitment,Local model,climatebert_multi_20260526T112517Z_c8b7dc
llm_d7dce38ae285,no,0.776667,False,distilroberta-base-climate-commitment,Local model,climatebert_multi_20260526T112517Z_c8b7dc
llm_550a71795e64,no,0.942876,False,distilroberta-base-climate-commitment,Local model,climatebert_multi_20260526T112517Z_c8b7dc
llm_22860fc3d455,no,0.938782,False,distilroberta-base-climate-commitment,Local model,climatebert_multi_20260526T112517Z_c8b7dc
llm_bb147aff7048,no,0.796796,False,distilroberta-base-climate-commitment,Local model,climatebert_multi_20260526T112517Z_c8b7dc
llm_f40b0424de39,no,0.838258,False,distilroberta-base-climate-commitment,Local model,climatebert_multi_20260526T112517Z_c8b7dc
llm_51884ad8a86c,no,0.960961,False,distilroberta-base-climate-commitment,Local model,climatebert_multi_20260526T112517Z_c8b7dc
llm_4e517c4a6a6e,no,0.931886,False,distilroberta-base-climate-commitment,Local model,climatebert_multi_20260526T112517Z_c8b7dc
llm_8970e01a57f3,no,0.962347,False,distilroberta-base-climate-commitment,Local model,climatebert_multi_20260526T112517Z_c8b7dc
llm_7bbfd6c27f6d,no,0.837181,False,distilroberta-base-climate-commitment,Local model,climatebert_multi_20260526T112517Z_c8b7dc
llm_27aa10bb3e90,no,0.908639,False,distilroberta-base-climate-commitment,Local model,climatebert_multi_20260526T112517Z_c8b7dc
llm_da81629ad531,no,0.935067,False,distilroberta-base-climate-commitment,Local model,climatebert_multi_20260526T112517Z_c8b7dc
llm_2bddb04c6e8e,no,0.890222,False,distilroberta-base-climate-commitment,Local model,climatebert_multi_20260526T112517Z_c8b7dc
llm_268f36cc258e,no,0.859567,False,distilroberta-base-climate-commitment,Local model,climatebert_multi_20260526T112517Z_c8b7dc
llm_05f8700e9746,no,0.914626,False,distilroberta-base-climate-commitment,Local model,climatebert_multi_20260526T112517Z_c8b7dc
llm_977619b610a7,no,0.92779,False,distilroberta-base-climate-commitment,Local model,climatebert_multi_20260526T112517Z_c8b7dc
llm_d8700b52042f,no,0.811136,False,distilroberta-base-climate-commitment,Local model,climatebert_multi_20260526T112517Z_c8b7dc
llm_94c96f50e8fa,no,0.897347,False,distilroberta-base-climate-commitment,Local model,climatebert_multi_20260526T112517Z_c8b7dc
llm_b49f6a2a8c1a,no,0.892271,False,distilroberta-base-climate-commitment,Local model,climatebert_multi_20260526T112517Z_c8b7dc
llm_a6527bdeea79,no,0.848494,False,distilroberta-base-climate-commitment,Local model,climatebert_multi_20260526T112517Z_c8b7dc
llm_7cc9869096aa,no,0.912926,False,distilroberta-base-climate-commitment,Local model,climatebert_multi_20260526T112517Z_c8b7dc
llm_0f3280c9e017,no,0.638969,False,distilroberta-base-climate-commitment,Local model,climatebert_multi_20260526T112517Z_c8b7dc
llm_c594ff4c951b,no,0.623499,False,distilroberta-base-climate-commitment,Local model,climatebert_multi_20260526T112517Z_c8b7dc
llm_9fab3906f737,yes,0.553216,True,distilroberta-base-climate-commitment,Local model,climatebert_multi_20260526T112517Z_c8b7dc
llm_bda4cc8ee067,no,0.741499,False,distilroberta-base-climate-commitment,Local model,climatebert_multi_20260526T112517Z_c8b7dc
llm_9c56d813a2f9,no,0.693778,False,distilroberta-base-climate-commitment,Local model,climatebert_multi_20260526T112517Z_c8b7dc
llm_a1bc89b3e030,no,0.626118,False,distilroberta-base-climate-commitment,Local model,climatebert_multi_20260526T112517Z_c8b7dc
llm_c625d781ea9d,no,0.79471,False,distilroberta-base-climate-commitment,Local model,climatebert_multi_20260526T112517Z_c8b7dc
llm_ab7ce6281385,no,0.626118,False,distilroberta-base-climate-commitment,Local model,climatebert_multi_20260526T112517Z_c8b7dc
llm_3eb3a99f00cf,no,0.733562,False,distilroberta-base-climate-commitment,Local model,climatebert_multi_20260526T112517Z_c8b7dc
llm_8d641110b0ac,no,0.682,False,distilroberta-base-climate-commitment,Local model,climatebert_multi_20260526T112517Z_c8b7dc
llm_cfed2f2ed33b,no,0.990683,False,distilroberta-base-climate-commitment,Local model,climatebert_multi_20260526T112517Z_c8b7dc
llm_954257c12c89,no,0.69099,False,distilroberta-base-climate-commitment,Local model,climatebert_multi_20260526T112517Z_c8b7dc
llm_8509c2993976,no,0.529244,False,distilroberta-base-climate-commitment,Local model,climatebert_multi_20260526T112517Z_c8b7dc
llm_6e26988d4816,no,0.896893,False,distilroberta-base-climate-commitment,Local model,climatebert_multi_20260526T112517Z_c8b7dc
llm_00aa2874e8b0,no,0.837181,False,distilroberta-base-climate-commitment,Local model,climatebert_multi_20260526T112517Z_c8b7dc
llm_1f95ca08050d,yes,0.946691,True,distilroberta-base-climate-commitment,Local model,climatebert_multi_20260526T112517Z_c8b7dc
llm_179ad807721b,no,0.912599,False,distilroberta-base-climate-commitment,Local model,climatebert_multi_20260526T112517Z_c8b7dc
llm_f2e1e61aeb3b,no,0.877326,False,distilroberta-base-climate-commitment,Local model,climatebert_multi_20260526T112517Z_c8b7dc
llm_a43e4e9d1988,no,0.715755,False,distilroberta-base-climate-commitment,Local model,climatebert_multi_20260526T112517Z_c8b7dc
llm_b4f717caaf18,no,0.768272,False,distilroberta-base-climate-commitment,Local model,climatebert_multi_20260526T112517Z_c8b7dc
llm_8c15ec7a0a81,no,0.816713,False,distilroberta-base-climate-commitment,Local model,climatebert_multi_20260526T112517Z_c8b7dc
llm_d31623eef918,no,0.820372,False,distilroberta-base-climate-commitment,Local model,climatebert_multi_20260526T112517Z_c8b7dc
llm_b8f2d506f4f4,no,0.814646,False,distilroberta-base-climate-commitment,Local model,climatebert_multi_20260526T112517Z_c8b7dc
llm_07fe8069c1d9,no,0.819272,False,distilroberta-base-climate-commitment,Local model,climatebert_multi_20260526T112517Z_c8b7dc
llm_69b906e963f3,no,0.779625,False,distilroberta-base-climate-commitment,Local model,climatebert_multi_20260526T112517Z_c8b7dc
llm_be371183eae0,no,0.779625,False,distilroberta-base-climate-commitment,Local model,climatebert_multi_20260526T112517Z_c8b7dc
llm_ebfb62cf54c0,no,0.839232,False,distilroberta-base-climate-commitment,Local model,climatebert_multi_20260526T112517Z_c8b7dc
llm_23d0ec30b77a,no,0.814169,False,distilroberta-base-climate-commitment,Local model,climatebert_multi_20260526T112517Z_c8b7dc
llm_70450b23ca27,no,0.931245,False,distilroberta-base-climate-commitment,Local model,climatebert_multi_20260526T112517Z_c8b7dc
llm_3e4b1ed4ebad,yes,0.986171,True,distilroberta-base-climate-commitment,Local model,climatebert_multi_20260526T112517Z_c8b7dc
llm_3f7672ee9f6c,no,0.78297,False,distilroberta-base-climate-commitment,Local model,climatebert_multi_20260526T112517Z_c8b7dc
llm_9951c91a42c4,yes,0.991391,True,distilroberta-base-climate-commitment,Local model,climatebert_multi_20260526T112517Z_c8b7dc
llm_e944aa1ae21e,yes,0.957431,True,distilroberta-base-climate-commitment,Local model,climatebert_multi_20260526T112517Z_c8b7dc
llm_1f01e1587851,yes,0.989543,True,distilroberta-base-climate-commitment,Local model,climatebert_multi_20260526T112517Z_c8b7dc
llm_48ca1cf3071d,no,0.900655,False,distilroberta-base-climate-commitment,Local model,climatebert_multi_20260526T112517Z_c8b7dc
llm_4dbb860be1d2,no,0.953712,False,distilroberta-base-climate-commitment,Local model,climatebert_multi_20260526T112517Z_c8b7dc
llm_2746e8f71777,no,0.970466,False,distilroberta-base-climate-commitment,Local model,climatebert_multi_20260526T112517Z_c8b7dc
llm_e1b2ba54955b,no,0.992135,False,distilroberta-base-climate-commitment,Local model,climatebert_multi_20260526T112517Z_c8b7dc
llm_919086c1afe1,no,0.989943,False,distilroberta-base-climate-commitment,Local model,climatebert_multi_20260526T112517Z_c8b7dc
llm_13aa6f29442a,no,0.994959,False,distilroberta-base-climate-commitment,Local model,climatebert_multi_20260526T112517Z_c8b7dc
llm_424a7d9103de,no,0.779625,False,distilroberta-base-climate-commitment,Local model,climatebert_multi_20260526T112517Z_c8b7dc
llm_8c5e213beb12,no,0.879495,False,distilroberta-base-climate-commitment,Local model,climatebert_multi_20260526T112517Z_c8b7dc
llm_1138e657f7fc,no,0.987022,False,distilroberta-base-climate-commitment,Local model,climatebert_multi_20260526T112517Z_c8b7dc
llm_b3f0ab600e5b,no,0.953659,False,distilroberta-base-climate-commitment,Local model,climatebert_multi_20260526T112517Z_c8b7dc
llm_dc24120d4f06,no,0.875432,False,distilroberta-base-climate-commitment,Local model,climatebert_multi_20260526T112517Z_c8b7dc
llm_865e601d7b23,no,0.989696,False,distilroberta-base-climate-commitment,Local model,climatebert_multi_20260526T112517Z_c8b7dc
llm_6ed06f2f4068,no,0.95413,False,distilroberta-base-climate-commitment,Local model,climatebert_multi_20260526T112517Z_c8b7dc
llm_10ab8b07ae75,no,0.746801,False,distilroberta-base-climate-commitment,Local model,climatebert_multi_20260526T112517Z_c8b7dc
llm_5ab2da580d10,no,0.561165,False,distilroberta-base-climate-commitment,Local model,climatebert_multi_20260526T112517Z_c8b7dc
llm_f16e725b9149,no,0.950842,False,distilroberta-base-climate-commitment,Local model,climatebert_multi_20260526T112517Z_c8b7dc
llm_57b827406a70,no,0.981365,False,distilroberta-base-climate-commitment,Local model,climatebert_multi_20260526T112517Z_c8b7dc
llm_017cda6ac335,no,0.692814,False,distilroberta-base-climate-commitment,Local model,climatebert_multi_20260526T112517Z_c8b7dc
llm_cd62e6ed3e56,yes,0.962459,True,distilroberta-base-climate-commitment,Local model,climatebert_multi_20260526T112517Z_c8b7dc
llm_d83a24c52619,no,0.861624,False,distilroberta-base-climate-commitment,Local model,climatebert_multi_20260526T112517Z_c8b7dc
llm_cb3b0893b8ba,no,0.925692,False,distilroberta-base-climate-commitment,Local model,climatebert_multi_20260526T112517Z_c8b7dc
llm_498e0389554d,no,0.885391,False,distilroberta-base-climate-commitment,Local model,climatebert_multi_20260526T112517Z_c8b7dc
llm_1ccc540e765a,yes,0.702551,True,distilroberta-base-climate-commitment,Local model,climatebert_multi_20260526T112517Z_c8b7dc
llm_1a5e4b23d177,no,0.982823,False,distilroberta-base-climate-commitment,Local model,climatebert_multi_20260526T112517Z_c8b7dc
llm_47af6c001e2a,no,0.923416,False,distilroberta-base-climate-commitment,Local model,climatebert_multi_20260526T112517Z_c8b7dc
llm_6ea954270639,no,0.990336,False,distilroberta-base-climate-commitment,Local model,climatebert_multi_20260526T112517Z_c8b7dc
llm_76d35eb57408,no,0.997353,False,distilroberta-base-climate-commitment,Local model,climatebert_multi_20260526T112517Z_c8b7dc
llm_92a4d4665782,yes,0.996092,True,distilroberta-base-climate-commitment,Local model,climatebert_multi_20260526T112517Z_c8b7dc
llm_940b8bd5fa47,no,0.997193,False,distilroberta-base-climate-commitment,Local model,climatebert_multi_20260526T112517Z_c8b7dc
llm_13c97ee4c6cc,no,0.99916,False,distilroberta-base-climate-commitment,Local model,climatebert_multi_20260526T112517Z_c8b7dc
llm_20103ebb8e1c,no,0.779625,False,distilroberta-base-climate-commitment,Local model,climatebert_multi_20260526T112517Z_c8b7dc
llm_ccbf87db0a2f,no,0.989553,False,distilroberta-base-climate-commitment,Local model,climatebert_multi_20260526T112517Z_c8b7dc
llm_54c7abe3b771,no,0.983155,False,distilroberta-base-climate-commitment,Local model,climatebert_multi_20260526T112517Z_c8b7dc
llm_c56004912ccb,no,0.989913,False,distilroberta-base-climate-commitment,Local model,climatebert_multi_20260526T112517Z_c8b7dc
llm_0fd1482c72f8,no,0.97433,False,distilroberta-base-climate-commitment,Local model,climatebert_multi_20260526T112517Z_c8b7dc
llm_dac2676c0aff,no,0.94929,False,distilroberta-base-climate-commitment,Local model,climatebert_multi_20260526T112517Z_c8b7dc
llm_6767b4c14bb4,no,0.984668,False,distilroberta-base-climate-commitment,Local model,climatebert_multi_20260526T112517Z_c8b7dc
llm_eb81166f1ce0,yes,0.977737,True,distilroberta-base-climate-commitment,Local model,climatebert_multi_20260526T112517Z_c8b7dc
llm_905c4149bb7b,no,0.875549,False,distilroberta-base-climate-commitment,Local model,climatebert_multi_20260526T112517Z_c8b7dc
llm_e699a6431dde,no,0.885391,False,distilroberta-base-climate-commitment,Local model,climatebert_multi_20260526T112517Z_c8b7dc
llm_bdd3ac983a43,no,0.938277,False,distilroberta-base-climate-commitment,Local model,climatebert_multi_20260526T112517Z_c8b7dc
llm_baf4a4550716,no,0.5626,False,distilroberta-base-climate-commitment,Local model,climatebert_multi_20260526T112517Z_c8b7dc
llm_37598593d721,no,0.955898,False,distilroberta-base-climate-commitment,Local model,climatebert_multi_20260526T112517Z_c8b7dc
llm_ae36dc7e9c0a,no,0.779625,False,distilroberta-base-climate-commitment,Local model,climatebert_multi_20260526T112517Z_c8b7dc
llm_e7128456ba2c,no,0.822556,False,distilroberta-base-climate-commitment,Local model,climatebert_multi_20260526T112517Z_c8b7dc
llm_27d69929767e,no,0.800166,False,distilroberta-base-climate-commitment,Local model,climatebert_multi_20260526T112517Z_c8b7dc
llm_c0d7da61c088,no,0.842598,False,distilroberta-base-climate-commitment,Local model,climatebert_multi_20260526T112517Z_c8b7dc
llm_196ebd23fcc8,no,0.981852,False,distilroberta-base-climate-commitment,Local model,climatebert_multi_20260526T112517Z_c8b7dc
llm_de120cc0f4b9,no,0.961615,False,distilroberta-base-climate-commitment,Local model,climatebert_multi_20260526T112517Z_c8b7dc
llm_41475cd2b6ba,no,0.987064,False,distilroberta-base-climate-commitment,Local model,climatebert_multi_20260526T112517Z_c8b7dc
llm_aac2d8c22916,no,0.983658,False,distilroberta-base-climate-commitment,Local model,climatebert_multi_20260526T112517Z_c8b7dc
llm_31f690f5694d,no,0.969809,False,distilroberta-base-climate-commitment,Local model,climatebert_multi_20260526T112517Z_c8b7dc
llm_56d107bca409,no,0.794591,False,distilroberta-base-climate-commitment,Local model,climatebert_multi_20260526T112517Z_c8b7dc
llm_4d231edb2ab4,no,0.630404,False,distilroberta-base-climate-commitment,Local model,climatebert_multi_20260526T112517Z_c8b7dc
llm_2dcfd5cd5472,no,0.889142,False,distilroberta-base-climate-commitment,Local model,climatebert_multi_20260526T112517Z_c8b7dc
llm_afddd504f356,no,0.883286,False,distilroberta-base-climate-commitment,Local model,climatebert_multi_20260526T112517Z_c8b7dc
llm_b486aebf7192,no,0.956463,False,distilroberta-base-climate-commitment,Local model,climatebert_multi_20260526T112517Z_c8b7dc
llm_e64963a7d264,no,0.982948,False,distilroberta-base-climate-commitment,Local model,climatebert_multi_20260526T112517Z_c8b7dc
llm_a5016af21eb4,no,0.563525,False,distilroberta-base-climate-commitment,Local model,climatebert_multi_20260526T112517Z_c8b7dc
llm_5406b315b5ec,no,0.902218,False,distilroberta-base-climate-commitment,Local model,climatebert_multi_20260526T112517Z_c8b7dc
llm_65710c20a12e,no,0.927938,False,distilroberta-base-climate-commitment,Local model,climatebert_multi_20260526T112517Z_c8b7dc
llm_7279a5f73f93,no,0.646494,False,distilroberta-base-climate-commitment,Local model,climatebert_multi_20260526T112517Z_c8b7dc
llm_b75af506256d,no,0.61724,False,distilroberta-base-climate-commitment,Local model,climatebert_multi_20260526T112517Z_c8b7dc
llm_9ef71f2caf0c,no,0.679183,False,distilroberta-base-climate-commitment,Local model,climatebert_multi_20260526T112517Z_c8b7dc
llm_5cbce5b53f71,no,0.779625,False,distilroberta-base-climate-commitment,Local model,climatebert_multi_20260526T112517Z_c8b7dc
llm_dbf903104ba6,no,0.727819,False,distilroberta-base-climate-commitment,Local model,climatebert_multi_20260526T112517Z_c8b7dc
llm_e7dbd329863a,no,0.945312,False,distilroberta-base-climate-commitment,Local model,climatebert_multi_20260526T112517Z_c8b7dc
llm_e5e5b120ae59,no,0.851238,False,distilroberta-base-climate-commitment,Local model,climatebert_multi_20260526T112517Z_c8b7dc
llm_85757220405e,no,0.917867,False,distilroberta-base-climate-commitment,Local model,climatebert_multi_20260526T112517Z_c8b7dc
llm_737861eaf271,no,0.812493,False,distilroberta-base-climate-commitment,Local model,climatebert_multi_20260526T112517Z_c8b7dc
llm_c1fa8b1bc08d,no,0.779625,False,distilroberta-base-climate-commitment,Local model,climatebert_multi_20260526T112517Z_c8b7dc
llm_f44e5e31bb75,no,0.961619,False,distilroberta-base-climate-commitment,Local model,climatebert_multi_20260526T112517Z_c8b7dc
llm_327d485a9ee5,no,0.879154,False,distilroberta-base-climate-commitment,Local model,climatebert_multi_20260526T112517Z_c8b7dc
llm_aec0f8e6763e,no,0.959975,False,distilroberta-base-climate-commitment,Local model,climatebert_multi_20260526T112517Z_c8b7dc
llm_3b5957e27ebe,no,0.771036,False,distilroberta-base-climate-commitment,Local model,climatebert_multi_20260526T112517Z_c8b7dc
llm_55fe5df1e174,no,0.908314,False,distilroberta-base-climate-commitment,Local model,climatebert_multi_20260526T112517Z_c8b7dc
llm_84ad6201cd22,no,0.842376,False,distilroberta-base-climate-commitment,Local model,climatebert_multi_20260526T112517Z_c8b7dc
llm_09a736851261,yes,0.956036,True,distilroberta-base-climate-commitment,Local model,climatebert_multi_20260526T112517Z_c8b7dc
llm_d76d66bc827b,no,0.978977,False,distilroberta-base-climate-commitment,Local model,climatebert_multi_20260526T112517Z_c8b7dc
llm_c1d60f113da2,yes,0.996322,True,distilroberta-base-climate-commitment,Local model,climatebert_multi_20260526T112517Z_c8b7dc
llm_7b6f6b785a00,no,0.795378,False,distilroberta-base-climate-commitment,Local model,climatebert_multi_20260526T112517Z_c8b7dc
llm_335f67285b7f,no,0.787091,False,distilroberta-base-climate-commitment,Local model,climatebert_multi_20260526T112517Z_c8b7dc
llm_e6a0b51f1f6f,no,0.925692,False,distilroberta-base-climate-commitment,Local model,climatebert_multi_20260526T112517Z_c8b7dc
llm_80bc490660df,no,0.889696,False,distilroberta-base-climate-commitment,Local model,climatebert_multi_20260526T112517Z_c8b7dc
llm_7c4c2ca1e292,yes,0.957431,True,distilroberta-base-climate-commitment,Local model,climatebert_multi_20260526T112517Z_c8b7dc
llm_86f8d6a86b21,yes,0.973798,True,distilroberta-base-climate-commitment,Local model,climatebert_multi_20260526T112517Z_c8b7dc
llm_58c6f4c7c9fe,no,0.918109,False,distilroberta-base-climate-commitment,Local model,climatebert_multi_20260526T112517Z_c8b7dc
llm_c9549eeb0b01,no,0.886431,False,distilroberta-base-climate-commitment,Local model,climatebert_multi_20260526T112517Z_c8b7dc
llm_68fa82a6ba56,no,0.949117,False,distilroberta-base-climate-commitment,Local model,climatebert_multi_20260526T112517Z_c8b7dc
llm_733a4dbb7741,no,0.937123,False,distilroberta-base-climate-commitment,Local model,climatebert_multi_20260526T112517Z_c8b7dc
llm_6bbfc051bb51,no,0.850138,False,distilroberta-base-climate-commitment,Local model,climatebert_multi_20260526T112517Z_c8b7dc
llm_07f8f79cb1a7,no,0.897287,False,distilroberta-base-climate-commitment,Local model,climatebert_multi_20260526T112517Z_c8b7dc
llm_bb3ea0aa38fc,no,0.935848,False,distilroberta-base-climate-commitment,Local model,climatebert_multi_20260526T112517Z_c8b7dc
llm_edae203027bd,no,0.875549,False,distilroberta-base-climate-commitment,Local model,climatebert_multi_20260526T112517Z_c8b7dc
llm_976b7ceccc9c,yes,0.997026,True,distilroberta-base-climate-commitment,Local model,climatebert_multi_20260526T112517Z_c8b7dc
llm_98cfe3f50046,no,0.994578,False,distilroberta-base-climate-commitment,Local model,climatebert_multi_20260526T112517Z_c8b7dc
llm_b805d92fd25c,no,0.958244,False,distilroberta-base-climate-commitment,Local model,climatebert_multi_20260526T112517Z_c8b7dc
llm_d1a67bda13ea,no,0.915229,False,distilroberta-base-climate-commitment,Local model,climatebert_multi_20260526T112517Z_c8b7dc
llm_38920bf6ae5b,no,0.90532,False,distilroberta-base-climate-commitment,Local model,climatebert_multi_20260526T112517Z_c8b7dc
llm_f55500000290,no,0.986998,False,distilroberta-base-climate-commitment,Local model,climatebert_multi_20260526T112517Z_c8b7dc
llm_8031208f4e61,no,0.996252,False,distilroberta-base-climate-commitment,Local model,climatebert_multi_20260526T112517Z_c8b7dc
llm_266f16ef5804,no,0.997426,False,distilroberta-base-climate-commitment,Local model,climatebert_multi_20260526T112517Z_c8b7dc
llm_ae3e5ce48a0e,no,0.992067,False,distilroberta-base-climate-commitment,Local model,climatebert_multi_20260526T112517Z_c8b7dc
llm_7a378cabb022,no,0.718812,False,distilroberta-base-climate-commitment,Local model,climatebert_multi_20260526T112517Z_c8b7dc
llm_72a2fdaf746d,no,0.704456,False,distilroberta-base-climate-commitment,Local model,climatebert_multi_20260526T112517Z_c8b7dc
llm_0947febd56e5,no,0.982083,False,distilroberta-base-climate-commitment,Local model,climatebert_multi_20260526T112517Z_c8b7dc
llm_b52e751065e2,yes,0.73662,True,distilroberta-base-climate-commitment,Local model,climatebert_multi_20260526T112517Z_c8b7dc
llm_9d54b677443f,no,0.948079,False,distilroberta-base-climate-commitment,Local model,climatebert_multi_20260526T112517Z_c8b7dc
llm_506cc58878f1,yes,0.935361,True,distilroberta-base-climate-commitment,Local model,climatebert_multi_20260526T112517Z_c8b7dc
llm_465605e79867,no,0.998074,False,distilroberta-base-climate-commitment,Local model,climatebert_multi_20260526T112517Z_c8b7dc
llm_3583b9c7d928,no,0.861624,False,distilroberta-base-climate-commitment,Local model,climatebert_multi_20260526T112517Z_c8b7dc
llm_79312cfb847a,no,0.925692,False,distilroberta-base-climate-commitment,Local model,climatebert_multi_20260526T112517Z_c8b7dc
llm_4a8b8e4acb4c,no,0.885391,False,distilroberta-base-climate-commitment,Local model,climatebert_multi_20260526T112517Z_c8b7dc
llm_b7bafa53663a,yes,0.702551,True,distilroberta-base-climate-commitment,Local model,climatebert_multi_20260526T112517Z_c8b7dc
llm_be41fd5af895,no,0.870359,False,distilroberta-base-climate-commitment,Local model,climatebert_multi_20260526T112517Z_c8b7dc
llm_1f4acff96ec7,no,0.795659,False,distilroberta-base-climate-commitment,Local model,climatebert_multi_20260526T112517Z_c8b7dc
llm_d3239076b5d6,no,0.771504,False,distilroberta-base-climate-commitment,Local model,climatebert_multi_20260526T112517Z_c8b7dc
llm_8f1d4fb54b89,no,0.935887,False,distilroberta-base-climate-commitment,Local model,climatebert_multi_20260526T112517Z_c8b7dc
llm_4aa77ce2d36c,no,0.848353,False,distilroberta-base-climate-commitment,Local model,climatebert_multi_20260526T112517Z_c8b7dc
llm_fbbaadf9b35e,no,0.8511,False,distilroberta-base-climate-commitment,Local model,climatebert_multi_20260526T112517Z_c8b7dc
llm_460cd29005cb,no,0.992173,False,distilroberta-base-climate-commitment,Local model,climatebert_multi_20260526T112517Z_c8b7dc
llm_82b90771d05a,no,0.852393,False,distilroberta-base-climate-commitment,Local model,climatebert_multi_20260526T112517Z_c8b7dc
llm_28302a534610,no,0.958826,False,distilroberta-base-climate-commitment,Local model,climatebert_multi_20260526T112517Z_c8b7dc
llm_327cba57dba9,no,0.988815,False,distilroberta-base-climate-commitment,Local model,climatebert_multi_20260526T112517Z_c8b7dc
llm_d77254366980,no,0.983658,False,distilroberta-base-climate-commitment,Local model,climatebert_multi_20260526T112517Z_c8b7dc
llm_11934e342836,no,0.975145,False,distilroberta-base-climate-commitment,Local model,climatebert_multi_20260526T112517Z_c8b7dc
llm_e0a539189773,yes,0.956729,True,distilroberta-base-climate-commitment,Local model,climatebert_multi_20260526T112517Z_c8b7dc
llm_9a20d91fbf1a,no,0.961615,False,distilroberta-base-climate-commitment,Local model,climatebert_multi_20260526T112517Z_c8b7dc
llm_9f6dd15b1992,no,0.78394,False,distilroberta-base-climate-commitment,Local model,climatebert_multi_20260526T112517Z_c8b7dc
llm_635dcd39d6c3,no,0.995229,False,distilroberta-base-climate-commitment,Local model,climatebert_multi_20260526T112517Z_c8b7dc
llm_ad37b8ec9795,no,0.839232,False,distilroberta-base-climate-commitment,Local model,climatebert_multi_20260526T112517Z_c8b7dc
llm_199deaf6ee74,no,0.860823,False,distilroberta-base-climate-commitment,Local model,climatebert_multi_20260526T112517Z_c8b7dc
llm_c9f4b15bf850,no,0.800166,False,distilroberta-base-climate-commitment,Local model,climatebert_multi_20260526T112517Z_c8b7dc
llm_8a4ebdef015c,no,0.896702,False,distilroberta-base-climate-commitment,Local model,climatebert_multi_20260526T112517Z_c8b7dc
llm_b7cc6a5982e7,no,0.933834,False,distilroberta-base-climate-commitment,Local model,climatebert_multi_20260526T112517Z_c8b7dc
llm_5013313fa4d6,no,0.988009,False,distilroberta-base-climate-commitment,Local model,climatebert_multi_20260526T112517Z_c8b7dc
llm_045d28bd8df5,no,0.962436,False,distilroberta-base-climate-commitment,Local model,climatebert_multi_20260526T112517Z_c8b7dc
llm_a641b4a0e56a,no,0.765041,False,distilroberta-base-climate-commitment,Local model,climatebert_multi_20260526T112517Z_c8b7dc
llm_046fb6357ea2,no,0.990058,False,distilroberta-base-climate-commitment,Local model,climatebert_multi_20260526T112517Z_c8b7dc
llm_b66a10264e97,no,0.95852,False,distilroberta-base-climate-commitment,Local model,climatebert_multi_20260526T112517Z_c8b7dc
llm_1e72482fbc1a,no,0.981899,False,distilroberta-base-climate-commitment,Local model,climatebert_multi_20260526T112517Z_c8b7dc
llm_1169f861ddff,no,0.648045,False,distilroberta-base-climate-commitment,Local model,climatebert_multi_20260526T112517Z_c8b7dc
llm_cbc49d12e6cf,no,0.749663,False,distilroberta-base-climate-commitment,Local model,climatebert_multi_20260526T112517Z_c8b7dc
llm_d3c47ac27c7d,no,0.800166,False,distilroberta-base-climate-commitment,Local model,climatebert_multi_20260526T112517Z_c8b7dc
llm_afbd0f41f7f0,no,0.842598,False,distilroberta-base-climate-commitment,Local model,climatebert_multi_20260526T112517Z_c8b7dc
llm_723b373693b3,no,0.900927,False,distilroberta-base-climate-commitment,Local model,climatebert_multi_20260526T112517Z_c8b7dc
llm_c29e58638a90,no,0.981852,False,distilroberta-base-climate-commitment,Local model,climatebert_multi_20260526T112517Z_c8b7dc
llm_4b619bcbcbd1,no,0.961615,False,distilroberta-base-climate-commitment,Local model,climatebert_multi_20260526T112517Z_c8b7dc
llm_292be51ff1a5,no,0.630404,False,distilroberta-base-climate-commitment,Local model,climatebert_multi_20260526T112517Z_c8b7dc
llm_45f36e2a6747,no,0.794591,False,distilroberta-base-climate-commitment,Local model,climatebert_multi_20260526T112517Z_c8b7dc
llm_4c010d358847,no,0.889142,False,distilroberta-base-climate-commitment,Local model,climatebert_multi_20260526T112517Z_c8b7dc
llm_411973375558,no,0.883286,False,distilroberta-base-climate-commitment,Local model,climatebert_multi_20260526T112517Z_c8b7dc
llm_94a54e3d5889,no,0.708236,False,distilroberta-base-climate-commitment,Local model,climatebert_multi_20260526T112517Z_c8b7dc
llm_2b70501b0d7b,no,0.749663,False,distilroberta-base-climate-commitment,Local model,climatebert_multi_20260526T112517Z_c8b7dc
llm_a235c391f980,no,0.92657,False,distilroberta-base-climate-commitment,Local model,climatebert_multi_20260526T112517Z_c8b7dc
llm_ddd88caead04,no,0.969578,False,distilroberta-base-climate-commitment,Local model,climatebert_multi_20260526T112517Z_c8b7dc
llm_9c933d80dcca,no,0.793549,False,distilroberta-base-climate-commitment,Local model,climatebert_multi_20260526T112517Z_c8b7dc
llm_f3c8e89c64f2,no,0.890339,False,distilroberta-base-climate-commitment,Local model,climatebert_multi_20260526T112517Z_c8b7dc
llm_a90b218e761e,no,0.594089,False,distilroberta-base-climate-commitment,Local model,climatebert_multi_20260526T112517Z_c8b7dc
llm_1148e97796c0,no,0.736294,False,distilroberta-base-climate-commitment,Local model,climatebert_multi_20260526T112517Z_c8b7dc
llm_36d682ef265c,no,0.734563,False,distilroberta-base-climate-commitment,Local model,climatebert_multi_20260526T112517Z_c8b7dc
llm_8305f6795c1b,no,0.690861,False,distilroberta-base-climate-commitment,Local model,climatebert_multi_20260526T112517Z_c8b7dc
llm_21f353bde7d8,no,0.744486,False,distilroberta-base-climate-commitment,Local model,climatebert_multi_20260526T112517Z_c8b7dc
llm_cf69c963250a,no,0.631066,False,distilroberta-base-climate-commitment,Local model,climatebert_multi_20260526T112517Z_c8b7dc
llm_dcec21be915e,no,0.752192,False,distilroberta-base-climate-commitment,Local model,climatebert_multi_20260526T112517Z_c8b7dc
llm_ee6737f60406,no,0.748372,False,distilroberta-base-climate-commitment,Local model,climatebert_multi_20260526T112517Z_c8b7dc
llm_89fa744710ee,no,0.742031,False,distilroberta-base-climate-commitment,Local model,climatebert_multi_20260526T112517Z_c8b7dc
llm_493c3639f425,no,0.753918,False,distilroberta-base-climate-commitment,Local model,climatebert_multi_20260526T112517Z_c8b7dc
llm_b90f38bb936b,no,0.756814,False,distilroberta-base-climate-commitment,Local model,climatebert_multi_20260526T112517Z_c8b7dc
llm_2c04f35a997c,no,0.604459,False,distilroberta-base-climate-commitment,Local model,climatebert_multi_20260526T112517Z_c8b7dc
llm_f9ab19a8ce59,no,0.661625,False,distilroberta-base-climate-commitment,Local model,climatebert_multi_20260526T112517Z_c8b7dc
llm_c0c8672b17d9,no,0.817936,False,distilroberta-base-climate-commitment,Local model,climatebert_multi_20260526T112517Z_c8b7dc
llm_2f0df3619024,no,0.736326,False,distilroberta-base-climate-commitment,Local model,climatebert_multi_20260526T112517Z_c8b7dc
llm_ddfccdce47cb,no,0.698707,False,distilroberta-base-climate-commitment,Local model,climatebert_multi_20260526T112517Z_c8b7dc
llm_1ab9f24cf578,no,0.734717,False,distilroberta-base-climate-commitment,Local model,climatebert_multi_20260526T112517Z_c8b7dc
llm_398db2a34d7e,no,0.667158,False,distilroberta-base-climate-commitment,Local model,climatebert_multi_20260526T112517Z_c8b7dc
llm_caf84b6d4f51,no,0.701912,False,distilroberta-base-climate-commitment,Local model,climatebert_multi_20260526T112517Z_c8b7dc
llm_ef927237a1d0,no,0.971404,False,distilroberta-base-climate-commitment,Local model,climatebert_multi_20260526T112517Z_c8b7dc
llm_f855a41bf14c,no,0.779869,False,distilroberta-base-climate-commitment,Local model,climatebert_multi_20260526T112517Z_c8b7dc
llm_6c9089c366f9,no,0.615867,False,distilroberta-base-climate-commitment,Local model,climatebert_multi_20260526T112517Z_c8b7dc
llm_5d0c914daab9,no,0.723817,False,distilroberta-base-climate-commitment,Local model,climatebert_multi_20260526T112517Z_c8b7dc
llm_07d2ee24324f,no,0.71416,False,distilroberta-base-climate-commitment,Local model,climatebert_multi_20260526T112517Z_c8b7dc
llm_0d4bdecfd455,no,0.642784,False,distilroberta-base-climate-commitment,Local model,climatebert_multi_20260526T112517Z_c8b7dc
llm_e7f8d624b2cb,no,0.969578,False,distilroberta-base-climate-commitment,Local model,climatebert_multi_20260526T112517Z_c8b7dc
llm_01370a61e307,no,0.793549,False,distilroberta-base-climate-commitment,Local model,climatebert_multi_20260526T112517Z_c8b7dc
llm_5407343c41a6,no,0.890339,False,distilroberta-base-climate-commitment,Local model,climatebert_multi_20260526T112517Z_c8b7dc
llm_cdd4a351f5ce,no,0.67357,False,distilroberta-base-climate-commitment,Local model,climatebert_multi_20260526T112517Z_c8b7dc
llm_98dc789d1cd8,no,0.594089,False,distilroberta-base-climate-commitment,Local model,climatebert_multi_20260526T112517Z_c8b7dc
llm_f4a5a255fd12,no,0.621674,False,distilroberta-base-climate-commitment,Local model,climatebert_multi_20260526T112517Z_c8b7dc
llm_5bbbf05e4cf7,no,0.686424,False,distilroberta-base-climate-commitment,Local model,climatebert_multi_20260526T112517Z_c8b7dc
llm_31b23123a217,no,0.690861,False,distilroberta-base-climate-commitment,Local model,climatebert_multi_20260526T112517Z_c8b7dc
llm_af641cd5dd85,no,0.744486,False,distilroberta-base-climate-commitment,Local model,climatebert_multi_20260526T112517Z_c8b7dc
llm_437c2910b9f0,no,0.631066,False,distilroberta-base-climate-commitment,Local model,climatebert_multi_20260526T112517Z_c8b7dc
llm_9f540e050ae3,no,0.752192,False,distilroberta-base-climate-commitment,Local model,climatebert_multi_20260526T112517Z_c8b7dc
llm_3e031c2b2aae,no,0.748372,False,distilroberta-base-climate-commitment,Local model,climatebert_multi_20260526T112517Z_c8b7dc
llm_6ef01a1d95fd,no,0.619739,False,distilroberta-base-climate-commitment,Local model,climatebert_multi_20260526T112517Z_c8b7dc
llm_6bf8ac90b237,no,0.769671,False,distilroberta-base-climate-commitment,Local model,climatebert_multi_20260526T112517Z_c8b7dc
llm_5182b334471c,no,0.778949,False,distilroberta-base-climate-commitment,Local model,climatebert_multi_20260526T112517Z_c8b7dc
llm_95c6effab4e5,no,0.852991,False,distilroberta-base-climate-commitment,Local model,climatebert_multi_20260526T112517Z_c8b7dc
llm_440889f90bfd,no,0.694383,False,distilroberta-base-climate-commitment,Local model,climatebert_multi_20260526T112517Z_c8b7dc
llm_e057f733a1f8,no,0.973319,False,distilroberta-base-climate-commitment,Local model,climatebert_multi_20260526T112517Z_c8b7dc
llm_7fbebc52a459,no,0.878692,False,distilroberta-base-climate-commitment,Local model,climatebert_multi_20260526T112517Z_c8b7dc
llm_d1ee4ae3825f,no,0.913454,False,distilroberta-base-climate-commitment,Local model,climatebert_multi_20260526T112517Z_c8b7dc
llm_cb5a5a01ab02,no,0.863544,False,distilroberta-base-climate-commitment,Local model,climatebert_multi_20260526T112517Z_c8b7dc
llm_3d25265f9a34,no,0.81492,False,distilroberta-base-climate-commitment,Local model,climatebert_multi_20260526T112517Z_c8b7dc
llm_7c25172e081d,no,0.981259,False,distilroberta-base-climate-commitment,Local model,climatebert_multi_20260526T112517Z_c8b7dc
llm_39c67102dfdc,no,0.862984,False,distilroberta-base-climate-commitment,Local model,climatebert_multi_20260526T112517Z_c8b7dc
llm_227cbdbf6671,no,0.840073,False,distilroberta-base-climate-commitment,Local model,climatebert_multi_20260526T112517Z_c8b7dc
llm_10b129f52915,yes,0.9098,True,distilroberta-base-climate-commitment,Local model,climatebert_multi_20260526T112517Z_c8b7dc
llm_d7f993a68fde,no,0.94144,False,distilroberta-base-climate-commitment,Local model,climatebert_multi_20260526T112517Z_c8b7dc
llm_185da4d4155d,no,0.897457,False,distilroberta-base-climate-commitment,Local model,climatebert_multi_20260526T112517Z_c8b7dc
llm_0694a200448b,no,0.907438,False,distilroberta-base-climate-commitment,Local model,climatebert_multi_20260526T112517Z_c8b7dc
llm_6806a40be756,no,0.89136,False,distilroberta-base-climate-commitment,Local model,climatebert_multi_20260526T112517Z_c8b7dc
llm_62cae478c24c,no,0.907275,False,distilroberta-base-climate-commitment,Local model,climatebert_multi_20260526T112517Z_c8b7dc
llm_aef825608c5d,no,0.92657,False,distilroberta-base-climate-commitment,Local model,climatebert_multi_20260526T112517Z_c8b7dc
llm_50d4fa4bc602,no,0.969578,False,distilroberta-base-climate-commitment,Local model,climatebert_multi_20260526T112517Z_c8b7dc
llm_f4353d9d9fa0,no,0.793549,False,distilroberta-base-climate-commitment,Local model,climatebert_multi_20260526T112517Z_c8b7dc
llm_93a3188a2339,no,0.890339,False,distilroberta-base-climate-commitment,Local model,climatebert_multi_20260526T112517Z_c8b7dc
llm_760b738d6b26,no,0.67357,False,distilroberta-base-climate-commitment,Local model,climatebert_multi_20260526T112517Z_c8b7dc
llm_3bc253966ead,no,0.594089,False,distilroberta-base-climate-commitment,Local model,climatebert_multi_20260526T112517Z_c8b7dc
llm_672f2a34010c,no,0.621674,False,distilroberta-base-climate-commitment,Local model,climatebert_multi_20260526T112517Z_c8b7dc
llm_532d0cd073e9,no,0.734563,False,distilroberta-base-climate-commitment,Local model,climatebert_multi_20260526T112517Z_c8b7dc
llm_46e1e6a5d8a7,no,0.690861,False,distilroberta-base-climate-commitment,Local model,climatebert_multi_20260526T112517Z_c8b7dc
llm_932c6ee7a625,no,0.744486,False,distilroberta-base-climate-commitment,Local model,climatebert_multi_20260526T112517Z_c8b7dc
llm_cb530067be63,no,0.631066,False,distilroberta-base-climate-commitment,Local model,climatebert_multi_20260526T112517Z_c8b7dc
llm_49284b9a3219,no,0.752192,False,distilroberta-base-climate-commitment,Local model,climatebert_multi_20260526T112517Z_c8b7dc
llm_4bed865228c0,no,0.748372,False,distilroberta-base-climate-commitment,Local model,climatebert_multi_20260526T112517Z_c8b7dc
llm_0e8f55817765,no,0.742031,False,distilroberta-base-climate-commitment,Local model,climatebert_multi_20260526T112517Z_c8b7dc
llm_d1230149a562,no,0.753918,False,distilroberta-base-climate-commitment,Local model,climatebert_multi_20260526T112517Z_c8b7dc
llm_b05826143b9b,no,0.756814,False,distilroberta-base-climate-commitment,Local model,climatebert_multi_20260526T112517Z_c8b7dc
llm_65175ed3423b,no,0.698707,False,distilroberta-base-climate-commitment,Local model,climatebert_multi_20260526T112517Z_c8b7dc
llm_e8177e9d5aa2,no,0.734717,False,distilroberta-base-climate-commitment,Local model,climatebert_multi_20260526T112517Z_c8b7dc
llm_18dd2ce01ce8,no,0.667158,False,distilroberta-base-climate-commitment,Local model,climatebert_multi_20260526T112517Z_c8b7dc
llm_2fb24bfa08bf,no,0.701912,False,distilroberta-base-climate-commitment,Local model,climatebert_multi_20260526T112517Z_c8b7dc
llm_69242a378ae6,no,0.971404,False,distilroberta-base-climate-commitment,Local model,climatebert_multi_20260526T112517Z_c8b7dc
llm_0fe200efe51d,no,0.779869,False,distilroberta-base-climate-commitment,Local model,climatebert_multi_20260526T112517Z_c8b7dc
llm_661f17e33bfb,no,0.615867,False,distilroberta-base-climate-commitment,Local model,climatebert_multi_20260526T112517Z_c8b7dc
llm_37039219337a,no,0.723817,False,distilroberta-base-climate-commitment,Local model,climatebert_multi_20260526T112517Z_c8b7dc
llm_bdae28c18f19,no,0.71416,False,distilroberta-base-climate-commitment,Local model,climatebert_multi_20260526T112517Z_c8b7dc
llm_3c240750edf6,no,0.642784,False,distilroberta-base-climate-commitment,Local model,climatebert_multi_20260526T112517Z_c8b7dc
llm_5afed602ce6d,no,0.598224,False,distilroberta-base-climate-commitment,Local model,climatebert_multi_20260526T112517Z_c8b7dc
llm_6830f838e3aa,no,0.636447,False,distilroberta-base-climate-commitment,Local model,climatebert_multi_20260526T112517Z_c8b7dc
llm_bb7dd7f693b4,no,0.846169,False,distilroberta-base-climate-commitment,Local model,climatebert_multi_20260526T112517Z_c8b7dc
llm_f6012afb1e66,no,0.852991,False,distilroberta-base-climate-commitment,Local model,climatebert_multi_20260526T112517Z_c8b7dc
llm_17954c707a94,no,0.694383,False,distilroberta-base-climate-commitment,Local model,climatebert_multi_20260526T112517Z_c8b7dc
llm_5fff5fd7a9c2,no,0.973319,False,distilroberta-base-climate-commitment,Local model,climatebert_multi_20260526T112517Z_c8b7dc
llm_b41a1cb0b7e2,no,0.878692,False,distilroberta-base-climate-commitment,Local model,climatebert_multi_20260526T112517Z_c8b7dc
llm_be3a42f0071d,no,0.913454,False,distilroberta-base-climate-commitment,Local model,climatebert_multi_20260526T112517Z_c8b7dc
llm_044d4c32fd59,no,0.863544,False,distilroberta-base-climate-commitment,Local model,climatebert_multi_20260526T112517Z_c8b7dc
llm_57bb2e90e38e,no,0.81492,False,distilroberta-base-climate-commitment,Local model,climatebert_multi_20260526T112517Z_c8b7dc
llm_ae960aada6a4,no,0.981259,False,distilroberta-base-climate-commitment,Local model,climatebert_multi_20260526T112517Z_c8b7dc
llm_68d083125029,no,0.862984,False,distilroberta-base-climate-commitment,Local model,climatebert_multi_20260526T112517Z_c8b7dc
llm_40ae7d0f3450,no,0.843258,False,distilroberta-base-climate-commitment,Local model,climatebert_multi_20260526T112517Z_c8b7dc
llm_988fbea8bac7,yes,0.9098,True,distilroberta-base-climate-commitment,Local model,climatebert_multi_20260526T112517Z_c8b7dc
llm_ae2c979b0838,no,0.89136,False,distilroberta-base-climate-commitment,Local model,climatebert_multi_20260526T112517Z_c8b7dc
llm_9f7fb2a4845a,no,0.913995,False,distilroberta-base-climate-commitment,Local model,climatebert_multi_20260526T112517Z_c8b7dc
llm_548be95ef276,no,0.88522,False,distilroberta-base-climate-commitment,Local model,climatebert_multi_20260526T112517Z_c8b7dc
llm_2e807ed64bef,no,0.762928,False,distilroberta-base-climate-commitment,Local model,climatebert_multi_20260526T112517Z_c8b7dc
llm_daaab5b3bd7b,no,0.865604,False,distilroberta-base-climate-commitment,Local model,climatebert_multi_20260526T112517Z_c8b7dc
llm_a0058705a221,no,0.851043,False,distilroberta-base-climate-commitment,Local model,climatebert_multi_20260526T112517Z_c8b7dc
llm_a590cd25a91c,no,0.89112,False,distilroberta-base-climate-commitment,Local model,climatebert_multi_20260526T112517Z_c8b7dc
llm_ebf48cd67b2e,no,0.898719,False,distilroberta-base-climate-commitment,Local model,climatebert_multi_20260526T112517Z_c8b7dc
llm_28f6dab90e46,no,0.980654,False,distilroberta-base-climate-commitment,Local model,climatebert_multi_20260526T112517Z_c8b7dc
llm_40379bfe2f25,no,0.940919,False,distilroberta-base-climate-commitment,Local model,climatebert_multi_20260526T112517Z_c8b7dc
llm_398c8b222965,no,0.832946,False,distilroberta-base-climate-commitment,Local model,climatebert_multi_20260526T112517Z_c8b7dc
llm_4a495143a2c9,no,0.91634,False,distilroberta-base-climate-commitment,Local model,climatebert_multi_20260526T112517Z_c8b7dc
llm_be170a075b21,no,0.936234,False,distilroberta-base-climate-commitment,Local model,climatebert_multi_20260526T112517Z_c8b7dc
llm_79a32049f3df,no,0.944875,False,distilroberta-base-climate-commitment,Local model,climatebert_multi_20260526T112517Z_c8b7dc
llm_34fbd1bc3c2c,no,0.818268,False,distilroberta-base-climate-commitment,Local model,climatebert_multi_20260526T112517Z_c8b7dc
llm_c686b8b99d79,no,0.996573,False,distilroberta-base-climate-commitment,Local model,climatebert_multi_20260526T112517Z_c8b7dc
llm_a74a1d1c0607,no,0.908804,False,distilroberta-base-climate-commitment,Local model,climatebert_multi_20260526T112517Z_c8b7dc
llm_63a238dfe531,no,0.981204,False,distilroberta-base-climate-commitment,Local model,climatebert_multi_20260526T112517Z_c8b7dc
llm_1980ab48d59c,no,0.851066,False,distilroberta-base-climate-commitment,Local model,climatebert_multi_20260526T112517Z_c8b7dc
llm_a1a63a146d77,no,0.845513,False,distilroberta-base-climate-commitment,Local model,climatebert_multi_20260526T112517Z_c8b7dc
llm_a767386f3de1,no,0.774217,False,distilroberta-base-climate-commitment,Local model,climatebert_multi_20260526T112517Z_c8b7dc
llm_721b763dc4bb,no,0.929138,False,distilroberta-base-climate-commitment,Local model,climatebert_multi_20260526T112517Z_c8b7dc
llm_b88426d59d56,no,0.907438,False,distilroberta-base-climate-commitment,Local model,climatebert_multi_20260526T112517Z_c8b7dc
llm_870b0460e0b0,no,0.898719,False,distilroberta-base-climate-commitment,Local model,climatebert_multi_20260526T112517Z_c8b7dc
llm_6bf1875709c1,no,0.89136,False,distilroberta-base-climate-commitment,Local model,climatebert_multi_20260526T112517Z_c8b7dc
llm_2e2ce915ccd5,no,0.907275,False,distilroberta-base-climate-commitment,Local model,climatebert_multi_20260526T112517Z_c8b7dc
llm_be5223200d3b,no,0.89136,False,distilroberta-base-climate-commitment,Local model,climatebert_multi_20260526T112517Z_c8b7dc
llm_31a5f46d89c8,no,0.907275,False,distilroberta-base-climate-commitment,Local model,climatebert_multi_20260526T112517Z_c8b7dc
llm_1baae3006418,no,0.969128,False,distilroberta-base-climate-commitment,Local model,climatebert_multi_20260526T112517Z_c8b7dc
llm_0e0cb1540bd6,no,0.918088,False,distilroberta-base-climate-commitment,Local model,climatebert_multi_20260526T112517Z_c8b7dc
llm_4270892c5fec,no,0.683931,False,distilroberta-base-climate-commitment,Local model,climatebert_multi_20260526T112517Z_c8b7dc
llm_185d2cf43f3f,no,0.89136,False,distilroberta-base-climate-commitment,Local model,climatebert_multi_20260526T112517Z_c8b7dc
llm_d0c5730b3e5d,no,0.913995,False,distilroberta-base-climate-commitment,Local model,climatebert_multi_20260526T112517Z_c8b7dc
llm_130592777f04,no,0.907438,False,distilroberta-base-climate-commitment,Local model,climatebert_multi_20260526T112517Z_c8b7dc
llm_fe17d5e34793,no,0.89136,False,distilroberta-base-climate-commitment,Local model,climatebert_multi_20260526T112517Z_c8b7dc
llm_2671050e71ec,no,0.907275,False,distilroberta-base-climate-commitment,Local model,climatebert_multi_20260526T112517Z_c8b7dc
llm_4413c75fe212,no,0.852991,False,distilroberta-base-climate-commitment,Local model,climatebert_multi_20260526T112517Z_c8b7dc
llm_01c38aad9fd5,no,0.694383,False,distilroberta-base-climate-commitment,Local model,climatebert_multi_20260526T112517Z_c8b7dc
llm_25003a01cad1,no,0.878692,False,distilroberta-base-climate-commitment,Local model,climatebert_multi_20260526T112517Z_c8b7dc
llm_d33930435f2f,no,0.913454,False,distilroberta-base-climate-commitment,Local model,climatebert_multi_20260526T112517Z_c8b7dc
llm_aea3bc1128c1,no,0.863544,False,distilroberta-base-climate-commitment,Local model,climatebert_multi_20260526T112517Z_c8b7dc
llm_bbbcd6d361b6,no,0.811557,False,distilroberta-base-climate-commitment,Local model,climatebert_multi_20260526T112517Z_c8b7dc
llm_f13bf14ed4a4,no,0.981259,False,distilroberta-base-climate-commitment,Local model,climatebert_multi_20260526T112517Z_c8b7dc
llm_8956c3f5818c,no,0.862984,False,distilroberta-base-climate-commitment,Local model,climatebert_multi_20260526T112517Z_c8b7dc
llm_884ce84406d3,no,0.882575,False,distilroberta-base-climate-commitment,Local model,climatebert_multi_20260526T112517Z_c8b7dc
llm_78c7dc90d2bb,no,0.846888,False,distilroberta-base-climate-commitment,Local model,climatebert_multi_20260526T112517Z_c8b7dc
llm_e59b67347f6a,yes,0.9098,True,distilroberta-base-climate-commitment,Local model,climatebert_multi_20260526T112517Z_c8b7dc
llm_178cd5d6ad25,no,0.89136,False,distilroberta-base-climate-commitment,Local model,climatebert_multi_20260526T112517Z_c8b7dc
llm_abab126b6154,no,0.913995,False,distilroberta-base-climate-commitment,Local model,climatebert_multi_20260526T112517Z_c8b7dc
llm_13d8025d6aac,no,0.89112,False,distilroberta-base-climate-commitment,Local model,climatebert_multi_20260526T112517Z_c8b7dc
llm_06e6aa4a6b64,no,0.877821,False,distilroberta-base-climate-commitment,Local model,climatebert_multi_20260526T112517Z_c8b7dc
llm_f0772e9618c7,no,0.677335,False,distilroberta-base-climate-commitment,Local model,climatebert_multi_20260526T112517Z_c8b7dc
llm_1789a53799ad,no,0.89136,False,distilroberta-base-climate-commitment,Local model,climatebert_multi_20260526T112517Z_c8b7dc
llm_c4e2d5ebd447,no,0.601832,False,distilroberta-base-climate-commitment,Local model,climatebert_multi_20260526T112517Z_c8b7dc
llm_3c04bf8ebf61,no,0.627524,False,distilroberta-base-climate-commitment,Local model,climatebert_multi_20260526T112517Z_c8b7dc
llm_be9faf87fce8,no,0.855889,False,distilroberta-base-climate-commitment,Local model,climatebert_multi_20260526T112517Z_c8b7dc
llm_5ccfb0ceb8df,no,0.850561,False,distilroberta-base-climate-commitment,Local model,climatebert_multi_20260526T112517Z_c8b7dc
llm_6f4e9c89df31,no,0.836628,False,distilroberta-base-climate-commitment,Local model,climatebert_multi_20260526T112517Z_c8b7dc
llm_4f8e87faa3f2,no,0.89136,False,distilroberta-base-climate-commitment,Local model,climatebert_multi_20260526T112517Z_c8b7dc
llm_5f684b092462,no,0.913995,False,distilroberta-base-climate-commitment,Local model,climatebert_multi_20260526T112517Z_c8b7dc
llm_120f3c6879d4,no,0.850117,False,distilroberta-base-climate-commitment,Local model,climatebert_multi_20260526T112517Z_c8b7dc
llm_655a6e907799,no,0.777321,False,distilroberta-base-climate-commitment,Local model,climatebert_multi_20260526T112517Z_c8b7dc
llm_af433b508ee1,no,0.857892,False,distilroberta-base-climate-commitment,Local model,climatebert_multi_20260526T112517Z_c8b7dc
llm_3e3818facc1e,no,0.89136,False,distilroberta-base-climate-commitment,Local model,climatebert_multi_20260526T112517Z_c8b7dc
llm_ed5b217e7ccf,no,0.907275,False,distilroberta-base-climate-commitment,Local model,climatebert_multi_20260526T112517Z_c8b7dc
llm_1c94213a98f4,no,0.669168,False,distilroberta-base-climate-commitment,Local model,climatebert_multi_20260526T112517Z_c8b7dc
llm_6d1b2657e20b,no,0.850117,False,distilroberta-base-climate-commitment,Local model,climatebert_multi_20260526T112517Z_c8b7dc
llm_b04fe0c8da95,no,0.907438,False,distilroberta-base-climate-commitment,Local model,climatebert_multi_20260526T112517Z_c8b7dc
llm_7abac2a7de5a,no,0.791236,False,distilroberta-base-climate-commitment,Local model,climatebert_multi_20260526T112517Z_c8b7dc
llm_95c770fb074d,no,0.839935,False,distilroberta-base-climate-commitment,Local model,climatebert_multi_20260526T112517Z_c8b7dc
llm_c335bf00a33b,no,0.815976,False,distilroberta-base-climate-commitment,Local model,climatebert_multi_20260526T112517Z_c8b7dc
llm_aa660b6c411d,no,0.975632,False,distilroberta-base-climate-commitment,Local model,climatebert_multi_20260526T112517Z_c8b7dc
llm_abe3bb143460,no,0.862927,False,distilroberta-base-climate-commitment,Local model,climatebert_multi_20260526T112517Z_c8b7dc
llm_31b027cfafcc,no,0.944478,False,distilroberta-base-climate-commitment,Local model,climatebert_multi_20260526T112517Z_c8b7dc
llm_01d81a03fe6e,no,0.905787,False,distilroberta-base-climate-commitment,Local model,climatebert_multi_20260526T112517Z_c8b7dc
llm_3ca6df5082b7,yes,0.763832,True,distilroberta-base-climate-commitment,Local model,climatebert_multi_20260526T112517Z_c8b7dc
llm_1ddfcae8bca0,no,0.988306,False,distilroberta-base-climate-commitment,Local model,climatebert_multi_20260526T112517Z_c8b7dc
llm_c8d5d93b15d2,yes,0.960109,True,distilroberta-base-climate-commitment,Local model,climatebert_multi_20260526T112517Z_c8b7dc
llm_a88ebacf8359,no,0.983706,False,distilroberta-base-climate-commitment,Local model,climatebert_multi_20260526T112517Z_c8b7dc
llm_c93bba4329b2,no,0.89136,False,distilroberta-base-climate-commitment,Local model,climatebert_multi_20260526T112517Z_c8b7dc
llm_4a56d3b7b76f,no,0.913995,False,distilroberta-base-climate-commitment,Local model,climatebert_multi_20260526T112517Z_c8b7dc
llm_3ccc05a7d22e,no,0.907438,False,distilroberta-base-climate-commitment,Local model,climatebert_multi_20260526T112517Z_c8b7dc
llm_7426047416ff,no,0.727878,False,distilroberta-base-climate-commitment,Local model,climatebert_multi_20260526T112517Z_c8b7dc
llm_27fb7da122cf,no,0.976843,False,distilroberta-base-climate-commitment,Local model,climatebert_multi_20260526T112517Z_c8b7dc
llm_4fcdd6009dee,no,0.759117,False,distilroberta-base-climate-commitment,Local model,climatebert_multi_20260526T112517Z_c8b7dc
llm_7587da6f7b63,no,0.807698,False,distilroberta-base-climate-commitment,Local model,climatebert_multi_20260526T112517Z_c8b7dc
llm_c8788e791ede,no,0.947371,False,distilroberta-base-climate-commitment,Local model,climatebert_multi_20260526T112517Z_c8b7dc
llm_87a45483295b,no,0.89136,False,distilroberta-base-climate-commitment,Local model,climatebert_multi_20260526T112517Z_c8b7dc
llm_4c2efd79fcd8,no,0.601832,False,distilroberta-base-climate-commitment,Local model,climatebert_multi_20260526T112517Z_c8b7dc
llm_d1b3145bfdd3,no,0.627524,False,distilroberta-base-climate-commitment,Local model,climatebert_multi_20260526T112517Z_c8b7dc
llm_1b67189ef270,no,0.912222,False,distilroberta-base-climate-commitment,Local model,climatebert_multi_20260526T112517Z_c8b7dc
llm_031521742471,no,0.858242,False,distilroberta-base-climate-commitment,Local model,climatebert_multi_20260526T112517Z_c8b7dc
llm_5fd2d087e191,no,0.694781,False,distilroberta-base-climate-commitment,Local model,climatebert_multi_20260526T112517Z_c8b7dc
llm_301ba7bac457,no,0.836628,False,distilroberta-base-climate-commitment,Local model,climatebert_multi_20260526T112517Z_c8b7dc
llm_9a8b71d46d89,no,0.727878,False,distilroberta-base-climate-commitment,Local model,climatebert_multi_20260526T112517Z_c8b7dc
llm_eb9082951343,no,0.900637,False,distilroberta-base-climate-commitment,Local model,climatebert_multi_20260526T112517Z_c8b7dc
llm_06a426abd8b5,no,0.842775,False,distilroberta-base-climate-commitment,Local model,climatebert_multi_20260526T112517Z_c8b7dc
llm_2fb752cf0eff,no,0.81357,False,distilroberta-base-climate-commitment,Local model,climatebert_multi_20260526T112517Z_c8b7dc
llm_d7f80046ad00,no,0.947581,False,distilroberta-base-climate-commitment,Local model,climatebert_multi_20260526T112517Z_c8b7dc
llm_c8202352d953,no,0.727175,False,distilroberta-base-climate-commitment,Local model,climatebert_multi_20260526T112517Z_c8b7dc
llm_7a6af6c31826,no,0.907438,False,distilroberta-base-climate-commitment,Local model,climatebert_multi_20260526T112517Z_c8b7dc
llm_b7100cd05e5a,no,0.89136,False,distilroberta-base-climate-commitment,Local model,climatebert_multi_20260526T112517Z_c8b7dc
llm_d958721c7751,no,0.913995,False,distilroberta-base-climate-commitment,Local model,climatebert_multi_20260526T112517Z_c8b7dc
llm_a152b8ec3f4d,no,0.610477,False,distilroberta-base-climate-commitment,Local model,climatebert_multi_20260526T112517Z_c8b7dc
llm_3d90bc5101e6,no,0.82556,False,distilroberta-base-climate-commitment,Local model,climatebert_multi_20260526T112517Z_c8b7dc
llm_1f2c0c2fcb3f,no,0.983369,False,distilroberta-base-climate-commitment,Local model,climatebert_multi_20260526T112517Z_c8b7dc
llm_92e844234764,no,0.898719,False,distilroberta-base-climate-commitment,Local model,climatebert_multi_20260526T112517Z_c8b7dc
llm_886e190a1c61,no,0.759117,False,distilroberta-base-climate-commitment,Local model,climatebert_multi_20260526T112517Z_c8b7dc
llm_6aad672886bb,no,0.89136,False,distilroberta-base-climate-commitment,Local model,climatebert_multi_20260526T112517Z_c8b7dc
llm_b8d16f715aae,no,0.913995,False,distilroberta-base-climate-commitment,Local model,climatebert_multi_20260526T112517Z_c8b7dc
llm_e8bf24e209b5,no,0.97617,False,distilroberta-base-climate-commitment,Local model,climatebert_multi_20260526T112517Z_c8b7dc
llm_0dd1b8cc9fcb,no,0.727872,False,distilroberta-base-climate-commitment,Local model,climatebert_multi_20260526T112517Z_c8b7dc
llm_b6c2e39855df,no,0.868197,False,distilroberta-base-climate-commitment,Local model,climatebert_multi_20260526T112517Z_c8b7dc
llm_1d549d3ed13f,no,0.852991,False,distilroberta-base-climate-commitment,Local model,climatebert_multi_20260526T112517Z_c8b7dc
llm_1d2dcef199a2,no,0.694383,False,distilroberta-base-climate-commitment,Local model,climatebert_multi_20260526T112517Z_c8b7dc
llm_b2019b1ed42f,no,0.878692,False,distilroberta-base-climate-commitment,Local model,climatebert_multi_20260526T112517Z_c8b7dc
llm_729261550703,no,0.913454,False,distilroberta-base-climate-commitment,Local model,climatebert_multi_20260526T112517Z_c8b7dc
llm_471c41dc3ae1,no,0.863544,False,distilroberta-base-climate-commitment,Local model,climatebert_multi_20260526T112517Z_c8b7dc
llm_5ded88296ce2,no,0.981259,False,distilroberta-base-climate-commitment,Local model,climatebert_multi_20260526T112517Z_c8b7dc
llm_c8fff7bbc769,no,0.950315,False,distilroberta-base-climate-commitment,Local model,climatebert_multi_20260526T112517Z_c8b7dc
llm_a82e8e543ded,no,0.927207,False,distilroberta-base-climate-commitment,Local model,climatebert_multi_20260526T112517Z_c8b7dc
llm_f33c8ad779ad,no,0.963414,False,distilroberta-base-climate-commitment,Local model,climatebert_multi_20260526T112517Z_c8b7dc
llm_877fbfe560ec,no,0.948021,False,distilroberta-base-climate-commitment,Local model,climatebert_multi_20260526T112517Z_c8b7dc
llm_a998cdd3a24e,no,0.900702,False,distilroberta-base-climate-commitment,Local model,climatebert_multi_20260526T112517Z_c8b7dc
llm_93b62b114a08,no,0.897457,False,distilroberta-base-climate-commitment,Local model,climatebert_multi_20260526T112517Z_c8b7dc
llm_210b91f68d32,no,0.907438,False,distilroberta-base-climate-commitment,Local model,climatebert_multi_20260526T112517Z_c8b7dc
llm_1240b58d5bb0,no,0.89136,False,distilroberta-base-climate-commitment,Local model,climatebert_multi_20260526T112517Z_c8b7dc
llm_4f95d59447bf,no,0.907275,False,distilroberta-base-climate-commitment,Local model,climatebert_multi_20260526T112517Z_c8b7dc
llm_19d7e4e2d5c5,no,0.839935,False,distilroberta-base-climate-commitment,Local model,climatebert_multi_20260526T112517Z_c8b7dc
llm_6a472a864c16,no,0.815976,False,distilroberta-base-climate-commitment,Local model,climatebert_multi_20260526T112517Z_c8b7dc
llm_2162c54aba84,no,0.975632,False,distilroberta-base-climate-commitment,Local model,climatebert_multi_20260526T112517Z_c8b7dc
llm_dbaf1bc4fcdc,no,0.863625,False,distilroberta-base-climate-commitment,Local model,climatebert_multi_20260526T112517Z_c8b7dc
llm_a1724e3b8c93,no,0.944478,False,distilroberta-base-climate-commitment,Local model,climatebert_multi_20260526T112517Z_c8b7dc
llm_ffd65685ddb7,no,0.905787,False,distilroberta-base-climate-commitment,Local model,climatebert_multi_20260526T112517Z_c8b7dc
llm_4817eafb69f7,yes,0.876262,True,distilroberta-base-climate-commitment,Local model,climatebert_multi_20260526T112517Z_c8b7dc
llm_7f65f90bf313,no,0.988306,False,distilroberta-base-climate-commitment,Local model,climatebert_multi_20260526T112517Z_c8b7dc
llm_3312a8fdf93d,yes,0.960109,True,distilroberta-base-climate-commitment,Local model,climatebert_multi_20260526T112517Z_c8b7dc
llm_e2138167e65d,no,0.983466,False,distilroberta-base-climate-commitment,Local model,climatebert_multi_20260526T112517Z_c8b7dc
llm_49fca05d28ff,no,0.852991,False,distilroberta-base-climate-commitment,Local model,climatebert_multi_20260526T112517Z_c8b7dc
llm_80572275812a,no,0.694383,False,distilroberta-base-climate-commitment,Local model,climatebert_multi_20260526T112517Z_c8b7dc
llm_fadc3e6f488f,no,0.878692,False,distilroberta-base-climate-commitment,Local model,climatebert_multi_20260526T112517Z_c8b7dc
llm_f975fb09c461,no,0.913454,False,distilroberta-base-climate-commitment,Local model,climatebert_multi_20260526T112517Z_c8b7dc
llm_460d43736d1d,no,0.863544,False,distilroberta-base-climate-commitment,Local model,climatebert_multi_20260526T112517Z_c8b7dc
llm_58ec4a099937,no,0.81492,False,distilroberta-base-climate-commitment,Local model,climatebert_multi_20260526T112517Z_c8b7dc
llm_6ae48cfc438f,no,0.981259,False,distilroberta-base-climate-commitment,Local model,climatebert_multi_20260526T112517Z_c8b7dc
llm_26430b7e12e6,no,0.862984,False,distilroberta-base-climate-commitment,Local model,climatebert_multi_20260526T112517Z_c8b7dc
llm_071ef6d52faf,no,0.868571,False,distilroberta-base-climate-commitment,Local model,climatebert_multi_20260526T112517Z_c8b7dc
llm_980064a8725b,yes,0.9098,True,distilroberta-base-climate-commitment,Local model,climatebert_multi_20260526T112517Z_c8b7dc
llm_8b948b21d4e7,no,0.94144,False,distilroberta-base-climate-commitment,Local model,climatebert_multi_20260526T112517Z_c8b7dc
llm_deec1c2bf83c,no,0.780153,False,distilroberta-base-climate-commitment,Local model,climatebert_multi_20260526T112517Z_c8b7dc
llm_0ebc108dfd4d,no,0.805064,False,distilroberta-base-climate-commitment,Local model,climatebert_multi_20260526T112517Z_c8b7dc
llm_065305e4fb8f,no,0.772658,False,distilroberta-base-climate-commitment,Local model,climatebert_multi_20260526T112517Z_c8b7dc
llm_1ecc76e28c11,no,0.84398,False,distilroberta-base-climate-commitment,Local model,climatebert_multi_20260526T112517Z_c8b7dc
llm_a1019f24e926,no,0.794192,False,distilroberta-base-climate-commitment,Local model,climatebert_multi_20260526T112517Z_c8b7dc
llm_d8cc86d16aef,no,0.900637,False,distilroberta-base-climate-commitment,Local model,climatebert_multi_20260526T112517Z_c8b7dc
llm_e5080c60563d,no,0.759117,False,distilroberta-base-climate-commitment,Local model,climatebert_multi_20260526T112517Z_c8b7dc
llm_dd6d7e76f4eb,no,0.807698,False,distilroberta-base-climate-commitment,Local model,climatebert_multi_20260526T112517Z_c8b7dc
llm_2c0286422f4b,no,0.89136,False,distilroberta-base-climate-commitment,Local model,climatebert_multi_20260526T112517Z_c8b7dc
llm_cb2fcd8b47c2,no,0.918088,False,distilroberta-base-climate-commitment,Local model,climatebert_multi_20260526T112517Z_c8b7dc
llm_534c21f13234,no,0.853542,False,distilroberta-base-climate-commitment,Local model,climatebert_multi_20260526T112517Z_c8b7dc
llm_752f1f5f96ba,yes,0.807813,True,distilroberta-base-climate-commitment,Local model,climatebert_multi_20260526T112517Z_c8b7dc
llm_12759d01c1df,no,0.834815,False,distilroberta-base-climate-commitment,Local model,climatebert_multi_20260526T112517Z_c8b7dc
llm_6f55572311da,no,0.677335,False,distilroberta-base-climate-commitment,Local model,climatebert_multi_20260526T112517Z_c8b7dc
llm_0871a45dbeb8,no,0.92657,False,distilroberta-base-climate-commitment,Local model,climatebert_multi_20260526T112517Z_c8b7dc
llm_7ea429101931,no,0.961358,False,distilroberta-base-climate-commitment,Local model,climatebert_multi_20260526T112517Z_c8b7dc
llm_a67382a58c25,no,0.987661,False,distilroberta-base-climate-commitment,Local model,climatebert_multi_20260526T112517Z_c8b7dc
llm_c8ac14cae7ee,no,0.950497,False,distilroberta-base-climate-commitment,Local model,climatebert_multi_20260526T112517Z_c8b7dc
llm_a7e60ab31e93,no,0.891309,False,distilroberta-base-climate-commitment,Local model,climatebert_multi_20260526T112517Z_c8b7dc
llm_5b057e849438,no,0.895452,False,distilroberta-base-climate-commitment,Local model,climatebert_multi_20260526T112517Z_c8b7dc
llm_c5fd93557c87,no,0.929138,False,distilroberta-base-climate-commitment,Local model,climatebert_multi_20260526T112517Z_c8b7dc
llm_dcc364535e72,no,0.796336,False,distilroberta-base-climate-commitment,Local model,climatebert_multi_20260526T112517Z_c8b7dc
llm_4061b96fdc62,no,0.96737,False,distilroberta-base-climate-commitment,Local model,climatebert_multi_20260526T112517Z_c8b7dc
llm_b1206b24234b,no,0.754657,False,distilroberta-base-climate-commitment,Local model,climatebert_multi_20260526T112517Z_c8b7dc
llm_deb0acad314f,no,0.968489,False,distilroberta-base-climate-commitment,Local model,climatebert_multi_20260526T112517Z_c8b7dc
llm_31c7439e2471,no,0.946487,False,distilroberta-base-climate-commitment,Local model,climatebert_multi_20260526T112517Z_c8b7dc
llm_b6cb54388d97,no,0.979889,False,distilroberta-base-climate-commitment,Local model,climatebert_multi_20260526T112517Z_c8b7dc
llm_922315876c19,no,0.96962,False,distilroberta-base-climate-commitment,Local model,climatebert_multi_20260526T112517Z_c8b7dc
llm_e808ef3d43ce,no,0.608367,False,distilroberta-base-climate-commitment,Local model,climatebert_multi_20260526T112517Z_c8b7dc
llm_5780a066c57c,no,0.670608,False,distilroberta-base-climate-commitment,Local model,climatebert_multi_20260526T112517Z_c8b7dc
llm_866f81ad8548,no,0.745416,False,distilroberta-base-climate-commitment,Local model,climatebert_multi_20260526T112517Z_c8b7dc
llm_f5a5f7efa5bd,no,0.747744,False,distilroberta-base-climate-commitment,Local model,climatebert_multi_20260526T112517Z_c8b7dc
llm_12db7657e64b,no,0.730648,False,distilroberta-base-climate-commitment,Local model,climatebert_multi_20260526T112517Z_c8b7dc
llm_a73d557e2fcd,no,0.851043,False,distilroberta-base-climate-commitment,Local model,climatebert_multi_20260526T112517Z_c8b7dc
llm_c39a5b9471bf,no,0.898719,False,distilroberta-base-climate-commitment,Local model,climatebert_multi_20260526T112517Z_c8b7dc
llm_569b61d1a3a3,no,0.907438,False,distilroberta-base-climate-commitment,Local model,climatebert_multi_20260526T112517Z_c8b7dc
llm_7b6684879fac,no,0.759117,False,distilroberta-base-climate-commitment,Local model,climatebert_multi_20260526T112517Z_c8b7dc
llm_d7365e9cfd51,no,0.99273,False,distilroberta-base-climate-commitment,Local model,climatebert_multi_20260526T112517Z_c8b7dc
llm_c1f3ee3393c7,no,0.97944,False,distilroberta-base-climate-commitment,Local model,climatebert_multi_20260526T112517Z_c8b7dc
llm_603050bd4265,no,0.897404,False,distilroberta-base-climate-commitment,Local model,climatebert_multi_20260526T112517Z_c8b7dc
llm_7037d06c5bd9,no,0.839935,False,distilroberta-base-climate-commitment,Local model,climatebert_multi_20260526T112517Z_c8b7dc
llm_3393c61c1298,no,0.815976,False,distilroberta-base-climate-commitment,Local model,climatebert_multi_20260526T112517Z_c8b7dc
llm_d522b18474c5,no,0.965339,False,distilroberta-base-climate-commitment,Local model,climatebert_multi_20260526T112517Z_c8b7dc
llm_60e454902d5d,no,0.862927,False,distilroberta-base-climate-commitment,Local model,climatebert_multi_20260526T112517Z_c8b7dc
llm_269a0af0e2b7,no,0.801875,False,distilroberta-base-climate-commitment,Local model,climatebert_multi_20260526T112517Z_c8b7dc
llm_625cea543363,no,0.883018,False,distilroberta-base-climate-commitment,Local model,climatebert_multi_20260526T112517Z_c8b7dc
llm_af8adc14b8c2,no,0.793922,False,distilroberta-base-climate-commitment,Local model,climatebert_multi_20260526T112517Z_c8b7dc
llm_d004536c2ef4,no,0.722649,False,distilroberta-base-climate-commitment,Local model,climatebert_multi_20260526T112517Z_c8b7dc
llm_652e3a7f0f04,no,0.798822,False,distilroberta-base-climate-commitment,Local model,climatebert_multi_20260526T112517Z_c8b7dc
llm_3882c1839e0f,no,0.946506,False,distilroberta-base-climate-commitment,Local model,climatebert_multi_20260526T112517Z_c8b7dc
llm_2262f45a36d9,no,0.607336,False,distilroberta-base-climate-commitment,Local model,climatebert_multi_20260526T112517Z_c8b7dc
llm_f69c22b1ee26,no,0.779869,False,distilroberta-base-climate-commitment,Local model,climatebert_multi_20260526T112517Z_c8b7dc
llm_b81d07083717,no,0.793903,False,distilroberta-base-climate-commitment,Local model,climatebert_multi_20260526T112517Z_c8b7dc
llm_8e3f81977053,no,0.774375,False,distilroberta-base-climate-commitment,Local model,climatebert_multi_20260526T112517Z_c8b7dc
llm_8f6cc651bc45,no,0.787967,False,distilroberta-base-climate-commitment,Local model,climatebert_multi_20260526T112517Z_c8b7dc
llm_5631751daee9,no,0.685508,False,distilroberta-base-climate-commitment,Local model,climatebert_multi_20260526T112517Z_c8b7dc
llm_eaf1a5d9c827,no,0.876257,False,distilroberta-base-climate-commitment,Local model,climatebert_multi_20260526T112517Z_c8b7dc
llm_0a1c46066cb2,no,0.72098,False,distilroberta-base-climate-commitment,Local model,climatebert_multi_20260526T112517Z_c8b7dc
llm_9cd3767078f5,no,0.65971,False,distilroberta-base-climate-commitment,Local model,climatebert_multi_20260526T112517Z_c8b7dc
llm_4cce4a6679b9,no,0.617752,False,distilroberta-base-climate-commitment,Local model,climatebert_multi_20260526T112517Z_c8b7dc
llm_b7166fd7173a,no,0.682803,False,distilroberta-base-climate-commitment,Local model,climatebert_multi_20260526T112517Z_c8b7dc
llm_0f95359ef9ab,no,0.902845,False,distilroberta-base-climate-commitment,Local model,climatebert_multi_20260526T112517Z_c8b7dc
llm_8c7c21294a4d,no,0.783593,False,distilroberta-base-climate-commitment,Local model,climatebert_multi_20260526T112517Z_c8b7dc
llm_8b0b0bd1f915,no,0.766428,False,distilroberta-base-climate-commitment,Local model,climatebert_multi_20260526T112517Z_c8b7dc
llm_7c61e8c299f7,no,0.849309,False,distilroberta-base-climate-commitment,Local model,climatebert_multi_20260526T112517Z_c8b7dc
llm_53ea9485a4c2,no,0.91344,False,distilroberta-base-climate-commitment,Local model,climatebert_multi_20260526T112517Z_c8b7dc
llm_a9a6476be4c2,no,0.940568,False,distilroberta-base-climate-commitment,Local model,climatebert_multi_20260526T112517Z_c8b7dc
llm_0238ebb6ab96,no,0.97713,False,distilroberta-base-climate-commitment,Local model,climatebert_multi_20260526T112517Z_c8b7dc
llm_32aab2d500ba,no,0.934801,False,distilroberta-base-climate-commitment,Local model,climatebert_multi_20260526T112517Z_c8b7dc
llm_3df87dec3fbf,no,0.86918,False,distilroberta-base-climate-commitment,Local model,climatebert_multi_20260526T112517Z_c8b7dc
llm_7486f2c6f217,no,0.983543,False,distilroberta-base-climate-commitment,Local model,climatebert_multi_20260526T112517Z_c8b7dc
llm_97fc9da6831f,no,0.980337,False,distilroberta-base-climate-commitment,Local model,climatebert_multi_20260526T112517Z_c8b7dc
llm_c7550b6c24f6,no,0.958911,False,distilroberta-base-climate-commitment,Local model,climatebert_multi_20260526T112517Z_c8b7dc
llm_13c17a9fdcd6,no,0.841457,False,distilroberta-base-climate-commitment,Local model,climatebert_multi_20260526T112517Z_c8b7dc
llm_6044a2f552eb,yes,0.519253,True,distilroberta-base-climate-commitment,Local model,climatebert_multi_20260526T112517Z_c8b7dc
llm_8508e0f98dda,yes,0.723821,True,distilroberta-base-climate-commitment,Local model,climatebert_multi_20260526T112517Z_c8b7dc
llm_205f45984028,yes,0.612154,True,distilroberta-base-climate-commitment,Local model,climatebert_multi_20260526T112517Z_c8b7dc
llm_07ed6848c8e0,no,0.832946,False,distilroberta-base-climate-commitment,Local model,climatebert_multi_20260526T112517Z_c8b7dc
llm_b0764673737b,no,0.837733,False,distilroberta-base-climate-commitment,Local model,climatebert_multi_20260526T112517Z_c8b7dc
llm_bf4e3e20b8d4,no,0.813239,False,distilroberta-base-climate-commitment,Local model,climatebert_multi_20260526T112517Z_c8b7dc
llm_7aea70a8a268,no,0.987912,False,distilroberta-base-climate-commitment,Local model,climatebert_multi_20260526T112517Z_c8b7dc
llm_8932179a9047,no,0.907438,False,distilroberta-base-climate-commitment,Local model,climatebert_multi_20260526T112517Z_c8b7dc
llm_be9e8752cf44,no,0.89136,False,distilroberta-base-climate-commitment,Local model,climatebert_multi_20260526T112517Z_c8b7dc
llm_abf950f8ae82,no,0.907275,False,distilroberta-base-climate-commitment,Local model,climatebert_multi_20260526T112517Z_c8b7dc
llm_0ac938be9679,no,0.968145,False,distilroberta-base-climate-commitment,Local model,climatebert_multi_20260526T112517Z_c8b7dc
llm_dee59be06db6,no,0.982386,False,distilroberta-base-climate-commitment,Local model,climatebert_multi_20260526T112517Z_c8b7dc
llm_92ba361e5516,no,0.793922,False,distilroberta-base-climate-commitment,Local model,climatebert_multi_20260526T112517Z_c8b7dc
llm_634b1f1699dd,no,0.866551,False,distilroberta-base-climate-commitment,Local model,climatebert_multi_20260526T112517Z_c8b7dc
llm_8b1ac7d763d4,no,0.787967,False,distilroberta-base-climate-commitment,Local model,climatebert_multi_20260526T112517Z_c8b7dc
llm_07cfd6ffda3b,no,0.685508,False,distilroberta-base-climate-commitment,Local model,climatebert_multi_20260526T112517Z_c8b7dc
llm_2c00464c5493,no,0.876257,False,distilroberta-base-climate-commitment,Local model,climatebert_multi_20260526T112517Z_c8b7dc
llm_466f540cd9ba,no,0.722649,False,distilroberta-base-climate-commitment,Local model,climatebert_multi_20260526T112517Z_c8b7dc
llm_1ec86e06c6d9,no,0.798822,False,distilroberta-base-climate-commitment,Local model,climatebert_multi_20260526T112517Z_c8b7dc
llm_b49ac9ec4d81,no,0.946506,False,distilroberta-base-climate-commitment,Local model,climatebert_multi_20260526T112517Z_c8b7dc
llm_6411c222d03c,no,0.607336,False,distilroberta-base-climate-commitment,Local model,climatebert_multi_20260526T112517Z_c8b7dc
llm_2caab5adabcc,no,0.779869,False,distilroberta-base-climate-commitment,Local model,climatebert_multi_20260526T112517Z_c8b7dc
llm_dd6e86be4c3f,no,0.793903,False,distilroberta-base-climate-commitment,Local model,climatebert_multi_20260526T112517Z_c8b7dc
llm_892fb83cd949,no,0.617752,False,distilroberta-base-climate-commitment,Local model,climatebert_multi_20260526T112517Z_c8b7dc
llm_9ed13ebba00a,no,0.682803,False,distilroberta-base-climate-commitment,Local model,climatebert_multi_20260526T112517Z_c8b7dc
llm_2ac58e64e7e3,no,0.624362,False,distilroberta-base-climate-commitment,Local model,climatebert_multi_20260526T112517Z_c8b7dc
llm_e455a7c26659,no,0.783593,False,distilroberta-base-climate-commitment,Local model,climatebert_multi_20260526T112517Z_c8b7dc
llm_7108039a8418,no,0.766428,False,distilroberta-base-climate-commitment,Local model,climatebert_multi_20260526T112517Z_c8b7dc
llm_67855eda4844,no,0.980654,False,distilroberta-base-climate-commitment,Local model,climatebert_multi_20260526T112517Z_c8b7dc
llm_d5c90d03d681,no,0.934482,False,distilroberta-base-climate-commitment,Local model,climatebert_multi_20260526T112517Z_c8b7dc
llm_716a6299b315,no,0.832946,False,distilroberta-base-climate-commitment,Local model,climatebert_multi_20260526T112517Z_c8b7dc
llm_04467f0e93e4,no,0.881191,False,distilroberta-base-climate-commitment,Local model,climatebert_multi_20260526T112517Z_c8b7dc
llm_87e167e36f58,no,0.929138,False,distilroberta-base-climate-commitment,Local model,climatebert_multi_20260526T112517Z_c8b7dc
llm_7cd3b309f0e1,no,0.995729,False,distilroberta-base-climate-commitment,Local model,climatebert_multi_20260526T112517Z_c8b7dc
llm_cdf33fcf8a97,no,0.992774,False,distilroberta-base-climate-commitment,Local model,climatebert_multi_20260526T112517Z_c8b7dc
llm_f245bed07522,no,0.863608,False,distilroberta-base-climate-commitment,Local model,climatebert_multi_20260526T112517Z_c8b7dc
llm_f34b05253b1b,yes,0.985833,True,distilroberta-base-climate-commitment,Local model,climatebert_multi_20260526T112517Z_c8b7dc
llm_e9bb5f9fe929,no,0.996235,False,distilroberta-base-climate-commitment,Local model,climatebert_multi_20260526T112517Z_c8b7dc
llm_2ed0ffb3178f,no,0.652388,False,distilroberta-base-climate-commitment,Local model,climatebert_multi_20260526T112517Z_c8b7dc
llm_dc7783d62fa5,no,0.89136,False,distilroberta-base-climate-commitment,Local model,climatebert_multi_20260526T112517Z_c8b7dc
llm_40d90e12189b,no,0.913995,False,distilroberta-base-climate-commitment,Local model,climatebert_multi_20260526T112517Z_c8b7dc
llm_976606988330,no,0.960566,False,distilroberta-base-climate-commitment,Local model,climatebert_multi_20260526T112517Z_c8b7dc
llm_b596c58b1fda,yes,0.780031,True,distilroberta-base-climate-commitment,Local model,climatebert_multi_20260526T112517Z_c8b7dc
llm_7f4b266d1e2c,no,0.64846,False,distilroberta-base-climate-commitment,Local model,climatebert_multi_20260526T112517Z_c8b7dc
llm_d8b04df7c4ae,no,0.900637,False,distilroberta-base-climate-commitment,Local model,climatebert_multi_20260526T112517Z_c8b7dc
llm_023e7f215a6d,no,0.852991,False,distilroberta-base-climate-commitment,Local model,climatebert_multi_20260526T112517Z_c8b7dc
llm_76932e1c2c1e,no,0.694383,False,distilroberta-base-climate-commitment,Local model,climatebert_multi_20260526T112517Z_c8b7dc
llm_944135340060,no,0.973319,False,distilroberta-base-climate-commitment,Local model,climatebert_multi_20260526T112517Z_c8b7dc
llm_408381cb89d8,no,0.878692,False,distilroberta-base-climate-commitment,Local model,climatebert_multi_20260526T112517Z_c8b7dc
llm_41f75626258c,no,0.913454,False,distilroberta-base-climate-commitment,Local model,climatebert_multi_20260526T112517Z_c8b7dc
llm_cf240f07fdc1,no,0.863544,False,distilroberta-base-climate-commitment,Local model,climatebert_multi_20260526T112517Z_c8b7dc
llm_67205eca5d88,no,0.81492,False,distilroberta-base-climate-commitment,Local model,climatebert_multi_20260526T112517Z_c8b7dc
llm_838bab29df0e,no,0.981259,False,distilroberta-base-climate-commitment,Local model,climatebert_multi_20260526T112517Z_c8b7dc
llm_789ef063bebc,no,0.862984,False,distilroberta-base-climate-commitment,Local model,climatebert_multi_20260526T112517Z_c8b7dc
llm_d9754b193125,yes,0.9098,True,distilroberta-base-climate-commitment,Local model,climatebert_multi_20260526T112517Z_c8b7dc
llm_c8ed02df8d98,no,0.874839,False,distilroberta-base-climate-commitment,Local model,climatebert_multi_20260526T112517Z_c8b7dc
llm_0bc911739eaa,no,0.785793,False,distilroberta-base-climate-commitment,Local model,climatebert_multi_20260526T112517Z_c8b7dc
llm_c00862082a84,no,0.863174,False,distilroberta-base-climate-commitment,Local model,climatebert_multi_20260526T112517Z_c8b7dc
llm_4c2d5e92f290,no,0.761493,False,distilroberta-base-climate-commitment,Local model,climatebert_multi_20260526T112517Z_c8b7dc
llm_c29824fa80e4,no,0.855195,False,distilroberta-base-climate-commitment,Local model,climatebert_multi_20260526T112517Z_c8b7dc
llm_cc2e73dddc3c,no,0.843258,False,distilroberta-base-climate-commitment,Local model,climatebert_multi_20260526T112517Z_c8b7dc
llm_265a84d2ac1b,no,0.980654,False,distilroberta-base-climate-commitment,Local model,climatebert_multi_20260526T112517Z_c8b7dc
llm_d678fb0bafcb,no,0.934482,False,distilroberta-base-climate-commitment,Local model,climatebert_multi_20260526T112517Z_c8b7dc
llm_6aeac57c40c3,no,0.832946,False,distilroberta-base-climate-commitment,Local model,climatebert_multi_20260526T112517Z_c8b7dc
llm_b49bebad647f,no,0.881191,False,distilroberta-base-climate-commitment,Local model,climatebert_multi_20260526T112517Z_c8b7dc
llm_944fadded202,no,0.697495,False,distilroberta-base-climate-commitment,Local model,climatebert_multi_20260526T112517Z_c8b7dc
llm_c074b7a6b1cc,no,0.91971,False,distilroberta-base-climate-commitment,Local model,climatebert_multi_20260526T112517Z_c8b7dc
llm_6b5f4f76bb36,no,0.929805,False,distilroberta-base-climate-commitment,Local model,climatebert_multi_20260526T112517Z_c8b7dc
llm_be5a5c494da7,no,0.977267,False,distilroberta-base-climate-commitment,Local model,climatebert_multi_20260526T112517Z_c8b7dc
llm_79c277af7ec6,no,0.913295,False,distilroberta-base-climate-commitment,Local model,climatebert_multi_20260526T112517Z_c8b7dc
llm_d59c6f95f39c,no,0.984601,False,distilroberta-base-climate-commitment,Local model,climatebert_multi_20260526T112517Z_c8b7dc
llm_a4d6131439c8,no,0.883349,False,distilroberta-base-climate-commitment,Local model,climatebert_multi_20260526T112517Z_c8b7dc
llm_ec9661ad30d7,no,0.907907,False,distilroberta-base-climate-commitment,Local model,climatebert_multi_20260526T112517Z_c8b7dc
llm_6ca62f6c478a,no,0.839935,False,distilroberta-base-climate-commitment,Local model,climatebert_multi_20260526T112517Z_c8b7dc
llm_9bc88368ffee,no,0.815976,False,distilroberta-base-climate-commitment,Local model,climatebert_multi_20260526T112517Z_c8b7dc
llm_6233dd19a727,no,0.965339,False,distilroberta-base-climate-commitment,Local model,climatebert_multi_20260526T112517Z_c8b7dc
llm_3c07a4eaa25b,no,0.91344,False,distilroberta-base-climate-commitment,Local model,climatebert_multi_20260526T112517Z_c8b7dc
llm_06c8bfe0a589,no,0.971563,False,distilroberta-base-climate-commitment,Local model,climatebert_multi_20260526T112517Z_c8b7dc
llm_29f50c060331,no,0.811413,False,distilroberta-base-climate-commitment,Local model,climatebert_multi_20260526T112517Z_c8b7dc
llm_56dfdc73310f,no,0.927344,False,distilroberta-base-climate-commitment,Local model,climatebert_multi_20260526T112517Z_c8b7dc
llm_e01e56f9dbf2,no,0.888053,False,distilroberta-base-climate-commitment,Local model,climatebert_multi_20260526T112517Z_c8b7dc
llm_1f44ff99fa48,no,0.827269,False,distilroberta-base-climate-commitment,Local model,climatebert_multi_20260526T112517Z_c8b7dc
llm_b18dbf1d826c,no,0.802758,False,distilroberta-base-climate-commitment,Local model,climatebert_multi_20260526T112517Z_c8b7dc
llm_f634e316be35,no,0.785305,False,distilroberta-base-climate-commitment,Local model,climatebert_multi_20260526T112517Z_c8b7dc
llm_9bcca840cd9a,no,0.981926,False,distilroberta-base-climate-commitment,Local model,climatebert_multi_20260526T112517Z_c8b7dc
llm_b4ef45d40451,no,0.934471,False,distilroberta-base-climate-commitment,Local model,climatebert_multi_20260526T112517Z_c8b7dc
llm_b6a48100735f,no,0.959828,False,distilroberta-base-climate-commitment,Local model,climatebert_multi_20260526T112517Z_c8b7dc
llm_85f46402680a,no,0.930497,False,distilroberta-base-climate-commitment,Local model,climatebert_multi_20260526T112517Z_c8b7dc
llm_b09e245294ba,no,0.868019,False,distilroberta-base-climate-commitment,Local model,climatebert_multi_20260526T112517Z_c8b7dc
llm_1e062e486c88,no,0.863825,False,distilroberta-base-climate-commitment,Local model,climatebert_multi_20260526T112517Z_c8b7dc
llm_53c759e0909e,no,0.872487,False,distilroberta-base-climate-commitment,Local model,climatebert_multi_20260526T112517Z_c8b7dc
llm_d73bc41d35d4,no,0.885864,False,distilroberta-base-climate-commitment,Local model,climatebert_multi_20260526T112517Z_c8b7dc
llm_b2b395b4bc20,no,0.929316,False,distilroberta-base-climate-commitment,Local model,climatebert_multi_20260526T112517Z_c8b7dc
llm_bc558d905df1,no,0.722649,False,distilroberta-base-climate-commitment,Local model,climatebert_multi_20260526T112517Z_c8b7dc
llm_58e5e661900e,no,0.798822,False,distilroberta-base-climate-commitment,Local model,climatebert_multi_20260526T112517Z_c8b7dc
llm_ea19e9baf083,no,0.801875,False,distilroberta-base-climate-commitment,Local model,climatebert_multi_20260526T112517Z_c8b7dc
llm_48d63807f879,no,0.883018,False,distilroberta-base-climate-commitment,Local model,climatebert_multi_20260526T112517Z_c8b7dc
llm_9f3d218e25fb,no,0.793922,False,distilroberta-base-climate-commitment,Local model,climatebert_multi_20260526T112517Z_c8b7dc
llm_e3dde2d18423,no,0.89136,False,distilroberta-base-climate-commitment,Local model,climatebert_multi_20260526T112517Z_c8b7dc
llm_2fb8668653f3,no,0.929735,False,distilroberta-base-climate-commitment,Local model,climatebert_multi_20260526T112517Z_c8b7dc
llm_3be8b5415a2c,no,0.762136,False,distilroberta-base-climate-commitment,Local model,climatebert_multi_20260526T112517Z_c8b7dc
llm_466d9a278434,no,0.666999,False,distilroberta-base-climate-commitment,Local model,climatebert_multi_20260526T112517Z_c8b7dc
llm_276c7c38a2c0,no,0.959536,False,distilroberta-base-climate-commitment,Local model,climatebert_multi_20260526T112517Z_c8b7dc
llm_a072db6aaafa,no,0.977434,False,distilroberta-base-climate-commitment,Local model,climatebert_multi_20260526T112517Z_c8b7dc
llm_12c647c560b5,no,0.707311,False,distilroberta-base-climate-commitment,Local model,climatebert_multi_20260526T112517Z_c8b7dc
llm_0e3a99ac454d,no,0.849796,False,distilroberta-base-climate-commitment,Local model,climatebert_multi_20260526T112517Z_c8b7dc
llm_82b203715390,no,0.844867,False,distilroberta-base-climate-commitment,Local model,climatebert_multi_20260526T112517Z_c8b7dc
llm_945cfbbf3769,no,0.83634,False,distilroberta-base-climate-commitment,Local model,climatebert_multi_20260526T112517Z_c8b7dc
llm_19752f3bd97d,no,0.833103,False,distilroberta-base-climate-commitment,Local model,climatebert_multi_20260526T112517Z_c8b7dc
llm_68a6bc21d323,no,0.95508,False,distilroberta-base-climate-commitment,Local model,climatebert_multi_20260526T112517Z_c8b7dc
llm_252a765dffd9,no,0.883023,False,distilroberta-base-climate-commitment,Local model,climatebert_multi_20260526T112517Z_c8b7dc
llm_a995e126160f,no,0.813805,False,distilroberta-base-climate-commitment,Local model,climatebert_multi_20260526T112517Z_c8b7dc
llm_0de677194925,no,0.862927,False,distilroberta-base-climate-commitment,Local model,climatebert_multi_20260526T112517Z_c8b7dc
llm_c2def29d0c72,no,0.956218,False,distilroberta-base-climate-commitment,Local model,climatebert_multi_20260526T112517Z_c8b7dc
llm_cf533238a4c0,no,0.82572,False,distilroberta-base-climate-commitment,Local model,climatebert_multi_20260526T112517Z_c8b7dc
llm_b6b9f08e30fa,no,0.885785,False,distilroberta-base-climate-commitment,Local model,climatebert_multi_20260526T112517Z_c8b7dc
llm_0fde3d02f567,no,0.914546,False,distilroberta-base-climate-commitment,Local model,climatebert_multi_20260526T112517Z_c8b7dc
llm_7e89b485283e,no,0.670651,False,distilroberta-base-climate-commitment,Local model,climatebert_multi_20260526T112517Z_c8b7dc
llm_aaeba94a08d3,no,0.694896,False,distilroberta-base-climate-commitment,Local model,climatebert_multi_20260526T112517Z_c8b7dc
llm_d29bab81581f,no,0.708932,False,distilroberta-base-climate-commitment,Local model,climatebert_multi_20260526T112517Z_c8b7dc
llm_debb5c3c6aad,no,0.753248,False,distilroberta-base-climate-commitment,Local model,climatebert_multi_20260526T112517Z_c8b7dc
llm_a945ce5d00c2,no,0.987975,False,distilroberta-base-climate-commitment,Local model,climatebert_multi_20260526T112517Z_c8b7dc
llm_e033e449ec71,no,0.816245,False,distilroberta-base-climate-commitment,Local model,climatebert_multi_20260526T112517Z_c8b7dc
llm_58991dc147c8,no,0.70036,False,distilroberta-base-climate-commitment,Local model,climatebert_multi_20260526T112517Z_c8b7dc
llm_2cc38758f022,no,0.896192,False,distilroberta-base-climate-commitment,Local model,climatebert_multi_20260526T112517Z_c8b7dc
llm_83a9021f0072,no,0.853489,False,distilroberta-base-climate-commitment,Local model,climatebert_multi_20260526T112517Z_c8b7dc
llm_297be6665395,no,0.820308,False,distilroberta-base-climate-commitment,Local model,climatebert_multi_20260526T112517Z_c8b7dc
llm_5c53baeb02ef,no,0.732045,False,distilroberta-base-climate-commitment,Local model,climatebert_multi_20260526T112517Z_c8b7dc
llm_6042bd93d789,no,0.932454,False,distilroberta-base-climate-commitment,Local model,climatebert_multi_20260526T112517Z_c8b7dc
llm_ef23e3aa76cd,no,0.756065,False,distilroberta-base-climate-commitment,Local model,climatebert_multi_20260526T112517Z_c8b7dc
llm_44e8a2ffde2b,no,0.668457,False,distilroberta-base-climate-commitment,Local model,climatebert_multi_20260526T112517Z_c8b7dc
llm_b4c03b581a8c,no,0.787967,False,distilroberta-base-climate-commitment,Local model,climatebert_multi_20260526T112517Z_c8b7dc
llm_de0e2d4dac07,no,0.876257,False,distilroberta-base-climate-commitment,Local model,climatebert_multi_20260526T112517Z_c8b7dc
llm_fd1b30df9806,no,0.65971,False,distilroberta-base-climate-commitment,Local model,climatebert_multi_20260526T112517Z_c8b7dc
llm_02dcc89a9949,no,0.72098,False,distilroberta-base-climate-commitment,Local model,climatebert_multi_20260526T112517Z_c8b7dc
llm_27956f037463,no,0.783593,False,distilroberta-base-climate-commitment,Local model,climatebert_multi_20260526T112517Z_c8b7dc
llm_f85f226a0776,no,0.766428,False,distilroberta-base-climate-commitment,Local model,climatebert_multi_20260526T112517Z_c8b7dc
llm_e50aeb58cb2a,no,0.617752,False,distilroberta-base-climate-commitment,Local model,climatebert_multi_20260526T112517Z_c8b7dc
llm_75d12114e652,no,0.682803,False,distilroberta-base-climate-commitment,Local model,climatebert_multi_20260526T112517Z_c8b7dc
llm_8637073e4f26,no,0.624362,False,distilroberta-base-climate-commitment,Local model,climatebert_multi_20260526T112517Z_c8b7dc
llm_e5238898344f,no,0.722649,False,distilroberta-base-climate-commitment,Local model,climatebert_multi_20260526T112517Z_c8b7dc
llm_e7a283f79a9d,no,0.798822,False,distilroberta-base-climate-commitment,Local model,climatebert_multi_20260526T112517Z_c8b7dc
llm_b5553606bf30,no,0.946506,False,distilroberta-base-climate-commitment,Local model,climatebert_multi_20260526T112517Z_c8b7dc
llm_c934557bbcdb,no,0.607336,False,distilroberta-base-climate-commitment,Local model,climatebert_multi_20260526T112517Z_c8b7dc
llm_c4a7df641ab0,no,0.779869,False,distilroberta-base-climate-commitment,Local model,climatebert_multi_20260526T112517Z_c8b7dc
llm_50d238f9f3d9,no,0.793903,False,distilroberta-base-climate-commitment,Local model,climatebert_multi_20260526T112517Z_c8b7dc
llm_1d5976c0bee8,no,0.74787,False,distilroberta-base-climate-commitment,Local model,climatebert_multi_20260526T112517Z_c8b7dc
llm_1ec3f3907ea6,no,0.702459,False,distilroberta-base-climate-commitment,Local model,climatebert_multi_20260526T112517Z_c8b7dc
llm_a851643836db,no,0.92657,False,distilroberta-base-climate-commitment,Local model,climatebert_multi_20260526T112517Z_c8b7dc
llm_ff0c6873d67b,no,0.960003,False,distilroberta-base-climate-commitment,Local model,climatebert_multi_20260526T112517Z_c8b7dc
llm_5e43c2c6e7cd,no,0.987912,False,distilroberta-base-climate-commitment,Local model,climatebert_multi_20260526T112517Z_c8b7dc
llm_f2393352db4e,no,0.829976,False,distilroberta-base-climate-commitment,Local model,climatebert_multi_20260526T112517Z_c8b7dc
llm_2a61a95f6cd7,no,0.891309,False,distilroberta-base-climate-commitment,Local model,climatebert_multi_20260526T112517Z_c8b7dc
llm_500a70e89ace,no,0.873097,False,distilroberta-base-climate-commitment,Local model,climatebert_multi_20260526T112517Z_c8b7dc
llm_92769c58e64d,no,0.978468,False,distilroberta-base-climate-commitment,Local model,climatebert_multi_20260526T112517Z_c8b7dc
llm_bd8d68fad84c,no,0.97731,False,distilroberta-base-climate-commitment,Local model,climatebert_multi_20260526T112517Z_c8b7dc
llm_3b696222c390,no,0.81732,False,distilroberta-base-climate-commitment,Local model,climatebert_multi_20260526T112517Z_c8b7dc
llm_d6afa7f69552,no,0.789916,False,distilroberta-base-climate-commitment,Local model,climatebert_multi_20260526T112517Z_c8b7dc
llm_a6ccc445e5eb,no,0.888348,False,distilroberta-base-climate-commitment,Local model,climatebert_multi_20260526T112517Z_c8b7dc
llm_2ad6881d25ab,no,0.906353,False,distilroberta-base-climate-commitment,Local model,climatebert_multi_20260526T112517Z_c8b7dc
llm_c96ef02446fc,no,0.908233,False,distilroberta-base-climate-commitment,Local model,climatebert_multi_20260526T112517Z_c8b7dc
llm_e23cf5f9d0a7,no,0.957174,False,distilroberta-base-climate-commitment,Local model,climatebert_multi_20260526T112517Z_c8b7dc
llm_a250fdb38613,no,0.840667,False,distilroberta-base-climate-commitment,Local model,climatebert_multi_20260526T112517Z_c8b7dc
llm_954eeaceed33,no,0.929138,False,distilroberta-base-climate-commitment,Local model,climatebert_multi_20260526T112517Z_c8b7dc
llm_1c9ef2a54fe6,no,0.839935,False,distilroberta-base-climate-commitment,Local model,climatebert_multi_20260526T112517Z_c8b7dc
llm_89a3ed6580a8,no,0.982386,False,distilroberta-base-climate-commitment,Local model,climatebert_multi_20260526T112517Z_c8b7dc
llm_e834a12de2ce,no,0.793922,False,distilroberta-base-climate-commitment,Local model,climatebert_multi_20260526T112517Z_c8b7dc
llm_64157576c867,no,0.801835,False,distilroberta-base-climate-commitment,Local model,climatebert_multi_20260526T112517Z_c8b7dc
llm_2bd8fd370b4d,no,0.79212,False,distilroberta-base-climate-commitment,Local model,climatebert_multi_20260526T112517Z_c8b7dc
llm_0402812d826f,no,0.866551,False,distilroberta-base-climate-commitment,Local model,climatebert_multi_20260526T112517Z_c8b7dc
llm_5247e454094f,no,0.959536,False,distilroberta-base-climate-commitment,Local model,climatebert_multi_20260526T112517Z_c8b7dc
llm_ada405c3886d,no,0.793549,False,distilroberta-base-climate-commitment,Local model,climatebert_multi_20260526T112517Z_c8b7dc
llm_b2d3a7005197,no,0.890339,False,distilroberta-base-climate-commitment,Local model,climatebert_multi_20260526T112517Z_c8b7dc
llm_7317cfd7b71e,no,0.67357,False,distilroberta-base-climate-commitment,Local model,climatebert_multi_20260526T112517Z_c8b7dc
llm_8d4df45c7c90,no,0.594089,False,distilroberta-base-climate-commitment,Local model,climatebert_multi_20260526T112517Z_c8b7dc
llm_b5c7857cec9a,no,0.621674,False,distilroberta-base-climate-commitment,Local model,climatebert_multi_20260526T112517Z_c8b7dc
llm_8bcd9a184108,no,0.633575,False,distilroberta-base-climate-commitment,Local model,climatebert_multi_20260526T112517Z_c8b7dc
llm_bf847167735b,no,0.690861,False,distilroberta-base-climate-commitment,Local model,climatebert_multi_20260526T112517Z_c8b7dc
llm_74e92aa8db91,no,0.744486,False,distilroberta-base-climate-commitment,Local model,climatebert_multi_20260526T112517Z_c8b7dc
llm_c9c668082cb2,no,0.631066,False,distilroberta-base-climate-commitment,Local model,climatebert_multi_20260526T112517Z_c8b7dc
llm_36ccbd480cff,no,0.752192,False,distilroberta-base-climate-commitment,Local model,climatebert_multi_20260526T112517Z_c8b7dc
llm_0117e3130d87,no,0.748372,False,distilroberta-base-climate-commitment,Local model,climatebert_multi_20260526T112517Z_c8b7dc
llm_6b9726494856,no,0.888177,False,distilroberta-base-climate-commitment,Local model,climatebert_multi_20260526T112517Z_c8b7dc
llm_5d6e58e5e945,no,0.820826,False,distilroberta-base-climate-commitment,Local model,climatebert_multi_20260526T112517Z_c8b7dc
llm_dd4f58dba3d7,no,0.715999,False,distilroberta-base-climate-commitment,Local model,climatebert_multi_20260526T112517Z_c8b7dc
llm_c5914ba7ff1e,no,0.906233,False,distilroberta-base-climate-commitment,Local model,climatebert_multi_20260526T112517Z_c8b7dc
llm_220ff44b9d57,no,0.735457,False,distilroberta-base-climate-commitment,Local model,climatebert_multi_20260526T112517Z_c8b7dc
llm_2077648d019c,no,0.924136,False,distilroberta-base-climate-commitment,Local model,climatebert_multi_20260526T112517Z_c8b7dc
llm_d919c4df1caa,no,0.805067,False,distilroberta-base-climate-commitment,Local model,climatebert_multi_20260526T112517Z_c8b7dc
llm_3a82f111be62,no,0.928275,False,distilroberta-base-climate-commitment,Local model,climatebert_multi_20260526T112517Z_c8b7dc
llm_cd80c37a873e,no,0.793549,False,distilroberta-base-climate-commitment,Local model,climatebert_multi_20260526T112517Z_c8b7dc
llm_e3b1ebe50668,no,0.890339,False,distilroberta-base-climate-commitment,Local model,climatebert_multi_20260526T112517Z_c8b7dc
llm_5bdae683c43b,no,0.594089,False,distilroberta-base-climate-commitment,Local model,climatebert_multi_20260526T112517Z_c8b7dc
llm_4ec53e061d6d,no,0.621674,False,distilroberta-base-climate-commitment,Local model,climatebert_multi_20260526T112517Z_c8b7dc
llm_26cb0908acf2,no,0.734563,False,distilroberta-base-climate-commitment,Local model,climatebert_multi_20260526T112517Z_c8b7dc
llm_701938656f1d,no,0.690861,False,distilroberta-base-climate-commitment,Local model,climatebert_multi_20260526T112517Z_c8b7dc
llm_4653d8bb4ce0,no,0.744486,False,distilroberta-base-climate-commitment,Local model,climatebert_multi_20260526T112517Z_c8b7dc
llm_520f5c651ce4,no,0.631066,False,distilroberta-base-climate-commitment,Local model,climatebert_multi_20260526T112517Z_c8b7dc
llm_0988747c4a90,no,0.752192,False,distilroberta-base-climate-commitment,Local model,climatebert_multi_20260526T112517Z_c8b7dc
llm_b4ee9a0ea335,no,0.748372,False,distilroberta-base-climate-commitment,Local model,climatebert_multi_20260526T112517Z_c8b7dc
llm_c7c2b3b4f9a9,no,0.71525,False,distilroberta-base-climate-commitment,Local model,climatebert_multi_20260526T112517Z_c8b7dc
llm_b127c1e4e1d3,no,0.77245,False,distilroberta-base-climate-commitment,Local model,climatebert_multi_20260526T112517Z_c8b7dc
llm_d037fe8e3d18,no,0.983255,False,distilroberta-base-climate-commitment,Local model,climatebert_multi_20260526T112517Z_c8b7dc
llm_a72ea92ba760,no,0.793922,False,distilroberta-base-climate-commitment,Local model,climatebert_multi_20260526T112517Z_c8b7dc
llm_d0ac97ef21d6,no,0.801875,False,distilroberta-base-climate-commitment,Local model,climatebert_multi_20260526T112517Z_c8b7dc
llm_54bec1825aaa,no,0.883018,False,distilroberta-base-climate-commitment,Local model,climatebert_multi_20260526T112517Z_c8b7dc
llm_c7bf54d94ace,no,0.690978,False,distilroberta-base-climate-commitment,Local model,climatebert_multi_20260526T112517Z_c8b7dc
llm_a442e3747ef0,no,0.79212,False,distilroberta-base-climate-commitment,Local model,climatebert_multi_20260526T112517Z_c8b7dc
llm_ffed2c5a0c05,no,0.880539,False,distilroberta-base-climate-commitment,Local model,climatebert_multi_20260526T112517Z_c8b7dc
llm_9d3545dae7df,no,0.911642,False,distilroberta-base-climate-commitment,Local model,climatebert_multi_20260526T112517Z_c8b7dc
llm_2f1eb60ca4fa,no,0.787967,False,distilroberta-base-climate-commitment,Local model,climatebert_multi_20260526T112517Z_c8b7dc
llm_d7ff42095441,no,0.771888,False,distilroberta-base-climate-commitment,Local model,climatebert_multi_20260526T112517Z_c8b7dc
llm_2f0ea7a2375a,no,0.670931,False,distilroberta-base-climate-commitment,Local model,climatebert_multi_20260526T112517Z_c8b7dc
llm_d6666df63cdb,no,0.876257,False,distilroberta-base-climate-commitment,Local model,climatebert_multi_20260526T112517Z_c8b7dc
llm_e5339be2c3db,no,0.72098,False,distilroberta-base-climate-commitment,Local model,climatebert_multi_20260526T112517Z_c8b7dc
llm_157f608c9ef1,no,0.65971,False,distilroberta-base-climate-commitment,Local model,climatebert_multi_20260526T112517Z_c8b7dc
llm_4bfa22f9c410,no,0.798822,False,distilroberta-base-climate-commitment,Local model,climatebert_multi_20260526T112517Z_c8b7dc
llm_fe19a267b3ac,no,0.946506,False,distilroberta-base-climate-commitment,Local model,climatebert_multi_20260526T112517Z_c8b7dc
llm_57cc59ee240e,no,0.607336,False,distilroberta-base-climate-commitment,Local model,climatebert_multi_20260526T112517Z_c8b7dc
llm_8eb2fbb05751,no,0.779869,False,distilroberta-base-climate-commitment,Local model,climatebert_multi_20260526T112517Z_c8b7dc
llm_b269f0dcc9c0,no,0.793903,False,distilroberta-base-climate-commitment,Local model,climatebert_multi_20260526T112517Z_c8b7dc
llm_9d963961754b,no,0.74787,False,distilroberta-base-climate-commitment,Local model,climatebert_multi_20260526T112517Z_c8b7dc
llm_03676da3e907,no,0.617752,False,distilroberta-base-climate-commitment,Local model,climatebert_multi_20260526T112517Z_c8b7dc
llm_9c4a2d300595,no,0.682803,False,distilroberta-base-climate-commitment,Local model,climatebert_multi_20260526T112517Z_c8b7dc
llm_79530a37030d,no,0.624362,False,distilroberta-base-climate-commitment,Local model,climatebert_multi_20260526T112517Z_c8b7dc
llm_96faeec74bfe,no,0.722649,False,distilroberta-base-climate-commitment,Local model,climatebert_multi_20260526T112517Z_c8b7dc
llm_1718db88c227,no,0.906977,False,distilroberta-base-climate-commitment,Local model,climatebert_multi_20260526T112517Z_c8b7dc
llm_37bc0ea4ab6f,no,0.723352,False,distilroberta-base-climate-commitment,Local model,climatebert_multi_20260526T112517Z_c8b7dc
llm_737290999aa0,no,0.660965,False,distilroberta-base-climate-commitment,Local model,climatebert_multi_20260526T112517Z_c8b7dc
llm_6d11146e7ea3,no,0.735042,False,distilroberta-base-climate-commitment,Local model,climatebert_multi_20260526T112517Z_c8b7dc
llm_470109886271,no,0.743678,False,distilroberta-base-climate-commitment,Local model,climatebert_multi_20260526T112517Z_c8b7dc
llm_53b07f5a7467,no,0.730335,False,distilroberta-base-climate-commitment,Local model,climatebert_multi_20260526T112517Z_c8b7dc
llm_db0002f58de2,no,0.783593,False,distilroberta-base-climate-commitment,Local model,climatebert_multi_20260526T112517Z_c8b7dc
llm_412a7dd9f821,no,0.702459,False,distilroberta-base-climate-commitment,Local model,climatebert_multi_20260526T112517Z_c8b7dc
llm_51707b55484f,no,0.787771,False,distilroberta-base-climate-commitment,Local model,climatebert_multi_20260526T112517Z_c8b7dc
llm_7830cb957901,no,0.576777,False,distilroberta-base-climate-commitment,Local model,climatebert_multi_20260526T112517Z_c8b7dc
llm_f9a2387038ee,no,0.719867,False,distilroberta-base-climate-commitment,Local model,climatebert_multi_20260526T112517Z_c8b7dc
llm_c3afc0884975,no,0.774375,False,distilroberta-base-climate-commitment,Local model,climatebert_multi_20260526T112517Z_c8b7dc
llm_07a170f4aa9e,no,0.827791,False,distilroberta-base-climate-commitment,Local model,climatebert_multi_20260526T112517Z_c8b7dc
llm_1e26e643eff6,no,0.669332,False,distilroberta-base-climate-commitment,Local model,climatebert_multi_20260526T112517Z_c8b7dc
llm_33e15876a1c9,no,0.956218,False,distilroberta-base-climate-commitment,Local model,climatebert_multi_20260526T112517Z_c8b7dc
llm_da23780829e1,no,0.801875,False,distilroberta-base-climate-commitment,Local model,climatebert_multi_20260526T112517Z_c8b7dc
llm_4700731d2acb,no,0.883018,False,distilroberta-base-climate-commitment,Local model,climatebert_multi_20260526T112517Z_c8b7dc
llm_7a2e1957e8b5,no,0.793922,False,distilroberta-base-climate-commitment,Local model,climatebert_multi_20260526T112517Z_c8b7dc
llm_6281d5327a8c,no,0.722556,False,distilroberta-base-climate-commitment,Local model,climatebert_multi_20260526T112517Z_c8b7dc
llm_8f4b760ebfcb,no,0.807311,False,distilroberta-base-climate-commitment,Local model,climatebert_multi_20260526T112517Z_c8b7dc
llm_dd2bedcbd37f,no,0.867987,False,distilroberta-base-climate-commitment,Local model,climatebert_multi_20260526T112517Z_c8b7dc
llm_3606d9f7223c,no,0.966572,False,distilroberta-base-climate-commitment,Local model,climatebert_multi_20260526T112517Z_c8b7dc
llm_a5401e7b6cde,no,0.888771,False,distilroberta-base-climate-commitment,Local model,climatebert_multi_20260526T112517Z_c8b7dc
llm_629f4ad0ff80,no,0.801875,False,distilroberta-base-climate-commitment,Local model,climatebert_multi_20260526T112517Z_c8b7dc
llm_c93c68ee4d23,no,0.883018,False,distilroberta-base-climate-commitment,Local model,climatebert_multi_20260526T112517Z_c8b7dc
llm_76046e29f293,no,0.951641,False,distilroberta-base-climate-commitment,Local model,climatebert_multi_20260526T112517Z_c8b7dc
llm_32d3d5dbd1e2,no,0.690978,False,distilroberta-base-climate-commitment,Local model,climatebert_multi_20260526T112517Z_c8b7dc
llm_04a49eb3f3c0,no,0.669985,False,distilroberta-base-climate-commitment,Local model,climatebert_multi_20260526T112517Z_c8b7dc
llm_897a2c6e535d,no,0.793922,False,distilroberta-base-climate-commitment,Local model,climatebert_multi_20260526T112517Z_c8b7dc
llm_d29d2daae454,no,0.94403,False,distilroberta-base-climate-commitment,Local model,climatebert_multi_20260526T112517Z_c8b7dc
llm_d71440f8e463,no,0.763191,False,distilroberta-base-climate-commitment,Local model,climatebert_multi_20260526T112517Z_c8b7dc
llm_d762eb079ec9,no,0.752771,False,distilroberta-base-climate-commitment,Local model,climatebert_multi_20260526T112517Z_c8b7dc
llm_fc3ec00514cf,no,0.787967,False,distilroberta-base-climate-commitment,Local model,climatebert_multi_20260526T112517Z_c8b7dc
llm_bdd246af0a30,no,0.876257,False,distilroberta-base-climate-commitment,Local model,climatebert_multi_20260526T112517Z_c8b7dc
llm_6d0fb49689bf,no,0.79212,False,distilroberta-base-climate-commitment,Local model,climatebert_multi_20260526T112517Z_c8b7dc
llm_63a4a5134acd,no,0.862982,False,distilroberta-base-climate-commitment,Local model,climatebert_multi_20260526T112517Z_c8b7dc
llm_15ba561734ed,no,0.89136,False,distilroberta-base-climate-commitment,Local model,climatebert_multi_20260526T112517Z_c8b7dc
llm_5ca7421f2998,yes,0.577103,True,distilroberta-base-climate-commitment,Local model,climatebert_multi_20260526T112517Z_c8b7dc
llm_06b7291d20b6,no,0.783735,False,distilroberta-base-climate-commitment,Local model,climatebert_multi_20260526T112517Z_c8b7dc
llm_ad848c9ccfd6,no,0.768637,False,distilroberta-base-climate-commitment,Local model,climatebert_multi_20260526T112517Z_c8b7dc
llm_61faa873851e,no,0.913995,False,distilroberta-base-climate-commitment,Local model,climatebert_multi_20260526T112517Z_c8b7dc
llm_1ec15dec500f,no,0.791236,False,distilroberta-base-climate-commitment,Local model,climatebert_multi_20260526T112517Z_c8b7dc
llm_70bd9ae60789,no,0.907438,False,distilroberta-base-climate-commitment,Local model,climatebert_multi_20260526T112517Z_c8b7dc
llm_3a52cb32d5f8,no,0.595894,False,distilroberta-base-climate-commitment,Local model,climatebert_multi_20260526T112517Z_c8b7dc
llm_1953b384834b,yes,0.845178,True,distilroberta-base-climate-commitment,Local model,climatebert_multi_20260526T112517Z_c8b7dc
llm_bb20a03349c8,no,0.965392,False,distilroberta-base-climate-commitment,Local model,climatebert_multi_20260526T112517Z_c8b7dc
llm_f1a2af493717,no,0.968898,False,distilroberta-base-climate-commitment,Local model,climatebert_multi_20260526T112517Z_c8b7dc
llm_12da49ad7358,no,0.974096,False,distilroberta-base-climate-commitment,Local model,climatebert_multi_20260526T112517Z_c8b7dc
llm_0f8db92870d9,no,0.579007,False,distilroberta-base-climate-commitment,Local model,climatebert_multi_20260526T112517Z_c8b7dc
llm_9f39e0f1d284,no,0.692608,False,distilroberta-base-climate-commitment,Local model,climatebert_multi_20260526T112517Z_c8b7dc
llm_88211cb97398,yes,0.604097,True,distilroberta-base-climate-commitment,Local model,climatebert_multi_20260526T112517Z_c8b7dc
llm_118c1b81c457,no,0.8279,False,distilroberta-base-climate-commitment,Local model,climatebert_multi_20260526T112517Z_c8b7dc
llm_c3c35414f5c7,no,0.728882,False,distilroberta-base-climate-commitment,Local model,climatebert_multi_20260526T112517Z_c8b7dc
llm_fa7c452eaab2,no,0.868438,False,distilroberta-base-climate-commitment,Local model,climatebert_multi_20260526T112517Z_c8b7dc
llm_13d5c07243d5,no,0.981087,False,distilroberta-base-climate-commitment,Local model,climatebert_multi_20260526T112517Z_c8b7dc
llm_8129869a71f8,no,0.787251,False,distilroberta-base-climate-commitment,Local model,climatebert_multi_20260526T112517Z_c8b7dc
llm_0c0346a656c9,no,0.920187,False,distilroberta-base-climate-commitment,Local model,climatebert_multi_20260526T112517Z_c8b7dc
llm_c0809c9660ee,no,0.594089,False,distilroberta-base-climate-commitment,Local model,climatebert_multi_20260526T112517Z_c8b7dc
llm_2ac2050e3ff6,no,0.621674,False,distilroberta-base-climate-commitment,Local model,climatebert_multi_20260526T112517Z_c8b7dc
llm_3df16d1c4f1b,no,0.734563,False,distilroberta-base-climate-commitment,Local model,climatebert_multi_20260526T112517Z_c8b7dc
llm_53481f3e2527,no,0.690861,False,distilroberta-base-climate-commitment,Local model,climatebert_multi_20260526T112517Z_c8b7dc
llm_ac964c672af7,no,0.744486,False,distilroberta-base-climate-commitment,Local model,climatebert_multi_20260526T112517Z_c8b7dc
llm_0fec19a2706f,no,0.703803,False,distilroberta-base-climate-commitment,Local model,climatebert_multi_20260526T112517Z_c8b7dc
llm_a4bef6369111,no,0.631066,False,distilroberta-base-climate-commitment,Local model,climatebert_multi_20260526T112517Z_c8b7dc
llm_01b47788a8fa,no,0.752192,False,distilroberta-base-climate-commitment,Local model,climatebert_multi_20260526T112517Z_c8b7dc
llm_0d786330cce6,no,0.748372,False,distilroberta-base-climate-commitment,Local model,climatebert_multi_20260526T112517Z_c8b7dc
llm_4574cf86399c,no,0.907438,False,distilroberta-base-climate-commitment,Local model,climatebert_multi_20260526T112517Z_c8b7dc
llm_adb532619eda,no,0.899591,False,distilroberta-base-climate-commitment,Local model,climatebert_multi_20260526T112517Z_c8b7dc
llm_1be9a94fde55,no,0.832654,False,distilroberta-base-climate-commitment,Local model,climatebert_multi_20260526T112517Z_c8b7dc
llm_ac1399328885,no,0.89136,False,distilroberta-base-climate-commitment,Local model,climatebert_multi_20260526T112517Z_c8b7dc
llm_16c7b25ed843,no,0.791236,False,distilroberta-base-climate-commitment,Local model,climatebert_multi_20260526T112517Z_c8b7dc
llm_6fb2f632afc9,no,0.89136,False,distilroberta-base-climate-commitment,Local model,climatebert_multi_20260526T112517Z_c8b7dc
llm_e3254fc4081e,no,0.907438,False,distilroberta-base-climate-commitment,Local model,climatebert_multi_20260526T112517Z_c8b7dc
llm_497bac3472c2,no,0.83078,False,distilroberta-base-climate-commitment,Local model,climatebert_multi_20260526T112517Z_c8b7dc
llm_7fe5304ec5a9,no,0.907471,False,distilroberta-base-climate-commitment,Local model,climatebert_multi_20260526T112517Z_c8b7dc
llm_e1e7ad4bd846,no,0.907438,False,distilroberta-base-climate-commitment,Local model,climatebert_multi_20260526T112517Z_c8b7dc
llm_fbeefa83f2d3,no,0.89136,False,distilroberta-base-climate-commitment,Local model,climatebert_multi_20260526T112517Z_c8b7dc
llm_98d6d267a744,no,0.907471,False,distilroberta-base-climate-commitment,Local model,climatebert_multi_20260526T112517Z_c8b7dc
llm_740f18613311,no,0.898719,False,distilroberta-base-climate-commitment,Local model,climatebert_multi_20260526T112517Z_c8b7dc
llm_5361c64c47b1,no,0.907438,False,distilroberta-base-climate-commitment,Local model,climatebert_multi_20260526T112517Z_c8b7dc
llm_d2feb42a1ae9,no,0.842775,False,distilroberta-base-climate-commitment,Local model,climatebert_multi_20260526T112517Z_c8b7dc
llm_4907cb2120d4,no,0.850117,False,distilroberta-base-climate-commitment,Local model,climatebert_multi_20260526T112517Z_c8b7dc
llm_a16f7707f806,no,0.677335,False,distilroberta-base-climate-commitment,Local model,climatebert_multi_20260526T112517Z_c8b7dc
llm_9228ee8cbf7c,no,0.801875,False,distilroberta-base-climate-commitment,Local model,climatebert_multi_20260526T112517Z_c8b7dc
llm_8e8db95c1128,no,0.883018,False,distilroberta-base-climate-commitment,Local model,climatebert_multi_20260526T112517Z_c8b7dc
llm_1f03860ca187,no,0.956218,False,distilroberta-base-climate-commitment,Local model,climatebert_multi_20260526T112517Z_c8b7dc
llm_d02af44166d2,no,0.671642,False,distilroberta-base-climate-commitment,Local model,climatebert_multi_20260526T112517Z_c8b7dc
llm_0af58495d5d1,no,0.951686,False,distilroberta-base-climate-commitment,Local model,climatebert_multi_20260526T112517Z_c8b7dc
llm_26c49f3925db,no,0.714828,False,distilroberta-base-climate-commitment,Local model,climatebert_multi_20260526T112517Z_c8b7dc
llm_d196730bdf97,no,0.873501,False,distilroberta-base-climate-commitment,Local model,climatebert_multi_20260526T112517Z_c8b7dc
llm_19efb726f3a8,no,0.878459,False,distilroberta-base-climate-commitment,Local model,climatebert_multi_20260526T112517Z_c8b7dc
llm_f1de235eaef7,no,0.656458,False,distilroberta-base-climate-commitment,Local model,climatebert_multi_20260526T112517Z_c8b7dc
llm_253183b62039,no,0.820046,False,distilroberta-base-climate-commitment,Local model,climatebert_multi_20260526T112517Z_c8b7dc
llm_6ae31a4ec1b8,no,0.86403,False,distilroberta-base-climate-commitment,Local model,climatebert_multi_20260526T112517Z_c8b7dc
llm_b31d24b8b44b,no,0.774375,False,distilroberta-base-climate-commitment,Local model,climatebert_multi_20260526T112517Z_c8b7dc
llm_26156d57c9bf,no,0.787967,False,distilroberta-base-climate-commitment,Local model,climatebert_multi_20260526T112517Z_c8b7dc
llm_b6cbddf36f78,no,0.876257,False,distilroberta-base-climate-commitment,Local model,climatebert_multi_20260526T112517Z_c8b7dc
llm_5756bba3ef58,no,0.921129,False,distilroberta-base-climate-commitment,Local model,climatebert_multi_20260526T112517Z_c8b7dc
llm_35449b3c41ed,no,0.722649,False,distilroberta-base-climate-commitment,Local model,climatebert_multi_20260526T112517Z_c8b7dc
llm_3d52ba40e936,no,0.946506,False,distilroberta-base-climate-commitment,Local model,climatebert_multi_20260526T112517Z_c8b7dc
llm_91bd13ab343a,no,0.607336,False,distilroberta-base-climate-commitment,Local model,climatebert_multi_20260526T112517Z_c8b7dc
llm_6f75e05d88f3,no,0.779869,False,distilroberta-base-climate-commitment,Local model,climatebert_multi_20260526T112517Z_c8b7dc
llm_e4752e4466a2,no,0.793903,False,distilroberta-base-climate-commitment,Local model,climatebert_multi_20260526T112517Z_c8b7dc
llm_d6a9d82ff425,no,0.804511,False,distilroberta-base-climate-commitment,Local model,climatebert_multi_20260526T112517Z_c8b7dc
llm_ef0fcfbf8001,no,0.694896,False,distilroberta-base-climate-commitment,Local model,climatebert_multi_20260526T112517Z_c8b7dc
llm_6da2588d9056,no,0.907438,False,distilroberta-base-climate-commitment,Local model,climatebert_multi_20260526T112517Z_c8b7dc
llm_53fe9e9d9331,no,0.89136,False,distilroberta-base-climate-commitment,Local model,climatebert_multi_20260526T112517Z_c8b7dc
llm_931530dc1c8f,no,0.913995,False,distilroberta-base-climate-commitment,Local model,climatebert_multi_20260526T112517Z_c8b7dc
llm_41777026db89,no,0.980654,False,distilroberta-base-climate-commitment,Local model,climatebert_multi_20260526T112517Z_c8b7dc
llm_3fffae01ba9c,no,0.940919,False,distilroberta-base-climate-commitment,Local model,climatebert_multi_20260526T112517Z_c8b7dc
llm_3b366f8040e8,no,0.832946,False,distilroberta-base-climate-commitment,Local model,climatebert_multi_20260526T112517Z_c8b7dc
llm_e4b24b3dd49c,no,0.881191,False,distilroberta-base-climate-commitment,Local model,climatebert_multi_20260526T112517Z_c8b7dc
llm_a2daed9502c3,no,0.929138,False,distilroberta-base-climate-commitment,Local model,climatebert_multi_20260526T112517Z_c8b7dc
llm_b94d108ee2b3,no,0.716821,False,distilroberta-base-climate-commitment,Local model,climatebert_multi_20260526T112517Z_c8b7dc
llm_219cd0b0ab63,no,0.989407,False,distilroberta-base-climate-commitment,Local model,climatebert_multi_20260526T112517Z_c8b7dc
llm_57da2f78da37,no,0.89136,False,distilroberta-base-climate-commitment,Local model,climatebert_multi_20260526T112517Z_c8b7dc
llm_2d89c400a37d,no,0.907275,False,distilroberta-base-climate-commitment,Local model,climatebert_multi_20260526T112517Z_c8b7dc
llm_8748f721653b,no,0.988473,False,distilroberta-base-climate-commitment,Local model,climatebert_multi_20260526T112517Z_c8b7dc
llm_78ed86aee570,no,0.823685,False,distilroberta-base-climate-commitment,Local model,climatebert_multi_20260526T112517Z_c8b7dc
llm_f6c2a41d654a,no,0.862927,False,distilroberta-base-climate-commitment,Local model,climatebert_multi_20260526T112517Z_c8b7dc
llm_c2b089d12a97,no,0.947826,False,distilroberta-base-climate-commitment,Local model,climatebert_multi_20260526T112517Z_c8b7dc
llm_4ad899d7e57c,no,0.801875,False,distilroberta-base-climate-commitment,Local model,climatebert_multi_20260526T112517Z_c8b7dc
llm_c09b09273978,no,0.883018,False,distilroberta-base-climate-commitment,Local model,climatebert_multi_20260526T112517Z_c8b7dc
llm_a6fb5da53fca,no,0.793922,False,distilroberta-base-climate-commitment,Local model,climatebert_multi_20260526T112517Z_c8b7dc
llm_23db29d673c7,no,0.877973,False,distilroberta-base-climate-commitment,Local model,climatebert_multi_20260526T112517Z_c8b7dc
llm_cc71c182b274,no,0.694896,False,distilroberta-base-climate-commitment,Local model,climatebert_multi_20260526T112517Z_c8b7dc
llm_4f9f0073f0d1,no,0.51846,False,distilroberta-base-climate-commitment,Local model,climatebert_multi_20260526T112517Z_c8b7dc
llm_05d6882acdf2,no,0.657474,False,distilroberta-base-climate-commitment,Local model,climatebert_multi_20260526T112517Z_c8b7dc
llm_8114b28b25bf,no,0.722649,False,distilroberta-base-climate-commitment,Local model,climatebert_multi_20260526T112517Z_c8b7dc
llm_f0f7e55cd1c4,no,0.798822,False,distilroberta-base-climate-commitment,Local model,climatebert_multi_20260526T112517Z_c8b7dc
llm_a249738c181c,no,0.946506,False,distilroberta-base-climate-commitment,Local model,climatebert_multi_20260526T112517Z_c8b7dc
llm_17f40f34b9f2,no,0.607336,False,distilroberta-base-climate-commitment,Local model,climatebert_multi_20260526T112517Z_c8b7dc
llm_79b949275ac3,no,0.779869,False,distilroberta-base-climate-commitment,Local model,climatebert_multi_20260526T112517Z_c8b7dc
llm_0fb5e6656483,no,0.793903,False,distilroberta-base-climate-commitment,Local model,climatebert_multi_20260526T112517Z_c8b7dc
llm_e851951ff5d4,no,0.74787,False,distilroberta-base-climate-commitment,Local model,climatebert_multi_20260526T112517Z_c8b7dc
llm_cdee9be4ebbf,no,0.774375,False,distilroberta-base-climate-commitment,Local model,climatebert_multi_20260526T112517Z_c8b7dc
llm_3481f6efe56c,no,0.787967,False,distilroberta-base-climate-commitment,Local model,climatebert_multi_20260526T112517Z_c8b7dc
llm_9c5bf76aa9de,no,0.685508,False,distilroberta-base-climate-commitment,Local model,climatebert_multi_20260526T112517Z_c8b7dc
llm_dceabe9e8e41,no,0.876257,False,distilroberta-base-climate-commitment,Local model,climatebert_multi_20260526T112517Z_c8b7dc
llm_67635227951d,no,0.72098,False,distilroberta-base-climate-commitment,Local model,climatebert_multi_20260526T112517Z_c8b7dc
llm_c4ea65adec2c,no,0.65971,False,distilroberta-base-climate-commitment,Local model,climatebert_multi_20260526T112517Z_c8b7dc
llm_2a91cf5eb2fb,no,0.617752,False,distilroberta-base-climate-commitment,Local model,climatebert_multi_20260526T112517Z_c8b7dc
llm_209cfff1199e,no,0.682803,False,distilroberta-base-climate-commitment,Local model,climatebert_multi_20260526T112517Z_c8b7dc
llm_753d01938af2,no,0.624362,False,distilroberta-base-climate-commitment,Local model,climatebert_multi_20260526T112517Z_c8b7dc
llm_49ce7ae3e599,no,0.783593,False,distilroberta-base-climate-commitment,Local model,climatebert_multi_20260526T112517Z_c8b7dc
llm_7d2aa53ab245,no,0.766428,False,distilroberta-base-climate-commitment,Local model,climatebert_multi_20260526T112517Z_c8b7dc
llm_778765610844,no,0.906977,False,distilroberta-base-climate-commitment,Local model,climatebert_multi_20260526T112517Z_c8b7dc
llm_979bbe2e86fa,no,0.918815,False,distilroberta-base-climate-commitment,Local model,climatebert_multi_20260526T112517Z_c8b7dc
llm_2eb91690ae6f,no,0.849132,False,distilroberta-base-climate-commitment,Local model,climatebert_multi_20260526T112517Z_c8b7dc
llm_1622411abe25,no,0.772701,False,distilroberta-base-climate-commitment,Local model,climatebert_multi_20260526T112517Z_c8b7dc
llm_31c2bae09b64,no,0.959536,False,distilroberta-base-climate-commitment,Local model,climatebert_multi_20260526T112517Z_c8b7dc
llm_7161ddcac38a,no,0.793549,False,distilroberta-base-climate-commitment,Local model,climatebert_multi_20260526T112517Z_c8b7dc
llm_022741a78853,no,0.890339,False,distilroberta-base-climate-commitment,Local model,climatebert_multi_20260526T112517Z_c8b7dc
llm_25b52f33e3b0,no,0.594089,False,distilroberta-base-climate-commitment,Local model,climatebert_multi_20260526T112517Z_c8b7dc
llm_bdaa7aab79c1,no,0.621674,False,distilroberta-base-climate-commitment,Local model,climatebert_multi_20260526T112517Z_c8b7dc
llm_b55699483019,no,0.734563,False,distilroberta-base-climate-commitment,Local model,climatebert_multi_20260526T112517Z_c8b7dc
llm_0e10a9a3b586,no,0.690861,False,distilroberta-base-climate-commitment,Local model,climatebert_multi_20260526T112517Z_c8b7dc
llm_c9103ebc9c5e,no,0.744486,False,distilroberta-base-climate-commitment,Local model,climatebert_multi_20260526T112517Z_c8b7dc
llm_6703b4ba30ff,no,0.631066,False,distilroberta-base-climate-commitment,Local model,climatebert_multi_20260526T112517Z_c8b7dc
llm_8ca7ec7e625b,no,0.752192,False,distilroberta-base-climate-commitment,Local model,climatebert_multi_20260526T112517Z_c8b7dc
llm_87b32ff999d6,no,0.971404,False,distilroberta-base-climate-commitment,Local model,climatebert_multi_20260526T112517Z_c8b7dc
llm_e7c92191aa2a,no,0.889758,False,distilroberta-base-climate-commitment,Local model,climatebert_multi_20260526T112517Z_c8b7dc
llm_c3f2cfcf6a1d,no,0.916349,False,distilroberta-base-climate-commitment,Local model,climatebert_multi_20260526T112517Z_c8b7dc
llm_fa92f6bc7fc2,no,0.698707,False,distilroberta-base-climate-commitment,Local model,climatebert_multi_20260526T112517Z_c8b7dc
llm_003fcf09a06a,no,0.734717,False,distilroberta-base-climate-commitment,Local model,climatebert_multi_20260526T112517Z_c8b7dc
llm_83d9cfdebfa6,no,0.667158,False,distilroberta-base-climate-commitment,Local model,climatebert_multi_20260526T112517Z_c8b7dc
llm_12ef37597921,no,0.701912,False,distilroberta-base-climate-commitment,Local model,climatebert_multi_20260526T112517Z_c8b7dc
llm_9e3eccc038e4,no,0.779869,False,distilroberta-base-climate-commitment,Local model,climatebert_multi_20260526T112517Z_c8b7dc
llm_91026b836537,no,0.756814,False,distilroberta-base-climate-commitment,Local model,climatebert_multi_20260526T112517Z_c8b7dc
llm_27bb609957c6,no,0.661625,False,distilroberta-base-climate-commitment,Local model,climatebert_multi_20260526T112517Z_c8b7dc
llm_5b450d5d905e,no,0.723817,False,distilroberta-base-climate-commitment,Local model,climatebert_multi_20260526T112517Z_c8b7dc
llm_3466125475b7,no,0.71416,False,distilroberta-base-climate-commitment,Local model,climatebert_multi_20260526T112517Z_c8b7dc
llm_6e837581b46c,no,0.982386,False,distilroberta-base-climate-commitment,Local model,climatebert_multi_20260526T112517Z_c8b7dc
llm_36f35e97b84d,no,0.793922,False,distilroberta-base-climate-commitment,Local model,climatebert_multi_20260526T112517Z_c8b7dc
llm_04cd4c302be0,no,0.866551,False,distilroberta-base-climate-commitment,Local model,climatebert_multi_20260526T112517Z_c8b7dc
llm_46bdd6c8029a,no,0.774375,False,distilroberta-base-climate-commitment,Local model,climatebert_multi_20260526T112517Z_c8b7dc
llm_d270dfc42b2d,no,0.722649,False,distilroberta-base-climate-commitment,Local model,climatebert_multi_20260526T112517Z_c8b7dc
llm_2a0d4ba3fee9,no,0.798822,False,distilroberta-base-climate-commitment,Local model,climatebert_multi_20260526T112517Z_c8b7dc
llm_9ac2aa6c880f,no,0.946506,False,distilroberta-base-climate-commitment,Local model,climatebert_multi_20260526T112517Z_c8b7dc
llm_7d8d3cb09a8e,no,0.607336,False,distilroberta-base-climate-commitment,Local model,climatebert_multi_20260526T112517Z_c8b7dc
llm_8fb8686bb575,no,0.779869,False,distilroberta-base-climate-commitment,Local model,climatebert_multi_20260526T112517Z_c8b7dc
llm_a0b166d66a7b,no,0.793903,False,distilroberta-base-climate-commitment,Local model,climatebert_multi_20260526T112517Z_c8b7dc
llm_edbd43af7cce,no,0.74787,False,distilroberta-base-climate-commitment,Local model,climatebert_multi_20260526T112517Z_c8b7dc
llm_bc7eca407ba7,no,0.702459,False,distilroberta-base-climate-commitment,Local model,climatebert_multi_20260526T112517Z_c8b7dc
llm_93c2a7734629,no,0.694896,False,distilroberta-base-climate-commitment,Local model,climatebert_multi_20260526T112517Z_c8b7dc
llm_5b0eef0f4b15,no,0.51846,False,distilroberta-base-climate-commitment,Local model,climatebert_multi_20260526T112517Z_c8b7dc
llm_9eafd390d6ea,no,0.969578,False,distilroberta-base-climate-commitment,Local model,climatebert_multi_20260526T112517Z_c8b7dc
llm_d23e37365600,no,0.793549,False,distilroberta-base-climate-commitment,Local model,climatebert_multi_20260526T112517Z_c8b7dc
llm_ecb504d39f7d,no,0.890339,False,distilroberta-base-climate-commitment,Local model,climatebert_multi_20260526T112517Z_c8b7dc
llm_d627fd943a2d,no,0.594089,False,distilroberta-base-climate-commitment,Local model,climatebert_multi_20260526T112517Z_c8b7dc
llm_913ceef4d69a,no,0.621674,False,distilroberta-base-climate-commitment,Local model,climatebert_multi_20260526T112517Z_c8b7dc
llm_599f479efaab,no,0.734563,False,distilroberta-base-climate-commitment,Local model,climatebert_multi_20260526T112517Z_c8b7dc
llm_e7727c42c557,no,0.690861,False,distilroberta-base-climate-commitment,Local model,climatebert_multi_20260526T112517Z_c8b7dc
llm_80febf5a0d63,no,0.744486,False,distilroberta-base-climate-commitment,Local model,climatebert_multi_20260526T112517Z_c8b7dc
llm_91cb699cc274,no,0.631066,False,distilroberta-base-climate-commitment,Local model,climatebert_multi_20260526T112517Z_c8b7dc
llm_d091cfae1a87,no,0.752192,False,distilroberta-base-climate-commitment,Local model,climatebert_multi_20260526T112517Z_c8b7dc
llm_277bdaee4f86,no,0.748372,False,distilroberta-base-climate-commitment,Local model,climatebert_multi_20260526T112517Z_c8b7dc
llm_6860708e78aa,no,0.797147,False,distilroberta-base-climate-commitment,Local model,climatebert_multi_20260526T112517Z_c8b7dc
llm_d105439e20d7,no,0.619739,False,distilroberta-base-climate-commitment,Local model,climatebert_multi_20260526T112517Z_c8b7dc
llm_cb4503f58d85,no,0.738669,False,distilroberta-base-climate-commitment,Local model,climatebert_multi_20260526T112517Z_c8b7dc
llm_e428d2cf8c15,no,0.801875,False,distilroberta-base-climate-commitment,Local model,climatebert_multi_20260526T112517Z_c8b7dc
llm_b937641e0284,no,0.883018,False,distilroberta-base-climate-commitment,Local model,climatebert_multi_20260526T112517Z_c8b7dc
llm_4f8c94c371f8,no,0.951641,False,distilroberta-base-climate-commitment,Local model,climatebert_multi_20260526T112517Z_c8b7dc
llm_90241e05e011,no,0.690978,False,distilroberta-base-climate-commitment,Local model,climatebert_multi_20260526T112517Z_c8b7dc
llm_faf9c3f7b711,no,0.669985,False,distilroberta-base-climate-commitment,Local model,climatebert_multi_20260526T112517Z_c8b7dc
llm_7c1b15c00d7b,no,0.793922,False,distilroberta-base-climate-commitment,Local model,climatebert_multi_20260526T112517Z_c8b7dc
llm_6f50af8a000a,no,0.774375,False,distilroberta-base-climate-commitment,Local model,climatebert_multi_20260526T112517Z_c8b7dc
llm_42cbab745d37,no,0.787967,False,distilroberta-base-climate-commitment,Local model,climatebert_multi_20260526T112517Z_c8b7dc
llm_9b6c10de9d47,no,0.876257,False,distilroberta-base-climate-commitment,Local model,climatebert_multi_20260526T112517Z_c8b7dc
llm_dcdcf7a94dc1,no,0.921129,False,distilroberta-base-climate-commitment,Local model,climatebert_multi_20260526T112517Z_c8b7dc
llm_1e872bda2e7f,no,0.799103,False,distilroberta-base-climate-commitment,Local model,climatebert_multi_20260526T112517Z_c8b7dc
llm_d1e081fac9e8,no,0.798722,False,distilroberta-base-climate-commitment,Local model,climatebert_multi_20260526T112517Z_c8b7dc
llm_8aa9980ccf24,no,0.74589,False,distilroberta-base-climate-commitment,Local model,climatebert_multi_20260526T112517Z_c8b7dc
llm_c46d494541ad,no,0.793903,False,distilroberta-base-climate-commitment,Local model,climatebert_multi_20260526T112517Z_c8b7dc
llm_808cbcb58328,no,0.798822,False,distilroberta-base-climate-commitment,Local model,climatebert_multi_20260526T112517Z_c8b7dc
llm_021f01ba3f12,no,0.946506,False,distilroberta-base-climate-commitment,Local model,climatebert_multi_20260526T112517Z_c8b7dc
llm_d0787715607e,no,0.607336,False,distilroberta-base-climate-commitment,Local model,climatebert_multi_20260526T112517Z_c8b7dc
llm_96725e708067,no,0.72098,False,distilroberta-base-climate-commitment,Local model,climatebert_multi_20260526T112517Z_c8b7dc
llm_08328b83626b,no,0.694896,False,distilroberta-base-climate-commitment,Local model,climatebert_multi_20260526T112517Z_c8b7dc
llm_18bf1b18d93b,no,0.89136,False,distilroberta-base-climate-commitment,Local model,climatebert_multi_20260526T112517Z_c8b7dc
llm_8f9fffa1af82,no,0.896261,False,distilroberta-base-climate-commitment,Local model,climatebert_multi_20260526T112517Z_c8b7dc
llm_c6aa952fd461,no,0.863626,False,distilroberta-base-climate-commitment,Local model,climatebert_multi_20260526T112517Z_c8b7dc
llm_42d38286f373,no,0.960566,False,distilroberta-base-climate-commitment,Local model,climatebert_multi_20260526T112517Z_c8b7dc
llm_88f9a01460d2,yes,0.780031,True,distilroberta-base-climate-commitment,Local model,climatebert_multi_20260526T112517Z_c8b7dc
llm_9ec824bbefdf,no,0.992683,False,distilroberta-base-climate-commitment,Local model,climatebert_multi_20260526T112517Z_c8b7dc
llm_b36e8facd056,no,0.92657,False,distilroberta-base-climate-commitment,Local model,climatebert_multi_20260526T112517Z_c8b7dc
llm_2262baedff2a,no,0.961358,False,distilroberta-base-climate-commitment,Local model,climatebert_multi_20260526T112517Z_c8b7dc
llm_e0b13566a3e0,no,0.987661,False,distilroberta-base-climate-commitment,Local model,climatebert_multi_20260526T112517Z_c8b7dc
llm_63aa5e968ba7,no,0.917078,False,distilroberta-base-climate-commitment,Local model,climatebert_multi_20260526T112517Z_c8b7dc
llm_588ac49caf89,no,0.891309,False,distilroberta-base-climate-commitment,Local model,climatebert_multi_20260526T112517Z_c8b7dc
llm_6bbe595c5876,no,0.799971,False,distilroberta-base-climate-commitment,Local model,climatebert_multi_20260526T112517Z_c8b7dc
llm_20cb096b49a8,no,0.804267,False,distilroberta-base-climate-commitment,Local model,climatebert_multi_20260526T112517Z_c8b7dc
llm_1f87a3d7595e,no,0.831425,False,distilroberta-base-climate-commitment,Local model,climatebert_multi_20260526T112517Z_c8b7dc
llm_b5c0c46f46b7,no,0.929138,False,distilroberta-base-climate-commitment,Local model,climatebert_multi_20260526T112517Z_c8b7dc
llm_80e9b08a65b7,no,0.795905,False,distilroberta-base-climate-commitment,Local model,climatebert_multi_20260526T112517Z_c8b7dc
llm_34bc19607299,no,0.830547,False,distilroberta-base-climate-commitment,Local model,climatebert_multi_20260526T112517Z_c8b7dc
llm_218573675ca4,no,0.80526,False,distilroberta-base-climate-commitment,Local model,climatebert_multi_20260526T112517Z_c8b7dc
llm_6919c1b206e9,no,0.895233,False,distilroberta-base-climate-commitment,Local model,climatebert_multi_20260526T112517Z_c8b7dc
llm_0e6595f212ec,no,0.912587,False,distilroberta-base-climate-commitment,Local model,climatebert_multi_20260526T112517Z_c8b7dc
llm_08018f414641,no,0.936572,False,distilroberta-base-climate-commitment,Local model,climatebert_multi_20260526T112517Z_c8b7dc
llm_bd78228b2003,no,0.959536,False,distilroberta-base-climate-commitment,Local model,climatebert_multi_20260526T112517Z_c8b7dc
llm_6dcf29f5c8c8,no,0.793549,False,distilroberta-base-climate-commitment,Local model,climatebert_multi_20260526T112517Z_c8b7dc
llm_616fe1f29310,no,0.890339,False,distilroberta-base-climate-commitment,Local model,climatebert_multi_20260526T112517Z_c8b7dc
llm_a0dd640cc0dd,no,0.67357,False,distilroberta-base-climate-commitment,Local model,climatebert_multi_20260526T112517Z_c8b7dc
llm_993407674268,no,0.594089,False,distilroberta-base-climate-commitment,Local model,climatebert_multi_20260526T112517Z_c8b7dc
llm_fb8e96267fb0,no,0.621674,False,distilroberta-base-climate-commitment,Local model,climatebert_multi_20260526T112517Z_c8b7dc
llm_3dca53d1bc6c,no,0.734563,False,distilroberta-base-climate-commitment,Local model,climatebert_multi_20260526T112517Z_c8b7dc
llm_8e41b798c761,no,0.690861,False,distilroberta-base-climate-commitment,Local model,climatebert_multi_20260526T112517Z_c8b7dc
llm_2dd593a878e9,no,0.744486,False,distilroberta-base-climate-commitment,Local model,climatebert_multi_20260526T112517Z_c8b7dc
llm_77ff0b834993,no,0.631066,False,distilroberta-base-climate-commitment,Local model,climatebert_multi_20260526T112517Z_c8b7dc
llm_882f503d976c,no,0.752192,False,distilroberta-base-climate-commitment,Local model,climatebert_multi_20260526T112517Z_c8b7dc
llm_6687a52c5c7d,no,0.748372,False,distilroberta-base-climate-commitment,Local model,climatebert_multi_20260526T112517Z_c8b7dc
llm_bc77f4b138fe,no,0.946604,False,distilroberta-base-climate-commitment,Local model,climatebert_multi_20260526T112517Z_c8b7dc
llm_1e3728af6890,yes,0.525969,True,distilroberta-base-climate-commitment,Local model,climatebert_multi_20260526T112517Z_c8b7dc
llm_1905ba3cae16,no,0.984305,False,distilroberta-base-climate-commitment,Local model,climatebert_multi_20260526T112517Z_c8b7dc
llm_fdd5e63d1f62,no,0.955063,False,distilroberta-base-climate-commitment,Local model,climatebert_multi_20260526T112517Z_c8b7dc
llm_c77e52cdc035,no,0.687868,False,distilroberta-base-climate-commitment,Local model,climatebert_multi_20260526T112517Z_c8b7dc
llm_c0f57574d8dd,no,0.898719,False,distilroberta-base-climate-commitment,Local model,climatebert_multi_20260526T112517Z_c8b7dc
llm_72c36ae1a880,no,0.907438,False,distilroberta-base-climate-commitment,Local model,climatebert_multi_20260526T112517Z_c8b7dc
llm_aa126f10375f,no,0.962076,False,distilroberta-base-climate-commitment,Local model,climatebert_multi_20260526T112517Z_c8b7dc
llm_d00c31eb527f,no,0.801875,False,distilroberta-base-climate-commitment,Local model,climatebert_multi_20260526T112517Z_c8b7dc
llm_49fef22d4202,no,0.883018,False,distilroberta-base-climate-commitment,Local model,climatebert_multi_20260526T112517Z_c8b7dc
llm_d115f423e0e7,no,0.827791,False,distilroberta-base-climate-commitment,Local model,climatebert_multi_20260526T112517Z_c8b7dc
llm_18f9babeee10,no,0.951641,False,distilroberta-base-climate-commitment,Local model,climatebert_multi_20260526T112517Z_c8b7dc
llm_786195da83a1,no,0.669985,False,distilroberta-base-climate-commitment,Local model,climatebert_multi_20260526T112517Z_c8b7dc
llm_30be50e88380,no,0.690978,False,distilroberta-base-climate-commitment,Local model,climatebert_multi_20260526T112517Z_c8b7dc
llm_bb95fcf11d96,no,0.793922,False,distilroberta-base-climate-commitment,Local model,climatebert_multi_20260526T112517Z_c8b7dc
llm_ce8d248a943d,no,0.801835,False,distilroberta-base-climate-commitment,Local model,climatebert_multi_20260526T112517Z_c8b7dc
llm_607b0193b71b,no,0.866551,False,distilroberta-base-climate-commitment,Local model,climatebert_multi_20260526T112517Z_c8b7dc
llm_77f231f69983,no,0.801875,False,distilroberta-base-climate-commitment,Local model,climatebert_multi_20260526T112517Z_c8b7dc
llm_3ec345896c02,no,0.883018,False,distilroberta-base-climate-commitment,Local model,climatebert_multi_20260526T112517Z_c8b7dc
llm_f189f6d33981,no,0.951641,False,distilroberta-base-climate-commitment,Local model,climatebert_multi_20260526T112517Z_c8b7dc
llm_6d8e57a49ded,no,0.793922,False,distilroberta-base-climate-commitment,Local model,climatebert_multi_20260526T112517Z_c8b7dc
llm_632c86407b07,no,0.785174,False,distilroberta-base-climate-commitment,Local model,climatebert_multi_20260526T112517Z_c8b7dc
llm_e3cc9a140e95,no,0.754043,False,distilroberta-base-climate-commitment,Local model,climatebert_multi_20260526T112517Z_c8b7dc
llm_c1e4c1da5145,no,0.972558,False,distilroberta-base-climate-commitment,Local model,climatebert_multi_20260526T112517Z_c8b7dc
llm_d431b41fb2c1,no,0.836835,False,distilroberta-base-climate-commitment,Local model,climatebert_multi_20260526T112517Z_c8b7dc
llm_519f29e1df13,no,0.857764,False,distilroberta-base-climate-commitment,Local model,climatebert_multi_20260526T112517Z_c8b7dc
llm_0d17bb05a984,no,0.829284,False,distilroberta-base-climate-commitment,Local model,climatebert_multi_20260526T112517Z_c8b7dc
llm_d488510ddd66,no,0.89136,False,distilroberta-base-climate-commitment,Local model,climatebert_multi_20260526T112517Z_c8b7dc
llm_e2a46ce3686a,no,0.918088,False,distilroberta-base-climate-commitment,Local model,climatebert_multi_20260526T112517Z_c8b7dc
llm_e0fd7f59e1fa,no,0.898719,False,distilroberta-base-climate-commitment,Local model,climatebert_multi_20260526T112517Z_c8b7dc
llm_c6ac89b1a044,no,0.907438,False,distilroberta-base-climate-commitment,Local model,climatebert_multi_20260526T112517Z_c8b7dc
llm_8ef713f43e3f,no,0.982386,False,distilroberta-base-climate-commitment,Local model,climatebert_multi_20260526T112517Z_c8b7dc
llm_14815cccfd35,no,0.950935,False,distilroberta-base-climate-commitment,Local model,climatebert_multi_20260526T112517Z_c8b7dc
llm_faf386c47f01,no,0.934574,False,distilroberta-base-climate-commitment,Local model,climatebert_multi_20260526T112517Z_c8b7dc
llm_9587ee0a3fb7,no,0.762562,False,distilroberta-base-climate-commitment,Local model,climatebert_multi_20260526T112517Z_c8b7dc
llm_27e6b9523487,no,0.887624,False,distilroberta-base-climate-commitment,Local model,climatebert_multi_20260526T112517Z_c8b7dc
llm_eb6d908ca731,no,0.893906,False,distilroberta-base-climate-commitment,Local model,climatebert_multi_20260526T112517Z_c8b7dc
llm_e07b3a3b4a4d,no,0.793922,False,distilroberta-base-climate-commitment,Local model,climatebert_multi_20260526T112517Z_c8b7dc
llm_265bd74f6552,no,0.793106,False,distilroberta-base-climate-commitment,Local model,climatebert_multi_20260526T112517Z_c8b7dc
llm_a9b949615e6d,no,0.933364,False,distilroberta-base-climate-commitment,Local model,climatebert_multi_20260526T112517Z_c8b7dc
llm_aa6488069993,no,0.694896,False,distilroberta-base-climate-commitment,Local model,climatebert_multi_20260526T112517Z_c8b7dc
llm_04b333a7b1bf,no,0.907438,False,distilroberta-base-climate-commitment,Local model,climatebert_multi_20260526T112517Z_c8b7dc
llm_1bfde5b099c9,no,0.89136,False,distilroberta-base-climate-commitment,Local model,climatebert_multi_20260526T112517Z_c8b7dc
llm_d0bb5331d608,no,0.913995,False,distilroberta-base-climate-commitment,Local model,climatebert_multi_20260526T112517Z_c8b7dc
llm_0d8d64f9878d,no,0.89136,False,distilroberta-base-climate-commitment,Local model,climatebert_multi_20260526T112517Z_c8b7dc
llm_3a902a3df403,no,0.913995,False,distilroberta-base-climate-commitment,Local model,climatebert_multi_20260526T112517Z_c8b7dc
llm_f46551c104e2,no,0.907438,False,distilroberta-base-climate-commitment,Local model,climatebert_multi_20260526T112517Z_c8b7dc
llm_0fb2c1c036b9,no,0.898719,False,distilroberta-base-climate-commitment,Local model,climatebert_multi_20260526T112517Z_c8b7dc
llm_a6bd648d1890,no,0.83078,False,distilroberta-base-climate-commitment,Local model,climatebert_multi_20260526T112517Z_c8b7dc
llm_086b8248ed1b,no,0.944478,False,distilroberta-base-climate-commitment,Local model,climatebert_multi_20260526T112517Z_c8b7dc
llm_f1c5645c9de1,no,0.971748,False,distilroberta-base-climate-commitment,Local model,climatebert_multi_20260526T112517Z_c8b7dc
llm_43d5e00657e5,no,0.960998,False,distilroberta-base-climate-commitment,Local model,climatebert_multi_20260526T112517Z_c8b7dc
llm_e24c84153216,no,0.963948,False,distilroberta-base-climate-commitment,Local model,climatebert_multi_20260526T112517Z_c8b7dc
llm_d8cfa742c86b,no,0.96334,False,distilroberta-base-climate-commitment,Local model,climatebert_multi_20260526T112517Z_c8b7dc
llm_cdbdcfe1fd4b,no,0.794832,False,distilroberta-base-climate-commitment,Local model,climatebert_multi_20260526T112517Z_c8b7dc
llm_ea91c50faa9c,no,0.91498,False,distilroberta-base-climate-commitment,Local model,climatebert_multi_20260526T112517Z_c8b7dc
llm_2a6d8fd8c2b3,no,0.793922,False,distilroberta-base-climate-commitment,Local model,climatebert_multi_20260526T112517Z_c8b7dc
llm_0a2efef4da09,no,0.966988,False,distilroberta-base-climate-commitment,Local model,climatebert_multi_20260526T112517Z_c8b7dc
llm_9ba492044688,no,0.91344,False,distilroberta-base-climate-commitment,Local model,climatebert_multi_20260526T112517Z_c8b7dc
llm_40062bf06038,no,0.898719,False,distilroberta-base-climate-commitment,Local model,climatebert_multi_20260526T112517Z_c8b7dc
llm_344d775e4760,no,0.907438,False,distilroberta-base-climate-commitment,Local model,climatebert_multi_20260526T112517Z_c8b7dc
llm_2c617ef56923,no,0.89136,False,distilroberta-base-climate-commitment,Local model,climatebert_multi_20260526T112517Z_c8b7dc
llm_7c5b79b2b5e6,no,0.907275,False,distilroberta-base-climate-commitment,Local model,climatebert_multi_20260526T112517Z_c8b7dc
llm_a12e4b99842c,no,0.759117,False,distilroberta-base-climate-commitment,Local model,climatebert_multi_20260526T112517Z_c8b7dc
llm_230132e91dc1,no,0.727878,False,distilroberta-base-climate-commitment,Local model,climatebert_multi_20260526T112517Z_c8b7dc
llm_6c07eae873c3,no,0.98082,False,distilroberta-base-climate-commitment,Local model,climatebert_multi_20260526T112517Z_c8b7dc
llm_c7bd4820f9d2,no,0.89136,False,distilroberta-base-climate-commitment,Local model,climatebert_multi_20260526T112517Z_c8b7dc
llm_7a21e7dd30c6,no,0.907275,False,distilroberta-base-climate-commitment,Local model,climatebert_multi_20260526T112517Z_c8b7dc
llm_d422609457e9,no,0.899591,False,distilroberta-base-climate-commitment,Local model,climatebert_multi_20260526T112517Z_c8b7dc
llm_ccd3d8379450,no,0.823685,False,distilroberta-base-climate-commitment,Local model,climatebert_multi_20260526T112517Z_c8b7dc
llm_4523d1c39fdf,no,0.907275,False,distilroberta-base-climate-commitment,Local model,climatebert_multi_20260526T112517Z_c8b7dc
llm_ea37d4027ff3,no,0.988473,False,distilroberta-base-climate-commitment,Local model,climatebert_multi_20260526T112517Z_c8b7dc
llm_666cd089999a,no,0.89136,False,distilroberta-base-climate-commitment,Local model,climatebert_multi_20260526T112517Z_c8b7dc
llm_96d38bd749a2,no,0.913995,False,distilroberta-base-climate-commitment,Local model,climatebert_multi_20260526T112517Z_c8b7dc
llm_7b9206435f7f,no,0.946326,False,distilroberta-base-climate-commitment,Local model,climatebert_multi_20260526T112517Z_c8b7dc
llm_21b6bfe50e7a,no,0.884851,False,distilroberta-base-climate-commitment,Local model,climatebert_multi_20260526T112517Z_c8b7dc
llm_687ccdac62aa,no,0.949586,False,distilroberta-base-climate-commitment,Local model,climatebert_multi_20260526T112517Z_c8b7dc
llm_df23268276ae,no,0.979491,False,distilroberta-base-climate-commitment,Local model,climatebert_multi_20260526T112517Z_c8b7dc
llm_c46bbd16b7f2,no,0.89136,False,distilroberta-base-climate-commitment,Local model,climatebert_multi_20260526T112517Z_c8b7dc
llm_71a3bbebf3f8,no,0.913995,False,distilroberta-base-climate-commitment,Local model,climatebert_multi_20260526T112517Z_c8b7dc
llm_c25ee3608bce,no,0.839479,False,distilroberta-base-climate-commitment,Local model,climatebert_multi_20260526T112517Z_c8b7dc
llm_e8dc07571753,no,0.789607,False,distilroberta-base-climate-commitment,Local model,climatebert_multi_20260526T112517Z_c8b7dc
llm_23e975d88854,no,0.840039,False,distilroberta-base-climate-commitment,Local model,climatebert_multi_20260526T112517Z_c8b7dc
llm_86415b56c627,no,0.907438,False,distilroberta-base-climate-commitment,Local model,climatebert_multi_20260526T112517Z_c8b7dc
llm_fdb97369e0e4,no,0.89136,False,distilroberta-base-climate-commitment,Local model,climatebert_multi_20260526T112517Z_c8b7dc
llm_75aa5df2b124,no,0.913995,False,distilroberta-base-climate-commitment,Local model,climatebert_multi_20260526T112517Z_c8b7dc
llm_b167140ccdc3,no,0.804009,False,distilroberta-base-climate-commitment,Local model,climatebert_multi_20260526T112517Z_c8b7dc
llm_968b7a9652b5,no,0.792894,False,distilroberta-base-climate-commitment,Local model,climatebert_multi_20260526T112517Z_c8b7dc
llm_dc553b2fd49e,no,0.907438,False,distilroberta-base-climate-commitment,Local model,climatebert_multi_20260526T112517Z_c8b7dc
llm_650756cf4612,no,0.89136,False,distilroberta-base-climate-commitment,Local model,climatebert_multi_20260526T112517Z_c8b7dc
llm_6dd913559319,no,0.907275,False,distilroberta-base-climate-commitment,Local model,climatebert_multi_20260526T112517Z_c8b7dc
llm_aaf48ba00898,no,0.705456,False,distilroberta-base-climate-commitment,Local model,climatebert_multi_20260526T112517Z_c8b7dc
llm_673a4e3d1b25,no,0.614472,False,distilroberta-base-climate-commitment,Local model,climatebert_multi_20260526T112517Z_c8b7dc
llm_602b5848f12c,no,0.907438,False,distilroberta-base-climate-commitment,Local model,climatebert_multi_20260526T112517Z_c8b7dc
llm_816d9183a0bb,no,0.89136,False,distilroberta-base-climate-commitment,Local model,climatebert_multi_20260526T112517Z_c8b7dc
llm_31cdc8c7fd80,no,0.913995,False,distilroberta-base-climate-commitment,Local model,climatebert_multi_20260526T112517Z_c8b7dc
llm_f7a211a691bb,no,0.863626,False,distilroberta-base-climate-commitment,Local model,climatebert_multi_20260526T112517Z_c8b7dc
llm_7d675f32e37b,no,0.983369,False,distilroberta-base-climate-commitment,Local model,climatebert_multi_20260526T112517Z_c8b7dc
llm_fd4b9cceaa6f,no,0.89136,False,distilroberta-base-climate-commitment,Local model,climatebert_multi_20260526T112517Z_c8b7dc
llm_b39ac3f147a8,no,0.913995,False,distilroberta-base-climate-commitment,Local model,climatebert_multi_20260526T112517Z_c8b7dc
llm_63676ce5788a,no,0.946326,False,distilroberta-base-climate-commitment,Local model,climatebert_multi_20260526T112517Z_c8b7dc
llm_43e091d82e31,no,0.884851,False,distilroberta-base-climate-commitment,Local model,climatebert_multi_20260526T112517Z_c8b7dc
llm_8c7f53fb4f8b,no,0.89136,False,distilroberta-base-climate-commitment,Local model,climatebert_multi_20260526T112517Z_c8b7dc
llm_18e360ef39c0,no,0.872306,False,distilroberta-base-climate-commitment,Local model,climatebert_multi_20260526T112517Z_c8b7dc
llm_2f357f967c8c,no,0.960553,False,distilroberta-base-climate-commitment,Local model,climatebert_multi_20260526T112517Z_c8b7dc
llm_a8640b8ac814,no,0.963797,False,distilroberta-base-climate-commitment,Local model,climatebert_multi_20260526T112517Z_c8b7dc
llm_58647d592cf4,no,0.829996,False,distilroberta-base-climate-commitment,Local model,climatebert_multi_20260526T112517Z_c8b7dc
llm_40617decce39,no,0.898719,False,distilroberta-base-climate-commitment,Local model,climatebert_multi_20260526T112517Z_c8b7dc
llm_9bfe1fe07b05,no,0.842775,False,distilroberta-base-climate-commitment,Local model,climatebert_multi_20260526T112517Z_c8b7dc
llm_417314c3f172,no,0.743207,False,distilroberta-base-climate-commitment,Local model,climatebert_multi_20260526T112517Z_c8b7dc
llm_dbfb69675af5,no,0.89136,False,distilroberta-base-climate-commitment,Local model,climatebert_multi_20260526T112517Z_c8b7dc
llm_b9820819e96e,no,0.913995,False,distilroberta-base-climate-commitment,Local model,climatebert_multi_20260526T112517Z_c8b7dc
llm_ac52127cf7fb,no,0.894638,False,distilroberta-base-climate-commitment,Local model,climatebert_multi_20260526T112517Z_c8b7dc
llm_4b0c869ba197,no,0.915839,False,distilroberta-base-climate-commitment,Local model,climatebert_multi_20260526T112517Z_c8b7dc
llm_46cfbf4c3282,no,0.813348,False,distilroberta-base-climate-commitment,Local model,climatebert_multi_20260526T112517Z_c8b7dc
llm_d466a07d11db,no,0.950408,False,distilroberta-base-climate-commitment,Local model,climatebert_multi_20260526T112517Z_c8b7dc
llm_4a7e1289e391,no,0.927881,False,distilroberta-base-climate-commitment,Local model,climatebert_multi_20260526T112517Z_c8b7dc
llm_de5d3c5877d5,no,0.838671,False,distilroberta-base-climate-commitment,Local model,climatebert_multi_20260526T112517Z_c8b7dc
llm_c588fc841a5e,no,0.84941,False,distilroberta-base-climate-commitment,Local model,climatebert_multi_20260526T112517Z_c8b7dc
llm_ff5e33381ad9,no,0.863626,False,distilroberta-base-climate-commitment,Local model,climatebert_multi_20260526T112517Z_c8b7dc
llm_ed54fc9b52d0,no,0.974688,False,distilroberta-base-climate-commitment,Local model,climatebert_multi_20260526T112517Z_c8b7dc
llm_5b93b9866e5e,no,0.854025,False,distilroberta-base-climate-commitment,Local model,climatebert_multi_20260526T112517Z_c8b7dc
llm_14a73cb1a009,no,0.656981,False,distilroberta-base-climate-commitment,Local model,climatebert_multi_20260526T112517Z_c8b7dc
llm_dbdef81bfb08,no,0.791865,False,distilroberta-base-climate-commitment,Local model,climatebert_multi_20260526T112517Z_c8b7dc
llm_267a868ca504,no,0.771853,False,distilroberta-base-climate-commitment,Local model,climatebert_multi_20260526T112517Z_c8b7dc
llm_690be2e0f014,no,0.836638,False,distilroberta-base-climate-commitment,Local model,climatebert_multi_20260526T112517Z_c8b7dc
llm_7776377ce1b4,no,0.851914,False,distilroberta-base-climate-commitment,Local model,climatebert_multi_20260526T112517Z_c8b7dc
llm_93ffb4bf06e0,yes,0.977575,True,distilroberta-base-climate-commitment,Local model,climatebert_multi_20260526T112517Z_c8b7dc
llm_c1f45657c2ac,no,0.961569,False,distilroberta-base-climate-commitment,Local model,climatebert_multi_20260526T112517Z_c8b7dc
llm_7269453e5165,no,0.861967,False,distilroberta-base-climate-commitment,Local model,climatebert_multi_20260526T112517Z_c8b7dc
llm_99f818e63fe0,no,0.812376,False,distilroberta-base-climate-commitment,Local model,climatebert_multi_20260526T112517Z_c8b7dc
llm_6b5a7db9e4cf,no,0.763151,False,distilroberta-base-climate-commitment,Local model,climatebert_multi_20260526T112517Z_c8b7dc
llm_a886994ce308,no,0.768463,False,distilroberta-base-climate-commitment,Local model,climatebert_multi_20260526T112517Z_c8b7dc
llm_51866eb1cdcc,no,0.682906,False,distilroberta-base-climate-commitment,Local model,climatebert_multi_20260526T112517Z_c8b7dc
llm_a358428bfa21,no,0.89136,False,distilroberta-base-climate-commitment,Local model,climatebert_multi_20260526T112517Z_c8b7dc
llm_c8449c83c4a0,no,0.913995,False,distilroberta-base-climate-commitment,Local model,climatebert_multi_20260526T112517Z_c8b7dc
llm_3a2de5ef71bb,no,0.925692,False,distilroberta-base-climate-commitment,Local model,climatebert_multi_20260526T112517Z_c8b7dc
llm_daf90cb93e12,no,0.91305,False,distilroberta-base-climate-commitment,Local model,climatebert_multi_20260526T112517Z_c8b7dc
llm_11599883d3f7,no,0.898719,False,distilroberta-base-climate-commitment,Local model,climatebert_multi_20260526T112517Z_c8b7dc
llm_bd7141240359,no,0.907438,False,distilroberta-base-climate-commitment,Local model,climatebert_multi_20260526T112517Z_c8b7dc
llm_60dcbafe6da9,no,0.899591,False,distilroberta-base-climate-commitment,Local model,climatebert_multi_20260526T112517Z_c8b7dc
llm_da0d06480711,no,0.907471,False,distilroberta-base-climate-commitment,Local model,climatebert_multi_20260526T112517Z_c8b7dc
llm_f2fb86b18653,no,0.850117,False,distilroberta-base-climate-commitment,Local model,climatebert_multi_20260526T112517Z_c8b7dc
llm_9080341f1726,no,0.677335,False,distilroberta-base-climate-commitment,Local model,climatebert_multi_20260526T112517Z_c8b7dc
llm_d530c18d7b0b,no,0.713611,False,distilroberta-base-climate-commitment,Local model,climatebert_multi_20260526T112517Z_c8b7dc
llm_ca1b1e2c76f4,no,0.854025,False,distilroberta-base-climate-commitment,Local model,climatebert_multi_20260526T112517Z_c8b7dc
llm_59789a86fb19,no,0.851043,False,distilroberta-base-climate-commitment,Local model,climatebert_multi_20260526T112517Z_c8b7dc
llm_96e4456df008,no,0.656981,False,distilroberta-base-climate-commitment,Local model,climatebert_multi_20260526T112517Z_c8b7dc
llm_78af8a47d4a8,no,0.791236,False,distilroberta-base-climate-commitment,Local model,climatebert_multi_20260526T112517Z_c8b7dc
llm_1bb39c5b9a5f,no,0.842607,False,distilroberta-base-climate-commitment,Local model,climatebert_multi_20260526T112517Z_c8b7dc
llm_fb105feb21e3,no,0.965158,False,distilroberta-base-climate-commitment,Local model,climatebert_multi_20260526T112517Z_c8b7dc
llm_a1cf5bfd9c31,no,0.898719,False,distilroberta-base-climate-commitment,Local model,climatebert_multi_20260526T112517Z_c8b7dc
llm_ef04b1675b9b,no,0.907438,False,distilroberta-base-climate-commitment,Local model,climatebert_multi_20260526T112517Z_c8b7dc
llm_4bc6091dd66e,no,0.89136,False,distilroberta-base-climate-commitment,Local model,climatebert_multi_20260526T112517Z_c8b7dc
llm_a89e3ee78cd1,no,0.913995,False,distilroberta-base-climate-commitment,Local model,climatebert_multi_20260526T112517Z_c8b7dc
llm_4e027be10c40,no,0.983841,False,distilroberta-base-climate-commitment,Local model,climatebert_multi_20260526T112517Z_c8b7dc
llm_e2342bf97f15,no,0.722148,False,distilroberta-base-climate-commitment,Local model,climatebert_multi_20260526T112517Z_c8b7dc
llm_bbc957b133a3,no,0.89136,False,distilroberta-base-climate-commitment,Local model,climatebert_multi_20260526T112517Z_c8b7dc
llm_fa948c89534c,no,0.913995,False,distilroberta-base-climate-commitment,Local model,climatebert_multi_20260526T112517Z_c8b7dc
llm_237f96183aa6,no,0.887559,False,distilroberta-base-climate-commitment,Local model,climatebert_multi_20260526T112517Z_c8b7dc
llm_56ecd5b9bf71,no,0.898719,False,distilroberta-base-climate-commitment,Local model,climatebert_multi_20260526T112517Z_c8b7dc
llm_154c5d0dd6c4,no,0.907438,False,distilroberta-base-climate-commitment,Local model,climatebert_multi_20260526T112517Z_c8b7dc
llm_c052a8b21c29,no,0.879796,False,distilroberta-base-climate-commitment,Local model,climatebert_multi_20260526T112517Z_c8b7dc
llm_6895f3329b3f,no,0.814275,False,distilroberta-base-climate-commitment,Local model,climatebert_multi_20260526T112517Z_c8b7dc
llm_5e8f5f06dd88,no,0.8512,False,distilroberta-base-climate-commitment,Local model,climatebert_multi_20260526T112517Z_c8b7dc
llm_1b01621c4ca3,no,0.883384,False,distilroberta-base-climate-commitment,Local model,climatebert_multi_20260526T112517Z_c8b7dc
llm_578839d0489d,no,0.951501,False,distilroberta-base-climate-commitment,Local model,climatebert_multi_20260526T112517Z_c8b7dc
llm_5a9de1c31c6b,no,0.859675,False,distilroberta-base-climate-commitment,Local model,climatebert_multi_20260526T112517Z_c8b7dc
llm_051a0ef3ee61,no,0.846074,False,distilroberta-base-climate-commitment,Local model,climatebert_multi_20260526T112517Z_c8b7dc
llm_f423fa0b20de,no,0.952994,False,distilroberta-base-climate-commitment,Local model,climatebert_multi_20260526T112517Z_c8b7dc
llm_37e74caa32ae,no,0.84835,False,distilroberta-base-climate-commitment,Local model,climatebert_multi_20260526T112517Z_c8b7dc
llm_bdb5767b3f3e,no,0.997528,False,distilroberta-base-climate-commitment,Local model,climatebert_multi_20260526T112517Z_c8b7dc
llm_de5cb9c4a9a6,no,0.873554,False,distilroberta-base-climate-commitment,Local model,climatebert_multi_20260526T112517Z_c8b7dc
llm_f054c590eb7e,no,0.909323,False,distilroberta-base-climate-commitment,Local model,climatebert_multi_20260526T112517Z_c8b7dc
llm_c6139b2f1553,no,0.704345,False,distilroberta-base-climate-commitment,Local model,climatebert_multi_20260526T112517Z_c8b7dc
llm_07190dafa5d1,no,0.722082,False,distilroberta-base-climate-commitment,Local model,climatebert_multi_20260526T112517Z_c8b7dc
llm_549902364afd,no,0.634727,False,distilroberta-base-climate-commitment,Local model,climatebert_multi_20260526T112517Z_c8b7dc
llm_4d7fd0cc3ee0,no,0.898719,False,distilroberta-base-climate-commitment,Local model,climatebert_multi_20260526T112517Z_c8b7dc
llm_1dab7b111586,no,0.89136,False,distilroberta-base-climate-commitment,Local model,climatebert_multi_20260526T112517Z_c8b7dc
llm_a2ef2f0de8d7,no,0.907275,False,distilroberta-base-climate-commitment,Local model,climatebert_multi_20260526T112517Z_c8b7dc
llm_3e7bb7a5cf06,no,0.873897,False,distilroberta-base-climate-commitment,Local model,climatebert_multi_20260526T112517Z_c8b7dc
llm_65c72cf43a1e,no,0.840017,False,distilroberta-base-climate-commitment,Local model,climatebert_multi_20260526T112517Z_c8b7dc
llm_3a6008ea4e47,no,0.727878,False,distilroberta-base-climate-commitment,Local model,climatebert_multi_20260526T112517Z_c8b7dc
llm_64f2db4d29a1,no,0.89136,False,distilroberta-base-climate-commitment,Local model,climatebert_multi_20260526T112517Z_c8b7dc
llm_a10a5c392482,no,0.848248,False,distilroberta-base-climate-commitment,Local model,climatebert_multi_20260526T112517Z_c8b7dc
llm_243901c9fba6,no,0.915704,False,distilroberta-base-climate-commitment,Local model,climatebert_multi_20260526T112517Z_c8b7dc
llm_8fefa4174d09,no,0.825838,False,distilroberta-base-climate-commitment,Local model,climatebert_multi_20260526T112517Z_c8b7dc
llm_28f8e18ab110,no,0.799554,False,distilroberta-base-climate-commitment,Local model,climatebert_multi_20260526T112517Z_c8b7dc
llm_7e116c1ea340,no,0.89136,False,distilroberta-base-climate-commitment,Local model,climatebert_multi_20260526T112517Z_c8b7dc
llm_4bf685d74393,no,0.913995,False,distilroberta-base-climate-commitment,Local model,climatebert_multi_20260526T112517Z_c8b7dc
llm_89cf114777f2,no,0.94765,False,distilroberta-base-climate-commitment,Local model,climatebert_multi_20260526T112517Z_c8b7dc
llm_68f773a04954,no,0.910659,False,distilroberta-base-climate-commitment,Local model,climatebert_multi_20260526T112517Z_c8b7dc
llm_6423b837bd8f,no,0.84757,False,distilroberta-base-climate-commitment,Local model,climatebert_multi_20260526T112517Z_c8b7dc
llm_6d87dc529320,no,0.962637,False,distilroberta-base-climate-commitment,Local model,climatebert_multi_20260526T112517Z_c8b7dc
llm_9897db11a179,no,0.830968,False,distilroberta-base-climate-commitment,Local model,climatebert_multi_20260526T112517Z_c8b7dc
llm_322944674b3f,no,0.959536,False,distilroberta-base-climate-commitment,Local model,climatebert_multi_20260526T112517Z_c8b7dc
llm_569f49401140,no,0.977434,False,distilroberta-base-climate-commitment,Local model,climatebert_multi_20260526T112517Z_c8b7dc
llm_5c90465fa09c,no,0.594089,False,distilroberta-base-climate-commitment,Local model,climatebert_multi_20260526T112517Z_c8b7dc
llm_f0221b01cdc2,no,0.736614,False,distilroberta-base-climate-commitment,Local model,climatebert_multi_20260526T112517Z_c8b7dc
llm_49f1faf45a87,no,0.734563,False,distilroberta-base-climate-commitment,Local model,climatebert_multi_20260526T112517Z_c8b7dc
llm_d1723fc14886,no,0.690861,False,distilroberta-base-climate-commitment,Local model,climatebert_multi_20260526T112517Z_c8b7dc
llm_df323b12dc1b,no,0.744486,False,distilroberta-base-climate-commitment,Local model,climatebert_multi_20260526T112517Z_c8b7dc
llm_866ff0d2b5e1,no,0.631066,False,distilroberta-base-climate-commitment,Local model,climatebert_multi_20260526T112517Z_c8b7dc
llm_b6af36f25e35,no,0.752192,False,distilroberta-base-climate-commitment,Local model,climatebert_multi_20260526T112517Z_c8b7dc
llm_5818c1eea308,no,0.748372,False,distilroberta-base-climate-commitment,Local model,climatebert_multi_20260526T112517Z_c8b7dc
llm_64b77ae35c1d,no,0.898392,False,distilroberta-base-climate-commitment,Local model,climatebert_multi_20260526T112517Z_c8b7dc
llm_18a8f8ed4e4b,no,0.949614,False,distilroberta-base-climate-commitment,Local model,climatebert_multi_20260526T112517Z_c8b7dc
llm_41cd5a39a751,no,0.65955,False,distilroberta-base-climate-commitment,Local model,climatebert_multi_20260526T112517Z_c8b7dc
llm_009fe0b18173,yes,0.55088,True,distilroberta-base-climate-commitment,Local model,climatebert_multi_20260526T112517Z_c8b7dc
llm_94fd65c13498,no,0.839288,False,distilroberta-base-climate-commitment,Local model,climatebert_multi_20260526T112517Z_c8b7dc
llm_770d4c9aee5b,no,0.921228,False,distilroberta-base-climate-commitment,Local model,climatebert_multi_20260526T112517Z_c8b7dc
llm_13288b538993,no,0.705238,False,distilroberta-base-climate-commitment,Local model,climatebert_multi_20260526T112517Z_c8b7dc
llm_08c49539e918,yes,0.532776,True,distilroberta-base-climate-commitment,Local model,climatebert_multi_20260526T112517Z_c8b7dc
llm_4321be416675,no,0.55162,False,distilroberta-base-climate-commitment,Local model,climatebert_multi_20260526T112517Z_c8b7dc
llm_81eb71fff3e0,yes,0.950891,True,distilroberta-base-climate-commitment,Local model,climatebert_multi_20260526T112517Z_c8b7dc
llm_302262272bd9,no,0.682125,False,distilroberta-base-climate-commitment,Local model,climatebert_multi_20260526T112517Z_c8b7dc
llm_13957b2d7e59,no,0.941038,False,distilroberta-base-climate-commitment,Local model,climatebert_multi_20260526T112517Z_c8b7dc
llm_d9bd88bc905e,no,0.980654,False,distilroberta-base-climate-commitment,Local model,climatebert_multi_20260526T112517Z_c8b7dc
llm_3ee5409908e7,no,0.934482,False,distilroberta-base-climate-commitment,Local model,climatebert_multi_20260526T112517Z_c8b7dc
llm_d6f18639ed18,no,0.832946,False,distilroberta-base-climate-commitment,Local model,climatebert_multi_20260526T112517Z_c8b7dc
llm_bf3ad855fec4,no,0.881191,False,distilroberta-base-climate-commitment,Local model,climatebert_multi_20260526T112517Z_c8b7dc
llm_1896c2f2b29f,no,0.929138,False,distilroberta-base-climate-commitment,Local model,climatebert_multi_20260526T112517Z_c8b7dc
llm_55f64bddab8d,no,0.995729,False,distilroberta-base-climate-commitment,Local model,climatebert_multi_20260526T112517Z_c8b7dc
llm_b2c1e9aa7823,no,0.992774,False,distilroberta-base-climate-commitment,Local model,climatebert_multi_20260526T112517Z_c8b7dc
llm_f4f85d0d9a6e,no,0.863608,False,distilroberta-base-climate-commitment,Local model,climatebert_multi_20260526T112517Z_c8b7dc
llm_fc8de733d0af,yes,0.985833,True,distilroberta-base-climate-commitment,Local model,climatebert_multi_20260526T112517Z_c8b7dc
llm_74f161932951,no,0.996235,False,distilroberta-base-climate-commitment,Local model,climatebert_multi_20260526T112517Z_c8b7dc
llm_b53a90e421a7,no,0.652388,False,distilroberta-base-climate-commitment,Local model,climatebert_multi_20260526T112517Z_c8b7dc
llm_02106fc9e646,no,0.633575,False,distilroberta-base-climate-commitment,Local model,climatebert_multi_20260526T112517Z_c8b7dc
llm_3f9dac75ff7a,no,0.690861,False,distilroberta-base-climate-commitment,Local model,climatebert_multi_20260526T112517Z_c8b7dc
llm_c39ee82bc672,no,0.744486,False,distilroberta-base-climate-commitment,Local model,climatebert_multi_20260526T112517Z_c8b7dc
llm_d998c23d2b15,no,0.594089,False,distilroberta-base-climate-commitment,Local model,climatebert_multi_20260526T112517Z_c8b7dc
llm_3cef7b98bea7,no,0.621674,False,distilroberta-base-climate-commitment,Local model,climatebert_multi_20260526T112517Z_c8b7dc
llm_b860804ca3b5,no,0.969578,False,distilroberta-base-climate-commitment,Local model,climatebert_multi_20260526T112517Z_c8b7dc
llm_0944d76f4590,no,0.793549,False,distilroberta-base-climate-commitment,Local model,climatebert_multi_20260526T112517Z_c8b7dc
llm_3c7fff2beacf,no,0.890339,False,distilroberta-base-climate-commitment,Local model,climatebert_multi_20260526T112517Z_c8b7dc
llm_e9c6a9aacc5b,no,0.620509,False,distilroberta-base-climate-commitment,Local model,climatebert_multi_20260526T112517Z_c8b7dc
llm_7c175e14aa63,no,0.631066,False,distilroberta-base-climate-commitment,Local model,climatebert_multi_20260526T112517Z_c8b7dc
llm_4f1618bedef7,no,0.752192,False,distilroberta-base-climate-commitment,Local model,climatebert_multi_20260526T112517Z_c8b7dc
llm_fc7f72faf499,no,0.748372,False,distilroberta-base-climate-commitment,Local model,climatebert_multi_20260526T112517Z_c8b7dc
llm_d205ae316e8a,no,0.725616,False,distilroberta-base-climate-commitment,Local model,climatebert_multi_20260526T112517Z_c8b7dc
llm_2f976bc33600,no,0.92657,False,distilroberta-base-climate-commitment,Local model,climatebert_multi_20260526T112517Z_c8b7dc
llm_a7eb5367d461,no,0.953152,False,distilroberta-base-climate-commitment,Local model,climatebert_multi_20260526T112517Z_c8b7dc
llm_28f94f8a0fff,no,0.987661,False,distilroberta-base-climate-commitment,Local model,climatebert_multi_20260526T112517Z_c8b7dc
llm_d521578b4443,no,0.873716,False,distilroberta-base-climate-commitment,Local model,climatebert_multi_20260526T112517Z_c8b7dc
llm_c108e52f415d,no,0.800726,False,distilroberta-base-climate-commitment,Local model,climatebert_multi_20260526T112517Z_c8b7dc
llm_fbd8c0f2053c,no,0.839494,False,distilroberta-base-climate-commitment,Local model,climatebert_multi_20260526T112517Z_c8b7dc
llm_571027620f9a,no,0.789347,False,distilroberta-base-climate-commitment,Local model,climatebert_multi_20260526T112517Z_c8b7dc
llm_66a74a438e5d,no,0.750117,False,distilroberta-base-climate-commitment,Local model,climatebert_multi_20260526T112517Z_c8b7dc
llm_0fa38bdb323a,no,0.794028,False,distilroberta-base-climate-commitment,Local model,climatebert_multi_20260526T112517Z_c8b7dc
llm_af84c6eb5cd2,no,0.831425,False,distilroberta-base-climate-commitment,Local model,climatebert_multi_20260526T112517Z_c8b7dc
llm_e443d728fe99,no,0.929138,False,distilroberta-base-climate-commitment,Local model,climatebert_multi_20260526T112517Z_c8b7dc
llm_4b4f62a2c70c,no,0.95934,False,distilroberta-base-climate-commitment,Local model,climatebert_multi_20260526T112517Z_c8b7dc
llm_37c25a33daee,no,0.875742,False,distilroberta-base-climate-commitment,Local model,climatebert_multi_20260526T112517Z_c8b7dc
llm_4266f5d175aa,no,0.92657,False,distilroberta-base-climate-commitment,Local model,climatebert_multi_20260526T112517Z_c8b7dc
llm_50c6513fba5b,no,0.960003,False,distilroberta-base-climate-commitment,Local model,climatebert_multi_20260526T112517Z_c8b7dc
llm_b7d76ebb6143,no,0.793549,False,distilroberta-base-climate-commitment,Local model,climatebert_multi_20260526T112517Z_c8b7dc
llm_021a768ed7a8,no,0.890339,False,distilroberta-base-climate-commitment,Local model,climatebert_multi_20260526T112517Z_c8b7dc
llm_fc3c1afd48e0,no,0.594089,False,distilroberta-base-climate-commitment,Local model,climatebert_multi_20260526T112517Z_c8b7dc
llm_28aba57b00c1,no,0.81061,False,distilroberta-base-climate-commitment,Local model,climatebert_multi_20260526T112517Z_c8b7dc
llm_0348b902171c,no,0.734563,False,distilroberta-base-climate-commitment,Local model,climatebert_multi_20260526T112517Z_c8b7dc
llm_3d3b727bc3c9,no,0.690861,False,distilroberta-base-climate-commitment,Local model,climatebert_multi_20260526T112517Z_c8b7dc
llm_060481afb9dd,no,0.744486,False,distilroberta-base-climate-commitment,Local model,climatebert_multi_20260526T112517Z_c8b7dc
llm_94bb48cc4cac,no,0.631066,False,distilroberta-base-climate-commitment,Local model,climatebert_multi_20260526T112517Z_c8b7dc
llm_b6151c711d84,no,0.752192,False,distilroberta-base-climate-commitment,Local model,climatebert_multi_20260526T112517Z_c8b7dc
llm_a03d625c41be,no,0.748372,False,distilroberta-base-climate-commitment,Local model,climatebert_multi_20260526T112517Z_c8b7dc
llm_e271e6e20e74,no,0.929138,False,distilroberta-base-climate-commitment,Local model,climatebert_multi_20260526T112517Z_c8b7dc
llm_dcafd4b60990,no,0.907232,False,distilroberta-base-climate-commitment,Local model,climatebert_multi_20260526T112517Z_c8b7dc
llm_a8e36f1b62e9,no,0.921534,False,distilroberta-base-climate-commitment,Local model,climatebert_multi_20260526T112517Z_c8b7dc
llm_7af0a3cbdabe,no,0.881002,False,distilroberta-base-climate-commitment,Local model,climatebert_multi_20260526T112517Z_c8b7dc
llm_8e558bbebaac,no,0.980654,False,distilroberta-base-climate-commitment,Local model,climatebert_multi_20260526T112517Z_c8b7dc
llm_8e09f2e2d578,no,0.940919,False,distilroberta-base-climate-commitment,Local model,climatebert_multi_20260526T112517Z_c8b7dc
llm_d05d88d9b659,no,0.852071,False,distilroberta-base-climate-commitment,Local model,climatebert_multi_20260526T112517Z_c8b7dc
llm_e621e4ef5a0d,no,0.881191,False,distilroberta-base-climate-commitment,Local model,climatebert_multi_20260526T112517Z_c8b7dc
llm_6ba891e0b70e,no,0.869773,False,distilroberta-base-climate-commitment,Local model,climatebert_multi_20260526T112517Z_c8b7dc
llm_0c4d5721f2cb,no,0.904547,False,distilroberta-base-climate-commitment,Local model,climatebert_multi_20260526T112517Z_c8b7dc
llm_9630ed81c079,no,0.980548,False,distilroberta-base-climate-commitment,Local model,climatebert_multi_20260526T112517Z_c8b7dc
llm_6a96fc8f449a,no,0.852991,False,distilroberta-base-climate-commitment,Local model,climatebert_multi_20260526T112517Z_c8b7dc
llm_c92617ceb06a,no,0.694383,False,distilroberta-base-climate-commitment,Local model,climatebert_multi_20260526T112517Z_c8b7dc
llm_4dc67f841fa6,no,0.973319,False,distilroberta-base-climate-commitment,Local model,climatebert_multi_20260526T112517Z_c8b7dc
llm_2c54a8694dda,no,0.878692,False,distilroberta-base-climate-commitment,Local model,climatebert_multi_20260526T112517Z_c8b7dc
llm_f5cf6b19e789,no,0.913454,False,distilroberta-base-climate-commitment,Local model,climatebert_multi_20260526T112517Z_c8b7dc
llm_a6de1ca04442,no,0.863544,False,distilroberta-base-climate-commitment,Local model,climatebert_multi_20260526T112517Z_c8b7dc
llm_115c3d261f8d,no,0.81492,False,distilroberta-base-climate-commitment,Local model,climatebert_multi_20260526T112517Z_c8b7dc
llm_88398164156b,no,0.981259,False,distilroberta-base-climate-commitment,Local model,climatebert_multi_20260526T112517Z_c8b7dc
llm_0043fba89924,no,0.862984,False,distilroberta-base-climate-commitment,Local model,climatebert_multi_20260526T112517Z_c8b7dc
llm_772884dffa69,no,0.882575,False,distilroberta-base-climate-commitment,Local model,climatebert_multi_20260526T112517Z_c8b7dc
llm_bb3ad35ebbd4,no,0.846888,False,distilroberta-base-climate-commitment,Local model,climatebert_multi_20260526T112517Z_c8b7dc
llm_4bd379ebd8ce,no,0.843258,False,distilroberta-base-climate-commitment,Local model,climatebert_multi_20260526T112517Z_c8b7dc
llm_194c2d590d50,no,0.92657,False,distilroberta-base-climate-commitment,Local model,climatebert_multi_20260526T112517Z_c8b7dc
llm_b249703de7c9,no,0.953152,False,distilroberta-base-climate-commitment,Local model,climatebert_multi_20260526T112517Z_c8b7dc
llm_257c45b427e7,no,0.886135,False,distilroberta-base-climate-commitment,Local model,climatebert_multi_20260526T112517Z_c8b7dc
llm_b45b37c47cb4,no,0.975726,False,distilroberta-base-climate-commitment,Local model,climatebert_multi_20260526T112517Z_c8b7dc
llm_aa6b6ed559c6,no,0.673534,False,distilroberta-base-climate-commitment,Local model,climatebert_multi_20260526T112517Z_c8b7dc
llm_a04787eb3738,no,0.800726,False,distilroberta-base-climate-commitment,Local model,climatebert_multi_20260526T112517Z_c8b7dc
llm_5b09617b2c14,no,0.785492,False,distilroberta-base-climate-commitment,Local model,climatebert_multi_20260526T112517Z_c8b7dc
llm_e677796e3236,no,0.786861,False,distilroberta-base-climate-commitment,Local model,climatebert_multi_20260526T112517Z_c8b7dc
llm_cc55c9a36db1,no,0.805082,False,distilroberta-base-climate-commitment,Local model,climatebert_multi_20260526T112517Z_c8b7dc
llm_ee8338d5b9e5,no,0.750117,False,distilroberta-base-climate-commitment,Local model,climatebert_multi_20260526T112517Z_c8b7dc
llm_f61801d0c1da,no,0.794028,False,distilroberta-base-climate-commitment,Local model,climatebert_multi_20260526T112517Z_c8b7dc
llm_222c78a9f3b5,no,0.770692,False,distilroberta-base-climate-commitment,Local model,climatebert_multi_20260526T112517Z_c8b7dc
llm_c40b8c0f2a34,no,0.921122,False,distilroberta-base-climate-commitment,Local model,climatebert_multi_20260526T112517Z_c8b7dc
llm_8cf822dd2df1,no,0.981529,False,distilroberta-base-climate-commitment,Local model,climatebert_multi_20260526T112517Z_c8b7dc
llm_33949cb792ec,no,0.799426,False,distilroberta-base-climate-commitment,Local model,climatebert_multi_20260526T112517Z_c8b7dc
llm_b9b34d507b97,no,0.823716,False,distilroberta-base-climate-commitment,Local model,climatebert_multi_20260526T112517Z_c8b7dc
llm_4a0a99e4d3bf,no,0.986292,False,distilroberta-base-climate-commitment,Local model,climatebert_multi_20260526T112517Z_c8b7dc
llm_cc9bb4b5126b,no,0.983234,False,distilroberta-base-climate-commitment,Local model,climatebert_multi_20260526T112517Z_c8b7dc
llm_f602da326a69,no,0.852991,False,distilroberta-base-climate-commitment,Local model,climatebert_multi_20260526T112517Z_c8b7dc
llm_492eb47fdd52,no,0.694383,False,distilroberta-base-climate-commitment,Local model,climatebert_multi_20260526T112517Z_c8b7dc
llm_f0fd75db3bba,no,0.973319,False,distilroberta-base-climate-commitment,Local model,climatebert_multi_20260526T112517Z_c8b7dc
llm_ef5261474969,no,0.878692,False,distilroberta-base-climate-commitment,Local model,climatebert_multi_20260526T112517Z_c8b7dc
llm_69c3c24006a7,no,0.913454,False,distilroberta-base-climate-commitment,Local model,climatebert_multi_20260526T112517Z_c8b7dc
llm_fc4e31143f66,no,0.863544,False,distilroberta-base-climate-commitment,Local model,climatebert_multi_20260526T112517Z_c8b7dc
llm_5678450cdb6e,no,0.81492,False,distilroberta-base-climate-commitment,Local model,climatebert_multi_20260526T112517Z_c8b7dc
llm_845b056185df,no,0.981259,False,distilroberta-base-climate-commitment,Local model,climatebert_multi_20260526T112517Z_c8b7dc
llm_2398161e42f2,no,0.862984,False,distilroberta-base-climate-commitment,Local model,climatebert_multi_20260526T112517Z_c8b7dc
llm_43d34eda1091,no,0.882575,False,distilroberta-base-climate-commitment,Local model,climatebert_multi_20260526T112517Z_c8b7dc
llm_e426ee067c01,no,0.849448,False,distilroberta-base-climate-commitment,Local model,climatebert_multi_20260526T112517Z_c8b7dc
llm_57bc21b18131,yes,0.9098,True,distilroberta-base-climate-commitment,Local model,climatebert_multi_20260526T112517Z_c8b7dc
llm_c1d263cc12df,no,0.900702,False,distilroberta-base-climate-commitment,Local model,climatebert_multi_20260526T112517Z_c8b7dc
llm_e1b1fe197e54,no,0.584068,False,distilroberta-base-climate-commitment,Local model,climatebert_multi_20260526T112517Z_c8b7dc
llm_9c547d65c1c5,no,0.628245,False,distilroberta-base-climate-commitment,Local model,climatebert_multi_20260526T112517Z_c8b7dc
llm_6b9296cd6179,no,0.852991,False,distilroberta-base-climate-commitment,Local model,climatebert_multi_20260526T112517Z_c8b7dc
llm_c32604871738,no,0.694383,False,distilroberta-base-climate-commitment,Local model,climatebert_multi_20260526T112517Z_c8b7dc
llm_c7eaf1bac5c5,no,0.878692,False,distilroberta-base-climate-commitment,Local model,climatebert_multi_20260526T112517Z_c8b7dc
llm_f51a1bd241fb,no,0.913454,False,distilroberta-base-climate-commitment,Local model,climatebert_multi_20260526T112517Z_c8b7dc
llm_883f0ed2be4d,no,0.863544,False,distilroberta-base-climate-commitment,Local model,climatebert_multi_20260526T112517Z_c8b7dc
llm_3a8b188293f7,no,0.981259,False,distilroberta-base-climate-commitment,Local model,climatebert_multi_20260526T112517Z_c8b7dc
llm_6ee45dbebab4,no,0.879335,False,distilroberta-base-climate-commitment,Local model,climatebert_multi_20260526T112517Z_c8b7dc
llm_9cac7d61775f,yes,0.9098,True,distilroberta-base-climate-commitment,Local model,climatebert_multi_20260526T112517Z_c8b7dc
llm_8df404c044ac,no,0.897457,False,distilroberta-base-climate-commitment,Local model,climatebert_multi_20260526T112517Z_c8b7dc
llm_01a3ca91feaf,no,0.881286,False,distilroberta-base-climate-commitment,Local model,climatebert_multi_20260526T112517Z_c8b7dc
llm_c9f3ea8336a8,yes,0.598396,True,distilroberta-base-climate-commitment,Local model,climatebert_multi_20260526T112517Z_c8b7dc
llm_be017b66f9e9,no,0.881807,False,distilroberta-base-climate-commitment,Local model,climatebert_multi_20260526T112517Z_c8b7dc
llm_126775366e85,no,0.852991,False,distilroberta-base-climate-commitment,Local model,climatebert_multi_20260526T112517Z_c8b7dc
llm_4758594086ca,no,0.694383,False,distilroberta-base-climate-commitment,Local model,climatebert_multi_20260526T112517Z_c8b7dc
llm_ad8b95eb7993,no,0.878692,False,distilroberta-base-climate-commitment,Local model,climatebert_multi_20260526T112517Z_c8b7dc
llm_45b008bf21fb,no,0.913454,False,distilroberta-base-climate-commitment,Local model,climatebert_multi_20260526T112517Z_c8b7dc
llm_d3edf1c2608e,no,0.863544,False,distilroberta-base-climate-commitment,Local model,climatebert_multi_20260526T112517Z_c8b7dc
llm_cb6aa94fe7bd,no,0.981259,False,distilroberta-base-climate-commitment,Local model,climatebert_multi_20260526T112517Z_c8b7dc
llm_22bfb1cb7732,yes,0.747884,True,distilroberta-base-climate-commitment,Local model,climatebert_multi_20260526T112517Z_c8b7dc
llm_d685464d857c,no,0.505756,False,distilroberta-base-climate-commitment,Local model,climatebert_multi_20260526T112517Z_c8b7dc
llm_16acbd7c6853,no,0.952385,False,distilroberta-base-climate-commitment,Local model,climatebert_multi_20260526T112517Z_c8b7dc
llm_d721025ab4fc,yes,0.86952,True,distilroberta-base-climate-commitment,Local model,climatebert_multi_20260526T112517Z_c8b7dc
llm_11a60e2a59b0,no,0.795992,False,distilroberta-base-climate-commitment,Local model,climatebert_multi_20260526T112517Z_c8b7dc
llm_4938638daafa,no,0.703154,False,distilroberta-base-climate-commitment,Local model,climatebert_multi_20260526T112517Z_c8b7dc
llm_c04db89a0655,no,0.802699,False,distilroberta-base-climate-commitment,Local model,climatebert_multi_20260526T112517Z_c8b7dc
llm_a43467690d5f,no,0.528398,False,distilroberta-base-climate-commitment,Local model,climatebert_multi_20260526T112517Z_c8b7dc
llm_3cdb1a159b29,yes,0.683835,True,distilroberta-base-climate-commitment,Local model,climatebert_multi_20260526T112517Z_c8b7dc
llm_e6b6a250df47,no,0.830068,False,distilroberta-base-climate-commitment,Local model,climatebert_multi_20260526T112517Z_c8b7dc
llm_8d3abc886c19,no,0.891567,False,distilroberta-base-climate-commitment,Local model,climatebert_multi_20260526T112517Z_c8b7dc
llm_1a46f8a0cae2,no,0.99647,False,distilroberta-base-climate-commitment,Local model,climatebert_multi_20260526T112517Z_c8b7dc
llm_5f1d9ee0d758,no,0.852234,False,distilroberta-base-climate-commitment,Local model,climatebert_multi_20260526T112517Z_c8b7dc
llm_75076136b81d,no,0.996799,False,distilroberta-base-climate-commitment,Local model,climatebert_multi_20260526T112517Z_c8b7dc
llm_79d31e618596,no,0.641352,False,distilroberta-base-climate-commitment,Local model,climatebert_multi_20260526T112517Z_c8b7dc
llm_90464ee3dfd7,yes,0.608897,True,distilroberta-base-climate-commitment,Local model,climatebert_multi_20260526T112517Z_c8b7dc
llm_d9f686eb5596,no,0.894638,False,distilroberta-base-climate-commitment,Local model,climatebert_multi_20260526T112517Z_c8b7dc
llm_5bbe995d6c16,no,0.915839,False,distilroberta-base-climate-commitment,Local model,climatebert_multi_20260526T112517Z_c8b7dc
llm_859aaf982704,no,0.816883,False,distilroberta-base-climate-commitment,Local model,climatebert_multi_20260526T112517Z_c8b7dc
llm_cb96efd0aca8,no,0.906901,False,distilroberta-base-climate-commitment,Local model,climatebert_multi_20260526T112517Z_c8b7dc
llm_87797f724354,no,0.813348,False,distilroberta-base-climate-commitment,Local model,climatebert_multi_20260526T112517Z_c8b7dc
llm_0d9b6ea80b6d,no,0.972807,False,distilroberta-base-climate-commitment,Local model,climatebert_multi_20260526T112517Z_c8b7dc
llm_224499778137,no,0.950408,False,distilroberta-base-climate-commitment,Local model,climatebert_multi_20260526T112517Z_c8b7dc
llm_86e12efc6a0a,no,0.927881,False,distilroberta-base-climate-commitment,Local model,climatebert_multi_20260526T112517Z_c8b7dc
llm_7309b4bfa853,no,0.852991,False,distilroberta-base-climate-commitment,Local model,climatebert_multi_20260526T112517Z_c8b7dc
llm_8f95ac8cb135,no,0.694383,False,distilroberta-base-climate-commitment,Local model,climatebert_multi_20260526T112517Z_c8b7dc
llm_617bec4cfe04,no,0.973319,False,distilroberta-base-climate-commitment,Local model,climatebert_multi_20260526T112517Z_c8b7dc
llm_da86f55e1e60,no,0.878692,False,distilroberta-base-climate-commitment,Local model,climatebert_multi_20260526T112517Z_c8b7dc
llm_65c5f790d60d,no,0.913454,False,distilroberta-base-climate-commitment,Local model,climatebert_multi_20260526T112517Z_c8b7dc
llm_6049b73d8524,no,0.863544,False,distilroberta-base-climate-commitment,Local model,climatebert_multi_20260526T112517Z_c8b7dc
llm_a27e00ff4ae9,no,0.81492,False,distilroberta-base-climate-commitment,Local model,climatebert_multi_20260526T112517Z_c8b7dc
llm_baa7eb78dd04,no,0.981259,False,distilroberta-base-climate-commitment,Local model,climatebert_multi_20260526T112517Z_c8b7dc
llm_7960130f1f04,no,0.862984,False,distilroberta-base-climate-commitment,Local model,climatebert_multi_20260526T112517Z_c8b7dc
llm_c8c9feb75963,no,0.882575,False,distilroberta-base-climate-commitment,Local model,climatebert_multi_20260526T112517Z_c8b7dc
llm_50a2d5b73c3c,no,0.700658,False,distilroberta-base-climate-commitment,Local model,climatebert_multi_20260526T112517Z_c8b7dc
llm_c015c84f10d4,no,0.751999,False,distilroberta-base-climate-commitment,Local model,climatebert_multi_20260526T112517Z_c8b7dc
llm_56c040880304,no,0.927467,False,distilroberta-base-climate-commitment,Local model,climatebert_multi_20260526T112517Z_c8b7dc
llm_e10543d55ac8,no,0.825109,False,distilroberta-base-climate-commitment,Local model,climatebert_multi_20260526T112517Z_c8b7dc
llm_68b05889d165,yes,0.9098,True,distilroberta-base-climate-commitment,Local model,climatebert_multi_20260526T112517Z_c8b7dc
llm_a54bff80cb04,no,0.843258,False,distilroberta-base-climate-commitment,Local model,climatebert_multi_20260526T112517Z_c8b7dc
llm_4009d0d570fc,no,0.822085,False,distilroberta-base-climate-commitment,Local model,climatebert_multi_20260526T112517Z_c8b7dc
llm_b1a3c6639aff,no,0.694383,False,distilroberta-base-climate-commitment,Local model,climatebert_multi_20260526T112517Z_c8b7dc
llm_b89c4e3094fd,no,0.973319,False,distilroberta-base-climate-commitment,Local model,climatebert_multi_20260526T112517Z_c8b7dc
llm_0f67941b34d0,no,0.878692,False,distilroberta-base-climate-commitment,Local model,climatebert_multi_20260526T112517Z_c8b7dc
llm_75a89b256d42,no,0.913454,False,distilroberta-base-climate-commitment,Local model,climatebert_multi_20260526T112517Z_c8b7dc
llm_9fd95a541d72,no,0.863544,False,distilroberta-base-climate-commitment,Local model,climatebert_multi_20260526T112517Z_c8b7dc
llm_0084c27e7957,no,0.81492,False,distilroberta-base-climate-commitment,Local model,climatebert_multi_20260526T112517Z_c8b7dc
llm_d95a4ef5e261,no,0.981259,False,distilroberta-base-climate-commitment,Local model,climatebert_multi_20260526T112517Z_c8b7dc
llm_cd9a9c627854,no,0.862984,False,distilroberta-base-climate-commitment,Local model,climatebert_multi_20260526T112517Z_c8b7dc
llm_b7bedd9f7468,no,0.810913,False,distilroberta-base-climate-commitment,Local model,climatebert_multi_20260526T112517Z_c8b7dc
llm_2a0b2f877af0,no,0.735184,False,distilroberta-base-climate-commitment,Local model,climatebert_multi_20260526T112517Z_c8b7dc
llm_58939b16bcb5,no,0.815594,False,distilroberta-base-climate-commitment,Local model,climatebert_multi_20260526T112517Z_c8b7dc
llm_241deedbb14f,no,0.936531,False,distilroberta-base-climate-commitment,Local model,climatebert_multi_20260526T112517Z_c8b7dc
llm_a066c4819ba1,no,0.785332,False,distilroberta-base-climate-commitment,Local model,climatebert_multi_20260526T112517Z_c8b7dc
llm_febaa98b9b77,no,0.880468,False,distilroberta-base-climate-commitment,Local model,climatebert_multi_20260526T112517Z_c8b7dc
llm_010756c5c962,no,0.852991,False,distilroberta-base-climate-commitment,Local model,climatebert_multi_20260526T112517Z_c8b7dc
llm_8f3a03ec8b8f,no,0.694383,False,distilroberta-base-climate-commitment,Local model,climatebert_multi_20260526T112517Z_c8b7dc
llm_2e7f545df442,no,0.973319,False,distilroberta-base-climate-commitment,Local model,climatebert_multi_20260526T112517Z_c8b7dc
llm_9aded6287d74,no,0.878692,False,distilroberta-base-climate-commitment,Local model,climatebert_multi_20260526T112517Z_c8b7dc
llm_bbaaf9bea39b,no,0.913454,False,distilroberta-base-climate-commitment,Local model,climatebert_multi_20260526T112517Z_c8b7dc
llm_e3fa3c282012,no,0.863544,False,distilroberta-base-climate-commitment,Local model,climatebert_multi_20260526T112517Z_c8b7dc
llm_18d8a67a54f4,no,0.81492,False,distilroberta-base-climate-commitment,Local model,climatebert_multi_20260526T112517Z_c8b7dc
llm_8c13e5807b95,no,0.981259,False,distilroberta-base-climate-commitment,Local model,climatebert_multi_20260526T112517Z_c8b7dc
llm_6b9b85bf9a2b,no,0.862984,False,distilroberta-base-climate-commitment,Local model,climatebert_multi_20260526T112517Z_c8b7dc
llm_7d0e3cfe1318,no,0.843258,False,distilroberta-base-climate-commitment,Local model,climatebert_multi_20260526T112517Z_c8b7dc
llm_2a5890a351a3,yes,0.9098,True,distilroberta-base-climate-commitment,Local model,climatebert_multi_20260526T112517Z_c8b7dc
llm_dd3866bc05d3,no,0.831185,False,distilroberta-base-climate-commitment,Local model,climatebert_multi_20260526T112517Z_c8b7dc
llm_3a0ed528f002,no,0.852991,False,distilroberta-base-climate-commitment,Local model,climatebert_multi_20260526T112517Z_c8b7dc
llm_d3db07eaadbe,no,0.694383,False,distilroberta-base-climate-commitment,Local model,climatebert_multi_20260526T112517Z_c8b7dc
llm_dde310ce15ea,no,0.878692,False,distilroberta-base-climate-commitment,Local model,climatebert_multi_20260526T112517Z_c8b7dc
llm_111087b730e5,no,0.913454,False,distilroberta-base-climate-commitment,Local model,climatebert_multi_20260526T112517Z_c8b7dc
llm_77c9f94dc46b,no,0.863544,False,distilroberta-base-climate-commitment,Local model,climatebert_multi_20260526T112517Z_c8b7dc
llm_901a4aed76b4,no,0.811557,False,distilroberta-base-climate-commitment,Local model,climatebert_multi_20260526T112517Z_c8b7dc
llm_024211ef2673,no,0.981259,False,distilroberta-base-climate-commitment,Local model,climatebert_multi_20260526T112517Z_c8b7dc
llm_4a8f0514443d,no,0.862984,False,distilroberta-base-climate-commitment,Local model,climatebert_multi_20260526T112517Z_c8b7dc
llm_976e22c89f33,yes,0.708741,True,distilroberta-base-climate-commitment,Local model,climatebert_multi_20260526T112517Z_c8b7dc
llm_23c1894cfc6b,yes,0.851542,True,distilroberta-base-climate-commitment,Local model,climatebert_multi_20260526T112517Z_c8b7dc
llm_9d20980bcd0a,yes,0.822809,True,distilroberta-base-climate-commitment,Local model,climatebert_multi_20260526T112517Z_c8b7dc
llm_c41f90d943eb,no,0.843258,False,distilroberta-base-climate-commitment,Local model,climatebert_multi_20260526T112517Z_c8b7dc
llm_2c760c26bce6,no,0.605022,False,distilroberta-base-climate-commitment,Local model,climatebert_multi_20260526T112517Z_c8b7dc
llm_592b196c7da5,no,0.799105,False,distilroberta-base-climate-commitment,Local model,climatebert_multi_20260526T112517Z_c8b7dc
llm_a7c5aafb57ca,no,0.913454,False,distilroberta-base-climate-commitment,Local model,climatebert_multi_20260526T112517Z_c8b7dc
llm_afd729002414,no,0.863544,False,distilroberta-base-climate-commitment,Local model,climatebert_multi_20260526T112517Z_c8b7dc
llm_baf4cff98154,no,0.948651,False,distilroberta-base-climate-commitment,Local model,climatebert_multi_20260526T112517Z_c8b7dc
llm_59c3a98835e6,yes,0.9098,True,distilroberta-base-climate-commitment,Local model,climatebert_multi_20260526T112517Z_c8b7dc
llm_1e2bf93affcc,yes,0.5536,True,distilroberta-base-climate-commitment,Local model,climatebert_multi_20260526T112517Z_c8b7dc
llm_bfa691e9e494,no,0.58554,False,distilroberta-base-climate-commitment,Local model,climatebert_multi_20260526T112517Z_c8b7dc
llm_07ef6fb46f84,no,0.955405,False,distilroberta-base-climate-commitment,Local model,climatebert_multi_20260526T112517Z_c8b7dc
llm_388140905d9b,no,0.946934,False,distilroberta-base-climate-commitment,Local model,climatebert_multi_20260526T112517Z_c8b7dc
llm_74207d04584e,no,0.994818,False,distilroberta-base-climate-commitment,Local model,climatebert_multi_20260526T112517Z_c8b7dc
llm_9b569051e388,no,0.852991,False,distilroberta-base-climate-commitment,Local model,climatebert_multi_20260526T112517Z_c8b7dc
llm_ebf7d20c90dd,no,0.694383,False,distilroberta-base-climate-commitment,Local model,climatebert_multi_20260526T112517Z_c8b7dc
llm_39730e23d0a0,no,0.878692,False,distilroberta-base-climate-commitment,Local model,climatebert_multi_20260526T112517Z_c8b7dc
llm_281660f6bf6a,no,0.913454,False,distilroberta-base-climate-commitment,Local model,climatebert_multi_20260526T112517Z_c8b7dc
llm_ee152dd2a6e2,no,0.863544,False,distilroberta-base-climate-commitment,Local model,climatebert_multi_20260526T112517Z_c8b7dc
llm_cca4981281e3,no,0.981259,False,distilroberta-base-climate-commitment,Local model,climatebert_multi_20260526T112517Z_c8b7dc
llm_5676e884e33e,no,0.862984,False,distilroberta-base-climate-commitment,Local model,climatebert_multi_20260526T112517Z_c8b7dc
llm_f0a596b17453,no,0.882575,False,distilroberta-base-climate-commitment,Local model,climatebert_multi_20260526T112517Z_c8b7dc
llm_8cdf53816c3e,no,0.901879,False,distilroberta-base-climate-commitment,Local model,climatebert_multi_20260526T112517Z_c8b7dc
llm_c72ce6c12672,yes,0.9098,True,distilroberta-base-climate-commitment,Local model,climatebert_multi_20260526T112517Z_c8b7dc
llm_3567194c6cf9,no,0.951295,False,distilroberta-base-climate-commitment,Local model,climatebert_multi_20260526T112517Z_c8b7dc
llm_1c99a8133398,no,0.853734,False,distilroberta-base-climate-commitment,Local model,climatebert_multi_20260526T112517Z_c8b7dc
llm_9b1a3ab32a9f,no,0.676911,False,distilroberta-base-climate-commitment,Local model,climatebert_multi_20260526T112517Z_c8b7dc
llm_8c85f4770e2b,no,0.841721,False,distilroberta-base-climate-commitment,Local model,climatebert_multi_20260526T112517Z_c8b7dc
llm_fb784049bb94,no,0.753994,False,distilroberta-base-climate-commitment,Local model,climatebert_multi_20260526T112517Z_c8b7dc
llm_1551be1e7d5c,no,0.757998,False,distilroberta-base-climate-commitment,Local model,climatebert_multi_20260526T112517Z_c8b7dc
llm_ea9c057c279e,no,0.852991,False,distilroberta-base-climate-commitment,Local model,climatebert_multi_20260526T112517Z_c8b7dc
llm_ffe7ba2400e1,no,0.694383,False,distilroberta-base-climate-commitment,Local model,climatebert_multi_20260526T112517Z_c8b7dc
llm_4903b0f328fc,no,0.869291,False,distilroberta-base-climate-commitment,Local model,climatebert_multi_20260526T112517Z_c8b7dc
llm_c5c782a38d6c,no,0.863544,False,distilroberta-base-climate-commitment,Local model,climatebert_multi_20260526T112517Z_c8b7dc
llm_789e8390a5a8,no,0.981259,False,distilroberta-base-climate-commitment,Local model,climatebert_multi_20260526T112517Z_c8b7dc
llm_fc19b03bfe5a,no,0.983886,False,distilroberta-base-climate-commitment,Local model,climatebert_multi_20260526T112517Z_c8b7dc
llm_f3c6e25e0cde,no,0.902287,False,distilroberta-base-climate-commitment,Local model,climatebert_multi_20260526T112517Z_c8b7dc
llm_1780d832191f,no,0.722113,False,distilroberta-base-climate-commitment,Local model,climatebert_multi_20260526T112517Z_c8b7dc
llm_1f72fac5ce21,no,0.852991,False,distilroberta-base-climate-commitment,Local model,climatebert_multi_20260526T112517Z_c8b7dc
llm_59874f98bc70,no,0.694383,False,distilroberta-base-climate-commitment,Local model,climatebert_multi_20260526T112517Z_c8b7dc
llm_1338a08c5b17,no,0.973319,False,distilroberta-base-climate-commitment,Local model,climatebert_multi_20260526T112517Z_c8b7dc
llm_2a15cdfeb74b,no,0.878692,False,distilroberta-base-climate-commitment,Local model,climatebert_multi_20260526T112517Z_c8b7dc
llm_21d495d28be6,no,0.913454,False,distilroberta-base-climate-commitment,Local model,climatebert_multi_20260526T112517Z_c8b7dc
llm_4e4cb9282047,no,0.863544,False,distilroberta-base-climate-commitment,Local model,climatebert_multi_20260526T112517Z_c8b7dc
llm_2164c2bda032,no,0.81492,False,distilroberta-base-climate-commitment,Local model,climatebert_multi_20260526T112517Z_c8b7dc
llm_309c92f05a80,no,0.981259,False,distilroberta-base-climate-commitment,Local model,climatebert_multi_20260526T112517Z_c8b7dc
llm_403852765caf,no,0.862984,False,distilroberta-base-climate-commitment,Local model,climatebert_multi_20260526T112517Z_c8b7dc
llm_5351eca6c19f,no,0.882575,False,distilroberta-base-climate-commitment,Local model,climatebert_multi_20260526T112517Z_c8b7dc
llm_bbd5456eab5f,no,0.868571,False,distilroberta-base-climate-commitment,Local model,climatebert_multi_20260526T112517Z_c8b7dc
llm_0dce12c5129a,yes,0.9098,True,distilroberta-base-climate-commitment,Local model,climatebert_multi_20260526T112517Z_c8b7dc
llm_f3fc678ff6bb,no,0.900702,False,distilroberta-base-climate-commitment,Local model,climatebert_multi_20260526T112517Z_c8b7dc
llm_c15060354d57,no,0.951295,False,distilroberta-base-climate-commitment,Local model,climatebert_multi_20260526T112517Z_c8b7dc
llm_b7155f1984ee,no,0.89136,False,distilroberta-base-climate-commitment,Local model,climatebert_multi_20260526T112517Z_c8b7dc
llm_d912bb4abafa,no,0.925324,False,distilroberta-base-climate-commitment,Local model,climatebert_multi_20260526T112517Z_c8b7dc
llm_e812fdef6eac,no,0.988199,False,distilroberta-base-climate-commitment,Local model,climatebert_multi_20260526T112517Z_c8b7dc
llm_ad23d44cc5f8,no,0.883827,False,distilroberta-base-climate-commitment,Local model,climatebert_multi_20260526T112517Z_c8b7dc
llm_3b84dd0f2e26,no,0.846661,False,distilroberta-base-climate-commitment,Local model,climatebert_multi_20260526T112517Z_c8b7dc
llm_f04faadf1ccf,no,0.907438,False,distilroberta-base-climate-commitment,Local model,climatebert_multi_20260526T112517Z_c8b7dc
llm_46e6d2c69484,no,0.898719,False,distilroberta-base-climate-commitment,Local model,climatebert_multi_20260526T112517Z_c8b7dc
llm_2d93f8e5f30e,no,0.844844,False,distilroberta-base-climate-commitment,Local model,climatebert_multi_20260526T112517Z_c8b7dc
llm_576c11da0b86,no,0.89136,False,distilroberta-base-climate-commitment,Local model,climatebert_multi_20260526T112517Z_c8b7dc
llm_7714d9027e52,no,0.907275,False,distilroberta-base-climate-commitment,Local model,climatebert_multi_20260526T112517Z_c8b7dc
llm_80c2adb2888f,no,0.918088,False,distilroberta-base-climate-commitment,Local model,climatebert_multi_20260526T112517Z_c8b7dc
llm_55a64c367b52,no,0.576735,False,distilroberta-base-climate-commitment,Local model,climatebert_multi_20260526T112517Z_c8b7dc
llm_6f4ce03bd68b,no,0.694383,False,distilroberta-base-climate-commitment,Local model,climatebert_multi_20260526T112517Z_c8b7dc
llm_1f95ef3c50e3,no,0.973319,False,distilroberta-base-climate-commitment,Local model,climatebert_multi_20260526T112517Z_c8b7dc
llm_cb317fa21156,no,0.874329,False,distilroberta-base-climate-commitment,Local model,climatebert_multi_20260526T112517Z_c8b7dc
llm_3c0c44e0c696,no,0.913454,False,distilroberta-base-climate-commitment,Local model,climatebert_multi_20260526T112517Z_c8b7dc
llm_40598b9840ef,no,0.863544,False,distilroberta-base-climate-commitment,Local model,climatebert_multi_20260526T112517Z_c8b7dc
llm_c37b5f7eae7a,no,0.81492,False,distilroberta-base-climate-commitment,Local model,climatebert_multi_20260526T112517Z_c8b7dc
llm_0fa209084dfa,no,0.981259,False,distilroberta-base-climate-commitment,Local model,climatebert_multi_20260526T112517Z_c8b7dc
llm_7fde6351cd28,no,0.862984,False,distilroberta-base-climate-commitment,Local model,climatebert_multi_20260526T112517Z_c8b7dc
llm_5114ad3b3a3c,no,0.861684,False,distilroberta-base-climate-commitment,Local model,climatebert_multi_20260526T112517Z_c8b7dc
llm_0f68ae45d648,yes,0.9098,True,distilroberta-base-climate-commitment,Local model,climatebert_multi_20260526T112517Z_c8b7dc
llm_95bdfb1f5c99,no,0.900702,False,distilroberta-base-climate-commitment,Local model,climatebert_multi_20260526T112517Z_c8b7dc
llm_53f2dda61b62,no,0.9177,False,distilroberta-base-climate-commitment,Local model,climatebert_multi_20260526T112517Z_c8b7dc
llm_d413d7dbd1a4,no,0.895373,False,distilroberta-base-climate-commitment,Local model,climatebert_multi_20260526T112517Z_c8b7dc
llm_7a22dd86f42e,no,0.844135,False,distilroberta-base-climate-commitment,Local model,climatebert_multi_20260526T112517Z_c8b7dc
llm_7993517e37b7,no,0.767129,False,distilroberta-base-climate-commitment,Local model,climatebert_multi_20260526T112517Z_c8b7dc
llm_3f69363833ee,no,0.77865,False,distilroberta-base-climate-commitment,Local model,climatebert_multi_20260526T112517Z_c8b7dc
llm_bc2ac7b190cf,no,0.948236,False,distilroberta-base-climate-commitment,Local model,climatebert_multi_20260526T112517Z_c8b7dc
llm_c49d6f624d1c,no,0.783268,False,distilroberta-base-climate-commitment,Local model,climatebert_multi_20260526T112517Z_c8b7dc
llm_6d3673493735,no,0.759653,False,distilroberta-base-climate-commitment,Local model,climatebert_multi_20260526T112517Z_c8b7dc
llm_46651bea79b1,no,0.792869,False,distilroberta-base-climate-commitment,Local model,climatebert_multi_20260526T112517Z_c8b7dc
llm_f7bd10acf05f,no,0.58478,False,distilroberta-base-climate-commitment,Local model,climatebert_multi_20260526T112517Z_c8b7dc
llm_72b118d6976b,no,0.693801,False,distilroberta-base-climate-commitment,Local model,climatebert_multi_20260526T112517Z_c8b7dc
llm_5d66cf2bb1d6,no,0.839798,False,distilroberta-base-climate-commitment,Local model,climatebert_multi_20260526T112517Z_c8b7dc
llm_8f032a046d6d,no,0.849625,False,distilroberta-base-climate-commitment,Local model,climatebert_multi_20260526T112517Z_c8b7dc
llm_de239dbb2b8e,no,0.798648,False,distilroberta-base-climate-commitment,Local model,climatebert_multi_20260526T112517Z_c8b7dc
llm_8f42175c58b5,no,0.868397,False,distilroberta-base-climate-commitment,Local model,climatebert_multi_20260526T112517Z_c8b7dc
llm_3a05366904aa,no,0.90155,False,distilroberta-base-climate-commitment,Local model,climatebert_multi_20260526T112517Z_c8b7dc
llm_2fa784e1e1bb,no,0.832874,False,distilroberta-base-climate-commitment,Local model,climatebert_multi_20260526T112517Z_c8b7dc
llm_531e2168030a,no,0.882575,False,distilroberta-base-climate-commitment,Local model,climatebert_multi_20260526T112517Z_c8b7dc
llm_3e4b6d3a523f,no,0.846888,False,distilroberta-base-climate-commitment,Local model,climatebert_multi_20260526T112517Z_c8b7dc
llm_b332189e536b,no,0.727878,False,distilroberta-base-climate-commitment,Local model,climatebert_multi_20260526T112517Z_c8b7dc
llm_bfe7b9d2f3fd,no,0.898719,False,distilroberta-base-climate-commitment,Local model,climatebert_multi_20260526T112517Z_c8b7dc
llm_be5cbcc26dca,no,0.842775,False,distilroberta-base-climate-commitment,Local model,climatebert_multi_20260526T112517Z_c8b7dc
llm_c0500f3ba524,no,0.846658,False,distilroberta-base-climate-commitment,Local model,climatebert_multi_20260526T112517Z_c8b7dc
llm_dfcb52262d2d,no,0.677335,False,distilroberta-base-climate-commitment,Local model,climatebert_multi_20260526T112517Z_c8b7dc
llm_7f20fea460fa,no,0.855666,False,distilroberta-base-climate-commitment,Local model,climatebert_multi_20260526T112517Z_c8b7dc
llm_e4c2ceb5beb8,no,0.969052,False,distilroberta-base-climate-commitment,Local model,climatebert_multi_20260526T112517Z_c8b7dc
llm_6b6270b754ed,no,0.89136,False,distilroberta-base-climate-commitment,Local model,climatebert_multi_20260526T112517Z_c8b7dc
llm_e485199f163f,no,0.913995,False,distilroberta-base-climate-commitment,Local model,climatebert_multi_20260526T112517Z_c8b7dc
llm_aae1d90b02ab,no,0.851043,False,distilroberta-base-climate-commitment,Local model,climatebert_multi_20260526T112517Z_c8b7dc
llm_b98e6bba1334,no,0.757086,False,distilroberta-base-climate-commitment,Local model,climatebert_multi_20260526T112517Z_c8b7dc
llm_009c6b40b0f1,no,0.90541,False,distilroberta-base-climate-commitment,Local model,climatebert_multi_20260526T112517Z_c8b7dc
llm_96c4297cfad5,no,0.834385,False,distilroberta-base-climate-commitment,Local model,climatebert_multi_20260526T112517Z_c8b7dc
llm_b79e6089f8e2,no,0.856659,False,distilroberta-base-climate-commitment,Local model,climatebert_multi_20260526T112517Z_c8b7dc
llm_d32a76cf0b44,no,0.871816,False,distilroberta-base-climate-commitment,Local model,climatebert_multi_20260526T112517Z_c8b7dc
llm_c1e133009165,no,0.740498,False,distilroberta-base-climate-commitment,Local model,climatebert_multi_20260526T112517Z_c8b7dc
llm_ee54d1b900c5,no,0.75694,False,distilroberta-base-climate-commitment,Local model,climatebert_multi_20260526T112517Z_c8b7dc
llm_db94e85ed379,no,0.894638,False,distilroberta-base-climate-commitment,Local model,climatebert_multi_20260526T112517Z_c8b7dc
llm_6aaf207496f7,no,0.915839,False,distilroberta-base-climate-commitment,Local model,climatebert_multi_20260526T112517Z_c8b7dc
llm_e46dd662a81f,no,0.906901,False,distilroberta-base-climate-commitment,Local model,climatebert_multi_20260526T112517Z_c8b7dc
llm_c8e4db755fd3,no,0.813348,False,distilroberta-base-climate-commitment,Local model,climatebert_multi_20260526T112517Z_c8b7dc
llm_7f5bfb04d508,no,0.950408,False,distilroberta-base-climate-commitment,Local model,climatebert_multi_20260526T112517Z_c8b7dc
llm_fb1ee5b860b2,no,0.848678,False,distilroberta-base-climate-commitment,Local model,climatebert_multi_20260526T112517Z_c8b7dc
llm_0922266c763b,no,0.730757,False,distilroberta-base-climate-commitment,Local model,climatebert_multi_20260526T112517Z_c8b7dc
llm_09ab9e80dd2b,no,0.961485,False,distilroberta-base-climate-commitment,Local model,climatebert_multi_20260526T112517Z_c8b7dc
llm_5194ab2701a9,no,0.824587,False,distilroberta-base-climate-commitment,Local model,climatebert_multi_20260526T112517Z_c8b7dc
llm_70daa4385376,no,0.873762,False,distilroberta-base-climate-commitment,Local model,climatebert_multi_20260526T112517Z_c8b7dc
llm_b5800a05c695,no,0.812411,False,distilroberta-base-climate-commitment,Local model,climatebert_multi_20260526T112517Z_c8b7dc
llm_f7285c725aaf,no,0.754361,False,distilroberta-base-climate-commitment,Local model,climatebert_multi_20260526T112517Z_c8b7dc
llm_8daef3258cdf,no,0.97284,False,distilroberta-base-climate-commitment,Local model,climatebert_multi_20260526T112517Z_c8b7dc
llm_72d909aabee7,no,0.803542,False,distilroberta-base-climate-commitment,Local model,climatebert_multi_20260526T112517Z_c8b7dc
llm_ed7cf72150ab,no,0.834284,False,distilroberta-base-climate-commitment,Local model,climatebert_multi_20260526T112517Z_c8b7dc
llm_561ad733ae05,no,0.843258,False,distilroberta-base-climate-commitment,Local model,climatebert_multi_20260526T112517Z_c8b7dc
llm_442f4dae8a48,no,0.907438,False,distilroberta-base-climate-commitment,Local model,climatebert_multi_20260526T112517Z_c8b7dc
llm_362304e4013e,no,0.89136,False,distilroberta-base-climate-commitment,Local model,climatebert_multi_20260526T112517Z_c8b7dc
llm_e76adc2b112f,no,0.907275,False,distilroberta-base-climate-commitment,Local model,climatebert_multi_20260526T112517Z_c8b7dc
llm_772bf33b92b6,no,0.759117,False,distilroberta-base-climate-commitment,Local model,climatebert_multi_20260526T112517Z_c8b7dc
llm_e575e24e694d,no,0.947371,False,distilroberta-base-climate-commitment,Local model,climatebert_multi_20260526T112517Z_c8b7dc
llm_1819c456e9f6,no,0.898719,False,distilroberta-base-climate-commitment,Local model,climatebert_multi_20260526T112517Z_c8b7dc
llm_82985a7a7518,no,0.934631,False,distilroberta-base-climate-commitment,Local model,climatebert_multi_20260526T112517Z_c8b7dc
llm_cf8a46d46ea9,no,0.842775,False,distilroberta-base-climate-commitment,Local model,climatebert_multi_20260526T112517Z_c8b7dc
llm_7316e0b3246b,no,0.910998,False,distilroberta-base-climate-commitment,Local model,climatebert_multi_20260526T112517Z_c8b7dc
llm_a31284d00b16,no,0.931456,False,distilroberta-base-climate-commitment,Local model,climatebert_multi_20260526T112517Z_c8b7dc
llm_14c07e151fd1,no,0.963751,False,distilroberta-base-climate-commitment,Local model,climatebert_multi_20260526T112517Z_c8b7dc
llm_1c5ea92f2aa2,no,0.917893,False,distilroberta-base-climate-commitment,Local model,climatebert_multi_20260526T112517Z_c8b7dc
llm_91bf27fee7d8,no,0.970371,False,distilroberta-base-climate-commitment,Local model,climatebert_multi_20260526T112517Z_c8b7dc
llm_1b16a50b4dc8,no,0.960134,False,distilroberta-base-climate-commitment,Local model,climatebert_multi_20260526T112517Z_c8b7dc
llm_4e6413f199a6,no,0.950786,False,distilroberta-base-climate-commitment,Local model,climatebert_multi_20260526T112517Z_c8b7dc
llm_5e4b5c3a1a21,no,0.852991,False,distilroberta-base-climate-commitment,Local model,climatebert_multi_20260526T112517Z_c8b7dc
llm_3bd4593fcf47,no,0.694383,False,distilroberta-base-climate-commitment,Local model,climatebert_multi_20260526T112517Z_c8b7dc
llm_f60d8ade6ba9,no,0.973319,False,distilroberta-base-climate-commitment,Local model,climatebert_multi_20260526T112517Z_c8b7dc
llm_ba3bcaa00e8a,no,0.878692,False,distilroberta-base-climate-commitment,Local model,climatebert_multi_20260526T112517Z_c8b7dc
llm_10542f4da7ee,no,0.913454,False,distilroberta-base-climate-commitment,Local model,climatebert_multi_20260526T112517Z_c8b7dc
llm_cc580fa3ef0c,no,0.863544,False,distilroberta-base-climate-commitment,Local model,climatebert_multi_20260526T112517Z_c8b7dc
llm_2072d77c1301,no,0.81492,False,distilroberta-base-climate-commitment,Local model,climatebert_multi_20260526T112517Z_c8b7dc
llm_3e1f93c99a01,no,0.981259,False,distilroberta-base-climate-commitment,Local model,climatebert_multi_20260526T112517Z_c8b7dc
llm_fe61a3ba42da,no,0.862984,False,distilroberta-base-climate-commitment,Local model,climatebert_multi_20260526T112517Z_c8b7dc
llm_7c3932a7a233,no,0.882575,False,distilroberta-base-climate-commitment,Local model,climatebert_multi_20260526T112517Z_c8b7dc
llm_03d09cafc867,no,0.846888,False,distilroberta-base-climate-commitment,Local model,climatebert_multi_20260526T112517Z_c8b7dc
llm_e45c2adb3697,yes,0.9098,True,distilroberta-base-climate-commitment,Local model,climatebert_multi_20260526T112517Z_c8b7dc
llm_dff325702eea,no,0.852991,False,distilroberta-base-climate-commitment,Local model,climatebert_multi_20260526T112517Z_c8b7dc
llm_5807d1289344,no,0.694383,False,distilroberta-base-climate-commitment,Local model,climatebert_multi_20260526T112517Z_c8b7dc
llm_1fe237364631,no,0.878692,False,distilroberta-base-climate-commitment,Local model,climatebert_multi_20260526T112517Z_c8b7dc
llm_8c8f8ad23b35,no,0.913454,False,distilroberta-base-climate-commitment,Local model,climatebert_multi_20260526T112517Z_c8b7dc
llm_a02c6a293619,no,0.863544,False,distilroberta-base-climate-commitment,Local model,climatebert_multi_20260526T112517Z_c8b7dc
llm_0e648b669cf2,no,0.981259,False,distilroberta-base-climate-commitment,Local model,climatebert_multi_20260526T112517Z_c8b7dc
llm_bd93beae1ccf,yes,0.9098,True,distilroberta-base-climate-commitment,Local model,climatebert_multi_20260526T112517Z_c8b7dc
llm_6cd5ba838e99,no,0.900702,False,distilroberta-base-climate-commitment,Local model,climatebert_multi_20260526T112517Z_c8b7dc
llm_b78e4f294ef7,no,0.960159,False,distilroberta-base-climate-commitment,Local model,climatebert_multi_20260526T112517Z_c8b7dc
llm_4e6505a33b17,yes,0.74792,True,distilroberta-base-climate-commitment,Local model,climatebert_multi_20260526T112517Z_c8b7dc
llm_b316e789e1ac,no,0.957037,False,distilroberta-base-climate-commitment,Local model,climatebert_multi_20260526T112517Z_c8b7dc
llm_fba4581f9642,no,0.956959,False,distilroberta-base-climate-commitment,Local model,climatebert_multi_20260526T112517Z_c8b7dc
llm_c389c91d5f3e,no,0.958029,False,distilroberta-base-climate-commitment,Local model,climatebert_multi_20260526T112517Z_c8b7dc
llm_644e9618ab04,no,0.90446,False,distilroberta-base-climate-commitment,Local model,climatebert_multi_20260526T112517Z_c8b7dc
llm_29c8ed04abe2,yes,0.526984,True,distilroberta-base-climate-commitment,Local model,climatebert_multi_20260526T112517Z_c8b7dc
llm_de791b04936e,no,0.815222,False,distilroberta-base-climate-commitment,Local model,climatebert_multi_20260526T112517Z_c8b7dc
llm_7e90e5656e08,no,0.923921,False,distilroberta-base-climate-commitment,Local model,climatebert_multi_20260526T112517Z_c8b7dc
llm_b5dc516fb2ae,no,0.852991,False,distilroberta-base-climate-commitment,Local model,climatebert_multi_20260526T112517Z_c8b7dc
llm_1a2d434d043f,no,0.694383,False,distilroberta-base-climate-commitment,Local model,climatebert_multi_20260526T112517Z_c8b7dc
llm_4d2f1cab1c2e,no,0.973319,False,distilroberta-base-climate-commitment,Local model,climatebert_multi_20260526T112517Z_c8b7dc
llm_536c28c9adf1,no,0.878692,False,distilroberta-base-climate-commitment,Local model,climatebert_multi_20260526T112517Z_c8b7dc
llm_fdf48e515b68,no,0.913454,False,distilroberta-base-climate-commitment,Local model,climatebert_multi_20260526T112517Z_c8b7dc
llm_68ceb2534b6c,no,0.863544,False,distilroberta-base-climate-commitment,Local model,climatebert_multi_20260526T112517Z_c8b7dc
llm_d7941575a6fd,no,0.81492,False,distilroberta-base-climate-commitment,Local model,climatebert_multi_20260526T112517Z_c8b7dc
llm_ed2abbfc2537,no,0.981259,False,distilroberta-base-climate-commitment,Local model,climatebert_multi_20260526T112517Z_c8b7dc
llm_a13ff837545f,no,0.862984,False,distilroberta-base-climate-commitment,Local model,climatebert_multi_20260526T112517Z_c8b7dc
llm_4fc7f097dfa0,no,0.944436,False,distilroberta-base-climate-commitment,Local model,climatebert_multi_20260526T112517Z_c8b7dc
llm_8cda180d9383,no,0.979139,False,distilroberta-base-climate-commitment,Local model,climatebert_multi_20260526T112517Z_c8b7dc
llm_c198ec345f47,no,0.983881,False,distilroberta-base-climate-commitment,Local model,climatebert_multi_20260526T112517Z_c8b7dc
llm_61a32a17e582,no,0.985226,False,distilroberta-base-climate-commitment,Local model,climatebert_multi_20260526T112517Z_c8b7dc
llm_7aebd26162aa,no,0.891555,False,distilroberta-base-climate-commitment,Local model,climatebert_multi_20260526T112517Z_c8b7dc
llm_25281894c26d,no,0.824464,False,distilroberta-base-climate-commitment,Local model,climatebert_multi_20260526T112517Z_c8b7dc
llm_2cd1a16df81f,no,0.828565,False,distilroberta-base-climate-commitment,Local model,climatebert_multi_20260526T112517Z_c8b7dc
llm_86addc88790a,no,0.853149,False,distilroberta-base-climate-commitment,Local model,climatebert_multi_20260526T112517Z_c8b7dc
llm_78a60407ccf5,no,0.828656,False,distilroberta-base-climate-commitment,Local model,climatebert_multi_20260526T112517Z_c8b7dc
llm_18736c952221,no,0.89136,False,distilroberta-base-climate-commitment,Local model,climatebert_multi_20260526T112517Z_c8b7dc
llm_9ad210467351,no,0.913995,False,distilroberta-base-climate-commitment,Local model,climatebert_multi_20260526T112517Z_c8b7dc
llm_dcedf3b39353,no,0.863626,False,distilroberta-base-climate-commitment,Local model,climatebert_multi_20260526T112517Z_c8b7dc
llm_84ecb6e0c0a1,no,0.907438,False,distilroberta-base-climate-commitment,Local model,climatebert_multi_20260526T112517Z_c8b7dc
llm_7ca97f161daa,no,0.971414,False,distilroberta-base-climate-commitment,Local model,climatebert_multi_20260526T112517Z_c8b7dc
llm_f64d5058aa0a,no,0.851043,False,distilroberta-base-climate-commitment,Local model,climatebert_multi_20260526T112517Z_c8b7dc
llm_c5631131c2b2,no,0.941277,False,distilroberta-base-climate-commitment,Local model,climatebert_multi_20260526T112517Z_c8b7dc
llm_74255e5f74b3,no,0.95965,False,distilroberta-base-climate-commitment,Local model,climatebert_multi_20260526T112517Z_c8b7dc
llm_25df35916709,no,0.976646,False,distilroberta-base-climate-commitment,Local model,climatebert_multi_20260526T112517Z_c8b7dc
llm_8d9ae96d8e65,no,0.992423,False,distilroberta-base-climate-commitment,Local model,climatebert_multi_20260526T112517Z_c8b7dc
llm_b48202734e29,no,0.851043,False,distilroberta-base-climate-commitment,Local model,climatebert_multi_20260526T112517Z_c8b7dc
llm_db69a94a5363,no,0.907438,False,distilroberta-base-climate-commitment,Local model,climatebert_multi_20260526T112517Z_c8b7dc
llm_474792d76b61,no,0.898719,False,distilroberta-base-climate-commitment,Local model,climatebert_multi_20260526T112517Z_c8b7dc
llm_c663f0a83bee,no,0.852991,False,distilroberta-base-climate-commitment,Local model,climatebert_multi_20260526T112517Z_c8b7dc
llm_55f9ea001f34,no,0.694383,False,distilroberta-base-climate-commitment,Local model,climatebert_multi_20260526T112517Z_c8b7dc
llm_021887ee80f7,no,0.878692,False,distilroberta-base-climate-commitment,Local model,climatebert_multi_20260526T112517Z_c8b7dc
llm_6ce8f3c5be21,no,0.913454,False,distilroberta-base-climate-commitment,Local model,climatebert_multi_20260526T112517Z_c8b7dc
llm_46f02a2f970d,no,0.863544,False,distilroberta-base-climate-commitment,Local model,climatebert_multi_20260526T112517Z_c8b7dc
llm_38782364abb2,no,0.811557,False,distilroberta-base-climate-commitment,Local model,climatebert_multi_20260526T112517Z_c8b7dc
llm_55445cc9bb3d,no,0.981259,False,distilroberta-base-climate-commitment,Local model,climatebert_multi_20260526T112517Z_c8b7dc
llm_c8efdf88d9a6,no,0.862984,False,distilroberta-base-climate-commitment,Local model,climatebert_multi_20260526T112517Z_c8b7dc
llm_b03b9136bd29,yes,0.747884,True,distilroberta-base-climate-commitment,Local model,climatebert_multi_20260526T112517Z_c8b7dc
llm_7cc23357700c,no,0.900702,False,distilroberta-base-climate-commitment,Local model,climatebert_multi_20260526T112517Z_c8b7dc
llm_b28fedd2b7cf,yes,0.656984,True,distilroberta-base-climate-commitment,Local model,climatebert_multi_20260526T112517Z_c8b7dc
llm_40f379c17f99,no,0.92125,False,distilroberta-base-climate-commitment,Local model,climatebert_multi_20260526T112517Z_c8b7dc
llm_05230e1cb5ee,no,0.982845,False,distilroberta-base-climate-commitment,Local model,climatebert_multi_20260526T112517Z_c8b7dc
llm_1f93ce5deba2,no,0.984183,False,distilroberta-base-climate-commitment,Local model,climatebert_multi_20260526T112517Z_c8b7dc
llm_dc00a64901bd,no,0.891155,False,distilroberta-base-climate-commitment,Local model,climatebert_multi_20260526T112517Z_c8b7dc
llm_30e1a35108f6,no,0.734493,False,distilroberta-base-climate-commitment,Local model,climatebert_multi_20260526T112517Z_c8b7dc
llm_60e3183c23aa,no,0.712496,False,distilroberta-base-climate-commitment,Local model,climatebert_multi_20260526T112517Z_c8b7dc
llm_7f5785ecb51a,no,0.513406,False,distilroberta-base-climate-commitment,Local model,climatebert_multi_20260526T112517Z_c8b7dc
llm_27a6eb61628f,no,0.694383,False,distilroberta-base-climate-commitment,Local model,climatebert_multi_20260526T112517Z_c8b7dc
llm_3499e09d0dd2,no,0.973319,False,distilroberta-base-climate-commitment,Local model,climatebert_multi_20260526T112517Z_c8b7dc
llm_a2a54cd10400,no,0.878692,False,distilroberta-base-climate-commitment,Local model,climatebert_multi_20260526T112517Z_c8b7dc
llm_99e59efe3624,no,0.913454,False,distilroberta-base-climate-commitment,Local model,climatebert_multi_20260526T112517Z_c8b7dc
llm_cee3cbe88707,no,0.863544,False,distilroberta-base-climate-commitment,Local model,climatebert_multi_20260526T112517Z_c8b7dc
llm_255d9fff6b5e,no,0.811557,False,distilroberta-base-climate-commitment,Local model,climatebert_multi_20260526T112517Z_c8b7dc
llm_ba35fd0c8f3d,no,0.981259,False,distilroberta-base-climate-commitment,Local model,climatebert_multi_20260526T112517Z_c8b7dc
llm_6babf512fc3a,no,0.862984,False,distilroberta-base-climate-commitment,Local model,climatebert_multi_20260526T112517Z_c8b7dc
llm_fb08f5c4d820,yes,0.9098,True,distilroberta-base-climate-commitment,Local model,climatebert_multi_20260526T112517Z_c8b7dc
llm_4e69b900b374,no,0.972746,False,distilroberta-base-climate-commitment,Local model,climatebert_multi_20260526T112517Z_c8b7dc
llm_3e1947d96931,no,0.898719,False,distilroberta-base-climate-commitment,Local model,climatebert_multi_20260526T112517Z_c8b7dc
llm_9ebea6fb783e,no,0.907438,False,distilroberta-base-climate-commitment,Local model,climatebert_multi_20260526T112517Z_c8b7dc
llm_dd2998a09d46,no,0.89136,False,distilroberta-base-climate-commitment,Local model,climatebert_multi_20260526T112517Z_c8b7dc
llm_1fc246b073ca,no,0.907471,False,distilroberta-base-climate-commitment,Local model,climatebert_multi_20260526T112517Z_c8b7dc
llm_522ce6350a1b,no,0.925692,False,distilroberta-base-climate-commitment,Local model,climatebert_multi_20260526T112517Z_c8b7dc
llm_744e0cb4c0c6,no,0.871373,False,distilroberta-base-climate-commitment,Local model,climatebert_multi_20260526T112517Z_c8b7dc
llm_c77bdb0ca6ed,no,0.91305,False,distilroberta-base-climate-commitment,Local model,climatebert_multi_20260526T112517Z_c8b7dc
llm_4c35b859e4fc,no,0.851043,False,distilroberta-base-climate-commitment,Local model,climatebert_multi_20260526T112517Z_c8b7dc
llm_41836afddcfc,yes,0.924319,True,distilroberta-base-climate-commitment,Local model,climatebert_multi_20260526T112517Z_c8b7dc
llm_332732101b31,yes,0.672823,True,distilroberta-base-climate-commitment,Local model,climatebert_multi_20260526T112517Z_c8b7dc
llm_8e6d69c03db8,no,0.759117,False,distilroberta-base-climate-commitment,Local model,climatebert_multi_20260526T112517Z_c8b7dc
llm_7d216ddecffb,no,0.921628,False,distilroberta-base-climate-commitment,Local model,climatebert_multi_20260526T112517Z_c8b7dc
llm_d6dd8d72e341,no,0.851043,False,distilroberta-base-climate-commitment,Local model,climatebert_multi_20260526T112517Z_c8b7dc
llm_673d64731bef,no,0.898719,False,distilroberta-base-climate-commitment,Local model,climatebert_multi_20260526T112517Z_c8b7dc
llm_4886873fa708,no,0.821052,False,distilroberta-base-climate-commitment,Local model,climatebert_multi_20260526T112517Z_c8b7dc
llm_5822600b7356,no,0.861797,False,distilroberta-base-climate-commitment,Local model,climatebert_multi_20260526T112517Z_c8b7dc
llm_7dd5efc59a2d,no,0.851895,False,distilroberta-base-climate-commitment,Local model,climatebert_multi_20260526T112517Z_c8b7dc
llm_4af8a9fc75be,no,0.694383,False,distilroberta-base-climate-commitment,Local model,climatebert_multi_20260526T112517Z_c8b7dc
llm_1c61e7ed1330,no,0.973319,False,distilroberta-base-climate-commitment,Local model,climatebert_multi_20260526T112517Z_c8b7dc
llm_9d66014e3be4,no,0.878692,False,distilroberta-base-climate-commitment,Local model,climatebert_multi_20260526T112517Z_c8b7dc
llm_c10224b1ab4f,no,0.913454,False,distilroberta-base-climate-commitment,Local model,climatebert_multi_20260526T112517Z_c8b7dc
llm_fc394cc436b3,no,0.863544,False,distilroberta-base-climate-commitment,Local model,climatebert_multi_20260526T112517Z_c8b7dc
llm_ee981655f711,no,0.81492,False,distilroberta-base-climate-commitment,Local model,climatebert_multi_20260526T112517Z_c8b7dc
llm_8a0b9ef8d495,no,0.981259,False,distilroberta-base-climate-commitment,Local model,climatebert_multi_20260526T112517Z_c8b7dc
llm_c53a8d2ebfff,no,0.862984,False,distilroberta-base-climate-commitment,Local model,climatebert_multi_20260526T112517Z_c8b7dc
llm_4dd3bbd59ce1,no,0.897457,False,distilroberta-base-climate-commitment,Local model,climatebert_multi_20260526T112517Z_c8b7dc
llm_076cc556f5d7,yes,0.9098,True,distilroberta-base-climate-commitment,Local model,climatebert_multi_20260526T112517Z_c8b7dc
llm_f4102672202b,no,0.720604,False,distilroberta-base-climate-commitment,Local model,climatebert_multi_20260526T112517Z_c8b7dc
llm_3f2d1b393b16,no,0.907438,False,distilroberta-base-climate-commitment,Local model,climatebert_multi_20260526T112517Z_c8b7dc
llm_4f2428969819,no,0.89136,False,distilroberta-base-climate-commitment,Local model,climatebert_multi_20260526T112517Z_c8b7dc
llm_ba5157794445,no,0.907275,False,distilroberta-base-climate-commitment,Local model,climatebert_multi_20260526T112517Z_c8b7dc
llm_a8419efd26a8,no,0.918088,False,distilroberta-base-climate-commitment,Local model,climatebert_multi_20260526T112517Z_c8b7dc
llm_e3ffe0c85d46,no,0.852991,False,distilroberta-base-climate-commitment,Local model,climatebert_multi_20260526T112517Z_c8b7dc
llm_74568d429475,no,0.694383,False,distilroberta-base-climate-commitment,Local model,climatebert_multi_20260526T112517Z_c8b7dc
llm_877c98db79b6,no,0.973319,False,distilroberta-base-climate-commitment,Local model,climatebert_multi_20260526T112517Z_c8b7dc
llm_f954caec1a99,no,0.878692,False,distilroberta-base-climate-commitment,Local model,climatebert_multi_20260526T112517Z_c8b7dc
llm_1c27e507fc0e,no,0.913454,False,distilroberta-base-climate-commitment,Local model,climatebert_multi_20260526T112517Z_c8b7dc
llm_b1391924bf25,no,0.863544,False,distilroberta-base-climate-commitment,Local model,climatebert_multi_20260526T112517Z_c8b7dc
llm_e40b0ea30b13,no,0.81492,False,distilroberta-base-climate-commitment,Local model,climatebert_multi_20260526T112517Z_c8b7dc
llm_715134ad1599,no,0.981259,False,distilroberta-base-climate-commitment,Local model,climatebert_multi_20260526T112517Z_c8b7dc
llm_153f22f333e9,no,0.862984,False,distilroberta-base-climate-commitment,Local model,climatebert_multi_20260526T112517Z_c8b7dc
llm_3c44d2eb038c,no,0.897457,False,distilroberta-base-climate-commitment,Local model,climatebert_multi_20260526T112517Z_c8b7dc
llm_7c9ba404031f,no,0.89136,False,distilroberta-base-climate-commitment,Local model,climatebert_multi_20260526T112517Z_c8b7dc
llm_ba9e6aab9675,no,0.907275,False,distilroberta-base-climate-commitment,Local model,climatebert_multi_20260526T112517Z_c8b7dc
llm_f3cfae776196,no,0.907438,False,distilroberta-base-climate-commitment,Local model,climatebert_multi_20260526T112517Z_c8b7dc
llm_4b91068a4d83,no,0.918033,False,distilroberta-base-climate-commitment,Local model,climatebert_multi_20260526T112517Z_c8b7dc
llm_1e1f97a87cad,no,0.941038,False,distilroberta-base-climate-commitment,Local model,climatebert_multi_20260526T112517Z_c8b7dc
llm_a24801c7a7ff,no,0.960003,False,distilroberta-base-climate-commitment,Local model,climatebert_multi_20260526T112517Z_c8b7dc
llm_7528d3037caa,no,0.987912,False,distilroberta-base-climate-commitment,Local model,climatebert_multi_20260526T112517Z_c8b7dc
llm_dea63b04e8ee,no,0.881191,False,distilroberta-base-climate-commitment,Local model,climatebert_multi_20260526T112517Z_c8b7dc
llm_4e130557dbef,no,0.832946,False,distilroberta-base-climate-commitment,Local model,climatebert_multi_20260526T112517Z_c8b7dc
llm_676fdda363e4,no,0.929138,False,distilroberta-base-climate-commitment,Local model,climatebert_multi_20260526T112517Z_c8b7dc
llm_1d54131af5f5,no,0.995338,False,distilroberta-base-climate-commitment,Local model,climatebert_multi_20260526T112517Z_c8b7dc
llm_6736887acb9c,no,0.979496,False,distilroberta-base-climate-commitment,Local model,climatebert_multi_20260526T112517Z_c8b7dc
llm_b7c2f6d52809,no,0.89136,False,distilroberta-base-climate-commitment,Local model,climatebert_multi_20260526T112517Z_c8b7dc
llm_7ba88ba3e15d,no,0.913995,False,distilroberta-base-climate-commitment,Local model,climatebert_multi_20260526T112517Z_c8b7dc
llm_d9a31ae2758c,no,0.786638,False,distilroberta-base-climate-commitment,Local model,climatebert_multi_20260526T112517Z_c8b7dc
llm_46432982e78f,no,0.877821,False,distilroberta-base-climate-commitment,Local model,climatebert_multi_20260526T112517Z_c8b7dc
llm_673e05890a89,no,0.677335,False,distilroberta-base-climate-commitment,Local model,climatebert_multi_20260526T112517Z_c8b7dc
llm_c80706d2b51b,no,0.676089,False,distilroberta-base-climate-commitment,Local model,climatebert_multi_20260526T112517Z_c8b7dc
llm_564a085995e7,no,0.911908,False,distilroberta-base-climate-commitment,Local model,climatebert_multi_20260526T112517Z_c8b7dc
llm_115663459ebb,no,0.926792,False,distilroberta-base-climate-commitment,Local model,climatebert_multi_20260526T112517Z_c8b7dc
llm_6299350a8d9f,no,0.852991,False,distilroberta-base-climate-commitment,Local model,climatebert_multi_20260526T112517Z_c8b7dc
llm_fa59d4ec732e,no,0.694383,False,distilroberta-base-climate-commitment,Local model,climatebert_multi_20260526T112517Z_c8b7dc
llm_db02d70c5bab,no,0.878692,False,distilroberta-base-climate-commitment,Local model,climatebert_multi_20260526T112517Z_c8b7dc
llm_bdd5ece75166,no,0.913454,False,distilroberta-base-climate-commitment,Local model,climatebert_multi_20260526T112517Z_c8b7dc
llm_a2a3797529e2,no,0.863544,False,distilroberta-base-climate-commitment,Local model,climatebert_multi_20260526T112517Z_c8b7dc
llm_e8126f02b0fb,no,0.981259,False,distilroberta-base-climate-commitment,Local model,climatebert_multi_20260526T112517Z_c8b7dc
llm_d520afedd072,no,0.879335,False,distilroberta-base-climate-commitment,Local model,climatebert_multi_20260526T112517Z_c8b7dc
llm_77f82b7672d2,yes,0.9098,True,distilroberta-base-climate-commitment,Local model,climatebert_multi_20260526T112517Z_c8b7dc
llm_bb7e0df2fb14,no,0.900702,False,distilroberta-base-climate-commitment,Local model,climatebert_multi_20260526T112517Z_c8b7dc
llm_a34348a5a30f,no,0.903605,False,distilroberta-base-climate-commitment,Local model,climatebert_multi_20260526T112517Z_c8b7dc
llm_d2025c2ab9e2,no,0.858629,False,distilroberta-base-climate-commitment,Local model,climatebert_multi_20260526T112517Z_c8b7dc
llm_2684c5284abc,no,0.812487,False,distilroberta-base-climate-commitment,Local model,climatebert_multi_20260526T112517Z_c8b7dc
llm_064a216b392c,no,0.901672,False,distilroberta-base-climate-commitment,Local model,climatebert_multi_20260526T112517Z_c8b7dc
llm_981f47fe583b,no,0.899591,False,distilroberta-base-climate-commitment,Local model,climatebert_multi_20260526T112517Z_c8b7dc
llm_186831d6a1e5,no,0.907275,False,distilroberta-base-climate-commitment,Local model,climatebert_multi_20260526T112517Z_c8b7dc
llm_a71ecc5b7b55,no,0.898719,False,distilroberta-base-climate-commitment,Local model,climatebert_multi_20260526T112517Z_c8b7dc
llm_4f9e8457a9a0,no,0.907438,False,distilroberta-base-climate-commitment,Local model,climatebert_multi_20260526T112517Z_c8b7dc
llm_139f2202cd50,no,0.983369,False,distilroberta-base-climate-commitment,Local model,climatebert_multi_20260526T112517Z_c8b7dc
llm_aaa828b51ac4,no,0.959536,False,distilroberta-base-climate-commitment,Local model,climatebert_multi_20260526T112517Z_c8b7dc
llm_26e45d612b07,no,0.793549,False,distilroberta-base-climate-commitment,Local model,climatebert_multi_20260526T112517Z_c8b7dc
llm_c9a632eca150,no,0.67357,False,distilroberta-base-climate-commitment,Local model,climatebert_multi_20260526T112517Z_c8b7dc
llm_7f2c0a0aeca2,no,0.594089,False,distilroberta-base-climate-commitment,Local model,climatebert_multi_20260526T112517Z_c8b7dc
llm_ada2bd89a683,no,0.621674,False,distilroberta-base-climate-commitment,Local model,climatebert_multi_20260526T112517Z_c8b7dc
llm_a39449bb077e,no,0.734563,False,distilroberta-base-climate-commitment,Local model,climatebert_multi_20260526T112517Z_c8b7dc
llm_6139b5fb13bf,no,0.690861,False,distilroberta-base-climate-commitment,Local model,climatebert_multi_20260526T112517Z_c8b7dc
llm_4bda75fac7fe,no,0.744486,False,distilroberta-base-climate-commitment,Local model,climatebert_multi_20260526T112517Z_c8b7dc
llm_e9f39f46b109,no,0.631066,False,distilroberta-base-climate-commitment,Local model,climatebert_multi_20260526T112517Z_c8b7dc
llm_c826ac6fa037,no,0.752192,False,distilroberta-base-climate-commitment,Local model,climatebert_multi_20260526T112517Z_c8b7dc
llm_4b492e0e17c1,no,0.748372,False,distilroberta-base-climate-commitment,Local model,climatebert_multi_20260526T112517Z_c8b7dc
llm_84cc8d875ec6,no,0.76627,False,distilroberta-base-climate-commitment,Local model,climatebert_multi_20260526T112517Z_c8b7dc
llm_aa54ea8fa315,no,0.950114,False,distilroberta-base-climate-commitment,Local model,climatebert_multi_20260526T112517Z_c8b7dc
llm_5bca8d08a022,no,0.941633,False,distilroberta-base-climate-commitment,Local model,climatebert_multi_20260526T112517Z_c8b7dc
llm_15093540da53,no,0.87926,False,distilroberta-base-climate-commitment,Local model,climatebert_multi_20260526T112517Z_c8b7dc
llm_a0440d82de18,no,0.871253,False,distilroberta-base-climate-commitment,Local model,climatebert_multi_20260526T112517Z_c8b7dc
llm_2af72614750d,no,0.98534,False,distilroberta-base-climate-commitment,Local model,climatebert_multi_20260526T112517Z_c8b7dc
llm_643e252c3969,no,0.89136,False,distilroberta-base-climate-commitment,Local model,climatebert_multi_20260526T112517Z_c8b7dc
llm_c6771590479a,no,0.913995,False,distilroberta-base-climate-commitment,Local model,climatebert_multi_20260526T112517Z_c8b7dc
llm_02c7846dc150,no,0.968145,False,distilroberta-base-climate-commitment,Local model,climatebert_multi_20260526T112517Z_c8b7dc
llm_2d9e46c1bbba,no,0.907438,False,distilroberta-base-climate-commitment,Local model,climatebert_multi_20260526T112517Z_c8b7dc
llm_5f79748c8d31,no,0.708539,False,distilroberta-base-climate-commitment,Local model,climatebert_multi_20260526T112517Z_c8b7dc
llm_7d474ec52274,no,0.980654,False,distilroberta-base-climate-commitment,Local model,climatebert_multi_20260526T112517Z_c8b7dc
llm_befd7fee02b2,no,0.934482,False,distilroberta-base-climate-commitment,Local model,climatebert_multi_20260526T112517Z_c8b7dc
llm_47cc12d09b31,no,0.832946,False,distilroberta-base-climate-commitment,Local model,climatebert_multi_20260526T112517Z_c8b7dc
llm_c59dd47ac311,no,0.881191,False,distilroberta-base-climate-commitment,Local model,climatebert_multi_20260526T112517Z_c8b7dc
llm_9afe25fd66cd,no,0.988123,False,distilroberta-base-climate-commitment,Local model,climatebert_multi_20260526T112517Z_c8b7dc
llm_67701f8f5384,no,0.974517,False,distilroberta-base-climate-commitment,Local model,climatebert_multi_20260526T112517Z_c8b7dc
llm_2c6688cf9957,no,0.983597,False,distilroberta-base-climate-commitment,Local model,climatebert_multi_20260526T112517Z_c8b7dc
llm_1a2199db4b5d,no,0.95684,False,distilroberta-base-climate-commitment,Local model,climatebert_multi_20260526T112517Z_c8b7dc
llm_df4095fa3982,no,0.950458,False,distilroberta-base-climate-commitment,Local model,climatebert_multi_20260526T112517Z_c8b7dc
llm_2853df69a3ff,no,0.907438,False,distilroberta-base-climate-commitment,Local model,climatebert_multi_20260526T112517Z_c8b7dc
llm_c4fa73129f50,no,0.89136,False,distilroberta-base-climate-commitment,Local model,climatebert_multi_20260526T112517Z_c8b7dc
llm_700ac6656cc6,no,0.896261,False,distilroberta-base-climate-commitment,Local model,climatebert_multi_20260526T112517Z_c8b7dc
llm_767e88843f74,no,0.716366,False,distilroberta-base-climate-commitment,Local model,climatebert_multi_20260526T112517Z_c8b7dc
llm_c1501b7949a6,no,0.853148,False,distilroberta-base-climate-commitment,Local model,climatebert_multi_20260526T112517Z_c8b7dc
llm_93cd0852c1ce,no,0.980654,False,distilroberta-base-climate-commitment,Local model,climatebert_multi_20260526T112517Z_c8b7dc
llm_31601293a23c,no,0.940919,False,distilroberta-base-climate-commitment,Local model,climatebert_multi_20260526T112517Z_c8b7dc
llm_5782d07a66ba,no,0.832946,False,distilroberta-base-climate-commitment,Local model,climatebert_multi_20260526T112517Z_c8b7dc
llm_20d8ba152d97,no,0.881191,False,distilroberta-base-climate-commitment,Local model,climatebert_multi_20260526T112517Z_c8b7dc
llm_a1f32d4e7cf4,no,0.929138,False,distilroberta-base-climate-commitment,Local model,climatebert_multi_20260526T112517Z_c8b7dc
llm_b146547665b0,no,0.945673,False,distilroberta-base-climate-commitment,Local model,climatebert_multi_20260526T112517Z_c8b7dc
llm_0adf3956c3c1,no,0.88078,False,distilroberta-base-climate-commitment,Local model,climatebert_multi_20260526T112517Z_c8b7dc
llm_462cfe16fa0d,no,0.885089,False,distilroberta-base-climate-commitment,Local model,climatebert_multi_20260526T112517Z_c8b7dc
llm_cbe03ac1f54e,no,0.882885,False,distilroberta-base-climate-commitment,Local model,climatebert_multi_20260526T112517Z_c8b7dc
llm_269292ade3ce,no,0.935176,False,distilroberta-base-climate-commitment,Local model,climatebert_multi_20260526T112517Z_c8b7dc
llm_5b6b3b87a584,no,0.959536,False,distilroberta-base-climate-commitment,Local model,climatebert_multi_20260526T112517Z_c8b7dc
llm_426dfcc19667,no,0.793549,False,distilroberta-base-climate-commitment,Local model,climatebert_multi_20260526T112517Z_c8b7dc
llm_0a9c0af1c144,no,0.67357,False,distilroberta-base-climate-commitment,Local model,climatebert_multi_20260526T112517Z_c8b7dc
llm_10be83746400,no,0.594089,False,distilroberta-base-climate-commitment,Local model,climatebert_multi_20260526T112517Z_c8b7dc
llm_c99cb960f8d7,no,0.621674,False,distilroberta-base-climate-commitment,Local model,climatebert_multi_20260526T112517Z_c8b7dc
llm_deb96e9a5d39,no,0.686424,False,distilroberta-base-climate-commitment,Local model,climatebert_multi_20260526T112517Z_c8b7dc
llm_4900b55285c3,no,0.690861,False,distilroberta-base-climate-commitment,Local model,climatebert_multi_20260526T112517Z_c8b7dc
llm_99df4f87a164,no,0.744486,False,distilroberta-base-climate-commitment,Local model,climatebert_multi_20260526T112517Z_c8b7dc
llm_e633515540ff,no,0.631066,False,distilroberta-base-climate-commitment,Local model,climatebert_multi_20260526T112517Z_c8b7dc
llm_1cdce540a45f,no,0.752192,False,distilroberta-base-climate-commitment,Local model,climatebert_multi_20260526T112517Z_c8b7dc
llm_fd9b0d4867d9,no,0.748372,False,distilroberta-base-climate-commitment,Local model,climatebert_multi_20260526T112517Z_c8b7dc
llm_3ce2a7ff2c83,no,0.908001,False,distilroberta-base-climate-commitment,Local model,climatebert_multi_20260526T112517Z_c8b7dc
llm_74492eb3589d,no,0.731733,False,distilroberta-base-climate-commitment,Local model,climatebert_multi_20260526T112517Z_c8b7dc
llm_5d8ac38d9c28,no,0.952458,False,distilroberta-base-climate-commitment,Local model,climatebert_multi_20260526T112517Z_c8b7dc
llm_f388c63ee09d,no,0.834224,False,distilroberta-base-climate-commitment,Local model,climatebert_multi_20260526T112517Z_c8b7dc
llm_0e2703a26011,no,0.698978,False,distilroberta-base-climate-commitment,Local model,climatebert_multi_20260526T112517Z_c8b7dc
llm_2fececc996ca,no,0.615491,False,distilroberta-base-climate-commitment,Local model,climatebert_multi_20260526T112517Z_c8b7dc
llm_699e6cd6d49a,no,0.932833,False,distilroberta-base-climate-commitment,Local model,climatebert_multi_20260526T112517Z_c8b7dc
llm_301d425f2253,no,0.978419,False,distilroberta-base-climate-commitment,Local model,climatebert_multi_20260526T112517Z_c8b7dc
llm_74352422c774,no,0.992423,False,distilroberta-base-climate-commitment,Local model,climatebert_multi_20260526T112517Z_c8b7dc
llm_bf2a3556bf1e,no,0.95965,False,distilroberta-base-climate-commitment,Local model,climatebert_multi_20260526T112517Z_c8b7dc
llm_85458e2d42c9,no,0.873823,False,distilroberta-base-climate-commitment,Local model,climatebert_multi_20260526T112517Z_c8b7dc
llm_ea5bd5ea474b,no,0.976646,False,distilroberta-base-climate-commitment,Local model,climatebert_multi_20260526T112517Z_c8b7dc
llm_3bad4306a748,no,0.890947,False,distilroberta-base-climate-commitment,Local model,climatebert_multi_20260526T112517Z_c8b7dc
llm_122f9077b27e,no,0.976598,False,distilroberta-base-climate-commitment,Local model,climatebert_multi_20260526T112517Z_c8b7dc
llm_21d5eca575cb,no,0.920229,False,distilroberta-base-climate-commitment,Local model,climatebert_multi_20260526T112517Z_c8b7dc
llm_f661c7ecc3b5,no,0.90585,False,distilroberta-base-climate-commitment,Local model,climatebert_multi_20260526T112517Z_c8b7dc
llm_f689d333a154,no,0.975523,False,distilroberta-base-climate-commitment,Local model,climatebert_multi_20260526T112517Z_c8b7dc
llm_ed86cb19851c,no,0.944186,False,distilroberta-base-climate-commitment,Local model,climatebert_multi_20260526T112517Z_c8b7dc
llm_aca674bec5c8,no,0.94559,False,distilroberta-base-climate-commitment,Local model,climatebert_multi_20260526T112517Z_c8b7dc
llm_882061069443,no,0.979199,False,distilroberta-base-climate-commitment,Local model,climatebert_multi_20260526T112517Z_c8b7dc
llm_f8a7f4570e6d,no,0.94874,False,distilroberta-base-climate-commitment,Local model,climatebert_multi_20260526T112517Z_c8b7dc
llm_b8073421a699,no,0.897414,False,distilroberta-base-climate-commitment,Local model,climatebert_multi_20260526T112517Z_c8b7dc
llm_e4bad9d9da7c,no,0.887575,False,distilroberta-base-climate-commitment,Local model,climatebert_multi_20260526T112517Z_c8b7dc
llm_4fb07d28d711,no,0.895513,False,distilroberta-base-climate-commitment,Local model,climatebert_multi_20260526T112517Z_c8b7dc
llm_d5971d2d92c5,no,0.89136,False,distilroberta-base-climate-commitment,Local model,climatebert_multi_20260526T112517Z_c8b7dc
llm_51787f4405ae,no,0.913995,False,distilroberta-base-climate-commitment,Local model,climatebert_multi_20260526T112517Z_c8b7dc
llm_a5bd647272e1,no,0.90993,False,distilroberta-base-climate-commitment,Local model,climatebert_multi_20260526T112517Z_c8b7dc
llm_0aceb3707a67,no,0.840017,False,distilroberta-base-climate-commitment,Local model,climatebert_multi_20260526T112517Z_c8b7dc
llm_e545c604f055,no,0.92657,False,distilroberta-base-climate-commitment,Local model,climatebert_multi_20260526T112517Z_c8b7dc
llm_4de4fae4f29a,no,0.961358,False,distilroberta-base-climate-commitment,Local model,climatebert_multi_20260526T112517Z_c8b7dc
llm_8faf3134b7c2,no,0.886135,False,distilroberta-base-climate-commitment,Local model,climatebert_multi_20260526T112517Z_c8b7dc
llm_80490ae5176e,no,0.975726,False,distilroberta-base-climate-commitment,Local model,climatebert_multi_20260526T112517Z_c8b7dc
llm_649f393e12c7,no,0.908654,False,distilroberta-base-climate-commitment,Local model,climatebert_multi_20260526T112517Z_c8b7dc
llm_7f678e7587a3,no,0.673534,False,distilroberta-base-climate-commitment,Local model,climatebert_multi_20260526T112517Z_c8b7dc
llm_3b87a0615527,no,0.800726,False,distilroberta-base-climate-commitment,Local model,climatebert_multi_20260526T112517Z_c8b7dc
llm_7acbd650156b,no,0.785492,False,distilroberta-base-climate-commitment,Local model,climatebert_multi_20260526T112517Z_c8b7dc
llm_920c55a07cd7,no,0.786861,False,distilroberta-base-climate-commitment,Local model,climatebert_multi_20260526T112517Z_c8b7dc
llm_cd66bdc24996,no,0.805082,False,distilroberta-base-climate-commitment,Local model,climatebert_multi_20260526T112517Z_c8b7dc
llm_e0d4ca26b1d0,no,0.750117,False,distilroberta-base-climate-commitment,Local model,climatebert_multi_20260526T112517Z_c8b7dc
llm_3fcd45ceaeaf,no,0.794028,False,distilroberta-base-climate-commitment,Local model,climatebert_multi_20260526T112517Z_c8b7dc
llm_7bf9bf273e2c,no,0.831425,False,distilroberta-base-climate-commitment,Local model,climatebert_multi_20260526T112517Z_c8b7dc
llm_f5b2ab65e443,no,0.996799,False,distilroberta-base-climate-commitment,Local model,climatebert_multi_20260526T112517Z_c8b7dc
llm_048746ca0ca0,no,0.984507,False,distilroberta-base-climate-commitment,Local model,climatebert_multi_20260526T112517Z_c8b7dc
llm_7f3b2ecb8cc3,no,0.967262,False,distilroberta-base-climate-commitment,Local model,climatebert_multi_20260526T112517Z_c8b7dc
llm_e427ff238726,no,0.929138,False,distilroberta-base-climate-commitment,Local model,climatebert_multi_20260526T112517Z_c8b7dc
llm_c3e9625fdcb8,no,0.89136,False,distilroberta-base-climate-commitment,Local model,climatebert_multi_20260526T112517Z_c8b7dc
llm_a3b82b77ad8b,no,0.844031,False,distilroberta-base-climate-commitment,Local model,climatebert_multi_20260526T112517Z_c8b7dc
llm_4787c6893853,no,0.928325,False,distilroberta-base-climate-commitment,Local model,climatebert_multi_20260526T112517Z_c8b7dc
llm_4b4d3f920c4d,no,0.983841,False,distilroberta-base-climate-commitment,Local model,climatebert_multi_20260526T112517Z_c8b7dc
llm_0415834b08c1,no,0.942468,False,distilroberta-base-climate-commitment,Local model,climatebert_multi_20260526T112517Z_c8b7dc
llm_e79a9d8a58de,no,0.838639,False,distilroberta-base-climate-commitment,Local model,climatebert_multi_20260526T112517Z_c8b7dc
llm_6cefed753dd4,no,0.815976,False,distilroberta-base-climate-commitment,Local model,climatebert_multi_20260526T112517Z_c8b7dc
llm_458caddaff49,no,0.956218,False,distilroberta-base-climate-commitment,Local model,climatebert_multi_20260526T112517Z_c8b7dc
llm_79c13847e527,no,0.801875,False,distilroberta-base-climate-commitment,Local model,climatebert_multi_20260526T112517Z_c8b7dc
llm_c8db428a3b7e,no,0.883018,False,distilroberta-base-climate-commitment,Local model,climatebert_multi_20260526T112517Z_c8b7dc
llm_3d14b70085e2,no,0.793922,False,distilroberta-base-climate-commitment,Local model,climatebert_multi_20260526T112517Z_c8b7dc
llm_3c6373486a62,no,0.862927,False,distilroberta-base-climate-commitment,Local model,climatebert_multi_20260526T112517Z_c8b7dc
llm_f9c5333a7718,no,0.95736,False,distilroberta-base-climate-commitment,Local model,climatebert_multi_20260526T112517Z_c8b7dc
llm_f8480f5ba604,no,0.79212,False,distilroberta-base-climate-commitment,Local model,climatebert_multi_20260526T112517Z_c8b7dc
llm_7a6d5d7457ac,no,0.866551,False,distilroberta-base-climate-commitment,Local model,climatebert_multi_20260526T112517Z_c8b7dc
llm_838acbbd1fb7,no,0.788417,False,distilroberta-base-climate-commitment,Local model,climatebert_multi_20260526T112517Z_c8b7dc
llm_2e48e2212d71,no,0.988638,False,distilroberta-base-climate-commitment,Local model,climatebert_multi_20260526T112517Z_c8b7dc
llm_d33ec151e575,no,0.861652,False,distilroberta-base-climate-commitment,Local model,climatebert_multi_20260526T112517Z_c8b7dc
llm_03cbac0bc4f8,no,0.721473,False,distilroberta-base-climate-commitment,Local model,climatebert_multi_20260526T112517Z_c8b7dc
llm_5961cf2dc2e7,no,0.920336,False,distilroberta-base-climate-commitment,Local model,climatebert_multi_20260526T112517Z_c8b7dc
llm_daefa901f215,no,0.719203,False,distilroberta-base-climate-commitment,Local model,climatebert_multi_20260526T112517Z_c8b7dc
llm_b472a4e97c96,no,0.890071,False,distilroberta-base-climate-commitment,Local model,climatebert_multi_20260526T112517Z_c8b7dc
llm_f38e4c258752,no,0.873462,False,distilroberta-base-climate-commitment,Local model,climatebert_multi_20260526T112517Z_c8b7dc
llm_e0c26d86dbe3,no,0.980654,False,distilroberta-base-climate-commitment,Local model,climatebert_multi_20260526T112517Z_c8b7dc
llm_5c5543741fb5,no,0.934482,False,distilroberta-base-climate-commitment,Local model,climatebert_multi_20260526T112517Z_c8b7dc
llm_9f9f3c658c74,no,0.832946,False,distilroberta-base-climate-commitment,Local model,climatebert_multi_20260526T112517Z_c8b7dc
llm_bf0e61aec71f,no,0.881191,False,distilroberta-base-climate-commitment,Local model,climatebert_multi_20260526T112517Z_c8b7dc
llm_118bb68211ad,no,0.929138,False,distilroberta-base-climate-commitment,Local model,climatebert_multi_20260526T112517Z_c8b7dc
llm_a8f72d6f74f0,no,0.849796,False,distilroberta-base-climate-commitment,Local model,climatebert_multi_20260526T112517Z_c8b7dc
llm_c00be87163f2,no,0.793549,False,distilroberta-base-climate-commitment,Local model,climatebert_multi_20260526T112517Z_c8b7dc
llm_ead8d318a774,no,0.594089,False,distilroberta-base-climate-commitment,Local model,climatebert_multi_20260526T112517Z_c8b7dc
llm_5aad582e8c43,no,0.621674,False,distilroberta-base-climate-commitment,Local model,climatebert_multi_20260526T112517Z_c8b7dc
llm_3939dfb3be79,no,0.752192,False,distilroberta-base-climate-commitment,Local model,climatebert_multi_20260526T112517Z_c8b7dc
llm_11ebbfdb18a5,no,0.852991,False,distilroberta-base-climate-commitment,Local model,climatebert_multi_20260526T112517Z_c8b7dc
llm_9e325450c9a9,no,0.694383,False,distilroberta-base-climate-commitment,Local model,climatebert_multi_20260526T112517Z_c8b7dc
llm_f80a23d7cc81,no,0.973319,False,distilroberta-base-climate-commitment,Local model,climatebert_multi_20260526T112517Z_c8b7dc
llm_1d0ae70397f0,no,0.874329,False,distilroberta-base-climate-commitment,Local model,climatebert_multi_20260526T112517Z_c8b7dc
llm_995b6de51af3,no,0.913454,False,distilroberta-base-climate-commitment,Local model,climatebert_multi_20260526T112517Z_c8b7dc
llm_f034ff525013,no,0.863544,False,distilroberta-base-climate-commitment,Local model,climatebert_multi_20260526T112517Z_c8b7dc
llm_26ef358e650a,no,0.81492,False,distilroberta-base-climate-commitment,Local model,climatebert_multi_20260526T112517Z_c8b7dc
llm_1e2a5a4776af,no,0.981259,False,distilroberta-base-climate-commitment,Local model,climatebert_multi_20260526T112517Z_c8b7dc
llm_5c77f58a0c94,no,0.862984,False,distilroberta-base-climate-commitment,Local model,climatebert_multi_20260526T112517Z_c8b7dc
llm_840d72ff5856,no,0.897457,False,distilroberta-base-climate-commitment,Local model,climatebert_multi_20260526T112517Z_c8b7dc
llm_4cc563186bbe,no,0.900403,False,distilroberta-base-climate-commitment,Local model,climatebert_multi_20260526T112517Z_c8b7dc
llm_19644eedbdc8,no,0.98762,False,distilroberta-base-climate-commitment,Local model,climatebert_multi_20260526T112517Z_c8b7dc
llm_40400000948d,no,0.899734,False,distilroberta-base-climate-commitment,Local model,climatebert_multi_20260526T112517Z_c8b7dc
llm_d9031b87e131,no,0.818894,False,distilroberta-base-climate-commitment,Local model,climatebert_multi_20260526T112517Z_c8b7dc
llm_b92b3eaf6635,no,0.811498,False,distilroberta-base-climate-commitment,Local model,climatebert_multi_20260526T112517Z_c8b7dc
llm_88fd28e767ba,no,0.624657,False,distilroberta-base-climate-commitment,Local model,climatebert_multi_20260526T112517Z_c8b7dc
llm_babf655f86b7,no,0.575744,False,distilroberta-base-climate-commitment,Local model,climatebert_multi_20260526T112517Z_c8b7dc
llm_bea1dc1d93c0,no,0.928275,False,distilroberta-base-climate-commitment,Local model,climatebert_multi_20260526T112517Z_c8b7dc
llm_4bd3997f7837,no,0.793549,False,distilroberta-base-climate-commitment,Local model,climatebert_multi_20260526T112517Z_c8b7dc
llm_81d2fd60fe17,no,0.890339,False,distilroberta-base-climate-commitment,Local model,climatebert_multi_20260526T112517Z_c8b7dc
llm_1787c2dd9437,no,0.838253,False,distilroberta-base-climate-commitment,Local model,climatebert_multi_20260526T112517Z_c8b7dc
llm_97ed6d98448f,no,0.736614,False,distilroberta-base-climate-commitment,Local model,climatebert_multi_20260526T112517Z_c8b7dc
llm_363ceb07a9a5,no,0.734563,False,distilroberta-base-climate-commitment,Local model,climatebert_multi_20260526T112517Z_c8b7dc
llm_c2d88f73cad3,no,0.690861,False,distilroberta-base-climate-commitment,Local model,climatebert_multi_20260526T112517Z_c8b7dc
llm_c916cf6d5703,no,0.744486,False,distilroberta-base-climate-commitment,Local model,climatebert_multi_20260526T112517Z_c8b7dc
llm_b8fd45fc456e,no,0.631066,False,distilroberta-base-climate-commitment,Local model,climatebert_multi_20260526T112517Z_c8b7dc
llm_50dba7345cfd,no,0.752192,False,distilroberta-base-climate-commitment,Local model,climatebert_multi_20260526T112517Z_c8b7dc
llm_d360385b3264,no,0.765067,False,distilroberta-base-climate-commitment,Local model,climatebert_multi_20260526T112517Z_c8b7dc
llm_185311a62ec9,no,0.912753,False,distilroberta-base-climate-commitment,Local model,climatebert_multi_20260526T112517Z_c8b7dc
llm_c6a95c096da2,no,0.745098,False,distilroberta-base-climate-commitment,Local model,climatebert_multi_20260526T112517Z_c8b7dc
llm_c4057566136d,no,0.792092,False,distilroberta-base-climate-commitment,Local model,climatebert_multi_20260526T112517Z_c8b7dc
llm_282cf0182362,no,0.785267,False,distilroberta-base-climate-commitment,Local model,climatebert_multi_20260526T112517Z_c8b7dc
llm_2c717685828c,no,0.741983,False,distilroberta-base-climate-commitment,Local model,climatebert_multi_20260526T112517Z_c8b7dc
llm_ab3ac2ad84ba,no,0.83583,False,distilroberta-base-climate-commitment,Local model,climatebert_multi_20260526T112517Z_c8b7dc
llm_faa87a11b7cd,no,0.630087,False,distilroberta-base-climate-commitment,Local model,climatebert_multi_20260526T112517Z_c8b7dc
llm_7fcbce14392b,no,0.89136,False,distilroberta-base-climate-commitment,Local model,climatebert_multi_20260526T112517Z_c8b7dc
llm_36bab8bf12cb,no,0.907275,False,distilroberta-base-climate-commitment,Local model,climatebert_multi_20260526T112517Z_c8b7dc
llm_63e75f6db83d,no,0.862861,False,distilroberta-base-climate-commitment,Local model,climatebert_multi_20260526T112517Z_c8b7dc
llm_a3edce9bcc7e,no,0.963199,False,distilroberta-base-climate-commitment,Local model,climatebert_multi_20260526T112517Z_c8b7dc
llm_0a1a45f0b32a,no,0.834864,False,distilroberta-base-climate-commitment,Local model,climatebert_multi_20260526T112517Z_c8b7dc
llm_04bb990862ee,no,0.852991,False,distilroberta-base-climate-commitment,Local model,climatebert_multi_20260526T112517Z_c8b7dc
llm_83eb90424a72,no,0.694383,False,distilroberta-base-climate-commitment,Local model,climatebert_multi_20260526T112517Z_c8b7dc
llm_e925f67ba743,no,0.878692,False,distilroberta-base-climate-commitment,Local model,climatebert_multi_20260526T112517Z_c8b7dc
llm_832fb1575548,no,0.913454,False,distilroberta-base-climate-commitment,Local model,climatebert_multi_20260526T112517Z_c8b7dc
llm_97f4e392a918,no,0.863544,False,distilroberta-base-climate-commitment,Local model,climatebert_multi_20260526T112517Z_c8b7dc
llm_64246af6d8e4,no,0.981259,False,distilroberta-base-climate-commitment,Local model,climatebert_multi_20260526T112517Z_c8b7dc
llm_53884536cf43,no,0.902521,False,distilroberta-base-climate-commitment,Local model,climatebert_multi_20260526T112517Z_c8b7dc
llm_838ea897f76b,no,0.880677,False,distilroberta-base-climate-commitment,Local model,climatebert_multi_20260526T112517Z_c8b7dc
llm_c52d56287181,no,0.742876,False,distilroberta-base-climate-commitment,Local model,climatebert_multi_20260526T112517Z_c8b7dc
llm_7836cf6d4b5b,no,0.724074,False,distilroberta-base-climate-commitment,Local model,climatebert_multi_20260526T112517Z_c8b7dc
llm_e0c92c709e67,no,0.899525,False,distilroberta-base-climate-commitment,Local model,climatebert_multi_20260526T112517Z_c8b7dc
llm_f9d31c4fa6bc,no,0.898719,False,distilroberta-base-climate-commitment,Local model,climatebert_multi_20260526T112517Z_c8b7dc
llm_57b893e09b5d,no,0.907438,False,distilroberta-base-climate-commitment,Local model,climatebert_multi_20260526T112517Z_c8b7dc
llm_6a1b59558aba,no,0.899591,False,distilroberta-base-climate-commitment,Local model,climatebert_multi_20260526T112517Z_c8b7dc
llm_2bfd64156ba8,no,0.945589,False,distilroberta-base-climate-commitment,Local model,climatebert_multi_20260526T112517Z_c8b7dc
llm_f20b5f85e903,no,0.89136,False,distilroberta-base-climate-commitment,Local model,climatebert_multi_20260526T112517Z_c8b7dc
llm_c6baf505175b,no,0.907275,False,distilroberta-base-climate-commitment,Local model,climatebert_multi_20260526T112517Z_c8b7dc
llm_bbaf42ad98a2,no,0.936717,False,distilroberta-base-climate-commitment,Local model,climatebert_multi_20260526T112517Z_c8b7dc
llm_ce5d9e431cbb,no,0.986255,False,distilroberta-base-climate-commitment,Local model,climatebert_multi_20260526T112517Z_c8b7dc
llm_c4cce7033c91,no,0.910994,False,distilroberta-base-climate-commitment,Local model,climatebert_multi_20260526T112517Z_c8b7dc
llm_fe725c3c4429,no,0.848248,False,distilroberta-base-climate-commitment,Local model,climatebert_multi_20260526T112517Z_c8b7dc
llm_b60aed243352,no,0.825838,False,distilroberta-base-climate-commitment,Local model,climatebert_multi_20260526T112517Z_c8b7dc
llm_51f022cda034,no,0.711473,False,distilroberta-base-climate-commitment,Local model,climatebert_multi_20260526T112517Z_c8b7dc
llm_748e8c73f7fb,no,0.959536,False,distilroberta-base-climate-commitment,Local model,climatebert_multi_20260526T112517Z_c8b7dc
llm_f5695c30dc6d,no,0.793549,False,distilroberta-base-climate-commitment,Local model,climatebert_multi_20260526T112517Z_c8b7dc
llm_e51418d09fe0,no,0.890339,False,distilroberta-base-climate-commitment,Local model,climatebert_multi_20260526T112517Z_c8b7dc
llm_dd69d1305726,no,0.594089,False,distilroberta-base-climate-commitment,Local model,climatebert_multi_20260526T112517Z_c8b7dc
llm_66a8a4e01d5f,no,0.621674,False,distilroberta-base-climate-commitment,Local model,climatebert_multi_20260526T112517Z_c8b7dc
llm_6b8d9c5a9ddc,no,0.734563,False,distilroberta-base-climate-commitment,Local model,climatebert_multi_20260526T112517Z_c8b7dc
llm_a16b48317035,no,0.690861,False,distilroberta-base-climate-commitment,Local model,climatebert_multi_20260526T112517Z_c8b7dc
llm_52e629a6b317,no,0.744486,False,distilroberta-base-climate-commitment,Local model,climatebert_multi_20260526T112517Z_c8b7dc
llm_4756c928558a,no,0.631066,False,distilroberta-base-climate-commitment,Local model,climatebert_multi_20260526T112517Z_c8b7dc
llm_9d61cb302526,no,0.752192,False,distilroberta-base-climate-commitment,Local model,climatebert_multi_20260526T112517Z_c8b7dc
llm_e90beff8e8d3,no,0.748372,False,distilroberta-base-climate-commitment,Local model,climatebert_multi_20260526T112517Z_c8b7dc
llm_5827b09065a6,no,0.742031,False,distilroberta-base-climate-commitment,Local model,climatebert_multi_20260526T112517Z_c8b7dc
llm_93bd31f37806,no,0.698707,False,distilroberta-base-climate-commitment,Local model,climatebert_multi_20260526T112517Z_c8b7dc
llm_1ed0a5abea34,no,0.971404,False,distilroberta-base-climate-commitment,Local model,climatebert_multi_20260526T112517Z_c8b7dc
llm_7eb6a6e84c17,no,0.756814,False,distilroberta-base-climate-commitment,Local model,climatebert_multi_20260526T112517Z_c8b7dc
llm_2552447748eb,no,0.723817,False,distilroberta-base-climate-commitment,Local model,climatebert_multi_20260526T112517Z_c8b7dc
llm_098f3b3dc7a0,no,0.71416,False,distilroberta-base-climate-commitment,Local model,climatebert_multi_20260526T112517Z_c8b7dc
llm_67e38ae12766,no,0.910329,False,distilroberta-base-climate-commitment,Local model,climatebert_multi_20260526T112517Z_c8b7dc
llm_ab6e514cc468,no,0.731842,False,distilroberta-base-climate-commitment,Local model,climatebert_multi_20260526T112517Z_c8b7dc
llm_7d9693e9a2ef,no,0.839935,False,distilroberta-base-climate-commitment,Local model,climatebert_multi_20260526T112517Z_c8b7dc
llm_28b26c453e05,no,0.815976,False,distilroberta-base-climate-commitment,Local model,climatebert_multi_20260526T112517Z_c8b7dc
llm_e6ff252d43d5,no,0.975632,False,distilroberta-base-climate-commitment,Local model,climatebert_multi_20260526T112517Z_c8b7dc
llm_99b52ab4ec3b,no,0.863625,False,distilroberta-base-climate-commitment,Local model,climatebert_multi_20260526T112517Z_c8b7dc
llm_e8ded9930a50,no,0.944478,False,distilroberta-base-climate-commitment,Local model,climatebert_multi_20260526T112517Z_c8b7dc
llm_4a569e4648e5,no,0.905787,False,distilroberta-base-climate-commitment,Local model,climatebert_multi_20260526T112517Z_c8b7dc
llm_1ec05a98018a,yes,0.876262,True,distilroberta-base-climate-commitment,Local model,climatebert_multi_20260526T112517Z_c8b7dc
llm_752f36c05e89,yes,0.994592,True,distilroberta-base-climate-commitment,Local model,climatebert_multi_20260526T112517Z_c8b7dc
llm_35f0e9c1095b,no,0.952629,False,distilroberta-base-climate-commitment,Local model,climatebert_multi_20260526T112517Z_c8b7dc
llm_ad1b1603c0a2,no,0.988306,False,distilroberta-base-climate-commitment,Local model,climatebert_multi_20260526T112517Z_c8b7dc
llm_f3489786267b,yes,0.960109,True,distilroberta-base-climate-commitment,Local model,climatebert_multi_20260526T112517Z_c8b7dc
llm_ff81736ef6ac,no,0.983466,False,distilroberta-base-climate-commitment,Local model,climatebert_multi_20260526T112517Z_c8b7dc
llm_aa80ce168152,no,0.738608,False,distilroberta-base-climate-commitment,Local model,climatebert_multi_20260526T112517Z_c8b7dc
llm_f4a6a3bdce05,no,0.638719,False,distilroberta-base-climate-commitment,Local model,climatebert_multi_20260526T112517Z_c8b7dc
llm_303654c528b9,no,0.893191,False,distilroberta-base-climate-commitment,Local model,climatebert_multi_20260526T112517Z_c8b7dc
llm_aa464d017a86,no,0.632308,False,distilroberta-base-climate-commitment,Local model,climatebert_multi_20260526T112517Z_c8b7dc
llm_deae9bfcdc04,no,0.92183,False,distilroberta-base-climate-commitment,Local model,climatebert_multi_20260526T112517Z_c8b7dc
llm_7d694f7db15d,no,0.84224,False,distilroberta-base-climate-commitment,Local model,climatebert_multi_20260526T112517Z_c8b7dc
llm_44f7c40e0758,no,0.696926,False,distilroberta-base-climate-commitment,Local model,climatebert_multi_20260526T112517Z_c8b7dc
llm_984b5ca471c5,no,0.88532,False,distilroberta-base-climate-commitment,Local model,climatebert_multi_20260526T112517Z_c8b7dc
llm_c59f543b520c,no,0.704255,False,distilroberta-base-climate-commitment,Local model,climatebert_multi_20260526T112517Z_c8b7dc
llm_5796d3e45220,no,0.764381,False,distilroberta-base-climate-commitment,Local model,climatebert_multi_20260526T112517Z_c8b7dc
llm_f492982f6c77,no,0.954505,False,distilroberta-base-climate-commitment,Local model,climatebert_multi_20260526T112517Z_c8b7dc
llm_01da3d0d48f6,no,0.838678,False,distilroberta-base-climate-commitment,Local model,climatebert_multi_20260526T112517Z_c8b7dc
llm_df349043aa8d,no,0.852991,False,distilroberta-base-climate-commitment,Local model,climatebert_multi_20260526T112517Z_c8b7dc
llm_13fb9370ea6d,no,0.694383,False,distilroberta-base-climate-commitment,Local model,climatebert_multi_20260526T112517Z_c8b7dc
llm_94e36f75b436,no,0.973319,False,distilroberta-base-climate-commitment,Local model,climatebert_multi_20260526T112517Z_c8b7dc
llm_b677d7432180,no,0.878692,False,distilroberta-base-climate-commitment,Local model,climatebert_multi_20260526T112517Z_c8b7dc
llm_f6f476b87c04,no,0.913454,False,distilroberta-base-climate-commitment,Local model,climatebert_multi_20260526T112517Z_c8b7dc
llm_3e3e36523262,no,0.863544,False,distilroberta-base-climate-commitment,Local model,climatebert_multi_20260526T112517Z_c8b7dc
llm_d9381f029cbc,no,0.81492,False,distilroberta-base-climate-commitment,Local model,climatebert_multi_20260526T112517Z_c8b7dc
llm_cf31a540d772,no,0.981259,False,distilroberta-base-climate-commitment,Local model,climatebert_multi_20260526T112517Z_c8b7dc
llm_9a954461c9ad,no,0.862984,False,distilroberta-base-climate-commitment,Local model,climatebert_multi_20260526T112517Z_c8b7dc
llm_8ee39f3ff16d,no,0.882575,False,distilroberta-base-climate-commitment,Local model,climatebert_multi_20260526T112517Z_c8b7dc
llm_10f1aaa8fc2e,no,0.898719,False,distilroberta-base-climate-commitment,Local model,climatebert_multi_20260526T112517Z_c8b7dc
llm_3a0669e8b2c1,no,0.907438,False,distilroberta-base-climate-commitment,Local model,climatebert_multi_20260526T112517Z_c8b7dc
llm_5d38e628ddbd,no,0.89136,False,distilroberta-base-climate-commitment,Local model,climatebert_multi_20260526T112517Z_c8b7dc
llm_c23d88e25db3,no,0.907275,False,distilroberta-base-climate-commitment,Local model,climatebert_multi_20260526T112517Z_c8b7dc
llm_9ae5780c0145,no,0.727878,False,distilroberta-base-climate-commitment,Local model,climatebert_multi_20260526T112517Z_c8b7dc
llm_8f69906a4521,no,0.863626,False,distilroberta-base-climate-commitment,Local model,climatebert_multi_20260526T112517Z_c8b7dc
llm_bc38b4316129,no,0.928275,False,distilroberta-base-climate-commitment,Local model,climatebert_multi_20260526T112517Z_c8b7dc
llm_7f2d38329216,no,0.977434,False,distilroberta-base-climate-commitment,Local model,climatebert_multi_20260526T112517Z_c8b7dc
llm_d1b49560065e,no,0.838253,False,distilroberta-base-climate-commitment,Local model,climatebert_multi_20260526T112517Z_c8b7dc
llm_5ec37e02a527,no,0.736294,False,distilroberta-base-climate-commitment,Local model,climatebert_multi_20260526T112517Z_c8b7dc
llm_ff856aa02652,no,0.734563,False,distilroberta-base-climate-commitment,Local model,climatebert_multi_20260526T112517Z_c8b7dc
llm_2fa59132cef6,no,0.690861,False,distilroberta-base-climate-commitment,Local model,climatebert_multi_20260526T112517Z_c8b7dc
llm_dc681bbabce9,no,0.721396,False,distilroberta-base-climate-commitment,Local model,climatebert_multi_20260526T112517Z_c8b7dc
llm_4c5398a7cbb2,no,0.631066,False,distilroberta-base-climate-commitment,Local model,climatebert_multi_20260526T112517Z_c8b7dc
llm_18523df03212,no,0.752192,False,distilroberta-base-climate-commitment,Local model,climatebert_multi_20260526T112517Z_c8b7dc
llm_a035cdff5989,no,0.765067,False,distilroberta-base-climate-commitment,Local model,climatebert_multi_20260526T112517Z_c8b7dc
llm_57cfa58963c6,no,0.797147,False,distilroberta-base-climate-commitment,Local model,climatebert_multi_20260526T112517Z_c8b7dc
llm_4a2ef6274d7d,no,0.694896,False,distilroberta-base-climate-commitment,Local model,climatebert_multi_20260526T112517Z_c8b7dc
llm_29308258e41f,no,0.735955,False,distilroberta-base-climate-commitment,Local model,climatebert_multi_20260526T112517Z_c8b7dc
llm_fbd0db4ef047,no,0.729168,False,distilroberta-base-climate-commitment,Local model,climatebert_multi_20260526T112517Z_c8b7dc
llm_de2e7bd4539d,no,0.763126,False,distilroberta-base-climate-commitment,Local model,climatebert_multi_20260526T112517Z_c8b7dc
llm_8983c0ea75b8,yes,0.604847,True,distilroberta-base-climate-commitment,Local model,climatebert_multi_20260526T112517Z_c8b7dc
llm_f30c54ee21ed,no,0.842775,False,distilroberta-base-climate-commitment,Local model,climatebert_multi_20260526T112517Z_c8b7dc
llm_9c15f33e29de,yes,0.736379,True,distilroberta-base-climate-commitment,Local model,climatebert_multi_20260526T112517Z_c8b7dc
llm_77d5f9d0d8c0,no,0.821024,False,distilroberta-base-climate-commitment,Local model,climatebert_multi_20260526T112517Z_c8b7dc
llm_69ce08287111,no,0.776147,False,distilroberta-base-climate-commitment,Local model,climatebert_multi_20260526T112517Z_c8b7dc
llm_ab2d42caa2d1,no,0.881191,False,distilroberta-base-climate-commitment,Local model,climatebert_multi_20260526T112517Z_c8b7dc
llm_25aa01a97a3b,no,0.980654,False,distilroberta-base-climate-commitment,Local model,climatebert_multi_20260526T112517Z_c8b7dc
llm_17139425cb9c,no,0.934482,False,distilroberta-base-climate-commitment,Local model,climatebert_multi_20260526T112517Z_c8b7dc
llm_cd3ae002bf6f,no,0.929138,False,distilroberta-base-climate-commitment,Local model,climatebert_multi_20260526T112517Z_c8b7dc
llm_3d9b1613542c,no,0.839935,False,distilroberta-base-climate-commitment,Local model,climatebert_multi_20260526T112517Z_c8b7dc
llm_df82babe2f7e,no,0.965339,False,distilroberta-base-climate-commitment,Local model,climatebert_multi_20260526T112517Z_c8b7dc
llm_9604270aa3fd,no,0.801875,False,distilroberta-base-climate-commitment,Local model,climatebert_multi_20260526T112517Z_c8b7dc
llm_7d81245867d5,no,0.883018,False,distilroberta-base-climate-commitment,Local model,climatebert_multi_20260526T112517Z_c8b7dc
llm_a7c4dab5d30e,no,0.793922,False,distilroberta-base-climate-commitment,Local model,climatebert_multi_20260526T112517Z_c8b7dc
llm_5493fedc5cb6,no,0.865847,False,distilroberta-base-climate-commitment,Local model,climatebert_multi_20260526T112517Z_c8b7dc
llm_9085fe8f0df1,no,0.92146,False,distilroberta-base-climate-commitment,Local model,climatebert_multi_20260526T112517Z_c8b7dc
llm_9f6d66c3d3f2,no,0.893186,False,distilroberta-base-climate-commitment,Local model,climatebert_multi_20260526T112517Z_c8b7dc
llm_62dc364b578d,no,0.798822,False,distilroberta-base-climate-commitment,Local model,climatebert_multi_20260526T112517Z_c8b7dc
llm_653ce473ceb7,no,0.722649,False,distilroberta-base-climate-commitment,Local model,climatebert_multi_20260526T112517Z_c8b7dc
llm_fabdc8936337,no,0.793903,False,distilroberta-base-climate-commitment,Local model,climatebert_multi_20260526T112517Z_c8b7dc
llm_a87a81cb3385,no,0.779869,False,distilroberta-base-climate-commitment,Local model,climatebert_multi_20260526T112517Z_c8b7dc
llm_e3060563ad60,no,0.946506,False,distilroberta-base-climate-commitment,Local model,climatebert_multi_20260526T112517Z_c8b7dc
llm_f5a1b7f191a6,no,0.607336,False,distilroberta-base-climate-commitment,Local model,climatebert_multi_20260526T112517Z_c8b7dc
llm_735c86df65ee,no,0.682803,False,distilroberta-base-climate-commitment,Local model,climatebert_multi_20260526T112517Z_c8b7dc
llm_3d03eb7b031a,no,0.617752,False,distilroberta-base-climate-commitment,Local model,climatebert_multi_20260526T112517Z_c8b7dc
llm_f71f704d25f0,no,0.754138,False,distilroberta-base-climate-commitment,Local model,climatebert_multi_20260526T112517Z_c8b7dc
llm_9da14ad1c154,no,0.827791,False,distilroberta-base-climate-commitment,Local model,climatebert_multi_20260526T112517Z_c8b7dc
llm_0ce13d697164,no,0.755093,False,distilroberta-base-climate-commitment,Local model,climatebert_multi_20260526T112517Z_c8b7dc
llm_3b2f26a12400,no,0.685508,False,distilroberta-base-climate-commitment,Local model,climatebert_multi_20260526T112517Z_c8b7dc
llm_7fb1719f50e5,no,0.876257,False,distilroberta-base-climate-commitment,Local model,climatebert_multi_20260526T112517Z_c8b7dc
llm_73133a094357,no,0.72098,False,distilroberta-base-climate-commitment,Local model,climatebert_multi_20260526T112517Z_c8b7dc
llm_eb2ff36dffcb,no,0.65971,False,distilroberta-base-climate-commitment,Local model,climatebert_multi_20260526T112517Z_c8b7dc
llm_79d19d89e734,no,0.89136,False,distilroberta-base-climate-commitment,Local model,climatebert_multi_20260526T112517Z_c8b7dc
llm_e63233d67216,no,0.94765,False,distilroberta-base-climate-commitment,Local model,climatebert_multi_20260526T112517Z_c8b7dc
llm_1c838d2ff602,no,0.910659,False,distilroberta-base-climate-commitment,Local model,climatebert_multi_20260526T112517Z_c8b7dc
llm_f9334c20180f,no,0.846106,False,distilroberta-base-climate-commitment,Local model,climatebert_multi_20260526T112517Z_c8b7dc
llm_03f73e75a293,no,0.576735,False,distilroberta-base-climate-commitment,Local model,climatebert_multi_20260526T112517Z_c8b7dc
llm_b9310063224d,no,0.837401,False,distilroberta-base-climate-commitment,Local model,climatebert_multi_20260526T112517Z_c8b7dc
llm_57d23fce67af,no,0.694383,False,distilroberta-base-climate-commitment,Local model,climatebert_multi_20260526T112517Z_c8b7dc
llm_c13f541d67ce,no,0.973319,False,distilroberta-base-climate-commitment,Local model,climatebert_multi_20260526T112517Z_c8b7dc
llm_f79195cfcba0,no,0.884493,False,distilroberta-base-climate-commitment,Local model,climatebert_multi_20260526T112517Z_c8b7dc
llm_9bd149394554,no,0.878692,False,distilroberta-base-climate-commitment,Local model,climatebert_multi_20260526T112517Z_c8b7dc
llm_f26b4953c588,no,0.913454,False,distilroberta-base-climate-commitment,Local model,climatebert_multi_20260526T112517Z_c8b7dc
llm_0f9c9ec3701d,no,0.863544,False,distilroberta-base-climate-commitment,Local model,climatebert_multi_20260526T112517Z_c8b7dc
llm_a3ff0d654792,no,0.81492,False,distilroberta-base-climate-commitment,Local model,climatebert_multi_20260526T112517Z_c8b7dc
llm_99a66061a0d3,no,0.981259,False,distilroberta-base-climate-commitment,Local model,climatebert_multi_20260526T112517Z_c8b7dc
llm_280a2a194c6b,no,0.862984,False,distilroberta-base-climate-commitment,Local model,climatebert_multi_20260526T112517Z_c8b7dc
llm_1511611d6457,no,0.882575,False,distilroberta-base-climate-commitment,Local model,climatebert_multi_20260526T112517Z_c8b7dc
llm_06f89e0a668d,no,0.846888,False,distilroberta-base-climate-commitment,Local model,climatebert_multi_20260526T112517Z_c8b7dc
llm_9308165216d4,no,0.897457,False,distilroberta-base-climate-commitment,Local model,climatebert_multi_20260526T112517Z_c8b7dc
llm_5550af01eb86,yes,0.9098,True,distilroberta-base-climate-commitment,Local model,climatebert_multi_20260526T112517Z_c8b7dc
llm_4635580d54e4,no,0.89136,False,distilroberta-base-climate-commitment,Local model,climatebert_multi_20260526T112517Z_c8b7dc
llm_cef227686345,no,0.913995,False,distilroberta-base-climate-commitment,Local model,climatebert_multi_20260526T112517Z_c8b7dc
llm_d8063b955335,no,0.884792,False,distilroberta-base-climate-commitment,Local model,climatebert_multi_20260526T112517Z_c8b7dc
llm_8c96f946fd84,no,0.983369,False,distilroberta-base-climate-commitment,Local model,climatebert_multi_20260526T112517Z_c8b7dc
llm_138d8e763411,no,0.907438,False,distilroberta-base-climate-commitment,Local model,climatebert_multi_20260526T112517Z_c8b7dc
llm_01eff06fad42,no,0.693566,False,distilroberta-base-climate-commitment,Local model,climatebert_multi_20260526T112517Z_c8b7dc
llm_138cf01ce1f1,no,0.842775,False,distilroberta-base-climate-commitment,Local model,climatebert_multi_20260526T112517Z_c8b7dc
llm_8234c085881f,no,0.921628,False,distilroberta-base-climate-commitment,Local model,climatebert_multi_20260526T112517Z_c8b7dc
llm_3b876befb9d5,no,0.861289,False,distilroberta-base-climate-commitment,Local model,climatebert_multi_20260526T112517Z_c8b7dc
llm_5d72825b5ef4,no,0.980709,False,distilroberta-base-climate-commitment,Local model,climatebert_multi_20260526T112517Z_c8b7dc
llm_7d5ae38057d6,no,0.851043,False,distilroberta-base-climate-commitment,Local model,climatebert_multi_20260526T112517Z_c8b7dc
llm_44ad6f0a349c,no,0.582183,False,distilroberta-base-climate-commitment,Local model,climatebert_multi_20260526T112517Z_c8b7dc
llm_56c215a6829b,no,0.960557,False,distilroberta-base-climate-commitment,Local model,climatebert_multi_20260526T112517Z_c8b7dc
llm_b1fd230ebc12,no,0.925368,False,distilroberta-base-climate-commitment,Local model,climatebert_multi_20260526T112517Z_c8b7dc
llm_19c105551fff,no,0.779397,False,distilroberta-base-climate-commitment,Local model,climatebert_multi_20260526T112517Z_c8b7dc
llm_c68f94cf8423,no,0.633575,False,distilroberta-base-climate-commitment,Local model,climatebert_multi_20260526T112517Z_c8b7dc
llm_b60c3c269340,no,0.690861,False,distilroberta-base-climate-commitment,Local model,climatebert_multi_20260526T112517Z_c8b7dc
llm_d19795a74b60,no,0.744486,False,distilroberta-base-climate-commitment,Local model,climatebert_multi_20260526T112517Z_c8b7dc
llm_fdef319d7293,no,0.703803,False,distilroberta-base-climate-commitment,Local model,climatebert_multi_20260526T112517Z_c8b7dc
llm_4dbcb1eadee4,no,0.61196,False,distilroberta-base-climate-commitment,Local model,climatebert_multi_20260526T112517Z_c8b7dc
llm_128bc53ca4ee,no,0.752192,False,distilroberta-base-climate-commitment,Local model,climatebert_multi_20260526T112517Z_c8b7dc
llm_787e9fa6682f,no,0.748372,False,distilroberta-base-climate-commitment,Local model,climatebert_multi_20260526T112517Z_c8b7dc
llm_f07d0f0d9014,no,0.97751,False,distilroberta-base-climate-commitment,Local model,climatebert_multi_20260526T112517Z_c8b7dc
llm_146444e087bc,no,0.793549,False,distilroberta-base-climate-commitment,Local model,climatebert_multi_20260526T112517Z_c8b7dc
llm_6f4653903a4a,no,0.890339,False,distilroberta-base-climate-commitment,Local model,climatebert_multi_20260526T112517Z_c8b7dc
llm_4ce92530be4c,no,0.594089,False,distilroberta-base-climate-commitment,Local model,climatebert_multi_20260526T112517Z_c8b7dc
llm_5cddf4801932,no,0.621674,False,distilroberta-base-climate-commitment,Local model,climatebert_multi_20260526T112517Z_c8b7dc
llm_82f0d8fbae5e,no,0.770309,False,distilroberta-base-climate-commitment,Local model,climatebert_multi_20260526T112517Z_c8b7dc
llm_009a4693406d,no,0.804326,False,distilroberta-base-climate-commitment,Local model,climatebert_multi_20260526T112517Z_c8b7dc
llm_a111b6ad631d,no,0.851393,False,distilroberta-base-climate-commitment,Local model,climatebert_multi_20260526T112517Z_c8b7dc
llm_a7a6e43df3a9,no,0.815976,False,distilroberta-base-climate-commitment,Local model,climatebert_multi_20260526T112517Z_c8b7dc
llm_11d5df75fe27,no,0.975632,False,distilroberta-base-climate-commitment,Local model,climatebert_multi_20260526T112517Z_c8b7dc
llm_216b2ea3ce0e,no,0.862927,False,distilroberta-base-climate-commitment,Local model,climatebert_multi_20260526T112517Z_c8b7dc
llm_e810437641a0,no,0.944478,False,distilroberta-base-climate-commitment,Local model,climatebert_multi_20260526T112517Z_c8b7dc
llm_fd8a4ca233a5,no,0.905787,False,distilroberta-base-climate-commitment,Local model,climatebert_multi_20260526T112517Z_c8b7dc
llm_db7aad7ca9fb,no,0.956218,False,distilroberta-base-climate-commitment,Local model,climatebert_multi_20260526T112517Z_c8b7dc
llm_cbd6bee479cc,no,0.82572,False,distilroberta-base-climate-commitment,Local model,climatebert_multi_20260526T112517Z_c8b7dc
llm_aa66919cb40e,no,0.885785,False,distilroberta-base-climate-commitment,Local model,climatebert_multi_20260526T112517Z_c8b7dc
llm_e81deb11751f,no,0.804511,False,distilroberta-base-climate-commitment,Local model,climatebert_multi_20260526T112517Z_c8b7dc
llm_23cf91ec77a5,no,0.774375,False,distilroberta-base-climate-commitment,Local model,climatebert_multi_20260526T112517Z_c8b7dc
llm_4ac662a3e01f,no,0.787967,False,distilroberta-base-climate-commitment,Local model,climatebert_multi_20260526T112517Z_c8b7dc
llm_bd57b5e279c3,no,0.771888,False,distilroberta-base-climate-commitment,Local model,climatebert_multi_20260526T112517Z_c8b7dc
llm_e36cafef4c03,no,0.685508,False,distilroberta-base-climate-commitment,Local model,climatebert_multi_20260526T112517Z_c8b7dc
llm_c77ecf9ba2b7,no,0.876257,False,distilroberta-base-climate-commitment,Local model,climatebert_multi_20260526T112517Z_c8b7dc
llm_579cb2c6b95f,no,0.72098,False,distilroberta-base-climate-commitment,Local model,climatebert_multi_20260526T112517Z_c8b7dc
llm_a05a94e7fb9b,no,0.65971,False,distilroberta-base-climate-commitment,Local model,climatebert_multi_20260526T112517Z_c8b7dc
llm_202e2f326e05,no,0.722649,False,distilroberta-base-climate-commitment,Local model,climatebert_multi_20260526T112517Z_c8b7dc
llm_34dff94303b1,no,0.798822,False,distilroberta-base-climate-commitment,Local model,climatebert_multi_20260526T112517Z_c8b7dc
llm_0066ecab44df,no,0.946506,False,distilroberta-base-climate-commitment,Local model,climatebert_multi_20260526T112517Z_c8b7dc
llm_283ac11f7b04,no,0.607336,False,distilroberta-base-climate-commitment,Local model,climatebert_multi_20260526T112517Z_c8b7dc
llm_0a8f96fc0495,no,0.779869,False,distilroberta-base-climate-commitment,Local model,climatebert_multi_20260526T112517Z_c8b7dc
llm_ed79d179ad62,no,0.793903,False,distilroberta-base-climate-commitment,Local model,climatebert_multi_20260526T112517Z_c8b7dc
llm_95afffe6e961,no,0.74787,False,distilroberta-base-climate-commitment,Local model,climatebert_multi_20260526T112517Z_c8b7dc
llm_d310355ae2ef,no,0.702459,False,distilroberta-base-climate-commitment,Local model,climatebert_multi_20260526T112517Z_c8b7dc
llm_5e7c5098f635,no,0.682803,False,distilroberta-base-climate-commitment,Local model,climatebert_multi_20260526T112517Z_c8b7dc
llm_44de95417823,no,0.617752,False,distilroberta-base-climate-commitment,Local model,climatebert_multi_20260526T112517Z_c8b7dc
llm_8c83a66a2d5b,no,0.969453,False,distilroberta-base-climate-commitment,Local model,climatebert_multi_20260526T112517Z_c8b7dc
llm_31680a53979c,no,0.971661,False,distilroberta-base-climate-commitment,Local model,climatebert_multi_20260526T112517Z_c8b7dc
llm_178dc4d174d6,no,0.948577,False,distilroberta-base-climate-commitment,Local model,climatebert_multi_20260526T112517Z_c8b7dc
llm_66c33df79e75,no,0.897438,False,distilroberta-base-climate-commitment,Local model,climatebert_multi_20260526T112517Z_c8b7dc
llm_7da6d6e10cb2,no,0.897638,False,distilroberta-base-climate-commitment,Local model,climatebert_multi_20260526T112517Z_c8b7dc
llm_cc3d3be2ca8a,no,0.576735,False,distilroberta-base-climate-commitment,Local model,climatebert_multi_20260526T112517Z_c8b7dc
llm_fdfb847ff4d9,no,0.837401,False,distilroberta-base-climate-commitment,Local model,climatebert_multi_20260526T112517Z_c8b7dc
llm_4c87d2e0776b,no,0.694383,False,distilroberta-base-climate-commitment,Local model,climatebert_multi_20260526T112517Z_c8b7dc
llm_2e9004ec6a1f,no,0.973319,False,distilroberta-base-climate-commitment,Local model,climatebert_multi_20260526T112517Z_c8b7dc
llm_d3af1e0f238f,no,0.878692,False,distilroberta-base-climate-commitment,Local model,climatebert_multi_20260526T112517Z_c8b7dc
llm_ce8af640b635,no,0.913454,False,distilroberta-base-climate-commitment,Local model,climatebert_multi_20260526T112517Z_c8b7dc
llm_d64a522228d7,no,0.863544,False,distilroberta-base-climate-commitment,Local model,climatebert_multi_20260526T112517Z_c8b7dc
llm_d4655ec0d2c2,no,0.81492,False,distilroberta-base-climate-commitment,Local model,climatebert_multi_20260526T112517Z_c8b7dc
llm_6efa562c4b8a,no,0.981259,False,distilroberta-base-climate-commitment,Local model,climatebert_multi_20260526T112517Z_c8b7dc
llm_1b743223ac32,no,0.862984,False,distilroberta-base-climate-commitment,Local model,climatebert_multi_20260526T112517Z_c8b7dc
llm_4036489536e9,no,0.882575,False,distilroberta-base-climate-commitment,Local model,climatebert_multi_20260526T112517Z_c8b7dc
llm_810dbf571325,no,0.846888,False,distilroberta-base-climate-commitment,Local model,climatebert_multi_20260526T112517Z_c8b7dc
llm_7f5b1776a964,no,0.986188,False,distilroberta-base-climate-commitment,Local model,climatebert_multi_20260526T112517Z_c8b7dc
llm_4dffcb713eb6,yes,0.9098,True,distilroberta-base-climate-commitment,Local model,climatebert_multi_20260526T112517Z_c8b7dc
llm_1e5f4b9a2b73,no,0.905352,False,distilroberta-base-climate-commitment,Local model,climatebert_multi_20260526T112517Z_c8b7dc
llm_03cc1e034583,no,0.89136,False,distilroberta-base-climate-commitment,Local model,climatebert_multi_20260526T112517Z_c8b7dc
llm_339f275a85db,no,0.907275,False,distilroberta-base-climate-commitment,Local model,climatebert_multi_20260526T112517Z_c8b7dc
llm_bcdd8e16e38a,no,0.82556,False,distilroberta-base-climate-commitment,Local model,climatebert_multi_20260526T112517Z_c8b7dc
llm_ee6df65f84b0,no,0.974688,False,distilroberta-base-climate-commitment,Local model,climatebert_multi_20260526T112517Z_c8b7dc
llm_5b98fd785b60,no,0.679875,False,distilroberta-base-climate-commitment,Local model,climatebert_multi_20260526T112517Z_c8b7dc
llm_ae4091349b8e,no,0.959536,False,distilroberta-base-climate-commitment,Local model,climatebert_multi_20260526T112517Z_c8b7dc
llm_445f8684eadd,no,0.793549,False,distilroberta-base-climate-commitment,Local model,climatebert_multi_20260526T112517Z_c8b7dc
llm_9dddba3df7f5,no,0.890339,False,distilroberta-base-climate-commitment,Local model,climatebert_multi_20260526T112517Z_c8b7dc
llm_022390519b4e,no,0.594089,False,distilroberta-base-climate-commitment,Local model,climatebert_multi_20260526T112517Z_c8b7dc
llm_3a44fb3f1c33,no,0.621674,False,distilroberta-base-climate-commitment,Local model,climatebert_multi_20260526T112517Z_c8b7dc
llm_1bbbf916015d,no,0.734563,False,distilroberta-base-climate-commitment,Local model,climatebert_multi_20260526T112517Z_c8b7dc
llm_2c572adb8138,no,0.690861,False,distilroberta-base-climate-commitment,Local model,climatebert_multi_20260526T112517Z_c8b7dc
llm_6cb12a481a9a,no,0.744486,False,distilroberta-base-climate-commitment,Local model,climatebert_multi_20260526T112517Z_c8b7dc
llm_85b01a0e92f3,no,0.706894,False,distilroberta-base-climate-commitment,Local model,climatebert_multi_20260526T112517Z_c8b7dc
llm_e2a9c7192f47,no,0.631066,False,distilroberta-base-climate-commitment,Local model,climatebert_multi_20260526T112517Z_c8b7dc
llm_e1ac1d510beb,no,0.752192,False,distilroberta-base-climate-commitment,Local model,climatebert_multi_20260526T112517Z_c8b7dc
llm_df3bade8568d,no,0.748372,False,distilroberta-base-climate-commitment,Local model,climatebert_multi_20260526T112517Z_c8b7dc
llm_1265ae8e935b,no,0.797147,False,distilroberta-base-climate-commitment,Local model,climatebert_multi_20260526T112517Z_c8b7dc
llm_d3e3711054f1,no,0.738669,False,distilroberta-base-climate-commitment,Local model,climatebert_multi_20260526T112517Z_c8b7dc
llm_450a355f2d67,no,0.9216,False,distilroberta-base-climate-commitment,Local model,climatebert_multi_20260526T112517Z_c8b7dc
llm_17477a6ef955,no,0.965339,False,distilroberta-base-climate-commitment,Local model,climatebert_multi_20260526T112517Z_c8b7dc
llm_ade1638e191b,no,0.91344,False,distilroberta-base-climate-commitment,Local model,climatebert_multi_20260526T112517Z_c8b7dc
llm_7f38d4f67914,no,0.860022,False,distilroberta-base-climate-commitment,Local model,climatebert_multi_20260526T112517Z_c8b7dc
llm_64317b1be0d2,no,0.798822,False,distilroberta-base-climate-commitment,Local model,climatebert_multi_20260526T112517Z_c8b7dc
llm_a7e96623d890,no,0.946506,False,distilroberta-base-climate-commitment,Local model,climatebert_multi_20260526T112517Z_c8b7dc
llm_dfea16894872,no,0.607336,False,distilroberta-base-climate-commitment,Local model,climatebert_multi_20260526T112517Z_c8b7dc
llm_2aaede997cdc,no,0.779869,False,distilroberta-base-climate-commitment,Local model,climatebert_multi_20260526T112517Z_c8b7dc
llm_d87fa2edb3a4,no,0.793903,False,distilroberta-base-climate-commitment,Local model,climatebert_multi_20260526T112517Z_c8b7dc
llm_d6ced8a2ac81,no,0.682803,False,distilroberta-base-climate-commitment,Local model,climatebert_multi_20260526T112517Z_c8b7dc
llm_9e0e1045a96a,no,0.617752,False,distilroberta-base-climate-commitment,Local model,climatebert_multi_20260526T112517Z_c8b7dc
llm_634fd11134d5,no,0.753918,False,distilroberta-base-climate-commitment,Local model,climatebert_multi_20260526T112517Z_c8b7dc
llm_e4605d06a20e,no,0.774375,False,distilroberta-base-climate-commitment,Local model,climatebert_multi_20260526T112517Z_c8b7dc
llm_c3ad3048bba4,no,0.685508,False,distilroberta-base-climate-commitment,Local model,climatebert_multi_20260526T112517Z_c8b7dc
llm_39b72b6c9403,no,0.876257,False,distilroberta-base-climate-commitment,Local model,climatebert_multi_20260526T112517Z_c8b7dc
llm_93d716d382b1,no,0.65971,False,distilroberta-base-climate-commitment,Local model,climatebert_multi_20260526T112517Z_c8b7dc
llm_0c00d4571f44,yes,0.604847,True,distilroberta-base-climate-commitment,Local model,climatebert_multi_20260526T112517Z_c8b7dc
llm_911f53806073,no,0.900637,False,distilroberta-base-climate-commitment,Local model,climatebert_multi_20260526T112517Z_c8b7dc
llm_7aeeea17e5f3,no,0.683931,False,distilroberta-base-climate-commitment,Local model,climatebert_multi_20260526T112517Z_c8b7dc
llm_dfdb929bd9c4,no,0.842775,False,distilroberta-base-climate-commitment,Local model,climatebert_multi_20260526T112517Z_c8b7dc
llm_bb6a0a7a3320,no,0.846658,False,distilroberta-base-climate-commitment,Local model,climatebert_multi_20260526T112517Z_c8b7dc
llm_73bccedd0d05,no,0.808816,False,distilroberta-base-climate-commitment,Local model,climatebert_multi_20260526T112517Z_c8b7dc
llm_a64ea07c5a61,no,0.560271,False,distilroberta-base-climate-commitment,Local model,climatebert_multi_20260526T112517Z_c8b7dc
llm_1d066335ac9f,no,0.886402,False,distilroberta-base-climate-commitment,Local model,climatebert_multi_20260526T112517Z_c8b7dc
llm_3e7b37291b65,no,0.851043,False,distilroberta-base-climate-commitment,Local model,climatebert_multi_20260526T112517Z_c8b7dc
llm_49e1768ab5bd,no,0.898719,False,distilroberta-base-climate-commitment,Local model,climatebert_multi_20260526T112517Z_c8b7dc
llm_ea425e281c66,no,0.82556,False,distilroberta-base-climate-commitment,Local model,climatebert_multi_20260526T112517Z_c8b7dc
llm_08cd6bfe3892,no,0.974688,False,distilroberta-base-climate-commitment,Local model,climatebert_multi_20260526T112517Z_c8b7dc
llm_e32b211e1ca4,no,0.887586,False,distilroberta-base-climate-commitment,Local model,climatebert_multi_20260526T112517Z_c8b7dc
llm_9e6ba8b43366,no,0.852991,False,distilroberta-base-climate-commitment,Local model,climatebert_multi_20260526T112517Z_c8b7dc
llm_62d5b7a13fa5,no,0.694383,False,distilroberta-base-climate-commitment,Local model,climatebert_multi_20260526T112517Z_c8b7dc
llm_0f544d4e9d3b,no,0.973319,False,distilroberta-base-climate-commitment,Local model,climatebert_multi_20260526T112517Z_c8b7dc
llm_9349e97d691a,no,0.878692,False,distilroberta-base-climate-commitment,Local model,climatebert_multi_20260526T112517Z_c8b7dc
llm_1bf707131ed1,no,0.913454,False,distilroberta-base-climate-commitment,Local model,climatebert_multi_20260526T112517Z_c8b7dc
llm_4cb7b4acf0fd,no,0.863544,False,distilroberta-base-climate-commitment,Local model,climatebert_multi_20260526T112517Z_c8b7dc
llm_378a564999fc,no,0.81492,False,distilroberta-base-climate-commitment,Local model,climatebert_multi_20260526T112517Z_c8b7dc
llm_edf2a88846a6,no,0.981259,False,distilroberta-base-climate-commitment,Local model,climatebert_multi_20260526T112517Z_c8b7dc
llm_a8b361af64d3,no,0.862984,False,distilroberta-base-climate-commitment,Local model,climatebert_multi_20260526T112517Z_c8b7dc
llm_e7ae386799ef,no,0.882575,False,distilroberta-base-climate-commitment,Local model,climatebert_multi_20260526T112517Z_c8b7dc
llm_fcf9496bf479,yes,0.9098,True,distilroberta-base-climate-commitment,Local model,climatebert_multi_20260526T112517Z_c8b7dc
llm_d8314c3dbe00,no,0.900702,False,distilroberta-base-climate-commitment,Local model,climatebert_multi_20260526T112517Z_c8b7dc
llm_cd7033afbe5e,no,0.769489,False,distilroberta-base-climate-commitment,Local model,climatebert_multi_20260526T112517Z_c8b7dc
llm_3c5ea2aadb5e,no,0.897457,False,distilroberta-base-climate-commitment,Local model,climatebert_multi_20260526T112517Z_c8b7dc
llm_712923325b32,no,0.880468,False,distilroberta-base-climate-commitment,Local model,climatebert_multi_20260526T112517Z_c8b7dc
llm_3b654087649a,no,0.696553,False,distilroberta-base-climate-commitment,Local model,climatebert_multi_20260526T112517Z_c8b7dc
llm_f4867e6997b4,no,0.881807,False,distilroberta-base-climate-commitment,Local model,climatebert_multi_20260526T112517Z_c8b7dc
llm_43a37bb1d311,no,0.706238,False,distilroberta-base-climate-commitment,Local model,climatebert_multi_20260526T112517Z_c8b7dc
llm_d7b21041a4e2,no,0.633186,False,distilroberta-base-climate-commitment,Local model,climatebert_multi_20260526T112517Z_c8b7dc
llm_f1cb344a793f,no,0.803267,False,distilroberta-base-climate-commitment,Local model,climatebert_multi_20260526T112517Z_c8b7dc
llm_710f447a833f,no,0.92657,False,distilroberta-base-climate-commitment,Local model,climatebert_multi_20260526T112517Z_c8b7dc
llm_7961b801aacc,no,0.960003,False,distilroberta-base-climate-commitment,Local model,climatebert_multi_20260526T112517Z_c8b7dc
llm_78a75881a95c,no,0.886135,False,distilroberta-base-climate-commitment,Local model,climatebert_multi_20260526T112517Z_c8b7dc
llm_3076ba3d2164,no,0.975726,False,distilroberta-base-climate-commitment,Local model,climatebert_multi_20260526T112517Z_c8b7dc
llm_0c6a26186056,no,0.944062,False,distilroberta-base-climate-commitment,Local model,climatebert_multi_20260526T112517Z_c8b7dc
llm_98f0e2ee55a4,no,0.673534,False,distilroberta-base-climate-commitment,Local model,climatebert_multi_20260526T112517Z_c8b7dc
llm_f1e6258d8401,no,0.816614,False,distilroberta-base-climate-commitment,Local model,climatebert_multi_20260526T112517Z_c8b7dc
llm_9a09c134fb0a,no,0.785492,False,distilroberta-base-climate-commitment,Local model,climatebert_multi_20260526T112517Z_c8b7dc
llm_57db61fc4239,no,0.786861,False,distilroberta-base-climate-commitment,Local model,climatebert_multi_20260526T112517Z_c8b7dc
llm_1f0d4e6eef50,no,0.789347,False,distilroberta-base-climate-commitment,Local model,climatebert_multi_20260526T112517Z_c8b7dc
llm_bc3278394bf2,no,0.856207,False,distilroberta-base-climate-commitment,Local model,climatebert_multi_20260526T112517Z_c8b7dc
llm_62c73239f338,no,0.794028,False,distilroberta-base-climate-commitment,Local model,climatebert_multi_20260526T112517Z_c8b7dc
llm_aa902a47fa5b,no,0.831425,False,distilroberta-base-climate-commitment,Local model,climatebert_multi_20260526T112517Z_c8b7dc
llm_7965c5d74d26,no,0.929138,False,distilroberta-base-climate-commitment,Local model,climatebert_multi_20260526T112517Z_c8b7dc
llm_ef8639c6f7c7,no,0.89136,False,distilroberta-base-climate-commitment,Local model,climatebert_multi_20260526T112517Z_c8b7dc
llm_f49ae3d136a9,no,0.907275,False,distilroberta-base-climate-commitment,Local model,climatebert_multi_20260526T112517Z_c8b7dc
llm_dc217974bc00,no,0.907438,False,distilroberta-base-climate-commitment,Local model,climatebert_multi_20260526T112517Z_c8b7dc
llm_a097a6637204,no,0.727878,False,distilroberta-base-climate-commitment,Local model,climatebert_multi_20260526T112517Z_c8b7dc
llm_b97f22ad23ee,no,0.898719,False,distilroberta-base-climate-commitment,Local model,climatebert_multi_20260526T112517Z_c8b7dc
llm_b72237460400,no,0.967205,False,distilroberta-base-climate-commitment,Local model,climatebert_multi_20260526T112517Z_c8b7dc
llm_62d75abd0cbb,no,0.885785,False,distilroberta-base-climate-commitment,Local model,climatebert_multi_20260526T112517Z_c8b7dc
llm_a63d1e5f2059,no,0.804511,False,distilroberta-base-climate-commitment,Local model,climatebert_multi_20260526T112517Z_c8b7dc
llm_63208943c12c,no,0.690444,False,distilroberta-base-climate-commitment,Local model,climatebert_multi_20260526T112517Z_c8b7dc
llm_7cd2c3696180,no,0.876001,False,distilroberta-base-climate-commitment,Local model,climatebert_multi_20260526T112517Z_c8b7dc
llm_b0fd21c7c770,no,0.917708,False,distilroberta-base-climate-commitment,Local model,climatebert_multi_20260526T112517Z_c8b7dc
llm_473243774c63,no,0.710589,False,distilroberta-base-climate-commitment,Local model,climatebert_multi_20260526T112517Z_c8b7dc
llm_7929f17c7722,no,0.825531,False,distilroberta-base-climate-commitment,Local model,climatebert_multi_20260526T112517Z_c8b7dc
llm_afc328dba004,no,0.887147,False,distilroberta-base-climate-commitment,Local model,climatebert_multi_20260526T112517Z_c8b7dc
llm_6c808c3bc198,no,0.867438,False,distilroberta-base-climate-commitment,Local model,climatebert_multi_20260526T112517Z_c8b7dc
llm_b00faafb1564,no,0.89136,False,distilroberta-base-climate-commitment,Local model,climatebert_multi_20260526T112517Z_c8b7dc
llm_2465423aabf5,no,0.913995,False,distilroberta-base-climate-commitment,Local model,climatebert_multi_20260526T112517Z_c8b7dc
llm_b53f70d7d347,no,0.898719,False,distilroberta-base-climate-commitment,Local model,climatebert_multi_20260526T112517Z_c8b7dc
llm_ebde4278637f,no,0.907438,False,distilroberta-base-climate-commitment,Local model,climatebert_multi_20260526T112517Z_c8b7dc
llm_5d92a50097c0,no,0.89136,False,distilroberta-base-climate-commitment,Local model,climatebert_multi_20260526T112517Z_c8b7dc
llm_5daf4303f7b5,no,0.913995,False,distilroberta-base-climate-commitment,Local model,climatebert_multi_20260526T112517Z_c8b7dc
llm_8e5ff536a2eb,no,0.727878,False,distilroberta-base-climate-commitment,Local model,climatebert_multi_20260526T112517Z_c8b7dc
llm_f16964702808,no,0.82556,False,distilroberta-base-climate-commitment,Local model,climatebert_multi_20260526T112517Z_c8b7dc
llm_d02ef6325f44,no,0.983369,False,distilroberta-base-climate-commitment,Local model,climatebert_multi_20260526T112517Z_c8b7dc
llm_e2d47c2ac30f,no,0.92657,False,distilroberta-base-climate-commitment,Local model,climatebert_multi_20260526T112517Z_c8b7dc
llm_8b99cc7f955a,no,0.961358,False,distilroberta-base-climate-commitment,Local model,climatebert_multi_20260526T112517Z_c8b7dc
llm_57a941a2eb5a,no,0.886135,False,distilroberta-base-climate-commitment,Local model,climatebert_multi_20260526T112517Z_c8b7dc
llm_64a581e22b9e,no,0.975726,False,distilroberta-base-climate-commitment,Local model,climatebert_multi_20260526T112517Z_c8b7dc
llm_dfcf8cc16101,no,0.942138,False,distilroberta-base-climate-commitment,Local model,climatebert_multi_20260526T112517Z_c8b7dc
llm_b3c2a1222ec2,no,0.816614,False,distilroberta-base-climate-commitment,Local model,climatebert_multi_20260526T112517Z_c8b7dc
llm_4c0d60eaaf05,no,0.785492,False,distilroberta-base-climate-commitment,Local model,climatebert_multi_20260526T112517Z_c8b7dc
llm_cdc1e69cc62a,no,0.786861,False,distilroberta-base-climate-commitment,Local model,climatebert_multi_20260526T112517Z_c8b7dc
llm_fda21a088e17,no,0.789347,False,distilroberta-base-climate-commitment,Local model,climatebert_multi_20260526T112517Z_c8b7dc
llm_2e157ab55723,no,0.856207,False,distilroberta-base-climate-commitment,Local model,climatebert_multi_20260526T112517Z_c8b7dc
llm_4e854c7e0549,no,0.794028,False,distilroberta-base-climate-commitment,Local model,climatebert_multi_20260526T112517Z_c8b7dc
llm_60d92e45942b,no,0.831425,False,distilroberta-base-climate-commitment,Local model,climatebert_multi_20260526T112517Z_c8b7dc
llm_2928d8bbd861,no,0.929138,False,distilroberta-base-climate-commitment,Local model,climatebert_multi_20260526T112517Z_c8b7dc
llm_e3b55172a5c8,no,0.908037,False,distilroberta-base-climate-commitment,Local model,climatebert_multi_20260526T112517Z_c8b7dc
llm_7d88d7e62f25,no,0.873327,False,distilroberta-base-climate-commitment,Local model,climatebert_multi_20260526T112517Z_c8b7dc
llm_c1605bb6ef5b,no,0.89136,False,distilroberta-base-climate-commitment,Local model,climatebert_multi_20260526T112517Z_c8b7dc
llm_bc55c2cdcc9f,no,0.913995,False,distilroberta-base-climate-commitment,Local model,climatebert_multi_20260526T112517Z_c8b7dc
llm_25b213e82ee2,no,0.82556,False,distilroberta-base-climate-commitment,Local model,climatebert_multi_20260526T112517Z_c8b7dc
llm_705b08975b6a,no,0.974688,False,distilroberta-base-climate-commitment,Local model,climatebert_multi_20260526T112517Z_c8b7dc
llm_4f4f0148d5c1,no,0.854025,False,distilroberta-base-climate-commitment,Local model,climatebert_multi_20260526T112517Z_c8b7dc
llm_0d6978805a17,no,0.89136,False,distilroberta-base-climate-commitment,Local model,climatebert_multi_20260526T112517Z_c8b7dc
llm_e83b80a94ad8,no,0.913995,False,distilroberta-base-climate-commitment,Local model,climatebert_multi_20260526T112517Z_c8b7dc
llm_cdfa6099df95,no,0.900637,False,distilroberta-base-climate-commitment,Local model,climatebert_multi_20260526T112517Z_c8b7dc
llm_5c1187a38a1b,no,0.802014,False,distilroberta-base-climate-commitment,Local model,climatebert_multi_20260526T112517Z_c8b7dc
llm_4d414bae6adc,no,0.982812,False,distilroberta-base-climate-commitment,Local model,climatebert_multi_20260526T112517Z_c8b7dc
llm_ec65189737c3,no,0.851043,False,distilroberta-base-climate-commitment,Local model,climatebert_multi_20260526T112517Z_c8b7dc
llm_7cdf3b242667,no,0.92657,False,distilroberta-base-climate-commitment,Local model,climatebert_multi_20260526T112517Z_c8b7dc
llm_5b024a838d8e,no,0.977434,False,distilroberta-base-climate-commitment,Local model,climatebert_multi_20260526T112517Z_c8b7dc
llm_b474ca426a1d,no,0.594089,False,distilroberta-base-climate-commitment,Local model,climatebert_multi_20260526T112517Z_c8b7dc
llm_c89c5e794979,no,0.736294,False,distilroberta-base-climate-commitment,Local model,climatebert_multi_20260526T112517Z_c8b7dc
llm_cfe0b0389515,no,0.734563,False,distilroberta-base-climate-commitment,Local model,climatebert_multi_20260526T112517Z_c8b7dc
llm_056f4c64e25a,no,0.690861,False,distilroberta-base-climate-commitment,Local model,climatebert_multi_20260526T112517Z_c8b7dc
llm_893785dc70db,no,0.744486,False,distilroberta-base-climate-commitment,Local model,climatebert_multi_20260526T112517Z_c8b7dc
llm_fb1635043db4,no,0.631066,False,distilroberta-base-climate-commitment,Local model,climatebert_multi_20260526T112517Z_c8b7dc
llm_dea79d6f0d5e,no,0.752192,False,distilroberta-base-climate-commitment,Local model,climatebert_multi_20260526T112517Z_c8b7dc
llm_b7a7403bd723,no,0.748372,False,distilroberta-base-climate-commitment,Local model,climatebert_multi_20260526T112517Z_c8b7dc
llm_baf52ce45c3d,no,0.969578,False,distilroberta-base-climate-commitment,Local model,climatebert_multi_20260526T112517Z_c8b7dc
llm_aaddc146f9d1,no,0.619739,False,distilroberta-base-climate-commitment,Local model,climatebert_multi_20260526T112517Z_c8b7dc
llm_81e07f68c060,no,0.669332,False,distilroberta-base-climate-commitment,Local model,climatebert_multi_20260526T112517Z_c8b7dc
llm_b5978bcc9f03,no,0.590994,False,distilroberta-base-climate-commitment,Local model,climatebert_multi_20260526T112517Z_c8b7dc
llm_46732ba2096f,no,0.657474,False,distilroberta-base-climate-commitment,Local model,climatebert_multi_20260526T112517Z_c8b7dc
llm_3856f5a48396,yes,0.604847,True,distilroberta-base-climate-commitment,Local model,climatebert_multi_20260526T112517Z_c8b7dc
llm_8cb0c014a47c,no,0.900637,False,distilroberta-base-climate-commitment,Local model,climatebert_multi_20260526T112517Z_c8b7dc
llm_1516c2941b2c,no,0.842775,False,distilroberta-base-climate-commitment,Local model,climatebert_multi_20260526T112517Z_c8b7dc
llm_62676f6e237f,no,0.683931,False,distilroberta-base-climate-commitment,Local model,climatebert_multi_20260526T112517Z_c8b7dc
llm_92a4fd0b3c63,no,0.576735,False,distilroberta-base-climate-commitment,Local model,climatebert_multi_20260526T112517Z_c8b7dc
llm_e56f63c61c4f,no,0.694383,False,distilroberta-base-climate-commitment,Local model,climatebert_multi_20260526T112517Z_c8b7dc
llm_490ea1fa5dab,no,0.973319,False,distilroberta-base-climate-commitment,Local model,climatebert_multi_20260526T112517Z_c8b7dc
llm_04e4c242c652,no,0.874329,False,distilroberta-base-climate-commitment,Local model,climatebert_multi_20260526T112517Z_c8b7dc
llm_d519a71010e1,no,0.913454,False,distilroberta-base-climate-commitment,Local model,climatebert_multi_20260526T112517Z_c8b7dc
llm_4b0978fa03fb,no,0.863544,False,distilroberta-base-climate-commitment,Local model,climatebert_multi_20260526T112517Z_c8b7dc
llm_f8279344fbbd,no,0.811557,False,distilroberta-base-climate-commitment,Local model,climatebert_multi_20260526T112517Z_c8b7dc
llm_da5d3c2309ba,no,0.981259,False,distilroberta-base-climate-commitment,Local model,climatebert_multi_20260526T112517Z_c8b7dc
llm_fd56ec40d214,no,0.862984,False,distilroberta-base-climate-commitment,Local model,climatebert_multi_20260526T112517Z_c8b7dc
llm_61a253aea179,no,0.882575,False,distilroberta-base-climate-commitment,Local model,climatebert_multi_20260526T112517Z_c8b7dc
llm_6419555ef6b5,yes,0.9098,True,distilroberta-base-climate-commitment,Local model,climatebert_multi_20260526T112517Z_c8b7dc
llm_1807e92911d6,no,0.900702,False,distilroberta-base-climate-commitment,Local model,climatebert_multi_20260526T112517Z_c8b7dc
llm_3bcbf106f317,no,0.897457,False,distilroberta-base-climate-commitment,Local model,climatebert_multi_20260526T112517Z_c8b7dc
llm_9a4a69305153,no,0.89136,False,distilroberta-base-climate-commitment,Local model,climatebert_multi_20260526T112517Z_c8b7dc
llm_0ed038c6b61f,no,0.90541,False,distilroberta-base-climate-commitment,Local model,climatebert_multi_20260526T112517Z_c8b7dc
llm_5c79abd06df7,no,0.900292,False,distilroberta-base-climate-commitment,Local model,climatebert_multi_20260526T112517Z_c8b7dc
llm_b5d9439e3e21,no,0.800347,False,distilroberta-base-climate-commitment,Local model,climatebert_multi_20260526T112517Z_c8b7dc
llm_6d1e11540c2c,no,0.834385,False,distilroberta-base-climate-commitment,Local model,climatebert_multi_20260526T112517Z_c8b7dc
llm_2456aecd1aa7,no,0.856659,False,distilroberta-base-climate-commitment,Local model,climatebert_multi_20260526T112517Z_c8b7dc
llm_e89b6175b02c,no,0.75694,False,distilroberta-base-climate-commitment,Local model,climatebert_multi_20260526T112517Z_c8b7dc
llm_f58ab085fbd5,no,0.744959,False,distilroberta-base-climate-commitment,Local model,climatebert_multi_20260526T112517Z_c8b7dc
llm_5cce6e534cf5,no,0.852991,False,distilroberta-base-climate-commitment,Local model,climatebert_multi_20260526T112517Z_c8b7dc
llm_a669817a75c7,no,0.694383,False,distilroberta-base-climate-commitment,Local model,climatebert_multi_20260526T112517Z_c8b7dc
llm_dd57d11988e6,no,0.973319,False,distilroberta-base-climate-commitment,Local model,climatebert_multi_20260526T112517Z_c8b7dc
llm_1d36ce9de213,no,0.878692,False,distilroberta-base-climate-commitment,Local model,climatebert_multi_20260526T112517Z_c8b7dc
llm_08c2933e812d,no,0.913454,False,distilroberta-base-climate-commitment,Local model,climatebert_multi_20260526T112517Z_c8b7dc
llm_96af477fcfbd,no,0.863544,False,distilroberta-base-climate-commitment,Local model,climatebert_multi_20260526T112517Z_c8b7dc
llm_570adbaf8b26,no,0.811557,False,distilroberta-base-climate-commitment,Local model,climatebert_multi_20260526T112517Z_c8b7dc
llm_d33731916e07,no,0.981259,False,distilroberta-base-climate-commitment,Local model,climatebert_multi_20260526T112517Z_c8b7dc
llm_fd8e8313c929,no,0.862984,False,distilroberta-base-climate-commitment,Local model,climatebert_multi_20260526T112517Z_c8b7dc
llm_db99b0c8ecec,yes,0.9098,True,distilroberta-base-climate-commitment,Local model,climatebert_multi_20260526T112517Z_c8b7dc
llm_866fe60d3ed1,no,0.897457,False,distilroberta-base-climate-commitment,Local model,climatebert_multi_20260526T112517Z_c8b7dc
llm_83e651691171,no,0.862927,False,distilroberta-base-climate-commitment,Local model,climatebert_multi_20260526T112517Z_c8b7dc
llm_5411ea32a30b,no,0.956218,False,distilroberta-base-climate-commitment,Local model,climatebert_multi_20260526T112517Z_c8b7dc
llm_2dde6f26d3d7,no,0.82572,False,distilroberta-base-climate-commitment,Local model,climatebert_multi_20260526T112517Z_c8b7dc
llm_0f738d7ce2d5,no,0.885785,False,distilroberta-base-climate-commitment,Local model,climatebert_multi_20260526T112517Z_c8b7dc
llm_84684677e29a,no,0.804511,False,distilroberta-base-climate-commitment,Local model,climatebert_multi_20260526T112517Z_c8b7dc
llm_116ccd0d5aca,no,0.823293,False,distilroberta-base-climate-commitment,Local model,climatebert_multi_20260526T112517Z_c8b7dc
llm_b66eec2d4ae9,no,0.840353,False,distilroberta-base-climate-commitment,Local model,climatebert_multi_20260526T112517Z_c8b7dc
llm_1261b67fbe88,no,0.937155,False,distilroberta-base-climate-commitment,Local model,climatebert_multi_20260526T112517Z_c8b7dc
llm_8ef9a0c8ad4a,no,0.685508,False,distilroberta-base-climate-commitment,Local model,climatebert_multi_20260526T112517Z_c8b7dc
llm_f913e0f7ca2b,no,0.876257,False,distilroberta-base-climate-commitment,Local model,climatebert_multi_20260526T112517Z_c8b7dc
llm_9cc5d73e32ac,no,0.694896,False,distilroberta-base-climate-commitment,Local model,climatebert_multi_20260526T112517Z_c8b7dc
llm_e9af0d9e8460,no,0.798822,False,distilroberta-base-climate-commitment,Local model,climatebert_multi_20260526T112517Z_c8b7dc
llm_336556a35767,no,0.946506,False,distilroberta-base-climate-commitment,Local model,climatebert_multi_20260526T112517Z_c8b7dc
llm_cb774fe93a87,no,0.607336,False,distilroberta-base-climate-commitment,Local model,climatebert_multi_20260526T112517Z_c8b7dc
llm_340f46ddf237,no,0.779869,False,distilroberta-base-climate-commitment,Local model,climatebert_multi_20260526T112517Z_c8b7dc
llm_939aa123be80,no,0.793903,False,distilroberta-base-climate-commitment,Local model,climatebert_multi_20260526T112517Z_c8b7dc
llm_811584aeb5f6,no,0.722649,False,distilroberta-base-climate-commitment,Local model,climatebert_multi_20260526T112517Z_c8b7dc
llm_2685623c0b9b,no,0.66368,False,distilroberta-base-climate-commitment,Local model,climatebert_multi_20260526T112517Z_c8b7dc
llm_99da167d0879,no,0.682803,False,distilroberta-base-climate-commitment,Local model,climatebert_multi_20260526T112517Z_c8b7dc
llm_9e02f0ed930a,no,0.624362,False,distilroberta-base-climate-commitment,Local model,climatebert_multi_20260526T112517Z_c8b7dc
llm_ca09838d7341,no,0.89136,False,distilroberta-base-climate-commitment,Local model,climatebert_multi_20260526T112517Z_c8b7dc
llm_0ad2f153cd07,no,0.907275,False,distilroberta-base-climate-commitment,Local model,climatebert_multi_20260526T112517Z_c8b7dc
llm_9c1b2cf62b8c,no,0.907438,False,distilroberta-base-climate-commitment,Local model,climatebert_multi_20260526T112517Z_c8b7dc
llm_ebffea692b7a,no,0.968145,False,distilroberta-base-climate-commitment,Local model,climatebert_multi_20260526T112517Z_c8b7dc
llm_ce828003eab6,no,0.89136,False,distilroberta-base-climate-commitment,Local model,climatebert_multi_20260526T112517Z_c8b7dc
llm_150d85801eba,no,0.913995,False,distilroberta-base-climate-commitment,Local model,climatebert_multi_20260526T112517Z_c8b7dc
llm_e2d1863b2ad0,no,0.727878,False,distilroberta-base-climate-commitment,Local model,climatebert_multi_20260526T112517Z_c8b7dc
llm_a6d84ba8be6c,no,0.898719,False,distilroberta-base-climate-commitment,Local model,climatebert_multi_20260526T112517Z_c8b7dc
llm_bc48880f3256,no,0.907438,False,distilroberta-base-climate-commitment,Local model,climatebert_multi_20260526T112517Z_c8b7dc
llm_0608ca61e651,no,0.976843,False,distilroberta-base-climate-commitment,Local model,climatebert_multi_20260526T112517Z_c8b7dc
llm_97d2823698ec,no,0.89136,False,distilroberta-base-climate-commitment,Local model,climatebert_multi_20260526T112517Z_c8b7dc
llm_bfe4c0a3c65e,no,0.913995,False,distilroberta-base-climate-commitment,Local model,climatebert_multi_20260526T112517Z_c8b7dc
llm_e24d718312e1,no,0.907438,False,distilroberta-base-climate-commitment,Local model,climatebert_multi_20260526T112517Z_c8b7dc
llm_fbbe0d09365c,no,0.976843,False,distilroberta-base-climate-commitment,Local model,climatebert_multi_20260526T112517Z_c8b7dc
llm_ce38e9f88cbd,no,0.577065,False,distilroberta-base-climate-commitment,Local model,climatebert_multi_20260526T112517Z_c8b7dc
llm_c5ecf8c99242,no,0.541459,False,distilroberta-base-climate-commitment,Local model,climatebert_multi_20260526T112517Z_c8b7dc
llm_89a15179ae91,no,0.777639,False,distilroberta-base-climate-commitment,Local model,climatebert_multi_20260526T112517Z_c8b7dc
llm_0d50f3e00b4d,no,0.727878,False,distilroberta-base-climate-commitment,Local model,climatebert_multi_20260526T112517Z_c8b7dc
llm_e112b814246e,no,0.98082,False,distilroberta-base-climate-commitment,Local model,climatebert_multi_20260526T112517Z_c8b7dc
llm_ead29540c757,no,0.907438,False,distilroberta-base-climate-commitment,Local model,climatebert_multi_20260526T112517Z_c8b7dc
llm_1927c2b34a2c,no,0.898719,False,distilroberta-base-climate-commitment,Local model,climatebert_multi_20260526T112517Z_c8b7dc
llm_fc3a11f77d0f,no,0.759117,False,distilroberta-base-climate-commitment,Local model,climatebert_multi_20260526T112517Z_c8b7dc
llm_d195693dfcf5,no,0.807698,False,distilroberta-base-climate-commitment,Local model,climatebert_multi_20260526T112517Z_c8b7dc
llm_6ec28db012c8,no,0.89136,False,distilroberta-base-climate-commitment,Local model,climatebert_multi_20260526T112517Z_c8b7dc
llm_5c0612b9c295,no,0.918088,False,distilroberta-base-climate-commitment,Local model,climatebert_multi_20260526T112517Z_c8b7dc
llm_8a86aff2e413,yes,0.582061,True,distilroberta-base-climate-commitment,Local model,climatebert_multi_20260526T112517Z_c8b7dc
llm_642af2344cde,yes,0.874428,True,distilroberta-base-climate-commitment,Local model,climatebert_multi_20260526T112517Z_c8b7dc
llm_7a3368a29f5d,yes,0.986375,True,distilroberta-base-climate-commitment,Local model,climatebert_multi_20260526T112517Z_c8b7dc
llm_5214c02a6b96,no,0.940333,False,distilroberta-base-climate-commitment,Local model,climatebert_multi_20260526T112517Z_c8b7dc
llm_57c208eb6390,no,0.852991,False,distilroberta-base-climate-commitment,Local model,climatebert_multi_20260526T112517Z_c8b7dc
llm_d9a5c8e02e61,no,0.694383,False,distilroberta-base-climate-commitment,Local model,climatebert_multi_20260526T112517Z_c8b7dc
llm_6a4f2d1b3117,no,0.878692,False,distilroberta-base-climate-commitment,Local model,climatebert_multi_20260526T112517Z_c8b7dc
llm_0e7e3fde32e7,no,0.913454,False,distilroberta-base-climate-commitment,Local model,climatebert_multi_20260526T112517Z_c8b7dc
llm_dfda7e65d5e5,no,0.863544,False,distilroberta-base-climate-commitment,Local model,climatebert_multi_20260526T112517Z_c8b7dc
llm_3a267fffff72,no,0.981259,False,distilroberta-base-climate-commitment,Local model,climatebert_multi_20260526T112517Z_c8b7dc
llm_db1eb64e3fc8,yes,0.9098,True,distilroberta-base-climate-commitment,Local model,climatebert_multi_20260526T112517Z_c8b7dc
llm_8c2dada694ce,no,0.897457,False,distilroberta-base-climate-commitment,Local model,climatebert_multi_20260526T112517Z_c8b7dc
llm_19da286b1b36,no,0.92657,False,distilroberta-base-climate-commitment,Local model,climatebert_multi_20260526T112517Z_c8b7dc
llm_a53d045ae5d4,no,0.960003,False,distilroberta-base-climate-commitment,Local model,climatebert_multi_20260526T112517Z_c8b7dc
llm_bd578d9d3f4c,no,0.886135,False,distilroberta-base-climate-commitment,Local model,climatebert_multi_20260526T112517Z_c8b7dc
llm_91337eafb63f,no,0.975726,False,distilroberta-base-climate-commitment,Local model,climatebert_multi_20260526T112517Z_c8b7dc
llm_5178e481c33f,no,0.896077,False,distilroberta-base-climate-commitment,Local model,climatebert_multi_20260526T112517Z_c8b7dc
llm_49eeae837ba7,no,0.800726,False,distilroberta-base-climate-commitment,Local model,climatebert_multi_20260526T112517Z_c8b7dc
llm_ce3f51ab54af,no,0.785492,False,distilroberta-base-climate-commitment,Local model,climatebert_multi_20260526T112517Z_c8b7dc
llm_80f28f9ba741,no,0.786861,False,distilroberta-base-climate-commitment,Local model,climatebert_multi_20260526T112517Z_c8b7dc
llm_5b2a8e97f7ba,no,0.805082,False,distilroberta-base-climate-commitment,Local model,climatebert_multi_20260526T112517Z_c8b7dc
llm_00828cea8d08,no,0.750117,False,distilroberta-base-climate-commitment,Local model,climatebert_multi_20260526T112517Z_c8b7dc
llm_4fdbeb633154,no,0.794028,False,distilroberta-base-climate-commitment,Local model,climatebert_multi_20260526T112517Z_c8b7dc
llm_04a4bb1423f5,no,0.770692,False,distilroberta-base-climate-commitment,Local model,climatebert_multi_20260526T112517Z_c8b7dc
llm_af153f0d2cec,no,0.929138,False,distilroberta-base-climate-commitment,Local model,climatebert_multi_20260526T112517Z_c8b7dc
llm_9ea7fc3318d2,no,0.85488,False,distilroberta-base-climate-commitment,Local model,climatebert_multi_20260526T112517Z_c8b7dc
llm_2843616c0757,no,0.799971,False,distilroberta-base-climate-commitment,Local model,climatebert_multi_20260526T112517Z_c8b7dc
llm_89b2f727b62b,no,0.995729,False,distilroberta-base-climate-commitment,Local model,climatebert_multi_20260526T112517Z_c8b7dc
llm_259a754ad2f7,no,0.693129,False,distilroberta-base-climate-commitment,Local model,climatebert_multi_20260526T112517Z_c8b7dc
llm_cc5357eef245,no,0.997844,False,distilroberta-base-climate-commitment,Local model,climatebert_multi_20260526T112517Z_c8b7dc
llm_8b8f87561036,no,0.98631,False,distilroberta-base-climate-commitment,Local model,climatebert_multi_20260526T112517Z_c8b7dc
llm_57049f2384f8,yes,0.833528,True,distilroberta-base-climate-commitment,Local model,climatebert_multi_20260526T112517Z_c8b7dc
llm_643bfa630457,yes,0.71552,True,distilroberta-base-climate-commitment,Local model,climatebert_multi_20260526T112517Z_c8b7dc
llm_52b9453fdc04,yes,0.892365,True,distilroberta-base-climate-commitment,Local model,climatebert_multi_20260526T112517Z_c8b7dc
llm_c4826c933efa,yes,0.633249,True,distilroberta-base-climate-commitment,Local model,climatebert_multi_20260526T112517Z_c8b7dc
llm_3c7036c2ecb8,no,0.800175,False,distilroberta-base-climate-commitment,Local model,climatebert_multi_20260526T112517Z_c8b7dc
llm_5de154d8101d,no,0.994374,False,distilroberta-base-climate-commitment,Local model,climatebert_multi_20260526T112517Z_c8b7dc
llm_49e31c82a025,no,0.869141,False,distilroberta-base-climate-commitment,Local model,climatebert_multi_20260526T112517Z_c8b7dc
llm_e80e004ace93,no,0.652388,False,distilroberta-base-climate-commitment,Local model,climatebert_multi_20260526T112517Z_c8b7dc
llm_c12198c0f53a,yes,0.604847,True,distilroberta-base-climate-commitment,Local model,climatebert_multi_20260526T112517Z_c8b7dc
llm_9d0599d33743,no,0.842775,False,distilroberta-base-climate-commitment,Local model,climatebert_multi_20260526T112517Z_c8b7dc
llm_eff23d7fa2a2,no,0.759117,False,distilroberta-base-climate-commitment,Local model,climatebert_multi_20260526T112517Z_c8b7dc
llm_d779f849051b,no,0.898719,False,distilroberta-base-climate-commitment,Local model,climatebert_multi_20260526T112517Z_c8b7dc
llm_5937bf94ffc4,no,0.852991,False,distilroberta-base-climate-commitment,Local model,climatebert_multi_20260526T112517Z_c8b7dc
llm_27d908559e5a,no,0.694383,False,distilroberta-base-climate-commitment,Local model,climatebert_multi_20260526T112517Z_c8b7dc
llm_4e278cc4e948,no,0.878692,False,distilroberta-base-climate-commitment,Local model,climatebert_multi_20260526T112517Z_c8b7dc
llm_917dce9c1af5,no,0.913454,False,distilroberta-base-climate-commitment,Local model,climatebert_multi_20260526T112517Z_c8b7dc
llm_b70abf843992,no,0.863544,False,distilroberta-base-climate-commitment,Local model,climatebert_multi_20260526T112517Z_c8b7dc
llm_60892f82318d,no,0.81492,False,distilroberta-base-climate-commitment,Local model,climatebert_multi_20260526T112517Z_c8b7dc
llm_136dc2a9f4de,no,0.981259,False,distilroberta-base-climate-commitment,Local model,climatebert_multi_20260526T112517Z_c8b7dc
llm_2c18b2fad5d0,no,0.862984,False,distilroberta-base-climate-commitment,Local model,climatebert_multi_20260526T112517Z_c8b7dc
llm_e22d042ea17c,no,0.882575,False,distilroberta-base-climate-commitment,Local model,climatebert_multi_20260526T112517Z_c8b7dc
llm_0f488c4e7899,no,0.866553,False,distilroberta-base-climate-commitment,Local model,climatebert_multi_20260526T112517Z_c8b7dc
llm_5708da7e5f1a,no,0.898719,False,distilroberta-base-climate-commitment,Local model,climatebert_multi_20260526T112517Z_c8b7dc
llm_191cb0d036d3,no,0.759117,False,distilroberta-base-climate-commitment,Local model,climatebert_multi_20260526T112517Z_c8b7dc
llm_a7046d8a5d77,no,0.89136,False,distilroberta-base-climate-commitment,Local model,climatebert_multi_20260526T112517Z_c8b7dc
llm_5c4c975b9cdd,no,0.907275,False,distilroberta-base-climate-commitment,Local model,climatebert_multi_20260526T112517Z_c8b7dc
llm_c16b7cbcffaa,no,0.89136,False,distilroberta-base-climate-commitment,Local model,climatebert_multi_20260526T112517Z_c8b7dc
llm_5aa3831962ce,no,0.907275,False,distilroberta-base-climate-commitment,Local model,climatebert_multi_20260526T112517Z_c8b7dc
llm_5772fc4ab974,no,0.918088,False,distilroberta-base-climate-commitment,Local model,climatebert_multi_20260526T112517Z_c8b7dc
llm_c125867d4e46,no,0.850117,False,distilroberta-base-climate-commitment,Local model,climatebert_multi_20260526T112517Z_c8b7dc
llm_d7a316b5b09a,no,0.907438,False,distilroberta-base-climate-commitment,Local model,climatebert_multi_20260526T112517Z_c8b7dc
llm_6649c0185ab4,no,0.791236,False,distilroberta-base-climate-commitment,Local model,climatebert_multi_20260526T112517Z_c8b7dc
llm_1d803195e7fc,no,0.948437,False,distilroberta-base-climate-commitment,Local model,climatebert_multi_20260526T112517Z_c8b7dc
llm_d04ad332e578,no,0.936919,False,distilroberta-base-climate-commitment,Local model,climatebert_multi_20260526T112517Z_c8b7dc
llm_ae941a909293,no,0.833116,False,distilroberta-base-climate-commitment,Local model,climatebert_multi_20260526T112517Z_c8b7dc
llm_7da90ca33a77,no,0.836407,False,distilroberta-base-climate-commitment,Local model,climatebert_multi_20260526T112517Z_c8b7dc
llm_e63f0ece27d6,no,0.843474,False,distilroberta-base-climate-commitment,Local model,climatebert_multi_20260526T112517Z_c8b7dc
llm_72d736c5d88b,no,0.863626,False,distilroberta-base-climate-commitment,Local model,climatebert_multi_20260526T112517Z_c8b7dc
llm_cae475467b25,no,0.983369,False,distilroberta-base-climate-commitment,Local model,climatebert_multi_20260526T112517Z_c8b7dc
llm_ef65c35676b8,no,0.576735,False,distilroberta-base-climate-commitment,Local model,climatebert_multi_20260526T112517Z_c8b7dc
llm_6099570be3ad,no,0.694383,False,distilroberta-base-climate-commitment,Local model,climatebert_multi_20260526T112517Z_c8b7dc
llm_bd3e552ca151,no,0.878692,False,distilroberta-base-climate-commitment,Local model,climatebert_multi_20260526T112517Z_c8b7dc
llm_c5c181abbee9,no,0.913454,False,distilroberta-base-climate-commitment,Local model,climatebert_multi_20260526T112517Z_c8b7dc
llm_2d9532330258,no,0.863544,False,distilroberta-base-climate-commitment,Local model,climatebert_multi_20260526T112517Z_c8b7dc
llm_f073d2e27c5c,no,0.811557,False,distilroberta-base-climate-commitment,Local model,climatebert_multi_20260526T112517Z_c8b7dc
llm_6ed6b8f753be,no,0.981259,False,distilroberta-base-climate-commitment,Local model,climatebert_multi_20260526T112517Z_c8b7dc
llm_f96949f657ff,no,0.862984,False,distilroberta-base-climate-commitment,Local model,climatebert_multi_20260526T112517Z_c8b7dc
llm_e64dca2846b9,no,0.883906,False,distilroberta-base-climate-commitment,Local model,climatebert_multi_20260526T112517Z_c8b7dc
llm_36c42d803475,no,0.852991,False,distilroberta-base-climate-commitment,Local model,climatebert_multi_20260526T112517Z_c8b7dc
llm_f886f7aaa428,no,0.694383,False,distilroberta-base-climate-commitment,Local model,climatebert_multi_20260526T112517Z_c8b7dc
llm_3d9350fad88b,no,0.878692,False,distilroberta-base-climate-commitment,Local model,climatebert_multi_20260526T112517Z_c8b7dc
llm_7f4468e84a04,no,0.913454,False,distilroberta-base-climate-commitment,Local model,climatebert_multi_20260526T112517Z_c8b7dc
llm_c9c01d80dcee,no,0.863544,False,distilroberta-base-climate-commitment,Local model,climatebert_multi_20260526T112517Z_c8b7dc
llm_38f2d2dfd21e,no,0.81492,False,distilroberta-base-climate-commitment,Local model,climatebert_multi_20260526T112517Z_c8b7dc
llm_c2d14c650cee,no,0.981259,False,distilroberta-base-climate-commitment,Local model,climatebert_multi_20260526T112517Z_c8b7dc
llm_83e57a7546fb,no,0.862984,False,distilroberta-base-climate-commitment,Local model,climatebert_multi_20260526T112517Z_c8b7dc
llm_d439a191f046,no,0.882575,False,distilroberta-base-climate-commitment,Local model,climatebert_multi_20260526T112517Z_c8b7dc
llm_d9d90140cb0c,no,0.846888,False,distilroberta-base-climate-commitment,Local model,climatebert_multi_20260526T112517Z_c8b7dc
llm_3382df26efc7,no,0.575744,False,distilroberta-base-climate-commitment,Local model,climatebert_multi_20260526T112517Z_c8b7dc
llm_93639832601d,no,0.89136,False,distilroberta-base-climate-commitment,Local model,climatebert_multi_20260526T112517Z_c8b7dc
llm_a7e74a458fec,no,0.907275,False,distilroberta-base-climate-commitment,Local model,climatebert_multi_20260526T112517Z_c8b7dc
llm_ce1267fd02b1,no,0.907438,False,distilroberta-base-climate-commitment,Local model,climatebert_multi_20260526T112517Z_c8b7dc
llm_0c5bfd7df96f,no,0.89136,False,distilroberta-base-climate-commitment,Local model,climatebert_multi_20260526T112517Z_c8b7dc
llm_c5395960e114,no,0.913995,False,distilroberta-base-climate-commitment,Local model,climatebert_multi_20260526T112517Z_c8b7dc
llm_17f78400a235,no,0.863626,False,distilroberta-base-climate-commitment,Local model,climatebert_multi_20260526T112517Z_c8b7dc
llm_5767f6dec6ca,no,0.907438,False,distilroberta-base-climate-commitment,Local model,climatebert_multi_20260526T112517Z_c8b7dc
llm_484ced1cc043,no,0.791236,False,distilroberta-base-climate-commitment,Local model,climatebert_multi_20260526T112517Z_c8b7dc
llm_0daa01aa22eb,no,0.852991,False,distilroberta-base-climate-commitment,Local model,climatebert_multi_20260526T112517Z_c8b7dc
llm_b7674dc474da,no,0.694383,False,distilroberta-base-climate-commitment,Local model,climatebert_multi_20260526T112517Z_c8b7dc
llm_0b51c1f36f58,no,0.878692,False,distilroberta-base-climate-commitment,Local model,climatebert_multi_20260526T112517Z_c8b7dc
llm_a1c0c49fd606,no,0.913454,False,distilroberta-base-climate-commitment,Local model,climatebert_multi_20260526T112517Z_c8b7dc
llm_7592c8f8d586,no,0.863544,False,distilroberta-base-climate-commitment,Local model,climatebert_multi_20260526T112517Z_c8b7dc
llm_76bf1b01dfee,no,0.81492,False,distilroberta-base-climate-commitment,Local model,climatebert_multi_20260526T112517Z_c8b7dc
llm_55fe6639e8cc,no,0.981259,False,distilroberta-base-climate-commitment,Local model,climatebert_multi_20260526T112517Z_c8b7dc
llm_ee5e043432be,no,0.862984,False,distilroberta-base-climate-commitment,Local model,climatebert_multi_20260526T112517Z_c8b7dc
llm_5f614b4ede79,no,0.868571,False,distilroberta-base-climate-commitment,Local model,climatebert_multi_20260526T112517Z_c8b7dc
llm_80fd3d33c017,yes,0.9098,True,distilroberta-base-climate-commitment,Local model,climatebert_multi_20260526T112517Z_c8b7dc
llm_8b70d92d1b21,no,0.900702,False,distilroberta-base-climate-commitment,Local model,climatebert_multi_20260526T112517Z_c8b7dc
llm_2d840be84ef8,no,0.897457,False,distilroberta-base-climate-commitment,Local model,climatebert_multi_20260526T112517Z_c8b7dc
llm_c3d837da153f,no,0.89136,False,distilroberta-base-climate-commitment,Local model,climatebert_multi_20260526T112517Z_c8b7dc
llm_9659c6f71178,no,0.913995,False,distilroberta-base-climate-commitment,Local model,climatebert_multi_20260526T112517Z_c8b7dc
llm_79d5b16b5641,no,0.898719,False,distilroberta-base-climate-commitment,Local model,climatebert_multi_20260526T112517Z_c8b7dc
llm_921386dd75d5,no,0.907438,False,distilroberta-base-climate-commitment,Local model,climatebert_multi_20260526T112517Z_c8b7dc
llm_b59a42372863,no,0.951478,False,distilroberta-base-climate-commitment,Local model,climatebert_multi_20260526T112517Z_c8b7dc
llm_7181312d1301,no,0.992823,False,distilroberta-base-climate-commitment,Local model,climatebert_multi_20260526T112517Z_c8b7dc
llm_25a976f0e14c,no,0.87888,False,distilroberta-base-climate-commitment,Local model,climatebert_multi_20260526T112517Z_c8b7dc
llm_61b63a037b69,no,0.776949,False,distilroberta-base-climate-commitment,Local model,climatebert_multi_20260526T112517Z_c8b7dc
llm_d5c699e45a73,no,0.713383,False,distilroberta-base-climate-commitment,Local model,climatebert_multi_20260526T112517Z_c8b7dc
llm_c11f18e04ee9,no,0.879676,False,distilroberta-base-climate-commitment,Local model,climatebert_multi_20260526T112517Z_c8b7dc
llm_e24ea787fca1,no,0.913454,False,distilroberta-base-climate-commitment,Local model,climatebert_multi_20260526T112517Z_c8b7dc
llm_6bff72e09a12,no,0.878365,False,distilroberta-base-climate-commitment,Local model,climatebert_multi_20260526T112517Z_c8b7dc
llm_c6b4cdbb904f,no,0.811557,False,distilroberta-base-climate-commitment,Local model,climatebert_multi_20260526T112517Z_c8b7dc
llm_d005d64d4009,no,0.984564,False,distilroberta-base-climate-commitment,Local model,climatebert_multi_20260526T112517Z_c8b7dc
llm_ab913d63f9f6,no,0.862984,False,distilroberta-base-climate-commitment,Local model,climatebert_multi_20260526T112517Z_c8b7dc
llm_6c04073017cd,no,0.897457,False,distilroberta-base-climate-commitment,Local model,climatebert_multi_20260526T112517Z_c8b7dc
llm_f569fe659dfc,yes,0.9098,True,distilroberta-base-climate-commitment,Local model,climatebert_multi_20260526T112517Z_c8b7dc
llm_9b24084a89b8,no,0.89752,False,distilroberta-base-climate-commitment,Local model,climatebert_multi_20260526T112517Z_c8b7dc
llm_d30682b18ac3,no,0.973319,False,distilroberta-base-climate-commitment,Local model,climatebert_multi_20260526T112517Z_c8b7dc
llm_8a565c35d5ef,yes,0.604847,True,distilroberta-base-climate-commitment,Local model,climatebert_multi_20260526T112517Z_c8b7dc
llm_13efee9e4959,no,0.89136,False,distilroberta-base-climate-commitment,Local model,climatebert_multi_20260526T112517Z_c8b7dc
llm_b204c9f72341,no,0.852991,False,distilroberta-base-climate-commitment,Local model,climatebert_multi_20260526T112517Z_c8b7dc
llm_862db1cbddfd,no,0.694383,False,distilroberta-base-climate-commitment,Local model,climatebert_multi_20260526T112517Z_c8b7dc
llm_dfbfcfd7a5f7,no,0.973319,False,distilroberta-base-climate-commitment,Local model,climatebert_multi_20260526T112517Z_c8b7dc
llm_499a1e910f51,no,0.884493,False,distilroberta-base-climate-commitment,Local model,climatebert_multi_20260526T112517Z_c8b7dc
llm_e73ddf549242,no,0.878692,False,distilroberta-base-climate-commitment,Local model,climatebert_multi_20260526T112517Z_c8b7dc
llm_6e98d119d384,no,0.913454,False,distilroberta-base-climate-commitment,Local model,climatebert_multi_20260526T112517Z_c8b7dc
llm_72a0b63e4492,no,0.863544,False,distilroberta-base-climate-commitment,Local model,climatebert_multi_20260526T112517Z_c8b7dc
llm_272438f9732e,no,0.81492,False,distilroberta-base-climate-commitment,Local model,climatebert_multi_20260526T112517Z_c8b7dc
llm_d55e257bb9fc,no,0.981259,False,distilroberta-base-climate-commitment,Local model,climatebert_multi_20260526T112517Z_c8b7dc
llm_53244d6c55e2,no,0.862984,False,distilroberta-base-climate-commitment,Local model,climatebert_multi_20260526T112517Z_c8b7dc
llm_8fe7a99bd1a5,no,0.882575,False,distilroberta-base-climate-commitment,Local model,climatebert_multi_20260526T112517Z_c8b7dc
llm_c46c39abe17d,no,0.846888,False,distilroberta-base-climate-commitment,Local model,climatebert_multi_20260526T112517Z_c8b7dc
llm_97ed762bfdb3,no,0.89136,False,distilroberta-base-climate-commitment,Local model,climatebert_multi_20260526T112517Z_c8b7dc
llm_eeded10fed7e,no,0.913995,False,distilroberta-base-climate-commitment,Local model,climatebert_multi_20260526T112517Z_c8b7dc
llm_2363519883e2,no,0.798291,False,distilroberta-base-climate-commitment,Local model,climatebert_multi_20260526T112517Z_c8b7dc
llm_84acc68eee8c,no,0.983369,False,distilroberta-base-climate-commitment,Local model,climatebert_multi_20260526T112517Z_c8b7dc
llm_85150e669923,no,0.907438,False,distilroberta-base-climate-commitment,Local model,climatebert_multi_20260526T112517Z_c8b7dc
llm_7eca4c0e83a2,no,0.898719,False,distilroberta-base-climate-commitment,Local model,climatebert_multi_20260526T112517Z_c8b7dc
llm_c1db0cab537e,no,0.842775,False,distilroberta-base-climate-commitment,Local model,climatebert_multi_20260526T112517Z_c8b7dc
llm_974e7211858c,no,0.843799,False,distilroberta-base-climate-commitment,Local model,climatebert_multi_20260526T112517Z_c8b7dc
llm_52f671c05b82,no,0.898719,False,distilroberta-base-climate-commitment,Local model,climatebert_multi_20260526T112517Z_c8b7dc
llm_b98fe651d5c6,no,0.907438,False,distilroberta-base-climate-commitment,Local model,climatebert_multi_20260526T112517Z_c8b7dc
llm_40b5ec8004ad,no,0.852991,False,distilroberta-base-climate-commitment,Local model,climatebert_multi_20260526T112517Z_c8b7dc
llm_b70319bb374a,no,0.837401,False,distilroberta-base-climate-commitment,Local model,climatebert_multi_20260526T112517Z_c8b7dc
llm_6d998ff67dac,no,0.694383,False,distilroberta-base-climate-commitment,Local model,climatebert_multi_20260526T112517Z_c8b7dc
llm_0fc7b807c27b,no,0.973319,False,distilroberta-base-climate-commitment,Local model,climatebert_multi_20260526T112517Z_c8b7dc
llm_0fe655973048,no,0.884493,False,distilroberta-base-climate-commitment,Local model,climatebert_multi_20260526T112517Z_c8b7dc
llm_25b76097da51,no,0.878692,False,distilroberta-base-climate-commitment,Local model,climatebert_multi_20260526T112517Z_c8b7dc
llm_f76182302d97,no,0.913454,False,distilroberta-base-climate-commitment,Local model,climatebert_multi_20260526T112517Z_c8b7dc
llm_cbf5c95e39a6,no,0.863544,False,distilroberta-base-climate-commitment,Local model,climatebert_multi_20260526T112517Z_c8b7dc
llm_0c425d806024,no,0.81492,False,distilroberta-base-climate-commitment,Local model,climatebert_multi_20260526T112517Z_c8b7dc
llm_9d9eef38b118,no,0.981259,False,distilroberta-base-climate-commitment,Local model,climatebert_multi_20260526T112517Z_c8b7dc
llm_631daaadca1e,no,0.862984,False,distilroberta-base-climate-commitment,Local model,climatebert_multi_20260526T112517Z_c8b7dc
llm_49963c52d161,no,0.882575,False,distilroberta-base-climate-commitment,Local model,climatebert_multi_20260526T112517Z_c8b7dc
llm_f4929284af4c,no,0.846888,False,distilroberta-base-climate-commitment,Local model,climatebert_multi_20260526T112517Z_c8b7dc
llm_b42eee6e7a50,no,0.89136,False,distilroberta-base-climate-commitment,Local model,climatebert_multi_20260526T112517Z_c8b7dc
llm_daf62b4b9c70,no,0.913995,False,distilroberta-base-climate-commitment,Local model,climatebert_multi_20260526T112517Z_c8b7dc
llm_b95ccc914151,no,0.82556,False,distilroberta-base-climate-commitment,Local model,climatebert_multi_20260526T112517Z_c8b7dc
llm_4478d7ad1be3,no,0.898719,False,distilroberta-base-climate-commitment,Local model,climatebert_multi_20260526T112517Z_c8b7dc
llm_1446808bb129,no,0.980654,False,distilroberta-base-climate-commitment,Local model,climatebert_multi_20260526T112517Z_c8b7dc
llm_51d0b899dfa1,no,0.934482,False,distilroberta-base-climate-commitment,Local model,climatebert_multi_20260526T112517Z_c8b7dc
llm_6b4102187ccb,no,0.832946,False,distilroberta-base-climate-commitment,Local model,climatebert_multi_20260526T112517Z_c8b7dc
llm_e5b7e6edb01f,no,0.881191,False,distilroberta-base-climate-commitment,Local model,climatebert_multi_20260526T112517Z_c8b7dc
llm_da227205d6be,no,0.929138,False,distilroberta-base-climate-commitment,Local model,climatebert_multi_20260526T112517Z_c8b7dc
llm_0c368456220e,no,0.85488,False,distilroberta-base-climate-commitment,Local model,climatebert_multi_20260526T112517Z_c8b7dc
llm_db0694aaefac,no,0.852991,False,distilroberta-base-climate-commitment,Local model,climatebert_multi_20260526T112517Z_c8b7dc
llm_3e24d21a7e61,no,0.694383,False,distilroberta-base-climate-commitment,Local model,climatebert_multi_20260526T112517Z_c8b7dc
llm_3d21cfaaa8d7,no,0.973319,False,distilroberta-base-climate-commitment,Local model,climatebert_multi_20260526T112517Z_c8b7dc
llm_9328bf6b9375,no,0.878692,False,distilroberta-base-climate-commitment,Local model,climatebert_multi_20260526T112517Z_c8b7dc
llm_36dc21886fef,no,0.913454,False,distilroberta-base-climate-commitment,Local model,climatebert_multi_20260526T112517Z_c8b7dc
llm_1de17b33f8ad,no,0.863544,False,distilroberta-base-climate-commitment,Local model,climatebert_multi_20260526T112517Z_c8b7dc
llm_e80cef962cfb,no,0.81492,False,distilroberta-base-climate-commitment,Local model,climatebert_multi_20260526T112517Z_c8b7dc
llm_26b9b19d4f79,no,0.981259,False,distilroberta-base-climate-commitment,Local model,climatebert_multi_20260526T112517Z_c8b7dc
llm_7182c3b17604,no,0.862984,False,distilroberta-base-climate-commitment,Local model,climatebert_multi_20260526T112517Z_c8b7dc
llm_cc89c179175a,yes,0.9098,True,distilroberta-base-climate-commitment,Local model,climatebert_multi_20260526T112517Z_c8b7dc
llm_5fe6171a79b5,no,0.94144,False,distilroberta-base-climate-commitment,Local model,climatebert_multi_20260526T112517Z_c8b7dc
llm_f79e970cbcf1,no,0.756356,False,distilroberta-base-climate-commitment,Local model,climatebert_multi_20260526T112517Z_c8b7dc
llm_eecfb60bfe1c,no,0.758171,False,distilroberta-base-climate-commitment,Local model,climatebert_multi_20260526T112517Z_c8b7dc
llm_8c693baa3d98,no,0.880468,False,distilroberta-base-climate-commitment,Local model,climatebert_multi_20260526T112517Z_c8b7dc
llm_5bdc1ee4b901,no,0.696553,False,distilroberta-base-climate-commitment,Local model,climatebert_multi_20260526T112517Z_c8b7dc
llm_bdfd22b53999,no,0.852991,False,distilroberta-base-climate-commitment,Local model,climatebert_multi_20260526T112517Z_c8b7dc
llm_a9437da40550,no,0.694383,False,distilroberta-base-climate-commitment,Local model,climatebert_multi_20260526T112517Z_c8b7dc
llm_67a9c482295f,no,0.973319,False,distilroberta-base-climate-commitment,Local model,climatebert_multi_20260526T112517Z_c8b7dc
llm_ddccbd691a12,no,0.878692,False,distilroberta-base-climate-commitment,Local model,climatebert_multi_20260526T112517Z_c8b7dc
llm_bdfad8942782,no,0.913454,False,distilroberta-base-climate-commitment,Local model,climatebert_multi_20260526T112517Z_c8b7dc
llm_f3077122562f,no,0.863544,False,distilroberta-base-climate-commitment,Local model,climatebert_multi_20260526T112517Z_c8b7dc
llm_224fcc152e3c,no,0.81492,False,distilroberta-base-climate-commitment,Local model,climatebert_multi_20260526T112517Z_c8b7dc
llm_0d2a383b7e40,no,0.981259,False,distilroberta-base-climate-commitment,Local model,climatebert_multi_20260526T112517Z_c8b7dc
llm_c54fb5c84895,no,0.862984,False,distilroberta-base-climate-commitment,Local model,climatebert_multi_20260526T112517Z_c8b7dc
llm_b7733b449dff,no,0.882575,False,distilroberta-base-climate-commitment,Local model,climatebert_multi_20260526T112517Z_c8b7dc
llm_b5a6177948e8,no,0.951295,False,distilroberta-base-climate-commitment,Local model,climatebert_multi_20260526T112517Z_c8b7dc
llm_7d5c176aadb7,no,0.852991,False,distilroberta-base-climate-commitment,Local model,climatebert_multi_20260526T112517Z_c8b7dc
llm_cb671996dca0,no,0.694383,False,distilroberta-base-climate-commitment,Local model,climatebert_multi_20260526T112517Z_c8b7dc
llm_f6fdd7227f64,no,0.973319,False,distilroberta-base-climate-commitment,Local model,climatebert_multi_20260526T112517Z_c8b7dc
llm_917fe0b41f91,no,0.878692,False,distilroberta-base-climate-commitment,Local model,climatebert_multi_20260526T112517Z_c8b7dc
llm_2e58bfe6dce6,no,0.913454,False,distilroberta-base-climate-commitment,Local model,climatebert_multi_20260526T112517Z_c8b7dc
llm_ddce5bf8df81,no,0.863544,False,distilroberta-base-climate-commitment,Local model,climatebert_multi_20260526T112517Z_c8b7dc
llm_4b38ab37c504,no,0.81492,False,distilroberta-base-climate-commitment,Local model,climatebert_multi_20260526T112517Z_c8b7dc
llm_fb9b4bc85817,no,0.981259,False,distilroberta-base-climate-commitment,Local model,climatebert_multi_20260526T112517Z_c8b7dc
llm_43c49edf0176,no,0.862984,False,distilroberta-base-climate-commitment,Local model,climatebert_multi_20260526T112517Z_c8b7dc
llm_7b75ef23a149,no,0.882575,False,distilroberta-base-climate-commitment,Local model,climatebert_multi_20260526T112517Z_c8b7dc
llm_de271b27c34a,no,0.846888,False,distilroberta-base-climate-commitment,Local model,climatebert_multi_20260526T112517Z_c8b7dc
llm_c31e45932b71,no,0.852991,False,distilroberta-base-climate-commitment,Local model,climatebert_multi_20260526T112517Z_c8b7dc
llm_7f0325cf8569,no,0.694383,False,distilroberta-base-climate-commitment,Local model,climatebert_multi_20260526T112517Z_c8b7dc
llm_395707567483,no,0.973319,False,distilroberta-base-climate-commitment,Local model,climatebert_multi_20260526T112517Z_c8b7dc
llm_24a9591f4134,no,0.878692,False,distilroberta-base-climate-commitment,Local model,climatebert_multi_20260526T112517Z_c8b7dc
llm_4ceec14ffde8,no,0.913454,False,distilroberta-base-climate-commitment,Local model,climatebert_multi_20260526T112517Z_c8b7dc
llm_6ff715114da7,no,0.863544,False,distilroberta-base-climate-commitment,Local model,climatebert_multi_20260526T112517Z_c8b7dc
llm_567649fe1390,no,0.81492,False,distilroberta-base-climate-commitment,Local model,climatebert_multi_20260526T112517Z_c8b7dc
llm_9feca2c97705,no,0.981259,False,distilroberta-base-climate-commitment,Local model,climatebert_multi_20260526T112517Z_c8b7dc
llm_0ac2e0bbc3f2,no,0.862984,False,distilroberta-base-climate-commitment,Local model,climatebert_multi_20260526T112517Z_c8b7dc
llm_2609ec0265c6,no,0.882575,False,distilroberta-base-climate-commitment,Local model,climatebert_multi_20260526T112517Z_c8b7dc
llm_0ecf1592ef1d,yes,0.9098,True,distilroberta-base-climate-commitment,Local model,climatebert_multi_20260526T112517Z_c8b7dc
llm_11a78362e6bb,no,0.843258,False,distilroberta-base-climate-commitment,Local model,climatebert_multi_20260526T112517Z_c8b7dc
llm_7c0c1bb93431,no,0.89136,False,distilroberta-base-climate-commitment,Local model,climatebert_multi_20260526T112517Z_c8b7dc
llm_72d87a812f8e,no,0.913995,False,distilroberta-base-climate-commitment,Local model,climatebert_multi_20260526T112517Z_c8b7dc
llm_7f3a4058e211,no,0.82556,False,distilroberta-base-climate-commitment,Local model,climatebert_multi_20260526T112517Z_c8b7dc
llm_8f901d882dfc,no,0.983369,False,distilroberta-base-climate-commitment,Local model,climatebert_multi_20260526T112517Z_c8b7dc
llm_24d5cc793f53,no,0.907438,False,distilroberta-base-climate-commitment,Local model,climatebert_multi_20260526T112517Z_c8b7dc
llm_a31a17ee4db8,no,0.852991,False,distilroberta-base-climate-commitment,Local model,climatebert_multi_20260526T112517Z_c8b7dc
llm_6e5face6e3c2,no,0.694383,False,distilroberta-base-climate-commitment,Local model,climatebert_multi_20260526T112517Z_c8b7dc
llm_6ad94840e9bb,no,0.878692,False,distilroberta-base-climate-commitment,Local model,climatebert_multi_20260526T112517Z_c8b7dc
llm_3c13888ea3a6,no,0.913454,False,distilroberta-base-climate-commitment,Local model,climatebert_multi_20260526T112517Z_c8b7dc
llm_60eb4fbfddb3,no,0.863544,False,distilroberta-base-climate-commitment,Local model,climatebert_multi_20260526T112517Z_c8b7dc
llm_a361bd8b53bb,no,0.81492,False,distilroberta-base-climate-commitment,Local model,climatebert_multi_20260526T112517Z_c8b7dc
llm_25e3ec95d17e,no,0.981259,False,distilroberta-base-climate-commitment,Local model,climatebert_multi_20260526T112517Z_c8b7dc
llm_7d793126751e,no,0.862984,False,distilroberta-base-climate-commitment,Local model,climatebert_multi_20260526T112517Z_c8b7dc
llm_a14a3cdfc555,yes,0.637626,True,distilroberta-base-climate-commitment,Local model,climatebert_multi_20260526T112517Z_c8b7dc
llm_61c8754f4991,no,0.760545,False,distilroberta-base-climate-commitment,Local model,climatebert_multi_20260526T112517Z_c8b7dc
llm_c72d4cdee274,no,0.873089,False,distilroberta-base-climate-commitment,Local model,climatebert_multi_20260526T112517Z_c8b7dc
llm_c3fd411f44b8,no,0.973319,False,distilroberta-base-climate-commitment,Local model,climatebert_multi_20260526T112517Z_c8b7dc
llm_1af7ce057794,yes,0.9098,True,distilroberta-base-climate-commitment,Local model,climatebert_multi_20260526T112517Z_c8b7dc
llm_ed3989f4a84b,no,0.852991,False,distilroberta-base-climate-commitment,Local model,climatebert_multi_20260526T112517Z_c8b7dc
llm_9107de7a0766,no,0.694383,False,distilroberta-base-climate-commitment,Local model,climatebert_multi_20260526T112517Z_c8b7dc
llm_ef1e84a034a8,no,0.973319,False,distilroberta-base-climate-commitment,Local model,climatebert_multi_20260526T112517Z_c8b7dc
llm_0c4eb9cbd379,no,0.878692,False,distilroberta-base-climate-commitment,Local model,climatebert_multi_20260526T112517Z_c8b7dc
llm_25082418cf6a,no,0.913454,False,distilroberta-base-climate-commitment,Local model,climatebert_multi_20260526T112517Z_c8b7dc
llm_d22a2d5af49c,no,0.863544,False,distilroberta-base-climate-commitment,Local model,climatebert_multi_20260526T112517Z_c8b7dc
llm_6684cd0186f8,no,0.81492,False,distilroberta-base-climate-commitment,Local model,climatebert_multi_20260526T112517Z_c8b7dc
llm_8ec94749dbbf,no,0.981259,False,distilroberta-base-climate-commitment,Local model,climatebert_multi_20260526T112517Z_c8b7dc
llm_6ff25140a4e4,no,0.862984,False,distilroberta-base-climate-commitment,Local model,climatebert_multi_20260526T112517Z_c8b7dc
llm_d51e19737400,yes,0.9098,True,distilroberta-base-climate-commitment,Local model,climatebert_multi_20260526T112517Z_c8b7dc
llm_daff9660e4c5,no,0.900702,False,distilroberta-base-climate-commitment,Local model,climatebert_multi_20260526T112517Z_c8b7dc
llm_7c9e89b754c6,no,0.951295,False,distilroberta-base-climate-commitment,Local model,climatebert_multi_20260526T112517Z_c8b7dc
llm_082315a24967,no,0.852991,False,distilroberta-base-climate-commitment,Local model,climatebert_multi_20260526T112517Z_c8b7dc
llm_9166bda9b342,no,0.694383,False,distilroberta-base-climate-commitment,Local model,climatebert_multi_20260526T112517Z_c8b7dc
llm_6622212c68e1,no,0.973319,False,distilroberta-base-climate-commitment,Local model,climatebert_multi_20260526T112517Z_c8b7dc
llm_6392e31748b1,no,0.878692,False,distilroberta-base-climate-commitment,Local model,climatebert_multi_20260526T112517Z_c8b7dc
llm_32e16747cfc1,no,0.913454,False,distilroberta-base-climate-commitment,Local model,climatebert_multi_20260526T112517Z_c8b7dc
llm_edc7c1111c62,no,0.863544,False,distilroberta-base-climate-commitment,Local model,climatebert_multi_20260526T112517Z_c8b7dc
llm_a6b4dc451f15,no,0.81492,False,distilroberta-base-climate-commitment,Local model,climatebert_multi_20260526T112517Z_c8b7dc
llm_f560d6434597,no,0.981259,False,distilroberta-base-climate-commitment,Local model,climatebert_multi_20260526T112517Z_c8b7dc
llm_e0cf4db62a46,no,0.862984,False,distilroberta-base-climate-commitment,Local model,climatebert_multi_20260526T112517Z_c8b7dc
llm_8f5472957370,no,0.882575,False,distilroberta-base-climate-commitment,Local model,climatebert_multi_20260526T112517Z_c8b7dc
llm_a72a7ffd0d90,no,0.846888,False,distilroberta-base-climate-commitment,Local model,climatebert_multi_20260526T112517Z_c8b7dc
llm_09e653b31003,yes,0.9098,True,distilroberta-base-climate-commitment,Local model,climatebert_multi_20260526T112517Z_c8b7dc
llm_7f07b7b82de5,no,0.900702,False,distilroberta-base-climate-commitment,Local model,climatebert_multi_20260526T112517Z_c8b7dc
llm_76e172ce2dcd,no,0.89136,False,distilroberta-base-climate-commitment,Local model,climatebert_multi_20260526T112517Z_c8b7dc
llm_0b57d1c0229d,no,0.907275,False,distilroberta-base-climate-commitment,Local model,climatebert_multi_20260526T112517Z_c8b7dc
llm_50486cecf035,no,0.907438,False,distilroberta-base-climate-commitment,Local model,climatebert_multi_20260526T112517Z_c8b7dc
llm_d771679c8188,no,0.968145,False,distilroberta-base-climate-commitment,Local model,climatebert_multi_20260526T112517Z_c8b7dc
llm_63c254f68ff1,no,0.679875,False,distilroberta-base-climate-commitment,Local model,climatebert_multi_20260526T112517Z_c8b7dc
llm_1536c7572ada,no,0.852991,False,distilroberta-base-climate-commitment,Local model,climatebert_multi_20260526T112517Z_c8b7dc
llm_4833784e8c31,no,0.694383,False,distilroberta-base-climate-commitment,Local model,climatebert_multi_20260526T112517Z_c8b7dc
llm_fd3864421a7f,no,0.973319,False,distilroberta-base-climate-commitment,Local model,climatebert_multi_20260526T112517Z_c8b7dc
llm_0262cdfac3cc,no,0.878692,False,distilroberta-base-climate-commitment,Local model,climatebert_multi_20260526T112517Z_c8b7dc
llm_08ebb8d24c30,no,0.913454,False,distilroberta-base-climate-commitment,Local model,climatebert_multi_20260526T112517Z_c8b7dc
llm_1ff91e371e9f,no,0.863544,False,distilroberta-base-climate-commitment,Local model,climatebert_multi_20260526T112517Z_c8b7dc
llm_e38b1d8f81a9,no,0.81492,False,distilroberta-base-climate-commitment,Local model,climatebert_multi_20260526T112517Z_c8b7dc
llm_d1e97ff77e81,no,0.981259,False,distilroberta-base-climate-commitment,Local model,climatebert_multi_20260526T112517Z_c8b7dc
llm_fdbb208c8e9a,no,0.862984,False,distilroberta-base-climate-commitment,Local model,climatebert_multi_20260526T112517Z_c8b7dc
llm_3670873d06e4,no,0.882575,False,distilroberta-base-climate-commitment,Local model,climatebert_multi_20260526T112517Z_c8b7dc
llm_12140880aaca,yes,0.9098,True,distilroberta-base-climate-commitment,Local model,climatebert_multi_20260526T112517Z_c8b7dc
llm_7b78a5739774,no,0.94144,False,distilroberta-base-climate-commitment,Local model,climatebert_multi_20260526T112517Z_c8b7dc
llm_a190bab3e4bd,no,0.89752,False,distilroberta-base-climate-commitment,Local model,climatebert_multi_20260526T112517Z_c8b7dc
llm_f2aaaa00c91e,no,0.897457,False,distilroberta-base-climate-commitment,Local model,climatebert_multi_20260526T112517Z_c8b7dc
llm_8c8c5cb6f67b,no,0.880468,False,distilroberta-base-climate-commitment,Local model,climatebert_multi_20260526T112517Z_c8b7dc
llm_b1be264bb677,no,0.696553,False,distilroberta-base-climate-commitment,Local model,climatebert_multi_20260526T112517Z_c8b7dc
llm_0861c7741ab9,no,0.907438,False,distilroberta-base-climate-commitment,Local model,climatebert_multi_20260526T112517Z_c8b7dc
llm_5b5ba8f18b76,no,0.899591,False,distilroberta-base-climate-commitment,Local model,climatebert_multi_20260526T112517Z_c8b7dc
llm_3fe25a173258,no,0.866981,False,distilroberta-base-climate-commitment,Local model,climatebert_multi_20260526T112517Z_c8b7dc
llm_73a90724148a,no,0.852991,False,distilroberta-base-climate-commitment,Local model,climatebert_multi_20260526T112517Z_c8b7dc
llm_64ab63d79773,no,0.694383,False,distilroberta-base-climate-commitment,Local model,climatebert_multi_20260526T112517Z_c8b7dc
llm_544b9b494243,no,0.973319,False,distilroberta-base-climate-commitment,Local model,climatebert_multi_20260526T112517Z_c8b7dc
llm_1d78f7eb3dd5,no,0.878692,False,distilroberta-base-climate-commitment,Local model,climatebert_multi_20260526T112517Z_c8b7dc
llm_4cb6a4d3a22e,no,0.913454,False,distilroberta-base-climate-commitment,Local model,climatebert_multi_20260526T112517Z_c8b7dc
llm_9da32f414171,no,0.863544,False,distilroberta-base-climate-commitment,Local model,climatebert_multi_20260526T112517Z_c8b7dc
llm_0572440ecb82,no,0.81492,False,distilroberta-base-climate-commitment,Local model,climatebert_multi_20260526T112517Z_c8b7dc
llm_db17e3a023be,no,0.981259,False,distilroberta-base-climate-commitment,Local model,climatebert_multi_20260526T112517Z_c8b7dc
llm_f76bae394b61,no,0.862984,False,distilroberta-base-climate-commitment,Local model,climatebert_multi_20260526T112517Z_c8b7dc
llm_6f272d9d8a02,no,0.882575,False,distilroberta-base-climate-commitment,Local model,climatebert_multi_20260526T112517Z_c8b7dc
llm_8d0da24393d9,no,0.846888,False,distilroberta-base-climate-commitment,Local model,climatebert_multi_20260526T112517Z_c8b7dc
llm_f62289bd388d,yes,0.9098,True,distilroberta-base-climate-commitment,Local model,climatebert_multi_20260526T112517Z_c8b7dc
llm_f38727b67a0d,no,0.900702,False,distilroberta-base-climate-commitment,Local model,climatebert_multi_20260526T112517Z_c8b7dc
llm_d4d639fe5a38,no,0.907438,False,distilroberta-base-climate-commitment,Local model,climatebert_multi_20260526T112517Z_c8b7dc
llm_39d9f8f3a3dc,no,0.89136,False,distilroberta-base-climate-commitment,Local model,climatebert_multi_20260526T112517Z_c8b7dc
llm_a995fb5aea3b,no,0.913995,False,distilroberta-base-climate-commitment,Local model,climatebert_multi_20260526T112517Z_c8b7dc
llm_676275dfac07,no,0.759117,False,distilroberta-base-climate-commitment,Local model,climatebert_multi_20260526T112517Z_c8b7dc
llm_b7ada2b1a463,no,0.89136,False,distilroberta-base-climate-commitment,Local model,climatebert_multi_20260526T112517Z_c8b7dc
llm_a5873c6905e7,no,0.913995,False,distilroberta-base-climate-commitment,Local model,climatebert_multi_20260526T112517Z_c8b7dc
llm_3ce539a6ec8b,no,0.898719,False,distilroberta-base-climate-commitment,Local model,climatebert_multi_20260526T112517Z_c8b7dc
llm_f56d6b83f549,no,0.907438,False,distilroberta-base-climate-commitment,Local model,climatebert_multi_20260526T112517Z_c8b7dc
llm_cb067eb97202,no,0.968145,False,distilroberta-base-climate-commitment,Local model,climatebert_multi_20260526T112517Z_c8b7dc
llm_5382df6c2274,no,0.852991,False,distilroberta-base-climate-commitment,Local model,climatebert_multi_20260526T112517Z_c8b7dc
llm_7df9e8a6bcd2,no,0.694383,False,distilroberta-base-climate-commitment,Local model,climatebert_multi_20260526T112517Z_c8b7dc
llm_2ff1585ea0c2,no,0.973319,False,distilroberta-base-climate-commitment,Local model,climatebert_multi_20260526T112517Z_c8b7dc
llm_c54345ee6403,no,0.878692,False,distilroberta-base-climate-commitment,Local model,climatebert_multi_20260526T112517Z_c8b7dc
llm_6405b08be04f,no,0.913454,False,distilroberta-base-climate-commitment,Local model,climatebert_multi_20260526T112517Z_c8b7dc
llm_311fdcd20cee,no,0.863544,False,distilroberta-base-climate-commitment,Local model,climatebert_multi_20260526T112517Z_c8b7dc
llm_96b6fd949676,no,0.81492,False,distilroberta-base-climate-commitment,Local model,climatebert_multi_20260526T112517Z_c8b7dc
llm_056d357883c2,no,0.981259,False,distilroberta-base-climate-commitment,Local model,climatebert_multi_20260526T112517Z_c8b7dc
llm_9d97e41bfb4a,no,0.862984,False,distilroberta-base-climate-commitment,Local model,climatebert_multi_20260526T112517Z_c8b7dc
llm_325e0e9faa84,no,0.882575,False,distilroberta-base-climate-commitment,Local model,climatebert_multi_20260526T112517Z_c8b7dc
llm_cc2b7b77309e,no,0.842775,False,distilroberta-base-climate-commitment,Local model,climatebert_multi_20260526T112517Z_c8b7dc
llm_163c3f4ba86f,no,0.691991,False,distilroberta-base-climate-commitment,Local model,climatebert_multi_20260526T112517Z_c8b7dc
llm_e96026ffd54e,no,0.934631,False,distilroberta-base-climate-commitment,Local model,climatebert_multi_20260526T112517Z_c8b7dc
llm_d24ea8bc2575,no,0.852991,False,distilroberta-base-climate-commitment,Local model,climatebert_multi_20260526T112517Z_c8b7dc
llm_d8c53bf3fe61,no,0.694383,False,distilroberta-base-climate-commitment,Local model,climatebert_multi_20260526T112517Z_c8b7dc
llm_0d5bf1b202af,no,0.878692,False,distilroberta-base-climate-commitment,Local model,climatebert_multi_20260526T112517Z_c8b7dc
llm_5470d6fb4e2f,no,0.913454,False,distilroberta-base-climate-commitment,Local model,climatebert_multi_20260526T112517Z_c8b7dc
llm_4315a031783e,no,0.863544,False,distilroberta-base-climate-commitment,Local model,climatebert_multi_20260526T112517Z_c8b7dc
llm_e47e03478f10,no,0.81492,False,distilroberta-base-climate-commitment,Local model,climatebert_multi_20260526T112517Z_c8b7dc
llm_df82abae0987,no,0.981259,False,distilroberta-base-climate-commitment,Local model,climatebert_multi_20260526T112517Z_c8b7dc
llm_d9656f2fbe78,no,0.862984,False,distilroberta-base-climate-commitment,Local model,climatebert_multi_20260526T112517Z_c8b7dc
llm_216eecfef650,no,0.973319,False,distilroberta-base-climate-commitment,Local model,climatebert_multi_20260526T112517Z_c8b7dc
llm_2c54296f68c4,no,0.852991,False,distilroberta-base-climate-commitment,Local model,climatebert_multi_20260526T112517Z_c8b7dc
llm_8aa10a99e16e,no,0.694383,False,distilroberta-base-climate-commitment,Local model,climatebert_multi_20260526T112517Z_c8b7dc
llm_9c7e7ed8977d,no,0.973319,False,distilroberta-base-climate-commitment,Local model,climatebert_multi_20260526T112517Z_c8b7dc
llm_336e653988a2,no,0.878692,False,distilroberta-base-climate-commitment,Local model,climatebert_multi_20260526T112517Z_c8b7dc
llm_d9ca14d4de38,no,0.913454,False,distilroberta-base-climate-commitment,Local model,climatebert_multi_20260526T112517Z_c8b7dc
llm_440df0e3ab7e,no,0.863544,False,distilroberta-base-climate-commitment,Local model,climatebert_multi_20260526T112517Z_c8b7dc
llm_afb3ab4d1e06,no,0.81492,False,distilroberta-base-climate-commitment,Local model,climatebert_multi_20260526T112517Z_c8b7dc
llm_41b15b028ce9,no,0.981259,False,distilroberta-base-climate-commitment,Local model,climatebert_multi_20260526T112517Z_c8b7dc
llm_8ace46345363,no,0.862984,False,distilroberta-base-climate-commitment,Local model,climatebert_multi_20260526T112517Z_c8b7dc
llm_09a110d02ef2,yes,0.9098,True,distilroberta-base-climate-commitment,Local model,climatebert_multi_20260526T112517Z_c8b7dc
llm_b213e7dab049,no,0.875545,False,distilroberta-base-climate-commitment,Local model,climatebert_multi_20260526T112517Z_c8b7dc
llm_cc262b7905b4,no,0.93487,False,distilroberta-base-climate-commitment,Local model,climatebert_multi_20260526T112517Z_c8b7dc
llm_275117ca3e97,no,0.896968,False,distilroberta-base-climate-commitment,Local model,climatebert_multi_20260526T112517Z_c8b7dc
llm_dec0aed04e73,no,0.852991,False,distilroberta-base-climate-commitment,Local model,climatebert_multi_20260526T112517Z_c8b7dc
llm_ded8189ac035,no,0.694383,False,distilroberta-base-climate-commitment,Local model,climatebert_multi_20260526T112517Z_c8b7dc
llm_1be56b848bf6,no,0.973319,False,distilroberta-base-climate-commitment,Local model,climatebert_multi_20260526T112517Z_c8b7dc
llm_b17371854aab,no,0.878692,False,distilroberta-base-climate-commitment,Local model,climatebert_multi_20260526T112517Z_c8b7dc
llm_130cd12f800a,no,0.913454,False,distilroberta-base-climate-commitment,Local model,climatebert_multi_20260526T112517Z_c8b7dc
llm_0524042693b2,no,0.863544,False,distilroberta-base-climate-commitment,Local model,climatebert_multi_20260526T112517Z_c8b7dc
llm_b59aba639c53,no,0.81492,False,distilroberta-base-climate-commitment,Local model,climatebert_multi_20260526T112517Z_c8b7dc
llm_2f671e83994c,no,0.940278,False,distilroberta-base-climate-commitment,Local model,climatebert_multi_20260526T112517Z_c8b7dc
llm_71893cd17b52,no,0.862984,False,distilroberta-base-climate-commitment,Local model,climatebert_multi_20260526T112517Z_c8b7dc
llm_690ab031f921,no,0.897457,False,distilroberta-base-climate-commitment,Local model,climatebert_multi_20260526T112517Z_c8b7dc
llm_dc8a36053ff5,no,0.925539,False,distilroberta-base-climate-commitment,Local model,climatebert_multi_20260526T112517Z_c8b7dc
llm_53666e34c45c,no,0.852991,False,distilroberta-base-climate-commitment,Local model,climatebert_multi_20260526T112517Z_c8b7dc
llm_733b0faa9b4b,no,0.694383,False,distilroberta-base-climate-commitment,Local model,climatebert_multi_20260526T112517Z_c8b7dc
llm_87d1a72ee456,no,0.878692,False,distilroberta-base-climate-commitment,Local model,climatebert_multi_20260526T112517Z_c8b7dc
llm_6eddabdd4c51,no,0.913454,False,distilroberta-base-climate-commitment,Local model,climatebert_multi_20260526T112517Z_c8b7dc
llm_d4b8e3e7f04a,no,0.863544,False,distilroberta-base-climate-commitment,Local model,climatebert_multi_20260526T112517Z_c8b7dc
llm_7d754a55d276,no,0.81492,False,distilroberta-base-climate-commitment,Local model,climatebert_multi_20260526T112517Z_c8b7dc
llm_07ac2da39340,no,0.981259,False,distilroberta-base-climate-commitment,Local model,climatebert_multi_20260526T112517Z_c8b7dc
llm_c334141dd710,no,0.862984,False,distilroberta-base-climate-commitment,Local model,climatebert_multi_20260526T112517Z_c8b7dc
llm_8aa69af3cb0d,no,0.882575,False,distilroberta-base-climate-commitment,Local model,climatebert_multi_20260526T112517Z_c8b7dc
llm_a81ac32d209b,no,0.852991,False,distilroberta-base-climate-commitment,Local model,climatebert_multi_20260526T112517Z_c8b7dc
llm_7099ea73b998,no,0.694383,False,distilroberta-base-climate-commitment,Local model,climatebert_multi_20260526T112517Z_c8b7dc
llm_ce8475b2281b,no,0.878692,False,distilroberta-base-climate-commitment,Local model,climatebert_multi_20260526T112517Z_c8b7dc
llm_e8de37261cdc,no,0.913454,False,distilroberta-base-climate-commitment,Local model,climatebert_multi_20260526T112517Z_c8b7dc
llm_946bce2f7117,no,0.863544,False,distilroberta-base-climate-commitment,Local model,climatebert_multi_20260526T112517Z_c8b7dc
llm_1ca7ea63f6ba,no,0.981259,False,distilroberta-base-climate-commitment,Local model,climatebert_multi_20260526T112517Z_c8b7dc
llm_99f480676604,no,0.846888,False,distilroberta-base-climate-commitment,Local model,climatebert_multi_20260526T112517Z_c8b7dc
llm_ca6fbb44bd56,no,0.839935,False,distilroberta-base-climate-commitment,Local model,climatebert_multi_20260526T112517Z_c8b7dc
llm_965bdfcf54b2,no,0.815976,False,distilroberta-base-climate-commitment,Local model,climatebert_multi_20260526T112517Z_c8b7dc
llm_37fe46adef37,no,0.956218,False,distilroberta-base-climate-commitment,Local model,climatebert_multi_20260526T112517Z_c8b7dc
llm_071843a89e1f,no,0.801875,False,distilroberta-base-climate-commitment,Local model,climatebert_multi_20260526T112517Z_c8b7dc
llm_4091c4796a2d,no,0.883018,False,distilroberta-base-climate-commitment,Local model,climatebert_multi_20260526T112517Z_c8b7dc
llm_b1429848bbec,no,0.793922,False,distilroberta-base-climate-commitment,Local model,climatebert_multi_20260526T112517Z_c8b7dc
llm_ab4b319a6510,no,0.862927,False,distilroberta-base-climate-commitment,Local model,climatebert_multi_20260526T112517Z_c8b7dc
llm_f6de7ed53130,no,0.79212,False,distilroberta-base-climate-commitment,Local model,climatebert_multi_20260526T112517Z_c8b7dc
llm_3119bc302c63,no,0.866551,False,distilroberta-base-climate-commitment,Local model,climatebert_multi_20260526T112517Z_c8b7dc
llm_0c3d0d28c323,no,0.936872,False,distilroberta-base-climate-commitment,Local model,climatebert_multi_20260526T112517Z_c8b7dc
llm_e9433d85d7ef,no,0.951641,False,distilroberta-base-climate-commitment,Local model,climatebert_multi_20260526T112517Z_c8b7dc
llm_e3eaa6df0d1e,no,0.801835,False,distilroberta-base-climate-commitment,Local model,climatebert_multi_20260526T112517Z_c8b7dc
llm_b9d5000889e6,no,0.919263,False,distilroberta-base-climate-commitment,Local model,climatebert_multi_20260526T112517Z_c8b7dc
llm_f7dd6e819efa,no,0.738309,False,distilroberta-base-climate-commitment,Local model,climatebert_multi_20260526T112517Z_c8b7dc
llm_2f7b4127c796,no,0.817856,False,distilroberta-base-climate-commitment,Local model,climatebert_multi_20260526T112517Z_c8b7dc
llm_43b6754050d5,no,0.869346,False,distilroberta-base-climate-commitment,Local model,climatebert_multi_20260526T112517Z_c8b7dc
llm_e77bafa98606,no,0.738162,False,distilroberta-base-climate-commitment,Local model,climatebert_multi_20260526T112517Z_c8b7dc
llm_c6ac759bc602,no,0.948944,False,distilroberta-base-climate-commitment,Local model,climatebert_multi_20260526T112517Z_c8b7dc
llm_92883c51f666,no,0.935594,False,distilroberta-base-climate-commitment,Local model,climatebert_multi_20260526T112517Z_c8b7dc
llm_041e4618ad74,no,0.987158,False,distilroberta-base-climate-commitment,Local model,climatebert_multi_20260526T112517Z_c8b7dc
llm_dc8cd72fa780,no,0.898612,False,distilroberta-base-climate-commitment,Local model,climatebert_multi_20260526T112517Z_c8b7dc
llm_6007e0064014,no,0.793922,False,distilroberta-base-climate-commitment,Local model,climatebert_multi_20260526T112517Z_c8b7dc
llm_dbb9ac7e0e2d,no,0.838639,False,distilroberta-base-climate-commitment,Local model,climatebert_multi_20260526T112517Z_c8b7dc
llm_acc8e6526e52,no,0.815976,False,distilroberta-base-climate-commitment,Local model,climatebert_multi_20260526T112517Z_c8b7dc
llm_f72851c2e625,no,0.967205,False,distilroberta-base-climate-commitment,Local model,climatebert_multi_20260526T112517Z_c8b7dc
llm_3937a1eee1b8,no,0.883018,False,distilroberta-base-climate-commitment,Local model,climatebert_multi_20260526T112517Z_c8b7dc
llm_237e10000406,no,0.793922,False,distilroberta-base-climate-commitment,Local model,climatebert_multi_20260526T112517Z_c8b7dc
llm_595bd69781aa,no,0.91344,False,distilroberta-base-climate-commitment,Local model,climatebert_multi_20260526T112517Z_c8b7dc
llm_a58db23535fa,no,0.818584,False,distilroberta-base-climate-commitment,Local model,climatebert_multi_20260526T112517Z_c8b7dc
llm_094b434ba49f,no,0.910914,False,distilroberta-base-climate-commitment,Local model,climatebert_multi_20260526T112517Z_c8b7dc
llm_effb80ce2b86,no,0.787771,False,distilroberta-base-climate-commitment,Local model,climatebert_multi_20260526T112517Z_c8b7dc
llm_f603c42f10c0,no,0.722649,False,distilroberta-base-climate-commitment,Local model,climatebert_multi_20260526T112517Z_c8b7dc
llm_034dd068de4c,no,0.798822,False,distilroberta-base-climate-commitment,Local model,climatebert_multi_20260526T112517Z_c8b7dc
llm_f40dfed46438,no,0.946506,False,distilroberta-base-climate-commitment,Local model,climatebert_multi_20260526T112517Z_c8b7dc
llm_f59e8eaa14dc,no,0.607336,False,distilroberta-base-climate-commitment,Local model,climatebert_multi_20260526T112517Z_c8b7dc
llm_3a767d2e086a,no,0.779869,False,distilroberta-base-climate-commitment,Local model,climatebert_multi_20260526T112517Z_c8b7dc
llm_4794c825fb35,no,0.793903,False,distilroberta-base-climate-commitment,Local model,climatebert_multi_20260526T112517Z_c8b7dc
llm_f4a546fbd05e,no,0.617752,False,distilroberta-base-climate-commitment,Local model,climatebert_multi_20260526T112517Z_c8b7dc
llm_a9b44ba28bc0,no,0.682803,False,distilroberta-base-climate-commitment,Local model,climatebert_multi_20260526T112517Z_c8b7dc
llm_09ae47cc2e5f,no,0.624362,False,distilroberta-base-climate-commitment,Local model,climatebert_multi_20260526T112517Z_c8b7dc
llm_19a881d8d8be,no,0.92657,False,distilroberta-base-climate-commitment,Local model,climatebert_multi_20260526T112517Z_c8b7dc
llm_8b59a8846780,no,0.960003,False,distilroberta-base-climate-commitment,Local model,climatebert_multi_20260526T112517Z_c8b7dc
llm_b9edecf664e5,no,0.987912,False,distilroberta-base-climate-commitment,Local model,climatebert_multi_20260526T112517Z_c8b7dc
llm_74bda96a8a1a,no,0.950497,False,distilroberta-base-climate-commitment,Local model,climatebert_multi_20260526T112517Z_c8b7dc
llm_bf161952578c,no,0.891309,False,distilroberta-base-climate-commitment,Local model,climatebert_multi_20260526T112517Z_c8b7dc
llm_e33a45231d34,no,0.895452,False,distilroberta-base-climate-commitment,Local model,climatebert_multi_20260526T112517Z_c8b7dc
llm_c1608abeb649,no,0.929138,False,distilroberta-base-climate-commitment,Local model,climatebert_multi_20260526T112517Z_c8b7dc
llm_58cd81baa0ad,no,0.918996,False,distilroberta-base-climate-commitment,Local model,climatebert_multi_20260526T112517Z_c8b7dc
llm_1e24c29d900b,no,0.795338,False,distilroberta-base-climate-commitment,Local model,climatebert_multi_20260526T112517Z_c8b7dc
llm_938a3d116035,no,0.839,False,distilroberta-base-climate-commitment,Local model,climatebert_multi_20260526T112517Z_c8b7dc
llm_5db70908323c,no,0.801875,False,distilroberta-base-climate-commitment,Local model,climatebert_multi_20260526T112517Z_c8b7dc
llm_9e38d15f7e3e,no,0.883018,False,distilroberta-base-climate-commitment,Local model,climatebert_multi_20260526T112517Z_c8b7dc
llm_793678749953,no,0.951641,False,distilroberta-base-climate-commitment,Local model,climatebert_multi_20260526T112517Z_c8b7dc
llm_cd966d4023da,no,0.793922,False,distilroberta-base-climate-commitment,Local model,climatebert_multi_20260526T112517Z_c8b7dc
llm_568d3435c243,no,0.908471,False,distilroberta-base-climate-commitment,Local model,climatebert_multi_20260526T112517Z_c8b7dc
llm_39afb9b223c8,yes,0.72762,True,distilroberta-base-climate-commitment,Local model,climatebert_multi_20260526T112517Z_c8b7dc
llm_387ebdb972a0,no,0.836627,False,distilroberta-base-climate-commitment,Local model,climatebert_multi_20260526T112517Z_c8b7dc
llm_b052ce00b4a3,no,0.657474,False,distilroberta-base-climate-commitment,Local model,climatebert_multi_20260526T112517Z_c8b7dc
llm_3018b68d383d,no,0.694896,False,distilroberta-base-climate-commitment,Local model,climatebert_multi_20260526T112517Z_c8b7dc
llm_837b61e35775,no,0.51846,False,distilroberta-base-climate-commitment,Local model,climatebert_multi_20260526T112517Z_c8b7dc
llm_b449c5b333bd,no,0.907438,False,distilroberta-base-climate-commitment,Local model,climatebert_multi_20260526T112517Z_c8b7dc
llm_b8cd6a7efe6c,no,0.89136,False,distilroberta-base-climate-commitment,Local model,climatebert_multi_20260526T112517Z_c8b7dc
llm_b5e3d92b43d6,no,0.913995,False,distilroberta-base-climate-commitment,Local model,climatebert_multi_20260526T112517Z_c8b7dc
llm_6896f99f3ac6,no,0.98082,False,distilroberta-base-climate-commitment,Local model,climatebert_multi_20260526T112517Z_c8b7dc
llm_9e30951da5ea,no,0.89136,False,distilroberta-base-climate-commitment,Local model,climatebert_multi_20260526T112517Z_c8b7dc
llm_2fe9d0e45c12,no,0.907275,False,distilroberta-base-climate-commitment,Local model,climatebert_multi_20260526T112517Z_c8b7dc
llm_2e7d7d68cf59,no,0.82556,False,distilroberta-base-climate-commitment,Local model,climatebert_multi_20260526T112517Z_c8b7dc
llm_46d08733b6ab,no,0.907438,False,distilroberta-base-climate-commitment,Local model,climatebert_multi_20260526T112517Z_c8b7dc
llm_a8523a531d6a,yes,0.569751,True,distilroberta-base-climate-commitment,Local model,climatebert_multi_20260526T112517Z_c8b7dc
llm_77e5bf494406,no,0.907438,False,distilroberta-base-climate-commitment,Local model,climatebert_multi_20260526T112517Z_c8b7dc
llm_bf1efc8f28de,no,0.89136,False,distilroberta-base-climate-commitment,Local model,climatebert_multi_20260526T112517Z_c8b7dc
llm_519b0e85bc05,no,0.918088,False,distilroberta-base-climate-commitment,Local model,climatebert_multi_20260526T112517Z_c8b7dc
llm_874b001c77f7,no,0.89136,False,distilroberta-base-climate-commitment,Local model,climatebert_multi_20260526T112517Z_c8b7dc
llm_44d715c6d55e,no,0.907275,False,distilroberta-base-climate-commitment,Local model,climatebert_multi_20260526T112517Z_c8b7dc
llm_35454a797ad7,no,0.898719,False,distilroberta-base-climate-commitment,Local model,climatebert_multi_20260526T112517Z_c8b7dc
llm_24789545b6b5,no,0.907438,False,distilroberta-base-climate-commitment,Local model,climatebert_multi_20260526T112517Z_c8b7dc
llm_e8879b9629ea,no,0.862682,False,distilroberta-base-climate-commitment,Local model,climatebert_multi_20260526T112517Z_c8b7dc
llm_acaf0d3e394d,no,0.983369,False,distilroberta-base-climate-commitment,Local model,climatebert_multi_20260526T112517Z_c8b7dc
llm_34ede692cbb3,no,0.89136,False,distilroberta-base-climate-commitment,Local model,climatebert_multi_20260526T112517Z_c8b7dc
llm_2a51ba48d464,no,0.907275,False,distilroberta-base-climate-commitment,Local model,climatebert_multi_20260526T112517Z_c8b7dc
llm_6ca6717fe9f8,no,0.907438,False,distilroberta-base-climate-commitment,Local model,climatebert_multi_20260526T112517Z_c8b7dc
llm_85545b8998ac,no,0.98082,False,distilroberta-base-climate-commitment,Local model,climatebert_multi_20260526T112517Z_c8b7dc
llm_0435560f1c22,no,0.89136,False,distilroberta-base-climate-commitment,Local model,climatebert_multi_20260526T112517Z_c8b7dc
llm_c9d8133cc1df,no,0.913995,False,distilroberta-base-climate-commitment,Local model,climatebert_multi_20260526T112517Z_c8b7dc
llm_049e5868b0a1,no,0.82556,False,distilroberta-base-climate-commitment,Local model,climatebert_multi_20260526T112517Z_c8b7dc
llm_c9f23afb4e39,no,0.976843,False,distilroberta-base-climate-commitment,Local model,climatebert_multi_20260526T112517Z_c8b7dc
llm_d14555bb7aeb,no,0.907438,False,distilroberta-base-climate-commitment,Local model,climatebert_multi_20260526T112517Z_c8b7dc
llm_bad931d34d10,no,0.89136,False,distilroberta-base-climate-commitment,Local model,climatebert_multi_20260526T112517Z_c8b7dc
llm_7a5850113785,no,0.907275,False,distilroberta-base-climate-commitment,Local model,climatebert_multi_20260526T112517Z_c8b7dc
llm_2dc77b08adea,no,0.82556,False,distilroberta-base-climate-commitment,Local model,climatebert_multi_20260526T112517Z_c8b7dc
llm_95fd4266487f,no,0.992416,False,distilroberta-base-climate-commitment,Local model,climatebert_multi_20260526T112517Z_c8b7dc
llm_8aaaa8de455c,no,0.907438,False,distilroberta-base-climate-commitment,Local model,climatebert_multi_20260526T112517Z_c8b7dc
llm_08c923565264,no,0.638269,False,distilroberta-base-climate-commitment,Local model,climatebert_multi_20260526T112517Z_c8b7dc
llm_346c35594c82,no,0.89136,False,distilroberta-base-climate-commitment,Local model,climatebert_multi_20260526T112517Z_c8b7dc
llm_8f653e287520,no,0.913995,False,distilroberta-base-climate-commitment,Local model,climatebert_multi_20260526T112517Z_c8b7dc
llm_6bf21e948330,no,0.802014,False,distilroberta-base-climate-commitment,Local model,climatebert_multi_20260526T112517Z_c8b7dc
llm_0ccb4f718102,no,0.983369,False,distilroberta-base-climate-commitment,Local model,climatebert_multi_20260526T112517Z_c8b7dc
llm_e5d0fbad7dc0,no,0.898719,False,distilroberta-base-climate-commitment,Local model,climatebert_multi_20260526T112517Z_c8b7dc
llm_c7a314c17cfb,no,0.907438,False,distilroberta-base-climate-commitment,Local model,climatebert_multi_20260526T112517Z_c8b7dc
llm_e5214c4b81c1,no,0.759117,False,distilroberta-base-climate-commitment,Local model,climatebert_multi_20260526T112517Z_c8b7dc
llm_d255f77c0362,no,0.877821,False,distilroberta-base-climate-commitment,Local model,climatebert_multi_20260526T112517Z_c8b7dc
llm_09ecfa8f76dd,no,0.848125,False,distilroberta-base-climate-commitment,Local model,climatebert_multi_20260526T112517Z_c8b7dc
llm_c349c9f7bf0a,no,0.940627,False,distilroberta-base-climate-commitment,Local model,climatebert_multi_20260526T112517Z_c8b7dc
llm_64ac3459bde9,no,0.89136,False,distilroberta-base-climate-commitment,Local model,climatebert_multi_20260526T112517Z_c8b7dc
llm_0f7d8e2acfb8,no,0.913995,False,distilroberta-base-climate-commitment,Local model,climatebert_multi_20260526T112517Z_c8b7dc
llm_85f3af607713,no,0.898719,False,distilroberta-base-climate-commitment,Local model,climatebert_multi_20260526T112517Z_c8b7dc
llm_ea2f29ee4cac,no,0.907438,False,distilroberta-base-climate-commitment,Local model,climatebert_multi_20260526T112517Z_c8b7dc
llm_561b22d40b5d,no,0.89136,False,distilroberta-base-climate-commitment,Local model,climatebert_multi_20260526T112517Z_c8b7dc
llm_ff669a04673d,no,0.913995,False,distilroberta-base-climate-commitment,Local model,climatebert_multi_20260526T112517Z_c8b7dc
llm_bfaaa20292f6,no,0.907438,False,distilroberta-base-climate-commitment,Local model,climatebert_multi_20260526T112517Z_c8b7dc
llm_b8954d63aee6,no,0.9516,False,distilroberta-base-climate-commitment,Local model,climatebert_multi_20260526T112517Z_c8b7dc
llm_fc4ab8a81451,no,0.907438,False,distilroberta-base-climate-commitment,Local model,climatebert_multi_20260526T112517Z_c8b7dc
llm_8070ed63b1be,no,0.89136,False,distilroberta-base-climate-commitment,Local model,climatebert_multi_20260526T112517Z_c8b7dc
llm_a0e6ac355c64,no,0.907275,False,distilroberta-base-climate-commitment,Local model,climatebert_multi_20260526T112517Z_c8b7dc
llm_f0f729c00527,no,0.98082,False,distilroberta-base-climate-commitment,Local model,climatebert_multi_20260526T112517Z_c8b7dc
llm_a300d28dba31,no,0.727878,False,distilroberta-base-climate-commitment,Local model,climatebert_multi_20260526T112517Z_c8b7dc
llm_2c7041f2ee93,no,0.898719,False,distilroberta-base-climate-commitment,Local model,climatebert_multi_20260526T112517Z_c8b7dc
llm_d365f61306be,no,0.907438,False,distilroberta-base-climate-commitment,Local model,climatebert_multi_20260526T112517Z_c8b7dc
llm_cc2a48aa712e,no,0.89136,False,distilroberta-base-climate-commitment,Local model,climatebert_multi_20260526T112517Z_c8b7dc
llm_bf9655cf3d06,no,0.918088,False,distilroberta-base-climate-commitment,Local model,climatebert_multi_20260526T112517Z_c8b7dc
llm_c05815eff971,no,0.904441,False,distilroberta-base-climate-commitment,Local model,climatebert_multi_20260526T112517Z_c8b7dc
llm_91c391b5c70e,no,0.599792,False,distilroberta-base-climate-commitment,Local model,climatebert_multi_20260526T112517Z_c8b7dc
llm_6801d672eb7f,no,0.900637,False,distilroberta-base-climate-commitment,Local model,climatebert_multi_20260526T112517Z_c8b7dc
llm_0f12558aa2e7,no,0.842775,False,distilroberta-base-climate-commitment,Local model,climatebert_multi_20260526T112517Z_c8b7dc
llm_1e5d6209bed6,no,0.680593,False,distilroberta-base-climate-commitment,Local model,climatebert_multi_20260526T112517Z_c8b7dc
llm_aaddb7025077,no,0.952141,False,distilroberta-base-climate-commitment,Local model,climatebert_multi_20260526T112517Z_c8b7dc
llm_02f08fe4b5c0,no,0.867714,False,distilroberta-base-climate-commitment,Local model,climatebert_multi_20260526T112517Z_c8b7dc
llm_b441e3a63761,no,0.842775,False,distilroberta-base-climate-commitment,Local model,climatebert_multi_20260526T112517Z_c8b7dc
llm_8d556660cc5f,no,0.802014,False,distilroberta-base-climate-commitment,Local model,climatebert_multi_20260526T112517Z_c8b7dc
llm_028b18ef5a00,no,0.983369,False,distilroberta-base-climate-commitment,Local model,climatebert_multi_20260526T112517Z_c8b7dc
llm_6743861f1b8d,no,0.89136,False,distilroberta-base-climate-commitment,Local model,climatebert_multi_20260526T112517Z_c8b7dc
llm_f74ff66a28f0,no,0.913995,False,distilroberta-base-climate-commitment,Local model,climatebert_multi_20260526T112517Z_c8b7dc
llm_12a731f8b388,no,0.863626,False,distilroberta-base-climate-commitment,Local model,climatebert_multi_20260526T112517Z_c8b7dc
llm_f64b66be020d,no,0.907438,False,distilroberta-base-climate-commitment,Local model,climatebert_multi_20260526T112517Z_c8b7dc
llm_74a285020e96,no,0.791236,False,distilroberta-base-climate-commitment,Local model,climatebert_multi_20260526T112517Z_c8b7dc
llm_4e607c85828d,no,0.91932,False,distilroberta-base-climate-commitment,Local model,climatebert_multi_20260526T112517Z_c8b7dc
llm_c225645b05db,no,0.769872,False,distilroberta-base-climate-commitment,Local model,climatebert_multi_20260526T112517Z_c8b7dc
llm_658c94928de9,no,0.89136,False,distilroberta-base-climate-commitment,Local model,climatebert_multi_20260526T112517Z_c8b7dc
llm_2fbcc29cd981,no,0.913995,False,distilroberta-base-climate-commitment,Local model,climatebert_multi_20260526T112517Z_c8b7dc
llm_df0000ddb892,no,0.933174,False,distilroberta-base-climate-commitment,Local model,climatebert_multi_20260526T112517Z_c8b7dc
llm_321aea8bd70e,no,0.73584,False,distilroberta-base-climate-commitment,Local model,climatebert_multi_20260526T112517Z_c8b7dc
llm_402698d26c5e,no,0.851043,False,distilroberta-base-climate-commitment,Local model,climatebert_multi_20260526T112517Z_c8b7dc
llm_1912c153e794,no,0.714156,False,distilroberta-base-climate-commitment,Local model,climatebert_multi_20260526T112517Z_c8b7dc
llm_5e3ca9e90011,no,0.907438,False,distilroberta-base-climate-commitment,Local model,climatebert_multi_20260526T112517Z_c8b7dc
llm_61bb99bd1177,no,0.89136,False,distilroberta-base-climate-commitment,Local model,climatebert_multi_20260526T112517Z_c8b7dc
llm_b2bad29a51a3,no,0.913995,False,distilroberta-base-climate-commitment,Local model,climatebert_multi_20260526T112517Z_c8b7dc
llm_e388a7a5c309,no,0.898719,False,distilroberta-base-climate-commitment,Local model,climatebert_multi_20260526T112517Z_c8b7dc
llm_76ea1d994d25,no,0.907438,False,distilroberta-base-climate-commitment,Local model,climatebert_multi_20260526T112517Z_c8b7dc
llm_12c9947ecafd,no,0.82556,False,distilroberta-base-climate-commitment,Local model,climatebert_multi_20260526T112517Z_c8b7dc
llm_c553a771aef8,no,0.98346,False,distilroberta-base-climate-commitment,Local model,climatebert_multi_20260526T112517Z_c8b7dc
llm_78f674e3b939,no,0.842775,False,distilroberta-base-climate-commitment,Local model,climatebert_multi_20260526T112517Z_c8b7dc
llm_a47aca98d81b,no,0.82556,False,distilroberta-base-climate-commitment,Local model,climatebert_multi_20260526T112517Z_c8b7dc
llm_e4ab23a3cf80,no,0.907438,False,distilroberta-base-climate-commitment,Local model,climatebert_multi_20260526T112517Z_c8b7dc
llm_29d174e41d15,no,0.791236,False,distilroberta-base-climate-commitment,Local model,climatebert_multi_20260526T112517Z_c8b7dc
llm_00c62efa9255,no,0.82556,False,distilroberta-base-climate-commitment,Local model,climatebert_multi_20260526T112517Z_c8b7dc
llm_99bd5f49ca16,no,0.983369,False,distilroberta-base-climate-commitment,Local model,climatebert_multi_20260526T112517Z_c8b7dc
llm_03fbfd5d2a55,no,0.907438,False,distilroberta-base-climate-commitment,Local model,climatebert_multi_20260526T112517Z_c8b7dc
llm_51eb0df3ca23,no,0.89136,False,distilroberta-base-climate-commitment,Local model,climatebert_multi_20260526T112517Z_c8b7dc
llm_009f54c33482,no,0.913995,False,distilroberta-base-climate-commitment,Local model,climatebert_multi_20260526T112517Z_c8b7dc
llm_d402acdc3d27,no,0.898719,False,distilroberta-base-climate-commitment,Local model,climatebert_multi_20260526T112517Z_c8b7dc
llm_4f62bba57707,no,0.89136,False,distilroberta-base-climate-commitment,Local model,climatebert_multi_20260526T112517Z_c8b7dc
llm_1c72001e6b68,no,0.913995,False,distilroberta-base-climate-commitment,Local model,climatebert_multi_20260526T112517Z_c8b7dc
llm_5cc82fb20d50,no,0.898719,False,distilroberta-base-climate-commitment,Local model,climatebert_multi_20260526T112517Z_c8b7dc
llm_2b3eee96debd,no,0.898719,False,distilroberta-base-climate-commitment,Local model,climatebert_multi_20260526T112517Z_c8b7dc
llm_8a6e03b699ed,no,0.907438,False,distilroberta-base-climate-commitment,Local model,climatebert_multi_20260526T112517Z_c8b7dc
llm_634f225bf988,no,0.89136,False,distilroberta-base-climate-commitment,Local model,climatebert_multi_20260526T112517Z_c8b7dc
llm_4a015efe72cd,no,0.913995,False,distilroberta-base-climate-commitment,Local model,climatebert_multi_20260526T112517Z_c8b7dc
llm_4998c223acd2,no,0.98082,False,distilroberta-base-climate-commitment,Local model,climatebert_multi_20260526T112517Z_c8b7dc
llm_8dc8f1b4929a,no,0.89136,False,distilroberta-base-climate-commitment,Local model,climatebert_multi_20260526T112517Z_c8b7dc
llm_815971c95036,no,0.913995,False,distilroberta-base-climate-commitment,Local model,climatebert_multi_20260526T112517Z_c8b7dc
llm_71a5ac933c89,no,0.984088,False,distilroberta-base-climate-commitment,Local model,climatebert_multi_20260526T112517Z_c8b7dc
llm_3725693fcf48,no,0.861412,False,distilroberta-base-climate-commitment,Local model,climatebert_multi_20260526T112517Z_c8b7dc
llm_3ed81a7048aa,no,0.96784,False,distilroberta-base-climate-commitment,Local model,climatebert_multi_20260526T112517Z_c8b7dc
llm_ea453059ad5e,no,0.907438,False,distilroberta-base-climate-commitment,Local model,climatebert_multi_20260526T112517Z_c8b7dc
llm_edd22c495f05,no,0.89136,False,distilroberta-base-climate-commitment,Local model,climatebert_multi_20260526T112517Z_c8b7dc
llm_15a134211729,no,0.913995,False,distilroberta-base-climate-commitment,Local model,climatebert_multi_20260526T112517Z_c8b7dc
llm_1b80bc985db0,no,0.82556,False,distilroberta-base-climate-commitment,Local model,climatebert_multi_20260526T112517Z_c8b7dc
llm_cb2b83166140,no,0.983369,False,distilroberta-base-climate-commitment,Local model,climatebert_multi_20260526T112517Z_c8b7dc
llm_e79f43f0ebb2,no,0.898719,False,distilroberta-base-climate-commitment,Local model,climatebert_multi_20260526T112517Z_c8b7dc
llm_ed8bf397ebca,no,0.947371,False,distilroberta-base-climate-commitment,Local model,climatebert_multi_20260526T112517Z_c8b7dc
llm_68dc88e07238,no,0.716366,False,distilroberta-base-climate-commitment,Local model,climatebert_multi_20260526T112517Z_c8b7dc
llm_7d7917e2acfe,no,0.708539,False,distilroberta-base-climate-commitment,Local model,climatebert_multi_20260526T112517Z_c8b7dc
llm_2c02922f2e32,no,0.864737,False,distilroberta-base-climate-commitment,Local model,climatebert_multi_20260526T112517Z_c8b7dc
llm_857daa02591b,no,0.89136,False,distilroberta-base-climate-commitment,Local model,climatebert_multi_20260526T112517Z_c8b7dc
llm_0ee6254ca8bf,no,0.907275,False,distilroberta-base-climate-commitment,Local model,climatebert_multi_20260526T112517Z_c8b7dc
llm_257e599d3a95,no,0.907438,False,distilroberta-base-climate-commitment,Local model,climatebert_multi_20260526T112517Z_c8b7dc
llm_935ca9a6c3a4,no,0.82556,False,distilroberta-base-climate-commitment,Local model,climatebert_multi_20260526T112517Z_c8b7dc
llm_c7861a70326b,no,0.976843,False,distilroberta-base-climate-commitment,Local model,climatebert_multi_20260526T112517Z_c8b7dc
llm_facb816c3692,no,0.89136,False,distilroberta-base-climate-commitment,Local model,climatebert_multi_20260526T112517Z_c8b7dc
llm_1368a13a9b20,no,0.907275,False,distilroberta-base-climate-commitment,Local model,climatebert_multi_20260526T112517Z_c8b7dc
llm_49dadf9efb6c,no,0.907438,False,distilroberta-base-climate-commitment,Local model,climatebert_multi_20260526T112517Z_c8b7dc
llm_2e747ee2af5c,no,0.82556,False,distilroberta-base-climate-commitment,Local model,climatebert_multi_20260526T112517Z_c8b7dc
llm_5adc3d53e672,no,0.974688,False,distilroberta-base-climate-commitment,Local model,climatebert_multi_20260526T112517Z_c8b7dc
llm_23c996972120,no,0.763151,False,distilroberta-base-climate-commitment,Local model,climatebert_multi_20260526T112517Z_c8b7dc
llm_d79de0f30ed8,no,0.853549,False,distilroberta-base-climate-commitment,Local model,climatebert_multi_20260526T112517Z_c8b7dc
llm_18839d43a89f,no,0.907735,False,distilroberta-base-climate-commitment,Local model,climatebert_multi_20260526T112517Z_c8b7dc
llm_fd0a7198fd87,no,0.89136,False,distilroberta-base-climate-commitment,Local model,climatebert_multi_20260526T112517Z_c8b7dc
llm_7544b577b9c0,no,0.907275,False,distilroberta-base-climate-commitment,Local model,climatebert_multi_20260526T112517Z_c8b7dc
llm_af55fec15e53,no,0.863626,False,distilroberta-base-climate-commitment,Local model,climatebert_multi_20260526T112517Z_c8b7dc
llm_cd69e6ef1807,no,0.98082,False,distilroberta-base-climate-commitment,Local model,climatebert_multi_20260526T112517Z_c8b7dc
llm_06f89fbdd983,no,0.955115,False,distilroberta-base-climate-commitment,Local model,climatebert_multi_20260526T112517Z_c8b7dc
llm_8615dccd8c20,no,0.907438,False,distilroberta-base-climate-commitment,Local model,climatebert_multi_20260526T112517Z_c8b7dc
llm_5e917adaec82,no,0.927115,False,distilroberta-base-climate-commitment,Local model,climatebert_multi_20260526T112517Z_c8b7dc
llm_0b4f75f8a7aa,no,0.89136,False,distilroberta-base-climate-commitment,Local model,climatebert_multi_20260526T112517Z_c8b7dc
llm_69c48a4c9777,no,0.913995,False,distilroberta-base-climate-commitment,Local model,climatebert_multi_20260526T112517Z_c8b7dc
llm_5c187413b623,no,0.865,False,distilroberta-base-climate-commitment,Local model,climatebert_multi_20260526T112517Z_c8b7dc
llm_3b41d0ff27b7,no,0.877208,False,distilroberta-base-climate-commitment,Local model,climatebert_multi_20260526T112517Z_c8b7dc
llm_d662a9b2c443,no,0.842775,False,distilroberta-base-climate-commitment,Local model,climatebert_multi_20260526T112517Z_c8b7dc
llm_2374fa7e7d98,no,0.898719,False,distilroberta-base-climate-commitment,Local model,climatebert_multi_20260526T112517Z_c8b7dc
llm_205922cbc4aa,no,0.727878,False,distilroberta-base-climate-commitment,Local model,climatebert_multi_20260526T112517Z_c8b7dc
llm_af6d0e01a08d,no,0.89136,False,distilroberta-base-climate-commitment,Local model,climatebert_multi_20260526T112517Z_c8b7dc
llm_bdd362dd7939,no,0.913995,False,distilroberta-base-climate-commitment,Local model,climatebert_multi_20260526T112517Z_c8b7dc
llm_695bcb0709ea,no,0.846032,False,distilroberta-base-climate-commitment,Local model,climatebert_multi_20260526T112517Z_c8b7dc
llm_97e8b6ab9882,no,0.607648,False,distilroberta-base-climate-commitment,Local model,climatebert_multi_20260526T112517Z_c8b7dc
llm_1222d3da539e,no,0.898719,False,distilroberta-base-climate-commitment,Local model,climatebert_multi_20260526T112517Z_c8b7dc
llm_8f771f4b9c2e,no,0.842775,False,distilroberta-base-climate-commitment,Local model,climatebert_multi_20260526T112517Z_c8b7dc
llm_f1a2b7353e0d,no,0.855581,False,distilroberta-base-climate-commitment,Local model,climatebert_multi_20260526T112517Z_c8b7dc
llm_ea32e2e8282c,no,0.936141,False,distilroberta-base-climate-commitment,Local model,climatebert_multi_20260526T112517Z_c8b7dc
llm_298245bcc583,no,0.944225,False,distilroberta-base-climate-commitment,Local model,climatebert_multi_20260526T112517Z_c8b7dc
llm_dd49648b38a5,no,0.859615,False,distilroberta-base-climate-commitment,Local model,climatebert_multi_20260526T112517Z_c8b7dc
llm_278fe6993b99,no,0.892005,False,distilroberta-base-climate-commitment,Local model,climatebert_multi_20260526T112517Z_c8b7dc
llm_4a7068ea19a4,no,0.8308,False,distilroberta-base-climate-commitment,Local model,climatebert_multi_20260526T112517Z_c8b7dc
llm_f6732b1653fa,no,0.842775,False,distilroberta-base-climate-commitment,Local model,climatebert_multi_20260526T112517Z_c8b7dc
llm_883e91010412,no,0.934631,False,distilroberta-base-climate-commitment,Local model,climatebert_multi_20260526T112517Z_c8b7dc
llm_60aa6c381f5f,no,0.907438,False,distilroberta-base-climate-commitment,Local model,climatebert_multi_20260526T112517Z_c8b7dc
llm_3cc5be0f07d3,no,0.679875,False,distilroberta-base-climate-commitment,Local model,climatebert_multi_20260526T112517Z_c8b7dc
llm_ffdd871adf17,no,0.89136,False,distilroberta-base-climate-commitment,Local model,climatebert_multi_20260526T112517Z_c8b7dc
llm_d47f50e80889,no,0.913995,False,distilroberta-base-climate-commitment,Local model,climatebert_multi_20260526T112517Z_c8b7dc
llm_5e1af28c6b26,no,0.863626,False,distilroberta-base-climate-commitment,Local model,climatebert_multi_20260526T112517Z_c8b7dc
llm_f0d36d07f19e,no,0.974688,False,distilroberta-base-climate-commitment,Local model,climatebert_multi_20260526T112517Z_c8b7dc
llm_f46ba758e752,no,0.791236,False,distilroberta-base-climate-commitment,Local model,climatebert_multi_20260526T112517Z_c8b7dc
llm_2c37966e5375,no,0.842775,False,distilroberta-base-climate-commitment,Local model,climatebert_multi_20260526T112517Z_c8b7dc
llm_d42462cb81d0,no,0.734083,False,distilroberta-base-climate-commitment,Local model,climatebert_multi_20260526T112517Z_c8b7dc
llm_3a390a320b94,no,0.907438,False,distilroberta-base-climate-commitment,Local model,climatebert_multi_20260526T112517Z_c8b7dc
llm_21d93750431f,no,0.898719,False,distilroberta-base-climate-commitment,Local model,climatebert_multi_20260526T112517Z_c8b7dc
llm_77188e6895b0,no,0.858178,False,distilroberta-base-climate-commitment,Local model,climatebert_multi_20260526T112517Z_c8b7dc
llm_959ffa2f0fb7,no,0.89136,False,distilroberta-base-climate-commitment,Local model,climatebert_multi_20260526T112517Z_c8b7dc
llm_21a00f6a274d,no,0.913995,False,distilroberta-base-climate-commitment,Local model,climatebert_multi_20260526T112517Z_c8b7dc
llm_0500b4e0e09e,no,0.907438,False,distilroberta-base-climate-commitment,Local model,climatebert_multi_20260526T112517Z_c8b7dc
llm_4bda825f0a5c,no,0.98082,False,distilroberta-base-climate-commitment,Local model,climatebert_multi_20260526T112517Z_c8b7dc
llm_debf5da96ebf,no,0.89136,False,distilroberta-base-climate-commitment,Local model,climatebert_multi_20260526T112517Z_c8b7dc
llm_3c6f27e8c0ec,no,0.907275,False,distilroberta-base-climate-commitment,Local model,climatebert_multi_20260526T112517Z_c8b7dc
llm_d6262d1e66a7,no,0.734083,False,distilroberta-base-climate-commitment,Local model,climatebert_multi_20260526T112517Z_c8b7dc
llm_afc2c91c9d48,no,0.983369,False,distilroberta-base-climate-commitment,Local model,climatebert_multi_20260526T112517Z_c8b7dc
llm_ad23a2eb9c67,no,0.882681,False,distilroberta-base-climate-commitment,Local model,climatebert_multi_20260526T112517Z_c8b7dc
llm_1b8f0b950e2d,no,0.928275,False,distilroberta-base-climate-commitment,Local model,climatebert_multi_20260526T112517Z_c8b7dc
llm_9c81b7163643,no,0.793549,False,distilroberta-base-climate-commitment,Local model,climatebert_multi_20260526T112517Z_c8b7dc
llm_011528b77ca3,no,0.890339,False,distilroberta-base-climate-commitment,Local model,climatebert_multi_20260526T112517Z_c8b7dc
llm_d671db6ac9d5,no,0.875132,False,distilroberta-base-climate-commitment,Local model,climatebert_multi_20260526T112517Z_c8b7dc
llm_49482d5ee4e8,no,0.594089,False,distilroberta-base-climate-commitment,Local model,climatebert_multi_20260526T112517Z_c8b7dc
llm_4973a8cae9b7,no,0.621674,False,distilroberta-base-climate-commitment,Local model,climatebert_multi_20260526T112517Z_c8b7dc
llm_7eb0fe1bb670,no,0.734563,False,distilroberta-base-climate-commitment,Local model,climatebert_multi_20260526T112517Z_c8b7dc
llm_aac08e31cea5,no,0.690861,False,distilroberta-base-climate-commitment,Local model,climatebert_multi_20260526T112517Z_c8b7dc
llm_5f24e6f012f3,no,0.744486,False,distilroberta-base-climate-commitment,Local model,climatebert_multi_20260526T112517Z_c8b7dc
llm_7d7be1ac58d6,no,0.706894,False,distilroberta-base-climate-commitment,Local model,climatebert_multi_20260526T112517Z_c8b7dc
llm_80dcb7d1f5d5,no,0.631066,False,distilroberta-base-climate-commitment,Local model,climatebert_multi_20260526T112517Z_c8b7dc
llm_44ec00c48268,no,0.752192,False,distilroberta-base-climate-commitment,Local model,climatebert_multi_20260526T112517Z_c8b7dc
llm_e87a7eb04b8d,no,0.748372,False,distilroberta-base-climate-commitment,Local model,climatebert_multi_20260526T112517Z_c8b7dc
llm_a6ec50da6465,no,0.864272,False,distilroberta-base-climate-commitment,Local model,climatebert_multi_20260526T112517Z_c8b7dc
llm_4e1b245c37a7,no,0.89136,False,distilroberta-base-climate-commitment,Local model,climatebert_multi_20260526T112517Z_c8b7dc
llm_93fb21f634b9,no,0.907275,False,distilroberta-base-climate-commitment,Local model,climatebert_multi_20260526T112517Z_c8b7dc
llm_a1e48c2e3f43,no,0.95705,False,distilroberta-base-climate-commitment,Local model,climatebert_multi_20260526T112517Z_c8b7dc
llm_13610a1a3fe3,no,0.907438,False,distilroberta-base-climate-commitment,Local model,climatebert_multi_20260526T112517Z_c8b7dc
llm_071a2657d426,no,0.852991,False,distilroberta-base-climate-commitment,Local model,climatebert_multi_20260526T112517Z_c8b7dc
llm_70acc1c933cc,no,0.694383,False,distilroberta-base-climate-commitment,Local model,climatebert_multi_20260526T112517Z_c8b7dc
llm_84ee0e0622dc,no,0.973319,False,distilroberta-base-climate-commitment,Local model,climatebert_multi_20260526T112517Z_c8b7dc
llm_c41f7ce5f21f,no,0.878692,False,distilroberta-base-climate-commitment,Local model,climatebert_multi_20260526T112517Z_c8b7dc
llm_5ed5c7b5cce2,no,0.913454,False,distilroberta-base-climate-commitment,Local model,climatebert_multi_20260526T112517Z_c8b7dc
llm_ca2a9511e17b,no,0.863544,False,distilroberta-base-climate-commitment,Local model,climatebert_multi_20260526T112517Z_c8b7dc
llm_ce9da5b39066,no,0.81492,False,distilroberta-base-climate-commitment,Local model,climatebert_multi_20260526T112517Z_c8b7dc
llm_579f68687639,no,0.981259,False,distilroberta-base-climate-commitment,Local model,climatebert_multi_20260526T112517Z_c8b7dc
llm_a9fe57c9527f,no,0.862984,False,distilroberta-base-climate-commitment,Local model,climatebert_multi_20260526T112517Z_c8b7dc
llm_465bb6d471e5,no,0.882575,False,distilroberta-base-climate-commitment,Local model,climatebert_multi_20260526T112517Z_c8b7dc
llm_0697ffd21e51,no,0.846888,False,distilroberta-base-climate-commitment,Local model,climatebert_multi_20260526T112517Z_c8b7dc
llm_bfb035e673f7,no,0.780809,False,distilroberta-base-climate-commitment,Local model,climatebert_multi_20260526T112517Z_c8b7dc
llm_5da0165ecc37,yes,0.9098,True,distilroberta-base-climate-commitment,Local model,climatebert_multi_20260526T112517Z_c8b7dc
llm_49fcffd142f5,no,0.94144,False,distilroberta-base-climate-commitment,Local model,climatebert_multi_20260526T112517Z_c8b7dc
llm_9a0b376284c1,no,0.89136,False,distilroberta-base-climate-commitment,Local model,climatebert_multi_20260526T112517Z_c8b7dc
llm_b2f21697ac88,no,0.913995,False,distilroberta-base-climate-commitment,Local model,climatebert_multi_20260526T112517Z_c8b7dc
llm_d468485dee4b,no,0.92657,False,distilroberta-base-climate-commitment,Local model,climatebert_multi_20260526T112517Z_c8b7dc
llm_68ee1d0ab176,no,0.969578,False,distilroberta-base-climate-commitment,Local model,climatebert_multi_20260526T112517Z_c8b7dc
llm_6bb60dfef659,no,0.793549,False,distilroberta-base-climate-commitment,Local model,climatebert_multi_20260526T112517Z_c8b7dc
llm_7b34345a9cb7,no,0.890339,False,distilroberta-base-climate-commitment,Local model,climatebert_multi_20260526T112517Z_c8b7dc
llm_f206717f7e38,no,0.594089,False,distilroberta-base-climate-commitment,Local model,climatebert_multi_20260526T112517Z_c8b7dc
llm_4f097a604df5,no,0.736614,False,distilroberta-base-climate-commitment,Local model,climatebert_multi_20260526T112517Z_c8b7dc
llm_a4c8af63903d,no,0.734563,False,distilroberta-base-climate-commitment,Local model,climatebert_multi_20260526T112517Z_c8b7dc
llm_b0e0a9b7bc67,no,0.690861,False,distilroberta-base-climate-commitment,Local model,climatebert_multi_20260526T112517Z_c8b7dc
llm_d9ea76a030dd,no,0.744486,False,distilroberta-base-climate-commitment,Local model,climatebert_multi_20260526T112517Z_c8b7dc
llm_1c9de9e0f03d,no,0.706894,False,distilroberta-base-climate-commitment,Local model,climatebert_multi_20260526T112517Z_c8b7dc
llm_df89054eae4c,no,0.631066,False,distilroberta-base-climate-commitment,Local model,climatebert_multi_20260526T112517Z_c8b7dc
llm_95e29f10092c,no,0.752192,False,distilroberta-base-climate-commitment,Local model,climatebert_multi_20260526T112517Z_c8b7dc
llm_5e4954e1070c,no,0.748372,False,distilroberta-base-climate-commitment,Local model,climatebert_multi_20260526T112517Z_c8b7dc
llm_699ba50cb62b,no,0.824579,False,distilroberta-base-climate-commitment,Local model,climatebert_multi_20260526T112517Z_c8b7dc
llm_ee78866c15fe,no,0.974954,False,distilroberta-base-climate-commitment,Local model,climatebert_multi_20260526T112517Z_c8b7dc
llm_4d725be579d9,no,0.992066,False,distilroberta-base-climate-commitment,Local model,climatebert_multi_20260526T112517Z_c8b7dc
llm_3a52965b4ff8,no,0.995867,False,distilroberta-base-climate-commitment,Local model,climatebert_multi_20260526T112517Z_c8b7dc
llm_339829ef2f69,no,0.963836,False,distilroberta-base-climate-commitment,Local model,climatebert_multi_20260526T112517Z_c8b7dc
llm_a37079492e4b,no,0.986289,False,distilroberta-base-climate-commitment,Local model,climatebert_multi_20260526T112517Z_c8b7dc
llm_d0957b90bba6,no,0.977838,False,distilroberta-base-climate-commitment,Local model,climatebert_multi_20260526T112517Z_c8b7dc
llm_242770bfe7f6,no,0.987032,False,distilroberta-base-climate-commitment,Local model,climatebert_multi_20260526T112517Z_c8b7dc
llm_b58985c50b46,no,0.594089,False,distilroberta-base-climate-commitment,Local model,climatebert_multi_20260526T112517Z_c8b7dc
llm_bf01f666ddea,no,0.736294,False,distilroberta-base-climate-commitment,Local model,climatebert_multi_20260526T112517Z_c8b7dc
llm_3c89c270f250,no,0.782103,False,distilroberta-base-climate-commitment,Local model,climatebert_multi_20260526T112517Z_c8b7dc
llm_5a73d83ebb45,no,0.78212,False,distilroberta-base-climate-commitment,Local model,climatebert_multi_20260526T112517Z_c8b7dc
llm_ccd8ab6edec9,no,0.857161,False,distilroberta-base-climate-commitment,Local model,climatebert_multi_20260526T112517Z_c8b7dc
llm_a5213d4eecb7,no,0.979344,False,distilroberta-base-climate-commitment,Local model,climatebert_multi_20260526T112517Z_c8b7dc
llm_57ce82a21768,no,0.911276,False,distilroberta-base-climate-commitment,Local model,climatebert_multi_20260526T112517Z_c8b7dc
llm_9b1ee067f428,no,0.815717,False,distilroberta-base-climate-commitment,Local model,climatebert_multi_20260526T112517Z_c8b7dc
llm_550c2aba7afc,no,0.794702,False,distilroberta-base-climate-commitment,Local model,climatebert_multi_20260526T112517Z_c8b7dc
llm_9da510b9c58c,no,0.727878,False,distilroberta-base-climate-commitment,Local model,climatebert_multi_20260526T112517Z_c8b7dc
llm_2605d409bbdf,no,0.907438,False,distilroberta-base-climate-commitment,Local model,climatebert_multi_20260526T112517Z_c8b7dc
llm_a1fdfa78e7a0,no,0.716366,False,distilroberta-base-climate-commitment,Local model,climatebert_multi_20260526T112517Z_c8b7dc
llm_a60d507b9c67,no,0.807698,False,distilroberta-base-climate-commitment,Local model,climatebert_multi_20260526T112517Z_c8b7dc
llm_d42e6cfd67e0,no,0.89136,False,distilroberta-base-climate-commitment,Local model,climatebert_multi_20260526T112517Z_c8b7dc
llm_f0eb594acb67,no,0.907275,False,distilroberta-base-climate-commitment,Local model,climatebert_multi_20260526T112517Z_c8b7dc
llm_dc3aa96089db,no,0.786638,False,distilroberta-base-climate-commitment,Local model,climatebert_multi_20260526T112517Z_c8b7dc
llm_57a2dce78351,no,0.845242,False,distilroberta-base-climate-commitment,Local model,climatebert_multi_20260526T112517Z_c8b7dc
llm_4ee1504aa5c5,no,0.860295,False,distilroberta-base-climate-commitment,Local model,climatebert_multi_20260526T112517Z_c8b7dc
llm_47f4cd136fdc,no,0.877821,False,distilroberta-base-climate-commitment,Local model,climatebert_multi_20260526T112517Z_c8b7dc
llm_0a5be7e2aeae,no,0.808816,False,distilroberta-base-climate-commitment,Local model,climatebert_multi_20260526T112517Z_c8b7dc
llm_c4e60728c703,no,0.834815,False,distilroberta-base-climate-commitment,Local model,climatebert_multi_20260526T112517Z_c8b7dc
llm_ff75d40c9479,no,0.677335,False,distilroberta-base-climate-commitment,Local model,climatebert_multi_20260526T112517Z_c8b7dc
llm_70a15378c2a8,no,0.867483,False,distilroberta-base-climate-commitment,Local model,climatebert_multi_20260526T112517Z_c8b7dc
llm_f8f16f4082ef,no,0.823093,False,distilroberta-base-climate-commitment,Local model,climatebert_multi_20260526T112517Z_c8b7dc
llm_4c4fe6887eb0,no,0.89136,False,distilroberta-base-climate-commitment,Local model,climatebert_multi_20260526T112517Z_c8b7dc
llm_599acb5852e6,no,0.913995,False,distilroberta-base-climate-commitment,Local model,climatebert_multi_20260526T112517Z_c8b7dc
llm_d6e051bb7e2d,no,0.863626,False,distilroberta-base-climate-commitment,Local model,climatebert_multi_20260526T112517Z_c8b7dc
llm_9256120cd22e,no,0.974688,False,distilroberta-base-climate-commitment,Local model,climatebert_multi_20260526T112517Z_c8b7dc
llm_f2df59e06a35,no,0.791236,False,distilroberta-base-climate-commitment,Local model,climatebert_multi_20260526T112517Z_c8b7dc
llm_06d45764d917,no,0.89136,False,distilroberta-base-climate-commitment,Local model,climatebert_multi_20260526T112517Z_c8b7dc
llm_3e409fce2db5,no,0.913995,False,distilroberta-base-climate-commitment,Local model,climatebert_multi_20260526T112517Z_c8b7dc
llm_21cb627abc9f,no,0.898719,False,distilroberta-base-climate-commitment,Local model,climatebert_multi_20260526T112517Z_c8b7dc
llm_28690d3ce337,no,0.907438,False,distilroberta-base-climate-commitment,Local model,climatebert_multi_20260526T112517Z_c8b7dc
llm_40fb441cd35d,no,0.82556,False,distilroberta-base-climate-commitment,Local model,climatebert_multi_20260526T112517Z_c8b7dc
llm_ec358858831d,no,0.983369,False,distilroberta-base-climate-commitment,Local model,climatebert_multi_20260526T112517Z_c8b7dc
llm_d5131acda306,no,0.914687,False,distilroberta-base-climate-commitment,Local model,climatebert_multi_20260526T112517Z_c8b7dc
llm_6d50c1b4bebe,no,0.817415,False,distilroberta-base-climate-commitment,Local model,climatebert_multi_20260526T112517Z_c8b7dc
llm_5aa72fe6ab6f,no,0.907438,False,distilroberta-base-climate-commitment,Local model,climatebert_multi_20260526T112517Z_c8b7dc
llm_bde01f20ad33,no,0.89136,False,distilroberta-base-climate-commitment,Local model,climatebert_multi_20260526T112517Z_c8b7dc
llm_0c8a596fd428,no,0.913995,False,distilroberta-base-climate-commitment,Local model,climatebert_multi_20260526T112517Z_c8b7dc
llm_07b30a1b2b86,no,0.89124,False,distilroberta-base-climate-commitment,Local model,climatebert_multi_20260526T112517Z_c8b7dc
llm_91d0b7ad7d49,no,0.89136,False,distilroberta-base-climate-commitment,Local model,climatebert_multi_20260526T112517Z_c8b7dc
llm_1477953edae9,no,0.913995,False,distilroberta-base-climate-commitment,Local model,climatebert_multi_20260526T112517Z_c8b7dc
llm_958243baae98,no,0.708539,False,distilroberta-base-climate-commitment,Local model,climatebert_multi_20260526T112517Z_c8b7dc
llm_a7818862b5f2,no,0.937946,False,distilroberta-base-climate-commitment,Local model,climatebert_multi_20260526T112517Z_c8b7dc
llm_730081477f3f,no,0.864919,False,distilroberta-base-climate-commitment,Local model,climatebert_multi_20260526T112517Z_c8b7dc
llm_34b1e95c8760,no,0.863626,False,distilroberta-base-climate-commitment,Local model,climatebert_multi_20260526T112517Z_c8b7dc
llm_77c3a7eba7c6,no,0.983369,False,distilroberta-base-climate-commitment,Local model,climatebert_multi_20260526T112517Z_c8b7dc
llm_2815380e9eb7,no,0.928275,False,distilroberta-base-climate-commitment,Local model,climatebert_multi_20260526T112517Z_c8b7dc
llm_80c52dcfcfc3,no,0.793549,False,distilroberta-base-climate-commitment,Local model,climatebert_multi_20260526T112517Z_c8b7dc
llm_0f609d6d64d5,no,0.890339,False,distilroberta-base-climate-commitment,Local model,climatebert_multi_20260526T112517Z_c8b7dc
llm_fc5415f5c113,no,0.900488,False,distilroberta-base-climate-commitment,Local model,climatebert_multi_20260526T112517Z_c8b7dc
llm_d883311506de,no,0.594089,False,distilroberta-base-climate-commitment,Local model,climatebert_multi_20260526T112517Z_c8b7dc
llm_24bd20d2ebe7,no,0.736294,False,distilroberta-base-climate-commitment,Local model,climatebert_multi_20260526T112517Z_c8b7dc
llm_97202bf0fa5a,no,0.734563,False,distilroberta-base-climate-commitment,Local model,climatebert_multi_20260526T112517Z_c8b7dc
llm_3b6d021cd316,no,0.690861,False,distilroberta-base-climate-commitment,Local model,climatebert_multi_20260526T112517Z_c8b7dc
llm_821b536da541,no,0.744486,False,distilroberta-base-climate-commitment,Local model,climatebert_multi_20260526T112517Z_c8b7dc
llm_a023de1ca413,no,0.631066,False,distilroberta-base-climate-commitment,Local model,climatebert_multi_20260526T112517Z_c8b7dc
llm_2ee91da216be,no,0.752192,False,distilroberta-base-climate-commitment,Local model,climatebert_multi_20260526T112517Z_c8b7dc
llm_d1a285c9891f,no,0.748372,False,distilroberta-base-climate-commitment,Local model,climatebert_multi_20260526T112517Z_c8b7dc
llm_03044e494152,no,0.797147,False,distilroberta-base-climate-commitment,Local model,climatebert_multi_20260526T112517Z_c8b7dc
llm_baead8411951,no,0.706894,False,distilroberta-base-climate-commitment,Local model,climatebert_multi_20260526T112517Z_c8b7dc
llm_4afc05d69960,no,0.995541,False,distilroberta-base-climate-commitment,Local model,climatebert_multi_20260526T112517Z_c8b7dc
llm_19c1bed791f9,no,0.997694,False,distilroberta-base-climate-commitment,Local model,climatebert_multi_20260526T112517Z_c8b7dc
llm_43638d28a2c3,no,0.93416,False,distilroberta-base-climate-commitment,Local model,climatebert_multi_20260526T112517Z_c8b7dc
llm_62bdfd16c808,no,0.971875,False,distilroberta-base-climate-commitment,Local model,climatebert_multi_20260526T112517Z_c8b7dc
llm_171253d5fc28,no,0.975613,False,distilroberta-base-climate-commitment,Local model,climatebert_multi_20260526T112517Z_c8b7dc
llm_aee34dfcb9cb,no,0.858144,False,distilroberta-base-climate-commitment,Local model,climatebert_multi_20260526T112517Z_c8b7dc
llm_7a9683665177,no,0.694896,False,distilroberta-base-climate-commitment,Local model,climatebert_multi_20260526T112517Z_c8b7dc
llm_7e47087bec50,no,0.842775,False,distilroberta-base-climate-commitment,Local model,climatebert_multi_20260526T112517Z_c8b7dc
llm_1b973ac2f0fb,yes,0.893124,True,distilroberta-base-climate-commitment,Local model,climatebert_multi_20260526T112517Z_c8b7dc
llm_bf39ff0e05ae,yes,0.603617,True,distilroberta-base-climate-commitment,Local model,climatebert_multi_20260526T112517Z_c8b7dc
llm_fac5d7d8a858,no,0.995548,False,distilroberta-base-climate-commitment,Local model,climatebert_multi_20260526T112517Z_c8b7dc
llm_50ae397c770a,no,0.96293,False,distilroberta-base-climate-commitment,Local model,climatebert_multi_20260526T112517Z_c8b7dc
llm_2b7949b0ced5,no,0.907438,False,distilroberta-base-climate-commitment,Local model,climatebert_multi_20260526T112517Z_c8b7dc
llm_2c19b1d96221,no,0.907438,False,distilroberta-base-climate-commitment,Local model,climatebert_multi_20260526T112517Z_c8b7dc
llm_3a43373a1654,no,0.89136,False,distilroberta-base-climate-commitment,Local model,climatebert_multi_20260526T112517Z_c8b7dc
llm_df7ad2db0d7c,no,0.913995,False,distilroberta-base-climate-commitment,Local model,climatebert_multi_20260526T112517Z_c8b7dc
llm_0e1880e6f972,no,0.691991,False,distilroberta-base-climate-commitment,Local model,climatebert_multi_20260526T112517Z_c8b7dc
llm_c1c5a3a9be43,no,0.907438,False,distilroberta-base-climate-commitment,Local model,climatebert_multi_20260526T112517Z_c8b7dc
llm_cd281c53328c,no,0.89136,False,distilroberta-base-climate-commitment,Local model,climatebert_multi_20260526T112517Z_c8b7dc
llm_e04630683a7b,no,0.896261,False,distilroberta-base-climate-commitment,Local model,climatebert_multi_20260526T112517Z_c8b7dc
llm_e4ab6e24cbbf,no,0.959536,False,distilroberta-base-climate-commitment,Local model,climatebert_multi_20260526T112517Z_c8b7dc
llm_7015dc39e3bb,no,0.793549,False,distilroberta-base-climate-commitment,Local model,climatebert_multi_20260526T112517Z_c8b7dc
llm_b22dd9e4de6e,no,0.594089,False,distilroberta-base-climate-commitment,Local model,climatebert_multi_20260526T112517Z_c8b7dc
llm_b7cdd7076b37,no,0.621674,False,distilroberta-base-climate-commitment,Local model,climatebert_multi_20260526T112517Z_c8b7dc
llm_dce09922a25c,no,0.734563,False,distilroberta-base-climate-commitment,Local model,climatebert_multi_20260526T112517Z_c8b7dc
llm_1c09b0e8fc6b,no,0.690861,False,distilroberta-base-climate-commitment,Local model,climatebert_multi_20260526T112517Z_c8b7dc
llm_675792ea6549,no,0.744486,False,distilroberta-base-climate-commitment,Local model,climatebert_multi_20260526T112517Z_c8b7dc
llm_422db1e23bee,no,0.631066,False,distilroberta-base-climate-commitment,Local model,climatebert_multi_20260526T112517Z_c8b7dc
llm_402786c2d115,no,0.752192,False,distilroberta-base-climate-commitment,Local model,climatebert_multi_20260526T112517Z_c8b7dc
llm_a2ef0cf79e62,no,0.748372,False,distilroberta-base-climate-commitment,Local model,climatebert_multi_20260526T112517Z_c8b7dc
llm_2b52ce8bd445,no,0.797147,False,distilroberta-base-climate-commitment,Local model,climatebert_multi_20260526T112517Z_c8b7dc
llm_8d5aa9d5040a,no,0.619739,False,distilroberta-base-climate-commitment,Local model,climatebert_multi_20260526T112517Z_c8b7dc
llm_82ce19216313,no,0.89136,False,distilroberta-base-climate-commitment,Local model,climatebert_multi_20260526T112517Z_c8b7dc
llm_2c1db30fb97a,no,0.913995,False,distilroberta-base-climate-commitment,Local model,climatebert_multi_20260526T112517Z_c8b7dc
llm_fc7025307d64,no,0.898719,False,distilroberta-base-climate-commitment,Local model,climatebert_multi_20260526T112517Z_c8b7dc
llm_18d364fa45f1,no,0.907438,False,distilroberta-base-climate-commitment,Local model,climatebert_multi_20260526T112517Z_c8b7dc
llm_c4935736563a,no,0.863626,False,distilroberta-base-climate-commitment,Local model,climatebert_multi_20260526T112517Z_c8b7dc
llm_458c2ca5bdff,no,0.983369,False,distilroberta-base-climate-commitment,Local model,climatebert_multi_20260526T112517Z_c8b7dc
llm_745f30db72b4,no,0.714156,False,distilroberta-base-climate-commitment,Local model,climatebert_multi_20260526T112517Z_c8b7dc
llm_62b09ec56091,no,0.907438,False,distilroberta-base-climate-commitment,Local model,climatebert_multi_20260526T112517Z_c8b7dc
llm_19d6b95edccc,no,0.898719,False,distilroberta-base-climate-commitment,Local model,climatebert_multi_20260526T112517Z_c8b7dc
llm_967d94186e02,no,0.89136,False,distilroberta-base-climate-commitment,Local model,climatebert_multi_20260526T112517Z_c8b7dc
llm_136659a1b2c5,no,0.918088,False,distilroberta-base-climate-commitment,Local model,climatebert_multi_20260526T112517Z_c8b7dc
llm_5f64802838e6,no,0.913079,False,distilroberta-base-climate-commitment,Local model,climatebert_multi_20260526T112517Z_c8b7dc
llm_17537d5a731f,no,0.848082,False,distilroberta-base-climate-commitment,Local model,climatebert_multi_20260526T112517Z_c8b7dc
llm_90a10a8fb02f,no,0.830695,False,distilroberta-base-climate-commitment,Local model,climatebert_multi_20260526T112517Z_c8b7dc
llm_0391669d8e3e,no,0.953458,False,distilroberta-base-climate-commitment,Local model,climatebert_multi_20260526T112517Z_c8b7dc
llm_dbf4cdf90dcf,no,0.964755,False,distilroberta-base-climate-commitment,Local model,climatebert_multi_20260526T112517Z_c8b7dc
llm_61ca3bb09edf,no,0.958989,False,distilroberta-base-climate-commitment,Local model,climatebert_multi_20260526T112517Z_c8b7dc
llm_2c7b31204646,no,0.92657,False,distilroberta-base-climate-commitment,Local model,climatebert_multi_20260526T112517Z_c8b7dc
llm_0299de3415ff,no,0.960003,False,distilroberta-base-climate-commitment,Local model,climatebert_multi_20260526T112517Z_c8b7dc
llm_44e62c02c07b,no,0.793549,False,distilroberta-base-climate-commitment,Local model,climatebert_multi_20260526T112517Z_c8b7dc
llm_0fe190e77e74,no,0.890339,False,distilroberta-base-climate-commitment,Local model,climatebert_multi_20260526T112517Z_c8b7dc
llm_d7e50f2003dd,no,0.906635,False,distilroberta-base-climate-commitment,Local model,climatebert_multi_20260526T112517Z_c8b7dc
llm_32386d75ea8c,no,0.832946,False,distilroberta-base-climate-commitment,Local model,climatebert_multi_20260526T112517Z_c8b7dc
llm_489578afa891,no,0.690861,False,distilroberta-base-climate-commitment,Local model,climatebert_multi_20260526T112517Z_c8b7dc
llm_7a8f0dd0831d,no,0.744486,False,distilroberta-base-climate-commitment,Local model,climatebert_multi_20260526T112517Z_c8b7dc
llm_3e0a5900969c,no,0.881191,False,distilroberta-base-climate-commitment,Local model,climatebert_multi_20260526T112517Z_c8b7dc
llm_c5f5c76590c7,no,0.929138,False,distilroberta-base-climate-commitment,Local model,climatebert_multi_20260526T112517Z_c8b7dc
llm_b898951dfa5b,no,0.566603,False,distilroberta-base-climate-commitment,Local model,climatebert_multi_20260526T112517Z_c8b7dc
llm_930c0d97534d,no,0.949283,False,distilroberta-base-climate-commitment,Local model,climatebert_multi_20260526T112517Z_c8b7dc
llm_24095103cc6f,no,0.972701,False,distilroberta-base-climate-commitment,Local model,climatebert_multi_20260526T112517Z_c8b7dc
llm_bb4fd60f8659,no,0.935176,False,distilroberta-base-climate-commitment,Local model,climatebert_multi_20260526T112517Z_c8b7dc
llm_ef22bf5f74ae,no,0.907438,False,distilroberta-base-climate-commitment,Local model,climatebert_multi_20260526T112517Z_c8b7dc
llm_18bd3590910c,no,0.89136,False,distilroberta-base-climate-commitment,Local model,climatebert_multi_20260526T112517Z_c8b7dc
llm_8bb0f6f7eeea,no,0.913995,False,distilroberta-base-climate-commitment,Local model,climatebert_multi_20260526T112517Z_c8b7dc
llm_238cd51b69b7,no,0.855894,False,distilroberta-base-climate-commitment,Local model,climatebert_multi_20260526T112517Z_c8b7dc
llm_b25086a3c744,no,0.934548,False,distilroberta-base-climate-commitment,Local model,climatebert_multi_20260526T112517Z_c8b7dc
llm_eaa2b0d74a38,no,0.952743,False,distilroberta-base-climate-commitment,Local model,climatebert_multi_20260526T112517Z_c8b7dc
llm_4be652cab492,no,0.855222,False,distilroberta-base-climate-commitment,Local model,climatebert_multi_20260526T112517Z_c8b7dc
llm_a4ba0ce8d988,no,0.980654,False,distilroberta-base-climate-commitment,Local model,climatebert_multi_20260526T112517Z_c8b7dc
llm_f1fb70779094,no,0.917078,False,distilroberta-base-climate-commitment,Local model,climatebert_multi_20260526T112517Z_c8b7dc
llm_3ca587950a76,no,0.832946,False,distilroberta-base-climate-commitment,Local model,climatebert_multi_20260526T112517Z_c8b7dc
llm_7ba0115a3526,no,0.881191,False,distilroberta-base-climate-commitment,Local model,climatebert_multi_20260526T112517Z_c8b7dc
llm_dd78fbe2f430,no,0.929138,False,distilroberta-base-climate-commitment,Local model,climatebert_multi_20260526T112517Z_c8b7dc
llm_10282cfcc465,no,0.980654,False,distilroberta-base-climate-commitment,Local model,climatebert_multi_20260526T112517Z_c8b7dc
llm_46afada7f1c7,no,0.934482,False,distilroberta-base-climate-commitment,Local model,climatebert_multi_20260526T112517Z_c8b7dc
llm_90d4482fee46,no,0.832946,False,distilroberta-base-climate-commitment,Local model,climatebert_multi_20260526T112517Z_c8b7dc
llm_38942ad10b60,no,0.881191,False,distilroberta-base-climate-commitment,Local model,climatebert_multi_20260526T112517Z_c8b7dc
llm_732508e39e95,no,0.929138,False,distilroberta-base-climate-commitment,Local model,climatebert_multi_20260526T112517Z_c8b7dc
llm_a76b85b2c150,no,0.906125,False,distilroberta-base-climate-commitment,Local model,climatebert_multi_20260526T112517Z_c8b7dc
llm_fed9e6f9f919,no,0.845117,False,distilroberta-base-climate-commitment,Local model,climatebert_multi_20260526T112517Z_c8b7dc
llm_22f5a54e69eb,no,0.878315,False,distilroberta-base-climate-commitment,Local model,climatebert_multi_20260526T112517Z_c8b7dc
llm_615f18980721,no,0.918484,False,distilroberta-base-climate-commitment,Local model,climatebert_multi_20260526T112517Z_c8b7dc
llm_3342004f9d88,no,0.805685,False,distilroberta-base-climate-commitment,Local model,climatebert_multi_20260526T112517Z_c8b7dc
llm_6381ab1d3e6a,no,0.883711,False,distilroberta-base-climate-commitment,Local model,climatebert_multi_20260526T112517Z_c8b7dc
llm_9c17629d0da7,no,0.908882,False,distilroberta-base-climate-commitment,Local model,climatebert_multi_20260526T112517Z_c8b7dc
llm_c3d13d981d49,no,0.855481,False,distilroberta-base-climate-commitment,Local model,climatebert_multi_20260526T112517Z_c8b7dc
llm_c371de55819a,no,0.942857,False,distilroberta-base-climate-commitment,Local model,climatebert_multi_20260526T112517Z_c8b7dc
llm_ec64365152a7,no,0.89136,False,distilroberta-base-climate-commitment,Local model,climatebert_multi_20260526T112517Z_c8b7dc
llm_b0ffa366bd4b,no,0.907275,False,distilroberta-base-climate-commitment,Local model,climatebert_multi_20260526T112517Z_c8b7dc
llm_e0c7fd7cbb65,no,0.82556,False,distilroberta-base-climate-commitment,Local model,climatebert_multi_20260526T112517Z_c8b7dc
llm_7d765dded3a4,no,0.965158,False,distilroberta-base-climate-commitment,Local model,climatebert_multi_20260526T112517Z_c8b7dc
llm_67448f9b0dde,no,0.791236,False,distilroberta-base-climate-commitment,Local model,climatebert_multi_20260526T112517Z_c8b7dc
llm_b9ecc5fbc90b,no,0.959536,False,distilroberta-base-climate-commitment,Local model,climatebert_multi_20260526T112517Z_c8b7dc
llm_1101157dea83,no,0.793549,False,distilroberta-base-climate-commitment,Local model,climatebert_multi_20260526T112517Z_c8b7dc
llm_abb8f2f58396,no,0.773131,False,distilroberta-base-climate-commitment,Local model,climatebert_multi_20260526T112517Z_c8b7dc
llm_f6e909422307,no,0.736614,False,distilroberta-base-climate-commitment,Local model,climatebert_multi_20260526T112517Z_c8b7dc
llm_6e771ff29c69,no,0.734563,False,distilroberta-base-climate-commitment,Local model,climatebert_multi_20260526T112517Z_c8b7dc
llm_87799f304f8f,no,0.690861,False,distilroberta-base-climate-commitment,Local model,climatebert_multi_20260526T112517Z_c8b7dc
llm_974d18a3d977,no,0.744486,False,distilroberta-base-climate-commitment,Local model,climatebert_multi_20260526T112517Z_c8b7dc
llm_00f447c9fec0,no,0.631066,False,distilroberta-base-climate-commitment,Local model,climatebert_multi_20260526T112517Z_c8b7dc
llm_d0b11cb47aae,no,0.752192,False,distilroberta-base-climate-commitment,Local model,climatebert_multi_20260526T112517Z_c8b7dc
llm_41d20958930f,no,0.748372,False,distilroberta-base-climate-commitment,Local model,climatebert_multi_20260526T112517Z_c8b7dc
llm_2e992c441d6a,no,0.797147,False,distilroberta-base-climate-commitment,Local model,climatebert_multi_20260526T112517Z_c8b7dc
llm_f7d8fe9d4375,no,0.875384,False,distilroberta-base-climate-commitment,Local model,climatebert_multi_20260526T112517Z_c8b7dc
llm_51f58a683d54,no,0.951627,False,distilroberta-base-climate-commitment,Local model,climatebert_multi_20260526T112517Z_c8b7dc
llm_4fb8d086e778,no,0.840638,False,distilroberta-base-climate-commitment,Local model,climatebert_multi_20260526T112517Z_c8b7dc
llm_afa07141db75,no,0.964799,False,distilroberta-base-climate-commitment,Local model,climatebert_multi_20260526T112517Z_c8b7dc
llm_7d79bb924d44,no,0.949194,False,distilroberta-base-climate-commitment,Local model,climatebert_multi_20260526T112517Z_c8b7dc
llm_a6d3d7113e22,no,0.898719,False,distilroberta-base-climate-commitment,Local model,climatebert_multi_20260526T112517Z_c8b7dc
llm_a66a016f5df4,no,0.89136,False,distilroberta-base-climate-commitment,Local model,climatebert_multi_20260526T112517Z_c8b7dc
llm_2bc57df787f6,no,0.913995,False,distilroberta-base-climate-commitment,Local model,climatebert_multi_20260526T112517Z_c8b7dc
llm_ac67bd7d6437,no,0.907438,False,distilroberta-base-climate-commitment,Local model,climatebert_multi_20260526T112517Z_c8b7dc
llm_412cea2741b6,no,0.87888,False,distilroberta-base-climate-commitment,Local model,climatebert_multi_20260526T112517Z_c8b7dc
llm_f2656fc217e8,no,0.851493,False,distilroberta-base-climate-commitment,Local model,climatebert_multi_20260526T112517Z_c8b7dc
llm_e468c16f4102,no,0.934631,False,distilroberta-base-climate-commitment,Local model,climatebert_multi_20260526T112517Z_c8b7dc
llm_c6568ccf66ec,no,0.910776,False,distilroberta-base-climate-commitment,Local model,climatebert_multi_20260526T112517Z_c8b7dc
llm_b2f25732427c,no,0.92657,False,distilroberta-base-climate-commitment,Local model,climatebert_multi_20260526T112517Z_c8b7dc
llm_1f272a28543c,no,0.969578,False,distilroberta-base-climate-commitment,Local model,climatebert_multi_20260526T112517Z_c8b7dc
llm_a22ea6825e0b,no,0.793549,False,distilroberta-base-climate-commitment,Local model,climatebert_multi_20260526T112517Z_c8b7dc
llm_f7919ee3640d,no,0.594089,False,distilroberta-base-climate-commitment,Local model,climatebert_multi_20260526T112517Z_c8b7dc
llm_a0b35ea18929,no,0.621674,False,distilroberta-base-climate-commitment,Local model,climatebert_multi_20260526T112517Z_c8b7dc
llm_ebde15e1ec1b,no,0.734563,False,distilroberta-base-climate-commitment,Local model,climatebert_multi_20260526T112517Z_c8b7dc
llm_313607908f15,no,0.690861,False,distilroberta-base-climate-commitment,Local model,climatebert_multi_20260526T112517Z_c8b7dc
llm_ff34021eee63,no,0.744486,False,distilroberta-base-climate-commitment,Local model,climatebert_multi_20260526T112517Z_c8b7dc
llm_5c630e1a1b15,no,0.631066,False,distilroberta-base-climate-commitment,Local model,climatebert_multi_20260526T112517Z_c8b7dc
llm_b6bd99fe6e45,no,0.752192,False,distilroberta-base-climate-commitment,Local model,climatebert_multi_20260526T112517Z_c8b7dc
llm_f288c3169461,no,0.748372,False,distilroberta-base-climate-commitment,Local model,climatebert_multi_20260526T112517Z_c8b7dc
llm_0f1a0da3c6ce,no,0.947169,False,distilroberta-base-climate-commitment,Local model,climatebert_multi_20260526T112517Z_c8b7dc
llm_6d84ae35bc50,no,0.800617,False,distilroberta-base-climate-commitment,Local model,climatebert_multi_20260526T112517Z_c8b7dc
llm_94a3be3fa283,no,0.990867,False,distilroberta-base-climate-commitment,Local model,climatebert_multi_20260526T112517Z_c8b7dc
llm_a9d565234efd,no,0.935258,False,distilroberta-base-climate-commitment,Local model,climatebert_multi_20260526T112517Z_c8b7dc
llm_5de740652279,no,0.694896,False,distilroberta-base-climate-commitment,Local model,climatebert_multi_20260526T112517Z_c8b7dc
llm_41945263b91b,no,0.772701,False,distilroberta-base-climate-commitment,Local model,climatebert_multi_20260526T112517Z_c8b7dc
llm_6e803419f0da,no,0.969578,False,distilroberta-base-climate-commitment,Local model,climatebert_multi_20260526T112517Z_c8b7dc
llm_525582e26fdc,no,0.793549,False,distilroberta-base-climate-commitment,Local model,climatebert_multi_20260526T112517Z_c8b7dc
llm_553ef8c63991,no,0.890339,False,distilroberta-base-climate-commitment,Local model,climatebert_multi_20260526T112517Z_c8b7dc
llm_994707a56e6f,no,0.594089,False,distilroberta-base-climate-commitment,Local model,climatebert_multi_20260526T112517Z_c8b7dc
llm_f8a9df63bca0,no,0.621674,False,distilroberta-base-climate-commitment,Local model,climatebert_multi_20260526T112517Z_c8b7dc
llm_9e5a3acf5e29,no,0.734563,False,distilroberta-base-climate-commitment,Local model,climatebert_multi_20260526T112517Z_c8b7dc
llm_86aaac8791dc,no,0.690861,False,distilroberta-base-climate-commitment,Local model,climatebert_multi_20260526T112517Z_c8b7dc
llm_20cb555c0d05,no,0.744486,False,distilroberta-base-climate-commitment,Local model,climatebert_multi_20260526T112517Z_c8b7dc
llm_71e20f70c5c2,no,0.631066,False,distilroberta-base-climate-commitment,Local model,climatebert_multi_20260526T112517Z_c8b7dc
llm_1a9454ab611c,no,0.752192,False,distilroberta-base-climate-commitment,Local model,climatebert_multi_20260526T112517Z_c8b7dc
llm_5d844268b19c,no,0.748372,False,distilroberta-base-climate-commitment,Local model,climatebert_multi_20260526T112517Z_c8b7dc
llm_424548f36bd7,no,0.971404,False,distilroberta-base-climate-commitment,Local model,climatebert_multi_20260526T112517Z_c8b7dc
llm_539067de48ad,no,0.698707,False,distilroberta-base-climate-commitment,Local model,climatebert_multi_20260526T112517Z_c8b7dc
llm_eeae794e28ce,no,0.734717,False,distilroberta-base-climate-commitment,Local model,climatebert_multi_20260526T112517Z_c8b7dc
llm_804ebc431b29,no,0.667158,False,distilroberta-base-climate-commitment,Local model,climatebert_multi_20260526T112517Z_c8b7dc
llm_cde8fe188d8e,no,0.701912,False,distilroberta-base-climate-commitment,Local model,climatebert_multi_20260526T112517Z_c8b7dc
llm_fdefbbb1ed8d,no,0.779869,False,distilroberta-base-climate-commitment,Local model,climatebert_multi_20260526T112517Z_c8b7dc
llm_a8ee1021cb36,no,0.615867,False,distilroberta-base-climate-commitment,Local model,climatebert_multi_20260526T112517Z_c8b7dc
llm_1b55e7b1ab85,no,0.723817,False,distilroberta-base-climate-commitment,Local model,climatebert_multi_20260526T112517Z_c8b7dc
llm_df9300d76b34,no,0.71416,False,distilroberta-base-climate-commitment,Local model,climatebert_multi_20260526T112517Z_c8b7dc
llm_8adce8003d61,no,0.646396,False,distilroberta-base-climate-commitment,Local model,climatebert_multi_20260526T112517Z_c8b7dc
llm_61712cea67c6,no,0.742031,False,distilroberta-base-climate-commitment,Local model,climatebert_multi_20260526T112517Z_c8b7dc
llm_e697f8492203,no,0.753918,False,distilroberta-base-climate-commitment,Local model,climatebert_multi_20260526T112517Z_c8b7dc
llm_2cf4dc964699,no,0.756814,False,distilroberta-base-climate-commitment,Local model,climatebert_multi_20260526T112517Z_c8b7dc
llm_5d6b939f5f8c,no,0.661625,False,distilroberta-base-climate-commitment,Local model,climatebert_multi_20260526T112517Z_c8b7dc
llm_e83dda69f19e,no,0.736326,False,distilroberta-base-climate-commitment,Local model,climatebert_multi_20260526T112517Z_c8b7dc
llm_6693037891a7,no,0.797147,False,distilroberta-base-climate-commitment,Local model,climatebert_multi_20260526T112517Z_c8b7dc
llm_e62ff400e96b,no,0.619739,False,distilroberta-base-climate-commitment,Local model,climatebert_multi_20260526T112517Z_c8b7dc
llm_5e3850de995a,no,0.61439,False,distilroberta-base-climate-commitment,Local model,climatebert_multi_20260526T112517Z_c8b7dc
llm_91aa44d84d08,no,0.89136,False,distilroberta-base-climate-commitment,Local model,climatebert_multi_20260526T112517Z_c8b7dc
llm_3e21e2507eac,no,0.918088,False,distilroberta-base-climate-commitment,Local model,climatebert_multi_20260526T112517Z_c8b7dc
llm_901da37ebf2b,no,0.907438,False,distilroberta-base-climate-commitment,Local model,climatebert_multi_20260526T112517Z_c8b7dc
llm_547de36a9f7e,no,0.983369,False,distilroberta-base-climate-commitment,Local model,climatebert_multi_20260526T112517Z_c8b7dc
llm_2114204246c9,no,0.82556,False,distilroberta-base-climate-commitment,Local model,climatebert_multi_20260526T112517Z_c8b7dc
llm_436b7464284b,no,0.959536,False,distilroberta-base-climate-commitment,Local model,climatebert_multi_20260526T112517Z_c8b7dc
llm_729cadd56107,no,0.793549,False,distilroberta-base-climate-commitment,Local model,climatebert_multi_20260526T112517Z_c8b7dc
llm_194161972b88,no,0.890339,False,distilroberta-base-climate-commitment,Local model,climatebert_multi_20260526T112517Z_c8b7dc
llm_a63ed719438c,no,0.67357,False,distilroberta-base-climate-commitment,Local model,climatebert_multi_20260526T112517Z_c8b7dc
llm_a6c53b37c3c3,no,0.594089,False,distilroberta-base-climate-commitment,Local model,climatebert_multi_20260526T112517Z_c8b7dc
llm_234394b34c60,no,0.621674,False,distilroberta-base-climate-commitment,Local model,climatebert_multi_20260526T112517Z_c8b7dc
llm_86cb06c43200,no,0.686424,False,distilroberta-base-climate-commitment,Local model,climatebert_multi_20260526T112517Z_c8b7dc
llm_175c7cc95f0b,no,0.690861,False,distilroberta-base-climate-commitment,Local model,climatebert_multi_20260526T112517Z_c8b7dc
llm_71c2fbed5b74,no,0.744486,False,distilroberta-base-climate-commitment,Local model,climatebert_multi_20260526T112517Z_c8b7dc
llm_7c3dd6d3eab6,no,0.631066,False,distilroberta-base-climate-commitment,Local model,climatebert_multi_20260526T112517Z_c8b7dc
llm_b989d229396c,no,0.752192,False,distilroberta-base-climate-commitment,Local model,climatebert_multi_20260526T112517Z_c8b7dc
llm_b1a0acf3a1bd,no,0.748372,False,distilroberta-base-climate-commitment,Local model,climatebert_multi_20260526T112517Z_c8b7dc
llm_e13286c5363a,no,0.952458,False,distilroberta-base-climate-commitment,Local model,climatebert_multi_20260526T112517Z_c8b7dc
llm_ae8f422321db,no,0.74589,False,distilroberta-base-climate-commitment,Local model,climatebert_multi_20260526T112517Z_c8b7dc
llm_dbe8acd29539,no,0.715209,False,distilroberta-base-climate-commitment,Local model,climatebert_multi_20260526T112517Z_c8b7dc
llm_329d41d38a77,no,0.66049,False,distilroberta-base-climate-commitment,Local model,climatebert_multi_20260526T112517Z_c8b7dc
llm_f0682777652f,no,0.649601,False,distilroberta-base-climate-commitment,Local model,climatebert_multi_20260526T112517Z_c8b7dc
llm_774dee57eef7,no,0.904325,False,distilroberta-base-climate-commitment,Local model,climatebert_multi_20260526T112517Z_c8b7dc
llm_d1eb1feed434,no,0.682735,False,distilroberta-base-climate-commitment,Local model,climatebert_multi_20260526T112517Z_c8b7dc
llm_a03ec569d327,no,0.627616,False,distilroberta-base-climate-commitment,Local model,climatebert_multi_20260526T112517Z_c8b7dc
llm_fc8d361bfd0b,no,0.607323,False,distilroberta-base-climate-commitment,Local model,climatebert_multi_20260526T112517Z_c8b7dc
llm_4b767668f64f,no,0.634023,False,distilroberta-base-climate-commitment,Local model,climatebert_multi_20260526T112517Z_c8b7dc
llm_69348e942ede,no,0.773397,False,distilroberta-base-climate-commitment,Local model,climatebert_multi_20260526T112517Z_c8b7dc
llm_3ec0b90ed22c,no,0.731803,False,distilroberta-base-climate-commitment,Local model,climatebert_multi_20260526T112517Z_c8b7dc
llm_8fa0922f9bdc,no,0.689159,False,distilroberta-base-climate-commitment,Local model,climatebert_multi_20260526T112517Z_c8b7dc
llm_b780ad88781b,no,0.90231,False,distilroberta-base-climate-commitment,Local model,climatebert_multi_20260526T112517Z_c8b7dc
llm_054683544a1f,no,0.583082,False,distilroberta-base-climate-commitment,Local model,climatebert_multi_20260526T112517Z_c8b7dc
llm_d9898089672f,no,0.671311,False,distilroberta-base-climate-commitment,Local model,climatebert_multi_20260526T112517Z_c8b7dc
llm_3c20f2e838a1,no,0.716332,False,distilroberta-base-climate-commitment,Local model,climatebert_multi_20260526T112517Z_c8b7dc
llm_4ce88b19fdc0,no,0.619739,False,distilroberta-base-climate-commitment,Local model,climatebert_multi_20260526T112517Z_c8b7dc
llm_17b5be5ef3c3,no,0.595025,False,distilroberta-base-climate-commitment,Local model,climatebert_multi_20260526T112517Z_c8b7dc
llm_06b2444cc1da,no,0.907438,False,distilroberta-base-climate-commitment,Local model,climatebert_multi_20260526T112517Z_c8b7dc
llm_b540fc0d69ea,no,0.89136,False,distilroberta-base-climate-commitment,Local model,climatebert_multi_20260526T112517Z_c8b7dc
llm_011c5aa31547,no,0.913995,False,distilroberta-base-climate-commitment,Local model,climatebert_multi_20260526T112517Z_c8b7dc
llm_bf3a4fcf5466,no,0.959536,False,distilroberta-base-climate-commitment,Local model,climatebert_multi_20260526T112517Z_c8b7dc
llm_0c159d24d9a3,no,0.793549,False,distilroberta-base-climate-commitment,Local model,climatebert_multi_20260526T112517Z_c8b7dc
llm_62ffb4f4cdec,no,0.890339,False,distilroberta-base-climate-commitment,Local model,climatebert_multi_20260526T112517Z_c8b7dc
llm_adcc43a68b84,no,0.594089,False,distilroberta-base-climate-commitment,Local model,climatebert_multi_20260526T112517Z_c8b7dc
llm_3ad03bce2467,no,0.621674,False,distilroberta-base-climate-commitment,Local model,climatebert_multi_20260526T112517Z_c8b7dc
llm_f41ddfea0851,no,0.734563,False,distilroberta-base-climate-commitment,Local model,climatebert_multi_20260526T112517Z_c8b7dc
llm_5b08c530ff16,no,0.690861,False,distilroberta-base-climate-commitment,Local model,climatebert_multi_20260526T112517Z_c8b7dc
llm_730b768c993c,no,0.744486,False,distilroberta-base-climate-commitment,Local model,climatebert_multi_20260526T112517Z_c8b7dc
llm_40b39bad64a8,no,0.703803,False,distilroberta-base-climate-commitment,Local model,climatebert_multi_20260526T112517Z_c8b7dc
llm_22595d3f2f17,no,0.631066,False,distilroberta-base-climate-commitment,Local model,climatebert_multi_20260526T112517Z_c8b7dc
llm_29ccb912d6f5,no,0.752192,False,distilroberta-base-climate-commitment,Local model,climatebert_multi_20260526T112517Z_c8b7dc
llm_0c9c033bc221,no,0.748372,False,distilroberta-base-climate-commitment,Local model,climatebert_multi_20260526T112517Z_c8b7dc
llm_5b28e7e2695f,no,0.975424,False,distilroberta-base-climate-commitment,Local model,climatebert_multi_20260526T112517Z_c8b7dc
llm_734735fcd490,no,0.979414,False,distilroberta-base-climate-commitment,Local model,climatebert_multi_20260526T112517Z_c8b7dc
llm_22e23c2859ba,no,0.907438,False,distilroberta-base-climate-commitment,Local model,climatebert_multi_20260526T112517Z_c8b7dc
llm_a474f368d068,no,0.89136,False,distilroberta-base-climate-commitment,Local model,climatebert_multi_20260526T112517Z_c8b7dc
llm_3862f8c64e40,no,0.907275,False,distilroberta-base-climate-commitment,Local model,climatebert_multi_20260526T112517Z_c8b7dc
llm_4eeb729342da,no,0.898719,False,distilroberta-base-climate-commitment,Local model,climatebert_multi_20260526T112517Z_c8b7dc
llm_c53d800b4c81,no,0.89136,False,distilroberta-base-climate-commitment,Local model,climatebert_multi_20260526T112517Z_c8b7dc
llm_764b37cd6ef5,no,0.907275,False,distilroberta-base-climate-commitment,Local model,climatebert_multi_20260526T112517Z_c8b7dc
llm_a2c986c1d1d2,no,0.759117,False,distilroberta-base-climate-commitment,Local model,climatebert_multi_20260526T112517Z_c8b7dc
llm_d9462fd01bc8,no,0.898719,False,distilroberta-base-climate-commitment,Local model,climatebert_multi_20260526T112517Z_c8b7dc
llm_cb4fa68c3465,no,0.907438,False,distilroberta-base-climate-commitment,Local model,climatebert_multi_20260526T112517Z_c8b7dc
llm_228de6f5d519,no,0.90594,False,distilroberta-base-climate-commitment,Local model,climatebert_multi_20260526T112517Z_c8b7dc
llm_eda2210230b3,no,0.959536,False,distilroberta-base-climate-commitment,Local model,climatebert_multi_20260526T112517Z_c8b7dc
llm_d72987dacafe,no,0.793549,False,distilroberta-base-climate-commitment,Local model,climatebert_multi_20260526T112517Z_c8b7dc
llm_abcc7db54516,no,0.890339,False,distilroberta-base-climate-commitment,Local model,climatebert_multi_20260526T112517Z_c8b7dc
llm_8886092d625d,no,0.67357,False,distilroberta-base-climate-commitment,Local model,climatebert_multi_20260526T112517Z_c8b7dc
llm_4fface7c8af6,no,0.594089,False,distilroberta-base-climate-commitment,Local model,climatebert_multi_20260526T112517Z_c8b7dc
llm_43ee5c2ea0da,no,0.621674,False,distilroberta-base-climate-commitment,Local model,climatebert_multi_20260526T112517Z_c8b7dc
llm_5669fb69d1b6,no,0.734563,False,distilroberta-base-climate-commitment,Local model,climatebert_multi_20260526T112517Z_c8b7dc
llm_a871c4b56c89,no,0.690861,False,distilroberta-base-climate-commitment,Local model,climatebert_multi_20260526T112517Z_c8b7dc
llm_a143c1e064f8,no,0.744486,False,distilroberta-base-climate-commitment,Local model,climatebert_multi_20260526T112517Z_c8b7dc
llm_daa8683f2c89,no,0.631066,False,distilroberta-base-climate-commitment,Local model,climatebert_multi_20260526T112517Z_c8b7dc
llm_dc79a1eed44b,no,0.752192,False,distilroberta-base-climate-commitment,Local model,climatebert_multi_20260526T112517Z_c8b7dc
llm_ccb07c9365d9,no,0.748372,False,distilroberta-base-climate-commitment,Local model,climatebert_multi_20260526T112517Z_c8b7dc
llm_31bd1a0d1a35,no,0.939062,False,distilroberta-base-climate-commitment,Local model,climatebert_multi_20260526T112517Z_c8b7dc
llm_1906dc39eeb0,no,0.8856,False,distilroberta-base-climate-commitment,Local model,climatebert_multi_20260526T112517Z_c8b7dc
llm_6604a33477e8,no,0.926699,False,distilroberta-base-climate-commitment,Local model,climatebert_multi_20260526T112517Z_c8b7dc
llm_c31413579c55,no,0.911422,False,distilroberta-base-climate-commitment,Local model,climatebert_multi_20260526T112517Z_c8b7dc
llm_7689b8c156b7,no,0.876993,False,distilroberta-base-climate-commitment,Local model,climatebert_multi_20260526T112517Z_c8b7dc
llm_e90bc16e3972,no,0.980654,False,distilroberta-base-climate-commitment,Local model,climatebert_multi_20260526T112517Z_c8b7dc
llm_54d205270112,no,0.934482,False,distilroberta-base-climate-commitment,Local model,climatebert_multi_20260526T112517Z_c8b7dc
llm_2089e393ec11,no,0.832946,False,distilroberta-base-climate-commitment,Local model,climatebert_multi_20260526T112517Z_c8b7dc
llm_2b26c96107d0,no,0.881191,False,distilroberta-base-climate-commitment,Local model,climatebert_multi_20260526T112517Z_c8b7dc
llm_66691bf52403,no,0.929138,False,distilroberta-base-climate-commitment,Local model,climatebert_multi_20260526T112517Z_c8b7dc
llm_c7fcde4b6ea1,no,0.85488,False,distilroberta-base-climate-commitment,Local model,climatebert_multi_20260526T112517Z_c8b7dc
llm_c25b3ac279c1,no,0.851043,False,distilroberta-base-climate-commitment,Local model,climatebert_multi_20260526T112517Z_c8b7dc
llm_a5268b699975,no,0.759117,False,distilroberta-base-climate-commitment,Local model,climatebert_multi_20260526T112517Z_c8b7dc
llm_f0fc5b06156a,no,0.855336,False,distilroberta-base-climate-commitment,Local model,climatebert_multi_20260526T112517Z_c8b7dc
llm_cc6295c46527,no,0.727878,False,distilroberta-base-climate-commitment,Local model,climatebert_multi_20260526T112517Z_c8b7dc
llm_c2a4d940fbbb,no,0.98082,False,distilroberta-base-climate-commitment,Local model,climatebert_multi_20260526T112517Z_c8b7dc
llm_96f854ac0d42,no,0.947371,False,distilroberta-base-climate-commitment,Local model,climatebert_multi_20260526T112517Z_c8b7dc
llm_992617f2fb73,no,0.907438,False,distilroberta-base-climate-commitment,Local model,climatebert_multi_20260526T112517Z_c8b7dc
llm_3d3fa0141fa8,no,0.89136,False,distilroberta-base-climate-commitment,Local model,climatebert_multi_20260526T112517Z_c8b7dc
llm_b915048355f9,no,0.907275,False,distilroberta-base-climate-commitment,Local model,climatebert_multi_20260526T112517Z_c8b7dc
llm_19a2030d3727,no,0.921841,False,distilroberta-base-climate-commitment,Local model,climatebert_multi_20260526T112517Z_c8b7dc
llm_11976c1f97e8,no,0.90176,False,distilroberta-base-climate-commitment,Local model,climatebert_multi_20260526T112517Z_c8b7dc
llm_34359207e97b,no,0.979829,False,distilroberta-base-climate-commitment,Local model,climatebert_multi_20260526T112517Z_c8b7dc
llm_9face00d3d02,no,0.88618,False,distilroberta-base-climate-commitment,Local model,climatebert_multi_20260526T112517Z_c8b7dc
llm_ec66ced53a1a,no,0.989127,False,distilroberta-base-climate-commitment,Local model,climatebert_multi_20260526T112517Z_c8b7dc
llm_7806b0d88c2a,no,0.967941,False,distilroberta-base-climate-commitment,Local model,climatebert_multi_20260526T112517Z_c8b7dc
llm_4d7249f53b3a,no,0.959154,False,distilroberta-base-climate-commitment,Local model,climatebert_multi_20260526T112517Z_c8b7dc
llm_45d3e1b135bc,no,0.927566,False,distilroberta-base-climate-commitment,Local model,climatebert_multi_20260526T112517Z_c8b7dc
llm_2209b26202bc,no,0.969969,False,distilroberta-base-climate-commitment,Local model,climatebert_multi_20260526T112517Z_c8b7dc
llm_915e0958fc0f,no,0.89136,False,distilroberta-base-climate-commitment,Local model,climatebert_multi_20260526T112517Z_c8b7dc
llm_a82337ddd4d2,no,0.907275,False,distilroberta-base-climate-commitment,Local model,climatebert_multi_20260526T112517Z_c8b7dc
llm_c4a22213f9c1,no,0.708539,False,distilroberta-base-climate-commitment,Local model,climatebert_multi_20260526T112517Z_c8b7dc
llm_8e1b49d7b86e,no,0.791236,False,distilroberta-base-climate-commitment,Local model,climatebert_multi_20260526T112517Z_c8b7dc
llm_5c1ab75ee464,no,0.907438,False,distilroberta-base-climate-commitment,Local model,climatebert_multi_20260526T112517Z_c8b7dc
llm_82036640a55c,no,0.863626,False,distilroberta-base-climate-commitment,Local model,climatebert_multi_20260526T112517Z_c8b7dc
llm_246593870c51,no,0.974688,False,distilroberta-base-climate-commitment,Local model,climatebert_multi_20260526T112517Z_c8b7dc
llm_9ec5e1200221,no,0.907438,False,distilroberta-base-climate-commitment,Local model,climatebert_multi_20260526T112517Z_c8b7dc
llm_5c197880603c,no,0.89136,False,distilroberta-base-climate-commitment,Local model,climatebert_multi_20260526T112517Z_c8b7dc
llm_6d0758025898,no,0.896261,False,distilroberta-base-climate-commitment,Local model,climatebert_multi_20260526T112517Z_c8b7dc
llm_ec4a47b0acc4,no,0.863626,False,distilroberta-base-climate-commitment,Local model,climatebert_multi_20260526T112517Z_c8b7dc
llm_4e273dbbba70,no,0.974688,False,distilroberta-base-climate-commitment,Local model,climatebert_multi_20260526T112517Z_c8b7dc
llm_2ac05897a1aa,no,0.900637,False,distilroberta-base-climate-commitment,Local model,climatebert_multi_20260526T112517Z_c8b7dc
llm_300e12269e5c,no,0.842775,False,distilroberta-base-climate-commitment,Local model,climatebert_multi_20260526T112517Z_c8b7dc
llm_12bd1982fcdb,no,0.89136,False,distilroberta-base-climate-commitment,Local model,climatebert_multi_20260526T112517Z_c8b7dc
llm_85ba16235ffd,no,0.909892,False,distilroberta-base-climate-commitment,Local model,climatebert_multi_20260526T112517Z_c8b7dc
llm_5259ec15fe14,no,0.983149,False,distilroberta-base-climate-commitment,Local model,climatebert_multi_20260526T112517Z_c8b7dc
llm_cc503fbc84ad,no,0.918088,False,distilroberta-base-climate-commitment,Local model,climatebert_multi_20260526T112517Z_c8b7dc
llm_9b15862a8081,no,0.92657,False,distilroberta-base-climate-commitment,Local model,climatebert_multi_20260526T112517Z_c8b7dc
llm_2622f7fc7518,no,0.969578,False,distilroberta-base-climate-commitment,Local model,climatebert_multi_20260526T112517Z_c8b7dc
llm_d8aa8076cc08,no,0.793549,False,distilroberta-base-climate-commitment,Local model,climatebert_multi_20260526T112517Z_c8b7dc
llm_8b48503caca2,no,0.594089,False,distilroberta-base-climate-commitment,Local model,climatebert_multi_20260526T112517Z_c8b7dc
llm_7c4fa98dcf79,no,0.621674,False,distilroberta-base-climate-commitment,Local model,climatebert_multi_20260526T112517Z_c8b7dc
llm_17533b58bf5e,no,0.734563,False,distilroberta-base-climate-commitment,Local model,climatebert_multi_20260526T112517Z_c8b7dc
llm_07507d674b02,no,0.690861,False,distilroberta-base-climate-commitment,Local model,climatebert_multi_20260526T112517Z_c8b7dc
llm_563537079490,no,0.744486,False,distilroberta-base-climate-commitment,Local model,climatebert_multi_20260526T112517Z_c8b7dc
llm_2ac1d3e3237c,no,0.631066,False,distilroberta-base-climate-commitment,Local model,climatebert_multi_20260526T112517Z_c8b7dc
llm_792817775ab1,no,0.752192,False,distilroberta-base-climate-commitment,Local model,climatebert_multi_20260526T112517Z_c8b7dc
llm_3c9f62ceb4c3,no,0.748372,False,distilroberta-base-climate-commitment,Local model,climatebert_multi_20260526T112517Z_c8b7dc
llm_341d87e4d948,no,0.619739,False,distilroberta-base-climate-commitment,Local model,climatebert_multi_20260526T112517Z_c8b7dc
llm_e26929f333c9,no,0.864272,False,distilroberta-base-climate-commitment,Local model,climatebert_multi_20260526T112517Z_c8b7dc
llm_88f9ec380f0d,no,0.890339,False,distilroberta-base-climate-commitment,Local model,climatebert_multi_20260526T112517Z_c8b7dc
llm_db54d26bed61,no,0.774266,False,distilroberta-base-climate-commitment,Local model,climatebert_multi_20260526T112517Z_c8b7dc
llm_b4cd4cf5b6c7,no,0.89136,False,distilroberta-base-climate-commitment,Local model,climatebert_multi_20260526T112517Z_c8b7dc
llm_afb02d8938bb,no,0.913995,False,distilroberta-base-climate-commitment,Local model,climatebert_multi_20260526T112517Z_c8b7dc
llm_0c3caa0d2f77,no,0.96607,False,distilroberta-base-climate-commitment,Local model,climatebert_multi_20260526T112517Z_c8b7dc
llm_c0e4b45fa83c,no,0.903842,False,distilroberta-base-climate-commitment,Local model,climatebert_multi_20260526T112517Z_c8b7dc
llm_97535ba8c9df,no,0.817415,False,distilroberta-base-climate-commitment,Local model,climatebert_multi_20260526T112517Z_c8b7dc
llm_14ccbafc0351,no,0.907438,False,distilroberta-base-climate-commitment,Local model,climatebert_multi_20260526T112517Z_c8b7dc
llm_026fa56f006a,no,0.898719,False,distilroberta-base-climate-commitment,Local model,climatebert_multi_20260526T112517Z_c8b7dc
llm_4d21505dc600,no,0.89136,False,distilroberta-base-climate-commitment,Local model,climatebert_multi_20260526T112517Z_c8b7dc
llm_eca1aca455a1,no,0.913995,False,distilroberta-base-climate-commitment,Local model,climatebert_multi_20260526T112517Z_c8b7dc
llm_0d66876f8914,no,0.96293,False,distilroberta-base-climate-commitment,Local model,climatebert_multi_20260526T112517Z_c8b7dc
llm_17b4a324c51f,no,0.851043,False,distilroberta-base-climate-commitment,Local model,climatebert_multi_20260526T112517Z_c8b7dc
llm_7a1fe48729c6,no,0.91422,False,distilroberta-base-climate-commitment,Local model,climatebert_multi_20260526T112517Z_c8b7dc
llm_c0bb74b19438,no,0.927961,False,distilroberta-base-climate-commitment,Local model,climatebert_multi_20260526T112517Z_c8b7dc
llm_5cf2bfc4fac8,no,0.734083,False,distilroberta-base-climate-commitment,Local model,climatebert_multi_20260526T112517Z_c8b7dc
llm_f0dae6072708,no,0.907438,False,distilroberta-base-climate-commitment,Local model,climatebert_multi_20260526T112517Z_c8b7dc
llm_6fcc527a156c,no,0.907438,False,distilroberta-base-climate-commitment,Local model,climatebert_multi_20260526T112517Z_c8b7dc
llm_b935eb5d5be7,no,0.89136,False,distilroberta-base-climate-commitment,Local model,climatebert_multi_20260526T112517Z_c8b7dc
llm_e2927ed9c784,no,0.907275,False,distilroberta-base-climate-commitment,Local model,climatebert_multi_20260526T112517Z_c8b7dc
llm_e16f55a8574b,no,0.983369,False,distilroberta-base-climate-commitment,Local model,climatebert_multi_20260526T112517Z_c8b7dc
llm_149c19060257,no,0.898719,False,distilroberta-base-climate-commitment,Local model,climatebert_multi_20260526T112517Z_c8b7dc
llm_afbca6260713,no,0.89136,False,distilroberta-base-climate-commitment,Local model,climatebert_multi_20260526T112517Z_c8b7dc
llm_017042510d4d,no,0.913995,False,distilroberta-base-climate-commitment,Local model,climatebert_multi_20260526T112517Z_c8b7dc
llm_ff3b6040d940,no,0.82556,False,distilroberta-base-climate-commitment,Local model,climatebert_multi_20260526T112517Z_c8b7dc
llm_28ac5d174205,no,0.907438,False,distilroberta-base-climate-commitment,Local model,climatebert_multi_20260526T112517Z_c8b7dc
llm_4cb401cacc1b,no,0.898719,False,distilroberta-base-climate-commitment,Local model,climatebert_multi_20260526T112517Z_c8b7dc
llm_d3b3e6611bb8,no,0.907438,False,distilroberta-base-climate-commitment,Local model,climatebert_multi_20260526T112517Z_c8b7dc
llm_6caf71412fc4,no,0.89136,False,distilroberta-base-climate-commitment,Local model,climatebert_multi_20260526T112517Z_c8b7dc
llm_b0c5244e65b8,no,0.913995,False,distilroberta-base-climate-commitment,Local model,climatebert_multi_20260526T112517Z_c8b7dc
llm_87f4d525e0b9,no,0.873971,False,distilroberta-base-climate-commitment,Local model,climatebert_multi_20260526T112517Z_c8b7dc
llm_5abe134b4c31,no,0.941038,False,distilroberta-base-climate-commitment,Local model,climatebert_multi_20260526T112517Z_c8b7dc
llm_84af0a184208,no,0.980654,False,distilroberta-base-climate-commitment,Local model,climatebert_multi_20260526T112517Z_c8b7dc
llm_02c1fb72edb1,no,0.934482,False,distilroberta-base-climate-commitment,Local model,climatebert_multi_20260526T112517Z_c8b7dc
llm_130856f3bc81,no,0.832946,False,distilroberta-base-climate-commitment,Local model,climatebert_multi_20260526T112517Z_c8b7dc
llm_ab7ec7c67354,no,0.881191,False,distilroberta-base-climate-commitment,Local model,climatebert_multi_20260526T112517Z_c8b7dc
llm_f8625e67ab8d,no,0.929138,False,distilroberta-base-climate-commitment,Local model,climatebert_multi_20260526T112517Z_c8b7dc
llm_af30c72153ea,no,0.742031,False,distilroberta-base-climate-commitment,Local model,climatebert_multi_20260526T112517Z_c8b7dc
llm_d6b543edf4fe,no,0.753918,False,distilroberta-base-climate-commitment,Local model,climatebert_multi_20260526T112517Z_c8b7dc
llm_253d6fb79837,no,0.756814,False,distilroberta-base-climate-commitment,Local model,climatebert_multi_20260526T112517Z_c8b7dc
llm_c2b957455de4,no,0.698707,False,distilroberta-base-climate-commitment,Local model,climatebert_multi_20260526T112517Z_c8b7dc
llm_fd08e38ab6d3,no,0.734717,False,distilroberta-base-climate-commitment,Local model,climatebert_multi_20260526T112517Z_c8b7dc
llm_783930f1732e,no,0.667158,False,distilroberta-base-climate-commitment,Local model,climatebert_multi_20260526T112517Z_c8b7dc
llm_7ceded606ce4,no,0.971404,False,distilroberta-base-climate-commitment,Local model,climatebert_multi_20260526T112517Z_c8b7dc
llm_7bb1015841c7,no,0.723817,False,distilroberta-base-climate-commitment,Local model,climatebert_multi_20260526T112517Z_c8b7dc
llm_e52427d927f5,no,0.71416,False,distilroberta-base-climate-commitment,Local model,climatebert_multi_20260526T112517Z_c8b7dc
llm_6c651c2057a6,no,0.89136,False,distilroberta-base-climate-commitment,Local model,climatebert_multi_20260526T112517Z_c8b7dc
llm_0a2f45b7403e,no,0.913995,False,distilroberta-base-climate-commitment,Local model,climatebert_multi_20260526T112517Z_c8b7dc
llm_a3a4cd253b4b,no,0.863626,False,distilroberta-base-climate-commitment,Local model,climatebert_multi_20260526T112517Z_c8b7dc
llm_6d9e0d803a55,no,0.907438,False,distilroberta-base-climate-commitment,Local model,climatebert_multi_20260526T112517Z_c8b7dc
llm_4d557f891038,no,0.791236,False,distilroberta-base-climate-commitment,Local model,climatebert_multi_20260526T112517Z_c8b7dc
llm_566629fe83a0,no,0.877055,False,distilroberta-base-climate-commitment,Local model,climatebert_multi_20260526T112517Z_c8b7dc
llm_49a0c4683d96,no,0.92657,False,distilroberta-base-climate-commitment,Local model,climatebert_multi_20260526T112517Z_c8b7dc
llm_648f3c5b0e7a,no,0.960003,False,distilroberta-base-climate-commitment,Local model,climatebert_multi_20260526T112517Z_c8b7dc
llm_ddb7abd8a7cb,no,0.886135,False,distilroberta-base-climate-commitment,Local model,climatebert_multi_20260526T112517Z_c8b7dc
llm_e291aace3775,no,0.975726,False,distilroberta-base-climate-commitment,Local model,climatebert_multi_20260526T112517Z_c8b7dc
llm_c99551b93a94,no,0.673534,False,distilroberta-base-climate-commitment,Local model,climatebert_multi_20260526T112517Z_c8b7dc
llm_33ad4b7a14f0,no,0.816614,False,distilroberta-base-climate-commitment,Local model,climatebert_multi_20260526T112517Z_c8b7dc
llm_5c50d944dd1c,no,0.785492,False,distilroberta-base-climate-commitment,Local model,climatebert_multi_20260526T112517Z_c8b7dc
llm_d9fe02c911a5,no,0.786861,False,distilroberta-base-climate-commitment,Local model,climatebert_multi_20260526T112517Z_c8b7dc
llm_6280fb0d8093,no,0.789347,False,distilroberta-base-climate-commitment,Local model,climatebert_multi_20260526T112517Z_c8b7dc
llm_f50929d0530a,no,0.750117,False,distilroberta-base-climate-commitment,Local model,climatebert_multi_20260526T112517Z_c8b7dc
llm_d7c639547338,no,0.794028,False,distilroberta-base-climate-commitment,Local model,climatebert_multi_20260526T112517Z_c8b7dc
llm_f6a5658455e2,no,0.831425,False,distilroberta-base-climate-commitment,Local model,climatebert_multi_20260526T112517Z_c8b7dc
llm_a181ec2e8360,no,0.934773,False,distilroberta-base-climate-commitment,Local model,climatebert_multi_20260526T112517Z_c8b7dc
llm_84d7968938bc,no,0.903792,False,distilroberta-base-climate-commitment,Local model,climatebert_multi_20260526T112517Z_c8b7dc
llm_7a8227c214ce,no,0.931273,False,distilroberta-base-climate-commitment,Local model,climatebert_multi_20260526T112517Z_c8b7dc
llm_028c0dd80446,no,0.962407,False,distilroberta-base-climate-commitment,Local model,climatebert_multi_20260526T112517Z_c8b7dc
llm_e22650ff0791,no,0.89136,False,distilroberta-base-climate-commitment,Local model,climatebert_multi_20260526T112517Z_c8b7dc
llm_94b4d843ac21,no,0.907275,False,distilroberta-base-climate-commitment,Local model,climatebert_multi_20260526T112517Z_c8b7dc
llm_4800171fdd23,no,0.918088,False,distilroberta-base-climate-commitment,Local model,climatebert_multi_20260526T112517Z_c8b7dc
llm_bba22751018c,no,0.898719,False,distilroberta-base-climate-commitment,Local model,climatebert_multi_20260526T112517Z_c8b7dc
llm_a8511654d894,no,0.907438,False,distilroberta-base-climate-commitment,Local model,climatebert_multi_20260526T112517Z_c8b7dc
llm_22abe484478e,no,0.912373,False,distilroberta-base-climate-commitment,Local model,climatebert_multi_20260526T112517Z_c8b7dc
llm_b52e455508d6,no,0.974583,False,distilroberta-base-climate-commitment,Local model,climatebert_multi_20260526T112517Z_c8b7dc
llm_aece6f537a19,no,0.923305,False,distilroberta-base-climate-commitment,Local model,climatebert_multi_20260526T112517Z_c8b7dc
llm_4cb25711eee2,no,0.92992,False,distilroberta-base-climate-commitment,Local model,climatebert_multi_20260526T112517Z_c8b7dc
llm_01b21d687704,no,0.92657,False,distilroberta-base-climate-commitment,Local model,climatebert_multi_20260526T112517Z_c8b7dc
llm_f46e5b7fff0a,no,0.960003,False,distilroberta-base-climate-commitment,Local model,climatebert_multi_20260526T112517Z_c8b7dc
llm_7179f6b4d996,no,0.987661,False,distilroberta-base-climate-commitment,Local model,climatebert_multi_20260526T112517Z_c8b7dc
llm_80b3e275c064,no,0.896077,False,distilroberta-base-climate-commitment,Local model,climatebert_multi_20260526T112517Z_c8b7dc
llm_12b2373df13f,no,0.800726,False,distilroberta-base-climate-commitment,Local model,climatebert_multi_20260526T112517Z_c8b7dc
llm_ed2afcdc88cb,no,0.839494,False,distilroberta-base-climate-commitment,Local model,climatebert_multi_20260526T112517Z_c8b7dc
llm_87a04e8a0311,no,0.789347,False,distilroberta-base-climate-commitment,Local model,climatebert_multi_20260526T112517Z_c8b7dc
llm_ca60731ecabd,no,0.750117,False,distilroberta-base-climate-commitment,Local model,climatebert_multi_20260526T112517Z_c8b7dc
llm_5d89b614f7b9,no,0.794028,False,distilroberta-base-climate-commitment,Local model,climatebert_multi_20260526T112517Z_c8b7dc
llm_1393e07a2489,no,0.831425,False,distilroberta-base-climate-commitment,Local model,climatebert_multi_20260526T112517Z_c8b7dc
llm_fe80e8567249,no,0.895829,False,distilroberta-base-climate-commitment,Local model,climatebert_multi_20260526T112517Z_c8b7dc
llm_e9db0e61dde7,no,0.917754,False,distilroberta-base-climate-commitment,Local model,climatebert_multi_20260526T112517Z_c8b7dc
llm_50b8342aa738,no,0.96703,False,distilroberta-base-climate-commitment,Local model,climatebert_multi_20260526T112517Z_c8b7dc
llm_f48166021d01,no,0.961718,False,distilroberta-base-climate-commitment,Local model,climatebert_multi_20260526T112517Z_c8b7dc
llm_9da8981b74c5,no,0.89136,False,distilroberta-base-climate-commitment,Local model,climatebert_multi_20260526T112517Z_c8b7dc
llm_fb9098b05887,no,0.918088,False,distilroberta-base-climate-commitment,Local model,climatebert_multi_20260526T112517Z_c8b7dc
llm_df005b6ad0f7,no,0.978722,False,distilroberta-base-climate-commitment,Local model,climatebert_multi_20260526T112517Z_c8b7dc
llm_7cb3f26de30f,no,0.899372,False,distilroberta-base-climate-commitment,Local model,climatebert_multi_20260526T112517Z_c8b7dc
llm_918551b24013,no,0.944882,False,distilroberta-base-climate-commitment,Local model,climatebert_multi_20260526T112517Z_c8b7dc
llm_93f5855c4e6b,no,0.898719,False,distilroberta-base-climate-commitment,Local model,climatebert_multi_20260526T112517Z_c8b7dc
llm_341b6df7afbc,no,0.89136,False,distilroberta-base-climate-commitment,Local model,climatebert_multi_20260526T112517Z_c8b7dc
llm_7f457d19c6d4,no,0.913995,False,distilroberta-base-climate-commitment,Local model,climatebert_multi_20260526T112517Z_c8b7dc
llm_63d975cf440b,no,0.873002,False,distilroberta-base-climate-commitment,Local model,climatebert_multi_20260526T112517Z_c8b7dc
llm_b52a241bdcce,no,0.838644,False,distilroberta-base-climate-commitment,Local model,climatebert_multi_20260526T112517Z_c8b7dc
llm_9d051625126b,no,0.898719,False,distilroberta-base-climate-commitment,Local model,climatebert_multi_20260526T112517Z_c8b7dc
llm_2df45c060e52,no,0.907438,False,distilroberta-base-climate-commitment,Local model,climatebert_multi_20260526T112517Z_c8b7dc
llm_40f12e1a405e,no,0.82556,False,distilroberta-base-climate-commitment,Local model,climatebert_multi_20260526T112517Z_c8b7dc
llm_6c71afe50328,no,0.599792,False,distilroberta-base-climate-commitment,Local model,climatebert_multi_20260526T112517Z_c8b7dc
llm_a6b154e81e2a,no,0.900637,False,distilroberta-base-climate-commitment,Local model,climatebert_multi_20260526T112517Z_c8b7dc
llm_556dfb72ec5b,no,0.898719,False,distilroberta-base-climate-commitment,Local model,climatebert_multi_20260526T112517Z_c8b7dc
llm_b67ddffd3d9a,no,0.759117,False,distilroberta-base-climate-commitment,Local model,climatebert_multi_20260526T112517Z_c8b7dc
llm_60115e029083,no,0.807698,False,distilroberta-base-climate-commitment,Local model,climatebert_multi_20260526T112517Z_c8b7dc
llm_6b34c8323cf7,no,0.89136,False,distilroberta-base-climate-commitment,Local model,climatebert_multi_20260526T112517Z_c8b7dc
llm_8ee81c2a7523,no,0.907275,False,distilroberta-base-climate-commitment,Local model,climatebert_multi_20260526T112517Z_c8b7dc
llm_15b3d123a2e5,no,0.772701,False,distilroberta-base-climate-commitment,Local model,climatebert_multi_20260526T112517Z_c8b7dc
llm_1989bffa8b01,no,0.959536,False,distilroberta-base-climate-commitment,Local model,climatebert_multi_20260526T112517Z_c8b7dc
llm_0feffac983f8,no,0.793549,False,distilroberta-base-climate-commitment,Local model,climatebert_multi_20260526T112517Z_c8b7dc
llm_d4d69e218513,no,0.890339,False,distilroberta-base-climate-commitment,Local model,climatebert_multi_20260526T112517Z_c8b7dc
llm_76ae84e846dc,no,0.594089,False,distilroberta-base-climate-commitment,Local model,climatebert_multi_20260526T112517Z_c8b7dc
llm_e950b5912645,no,0.621674,False,distilroberta-base-climate-commitment,Local model,climatebert_multi_20260526T112517Z_c8b7dc
llm_1b5eec25ebdc,no,0.734563,False,distilroberta-base-climate-commitment,Local model,climatebert_multi_20260526T112517Z_c8b7dc
llm_95f9f3ba0508,no,0.690861,False,distilroberta-base-climate-commitment,Local model,climatebert_multi_20260526T112517Z_c8b7dc
llm_4afe49fba042,no,0.744486,False,distilroberta-base-climate-commitment,Local model,climatebert_multi_20260526T112517Z_c8b7dc
llm_78f44d64379d,no,0.631066,False,distilroberta-base-climate-commitment,Local model,climatebert_multi_20260526T112517Z_c8b7dc
llm_149d9b711af2,no,0.752192,False,distilroberta-base-climate-commitment,Local model,climatebert_multi_20260526T112517Z_c8b7dc
llm_1aa2eeeedcd5,no,0.748372,False,distilroberta-base-climate-commitment,Local model,climatebert_multi_20260526T112517Z_c8b7dc
llm_a1306229f708,no,0.619739,False,distilroberta-base-climate-commitment,Local model,climatebert_multi_20260526T112517Z_c8b7dc
llm_be739f59a91e,no,0.797147,False,distilroberta-base-climate-commitment,Local model,climatebert_multi_20260526T112517Z_c8b7dc
llm_dc5bc4077a13,no,0.936125,False,distilroberta-base-climate-commitment,Local model,climatebert_multi_20260526T112517Z_c8b7dc
llm_b801000874b5,no,0.762797,False,distilroberta-base-climate-commitment,Local model,climatebert_multi_20260526T112517Z_c8b7dc
llm_af4ebeb59754,no,0.89136,False,distilroberta-base-climate-commitment,Local model,climatebert_multi_20260526T112517Z_c8b7dc
llm_147673fbed3d,no,0.913995,False,distilroberta-base-climate-commitment,Local model,climatebert_multi_20260526T112517Z_c8b7dc
llm_4fe02d0c8b8f,no,0.802014,False,distilroberta-base-climate-commitment,Local model,climatebert_multi_20260526T112517Z_c8b7dc
llm_6106a4851245,no,0.976843,False,distilroberta-base-climate-commitment,Local model,climatebert_multi_20260526T112517Z_c8b7dc
llm_cd562090703b,no,0.907438,False,distilroberta-base-climate-commitment,Local model,climatebert_multi_20260526T112517Z_c8b7dc
llm_bc678fa3d4cf,no,0.898719,False,distilroberta-base-climate-commitment,Local model,climatebert_multi_20260526T112517Z_c8b7dc
llm_4f7c13869525,no,0.89136,False,distilroberta-base-climate-commitment,Local model,climatebert_multi_20260526T112517Z_c8b7dc
llm_1379f5eebcb6,no,0.913995,False,distilroberta-base-climate-commitment,Local model,climatebert_multi_20260526T112517Z_c8b7dc
llm_52519c67e993,no,0.907438,False,distilroberta-base-climate-commitment,Local model,climatebert_multi_20260526T112517Z_c8b7dc
llm_53c79d61a0c2,no,0.898719,False,distilroberta-base-climate-commitment,Local model,climatebert_multi_20260526T112517Z_c8b7dc
llm_9b3182890baa,no,0.716366,False,distilroberta-base-climate-commitment,Local model,climatebert_multi_20260526T112517Z_c8b7dc
llm_0a9bb90cf49c,no,0.959536,False,distilroberta-base-climate-commitment,Local model,climatebert_multi_20260526T112517Z_c8b7dc
llm_556e7e51b93d,no,0.793549,False,distilroberta-base-climate-commitment,Local model,climatebert_multi_20260526T112517Z_c8b7dc
llm_2f78c44ada52,no,0.890339,False,distilroberta-base-climate-commitment,Local model,climatebert_multi_20260526T112517Z_c8b7dc
llm_7350437d1c4a,no,0.594089,False,distilroberta-base-climate-commitment,Local model,climatebert_multi_20260526T112517Z_c8b7dc
llm_f66b049eed84,no,0.621674,False,distilroberta-base-climate-commitment,Local model,climatebert_multi_20260526T112517Z_c8b7dc
llm_b8ffc1e6381d,no,0.734563,False,distilroberta-base-climate-commitment,Local model,climatebert_multi_20260526T112517Z_c8b7dc
llm_598104459618,no,0.690861,False,distilroberta-base-climate-commitment,Local model,climatebert_multi_20260526T112517Z_c8b7dc
llm_69217fcb70ee,no,0.744486,False,distilroberta-base-climate-commitment,Local model,climatebert_multi_20260526T112517Z_c8b7dc
llm_4b48713368c5,no,0.631066,False,distilroberta-base-climate-commitment,Local model,climatebert_multi_20260526T112517Z_c8b7dc
llm_c3228a42dd48,no,0.752192,False,distilroberta-base-climate-commitment,Local model,climatebert_multi_20260526T112517Z_c8b7dc
llm_6ecbd9c7f506,no,0.748372,False,distilroberta-base-climate-commitment,Local model,climatebert_multi_20260526T112517Z_c8b7dc
llm_1b033ffcd475,no,0.788592,False,distilroberta-base-climate-commitment,Local model,climatebert_multi_20260526T112517Z_c8b7dc
llm_a1515d6a7f62,no,0.710054,False,distilroberta-base-climate-commitment,Local model,climatebert_multi_20260526T112517Z_c8b7dc
llm_21a8df959b2b,no,0.954482,False,distilroberta-base-climate-commitment,Local model,climatebert_multi_20260526T112517Z_c8b7dc
llm_1eb95ed1cfa1,no,0.797147,False,distilroberta-base-climate-commitment,Local model,climatebert_multi_20260526T112517Z_c8b7dc
llm_19f5b7c68536,no,0.619739,False,distilroberta-base-climate-commitment,Local model,climatebert_multi_20260526T112517Z_c8b7dc
llm_be84e942eabf,no,0.864272,False,distilroberta-base-climate-commitment,Local model,climatebert_multi_20260526T112517Z_c8b7dc
llm_4f57fac26dbb,no,0.852991,False,distilroberta-base-climate-commitment,Local model,climatebert_multi_20260526T112517Z_c8b7dc
llm_207284c7d9cc,no,0.694383,False,distilroberta-base-climate-commitment,Local model,climatebert_multi_20260526T112517Z_c8b7dc
llm_c53799573bd4,no,0.973319,False,distilroberta-base-climate-commitment,Local model,climatebert_multi_20260526T112517Z_c8b7dc
llm_0e39581f3c92,no,0.878692,False,distilroberta-base-climate-commitment,Local model,climatebert_multi_20260526T112517Z_c8b7dc
llm_199e70dc82f0,no,0.913454,False,distilroberta-base-climate-commitment,Local model,climatebert_multi_20260526T112517Z_c8b7dc
llm_919ea160091d,no,0.863544,False,distilroberta-base-climate-commitment,Local model,climatebert_multi_20260526T112517Z_c8b7dc
llm_429a60642958,no,0.81492,False,distilroberta-base-climate-commitment,Local model,climatebert_multi_20260526T112517Z_c8b7dc
llm_02bfe6272f9b,no,0.981259,False,distilroberta-base-climate-commitment,Local model,climatebert_multi_20260526T112517Z_c8b7dc
llm_423c2678f2b6,no,0.862984,False,distilroberta-base-climate-commitment,Local model,climatebert_multi_20260526T112517Z_c8b7dc
llm_97a17df37f66,no,0.882575,False,distilroberta-base-climate-commitment,Local model,climatebert_multi_20260526T112517Z_c8b7dc
llm_dc0f11aea5d6,no,0.843258,False,distilroberta-base-climate-commitment,Local model,climatebert_multi_20260526T112517Z_c8b7dc
llm_473a82eb8576,no,0.89136,False,distilroberta-base-climate-commitment,Local model,climatebert_multi_20260526T112517Z_c8b7dc
llm_1f38ebaeede9,no,0.913995,False,distilroberta-base-climate-commitment,Local model,climatebert_multi_20260526T112517Z_c8b7dc
llm_77c2a9a53f0e,no,0.727878,False,distilroberta-base-climate-commitment,Local model,climatebert_multi_20260526T112517Z_c8b7dc
llm_68434f6eda14,no,0.852991,False,distilroberta-base-climate-commitment,Local model,climatebert_multi_20260526T112517Z_c8b7dc
llm_54f448d4338a,no,0.694383,False,distilroberta-base-climate-commitment,Local model,climatebert_multi_20260526T112517Z_c8b7dc
llm_1013ebcc2ccf,no,0.973319,False,distilroberta-base-climate-commitment,Local model,climatebert_multi_20260526T112517Z_c8b7dc
llm_96b98845afef,no,0.878692,False,distilroberta-base-climate-commitment,Local model,climatebert_multi_20260526T112517Z_c8b7dc
llm_b172a4b33e6b,no,0.913454,False,distilroberta-base-climate-commitment,Local model,climatebert_multi_20260526T112517Z_c8b7dc
llm_70e7b6c90061,no,0.863544,False,distilroberta-base-climate-commitment,Local model,climatebert_multi_20260526T112517Z_c8b7dc
llm_ad136189528e,no,0.81492,False,distilroberta-base-climate-commitment,Local model,climatebert_multi_20260526T112517Z_c8b7dc
llm_d848b2f839f5,no,0.981259,False,distilroberta-base-climate-commitment,Local model,climatebert_multi_20260526T112517Z_c8b7dc
llm_1034087f2a32,no,0.862984,False,distilroberta-base-climate-commitment,Local model,climatebert_multi_20260526T112517Z_c8b7dc
llm_c0ac5538f88b,no,0.840073,False,distilroberta-base-climate-commitment,Local model,climatebert_multi_20260526T112517Z_c8b7dc
llm_b07b545f48cc,yes,0.9098,True,distilroberta-base-climate-commitment,Local model,climatebert_multi_20260526T112517Z_c8b7dc
llm_ead066b5ea1f,no,0.951295,False,distilroberta-base-climate-commitment,Local model,climatebert_multi_20260526T112517Z_c8b7dc
llm_7030cf3c50c5,no,0.842775,False,distilroberta-base-climate-commitment,Local model,climatebert_multi_20260526T112517Z_c8b7dc
llm_fd57f2297074,no,0.759117,False,distilroberta-base-climate-commitment,Local model,climatebert_multi_20260526T112517Z_c8b7dc
llm_6fd540c170cf,no,0.898952,False,distilroberta-base-climate-commitment,Local model,climatebert_multi_20260526T112517Z_c8b7dc
llm_157a2cae299d,no,0.907438,False,distilroberta-base-climate-commitment,Local model,climatebert_multi_20260526T112517Z_c8b7dc
llm_b82e28cc557c,no,0.89136,False,distilroberta-base-climate-commitment,Local model,climatebert_multi_20260526T112517Z_c8b7dc
llm_522a0d0ff2d7,no,0.913995,False,distilroberta-base-climate-commitment,Local model,climatebert_multi_20260526T112517Z_c8b7dc
llm_9a454ce0b4c5,no,0.938299,False,distilroberta-base-climate-commitment,Local model,climatebert_multi_20260526T112517Z_c8b7dc
llm_1836ab30ce90,no,0.954983,False,distilroberta-base-climate-commitment,Local model,climatebert_multi_20260526T112517Z_c8b7dc
llm_04032cf15b8a,no,0.974703,False,distilroberta-base-climate-commitment,Local model,climatebert_multi_20260526T112517Z_c8b7dc
llm_6b9354732067,no,0.922427,False,distilroberta-base-climate-commitment,Local model,climatebert_multi_20260526T112517Z_c8b7dc
llm_a135f46f8004,no,0.906909,False,distilroberta-base-climate-commitment,Local model,climatebert_multi_20260526T112517Z_c8b7dc
llm_a2103fbc5055,no,0.959536,False,distilroberta-base-climate-commitment,Local model,climatebert_multi_20260526T112517Z_c8b7dc
llm_2a10192d05ae,no,0.793549,False,distilroberta-base-climate-commitment,Local model,climatebert_multi_20260526T112517Z_c8b7dc
llm_08ab338233c1,no,0.890339,False,distilroberta-base-climate-commitment,Local model,climatebert_multi_20260526T112517Z_c8b7dc
llm_1385b3dabf41,no,0.594089,False,distilroberta-base-climate-commitment,Local model,climatebert_multi_20260526T112517Z_c8b7dc
llm_b098b1e0df76,no,0.621674,False,distilroberta-base-climate-commitment,Local model,climatebert_multi_20260526T112517Z_c8b7dc
llm_509c1434622d,no,0.734563,False,distilroberta-base-climate-commitment,Local model,climatebert_multi_20260526T112517Z_c8b7dc
llm_910511e6510c,no,0.690861,False,distilroberta-base-climate-commitment,Local model,climatebert_multi_20260526T112517Z_c8b7dc
llm_6faa8fa10789,no,0.744486,False,distilroberta-base-climate-commitment,Local model,climatebert_multi_20260526T112517Z_c8b7dc
llm_a828e658a82e,no,0.631066,False,distilroberta-base-climate-commitment,Local model,climatebert_multi_20260526T112517Z_c8b7dc
llm_3666a65d180c,no,0.752192,False,distilroberta-base-climate-commitment,Local model,climatebert_multi_20260526T112517Z_c8b7dc
llm_dc8de6173f21,no,0.748372,False,distilroberta-base-climate-commitment,Local model,climatebert_multi_20260526T112517Z_c8b7dc
llm_2ab4caef741d,no,0.797147,False,distilroberta-base-climate-commitment,Local model,climatebert_multi_20260526T112517Z_c8b7dc
llm_723b98649516,no,0.619739,False,distilroberta-base-climate-commitment,Local model,climatebert_multi_20260526T112517Z_c8b7dc
llm_9ffe64c1299a,no,0.746195,False,distilroberta-base-climate-commitment,Local model,climatebert_multi_20260526T112517Z_c8b7dc
llm_aaee4e097800,no,0.740159,False,distilroberta-base-climate-commitment,Local model,climatebert_multi_20260526T112517Z_c8b7dc
llm_7b560ac2a9f1,no,0.852991,False,distilroberta-base-climate-commitment,Local model,climatebert_multi_20260526T112517Z_c8b7dc
llm_c1f07b9696c3,no,0.694383,False,distilroberta-base-climate-commitment,Local model,climatebert_multi_20260526T112517Z_c8b7dc
llm_1fc63efd1dd2,no,0.973319,False,distilroberta-base-climate-commitment,Local model,climatebert_multi_20260526T112517Z_c8b7dc
llm_ad7703569f84,no,0.878692,False,distilroberta-base-climate-commitment,Local model,climatebert_multi_20260526T112517Z_c8b7dc
llm_e9687f992dca,no,0.913454,False,distilroberta-base-climate-commitment,Local model,climatebert_multi_20260526T112517Z_c8b7dc
llm_f9f452035f18,no,0.863544,False,distilroberta-base-climate-commitment,Local model,climatebert_multi_20260526T112517Z_c8b7dc
llm_f39aa7d9ac03,no,0.81492,False,distilroberta-base-climate-commitment,Local model,climatebert_multi_20260526T112517Z_c8b7dc
llm_c325a96bae1e,no,0.981259,False,distilroberta-base-climate-commitment,Local model,climatebert_multi_20260526T112517Z_c8b7dc
llm_28dc508468e5,no,0.862984,False,distilroberta-base-climate-commitment,Local model,climatebert_multi_20260526T112517Z_c8b7dc
llm_65235c08004a,no,0.827292,False,distilroberta-base-climate-commitment,Local model,climatebert_multi_20260526T112517Z_c8b7dc
llm_663ebc561c63,yes,0.9098,True,distilroberta-base-climate-commitment,Local model,climatebert_multi_20260526T112517Z_c8b7dc
llm_2326f201bf3a,no,0.94144,False,distilroberta-base-climate-commitment,Local model,climatebert_multi_20260526T112517Z_c8b7dc
llm_aef4692e7938,no,0.951295,False,distilroberta-base-climate-commitment,Local model,climatebert_multi_20260526T112517Z_c8b7dc
llm_029981e9b2c6,no,0.909586,False,distilroberta-base-climate-commitment,Local model,climatebert_multi_20260526T112517Z_c8b7dc
llm_cf4c8b4268e6,no,0.90594,False,distilroberta-base-climate-commitment,Local model,climatebert_multi_20260526T112517Z_c8b7dc
llm_8c5bcd714fc1,no,0.897726,False,distilroberta-base-climate-commitment,Local model,climatebert_multi_20260526T112517Z_c8b7dc
llm_fd48dae9f1d7,no,0.969578,False,distilroberta-base-climate-commitment,Local model,climatebert_multi_20260526T112517Z_c8b7dc
llm_c8a18c4c2b6f,no,0.793549,False,distilroberta-base-climate-commitment,Local model,climatebert_multi_20260526T112517Z_c8b7dc
llm_28de456b1330,no,0.890339,False,distilroberta-base-climate-commitment,Local model,climatebert_multi_20260526T112517Z_c8b7dc
llm_785f595523d4,no,0.594089,False,distilroberta-base-climate-commitment,Local model,climatebert_multi_20260526T112517Z_c8b7dc
llm_a524c54d2940,no,0.621674,False,distilroberta-base-climate-commitment,Local model,climatebert_multi_20260526T112517Z_c8b7dc
llm_9158faade458,no,0.734563,False,distilroberta-base-climate-commitment,Local model,climatebert_multi_20260526T112517Z_c8b7dc
llm_97e4f27998bf,no,0.690861,False,distilroberta-base-climate-commitment,Local model,climatebert_multi_20260526T112517Z_c8b7dc
llm_fa89320da372,no,0.744486,False,distilroberta-base-climate-commitment,Local model,climatebert_multi_20260526T112517Z_c8b7dc
llm_ec0f94735a5d,no,0.631066,False,distilroberta-base-climate-commitment,Local model,climatebert_multi_20260526T112517Z_c8b7dc
llm_4ec86aba54aa,no,0.752192,False,distilroberta-base-climate-commitment,Local model,climatebert_multi_20260526T112517Z_c8b7dc
llm_5e338927e4ab,no,0.748372,False,distilroberta-base-climate-commitment,Local model,climatebert_multi_20260526T112517Z_c8b7dc
llm_c7400c774edc,no,0.619739,False,distilroberta-base-climate-commitment,Local model,climatebert_multi_20260526T112517Z_c8b7dc
llm_cbc868bbc8d1,no,0.864272,False,distilroberta-base-climate-commitment,Local model,climatebert_multi_20260526T112517Z_c8b7dc
llm_0ea5251ce046,no,0.852991,False,distilroberta-base-climate-commitment,Local model,climatebert_multi_20260526T112517Z_c8b7dc
llm_3da149d95b5d,no,0.694383,False,distilroberta-base-climate-commitment,Local model,climatebert_multi_20260526T112517Z_c8b7dc
llm_ac32e7b78f92,no,0.973319,False,distilroberta-base-climate-commitment,Local model,climatebert_multi_20260526T112517Z_c8b7dc
llm_22dc51c80745,no,0.878692,False,distilroberta-base-climate-commitment,Local model,climatebert_multi_20260526T112517Z_c8b7dc
llm_dd224a7bb099,no,0.913454,False,distilroberta-base-climate-commitment,Local model,climatebert_multi_20260526T112517Z_c8b7dc
llm_b0acd9e7e0e2,no,0.863544,False,distilroberta-base-climate-commitment,Local model,climatebert_multi_20260526T112517Z_c8b7dc
llm_693dd13fbc93,no,0.81492,False,distilroberta-base-climate-commitment,Local model,climatebert_multi_20260526T112517Z_c8b7dc
llm_82a4994a1e50,no,0.981259,False,distilroberta-base-climate-commitment,Local model,climatebert_multi_20260526T112517Z_c8b7dc
llm_0b041888f557,no,0.862984,False,distilroberta-base-climate-commitment,Local model,climatebert_multi_20260526T112517Z_c8b7dc
llm_97de55f493a7,no,0.882575,False,distilroberta-base-climate-commitment,Local model,climatebert_multi_20260526T112517Z_c8b7dc
llm_0af6ddc8ad06,yes,0.9098,True,distilroberta-base-climate-commitment,Local model,climatebert_multi_20260526T112517Z_c8b7dc
llm_19e1c5f2ebbd,no,0.852991,False,distilroberta-base-climate-commitment,Local model,climatebert_multi_20260526T112517Z_c8b7dc
llm_40bc2f5fa935,no,0.694383,False,distilroberta-base-climate-commitment,Local model,climatebert_multi_20260526T112517Z_c8b7dc
llm_215204258869,no,0.973319,False,distilroberta-base-climate-commitment,Local model,climatebert_multi_20260526T112517Z_c8b7dc
llm_63319208a7d8,no,0.878692,False,distilroberta-base-climate-commitment,Local model,climatebert_multi_20260526T112517Z_c8b7dc
llm_4cc18db3a66f,no,0.913454,False,distilroberta-base-climate-commitment,Local model,climatebert_multi_20260526T112517Z_c8b7dc
llm_218b9971a6f1,no,0.863544,False,distilroberta-base-climate-commitment,Local model,climatebert_multi_20260526T112517Z_c8b7dc
llm_7fab43288b1f,no,0.81492,False,distilroberta-base-climate-commitment,Local model,climatebert_multi_20260526T112517Z_c8b7dc
llm_6b31f4543f61,no,0.981259,False,distilroberta-base-climate-commitment,Local model,climatebert_multi_20260526T112517Z_c8b7dc
llm_5fbd21548ab3,no,0.862984,False,distilroberta-base-climate-commitment,Local model,climatebert_multi_20260526T112517Z_c8b7dc
llm_edd249732ae4,no,0.882575,False,distilroberta-base-climate-commitment,Local model,climatebert_multi_20260526T112517Z_c8b7dc
llm_aa444895ac0f,yes,0.9098,True,distilroberta-base-climate-commitment,Local model,climatebert_multi_20260526T112517Z_c8b7dc
llm_13104b186f49,no,0.94144,False,distilroberta-base-climate-commitment,Local model,climatebert_multi_20260526T112517Z_c8b7dc
llm_37e222021053,no,0.772701,False,distilroberta-base-climate-commitment,Local model,climatebert_multi_20260526T112517Z_c8b7dc
llm_b654a35bcc20,no,0.92657,False,distilroberta-base-climate-commitment,Local model,climatebert_multi_20260526T112517Z_c8b7dc
llm_3306280b4cf1,no,0.969578,False,distilroberta-base-climate-commitment,Local model,climatebert_multi_20260526T112517Z_c8b7dc
llm_d42c698c0da5,no,0.977434,False,distilroberta-base-climate-commitment,Local model,climatebert_multi_20260526T112517Z_c8b7dc
llm_b49f268ad93c,no,0.594089,False,distilroberta-base-climate-commitment,Local model,climatebert_multi_20260526T112517Z_c8b7dc
llm_7f1c83fefe42,no,0.621674,False,distilroberta-base-climate-commitment,Local model,climatebert_multi_20260526T112517Z_c8b7dc
llm_c1b6421c7f3a,no,0.734563,False,distilroberta-base-climate-commitment,Local model,climatebert_multi_20260526T112517Z_c8b7dc
llm_bff2109dd599,no,0.690861,False,distilroberta-base-climate-commitment,Local model,climatebert_multi_20260526T112517Z_c8b7dc
llm_6e980cfe12a4,no,0.744486,False,distilroberta-base-climate-commitment,Local model,climatebert_multi_20260526T112517Z_c8b7dc
llm_5ecdac47988b,no,0.631066,False,distilroberta-base-climate-commitment,Local model,climatebert_multi_20260526T112517Z_c8b7dc
llm_72c9f7ed3f5a,no,0.752192,False,distilroberta-base-climate-commitment,Local model,climatebert_multi_20260526T112517Z_c8b7dc
llm_2b475d8665a5,no,0.748372,False,distilroberta-base-climate-commitment,Local model,climatebert_multi_20260526T112517Z_c8b7dc
llm_f4bc250d3a2f,no,0.619739,False,distilroberta-base-climate-commitment,Local model,climatebert_multi_20260526T112517Z_c8b7dc
llm_afa95edcbd00,no,0.595025,False,distilroberta-base-climate-commitment,Local model,climatebert_multi_20260526T112517Z_c8b7dc
llm_1dfcce93f1e9,no,0.89136,False,distilroberta-base-climate-commitment,Local model,climatebert_multi_20260526T112517Z_c8b7dc
llm_ade6d0467691,no,0.913995,False,distilroberta-base-climate-commitment,Local model,climatebert_multi_20260526T112517Z_c8b7dc
llm_fc0d1cb9cc3e,no,0.939126,False,distilroberta-base-climate-commitment,Local model,climatebert_multi_20260526T112517Z_c8b7dc
llm_cf434daeb81d,no,0.950265,False,distilroberta-base-climate-commitment,Local model,climatebert_multi_20260526T112517Z_c8b7dc
llm_52bd8eba73d5,no,0.972015,False,distilroberta-base-climate-commitment,Local model,climatebert_multi_20260526T112517Z_c8b7dc
llm_50300121305a,no,0.898719,False,distilroberta-base-climate-commitment,Local model,climatebert_multi_20260526T112517Z_c8b7dc
llm_440ac3245f4b,no,0.855915,False,distilroberta-base-climate-commitment,Local model,climatebert_multi_20260526T112517Z_c8b7dc
llm_e8771cfeae9f,no,0.931195,False,distilroberta-base-climate-commitment,Local model,climatebert_multi_20260526T112517Z_c8b7dc
llm_deda231c3437,no,0.913333,False,distilroberta-base-climate-commitment,Local model,climatebert_multi_20260526T112517Z_c8b7dc
llm_b0ef02f39b13,no,0.89136,False,distilroberta-base-climate-commitment,Local model,climatebert_multi_20260526T112517Z_c8b7dc
llm_d8d93ec5c5ca,no,0.913995,False,distilroberta-base-climate-commitment,Local model,climatebert_multi_20260526T112517Z_c8b7dc
llm_3a34a820ddb9,no,0.898719,False,distilroberta-base-climate-commitment,Local model,climatebert_multi_20260526T112517Z_c8b7dc
llm_1bb8ed8ab3bd,no,0.907438,False,distilroberta-base-climate-commitment,Local model,climatebert_multi_20260526T112517Z_c8b7dc
llm_2a3053e03040,no,0.806903,False,distilroberta-base-climate-commitment,Local model,climatebert_multi_20260526T112517Z_c8b7dc
llm_e9a91198d599,no,0.983369,False,distilroberta-base-climate-commitment,Local model,climatebert_multi_20260526T112517Z_c8b7dc
llm_737a483d8f3f,no,0.852991,False,distilroberta-base-climate-commitment,Local model,climatebert_multi_20260526T112517Z_c8b7dc
llm_3f756e1566ca,no,0.694383,False,distilroberta-base-climate-commitment,Local model,climatebert_multi_20260526T112517Z_c8b7dc
llm_3ccda1a1815f,no,0.973319,False,distilroberta-base-climate-commitment,Local model,climatebert_multi_20260526T112517Z_c8b7dc
llm_ebd527277d30,no,0.878692,False,distilroberta-base-climate-commitment,Local model,climatebert_multi_20260526T112517Z_c8b7dc
llm_3b533bd332f8,no,0.913454,False,distilroberta-base-climate-commitment,Local model,climatebert_multi_20260526T112517Z_c8b7dc
llm_e3f0cdfd8025,no,0.863544,False,distilroberta-base-climate-commitment,Local model,climatebert_multi_20260526T112517Z_c8b7dc
llm_9c1d0ec5095b,no,0.81492,False,distilroberta-base-climate-commitment,Local model,climatebert_multi_20260526T112517Z_c8b7dc
llm_7c4066894fa1,no,0.981259,False,distilroberta-base-climate-commitment,Local model,climatebert_multi_20260526T112517Z_c8b7dc
llm_6cdcc425eaae,no,0.862984,False,distilroberta-base-climate-commitment,Local model,climatebert_multi_20260526T112517Z_c8b7dc
llm_eda880d30d33,no,0.882575,False,distilroberta-base-climate-commitment,Local model,climatebert_multi_20260526T112517Z_c8b7dc
llm_c81738451bf6,yes,0.9098,True,distilroberta-base-climate-commitment,Local model,climatebert_multi_20260526T112517Z_c8b7dc
llm_9bb9261e823b,no,0.843258,False,distilroberta-base-climate-commitment,Local model,climatebert_multi_20260526T112517Z_c8b7dc
llm_2e0c1477da36,no,0.842775,False,distilroberta-base-climate-commitment,Local model,climatebert_multi_20260526T112517Z_c8b7dc
llm_e81a5f2f59f3,no,0.907438,False,distilroberta-base-climate-commitment,Local model,climatebert_multi_20260526T112517Z_c8b7dc
llm_ae563e74b28e,no,0.898719,False,distilroberta-base-climate-commitment,Local model,climatebert_multi_20260526T112517Z_c8b7dc
llm_7db967d5980b,no,0.728728,False,distilroberta-base-climate-commitment,Local model,climatebert_multi_20260526T112517Z_c8b7dc
llm_b89775fca057,no,0.848578,False,distilroberta-base-climate-commitment,Local model,climatebert_multi_20260526T112517Z_c8b7dc
llm_419e5afe74b9,no,0.753097,False,distilroberta-base-climate-commitment,Local model,climatebert_multi_20260526T112517Z_c8b7dc
llm_de418ac3b8d0,no,0.888767,False,distilroberta-base-climate-commitment,Local model,climatebert_multi_20260526T112517Z_c8b7dc
llm_94f42f9fc168,no,0.727878,False,distilroberta-base-climate-commitment,Local model,climatebert_multi_20260526T112517Z_c8b7dc
llm_e6020710ba3f,no,0.714156,False,distilroberta-base-climate-commitment,Local model,climatebert_multi_20260526T112517Z_c8b7dc
llm_93cd5eaf7d8e,no,0.962076,False,distilroberta-base-climate-commitment,Local model,climatebert_multi_20260526T112517Z_c8b7dc
llm_1bd8d20d593f,no,0.89136,False,distilroberta-base-climate-commitment,Local model,climatebert_multi_20260526T112517Z_c8b7dc
llm_2d0074cd3b31,no,0.913995,False,distilroberta-base-climate-commitment,Local model,climatebert_multi_20260526T112517Z_c8b7dc
llm_1dae6bcfdc34,no,0.956428,False,distilroberta-base-climate-commitment,Local model,climatebert_multi_20260526T112517Z_c8b7dc
llm_a86b9d5e80f4,no,0.878166,False,distilroberta-base-climate-commitment,Local model,climatebert_multi_20260526T112517Z_c8b7dc
llm_377a38223830,no,0.888532,False,distilroberta-base-climate-commitment,Local model,climatebert_multi_20260526T112517Z_c8b7dc
llm_4bc6400313e1,no,0.898719,False,distilroberta-base-climate-commitment,Local model,climatebert_multi_20260526T112517Z_c8b7dc
llm_cd012adf2c1e,no,0.907438,False,distilroberta-base-climate-commitment,Local model,climatebert_multi_20260526T112517Z_c8b7dc
llm_4e463ed2251e,no,0.89136,False,distilroberta-base-climate-commitment,Local model,climatebert_multi_20260526T112517Z_c8b7dc
llm_aabf6439254f,no,0.913995,False,distilroberta-base-climate-commitment,Local model,climatebert_multi_20260526T112517Z_c8b7dc
llm_dc76a57db6d1,no,0.907438,False,distilroberta-base-climate-commitment,Local model,climatebert_multi_20260526T112517Z_c8b7dc
llm_34467f5ec3b9,no,0.956439,False,distilroberta-base-climate-commitment,Local model,climatebert_multi_20260526T112517Z_c8b7dc
llm_57b84d8cf322,no,0.907438,False,distilroberta-base-climate-commitment,Local model,climatebert_multi_20260526T112517Z_c8b7dc
llm_00fc0f277c25,no,0.853148,False,distilroberta-base-climate-commitment,Local model,climatebert_multi_20260526T112517Z_c8b7dc
llm_dc0d7388ad65,no,0.89136,False,distilroberta-base-climate-commitment,Local model,climatebert_multi_20260526T112517Z_c8b7dc
llm_fad892fa28d6,no,0.913995,False,distilroberta-base-climate-commitment,Local model,climatebert_multi_20260526T112517Z_c8b7dc
llm_ab376ec49d1f,no,0.983369,False,distilroberta-base-climate-commitment,Local model,climatebert_multi_20260526T112517Z_c8b7dc
llm_17ace1bc5339,no,0.87888,False,distilroberta-base-climate-commitment,Local model,climatebert_multi_20260526T112517Z_c8b7dc
llm_352ff562bcf0,no,0.756996,False,distilroberta-base-climate-commitment,Local model,climatebert_multi_20260526T112517Z_c8b7dc
llm_2f8fe520f10d,no,0.697886,False,distilroberta-base-climate-commitment,Local model,climatebert_multi_20260526T112517Z_c8b7dc
llm_d627b96f0a37,no,0.82556,False,distilroberta-base-climate-commitment,Local model,climatebert_multi_20260526T112517Z_c8b7dc
llm_be73137df18c,no,0.983369,False,distilroberta-base-climate-commitment,Local model,climatebert_multi_20260526T112517Z_c8b7dc
llm_569e70a99a6c,no,0.907438,False,distilroberta-base-climate-commitment,Local model,climatebert_multi_20260526T112517Z_c8b7dc
llm_8c94b93cb320,no,0.89136,False,distilroberta-base-climate-commitment,Local model,climatebert_multi_20260526T112517Z_c8b7dc
llm_1baebd5e17ed,no,0.913995,False,distilroberta-base-climate-commitment,Local model,climatebert_multi_20260526T112517Z_c8b7dc
llm_f65fe04c67f6,no,0.842775,False,distilroberta-base-climate-commitment,Local model,climatebert_multi_20260526T112517Z_c8b7dc
llm_a1fcb40bbecf,no,0.954983,False,distilroberta-base-climate-commitment,Local model,climatebert_multi_20260526T112517Z_c8b7dc
llm_d7e2dff13182,no,0.896322,False,distilroberta-base-climate-commitment,Local model,climatebert_multi_20260526T112517Z_c8b7dc
llm_bf99c3716d92,no,0.922427,False,distilroberta-base-climate-commitment,Local model,climatebert_multi_20260526T112517Z_c8b7dc
llm_7df3f6530199,no,0.89136,False,distilroberta-base-climate-commitment,Local model,climatebert_multi_20260526T112517Z_c8b7dc
llm_8ccdf9275ad9,no,0.913995,False,distilroberta-base-climate-commitment,Local model,climatebert_multi_20260526T112517Z_c8b7dc
llm_16f2f3e882bf,no,0.907438,False,distilroberta-base-climate-commitment,Local model,climatebert_multi_20260526T112517Z_c8b7dc
llm_66fe8bace610,no,0.898719,False,distilroberta-base-climate-commitment,Local model,climatebert_multi_20260526T112517Z_c8b7dc
llm_d02772718a6a,no,0.808085,False,distilroberta-base-climate-commitment,Local model,climatebert_multi_20260526T112517Z_c8b7dc
llm_1f58bd6b691c,no,0.694336,False,distilroberta-base-climate-commitment,Local model,climatebert_multi_20260526T112517Z_c8b7dc
llm_bb43ac24264c,no,0.759117,False,distilroberta-base-climate-commitment,Local model,climatebert_multi_20260526T112517Z_c8b7dc
llm_0764b53e1384,no,0.724915,False,distilroberta-base-climate-commitment,Local model,climatebert_multi_20260526T112517Z_c8b7dc
llm_82ed67c7035c,no,0.788419,False,distilroberta-base-climate-commitment,Local model,climatebert_multi_20260526T112517Z_c8b7dc
llm_0939a8bea1d5,no,0.89136,False,distilroberta-base-climate-commitment,Local model,climatebert_multi_20260526T112517Z_c8b7dc
llm_ce47714c9ab2,no,0.907438,False,distilroberta-base-climate-commitment,Local model,climatebert_multi_20260526T112517Z_c8b7dc
llm_148897214ae9,no,0.82556,False,distilroberta-base-climate-commitment,Local model,climatebert_multi_20260526T112517Z_c8b7dc
llm_16a5d520fd5f,no,0.983369,False,distilroberta-base-climate-commitment,Local model,climatebert_multi_20260526T112517Z_c8b7dc
llm_637f204acc69,no,0.859518,False,distilroberta-base-climate-commitment,Local model,climatebert_multi_20260526T112517Z_c8b7dc
llm_c54dffac06e9,no,0.907471,False,distilroberta-base-climate-commitment,Local model,climatebert_multi_20260526T112517Z_c8b7dc
llm_953e77be07a6,no,0.801378,False,distilroberta-base-climate-commitment,Local model,climatebert_multi_20260526T112517Z_c8b7dc
llm_6a7599e36ffe,no,0.907438,False,distilroberta-base-climate-commitment,Local model,climatebert_multi_20260526T112517Z_c8b7dc
llm_b993b2266d51,no,0.607648,False,distilroberta-base-climate-commitment,Local model,climatebert_multi_20260526T112517Z_c8b7dc
llm_873a24051572,no,0.851043,False,distilroberta-base-climate-commitment,Local model,climatebert_multi_20260526T112517Z_c8b7dc
llm_71251db1be99,no,0.898719,False,distilroberta-base-climate-commitment,Local model,climatebert_multi_20260526T112517Z_c8b7dc
llm_62ca8bb6257c,no,0.842775,False,distilroberta-base-climate-commitment,Local model,climatebert_multi_20260526T112517Z_c8b7dc
llm_821c7ae23a3b,no,0.845242,False,distilroberta-base-climate-commitment,Local model,climatebert_multi_20260526T112517Z_c8b7dc
llm_38492a1deee1,no,0.866126,False,distilroberta-base-climate-commitment,Local model,climatebert_multi_20260526T112517Z_c8b7dc
llm_436f1781fe4a,no,0.842775,False,distilroberta-base-climate-commitment,Local model,climatebert_multi_20260526T112517Z_c8b7dc
llm_039053aa10c7,no,0.934631,False,distilroberta-base-climate-commitment,Local model,climatebert_multi_20260526T112517Z_c8b7dc
llm_aa696463e9ff,no,0.907438,False,distilroberta-base-climate-commitment,Local model,climatebert_multi_20260526T112517Z_c8b7dc
llm_0f7fbf03ac24,no,0.842775,False,distilroberta-base-climate-commitment,Local model,climatebert_multi_20260526T112517Z_c8b7dc
llm_fe3a38c770bf,no,0.841392,False,distilroberta-base-climate-commitment,Local model,climatebert_multi_20260526T112517Z_c8b7dc
llm_96c51203d275,no,0.714156,False,distilroberta-base-climate-commitment,Local model,climatebert_multi_20260526T112517Z_c8b7dc
llm_2a15dffd3c3b,no,0.759117,False,distilroberta-base-climate-commitment,Local model,climatebert_multi_20260526T112517Z_c8b7dc
llm_8f7305d94bda,no,0.683931,False,distilroberta-base-climate-commitment,Local model,climatebert_multi_20260526T112517Z_c8b7dc
llm_3d764acf57b6,no,0.680593,False,distilroberta-base-climate-commitment,Local model,climatebert_multi_20260526T112517Z_c8b7dc
llm_91fa692aea6e,no,0.952141,False,distilroberta-base-climate-commitment,Local model,climatebert_multi_20260526T112517Z_c8b7dc
llm_f52fdc8c3ab6,no,0.868552,False,distilroberta-base-climate-commitment,Local model,climatebert_multi_20260526T112517Z_c8b7dc
llm_983bb751ba46,no,0.801378,False,distilroberta-base-climate-commitment,Local model,climatebert_multi_20260526T112517Z_c8b7dc
llm_68168c12dd01,no,0.842775,False,distilroberta-base-climate-commitment,Local model,climatebert_multi_20260526T112517Z_c8b7dc
llm_df76f2904dc5,no,0.929151,False,distilroberta-base-climate-commitment,Local model,climatebert_multi_20260526T112517Z_c8b7dc
llm_237e58fc9577,no,0.898719,False,distilroberta-base-climate-commitment,Local model,climatebert_multi_20260526T112517Z_c8b7dc
llm_ccf1397fce57,no,0.89136,False,distilroberta-base-climate-commitment,Local model,climatebert_multi_20260526T112517Z_c8b7dc
llm_0cbac16b4932,no,0.913995,False,distilroberta-base-climate-commitment,Local model,climatebert_multi_20260526T112517Z_c8b7dc
llm_1d82fce2314e,no,0.89136,False,distilroberta-base-climate-commitment,Local model,climatebert_multi_20260526T112517Z_c8b7dc
llm_9a6988fc073a,no,0.913995,False,distilroberta-base-climate-commitment,Local model,climatebert_multi_20260526T112517Z_c8b7dc
llm_8af32ab9229e,no,0.862618,False,distilroberta-base-climate-commitment,Local model,climatebert_multi_20260526T112517Z_c8b7dc
llm_82d91c8ad32e,no,0.778652,False,distilroberta-base-climate-commitment,Local model,climatebert_multi_20260526T112517Z_c8b7dc
llm_a4fde7cdf3c1,no,0.851043,False,distilroberta-base-climate-commitment,Local model,climatebert_multi_20260526T112517Z_c8b7dc
llm_399c6994f62b,no,0.898719,False,distilroberta-base-climate-commitment,Local model,climatebert_multi_20260526T112517Z_c8b7dc
llm_42f850db2d69,no,0.907438,False,distilroberta-base-climate-commitment,Local model,climatebert_multi_20260526T112517Z_c8b7dc
llm_c448f5de1341,no,0.855894,False,distilroberta-base-climate-commitment,Local model,climatebert_multi_20260526T112517Z_c8b7dc
llm_c7abaa32e401,no,0.934548,False,distilroberta-base-climate-commitment,Local model,climatebert_multi_20260526T112517Z_c8b7dc
llm_a30f88f3a5de,no,0.842775,False,distilroberta-base-climate-commitment,Local model,climatebert_multi_20260526T112517Z_c8b7dc
llm_e2c8d80195eb,no,0.613749,False,distilroberta-base-climate-commitment,Local model,climatebert_multi_20260526T112517Z_c8b7dc
llm_111896b612a3,no,0.907438,False,distilroberta-base-climate-commitment,Local model,climatebert_multi_20260526T112517Z_c8b7dc
llm_01ef64ce0e33,no,0.842775,False,distilroberta-base-climate-commitment,Local model,climatebert_multi_20260526T112517Z_c8b7dc
llm_f6fea250e4fc,no,0.757798,False,distilroberta-base-climate-commitment,Local model,climatebert_multi_20260526T112517Z_c8b7dc
llm_d9ff9669e9c5,no,0.89136,False,distilroberta-base-climate-commitment,Local model,climatebert_multi_20260526T112517Z_c8b7dc
llm_dc799960d1d8,no,0.913995,False,distilroberta-base-climate-commitment,Local model,climatebert_multi_20260526T112517Z_c8b7dc
llm_4ab7560a0e18,no,0.898719,False,distilroberta-base-climate-commitment,Local model,climatebert_multi_20260526T112517Z_c8b7dc
llm_543f9cb5f336,no,0.907438,False,distilroberta-base-climate-commitment,Local model,climatebert_multi_20260526T112517Z_c8b7dc
llm_dba8d1b2b61e,no,0.900637,False,distilroberta-base-climate-commitment,Local model,climatebert_multi_20260526T112517Z_c8b7dc
llm_7abae95d5633,no,0.687868,False,distilroberta-base-climate-commitment,Local model,climatebert_multi_20260526T112517Z_c8b7dc
llm_1b8a1a8d7f89,no,0.851043,False,distilroberta-base-climate-commitment,Local model,climatebert_multi_20260526T112517Z_c8b7dc
llm_6bbd9d5811e2,no,0.997922,False,distilroberta-base-climate-commitment,Local model,climatebert_multi_20260526T112517Z_c8b7dc
llm_f715de662399,no,0.996835,False,distilroberta-base-climate-commitment,Local model,climatebert_multi_20260526T112517Z_c8b7dc
llm_dea19494e358,no,0.851043,False,distilroberta-base-climate-commitment,Local model,climatebert_multi_20260526T112517Z_c8b7dc
llm_43bbb5f338a8,no,0.898719,False,distilroberta-base-climate-commitment,Local model,climatebert_multi_20260526T112517Z_c8b7dc
llm_7dcf9ce0c76c,no,0.907438,False,distilroberta-base-climate-commitment,Local model,climatebert_multi_20260526T112517Z_c8b7dc
llm_5d7c5fd0d0e0,no,0.98082,False,distilroberta-base-climate-commitment,Local model,climatebert_multi_20260526T112517Z_c8b7dc
llm_4ca63e769b4c,no,0.850117,False,distilroberta-base-climate-commitment,Local model,climatebert_multi_20260526T112517Z_c8b7dc
llm_438507a1bde6,no,0.985268,False,distilroberta-base-climate-commitment,Local model,climatebert_multi_20260526T112517Z_c8b7dc
llm_7432e9a669bd,no,0.906774,False,distilroberta-base-climate-commitment,Local model,climatebert_multi_20260526T112517Z_c8b7dc
llm_3a5ae0db5fe6,no,0.920065,False,distilroberta-base-climate-commitment,Local model,climatebert_multi_20260526T112517Z_c8b7dc
llm_bec02946714f,no,0.89136,False,distilroberta-base-climate-commitment,Local model,climatebert_multi_20260526T112517Z_c8b7dc
llm_0499e20b20a4,no,0.913995,False,distilroberta-base-climate-commitment,Local model,climatebert_multi_20260526T112517Z_c8b7dc
llm_89de7f7951dc,no,0.898719,False,distilroberta-base-climate-commitment,Local model,climatebert_multi_20260526T112517Z_c8b7dc
llm_8f0758c45dd5,no,0.907438,False,distilroberta-base-climate-commitment,Local model,climatebert_multi_20260526T112517Z_c8b7dc
llm_293f2fedde51,no,0.89136,False,distilroberta-base-climate-commitment,Local model,climatebert_multi_20260526T112517Z_c8b7dc
llm_a15c120a844a,no,0.913995,False,distilroberta-base-climate-commitment,Local model,climatebert_multi_20260526T112517Z_c8b7dc
llm_f43d8ac15108,no,0.898719,False,distilroberta-base-climate-commitment,Local model,climatebert_multi_20260526T112517Z_c8b7dc
llm_d12cf4ea0fb3,no,0.907438,False,distilroberta-base-climate-commitment,Local model,climatebert_multi_20260526T112517Z_c8b7dc
llm_1f5cfec27be6,no,0.759117,False,distilroberta-base-climate-commitment,Local model,climatebert_multi_20260526T112517Z_c8b7dc
llm_01e20af9ce0a,no,0.89136,False,distilroberta-base-climate-commitment,Local model,climatebert_multi_20260526T112517Z_c8b7dc
llm_578d26f6679e,no,0.913995,False,distilroberta-base-climate-commitment,Local model,climatebert_multi_20260526T112517Z_c8b7dc
llm_4eea7dcb3c8b,no,0.727878,False,distilroberta-base-climate-commitment,Local model,climatebert_multi_20260526T112517Z_c8b7dc
llm_2577df0b12c2,no,0.98082,False,distilroberta-base-climate-commitment,Local model,climatebert_multi_20260526T112517Z_c8b7dc
llm_fad5e665e1af,no,0.884125,False,distilroberta-base-climate-commitment,Local model,climatebert_multi_20260526T112517Z_c8b7dc
llm_41e0ed328168,no,0.756706,False,distilroberta-base-climate-commitment,Local model,climatebert_multi_20260526T112517Z_c8b7dc
llm_cd3873842e12,no,0.900637,False,distilroberta-base-climate-commitment,Local model,climatebert_multi_20260526T112517Z_c8b7dc
llm_f8a960e4dfaa,no,0.851043,False,distilroberta-base-climate-commitment,Local model,climatebert_multi_20260526T112517Z_c8b7dc
llm_81c8b3938d29,no,0.759117,False,distilroberta-base-climate-commitment,Local model,climatebert_multi_20260526T112517Z_c8b7dc
llm_5ccd09c5aac0,no,0.846658,False,distilroberta-base-climate-commitment,Local model,climatebert_multi_20260526T112517Z_c8b7dc
llm_ce355aee72f2,no,0.677335,False,distilroberta-base-climate-commitment,Local model,climatebert_multi_20260526T112517Z_c8b7dc
llm_3b498ca07b1d,no,0.648317,False,distilroberta-base-climate-commitment,Local model,climatebert_multi_20260526T112517Z_c8b7dc
llm_eba2fb2799a2,no,0.878444,False,distilroberta-base-climate-commitment,Local model,climatebert_multi_20260526T112517Z_c8b7dc
llm_c03771e4b32c,no,0.816232,False,distilroberta-base-climate-commitment,Local model,climatebert_multi_20260526T112517Z_c8b7dc
llm_3e7805aecd29,no,0.842775,False,distilroberta-base-climate-commitment,Local model,climatebert_multi_20260526T112517Z_c8b7dc
llm_689bd490b05a,no,0.759117,False,distilroberta-base-climate-commitment,Local model,climatebert_multi_20260526T112517Z_c8b7dc
llm_99ea614e485c,no,0.900637,False,distilroberta-base-climate-commitment,Local model,climatebert_multi_20260526T112517Z_c8b7dc
llm_8815e1ff687d,no,0.874278,False,distilroberta-base-climate-commitment,Local model,climatebert_multi_20260526T112517Z_c8b7dc
llm_ee36f044ac7e,no,0.910776,False,distilroberta-base-climate-commitment,Local model,climatebert_multi_20260526T112517Z_c8b7dc
llm_31f30470ae11,no,0.907438,False,distilroberta-base-climate-commitment,Local model,climatebert_multi_20260526T112517Z_c8b7dc
llm_e979fa850f83,no,0.89136,False,distilroberta-base-climate-commitment,Local model,climatebert_multi_20260526T112517Z_c8b7dc
llm_540b5944e4e5,no,0.913995,False,distilroberta-base-climate-commitment,Local model,climatebert_multi_20260526T112517Z_c8b7dc
llm_fba6e1ab9e2a,no,0.882681,False,distilroberta-base-climate-commitment,Local model,climatebert_multi_20260526T112517Z_c8b7dc
llm_fb21c6c694a0,no,0.89136,False,distilroberta-base-climate-commitment,Local model,climatebert_multi_20260526T112517Z_c8b7dc
llm_56616c9c23d8,no,0.907275,False,distilroberta-base-climate-commitment,Local model,climatebert_multi_20260526T112517Z_c8b7dc
llm_daf115ac3be5,no,0.898719,False,distilroberta-base-climate-commitment,Local model,climatebert_multi_20260526T112517Z_c8b7dc
llm_47e47a045da6,no,0.85216,False,distilroberta-base-climate-commitment,Local model,climatebert_multi_20260526T112517Z_c8b7dc
llm_9b8d224480ba,no,0.89136,False,distilroberta-base-climate-commitment,Local model,climatebert_multi_20260526T112517Z_c8b7dc
llm_e7484413dfd5,no,0.913995,False,distilroberta-base-climate-commitment,Local model,climatebert_multi_20260526T112517Z_c8b7dc
llm_71edb06cabc9,yes,0.604847,True,distilroberta-base-climate-commitment,Local model,climatebert_multi_20260526T112517Z_c8b7dc
llm_72051c1439e2,no,0.898719,False,distilroberta-base-climate-commitment,Local model,climatebert_multi_20260526T112517Z_c8b7dc
llm_7e8b4acc191c,no,0.907438,False,distilroberta-base-climate-commitment,Local model,climatebert_multi_20260526T112517Z_c8b7dc
llm_734022707ff3,no,0.691991,False,distilroberta-base-climate-commitment,Local model,climatebert_multi_20260526T112517Z_c8b7dc
llm_b4017aa36170,no,0.842775,False,distilroberta-base-climate-commitment,Local model,climatebert_multi_20260526T112517Z_c8b7dc
llm_b8afebdadfb0,no,0.89112,False,distilroberta-base-climate-commitment,Local model,climatebert_multi_20260526T112517Z_c8b7dc
llm_de15d80bb8e9,no,0.877821,False,distilroberta-base-climate-commitment,Local model,climatebert_multi_20260526T112517Z_c8b7dc
llm_95b1b529bc85,no,0.808816,False,distilroberta-base-climate-commitment,Local model,climatebert_multi_20260526T112517Z_c8b7dc
llm_f1aac5cea695,no,0.634727,False,distilroberta-base-climate-commitment,Local model,climatebert_multi_20260526T112517Z_c8b7dc
llm_58126c046ce6,no,0.898719,False,distilroberta-base-climate-commitment,Local model,climatebert_multi_20260526T112517Z_c8b7dc
llm_34e0c4f943bd,no,0.691991,False,distilroberta-base-climate-commitment,Local model,climatebert_multi_20260526T112517Z_c8b7dc
llm_3f1836ebbffc,no,0.842775,False,distilroberta-base-climate-commitment,Local model,climatebert_multi_20260526T112517Z_c8b7dc
llm_3a19ed471abb,no,0.562942,False,distilroberta-base-climate-commitment,Local model,climatebert_multi_20260526T112517Z_c8b7dc
llm_e4b888e9f2af,no,0.619962,False,distilroberta-base-climate-commitment,Local model,climatebert_multi_20260526T112517Z_c8b7dc
llm_9889084fe335,no,0.733632,False,distilroberta-base-climate-commitment,Local model,climatebert_multi_20260526T112517Z_c8b7dc
llm_3ea78d644d0b,no,0.842775,False,distilroberta-base-climate-commitment,Local model,climatebert_multi_20260526T112517Z_c8b7dc
llm_237431a28f6a,no,0.884543,False,distilroberta-base-climate-commitment,Local model,climatebert_multi_20260526T112517Z_c8b7dc
llm_2bcbae7e1e76,no,0.842775,False,distilroberta-base-climate-commitment,Local model,climatebert_multi_20260526T112517Z_c8b7dc
llm_1bd47a133b00,no,0.734083,False,distilroberta-base-climate-commitment,Local model,climatebert_multi_20260526T112517Z_c8b7dc
llm_7874194c7ed5,no,0.907438,False,distilroberta-base-climate-commitment,Local model,climatebert_multi_20260526T112517Z_c8b7dc
llm_7b6fec28c998,no,0.898719,False,distilroberta-base-climate-commitment,Local model,climatebert_multi_20260526T112517Z_c8b7dc
llm_b6532e20c0b7,no,0.842775,False,distilroberta-base-climate-commitment,Local model,climatebert_multi_20260526T112517Z_c8b7dc
llm_0d6dfb9f960e,no,0.898719,False,distilroberta-base-climate-commitment,Local model,climatebert_multi_20260526T112517Z_c8b7dc
llm_3455dab84884,no,0.907438,False,distilroberta-base-climate-commitment,Local model,climatebert_multi_20260526T112517Z_c8b7dc
llm_75a9aee95921,no,0.842775,False,distilroberta-base-climate-commitment,Local model,climatebert_multi_20260526T112517Z_c8b7dc
llm_1cdcf89ab708,no,0.759117,False,distilroberta-base-climate-commitment,Local model,climatebert_multi_20260526T112517Z_c8b7dc
llm_25c70a1e64ce,no,0.734083,False,distilroberta-base-climate-commitment,Local model,climatebert_multi_20260526T112517Z_c8b7dc
llm_1e15c3a1e682,no,0.683931,False,distilroberta-base-climate-commitment,Local model,climatebert_multi_20260526T112517Z_c8b7dc
llm_6f5f0cea686d,no,0.89136,False,distilroberta-base-climate-commitment,Local model,climatebert_multi_20260526T112517Z_c8b7dc
llm_e472cd73ef36,no,0.896261,False,distilroberta-base-climate-commitment,Local model,climatebert_multi_20260526T112517Z_c8b7dc
llm_8204d752752b,no,0.89136,False,distilroberta-base-climate-commitment,Local model,climatebert_multi_20260526T112517Z_c8b7dc
llm_ce34c40da2f3,no,0.913995,False,distilroberta-base-climate-commitment,Local model,climatebert_multi_20260526T112517Z_c8b7dc
llm_4a3247bea649,no,0.907438,False,distilroberta-base-climate-commitment,Local model,climatebert_multi_20260526T112517Z_c8b7dc
llm_3151cc12b828,no,0.898719,False,distilroberta-base-climate-commitment,Local model,climatebert_multi_20260526T112517Z_c8b7dc
llm_2b310e0f5cf8,no,0.980709,False,distilroberta-base-climate-commitment,Local model,climatebert_multi_20260526T112517Z_c8b7dc
llm_b8ca60a5865f,no,0.82556,False,distilroberta-base-climate-commitment,Local model,climatebert_multi_20260526T112517Z_c8b7dc
llm_797e5e883935,no,0.716366,False,distilroberta-base-climate-commitment,Local model,climatebert_multi_20260526T112517Z_c8b7dc
llm_9be6a9ae79f3,no,0.89136,False,distilroberta-base-climate-commitment,Local model,climatebert_multi_20260526T112517Z_c8b7dc
llm_2538e10cae98,no,0.913995,False,distilroberta-base-climate-commitment,Local model,climatebert_multi_20260526T112517Z_c8b7dc
llm_3567bdcf56e0,no,0.913497,False,distilroberta-base-climate-commitment,Local model,climatebert_multi_20260526T112517Z_c8b7dc
llm_7cc5d6259549,no,0.898893,False,distilroberta-base-climate-commitment,Local model,climatebert_multi_20260526T112517Z_c8b7dc
llm_b4513688d19a,no,0.895898,False,distilroberta-base-climate-commitment,Local model,climatebert_multi_20260526T112517Z_c8b7dc
llm_0f10e1afbb78,no,0.898719,False,distilroberta-base-climate-commitment,Local model,climatebert_multi_20260526T112517Z_c8b7dc
llm_d9188d527e33,no,0.842775,False,distilroberta-base-climate-commitment,Local model,climatebert_multi_20260526T112517Z_c8b7dc
llm_8055390d0eb3,no,0.691991,False,distilroberta-base-climate-commitment,Local model,climatebert_multi_20260526T112517Z_c8b7dc
llm_03e577cc37b5,no,0.89112,False,distilroberta-base-climate-commitment,Local model,climatebert_multi_20260526T112517Z_c8b7dc
llm_1f3fcb91f6ca,no,0.82374,False,distilroberta-base-climate-commitment,Local model,climatebert_multi_20260526T112517Z_c8b7dc
llm_83cffaa900b8,no,0.937833,False,distilroberta-base-climate-commitment,Local model,climatebert_multi_20260526T112517Z_c8b7dc
llm_dfdb65734a6a,no,0.778265,False,distilroberta-base-climate-commitment,Local model,climatebert_multi_20260526T112517Z_c8b7dc
llm_e224c00d498e,no,0.884578,False,distilroberta-base-climate-commitment,Local model,climatebert_multi_20260526T112517Z_c8b7dc
llm_456a71e1f62a,no,0.650918,False,distilroberta-base-climate-commitment,Local model,climatebert_multi_20260526T112517Z_c8b7dc
llm_416af7f13989,no,0.694426,False,distilroberta-base-climate-commitment,Local model,climatebert_multi_20260526T112517Z_c8b7dc
llm_26379376d657,no,0.775127,False,distilroberta-base-climate-commitment,Local model,climatebert_multi_20260526T112517Z_c8b7dc
llm_2095b867f482,no,0.798351,False,distilroberta-base-climate-commitment,Local model,climatebert_multi_20260526T112517Z_c8b7dc
llm_08defc652987,no,0.795577,False,distilroberta-base-climate-commitment,Local model,climatebert_multi_20260526T112517Z_c8b7dc
llm_4cd71a8a12dc,no,0.921691,False,distilroberta-base-climate-commitment,Local model,climatebert_multi_20260526T112517Z_c8b7dc
llm_ca0f11cb63d0,no,0.89136,False,distilroberta-base-climate-commitment,Local model,climatebert_multi_20260526T112517Z_c8b7dc
llm_fd8e84a430c8,no,0.913995,False,distilroberta-base-climate-commitment,Local model,climatebert_multi_20260526T112517Z_c8b7dc
llm_8d9a472f622c,no,0.89116,False,distilroberta-base-climate-commitment,Local model,climatebert_multi_20260526T112517Z_c8b7dc
llm_156f8d0a80c0,no,0.953401,False,distilroberta-base-climate-commitment,Local model,climatebert_multi_20260526T112517Z_c8b7dc
llm_68f120a3bec5,no,0.842775,False,distilroberta-base-climate-commitment,Local model,climatebert_multi_20260526T112517Z_c8b7dc
llm_dc2d0960634f,no,0.856838,False,distilroberta-base-climate-commitment,Local model,climatebert_multi_20260526T112517Z_c8b7dc
llm_c1f9812c905f,no,0.907438,False,distilroberta-base-climate-commitment,Local model,climatebert_multi_20260526T112517Z_c8b7dc
llm_64d95d71ae49,no,0.759117,False,distilroberta-base-climate-commitment,Local model,climatebert_multi_20260526T112517Z_c8b7dc
llm_486200e2dd7f,no,0.807698,False,distilroberta-base-climate-commitment,Local model,climatebert_multi_20260526T112517Z_c8b7dc
llm_74528e367821,no,0.89136,False,distilroberta-base-climate-commitment,Local model,climatebert_multi_20260526T112517Z_c8b7dc
llm_bf1292bafa11,no,0.907275,False,distilroberta-base-climate-commitment,Local model,climatebert_multi_20260526T112517Z_c8b7dc
llm_66803a7a0403,no,0.908321,False,distilroberta-base-climate-commitment,Local model,climatebert_multi_20260526T112517Z_c8b7dc
llm_46ae218cbfbf,no,0.812043,False,distilroberta-base-climate-commitment,Local model,climatebert_multi_20260526T112517Z_c8b7dc
llm_cf270190f398,no,0.734083,False,distilroberta-base-climate-commitment,Local model,climatebert_multi_20260526T112517Z_c8b7dc
llm_3be82af0115b,no,0.976843,False,distilroberta-base-climate-commitment,Local model,climatebert_multi_20260526T112517Z_c8b7dc
llm_f3cc62d39bfe,no,0.900637,False,distilroberta-base-climate-commitment,Local model,climatebert_multi_20260526T112517Z_c8b7dc
llm_a8dda06a4413,no,0.759117,False,distilroberta-base-climate-commitment,Local model,climatebert_multi_20260526T112517Z_c8b7dc
llm_06259d1471b5,no,0.89136,False,distilroberta-base-climate-commitment,Local model,climatebert_multi_20260526T112517Z_c8b7dc
llm_e52f149e2823,no,0.907275,False,distilroberta-base-climate-commitment,Local model,climatebert_multi_20260526T112517Z_c8b7dc
llm_6f04803eb5c8,no,0.634727,False,distilroberta-base-climate-commitment,Local model,climatebert_multi_20260526T112517Z_c8b7dc
llm_a009d514c545,no,0.907438,False,distilroberta-base-climate-commitment,Local model,climatebert_multi_20260526T112517Z_c8b7dc
llm_afd73d246b6e,no,0.898719,False,distilroberta-base-climate-commitment,Local model,climatebert_multi_20260526T112517Z_c8b7dc
llm_b85f04620231,no,0.898952,False,distilroberta-base-climate-commitment,Local model,climatebert_multi_20260526T112517Z_c8b7dc
llm_e20d93f155a2,no,0.808029,False,distilroberta-base-climate-commitment,Local model,climatebert_multi_20260526T112517Z_c8b7dc
llm_c53a4b4d2b78,no,0.89136,False,distilroberta-base-climate-commitment,Local model,climatebert_multi_20260526T112517Z_c8b7dc
llm_ffa4b71f9c58,no,0.896766,False,distilroberta-base-climate-commitment,Local model,climatebert_multi_20260526T112517Z_c8b7dc
llm_778abf111cbd,no,0.960265,False,distilroberta-base-climate-commitment,Local model,climatebert_multi_20260526T112517Z_c8b7dc
llm_a891c3874a8e,no,0.906909,False,distilroberta-base-climate-commitment,Local model,climatebert_multi_20260526T112517Z_c8b7dc
llm_985bba6f58d0,no,0.734083,False,distilroberta-base-climate-commitment,Local model,climatebert_multi_20260526T112517Z_c8b7dc
llm_5974822dbd27,no,0.727878,False,distilroberta-base-climate-commitment,Local model,climatebert_multi_20260526T112517Z_c8b7dc
llm_cef85bbb426e,no,0.965587,False,distilroberta-base-climate-commitment,Local model,climatebert_multi_20260526T112517Z_c8b7dc
llm_d1ec587f49ba,no,0.900637,False,distilroberta-base-climate-commitment,Local model,climatebert_multi_20260526T112517Z_c8b7dc
llm_431707d5d916,no,0.89136,False,distilroberta-base-climate-commitment,Local model,climatebert_multi_20260526T112517Z_c8b7dc
llm_93dda39e8338,no,0.907275,False,distilroberta-base-climate-commitment,Local model,climatebert_multi_20260526T112517Z_c8b7dc
llm_50231a0c3ff6,no,0.907438,False,distilroberta-base-climate-commitment,Local model,climatebert_multi_20260526T112517Z_c8b7dc
llm_37aaa0f4f630,no,0.89136,False,distilroberta-base-climate-commitment,Local model,climatebert_multi_20260526T112517Z_c8b7dc
llm_320e91531a55,no,0.913995,False,distilroberta-base-climate-commitment,Local model,climatebert_multi_20260526T112517Z_c8b7dc
llm_f045b1ce52e0,no,0.899591,False,distilroberta-base-climate-commitment,Local model,climatebert_multi_20260526T112517Z_c8b7dc
llm_8736b0fa7a2a,no,0.75504,False,distilroberta-base-climate-commitment,Local model,climatebert_multi_20260526T112517Z_c8b7dc
llm_3b0f075890e6,no,0.907438,False,distilroberta-base-climate-commitment,Local model,climatebert_multi_20260526T112517Z_c8b7dc
llm_5c93dd094300,no,0.907438,False,distilroberta-base-climate-commitment,Local model,climatebert_multi_20260526T112517Z_c8b7dc
llm_90b02c2403de,no,0.862682,False,distilroberta-base-climate-commitment,Local model,climatebert_multi_20260526T112517Z_c8b7dc
llm_9c84d3a376a2,no,0.983369,False,distilroberta-base-climate-commitment,Local model,climatebert_multi_20260526T112517Z_c8b7dc
llm_d5ab2666e106,no,0.947371,False,distilroberta-base-climate-commitment,Local model,climatebert_multi_20260526T112517Z_c8b7dc
llm_5c03c60f01f6,no,0.89136,False,distilroberta-base-climate-commitment,Local model,climatebert_multi_20260526T112517Z_c8b7dc
llm_44ccb42517dd,no,0.907275,False,distilroberta-base-climate-commitment,Local model,climatebert_multi_20260526T112517Z_c8b7dc
llm_0657b1b5379c,no,0.907438,False,distilroberta-base-climate-commitment,Local model,climatebert_multi_20260526T112517Z_c8b7dc
llm_1b557268ba21,no,0.899591,False,distilroberta-base-climate-commitment,Local model,climatebert_multi_20260526T112517Z_c8b7dc
llm_979077c973d6,no,0.872306,False,distilroberta-base-climate-commitment,Local model,climatebert_multi_20260526T112517Z_c8b7dc
llm_69553a79324e,no,0.932111,False,distilroberta-base-climate-commitment,Local model,climatebert_multi_20260526T112517Z_c8b7dc
llm_40494260ca49,no,0.842775,False,distilroberta-base-climate-commitment,Local model,climatebert_multi_20260526T112517Z_c8b7dc
llm_dc96e3f7f953,no,0.823685,False,distilroberta-base-climate-commitment,Local model,climatebert_multi_20260526T112517Z_c8b7dc
llm_eab0118740f4,no,0.988473,False,distilroberta-base-climate-commitment,Local model,climatebert_multi_20260526T112517Z_c8b7dc
llm_3f95e0dbd848,no,0.714156,False,distilroberta-base-climate-commitment,Local model,climatebert_multi_20260526T112517Z_c8b7dc
llm_0e97d3786d34,no,0.898719,False,distilroberta-base-climate-commitment,Local model,climatebert_multi_20260526T112517Z_c8b7dc
llm_cb7d15b4f8ba,no,0.89136,False,distilroberta-base-climate-commitment,Local model,climatebert_multi_20260526T112517Z_c8b7dc
llm_feb405f0c135,no,0.907275,False,distilroberta-base-climate-commitment,Local model,climatebert_multi_20260526T112517Z_c8b7dc
llm_52620202c0ea,no,0.898719,False,distilroberta-base-climate-commitment,Local model,climatebert_multi_20260526T112517Z_c8b7dc
llm_df87620f4c46,no,0.804009,False,distilroberta-base-climate-commitment,Local model,climatebert_multi_20260526T112517Z_c8b7dc
llm_876c5ec46232,no,0.792894,False,distilroberta-base-climate-commitment,Local model,climatebert_multi_20260526T112517Z_c8b7dc
llm_aa4326fbd73f,no,0.907438,False,distilroberta-base-climate-commitment,Local model,climatebert_multi_20260526T112517Z_c8b7dc
llm_fd0418ef6f17,no,0.863626,False,distilroberta-base-climate-commitment,Local model,climatebert_multi_20260526T112517Z_c8b7dc
llm_7b8702ab925d,no,0.900637,False,distilroberta-base-climate-commitment,Local model,climatebert_multi_20260526T112517Z_c8b7dc
llm_2f4c49d228be,no,0.855915,False,distilroberta-base-climate-commitment,Local model,climatebert_multi_20260526T112517Z_c8b7dc
llm_172e080fb666,no,0.898719,False,distilroberta-base-climate-commitment,Local model,climatebert_multi_20260526T112517Z_c8b7dc
llm_eaf5c5417ce0,no,0.907438,False,distilroberta-base-climate-commitment,Local model,climatebert_multi_20260526T112517Z_c8b7dc
llm_099735d0cacb,no,0.89136,False,distilroberta-base-climate-commitment,Local model,climatebert_multi_20260526T112517Z_c8b7dc
llm_63a3ae7750cb,no,0.913995,False,distilroberta-base-climate-commitment,Local model,climatebert_multi_20260526T112517Z_c8b7dc
llm_386f76a2cbf8,no,0.82556,False,distilroberta-base-climate-commitment,Local model,climatebert_multi_20260526T112517Z_c8b7dc
llm_a33f36617937,no,0.983369,False,distilroberta-base-climate-commitment,Local model,climatebert_multi_20260526T112517Z_c8b7dc
llm_865f8784a6fa,no,0.89136,False,distilroberta-base-climate-commitment,Local model,climatebert_multi_20260526T112517Z_c8b7dc
llm_cba89a0f0de8,no,0.913995,False,distilroberta-base-climate-commitment,Local model,climatebert_multi_20260526T112517Z_c8b7dc
llm_54fca14eff3c,no,0.907438,False,distilroberta-base-climate-commitment,Local model,climatebert_multi_20260526T112517Z_c8b7dc
llm_f1c4e53a7679,no,0.82556,False,distilroberta-base-climate-commitment,Local model,climatebert_multi_20260526T112517Z_c8b7dc
llm_34d9b9ccc307,no,0.983369,False,distilroberta-base-climate-commitment,Local model,climatebert_multi_20260526T112517Z_c8b7dc
llm_627137a789a5,no,0.956735,False,distilroberta-base-climate-commitment,Local model,climatebert_multi_20260526T112517Z_c8b7dc
llm_94b4738e634d,no,0.912881,False,distilroberta-base-climate-commitment,Local model,climatebert_multi_20260526T112517Z_c8b7dc
llm_f83a705b989e,no,0.884851,False,distilroberta-base-climate-commitment,Local model,climatebert_multi_20260526T112517Z_c8b7dc
llm_c9664ddbe8d6,no,0.949586,False,distilroberta-base-climate-commitment,Local model,climatebert_multi_20260526T112517Z_c8b7dc
llm_5f03bfc83f92,no,0.947073,False,distilroberta-base-climate-commitment,Local model,climatebert_multi_20260526T112517Z_c8b7dc
llm_e11272c30997,no,0.89136,False,distilroberta-base-climate-commitment,Local model,climatebert_multi_20260526T112517Z_c8b7dc
llm_2ab3a7fcdbfb,no,0.896261,False,distilroberta-base-climate-commitment,Local model,climatebert_multi_20260526T112517Z_c8b7dc
llm_6deef3182518,no,0.842775,False,distilroberta-base-climate-commitment,Local model,climatebert_multi_20260526T112517Z_c8b7dc
llm_b13ff37b720d,no,0.916637,False,distilroberta-base-climate-commitment,Local model,climatebert_multi_20260526T112517Z_c8b7dc
llm_c73db6c49542,no,0.827447,False,distilroberta-base-climate-commitment,Local model,climatebert_multi_20260526T112517Z_c8b7dc
llm_80d2e6e62c24,no,0.634727,False,distilroberta-base-climate-commitment,Local model,climatebert_multi_20260526T112517Z_c8b7dc
llm_b8b3f8e8c7e1,no,0.932833,False,distilroberta-base-climate-commitment,Local model,climatebert_multi_20260526T112517Z_c8b7dc
llm_1339db553977,no,0.978419,False,distilroberta-base-climate-commitment,Local model,climatebert_multi_20260526T112517Z_c8b7dc
llm_858651857543,no,0.992423,False,distilroberta-base-climate-commitment,Local model,climatebert_multi_20260526T112517Z_c8b7dc
llm_4b587887db03,no,0.95965,False,distilroberta-base-climate-commitment,Local model,climatebert_multi_20260526T112517Z_c8b7dc
llm_39883d11493a,no,0.873823,False,distilroberta-base-climate-commitment,Local model,climatebert_multi_20260526T112517Z_c8b7dc
llm_7536a2d4cfb5,no,0.976646,False,distilroberta-base-climate-commitment,Local model,climatebert_multi_20260526T112517Z_c8b7dc
llm_759bd9ffcac0,no,0.851043,False,distilroberta-base-climate-commitment,Local model,climatebert_multi_20260526T112517Z_c8b7dc
llm_ba26ec187c2c,no,0.75039,False,distilroberta-base-climate-commitment,Local model,climatebert_multi_20260526T112517Z_c8b7dc
llm_82cdd30465da,no,0.983369,False,distilroberta-base-climate-commitment,Local model,climatebert_multi_20260526T112517Z_c8b7dc
llm_dac757ea133f,no,0.925692,False,distilroberta-base-climate-commitment,Local model,climatebert_multi_20260526T112517Z_c8b7dc
llm_8b0acdab765f,no,0.871373,False,distilroberta-base-climate-commitment,Local model,climatebert_multi_20260526T112517Z_c8b7dc
llm_c808b87199e2,no,0.91305,False,distilroberta-base-climate-commitment,Local model,climatebert_multi_20260526T112517Z_c8b7dc
llm_d3f453282818,no,0.863626,False,distilroberta-base-climate-commitment,Local model,climatebert_multi_20260526T112517Z_c8b7dc
llm_a0074fb71761,no,0.89136,False,distilroberta-base-climate-commitment,Local model,climatebert_multi_20260526T112517Z_c8b7dc
llm_28f366517715,no,0.913995,False,distilroberta-base-climate-commitment,Local model,climatebert_multi_20260526T112517Z_c8b7dc
llm_d7a9ca5200f0,no,0.898719,False,distilroberta-base-climate-commitment,Local model,climatebert_multi_20260526T112517Z_c8b7dc
llm_7f04e54e84e5,no,0.907438,False,distilroberta-base-climate-commitment,Local model,climatebert_multi_20260526T112517Z_c8b7dc
llm_28791300feb9,no,0.89136,False,distilroberta-base-climate-commitment,Local model,climatebert_multi_20260526T112517Z_c8b7dc
llm_cffd089af1fc,no,0.764674,False,distilroberta-base-climate-commitment,Local model,climatebert_multi_20260526T112517Z_c8b7dc
llm_b99678ac9520,no,0.831139,False,distilroberta-base-climate-commitment,Local model,climatebert_multi_20260526T112517Z_c8b7dc
llm_3e9d2f8e27ec,no,0.898895,False,distilroberta-base-climate-commitment,Local model,climatebert_multi_20260526T112517Z_c8b7dc
llm_beb88d76fe63,no,0.917099,False,distilroberta-base-climate-commitment,Local model,climatebert_multi_20260526T112517Z_c8b7dc
llm_d5b884b049f6,no,0.844487,False,distilroberta-base-climate-commitment,Local model,climatebert_multi_20260526T112517Z_c8b7dc
llm_4fbea2f84b03,no,0.89136,False,distilroberta-base-climate-commitment,Local model,climatebert_multi_20260526T112517Z_c8b7dc
llm_ae7d892de2aa,no,0.976598,False,distilroberta-base-climate-commitment,Local model,climatebert_multi_20260526T112517Z_c8b7dc
llm_284737f07a85,no,0.940358,False,distilroberta-base-climate-commitment,Local model,climatebert_multi_20260526T112517Z_c8b7dc
llm_fa8da4de3673,no,0.925873,False,distilroberta-base-climate-commitment,Local model,climatebert_multi_20260526T112517Z_c8b7dc
llm_9014577319b2,no,0.94559,False,distilroberta-base-climate-commitment,Local model,climatebert_multi_20260526T112517Z_c8b7dc
llm_98c786171cbd,no,0.851043,False,distilroberta-base-climate-commitment,Local model,climatebert_multi_20260526T112517Z_c8b7dc
llm_1e8a9864ede7,no,0.94765,False,distilroberta-base-climate-commitment,Local model,climatebert_multi_20260526T112517Z_c8b7dc
llm_e42435f6c574,no,0.910659,False,distilroberta-base-climate-commitment,Local model,climatebert_multi_20260526T112517Z_c8b7dc
llm_25113b4db315,no,0.84757,False,distilroberta-base-climate-commitment,Local model,climatebert_multi_20260526T112517Z_c8b7dc
llm_00c496f0f7a5,no,0.596622,False,distilroberta-base-climate-commitment,Local model,climatebert_multi_20260526T112517Z_c8b7dc
llm_208753da2a2c,no,0.830968,False,distilroberta-base-climate-commitment,Local model,climatebert_multi_20260526T112517Z_c8b7dc
llm_8879ccbb3af9,no,0.89136,False,distilroberta-base-climate-commitment,Local model,climatebert_multi_20260526T112517Z_c8b7dc
llm_e1f938946d1b,no,0.913995,False,distilroberta-base-climate-commitment,Local model,climatebert_multi_20260526T112517Z_c8b7dc
llm_b26ca7ddcd4d,no,0.791236,False,distilroberta-base-climate-commitment,Local model,climatebert_multi_20260526T112517Z_c8b7dc
llm_5b7aca69785a,no,0.907438,False,distilroberta-base-climate-commitment,Local model,climatebert_multi_20260526T112517Z_c8b7dc
llm_08b1bb100e6d,no,0.98082,False,distilroberta-base-climate-commitment,Local model,climatebert_multi_20260526T112517Z_c8b7dc
llm_27abbae3167c,no,0.634727,False,distilroberta-base-climate-commitment,Local model,climatebert_multi_20260526T112517Z_c8b7dc
llm_da4ca2a8aadd,no,0.898719,False,distilroberta-base-climate-commitment,Local model,climatebert_multi_20260526T112517Z_c8b7dc
llm_507368d013e3,no,0.842775,False,distilroberta-base-climate-commitment,Local model,climatebert_multi_20260526T112517Z_c8b7dc
llm_62c2b66a2ee7,no,0.899591,False,distilroberta-base-climate-commitment,Local model,climatebert_multi_20260526T112517Z_c8b7dc
llm_51252d0c6a2a,no,0.832654,False,distilroberta-base-climate-commitment,Local model,climatebert_multi_20260526T112517Z_c8b7dc
llm_f62923f5a491,no,0.786638,False,distilroberta-base-climate-commitment,Local model,climatebert_multi_20260526T112517Z_c8b7dc
llm_e4fcad9fbd13,no,0.877821,False,distilroberta-base-climate-commitment,Local model,climatebert_multi_20260526T112517Z_c8b7dc
llm_fca64041d782,no,0.89136,False,distilroberta-base-climate-commitment,Local model,climatebert_multi_20260526T112517Z_c8b7dc
llm_898af6438751,no,0.913995,False,distilroberta-base-climate-commitment,Local model,climatebert_multi_20260526T112517Z_c8b7dc
llm_bc0022c67dc6,no,0.82556,False,distilroberta-base-climate-commitment,Local model,climatebert_multi_20260526T112517Z_c8b7dc
llm_6a380a875bab,no,0.974688,False,distilroberta-base-climate-commitment,Local model,climatebert_multi_20260526T112517Z_c8b7dc
llm_a41e7d86ca6f,no,0.791236,False,distilroberta-base-climate-commitment,Local model,climatebert_multi_20260526T112517Z_c8b7dc
llm_d6622dbd0e48,no,0.851043,False,distilroberta-base-climate-commitment,Local model,climatebert_multi_20260526T112517Z_c8b7dc
llm_f667a1a33491,no,0.907438,False,distilroberta-base-climate-commitment,Local model,climatebert_multi_20260526T112517Z_c8b7dc
llm_92007a1c490a,no,0.898719,False,distilroberta-base-climate-commitment,Local model,climatebert_multi_20260526T112517Z_c8b7dc
