record_id,run_idx,record_idx,timestamp,model,prompt,target,company,ok,text,text_len_chars,text_len_words,language,aspect,esg,tone_pred,sentiment,sentiment_score,labels,reasoning,suggested_tone,suggestion_source,silver_tone_ground_truth,needs_human_review,schema_drift,has_climate_commitment,has_environmental_claims,has_climate_d
r000_000,0,0,2026-04-08T02:40:23.506816Z,arcee-ai/trinity-large-preview:free,tone_zero_shot_english.md,BEST-SR_2024_pdf/batch_8,BEST-SR_2024,True,"As a pioneer among industrial estate developers in Indonesia, BeFa is at the forefront of creating a green and eco-friendly industrial zone. This transformative initiative aims to minimize environmental impact while promoting a sustainable economic model. It includes prioritizing renewable energy sources, implementing waste management systems, and ensuring efficient resource utilization.",390,52,en,environmental-claims,e,commitment,neutral,0.0,climate-detection|climate-d|climate-d-s|climate-specificity|environmental-claims,"The text describes BeFa's commitment to creating a green and eco-friendly industrial zone with specific actions like prioritizing renewable energy, implementing waste management systems, and ensuring efficient resource utilization. This is a future-oriented commitment rather than an achieved outcome.",commitment,lexical_or_climate_commitment,commitment,False,False,False,True,True
r000_001,0,1,2026-04-08T02:40:23.506816Z,arcee-ai/trinity-large-preview:free,tone_zero_shot_english.md,BEST-SR_2024_pdf/batch_8,BEST-SR_2024,True,"The Company is dedicated to continuous innovation and excellence within the realm of ESG, striving to create spaces that harmoniously blend industry with ecological sustainability. In its pursuit of this vision, BeFa is evolving into a Smart Eco-Industrial Park. This initiative focuses on promoting sustainable development through the incorporation of advanced technologies, smart infrastructure, and environmentally friendly practices that benefit both the community and the ecosystem. By fostering collaboration among tenants and other stakeholders, BeFa aims to set a precedent for responsible industrial growth while addressing global environmental challenges.",665,90,en,environmental-claims,e,commitment,neutral,0.0,climate-detection|climate-d|climate-d-s|climate-specificity|environmental-claims,"The text describes BeFa's commitment to ESG excellence and evolving into a Smart Eco-Industrial Park with specific initiatives like advanced technologies, smart infrastructure, and environmentally friendly practices. This is a future-oriented commitment rather than an achieved outcome.",commitment,lexical_or_climate_commitment,commitment,False,False,False,True,True
r000_002,0,2,2026-04-08T02:40:23.506816Z,arcee-ai/trinity-large-preview:free,tone_zero_shot_english.md,BEST-SR_2024_pdf/batch_8,BEST-SR_2024,True,BeFa reaffirms its dedication to leadership excellence by promoting the professional development of its Board of Directors. Each board member is given the opportunity to participate in a specialized competency enhancement program designed to provide them with the latest industry knowledge and strategic insights.,313,44,en,governance,g,action,neutral,0.0,governance,The text describes BeFa's action to promote professional development of its Board of Directors through competency enhancement programs. This is an ongoing action rather than a measurable outcome.,none,fallback_none,action,False,False,False,False,False
r006_000,6,0,2026-04-08T02:41:29.425964Z,arcee-ai/trinity-large-preview:free,tone_chain_of_thought_english.md,vktr_ar_sr_2024_pdf/batch_20,vktr_ar_sr_2024,True,"Sepanjang tahun 2024, VKTR mengukuhkan peran strategisnya dalam membentuk lanskap baru transportasi berkelanjutan di Indonesia. Tidak hanya sebagai perintis, VKTR kini hadir sebagai arsitek utama yang merancang dan mewujudkan solusi mobilitas hijau yang adaptif dan menyeluruh. Melalui pengembangan kendaraan listrik komersial lintas sektor, mulai dari truk dan bus, hingga solusi logistik dan angkutan perkotaan, VKTR memperkenalkan model mobilitas yang tidak hanya efisien, tetapi juga berorientasi pada masa depan rendah emisi.",530,70,id,climate-detection,e,commitment,neutral,0.0,climate-commitment|climate-specificity|climate-sentiment|climate-s|climate-f|strategy|environmental-claims,"The text discusses VKTR's strategic role in shaping sustainable transportation in Indonesia, introducing green mobility solutions and low-emission future models. This is a forward-looking commitment to environmental sustainability.",commitment,lexical_or_climate_commitment,commitment,False,False,True,True,False
r006_001,6,1,2026-04-08T02:41:29.425964Z,arcee-ai/trinity-large-preview:free,tone_chain_of_thought_english.md,vktr_ar_sr_2024_pdf/batch_20,vktr_ar_sr_2024,True,"Keberhasilan pembangunan fasilitas perakitan kendaraan listrik di Magelang menjadi tonggak penting yang mencerminkan langkah nyata industrialisasi hijau di tingkat nasional. Dengan mengedepankan standar lokal dan pemberdayaan rantai pasok dalam negeri, VKTR memperluas cakupan dampak transformasi, dari aspek teknologi hingga penciptaan nilai ekonomi dan sosial.",362,44,id,climate-detection,e,outcome,positive,1.0,climate-d|climate-specificity|climate-sentiment|climate-s|climate-tcfd|strategy|environmental-claims,"The text highlights the successful completion of VKTR's electric vehicle assembly facility in Magelang, reflecting real progress in national green industrialization. This is an outcome with positive sentiment due to its measurable impact.",outcome,lexical_outcome,outcome,False,False,False,True,True
r006_002,6,2,2026-04-08T02:41:29.425964Z,arcee-ai/trinity-large-preview:free,tone_chain_of_thought_english.md,vktr_ar_sr_2024_pdf/batch_20,vktr_ar_sr_2024,True,Komitmen ini diperkuat melalui pengembangan beragam prototipe dan kolaborasi lintas industri yang mendukung kecepatan adopsi serta kustomisasi kendaraan sesuai kebutuhan sektor-sektor strategis.,194,23,id,climate-detection,e,commitment,neutral,0.0,climate-commitment|climate-specificity|climate-sentiment|climate-s|climate-f|strategy|environmental-claims,The text describes VKTR's commitment to developing prototypes and cross-industry collaborations to accelerate adoption and customization of vehicles. This is a future-oriented commitment with neutral sentiment.,commitment,lexical_or_climate_commitment,commitment,False,False,True,True,False
r006_003,6,3,2026-04-08T02:41:29.425964Z,arcee-ai/trinity-large-preview:free,tone_chain_of_thought_english.md,vktr_ar_sr_2024_pdf/batch_20,vktr_ar_sr_2024,True,"VKTR terus menjadi bagian penting dari solusi nasional menuju masa depan transportasi rendah karbon. Perjalanan ini bukan sekadar menghadirkan produk, tetapi membentuk sistem, sebuah ekosistem yang menjawab kebutuhan zaman dengan teknologi, tanggung jawab lingkungan, dan tekad kolektif membangun Indonesia yang lebih hijau dan tangguh.",336,44,id,climate-detection,e,commitment,neutral,0.0,climate-commitment|climate-specificity|climate-sentiment|climate-s|climate-f|strategy|environmental-claims,"The text emphasizes VKTR's ongoing role in the national effort toward a low-carbon transportation future, focusing on building a system and ecosystem with environmental responsibility. This is a commitment with neutral sentiment.",commitment,lexical_or_climate_commitment,commitment,False,False,True,True,False
r006_004,6,4,2026-04-08T02:41:29.425964Z,arcee-ai/trinity-large-preview:free,tone_chain_of_thought_english.md,vktr_ar_sr_2024_pdf/batch_20,vktr_ar_sr_2024,True,"Pada tanggal 10 Oktober 2023, Perusahaan dan MB menandatangani perjanjian kerja sama antara BA, Entitas Anak, dan MB, dimana Perusahaan akan menyediakan jasa perawatan, perbaikan dan penyediaan suku cadang untuk BYD yang dibutuhkan oleh Kendaraan Bus Listrik BYD K9 LF milik MB. Perusahaan menyatakan bersedia untuk bekerja sama dengan MB dalam hal perawatan, perbaikan, dan penyediaan suku cadang untuk Kendaraan Bus Listrik BYD K9 LF.",436,65,id,climate-detection,e,action,neutral,0.0,climate-d|climate-specificity|climate-sentiment|climate-s|climate-tcfd|strategy|environmental-claims,"The text describes a cooperation agreement between the Company and MB for the maintenance, repair, and provision of spare parts for BYD K9 LF Electric Bus. This is an action without a measurable result, hence neutral sentiment.",commitment,lexical_or_climate_commitment,action,False,False,False,True,True
r006_005,6,5,2026-04-08T02:41:29.425964Z,arcee-ai/trinity-large-preview:free,tone_chain_of_thought_english.md,vktr_ar_sr_2024_pdf/batch_20,vktr_ar_sr_2024,True,"Pada tanggal 27 September 2024, Perusahaan menandatangani Surat Perjanjian Kerahasiaan (NDA) dengan PT Agro Multi Persada. NDA tersebut berisi bahwa kedua perusahaan sepakat sehubungan adanya kemungkinan kerja sama dalam penggunaan truk dan bus listrik milik perusahaan oleh AMP untuk tujuan uji coba kendaraan listrik Perusahaan.",330,45,id,climate-detection,e,action,neutral,0.0,climate-d|climate-specificity|climate-sentiment|climate-s|climate-tcfd|strategy|environmental-claims,"The text mentions the signing of an NDA with PT Agro Multi Persada for the potential use of the Company's electric trucks and buses for testing. This is an action without a measurable result, hence neutral sentiment.",none,fallback_none,action,False,False,False,True,True
r006_006,6,6,2026-04-08T02:41:29.425964Z,arcee-ai/trinity-large-preview:free,tone_chain_of_thought_english.md,vktr_ar_sr_2024_pdf/batch_20,vktr_ar_sr_2024,True,"Pada tanggal 1 Juni 2024, Perusahaan menandatangani Memorandum of Understanding dengan WBKM. Perusahaan, sebagai perusahaan yang bergerak di bidang perdagangan dan manufaktur kendaraan listrik, dan WBKM, sebagai Perusahaan yang menyediakan angkutan umum, ingin mengeksplorasi dan mempertimbangkan peluang untuk melakukan kerjasama timbal balik yang lebih luas pada proyek di Indonesia.",385,49,id,climate-detection,e,commitment,neutral,0.0,climate-commitment|climate-specificity|climate-sentiment|climate-s|climate-f|strategy|environmental-claims,The text describes the signing of a Memorandum of Understanding with WBKM to explore broader reciprocal cooperation on electric vehicle projects. This is a future-oriented commitment with neutral sentiment.,commitment,lexical_or_climate_commitment,commitment,False,False,True,True,False
r006_007,6,7,2026-04-08T02:41:29.425964Z,arcee-ai/trinity-large-preview:free,tone_chain_of_thought_english.md,vktr_ar_sr_2024_pdf/batch_20,vktr_ar_sr_2024,True,"Pada tanggal 15 Februari 2024, Perusahaan membuat Memorandum of Understanding (""MOU"") dengan MHN. Perusahaan dan MHN ingin mengeksplorasi dan mempertimbangkan peluang untuk bekerja sama satu sama lain dan mengembangkan bersama dengan bidang yang lebih luas dari kerja sama timbal balik pada proyek di Indonesia. Jangka waktunya adalah dua (2) tahun sejak tanggal efektif.",371,53,id,climate-detection,e,commitment,neutral,0.0,climate-commitment|climate-specificity|climate-sentiment|climate-s|climate-f|strategy|environmental-claims,The text mentions the signing of a Memorandum of Understanding with MHN to explore and consider opportunities for collaboration on electric vehicle projects. This is a future-oriented commitment with neutral sentiment.,commitment,lexical_or_climate_commitment,commitment,False,False,True,True,False
r006_008,6,8,2026-04-08T02:41:29.425964Z,arcee-ai/trinity-large-preview:free,tone_chain_of_thought_english.md,vktr_ar_sr_2024_pdf/batch_20,vktr_ar_sr_2024,True,"Pada tanggal 16 Februari 2024, Perusahaan menandatangani Perjanjian Kerahasiaan dengan MHN. Perusahaan dan MHN sepakat bahwa Perusahaan akan bekerjasama dengan MHN untuk mendiskusikan peluang bisnis atas proyek kendaraan listrik.",229,29,id,climate-detection,e,action,neutral,0.0,climate-d|climate-specificity|climate-sentiment|climate-s|climate-tcfd|strategy|environmental-claims,"The text describes the signing of a Non-Disclosure Agreement with MHN to discuss business opportunities for electric vehicle projects. This is an action without a measurable result, hence neutral sentiment.",commitment,lexical_or_climate_commitment,action,False,False,False,True,True
r006_009,6,9,2026-04-08T02:41:29.425964Z,arcee-ai/trinity-large-preview:free,tone_chain_of_thought_english.md,vktr_ar_sr_2024_pdf/batch_20,vktr_ar_sr_2024,True,"Pada tanggal 15 November 2024, Perusahaan dan AMP menandatangani Perjanjian Uji Coba Truk Listrik untuk menguji coba satu (1) unit Truk Listrik tipe VKTR Light Duty Truck TLD080F dengan karoseri Hook Lift di lokasi kebun yang disepakati oleh Perusahan dan AMP. Uji coba ini dilakukan untuk mengevaluasi kinerja Truk Listrik dalam operasional di area kerja AMP, dengan periode uji coba selama satu (1) bulan. Kesuksesan uji coba akan ditentukan berdasarkan parameter kinerja yang telah disepakati, dan jika hasil uji coba memuaskan, AMP berpotensi untuk melakukan pembelian lebih lanjut sesuai dengan kesepakatan tertulis.",621,92,id,climate-detection,e,action,neutral,0.0,climate-d|climate-specificity|climate-sentiment|climate-s|climate-tcfd|strategy|environmental-claims,"The text describes the signing of a Trial Agreement for an Electric Truck with AMP to test the performance of the VKTR Light Duty Truck TLD080F. This is an action without a measurable result, hence neutral sentiment.",outcome,lexical_outcome,action,False,False,False,True,True
r006_010,6,10,2026-04-08T02:41:29.425964Z,arcee-ai/trinity-large-preview:free,tone_chain_of_thought_english.md,vktr_ar_sr_2024_pdf/batch_20,vktr_ar_sr_2024,True,"Pada tanggal 5 Agustus 2024, VSI dan BYD telah mengadakan Perjanjian Lisensi Teknis Perakitan KD. Berdasarkan Perjanjian tersebut, VSI sebagai Penerima Lisensi dan BYD sebagai Pemberi Lisensi yang dimana mengatur tentang pemberian Hak Produksi.",244,34,id,climate-detection,e,action,neutral,0.0,climate-d|climate-specificity|climate-sentiment|climate-s|climate-tcfd|strategy|environmental-claims,"The text mentions the signing of a Technical Assembly KD License Agreement between VSI and BYD, outlining the grant of Production Rights. This is an action without a measurable result, hence neutral sentiment.",outcome,lexical_outcome,action,False,False,False,True,True
r006_011,6,11,2026-04-08T02:41:29.425964Z,arcee-ai/trinity-large-preview:free,tone_chain_of_thought_english.md,vktr_ar_sr_2024_pdf/batch_20,vktr_ar_sr_2024,True,"Pada tanggal 30 April 2022, Perusahaan dan Anhui mengadakan perjanjian negosiasi terhadap JAC Electric Vehicle Chassis. Jangka waktu perjanjian ini adalah lima (5) tahun.",170,24,id,climate-detection,e,action,neutral,0.0,climate-d|climate-specificity|climate-sentiment|climate-s|climate-tcfd|strategy|environmental-claims,"The text describes the signing of a negotiating agreement with Anhui regarding JAC Electric Vehicle Chassis. This is an action without a measurable result, hence neutral sentiment.",commitment,lexical_or_climate_commitment,action,False,False,False,True,True
r007_000,7,0,2026-04-08T02:44:38.216582Z,arcee-ai/trinity-large-preview:free,tone_zero_shot_indonesian.md,AR SR GTRA 2024___pdf/batch_4,AR SR GTRA 2024,True,Dalam jutaan Rupiah,19,3,unknown,none,none,none,none,0.0,none,"This is a currency unit indicator, not related to ESG.",none,label_none,none,False,False,False,False,False
r007_001,7,1,2026-04-08T02:44:38.216582Z,arcee-ai/trinity-large-preview:free,tone_zero_shot_indonesian.md,AR SR GTRA 2024___pdf/batch_4,AR SR GTRA 2024,True,Pendapatan,10,1,unknown,none,none,none,none,0.0,none,"This is a financial term for revenue, not related to ESG.",none,label_none,none,False,False,False,False,False
r007_002,7,2,2026-04-08T02:44:38.216582Z,arcee-ai/trinity-large-preview:free,tone_zero_shot_indonesian.md,AR SR GTRA 2024___pdf/batch_4,AR SR GTRA 2024,True,Beban Pokok Pendapatan,22,3,unknown,none,none,none,none,0.0,none,"This is a financial term for cost of revenue, not related to ESG.",none,label_none,none,False,False,False,False,False
r007_003,7,3,2026-04-08T02:44:38.216582Z,arcee-ai/trinity-large-preview:free,tone_zero_shot_indonesian.md,AR SR GTRA 2024___pdf/batch_4,AR SR GTRA 2024,True,Laba Bruto,10,2,unknown,none,none,none,none,0.0,none,"This is a financial term for gross profit, not related to ESG.",none,label_none,none,False,False,False,False,False
r007_004,7,4,2026-04-08T02:44:38.216582Z,arcee-ai/trinity-large-preview:free,tone_zero_shot_indonesian.md,AR SR GTRA 2024___pdf/batch_4,AR SR GTRA 2024,True,Laba Sebelum Beban Pajak Penghasilan,36,5,unknown,none,none,none,none,0.0,none,"This is a financial term for profit before income tax expense, not related to ESG.",none,label_none,none,False,False,False,False,False
r007_005,7,5,2026-04-08T02:44:38.216582Z,arcee-ai/trinity-large-preview:free,tone_zero_shot_indonesian.md,AR SR GTRA 2024___pdf/batch_4,AR SR GTRA 2024,True,Laba Neto,9,2,unknown,none,none,none,none,0.0,none,"This is a financial term for net profit, not related to ESG.",none,label_none,none,False,False,False,False,False
r007_006,7,6,2026-04-08T02:44:38.216582Z,arcee-ai/trinity-large-preview:free,tone_zero_shot_indonesian.md,AR SR GTRA 2024___pdf/batch_4,AR SR GTRA 2024,True,Rugi Komprehensif Lain - Neto,29,4,unknown,none,none,none,none,0.0,none,"This is a financial term for other comprehensive loss, not related to ESG.",none,label_none,none,False,False,False,False,False
r007_007,7,7,2026-04-08T02:44:38.216582Z,arcee-ai/trinity-large-preview:free,tone_zero_shot_indonesian.md,AR SR GTRA 2024___pdf/batch_4,AR SR GTRA 2024,True,Kerugian kredit ekspektasian adalah perkiraan probabilitas-tertimbang dari kerugian kredit.,91,10,unknown,none,none,none,none,0.0,none,"This is an accounting policy statement, not related to ESG.",none,label_none,none,False,False,False,False,False
r007_008,7,8,2026-04-08T02:44:38.216582Z,arcee-ai/trinity-large-preview:free,tone_zero_shot_indonesian.md,AR SR GTRA 2024___pdf/batch_4,AR SR GTRA 2024,True,Kerugian kredit diukur sebagai nilai sekarang dari semua kekurangan penerimaan kas (yaitu perbedaan antara arus kas terutang dari suatu entitas berdasarkan kontrak dan arus kas yang diharapkan untuk diterima).,209,29,id,none,none,none,none,0.0,none,"This is an accounting policy statement, not related to ESG.",none,label_none,none,False,False,False,False,False
r007_009,7,9,2026-04-08T02:44:38.216582Z,arcee-ai/trinity-large-preview:free,tone_zero_shot_indonesian.md,AR SR GTRA 2024___pdf/batch_4,AR SR GTRA 2024,True,Kerugian kredit ekspektasian didiskontokan pada tingkat bunga efektif dari aset keuangan tersebut.,98,12,unknown,none,none,none,none,0.0,none,"This is an accounting policy statement, not related to ESG.",none,label_none,none,False,False,False,False,False
r007_010,7,10,2026-04-08T02:44:38.216582Z,arcee-ai/trinity-large-preview:free,tone_zero_shot_indonesian.md,AR SR GTRA 2024___pdf/batch_4,AR SR GTRA 2024,True,"Pada saat pengakuan awal, Grup mengukur liabilitas keuangan pada nilai wajar ditambah atau dikurangi, biaya transaksi yang terkait langsung dengan perolehan atau penerbitan liabilitas keuangan.",193,25,id,none,none,none,none,0.0,none,"This is an accounting policy statement, not related to ESG.",none,label_none,none,False,False,False,False,False
r007_011,7,11,2026-04-08T02:44:38.216582Z,arcee-ai/trinity-large-preview:free,tone_zero_shot_indonesian.md,AR SR GTRA 2024___pdf/batch_4,AR SR GTRA 2024,True,Grup mengklasifikasikan semua liabilitas keuangannya ke dalam kategori liabilitas keuangan yang diukur pada biaya perolehan diamortisasi.,137,16,id,none,none,none,none,0.0,none,"This is an accounting policy statement, not related to ESG.",none,label_none,none,False,False,False,False,False
r007_012,7,12,2026-04-08T02:44:38.216582Z,arcee-ai/trinity-large-preview:free,tone_zero_shot_indonesian.md,AR SR GTRA 2024___pdf/batch_4,AR SR GTRA 2024,True,"Setelah pengakuan awal, liabilitas keuangan selanjutnya diukur pada biaya perolehan diamortisasi dengan menggunakan metode suku bunga efektif.",142,17,id,none,none,none,none,0.0,none,"This is an accounting policy statement, not related to ESG.",outcome,lexical_outcome,none,False,False,False,False,False
r007_013,7,13,2026-04-08T02:44:38.216582Z,arcee-ai/trinity-large-preview:free,tone_zero_shot_indonesian.md,AR SR GTRA 2024___pdf/batch_4,AR SR GTRA 2024,True,"Keuntungan atau kerugian diakui dalam laba rugi ketika liabilitas keuangan tersebut dihentikan pengakuannya atau mengalami penurunan nilai, dan melalui proses amortisasi.",170,21,id,none,none,none,none,0.0,none,"This is an accounting policy statement, not related to ESG.",none,label_none,none,False,False,False,False,False
r007_014,7,14,2026-04-08T02:44:38.216582Z,arcee-ai/trinity-large-preview:free,tone_zero_shot_indonesian.md,AR SR GTRA 2024___pdf/batch_4,AR SR GTRA 2024,True,"Grup mengeluarkan liabilitas keuangan dari laporan posisi keuangan konsolidasiannya jika, dan hanya jika, kewajiban yang ditetapkan dalam kontrak dilepaskan atau dibatalkan atau kedaluwarsa.",190,23,id,none,none,none,none,0.0,none,"This is an accounting policy statement, not related to ESG.",none,label_none,none,False,False,False,False,False
r007_015,7,15,2026-04-08T02:44:38.216582Z,arcee-ai/trinity-large-preview:free,tone_zero_shot_indonesian.md,AR SR GTRA 2024___pdf/batch_4,AR SR GTRA 2024,True,"Selisih antara jumlah tercatat liabilitas keuangan yang berakhir atau yang dialihkan ke pihak lain, dan imbalan yang dibayarkan, termasuk aset nonkas yang dialihkan atau liabilitas yang ditanggung diakui dalam laba rugi.",220,31,id,none,none,none,none,0.0,none,"This is an accounting policy statement, not related to ESG.",none,label_none,none,False,False,False,False,False
r007_016,7,16,2026-04-08T02:44:38.216582Z,arcee-ai/trinity-large-preview:free,tone_zero_shot_indonesian.md,AR SR GTRA 2024___pdf/batch_4,AR SR GTRA 2024,True,"Aset keuangan dan liabilitas keuangan saling hapus dan jumlah netonya dilaporkan dalam laporan posisi keuangan konsolidasian jika, dan hanya jika, saat ini memiliki hak yang berkekuatan hukum untuk melakukan saling hapus atas jumlah yang telah diakui dan terdapat niat untuk menyelesaikannya secara neto, atau untuk merealisasikan aset dan menyelesaikan liabilitasnya secara simultan.",384,52,id,none,none,none,none,0.0,none,"This is an accounting policy statement, not related to ESG.",outcome,lexical_outcome,none,False,False,False,False,False
r007_017,7,17,2026-04-08T02:44:38.216582Z,arcee-ai/trinity-large-preview:free,tone_zero_shot_indonesian.md,AR SR GTRA 2024___pdf/batch_4,AR SR GTRA 2024,True,"Nilai wajar instrumen keuangan yang diperdagangkan di pasar aktif pada setiap tanggal pelaporan ditentukan dengan mengacu pada kuotasi harga pasar atau kuotasi harga pedagang efek (harga penawaran untuk posisi beli dan harga permintaan untuk posisi jual), tidak termasuk pengurangan apapun untuk biaya transaksi.",312,43,id,none,none,none,none,0.0,none,"This is an accounting policy statement, not related to ESG.",none,label_none,none,False,False,False,False,False
r007_018,7,18,2026-04-08T02:44:38.216582Z,arcee-ai/trinity-large-preview:free,tone_zero_shot_indonesian.md,AR SR GTRA 2024___pdf/batch_4,AR SR GTRA 2024,True,"Untuk instrumen keuangan yang tidak memiliki pasar aktif, nilai wajar ditentukan dengan menggunakan teknik penilaian.",117,15,id,none,none,none,none,0.0,none,"This is an accounting policy statement, not related to ESG.",commitment,lexical_or_climate_commitment,none,False,False,False,False,False
r007_019,7,19,2026-04-08T02:44:38.216582Z,arcee-ai/trinity-large-preview:free,tone_zero_shot_indonesian.md,AR SR GTRA 2024___pdf/batch_4,AR SR GTRA 2024,True,"Teknik penilaian mencakup penggunaan transaksi pasar terkini yang dilakukan secara wajar oleh pihak-pihak yang berkeinginan dan memahami (recent arm's length market transactions), penggunaan nilai wajar terkini instrumen lain yang secara substansial sama, analisa arus kas yang didiskonto, atau model penilaian lain.",316,43,id,none,none,none,none,0.0,none,"This is an accounting policy statement, not related to ESG.",none,label_none,none,False,False,False,False,False
r007_020,7,20,2026-04-08T02:44:38.216582Z,arcee-ai/trinity-large-preview:free,tone_zero_shot_indonesian.md,AR SR GTRA 2024___pdf/batch_4,AR SR GTRA 2024,True,"Imbalan kerja jangka pendek merupakan kompensasi yang diberikan oleh Grup seperti gaji, tunjangan, bonus dan pembayaran manfaat pensiun, yang diakui pada saat terutang kepada karyawan.",184,25,id,none,none,none,none,0.0,none,"This is an accounting policy statement, not related to ESG.",commitment,lexical_or_climate_commitment,none,False,False,False,False,False
r012_000,12,0,2026-04-08T02:44:57.770079Z,arcee-ai/trinity-large-preview:free,tone_zero_shot_english.md,20250526113828-2025-05-26ptba_laporan_berkelanjutan113825_pdf/batch_4,20250526113828-2025-05-26ptba_laporan_berkelanjutan113825,True,"PTBA berkomitmen mendukung target Pemerintah mencapai nol emisi. PTBA juga berkomitmen untuk menjalankan bisnis berkelanjutan dengan menerapkan keselarasan antara aspek Environmental, Social, and Governance (ESG).",213,25,mixed,climate-commitment,e,commitment,neutral,0.0,climate-commitment|climate-d|climate-specificity,Explicit commitment to support government's net-zero emission target and sustainable business with ESG alignment.,outcome,lexical_outcome,commitment,False,False,True,False,True
r012_001,12,1,2026-04-08T02:44:57.770079Z,arcee-ai/trinity-large-preview:free,tone_zero_shot_english.md,20250526113828-2025-05-26ptba_laporan_berkelanjutan113825_pdf/batch_4,20250526113828-2025-05-26ptba_laporan_berkelanjutan113825,True,"Untuk mendukung itu, Perseroan senantiasa melakukan berbagai optimasi menuju pertambangan yang lebih ramah lingkungan. Langkah nyata yang diambil antara lain menerapkan eco, mechanized mining yaitu mengganti peralatan pertambangan yang menggunakan bahan bakar fosil menjadi elektrik, e-mining reporting system yaitu, system pelaporan produksi secara real time dan daring dan berbagai program manajemen karbon di area operasional penambangan.",441,57,id,environmental-claims,e,action,positive,1.0,environmental-claims|climate-d|climate-specificity,Concrete actions taken to optimize environmentally friendly mining including eco-mechanized mining and carbon management programs.,commitment,lexical_or_climate_commitment,action,False,False,False,True,True
r012_002,12,2,2026-04-08T02:44:57.770079Z,arcee-ai/trinity-large-preview:free,tone_zero_shot_english.md,20250526113828-2025-05-26ptba_laporan_berkelanjutan113825_pdf/batch_4,20250526113828-2025-05-26ptba_laporan_berkelanjutan113825,True,"Perseroan juga menciptakan sinergi dan kerja sama dengan berbagai mitra strategis dalam mewujudkan energi bersih seperti pengembangan PLTS, PLTB, tanaman Kaliandra untuk mengurangi emisi karbon dan menjadi simpanan biomassa untuk diolah menjadi wood pellet sebagai bahan campuran co-firing di PLTU serta Carbon Capture, Utilization (CCU) atau penangkapan karbon dioksida dan dikonversi menjadi methanol.",403,54,id,climate-action,e,action,positive,1.0,climate-action|climate-d|climate-specificity,"Specific actions to develop clean energy including solar/wind power plants, biomass, and carbon capture utilization.",commitment,lexical_or_climate_commitment,action,False,False,False,False,True
r012_003,12,3,2026-04-08T02:44:57.770079Z,arcee-ai/trinity-large-preview:free,tone_zero_shot_english.md,20250526113828-2025-05-26ptba_laporan_berkelanjutan113825_pdf/batch_4,20250526113828-2025-05-26ptba_laporan_berkelanjutan113825,True,"PTBA berkomitmen mendukung target Pemerintah mencapai Emisi Nol Bersih atau Net Zero Emission pada 2060. Dengan visi menjadi perusahaan energi kelas dunia, PTBA telah memiliki roadmap manajemen karbon hingga 2050, baik bersifat pengurangan emisi (reducing emission sources/ maupun peningkatan penyerapan emisi (increase carbon sinks).",334,44,id,netzero-reduction,e,commitment,neutral,0.0,netzero-reduction|climate-commitment|climate-d,Explicit commitment to support government's Net Zero Emission target by 2060 with carbon management roadmap until 2050.,outcome,lexical_outcome,commitment,False,False,True,False,True
r012_004,12,4,2026-04-08T02:44:57.770079Z,arcee-ai/trinity-large-preview:free,tone_zero_shot_english.md,20250526113828-2025-05-26ptba_laporan_berkelanjutan113825_pdf/batch_4,20250526113828-2025-05-26ptba_laporan_berkelanjutan113825,True,"Berdasarkan manajemen karbon hingga 2050, terdapat 3 (tiga) pendekatan yang dilakukan PTBA, yaitu dekarbonisasi operasi, reklamasi, dan studi CCU (carbon capture, and utilization). Dengan langkah ini, PTBA optimis dapat menjadi Perusahaan yang berkelanjutan dan terus berkontribusi dalam pencapaian Net Zero Emission.",317,41,mixed,climate-action,e,action,positive,1.0,climate-action|climate-d|climate-specificity,"Specific approaches to carbon management including operational decarbonization, reclamation, and CCU studies.",action,lexical_or_climate_action,action,False,False,False,False,True
r012_005,12,5,2026-04-08T02:44:57.770079Z,arcee-ai/trinity-large-preview:free,tone_zero_shot_english.md,20250526113828-2025-05-26ptba_laporan_berkelanjutan113825_pdf/batch_4,20250526113828-2025-05-26ptba_laporan_berkelanjutan113825,True,"PTBA secara aktif telah memberikan pengetahuan kepada karyawan terkait SPP/WBS yang disalurkan melalui medial email serta dipublikasikan melalui sosial media perusahaan. Sejalan dengan hal tersebut, untuk mendukung pemanfaatan SPP/WBS secara optimal, PTBA berkomitmen untuk melindungi pelapor pelanggaran yang beritikad baik.",325,42,id,governance,g,commitment,neutral,0.0,governance|climate-d,Commitment to protect whistleblowers as part of governance policy.,outcome,lexical_outcome,commitment,False,False,False,False,True
r012_006,12,6,2026-04-08T02:44:57.770079Z,arcee-ai/trinity-large-preview:free,tone_zero_shot_english.md,20250526113828-2025-05-26ptba_laporan_berkelanjutan113825_pdf/batch_4,20250526113828-2025-05-26ptba_laporan_berkelanjutan113825,True,"Sebaliknya, Perusahaan akan memberikan sanksi bagi pelapor yang membuka kerahasiaan komunikasi dan informasi yang timbul dalam proses penanganan pelaporan dan pelapor yang menyampaikan laporan yang tidak benar kepada laporan yang bersifat fitnah kepada palsu.",259,34,id,governance,g,action,neutral,0.0,governance|climate-d,Action to impose sanctions on whistleblowers who violate confidentiality or submit false reports.,commitment,lexical_or_climate_commitment,action,False,False,False,False,True
r012_007,12,7,2026-04-08T02:44:57.770079Z,arcee-ai/trinity-large-preview:free,tone_zero_shot_english.md,20250526113828-2025-05-26ptba_laporan_berkelanjutan113825_pdf/batch_4,20250526113828-2025-05-26ptba_laporan_berkelanjutan113825,True,"Untuk mendukung proses penanganan laporan pengaduan dan mendapatkan hasil yang maksimal, pelapor wajib menandatangani pakta integritas yang menyatakan akan menjaga kerahasiaan informasi yang timbul dalam proses penanganan pelaporan dan kebenaran atas laporan.",259,32,id,governance,g,action,neutral,0.0,governance|climate-d,Action requiring whistleblowers to sign integrity pact to maintain confidentiality and report accuracy.,commitment,lexical_or_climate_commitment,action,False,False,False,False,True
r012_008,12,8,2026-04-08T02:44:57.770079Z,arcee-ai/trinity-large-preview:free,tone_zero_shot_english.md,20250526113828-2025-05-26ptba_laporan_berkelanjutan113825_pdf/batch_4,20250526113828-2025-05-26ptba_laporan_berkelanjutan113825,True,"Pelaporan Pelanggaran dapat disampaikan kepada Perusahaan melalui media yang telah disediakan, yaitu: Website : http://www.ptba.co.id Email : spp@bukitasam.co.id Telepon : +62 21 527 4635",187,28,id,governance,g,action,neutral,0.0,governance|climate-d,Action providing multiple channels for reporting violations.,outcome,lexical_outcome,action,False,False,False,False,True
r012_009,12,9,2026-04-08T02:44:57.770079Z,arcee-ai/trinity-large-preview:free,tone_zero_shot_english.md,20250526113828-2025-05-26ptba_laporan_berkelanjutan113825_pdf/batch_4,20250526113828-2025-05-26ptba_laporan_berkelanjutan113825,True,"Selama tahun 2024, terdapat 5 (lima) laporan dugaan pelanggaran yang masuk melalui SPP/WBS, baik yang disampaikan melalui email, surat, telepon, faksimile, ataupun website Perusahaan.",183,25,id,governance,g,outcome,neutral,0.0,governance|climate-d,Outcome showing 5 violation reports received through various channels in 2024.,none,fallback_none,outcome,False,False,False,False,True
r012_010,12,10,2026-04-08T02:44:57.770079Z,arcee-ai/trinity-large-preview:free,tone_zero_shot_english.md,20250526113828-2025-05-26ptba_laporan_berkelanjutan113825_pdf/batch_4,20250526113828-2025-05-26ptba_laporan_berkelanjutan113825,True,"Berdasarkan laporan pengaduan pelanggaran yang masuk ke Perusahaan yaitu sebanyak 5 (lima) pengaduan sampai akhir tahun 2024, seluruh laporan yang masuk tersebut telah selesai ditindaklanjuti.",192,25,id,governance,g,outcome,positive,1.0,governance|climate-d,Outcome showing all 5 violation reports were followed up and processed.,outcome,lexical_outcome,outcome,False,False,False,False,True
r014_000,14,0,2026-04-08T02:44:58.986814Z,arcee-ai/trinity-large-preview:free,tone_chain_of_thought_indonesian.md,icr-sustainability-23-24_pdf/batch_6,icr-sustainability-23-24,True,"The ICR has set an ambitious target of achieving net zero across all three scopes by 2040, and achieving an interim reduction of 42% by 2030.",141,26,en,climate-commitment,e,commitment,neutral,0.0,climate-commitment|netzero-reduction|climate-f,Statement about future targets without current action or outcome.,commitment,lexical_or_climate_commitment,commitment,False,False,True,False,False
r014_001,14,1,2026-04-08T02:44:58.986814Z,arcee-ai/trinity-large-preview:free,tone_chain_of_thought_indonesian.md,icr-sustainability-23-24_pdf/batch_6,icr-sustainability-23-24,True,"Thanks to activities such as a new energy management system and research led energy saving behaviours, the ICR's emissions from direct sources (Scope 1) and indirect sources (Scope 2) have decreased by 16% since 2018/19.",220,37,en,climate-action,e,action,positive,0.8,climate-action|metrics|climate-sentiment,Describes specific actions taken and their positive outcome in reducing emissions.,action,lexical_or_climate_action,action,False,False,False,False,False
r014_002,14,2,2026-04-08T02:44:58.986814Z,arcee-ai/trinity-large-preview:free,tone_chain_of_thought_indonesian.md,icr-sustainability-23-24_pdf/batch_6,icr-sustainability-23-24,True,"Business travel has seen a further bounce back this year, with increased travel to conferences the ICR has implemented a new policy of no domestic UK flights where a better sustainable alternative is available.",210,34,en,climate-action,e,commitment,neutral,0.0,climate-action|climate-commitment,Describes a new policy commitment but no outcome yet.,commitment,lexical_or_climate_commitment,commitment,False,False,True,False,False
r014_003,14,3,2026-04-08T02:44:58.986814Z,arcee-ai/trinity-large-preview:free,tone_chain_of_thought_indonesian.md,icr-sustainability-23-24_pdf/batch_6,icr-sustainability-23-24,True,"There has been small decrease in waste emissions compared to the baseline year of 2018/29, with fluctuations in waste volumes in the intervening years due to the pandemic and large construction projects.",203,33,en,climate-action,missing,missing,missing,,,Describes a small positive outcome in waste emissions reduction.,none,fallback_none,none,True,True,False,False,False
r014_004,14,4,2026-04-08T02:44:58.986814Z,arcee-ai/trinity-large-preview:free,tone_chain_of_thought_indonesian.md,icr-sustainability-23-24_pdf/batch_6,icr-sustainability-23-24,True,The ICR continues to be zero waste directly to landfill and is going out to tender for a new waste contract in 2025.,116,23,en,climate-action,e,commitment,neutral,0.0,climate-action|climate-commitment,Describes ongoing commitment to waste management without current outcome.,commitment,lexical_or_climate_commitment,commitment,False,False,True,False,False
r014_005,14,5,2026-04-08T02:44:58.986814Z,arcee-ai/trinity-large-preview:free,tone_chain_of_thought_indonesian.md,icr-sustainability-23-24_pdf/batch_6,icr-sustainability-23-24,True,Carbon emissions from purchased goods and services have decreased by 6% compared to the baseline year of 2018/19.,113,19,en,climate-action,e,outcome,positive,0.8,climate-action|metrics|climate-sentiment,Describes a positive outcome in reducing emissions from purchased goods and services.,action,lexical_or_climate_action,outcome,False,False,False,False,False
r014_006,14,6,2026-04-08T02:44:58.986814Z,arcee-ai/trinity-large-preview:free,tone_chain_of_thought_indonesian.md,icr-sustainability-23-24_pdf/batch_6,icr-sustainability-23-24,True,"The ICR has successfully retained certification to ISO14001, an international standard that sets out the requirements for an environmental management system, since 2013 as part of our integrated management system.",213,30,en,governance,g,outcome,positive,0.8,governance|climate-sentiment,"Describes successful retention of environmental certification, indicating positive governance outcome.",outcome,lexical_outcome,outcome,False,False,False,False,False
r014_007,14,7,2026-04-08T02:44:58.986814Z,arcee-ai/trinity-large-preview:free,tone_chain_of_thought_indonesian.md,icr-sustainability-23-24_pdf/batch_6,icr-sustainability-23-24,True,The ICR is proud to be a signatory to this Concordat.,53,11,en,governance,g,outcome,positive,0.8,governance|climate-sentiment,"Describes pride in being a signatory, indicating positive sentiment towards governance commitment.",none,fallback_none,outcome,False,False,False,False,False
r014_008,14,8,2026-04-08T02:44:58.986814Z,arcee-ai/trinity-large-preview:free,tone_chain_of_thought_indonesian.md,icr-sustainability-23-24_pdf/batch_6,icr-sustainability-23-24,True,"The ICR has set an ambitious target of achieving net zero across all three scopes by 2040, and achieving an interim reduction of 42% by 2030.",141,26,en,climate-commitment,e,commitment,neutral,0.0,climate-commitment|netzero-reduction|climate-f,Statement about future targets without current action or outcome.,commitment,lexical_or_climate_commitment,commitment,False,False,True,False,False
r014_009,14,9,2026-04-08T02:44:58.986814Z,arcee-ai/trinity-large-preview:free,tone_chain_of_thought_indonesian.md,icr-sustainability-23-24_pdf/batch_6,icr-sustainability-23-24,True,"Thanks to activities such as a new energy management system and research led energy saving behaviours, the ICR's emissions from direct sources (Scope 1) and indirect sources (Scope 2) have decreased by 16% since 2018/19.",220,37,en,climate-action,e,action,positive,0.8,climate-action|metrics|climate-sentiment,Describes specific actions taken and their positive outcome in reducing emissions.,action,lexical_or_climate_action,action,False,False,False,False,False
r014_010,14,10,2026-04-08T02:44:58.986814Z,arcee-ai/trinity-large-preview:free,tone_chain_of_thought_indonesian.md,icr-sustainability-23-24_pdf/batch_6,icr-sustainability-23-24,True,"Business travel has seen a further bounce back this year, with increased travel to conferences the ICR has implemented a new policy of no domestic UK flights where a better sustainable alternative is available.",210,34,en,climate-action,e,commitment,neutral,0.0,climate-action|climate-commitment,Describes a new policy commitment but no outcome yet.,commitment,lexical_or_climate_commitment,commitment,False,False,True,False,False
r014_011,14,11,2026-04-08T02:44:58.986814Z,arcee-ai/trinity-large-preview:free,tone_chain_of_thought_indonesian.md,icr-sustainability-23-24_pdf/batch_6,icr-sustainability-23-24,True,"There has been small decrease in waste emissions compared to the baseline year of 2018/29, with fluctuations in waste volumes in the intervening years due to the pandemic and large construction projects.",203,33,en,climate-action,e,outcome,positive,0.6,climate-action|metrics|climate-sentiment,Describes a small positive outcome in waste emissions reduction.,action,lexical_or_climate_action,outcome,False,False,False,False,False
r014_012,14,12,2026-04-08T02:44:58.986814Z,arcee-ai/trinity-large-preview:free,tone_chain_of_thought_indonesian.md,icr-sustainability-23-24_pdf/batch_6,icr-sustainability-23-24,True,The ICR continues to be zero waste directly to landfill and is going out to tender for a new waste contract in 2025.,116,23,en,climate-action,e,commitment,neutral,0.0,climate-action|climate-commitment,Describes ongoing commitment to waste management without current outcome.,commitment,lexical_or_climate_commitment,commitment,False,False,True,False,False
r014_013,14,13,2026-04-08T02:44:58.986814Z,arcee-ai/trinity-large-preview:free,tone_chain_of_thought_indonesian.md,icr-sustainability-23-24_pdf/batch_6,icr-sustainability-23-24,True,Carbon emissions from purchased goods and services have decreased by 6% compared to the baseline year of 2018/19.,113,19,en,climate-action,e,outcome,positive,0.8,climate-action|metrics|climate-sentiment,Describes a positive outcome in reducing emissions from purchased goods and services.,action,lexical_or_climate_action,outcome,False,False,False,False,False
r014_014,14,14,2026-04-08T02:44:58.986814Z,arcee-ai/trinity-large-preview:free,tone_chain_of_thought_indonesian.md,icr-sustainability-23-24_pdf/batch_6,icr-sustainability-23-24,True,"The ICR has successfully retained certification to ISO14001, an international standard that sets out the requirements for an environmental management system, since 2013 as part of our integrated management system.",213,30,en,governance,g,outcome,positive,0.8,governance|climate-sentiment,"Describes successful retention of environmental certification, indicating positive governance outcome.",outcome,lexical_outcome,outcome,False,False,False,False,False
r014_015,14,15,2026-04-08T02:44:58.986814Z,arcee-ai/trinity-large-preview:free,tone_chain_of_thought_indonesian.md,icr-sustainability-23-24_pdf/batch_6,icr-sustainability-23-24,True,The ICR is proud to be a signatory to this Concordat.,53,11,en,governance,g,outcome,positive,0.8,governance|climate-sentiment,"Describes pride in being a signatory, indicating positive sentiment towards governance commitment.",none,fallback_none,outcome,False,False,False,False,False
r014_016,14,16,2026-04-08T02:44:58.986814Z,arcee-ai/trinity-large-preview:free,tone_chain_of_thought_indonesian.md,icr-sustainability-23-24_pdf/batch_6,icr-sustainability-23-24,True,"The ICR has set an ambitious target of achieving net zero across all three scopes by 2040, and achieving an interim reduction of 42% by 2030.",141,26,en,climate-commitment,e,commitment,neutral,0.0,climate-commitment|netzero-reduction|climate-f,Statement about future targets without current action or outcome.,commitment,lexical_or_climate_commitment,commitment,False,False,True,False,False
r014_017,14,17,2026-04-08T02:44:58.986814Z,arcee-ai/trinity-large-preview:free,tone_chain_of_thought_indonesian.md,icr-sustainability-23-24_pdf/batch_6,icr-sustainability-23-24,True,"Thanks to activities such as a new energy management system and research led energy saving behaviours, the ICR's emissions from direct sources (Scope 1) and indirect sources (Scope 2) have decreased by 16% since 2018/19.",220,37,en,climate-action,e,action,positive,0.8,climate-action|metrics|climate-sentiment,Describes specific actions taken and their positive outcome in reducing emissions.,action,lexical_or_climate_action,action,False,False,False,False,False
r014_018,14,18,2026-04-08T02:44:58.986814Z,arcee-ai/trinity-large-preview:free,tone_chain_of_thought_indonesian.md,icr-sustainability-23-24_pdf/batch_6,icr-sustainability-23-24,True,"Business travel has seen a further bounce back this year, with increased travel to conferences the ICR has implemented a new policy of no domestic UK flights where a better sustainable alternative is available.",210,34,en,climate-action,e,commitment,neutral,0.0,climate-action|climate-commitment,Describes a new policy commitment but no outcome yet.,commitment,lexical_or_climate_commitment,commitment,False,False,True,False,False
r014_019,14,19,2026-04-08T02:44:58.986814Z,arcee-ai/trinity-large-preview:free,tone_chain_of_thought_indonesian.md,icr-sustainability-23-24_pdf/batch_6,icr-sustainability-23-24,True,"There has been small decrease in waste emissions compared to the baseline year of 2018/29, with fluctuations in waste volumes in the intervening years due to the pandemic and large construction projects.",203,33,en,climate-action,e,outcome,positive,0.6,climate-action|metrics|climate-sentiment,Describes a small positive outcome in waste emissions reduction.,action,lexical_or_climate_action,outcome,False,False,False,False,False
r014_020,14,20,2026-04-08T02:44:58.986814Z,arcee-ai/trinity-large-preview:free,tone_chain_of_thought_indonesian.md,icr-sustainability-23-24_pdf/batch_6,icr-sustainability-23-24,True,The ICR continues to be zero waste directly to landfill and is going out to tender for a new waste contract in 2025.,116,23,en,climate-action,e,commitment,neutral,0.0,climate-action|climate-commitment,Describes ongoing commitment to waste management without current outcome.,commitment,lexical_or_climate_commitment,commitment,False,False,True,False,False
r014_021,14,21,2026-04-08T02:44:58.986814Z,arcee-ai/trinity-large-preview:free,tone_chain_of_thought_indonesian.md,icr-sustainability-23-24_pdf/batch_6,icr-sustainability-23-24,True,Carbon emissions from purchased goods and services have decreased by 6% compared to the baseline year of 2018/19.,113,19,en,climate-action,e,outcome,positive,0.8,climate-action|metrics|climate-sentiment,Describes a positive outcome in reducing emissions from purchased goods and services.,action,lexical_or_climate_action,outcome,False,False,False,False,False
r014_022,14,22,2026-04-08T02:44:58.986814Z,arcee-ai/trinity-large-preview:free,tone_chain_of_thought_indonesian.md,icr-sustainability-23-24_pdf/batch_6,icr-sustainability-23-24,True,"The ICR has successfully retained certification to ISO14001, an international standard that sets out the requirements for an environmental management system, since 2013 as part of our integrated management system.",213,30,en,governance,g,outcome,positive,0.8,governance|climate-sentiment,"Describes successful retention of environmental certification, indicating positive governance outcome.",outcome,lexical_outcome,outcome,False,False,False,False,False
r014_023,14,23,2026-04-08T02:44:58.986814Z,arcee-ai/trinity-large-preview:free,tone_chain_of_thought_indonesian.md,icr-sustainability-23-24_pdf/batch_6,icr-sustainability-23-24,True,The ICR is proud to be a signatory to this Concordat.,53,11,en,governance,g,outcome,positive,0.8,governance|climate-sentiment,"Describes pride in being a signatory, indicating positive sentiment towards governance commitment.",none,fallback_none,outcome,False,False,False,False,False
r025_000,25,0,2026-04-08T02:46:34.453805Z,arcee-ai/trinity-large-preview:free,tone_zero_shot_indonesian.md,20250526113828-2025-05-26ptba_laporan_berkelanjutan113825_pdf/batch_5,20250526113828-2025-05-26ptba_laporan_berkelanjutan113825,True,"PTBA berkomitmen mendukung target Pemerintah mencapai nol emisi. PTBA juga berkomitmen untuk menjalankan bisnis berkelanjutan dengan menerapkan keselarasan antara aspek Environmental, Social, and Governance (ESG).",213,25,mixed,komitmen esg,g,commitment,neutral,0.0,climate-commitment|governance,Pernyataan komitmen terhadap target pemerintah dan penerapan ESG menunjukkan niat masa depan tanpa hasil terukur.,outcome,lexical_outcome,commitment,False,False,True,False,False
r025_001,25,1,2026-04-08T02:46:34.453805Z,arcee-ai/trinity-large-preview:free,tone_zero_shot_indonesian.md,20250526113828-2025-05-26ptba_laporan_berkelanjutan113825_pdf/batch_5,20250526113828-2025-05-26ptba_laporan_berkelanjutan113825,True,Perseroan senantiasa melakukan berbagai optimasi menuju pertambangan yang lebih ramah lingkungan.,97,11,id,optimasi lingkungan,e,action,neutral,0.0,environmental-claims,Tindakan yang sedang dilakukan untuk menuju pertambangan ramah lingkungan tanpa hasil terukur.,action,lexical_or_climate_action,action,False,False,False,True,False
r025_002,25,2,2026-04-08T02:46:34.453805Z,arcee-ai/trinity-large-preview:free,tone_zero_shot_indonesian.md,20250526113828-2025-05-26ptba_laporan_berkelanjutan113825_pdf/batch_5,20250526113828-2025-05-26ptba_laporan_berkelanjutan113825,True,"Langkah nyata yang diambil antara lain menerapkan eco, mechanized mining yaitu mengganti peralatan pertambangan yang menggunakan bahan bakar fosil menjadi elektrik, e-mining reporting system yaitu, system pelaporan produksi secara real time dan daring dan berbagai program manajemen karbon di area operasional penambangan.",322,43,id,teknologi ramah lingkungan,e,action,neutral,0.0,climate-specificity|metrics,Tindakan spesifik mengganti peralatan fosil ke listrik dan implementasi sistem pelaporan real-time.,commitment,lexical_or_climate_commitment,action,False,False,False,False,False
r025_003,25,3,2026-04-08T02:46:34.453805Z,arcee-ai/trinity-large-preview:free,tone_zero_shot_indonesian.md,20250526113828-2025-05-26ptba_laporan_berkelanjutan113825_pdf/batch_5,20250526113828-2025-05-26ptba_laporan_berkelanjutan113825,True,"Perseroan juga menciptakan sinergi dan kerja sama dengan berbagai mitra strategis dalam mewujudkan energi bersih seperti pengembangan PLTS, PLTB, tanaman Kaliandra untuk mengurangi emisi karbon dan menjadi simpanan biomassa untuk diolah menjadi wood pellet sebagai bahan campuran co-firing di PLTU serta Carbon Capture, Utilization (CCU) atau penangkapan karbon dioksida dan dikonversi menjadi methanol.",403,54,id,kerja sama energi bersih,e,action,positive,1.0,climate-specificity|climate-d|opportunity,Tindakan spesifik mengembangkan energi terbarukan dan teknologi penangkapan karbon menunjukkan peluang positif.,commitment,lexical_or_climate_commitment,action,False,False,False,False,True
r025_004,25,4,2026-04-08T02:46:34.453805Z,arcee-ai/trinity-large-preview:free,tone_zero_shot_indonesian.md,20250526113828-2025-05-26ptba_laporan_berkelanjutan113825_pdf/batch_5,20250526113828-2025-05-26ptba_laporan_berkelanjutan113825,True,PTBA berkomitmen mendukung target Pemerintah mencapai Emisi Nol Bersih atau Net Zero Emission pada 2060.,104,15,unknown,komitmen net zero,e,commitment,neutral,0.0,netzero-reduction|climate-commitment,Komitmen masa depan untuk mencapai Net Zero Emission pada 2060.,outcome,lexical_outcome,commitment,False,False,True,False,False
r025_005,25,5,2026-04-08T02:46:34.453805Z,arcee-ai/trinity-large-preview:free,tone_zero_shot_indonesian.md,20250526113828-2025-05-26ptba_laporan_berkelanjutan113825_pdf/batch_5,20250526113828-2025-05-26ptba_laporan_berkelanjutan113825,True,"Dengan visi menjadi perusahaan energi kelas dunia, PTBA telah memiliki roadmap manajemen karbon hingga 2050, baik bersifat pengurangan emisi (reducing emission sources/ maupun peningkatan penyerapan emisi (increase carbon sinks).",229,29,id,roadmap karbon,e,commitment,neutral,0.0,climate-f|climate-specificity,Pernyataan forward-looking tentang roadmap manajemen karbon hingga 2050.,outcome,lexical_outcome,commitment,False,False,False,False,False
r025_006,25,6,2026-04-08T02:46:34.453805Z,arcee-ai/trinity-large-preview:free,tone_zero_shot_indonesian.md,20250526113828-2025-05-26ptba_laporan_berkelanjutan113825_pdf/batch_5,20250526113828-2025-05-26ptba_laporan_berkelanjutan113825,True,"Berdasarkan manajemen karbon hingga 2050, terdapat 3 (tiga) pendekatan yang dilakukan PTBA, yaitu dekarbonisasi operasi, reklamasi, dan studi CCU (carbon capture, utilization, and utilization).",193,24,mixed,pendekatan karbon,e,commitment,neutral,0.0,climate-specificity,Pernyataan komitmen tentang tiga pendekatan manajemen karbon.,none,fallback_none,commitment,False,False,False,False,False
r025_007,25,7,2026-04-08T02:46:34.453805Z,arcee-ai/trinity-large-preview:free,tone_zero_shot_indonesian.md,20250526113828-2025-05-26ptba_laporan_berkelanjutan113825_pdf/batch_5,20250526113828-2025-05-26ptba_laporan_berkelanjutan113825,True,"Konflik atau benturan kepentingan merupakan salah satu ancaman serius bagi keberlangsungan dan keberlanjutan usaha, termasuk bagi PTBA.",135,17,id,konflik kepentingan,g,none,negative,-1.0,governance,Pernyataan mengidentifikasi konflik kepentingan sebagai ancaman serius bagi keberlanjutan usaha.,commitment,lexical_or_climate_commitment,none,False,False,False,False,False
r025_008,25,8,2026-04-08T02:46:34.453805Z,arcee-ai/trinity-large-preview:free,tone_zero_shot_indonesian.md,20250526113828-2025-05-26ptba_laporan_berkelanjutan113825_pdf/batch_5,20250526113828-2025-05-26ptba_laporan_berkelanjutan113825,True,PTBA merumuskan benturan kepentingan sebagai pertentangan kepentingan ekonomis pribadi dengan kepentingan ekonomis Perusahaan yang berdampak pada Objektivitas serta pertimbangan komersial.,188,20,id,definisi konflik kepentingan,g,none,neutral,0.0,governance,Definisi konflik kepentingan tanpa evaluasi sentimen.,none,fallback_none,none,False,False,False,False,False
r025_009,25,9,2026-04-08T02:46:34.453805Z,arcee-ai/trinity-large-preview:free,tone_zero_shot_indonesian.md,20250526113828-2025-05-26ptba_laporan_berkelanjutan113825_pdf/batch_5,20250526113828-2025-05-26ptba_laporan_berkelanjutan113825,True,Setiap individu jajaran PTBA dilarang berada dalam situasi yang menimbulkan benturan kepentingan.,97,12,id,kebijakan konflik kepentingan,g,commitment,neutral,0.0,governance,Komitmen untuk mencegah konflik kepentingan melalui kebijakan.,none,fallback_none,commitment,False,False,False,False,False
r025_010,25,10,2026-04-08T02:46:34.453805Z,arcee-ai/trinity-large-preview:free,tone_zero_shot_indonesian.md,20250526113828-2025-05-26ptba_laporan_berkelanjutan113825_pdf/batch_5,20250526113828-2025-05-26ptba_laporan_berkelanjutan113825,True,"PTBA memiliki sikap tegas terhadap korupsi sebagai bagian dari komitmen Perusahaan dalam menjalankan bisnis yang bersih, transparan, dan berintegritas.",151,19,id,antikorupsi,g,commitment,neutral,0.0,governance,Komitmen tegas terhadap antikorupsi sebagai bagian dari tata kelola perusahaan.,commitment,lexical_or_climate_commitment,commitment,False,False,False,False,False
r025_011,25,11,2026-04-08T02:46:34.453805Z,arcee-ai/trinity-large-preview:free,tone_zero_shot_indonesian.md,20250526113828-2025-05-26ptba_laporan_berkelanjutan113825_pdf/batch_5,20250526113828-2025-05-26ptba_laporan_berkelanjutan113825,True,"Perusahaan menolak segala bentuk praktik korupsi, kolusi, dan nepotisme, baik dalam hubungan internal maupun eksternal perusahaan.",130,16,id,penolakan korupsi,g,commitment,neutral,0.0,governance,"Komitmen menolak korupsi, kolusi, dan nepotisme.",none,fallback_none,commitment,False,False,False,False,False
r025_012,25,12,2026-04-08T02:46:34.453805Z,arcee-ai/trinity-large-preview:free,tone_zero_shot_indonesian.md,20250526113828-2025-05-26ptba_laporan_berkelanjutan113825_pdf/batch_5,20250526113828-2025-05-26ptba_laporan_berkelanjutan113825,True,"Sikap ini diwujudkan melalui penerapan kode etik yang ketat, pengawasan internal yang kuat, serta implementasi whistleblowing system yang memungkinkan karyawan dan pemangku kepentingan melaporkan dugaan tindak korupsi secara aman.",230,29,id,implementasi antikorupsi,g,action,positive,1.0,governance,Tindakan positif menerapkan kode etik dan sistem pelaporan korupsi.,none,fallback_none,action,False,False,False,False,False
r025_013,25,13,2026-04-08T02:46:34.453805Z,arcee-ai/trinity-large-preview:free,tone_zero_shot_indonesian.md,20250526113828-2025-05-26ptba_laporan_berkelanjutan113825_pdf/batch_5,20250526113828-2025-05-26ptba_laporan_berkelanjutan113825,True,"Merujuk Undang-Undang No. 31 Tahun 1999 jo. Undang-Undang No. 20 Tahun 2001 tentang Pemberantasan Tindak Pidana Korupsi, pengertian korupsi mencakup perbuatan melawan hukum, memperkaya diri orang/badan lain yang merugikan keuangan/perekonomian negara (pasal 2); menyalahgunakan kewenangan karena jabatan/kedudukan yang dapat merugikan keuangan/kedudukan yang dapat merugikan keuangan/perekonomian negara (pasal 3); kelompok delik penyuapan (pasal 5,6, dan 11); kelompok delik penggelapan dalam jabatan (pasal 8, 9, dan 10); delik pemerasan dalam jabatan (pasal 12); delik yang berkaitan dengan pemborongan (pasal 7); hingga delik gratifikasi (pasal 12B dan 12C).",662,93,id,definisi hukum korupsi,g,none,neutral,0.0,governance,Definisi hukum korupsi tanpa evaluasi sentimen.,commitment,lexical_or_climate_commitment,none,False,False,False,False,False
r025_014,25,14,2026-04-08T02:46:34.453805Z,arcee-ai/trinity-large-preview:free,tone_zero_shot_indonesian.md,20250526113828-2025-05-26ptba_laporan_berkelanjutan113825_pdf/batch_5,20250526113828-2025-05-26ptba_laporan_berkelanjutan113825,True,"Ketegasan terhadap antikorupsi diimplementasikan Perusahaan antara lain dengan tidak memberi dan menerima hadiah serta gratifikasi yang diperkirakan akan memengaruhi independensi dalam proses pengambilan keputusan, serta bertentangan dengan etika bisnis yang sehat dan/atau bertentangan dengan hukum yang berlaku.",313,38,id,kebijakan antigratifikasi,g,commitment,neutral,0.0,governance,Komitmen untuk tidak memberi/terima hadiah yang memengaruhi independensi.,commitment,lexical_or_climate_commitment,commitment,False,False,False,False,False
r025_015,25,15,2026-04-08T02:46:34.453805Z,arcee-ai/trinity-large-preview:free,tone_zero_shot_indonesian.md,20250526113828-2025-05-26ptba_laporan_berkelanjutan113825_pdf/batch_5,20250526113828-2025-05-26ptba_laporan_berkelanjutan113825,True,Komitmen antikorupsi tersebut dikukuhkan dengan beberapa kebijakan di PTBA di antaranya Keputusan Bersama Dewan Komisaris dan Direksi PTBA Nomor:10/SK/PTBA-DEKOM/IX/2020 dan Nomor:400/0100/2020 tentang Penerapan Prinsip dan Praktik Good Corporate Governance Untuk Kebijakan Anti Gratifikasi di PT Bukit Asam Tbk dan Pedoman Pengendalian Gratifikasi BAAGM:03 Nomor Revisi 1 tahun 2024.,384,58,mixed,kebijakan antikorupsi,g,commitment,neutral,0.0,governance,Komitmen melalui kebijakan antikorupsi yang dikukuhkan.,commitment,lexical_or_climate_commitment,commitment,False,False,False,False,False
r025_016,25,16,2026-04-08T02:46:34.453805Z,arcee-ai/trinity-large-preview:free,tone_zero_shot_indonesian.md,20250526113828-2025-05-26ptba_laporan_berkelanjutan113825_pdf/batch_5,20250526113828-2025-05-26ptba_laporan_berkelanjutan113825,True,"Sejak tahun 2020, PTBA telah mengadopsi sertifikasi Sistem Manajemen Anti Penyuapan (SMAP) ISO 37001:2016.",106,15,id,sertifikasi smap,g,action,neutral,0.0,governance,Tindakan mengadopsi sertifikasi SMAP ISO 37001:2016.,outcome,lexical_outcome,action,False,False,False,False,False
r025_017,25,17,2026-04-08T02:46:34.453805Z,arcee-ai/trinity-large-preview:free,tone_zero_shot_indonesian.md,20250526113828-2025-05-26ptba_laporan_berkelanjutan113825_pdf/batch_5,20250526113828-2025-05-26ptba_laporan_berkelanjutan113825,True,"Untuk SMAP sendiri pun, PTBA telah memiliki pedoman tersendiri yang dimuat pada Pedoman Sistem Anti Penyuapan PTBA Nomor BAMSP.",127,19,id,pedoman smap,g,action,neutral,0.0,governance,Tindakan memiliki pedoman SMAP tersendiri.,outcome,lexical_outcome,action,False,False,False,False,False
r025_018,25,18,2026-04-08T02:46:34.453805Z,arcee-ai/trinity-large-preview:free,tone_zero_shot_indonesian.md,20250526113828-2025-05-26ptba_laporan_berkelanjutan113825_pdf/batch_5,20250526113828-2025-05-26ptba_laporan_berkelanjutan113825,True,"Lebih lanjut, untuk memperkecil, bahkan menutup peluang terjadinya korupsi, PTBA telah melakukan pemetaan dan pengkajian risiko dalam mata rantai dan operasional usaha yang berpotensi besar terjadi korupsi.",206,27,id,pemetaan risiko korupsi,g,action,neutral,0.0,governance,Tindakan pemetaan dan pengkajian risiko korupsi.,outcome,lexical_outcome,action,False,False,False,False,False
r025_019,25,19,2026-04-08T02:46:34.453805Z,arcee-ai/trinity-large-preview:free,tone_zero_shot_indonesian.md,20250526113828-2025-05-26ptba_laporan_berkelanjutan113825_pdf/batch_5,20250526113828-2025-05-26ptba_laporan_berkelanjutan113825,True,"Berdasarkan pemetaan tersebut, diidentifikasi 82% dari operasi memiliki risiko terkait korupsi.",95,11,unknown,identifikasi risiko korupsi,g,outcome,negative,-1.0,metrics|governance,Hasil identifikasi bahwa 82% operasi memiliki risiko korupsi menunjukkan masalah serius.,none,fallback_none,outcome,False,False,False,False,False
r025_020,25,20,2026-04-08T02:46:34.453805Z,arcee-ai/trinity-large-preview:free,tone_zero_shot_indonesian.md,20250526113828-2025-05-26ptba_laporan_berkelanjutan113825_pdf/batch_5,20250526113828-2025-05-26ptba_laporan_berkelanjutan113825,True,"Untuk mencegah terjadinya korupsi di bagian tersebut, Perseroan telah melakukan mitigasi berupa penerapan prinsip dan",117,15,id,mitigasi korupsi,g,action,neutral,0.0,governance,Tindakan mitigasi untuk mencegah korupsi.,outcome,lexical_outcome,action,False,False,False,False,False
r027_000,27,0,2026-04-08T02:47:30.399111Z,arcee-ai/trinity-large-preview:free,tone_zero_shot_english.md,BEST-SR_2024_pdf/batch_9,BEST-SR_2024,True,"As a pioneer among industrial estate developers in Indonesia, BeFa is at the forefront of creating a green and eco-friendly industrial zone. This transformative initiative aims to minimize environmental impact while promoting a sustainable economic model. It includes prioritizing renewable energy sources, implementing waste management systems, and ensuring efficient resource utilization.",390,52,en,environmental-claims,e,commitment,neutral,0.0,climate-detection|climate-commitment|environmental-claims,The text describes future-oriented environmental initiatives and commitments without measurable outcomes.,commitment,lexical_or_climate_commitment,commitment,False,False,True,True,False
r027_001,27,1,2026-04-08T02:47:30.399111Z,arcee-ai/trinity-large-preview:free,tone_zero_shot_english.md,BEST-SR_2024_pdf/batch_9,BEST-SR_2024,True,"The Company is dedicated to continuous innovation and excellence within the realm of ESG, striving to create spaces that harmoniously blend industry with ecological sustainability. In its pursuit of this vision, BeFa is evolving into a Smart Eco-Industrial Park. This initiative focuses on promoting sustainable development through the incorporation of advanced technologies, smart infrastructure, and environmentally friendly practices that benefit both the community and the ecosystem. By fostering collaboration among tenants and other stakeholders, BeFa aims to set a precedent for responsible industrial growth while addressing global environmental challenges.",665,90,en,environmental-claims,e,commitment,neutral,0.0,climate-detection|climate-commitment|environmental-claims,The text outlines future ESG commitments and vision for sustainable development without specific measurable outcomes.,commitment,lexical_or_climate_commitment,commitment,False,False,True,True,False
r027_002,27,2,2026-04-08T02:47:30.399111Z,arcee-ai/trinity-large-preview:free,tone_zero_shot_english.md,BEST-SR_2024_pdf/batch_9,BEST-SR_2024,True,"The issuance of the report is also an effort of BeFa to comply with the provisions of Article 66 paragraph 2c, Law No. 40 of 2007 concerning Limited Liability Companies (Company Law), which requires companies to submit report on the implementation of Social and Environmental Responsibility in the Annual Report.",312,50,en,governance,g,action,neutral,0.0,governance,The text describes compliance action with legal requirements for ESG reporting.,none,fallback_none,action,False,False,False,False,False
r027_003,27,3,2026-04-08T02:47:30.399111Z,arcee-ai/trinity-large-preview:free,tone_zero_shot_english.md,BEST-SR_2024_pdf/batch_9,BEST-SR_2024,True,"In addition to compliance with the Company Law, the issuance of this report is also an effort of BeFa to comply with the provisions of the Financial Services Authority Regulation No.51/POJK.03/2017 (POJK 51/2017) concerning the Implementation of Sustainable Finance for Financial Service Institutions, Issuers, and Public Companies.",332,52,en,governance,g,action,neutral,0.0,governance,The text describes compliance action with financial regulations for sustainable finance.,none,fallback_none,action,False,False,False,False,False
r027_004,27,4,2026-04-08T02:47:30.399111Z,arcee-ai/trinity-large-preview:free,tone_zero_shot_english.md,BEST-SR_2024_pdf/batch_9,BEST-SR_2024,True,"BeFa prepared this report by referring to POJK No.51/2017 and combined with the Global Reporting Initiatives (GRI), with the choice of material topics determined according to the materiality principle.",201,31,en,governance,g,action,neutral,0.0,governance,The text describes action of preparing sustainability report following established frameworks.,none,fallback_none,action,False,False,False,False,False
r027_005,27,5,2026-04-08T02:47:30.399111Z,arcee-ai/trinity-large-preview:free,tone_zero_shot_english.md,BEST-SR_2024_pdf/batch_9,BEST-SR_2024,True,"The Company's nomination policy aims to ensure that the Company is led, managed and supervised by individuals who have high capability, experience and integrity. The following are nomination policies: 1. To prepare and provide recommendations on the system and procedures for the selection and/or replacement of members of the Board of Commissioners and Board of Directors to the Board of Commissioners to be submitted to the General Meeting of Shareholders. 2. To provide recommendations on the candidates for the Board of Commissioners and/or Board of Directors to the Board of Commissioners to be submitted to the General Meeting of Shareholders. 3. To provide recommendations concerning the Independent Party who will become members of Audit Committee and other Committee (if any) to the Board of Commissioners and Board of Directors of the Company. 4. To carry out other duties assigned by the Board of Commissioners.",922,147,en,governance,g,commitment,neutral,0.0,governance,The text describes governance policies and procedures for leadership selection and oversight.,commitment,lexical_or_climate_commitment,commitment,False,False,False,False,False
r027_006,27,6,2026-04-08T02:47:30.399111Z,arcee-ai/trinity-large-preview:free,tone_zero_shot_english.md,BEST-SR_2024_pdf/batch_9,BEST-SR_2024,True,"The specific criteria taken into consideration in selecting members of the Board of Commissioners and Board of Directors include: 1. Demonstrating good morals, ethics, and integrity to support the company's tasks. 2. Considering a diverse range of skills, knowledge, and experience that the company requires. 3. Being able to perform self-assessments to evaluate performance and showing a commitment to comply with laws and regulations.",436,66,en,governance,g,commitment,neutral,0.0,governance,The text describes governance criteria for leadership selection and performance evaluation.,commitment,lexical_or_climate_commitment,commitment,False,False,False,False,False
r027_007,27,7,2026-04-08T02:47:30.399111Z,arcee-ai/trinity-large-preview:free,tone_zero_shot_english.md,BEST-SR_2024_pdf/batch_9,BEST-SR_2024,True,The members of the Board of Commissioners and Board of Directors receive salary and benefits based on their performance and roles.,130,21,en,governance,g,action,neutral,0.0,governance,The text describes action of providing remuneration based on performance.,none,fallback_none,action,False,False,False,False,False
r027_008,27,8,2026-04-08T02:47:30.399111Z,arcee-ai/trinity-large-preview:free,tone_zero_shot_english.md,BEST-SR_2024_pdf/batch_9,BEST-SR_2024,True,"To support the Nomination and Remuneration policy, the Company has a Nomination and Remuneration Committee that is responsible for assisting the Board of Commissioners duties to realize good corporate governance (GCG). This is also in line with the Financial Services Authority Regulation No.34/POJK.04/2014 dated December 8, 20214 (POJK 34) concerning the Nomination and Remuneration Committee of Issuers or Public Companies.",426,64,en,governance,g,action,neutral,0.0,governance,The text describes action of establishing governance committee in compliance with regulations.,commitment,lexical_or_climate_commitment,action,False,False,False,False,False
r027_009,27,9,2026-04-08T02:47:30.399111Z,arcee-ai/trinity-large-preview:free,tone_zero_shot_english.md,BEST-SR_2024_pdf/batch_9,BEST-SR_2024,True,"Performance assessment of the Nomination and Remuneration Committee is carried out by self-assessment, and the results are then reported to the Board of Commissioners as the direct supervisor. Some aspects that form the basis of the assessment include the following: 1. Attendance Rate. 2. Commitment to prioritize the Company's interests. 3. Compliance with the prevailing law and regulations.",394,60,en,governance,g,action,neutral,0.0,governance,The text describes action of conducting performance assessment of governance committee.,commitment,lexical_or_climate_commitment,action,False,False,False,False,False
r027_010,27,10,2026-04-08T02:47:30.399111Z,arcee-ai/trinity-large-preview:free,tone_zero_shot_english.md,BEST-SR_2024_pdf/batch_9,BEST-SR_2024,True,"BeFa conducts a structured and periodic assessment of the performance of both the Board of Commissioners and the Board of Directors to ensure alignment with the Company's strategic objectives and operational targets. The evaluation process is guided by clear criteria designed to measure effectiveness, accountability, and",322,47,en,governance,g,action,neutral,0.0,governance,The text describes action of conducting performance assessment of leadership to ensure alignment with objectives.,commitment,lexical_or_climate_commitment,action,False,False,False,False,False
r035_000,35,0,2026-04-08T02:51:21.226367Z,arcee-ai/trinity-large-preview:free,tone_chain_of_thought_english.md,icr-sustainability-23-24_pdf/batch_7,icr-sustainability-23-24,True,"The ICR has set an ambitious target of achieving net zero across all three scopes by 2040, and achieving an interim reduction of 42% by 2030.",141,26,en,climate-commitment,e,commitment,neutral,0.0,climate-commitment|netzero-reduction|climate-f,Future-oriented climate pledge with specific targets for 2030 and 2040.,commitment,lexical_or_climate_commitment,commitment,False,False,True,False,False
r035_001,35,1,2026-04-08T02:51:21.226367Z,arcee-ai/trinity-large-preview:free,tone_chain_of_thought_english.md,icr-sustainability-23-24_pdf/batch_7,icr-sustainability-23-24,True,"Thanks to activities such as a new energy management system and research led energy saving behaviours, the ICR's emissions from direct sources (Scope 1) and indirect sources (Scope 2) have decreased by 16% since 2018/19.",220,37,en,climate-d,e,outcome,positive,1.0,climate-d|metrics|climate-sentiment,Measurable reduction in emissions with specific percentage and timeframe.,none,fallback_none,outcome,False,False,False,False,True
r035_002,35,2,2026-04-08T02:51:21.226367Z,arcee-ai/trinity-large-preview:free,tone_chain_of_thought_english.md,icr-sustainability-23-24_pdf/batch_7,icr-sustainability-23-24,True,"Business travel has seen a further bounce back this year, with increased travel to conferences the ICR has implemented a new policy of no domestic UK flights where a better sustainable alternative is available.",210,34,en,climate-commitment,e,commitment,neutral,0.0,climate-commitment|climate-d,New policy introduced to reduce emissions from business travel.,commitment,lexical_or_climate_commitment,commitment,False,False,True,False,True
r035_003,35,3,2026-04-08T02:51:21.226367Z,arcee-ai/trinity-large-preview:free,tone_chain_of_thought_english.md,icr-sustainability-23-24_pdf/batch_7,icr-sustainability-23-24,True,"There has been small decrease in waste emissions compared to the baseline year of 2018/29, with fluctuations in waste volumes in the intervening years due to the pandemic and large construction projects.",203,33,en,climate-d,e,outcome,neutral,0.0,climate-d|metrics,Waste emissions decreased but with contextual factors affecting the trend.,none,fallback_none,outcome,False,False,False,False,True
r035_004,35,4,2026-04-08T02:51:21.226367Z,arcee-ai/trinity-large-preview:free,tone_chain_of_thought_english.md,icr-sustainability-23-24_pdf/batch_7,icr-sustainability-23-24,True,The ICR continues to be zero waste directly to landfill and is going out to tender for a new waste contract in 2025.,116,23,en,environmental-claims,e,action,positive,1.0,environmental-claims|climate-d,Maintaining zero waste to landfill status and planning for improved waste management.,none,fallback_none,action,False,False,False,True,True
r035_005,35,5,2026-04-08T02:51:21.226367Z,arcee-ai/trinity-large-preview:free,tone_chain_of_thought_english.md,icr-sustainability-23-24_pdf/batch_7,icr-sustainability-23-24,True,Carbon emissions from purchased goods and services have decreased by 6% compared to the baseline year of 2018/19.,113,19,en,climate-d,e,outcome,positive,1.0,climate-d|metrics,Measurable reduction in emissions from purchased goods and services.,none,fallback_none,outcome,False,False,False,False,True
r035_006,35,6,2026-04-08T02:51:21.226367Z,arcee-ai/trinity-large-preview:free,tone_chain_of_thought_english.md,icr-sustainability-23-24_pdf/batch_7,icr-sustainability-23-24,True,"The ICR has successfully retained certification to ISO14001, an international standard that sets out the requirements for an environmental management system, since 2013 as part of our integrated management system.",213,30,en,governance,g,outcome,positive,1.0,governance|climate-d,Long-term maintenance of environmental management certification.,outcome,lexical_outcome,outcome,False,False,False,False,True
r035_007,35,7,2026-04-08T02:51:21.226367Z,arcee-ai/trinity-large-preview:free,tone_chain_of_thought_english.md,icr-sustainability-23-24_pdf/batch_7,icr-sustainability-23-24,True,"The new Concordat for the Environmental Sustainability of Research and Innovation Practice primary aims are to promote environmentally responsible practices in research and innovation, reducing negative environmental impacts and emissions associated with these activities.",272,34,en,governance,g,commitment,neutral,0.0,governance|climate-commitment,Commitment to new environmental sustainability framework for research.,commitment,lexical_or_climate_commitment,commitment,False,False,True,False,False
r035_008,35,8,2026-04-08T02:51:21.226367Z,arcee-ai/trinity-large-preview:free,tone_chain_of_thought_english.md,icr-sustainability-23-24_pdf/batch_7,icr-sustainability-23-24,True,The ICR is proud to be a signatory to this Concordat.,53,11,en,governance,g,commitment,neutral,0.0,governance|climate-commitment,Formal commitment to environmental sustainability principles.,commitment,lexical_or_climate_commitment,commitment,False,False,True,False,False
r035_009,35,9,2026-04-08T02:51:21.226367Z,arcee-ai/trinity-large-preview:free,tone_chain_of_thought_english.md,icr-sustainability-23-24_pdf/batch_7,icr-sustainability-23-24,True,"Due to cultural change, ActNow and our energy manager the ICR has continued to achieve substantial savings of nearly a quarter of a million pounds on its 2023/24 bills compared to predicted usage.",196,34,en,climate-d,e,outcome,positive,1.0,climate-d|metrics,Significant financial savings achieved through energy efficiency measures.,outcome,lexical_outcome,outcome,False,False,False,False,True
r035_010,35,10,2026-04-08T02:51:21.226367Z,arcee-ai/trinity-large-preview:free,tone_chain_of_thought_english.md,icr-sustainability-23-24_pdf/batch_7,icr-sustainability-23-24,True,"These initiatives were monitored by the Sustainability Advisory Group, resulting in a 7% reduction in electricity consumption and a 4% decrease in gas usage compared to the previous academic year.",196,30,en,climate-d,e,outcome,positive,1.0,climate-d|metrics,Measurable reductions in energy consumption with specific percentages.,none,fallback_none,outcome,False,False,False,False,True
r035_011,35,11,2026-04-08T02:51:21.226367Z,arcee-ai/trinity-large-preview:free,tone_chain_of_thought_english.md,icr-sustainability-23-24_pdf/batch_7,icr-sustainability-23-24,True,In 2023/24 our overall waste total in tonnes generated increased by 41.22 tonnes compared to 2022/23.,101,19,unknown,climate-d,e,outcome,negative,-1.0,climate-d|metrics,Increase in total waste generated compared to previous year.,none,fallback_none,outcome,False,False,False,False,True
r035_012,35,12,2026-04-08T02:51:21.226367Z,arcee-ai/trinity-large-preview:free,tone_chain_of_thought_english.md,icr-sustainability-23-24_pdf/batch_7,icr-sustainability-23-24,True,The overall weight of waste decreased by 1.35% (3.5 tonnes) when compared to the baseline year 2018/19.,103,20,en,climate-d,e,outcome,positive,1.0,climate-d|metrics,Waste reduction compared to baseline year despite recent increase.,none,fallback_none,outcome,False,False,False,False,True
r035_013,35,13,2026-04-08T02:51:21.226367Z,arcee-ai/trinity-large-preview:free,tone_chain_of_thought_english.md,icr-sustainability-23-24_pdf/batch_7,icr-sustainability-23-24,True,Our total waste in tCO₂e increased to 73.05 tonnes.,51,10,unknown,climate-d,e,outcome,negative,-1.0,climate-d|metrics,Increase in waste-related carbon emissions.,none,fallback_none,outcome,False,False,False,False,True
r041_000,41,0,2026-04-08T02:51:48.065874Z,arcee-ai/trinity-large-preview:free,tone_chain_of_thought_indonesian.md,20250526113828-2025-05-26ptba_laporan_berkelanjutan113825_pdf/batch_6,20250526113828-2025-05-26ptba_laporan_berkelanjutan113825,True,"PTBA berkomitmen mendukung target Pemerintah mencapai nol emisi. PTBA juga berkomitmen untuk menjalankan bisnis berkelanjutan dengan menerapkan keselarasan antara aspek Environmental, Social, and Governance (ESG).",213,25,mixed,climate-commitment,e,commitment,neutral,0.0,climate-commitment|climate-d|climate-specificity,"Statement about commitment to net zero emissions and ESG alignment, which is a forward-looking commitment without specific metrics or outcomes.",outcome,lexical_outcome,commitment,False,False,True,False,True
r041_001,41,1,2026-04-08T02:51:48.065874Z,arcee-ai/trinity-large-preview:free,tone_chain_of_thought_indonesian.md,20250526113828-2025-05-26ptba_laporan_berkelanjutan113825_pdf/batch_6,20250526113828-2025-05-26ptba_laporan_berkelanjutan113825,True,"Perseroan senantiasa melakukan berbagai optimasi menuju pertambangan yang lebih ramah lingkungan. Langkah nyata yang diambil antara lain menerapkan eco, mechanized mining yaitu mengganti peralatan pertambangan yang menggunakan bahan bakar fosil menjadi elektrik, e-mining reporting system yaitu, system pelaporan produksi secara real time dan daring dan berbagai program manajemen karbon di area operasional penambangan.",420,54,id,environmental-claims,e,action,neutral,0.0,environmental-claims|climate-d|climate-specificity,"Describes actions taken toward environmentally friendly mining practices, including eco-mechanized mining and carbon management programs, but without specific outcomes or metrics.",commitment,lexical_or_climate_commitment,action,False,False,False,True,True
r041_002,41,2,2026-04-08T02:51:48.065874Z,arcee-ai/trinity-large-preview:free,tone_chain_of_thought_indonesian.md,20250526113828-2025-05-26ptba_laporan_berkelanjutan113825_pdf/batch_6,20250526113828-2025-05-26ptba_laporan_berkelanjutan113825,True,"Perseroan juga menciptakan sinergi dan kerja sama dengan berbagai mitra strategis dalam mewujudkan energi bersih seperti pengembangan PLTS, PLTB, tanaman Kaliandra untuk mengurangi emisi karbon dan menjadi simpanan biomassa untuk diolah menjadi wood pellet sebagai bahan campuran co-firing di PLTU serta Carbon Capture, Utilization (CCU) atau penangkapan karbon dioksida dan dikonversi menjadi methanol.",403,54,id,environmental-claims,e,action,neutral,0.0,environmental-claims|climate-d|climate-specificity,"Describes collaborative actions with strategic partners to develop clean energy solutions, including solar, wind, biomass, and carbon capture, but without specific outcomes or metrics.",commitment,lexical_or_climate_commitment,action,False,False,False,True,True
r041_003,41,3,2026-04-08T02:51:48.065874Z,arcee-ai/trinity-large-preview:free,tone_chain_of_thought_indonesian.md,20250526113828-2025-05-26ptba_laporan_berkelanjutan113825_pdf/batch_6,20250526113828-2025-05-26ptba_laporan_berkelanjutan113825,True,"PTBA berkomitmen mendukung target Pemerintah mencapai Emisi Nol Bersih atau Net Zero Emission pada 2060. Dengan visi menjadi perusahaan energi kelas dunia, PTBA telah memiliki roadmap manajemen karbon hingga 2050, baik bersifat pengurangan emisi (reducing emission sources/ maupun peningkatan penyerapan emisi (increase carbon sinks).",334,44,id,netzero-reduction,e,commitment,neutral,0.0,netzero-reduction|climate-commitment|climate-f,"Explicit commitment to Net Zero Emission by 2060 with a carbon management roadmap until 2050, which is a forward-looking commitment without specific metrics or outcomes.",outcome,lexical_outcome,commitment,False,False,True,False,False
r041_004,41,4,2026-04-08T02:51:48.065874Z,arcee-ai/trinity-large-preview:free,tone_chain_of_thought_indonesian.md,20250526113828-2025-05-26ptba_laporan_berkelanjutan113825_pdf/batch_6,20250526113828-2025-05-26ptba_laporan_berkelanjutan113825,True,"Berdasarkan manajemen karbon hingga 2050, terdapat 3 (tiga) pendekatan yang dilakukan PTBA, yaitu dekarbonisasi operasi, reklamasi, dan studi CCU (carbon capture, and utilization). Dengan langkah ini, PTBA optimis dapat menjadi Perusahaan yang berkelanjutan dan terus berkontribusi dalam pencapaian Net Zero Emission.",317,41,mixed,climate-commitment,e,commitment,neutral,0.0,climate-commitment|climate-f,"Describes three approaches to carbon management (decarbonization, reclamation, CCU studies) as part of the commitment to Net Zero Emission, which is a forward-looking commitment without specific metrics or outcomes.",commitment,lexical_or_climate_commitment,commitment,False,False,True,False,False
r041_005,41,5,2026-04-08T02:51:48.065874Z,arcee-ai/trinity-large-preview:free,tone_chain_of_thought_indonesian.md,20250526113828-2025-05-26ptba_laporan_berkelanjutan113825_pdf/batch_6,20250526113828-2025-05-26ptba_laporan_berkelanjutan113825,True,"Upaya lain yang dilakukan PTBA untuk mengukuhkan sikap antikorupsi adalah secara berkesinambungan melakukan sosialisasi kebijakan dan prosedur antikorupsi di lingkungan Perusahaan. Merujuk sosialisasi yang sudah terselenggara, per 31 Desember 2024, anggota Dewan Komisaris dan Direksi yang telah mendapatkan sosialisasi dan prosedur antikorupsi tercatat sebanyak 11 orang, atau 100% dari total Dewan Komisaris dan Direksi. Adapun karyawan yang telah mendapatkan sosialisasi kebijakan dan prosedur antikorupsi sebanyak 1.679 orang atau 100% dari total karyawan.",560,73,id,governance,g,outcome,positive,1.0,governance|metrics,"Provides specific quantitative metrics (100% of Board members and employees trained) showing successful implementation of anti-corruption policies, which is a measurable outcome with positive sentiment.",outcome,lexical_outcome,outcome,False,False,False,False,False
r041_006,41,6,2026-04-08T02:51:48.065874Z,arcee-ai/trinity-large-preview:free,tone_chain_of_thought_indonesian.md,20250526113828-2025-05-26ptba_laporan_berkelanjutan113825_pdf/batch_6,20250526113828-2025-05-26ptba_laporan_berkelanjutan113825,True,Sedangkan mitra atau vendor yang telah mendapatkan sosialisasi kebijakan dan prosedur antikorupsi adalah seluruh vendor ditandai dengan penandatanganan pakta integritas.,169,20,id,governance,g,outcome,positive,1.0,governance|metrics,"Provides specific quantitative metric (all vendors signed integrity pact) showing successful implementation of anti-corruption policies with vendors, which is a measurable outcome with positive sentiment.",outcome,lexical_outcome,outcome,False,False,False,False,False
r041_007,41,7,2026-04-08T02:51:48.065874Z,arcee-ai/trinity-large-preview:free,tone_chain_of_thought_indonesian.md,20250526113828-2025-05-26ptba_laporan_berkelanjutan113825_pdf/batch_6,20250526113828-2025-05-26ptba_laporan_berkelanjutan113825,True,"Selain sosialisasi kebijakan dan prosedur antikorupsi, PTBA juga memberi kesempatan kepada Dewan Komisaris, Direksi dan karyawan untuk mengikuti pelatihan tentang antikorupsi. Hingga akhir tahun 2024, jumlah anggota Dewan Komisaris dan Direksi yang telah mengikuti pelatihan antikorupsi tercatat sebanyak 11 orang, atau 100% dari total Dewan Komisaris dan Direksi. Sedangkan karyawan yang telah mengikuti pelatihan antikorupsi sebanyak 372 orang atau 22% dari total karyawan.",475,63,id,governance,g,outcome,positive,1.0,governance|metrics,"Provides specific quantitative metrics (100% of Board members and 22% of employees trained) showing successful implementation of anti-corruption training programs, which is a measurable outcome with positive sentiment.",outcome,lexical_outcome,outcome,False,False,False,False,False
r043_000,43,0,2026-04-08T02:53:20.718700Z,arcee-ai/trinity-large-preview:free,tone_chain_of_thought_indonesian.md,vktr_ar_sr_2024_pdf/batch_20,vktr_ar_sr_2024,True,"Sepanjang tahun 2024, VKTR mengukuhkan peran strategisnya dalam membentuk lanskap baru transportasi berkelanjutan di Indonesia. Tidak hanya sebagai perintis, VKTR kini hadir sebagai arsitek utama yang merancang dan mewujudkan solusi mobilitas hijau yang adaptif dan menyeluruh. Melalui pengembangan kendaraan listrik komersial lintas sektor, mulai dari truk dan bus, hingga solusi logistik dan angkutan perkotaan, VKTR memperkenalkan model mobilitas yang tidak hanya efisien, tetapi juga berorientasi pada masa depan rendah emisi.",530,70,id,climate-detection,e,commitment,neutral,0.0,climate-d|climate-specificity|climate-commitment|climate-sentiment|climate-s,"Teks membahas komitmen VKTR dalam mengembangkan transportasi berkelanjutan dan kendaraan listrik, yang secara langsung terkait dengan isu iklim dan lingkungan. Pernyataan ini bersifat umum namun spesifik dalam konteks bisnis transportasi.",commitment,lexical_or_climate_commitment,commitment,False,False,True,False,True
r043_001,43,1,2026-04-08T02:53:20.718700Z,arcee-ai/trinity-large-preview:free,tone_chain_of_thought_indonesian.md,vktr_ar_sr_2024_pdf/batch_20,vktr_ar_sr_2024,True,"Keberhasilan pembangunan fasilitas perakitan kendaraan listrik di Magelang menjadi tonggak penting yang mencerminkan langkah nyata industrialisasi hijau di tingkat nasional. Dengan mengedepankan standar lokal dan pemberdayaan rantai pasok dalam negeri, VKTR memperluas cakupan dampak transformasi, dari aspek teknologi hingga penciptaan nilai ekonomi dan sosial.",362,44,id,climate-detection,e,action,positive,0.8,climate-d|climate-specificity|climate-commitment|climate-sentiment|climate-s,"Teks menyoroti pembangunan fasilitas kendaraan listrik sebagai langkah nyata menuju industrialisasi hijau, dengan dampak positif pada teknologi, ekonomi, dan sosial. Ini menunjukkan komitmen dan tindakan konkret terkait isu iklim.",outcome,lexical_outcome,action,False,False,True,False,True
r043_002,43,2,2026-04-08T02:53:20.718700Z,arcee-ai/trinity-large-preview:free,tone_chain_of_thought_indonesian.md,vktr_ar_sr_2024_pdf/batch_20,vktr_ar_sr_2024,True,"VKTR terus menjadi bagian penting dari solusi nasional menuju masa depan transportasi rendah karbon. Perjalanan ini bukan sekadar menghadirkan produk, tetapi membentuk sistem, sebuah ekosistem yang menjawab kebutuhan zaman dengan teknologi, tanggung jawab lingkungan, dan tekad kolektif membangun Indonesia yang lebih hijau dan tangguh.",336,44,id,climate-detection,e,commitment,positive,0.7,climate-d|climate-specificity|climate-commitment|climate-sentiment|climate-s,"Teks menekankan peran VKTR dalam membangun ekosistem transportasi rendah karbon, dengan fokus pada tanggung jawab lingkungan dan masa depan yang lebih hijau. Ini mencerminkan komitmen jangka panjang terhadap isu iklim.",commitment,lexical_or_climate_commitment,commitment,False,False,True,False,True
r043_003,43,3,2026-04-08T02:53:20.718700Z,arcee-ai/trinity-large-preview:free,tone_chain_of_thought_indonesian.md,vktr_ar_sr_2024_pdf/batch_20,vktr_ar_sr_2024,True,"Pada tanggal 10 Oktober 2023, Perusahaan dan MB menandatangani perjanjian kerja sama antara BA, Entitas Anak, dan MB, dimana Perusahaan akan menyediakan jasa perawatan, perbaikan dan penyediaan suku cadang untuk BYD yang dibutuhkan oleh Kendaraan Bus Listrik BYD K9 LF milik MB. Perusahaan menyatakan bersedia untuk bekerja sama dengan MB dalam hal perawatan, perbaikan, dan penyediaan suku cadang untuk Kendaraan Bus Listrik BYD K9 LF.",436,65,id,climate-detection,e,action,neutral,0.0,climate-d|climate-specificity|climate-commitment|climate-sentiment|climate-s,"Teks menggambarkan kerja sama teknis untuk perawatan kendaraan listrik, yang secara tidak langsung mendukung penggunaan kendaraan rendah emisi. Namun, fokusnya lebih pada aspek operasional daripada komitmen iklim secara langsung.",commitment,lexical_or_climate_commitment,action,False,False,True,False,True
r043_004,43,4,2026-04-08T02:53:20.718700Z,arcee-ai/trinity-large-preview:free,tone_chain_of_thought_indonesian.md,vktr_ar_sr_2024_pdf/batch_20,vktr_ar_sr_2024,True,"Pada tanggal 27 September 2024, Perusahaan menandatangani Surat Perjanjian Kerahasiaan (NDA) dengan PT Agro Multi Persada. NDA tersebut berisi bahwa kedua perusahaan sepakat sehubungan adanya kemungkinan kerja sama dalam penggunaan truk dan bus listrik milik perusahaan oleh AMP untuk tujuan uji coba kendaraan listrik Perusahaan.",330,45,id,climate-detection,e,commitment,neutral,0.0,climate-d|climate-specificity|climate-commitment|climate-sentiment|climate-s,"Teks menunjukkan komitmen untuk menguji coba kendaraan listrik, yang merupakan langkah menuju adopsi teknologi rendah emisi. Namun, ini masih bersifat potensial dan belum menjadi tindakan konkret.",commitment,lexical_or_climate_commitment,commitment,False,False,True,False,True
r043_005,43,5,2026-04-08T02:53:20.718700Z,arcee-ai/trinity-large-preview:free,tone_chain_of_thought_indonesian.md,vktr_ar_sr_2024_pdf/batch_20,vktr_ar_sr_2024,True,"Pada tanggal 1 Juni 2024, Perusahaan menandatangani Memorandum of Understanding dengan WBKM. Perusahaan, sebagai perusahaan yang bergerak di bidang perdagangan dan manufaktur kendaraan listrik, dan WBKM, sebagai Perusahaan yang menyediakan angkutan umum, ingin mengeksplorasi dan mempertimbangkan peluang untuk melakukan kerjasama timbal balik yang lebih luas pada proyek di Indonesia.",385,49,id,climate-detection,e,commitment,neutral,0.0,climate-d|climate-specificity|climate-commitment|climate-sentiment|climate-s,"Teks menggambarkan eksplorasi kerja sama untuk proyek kendaraan listrik, yang menunjukkan komitmen terhadap transportasi berkelanjutan. Namun, ini masih dalam tahap perencanaan dan belum menjadi tindakan nyata.",commitment,lexical_or_climate_commitment,commitment,False,False,True,False,True
r043_006,43,6,2026-04-08T02:53:20.718700Z,arcee-ai/trinity-large-preview:free,tone_chain_of_thought_indonesian.md,vktr_ar_sr_2024_pdf/batch_20,vktr_ar_sr_2024,True,"Pada tanggal 15 Februari 2024, Perusahaan membuat Memorandum of Understanding (""MOU"") dengan MHN. Perusahaan dan MHN ingin mengeksplorasi dan mempertimbangkan peluang untuk bekerja sama satu sama lain dan mengembangkan bersama dengan bidang yang lebih luas dari kerja sama timbal balik pada proyek di Indonesia. Jangka waktunya adalah dua (2) tahun sejak tanggal efektif.",371,53,id,climate-detection,e,commitment,neutral,0.0,climate-d|climate-specificity|climate-commitment|climate-sentiment|climate-s,"Teks menunjukkan komitmen untuk menjajaki kerja sama dalam proyek kendaraan listrik, yang sejalan dengan tujuan transportasi berkelanjutan. Namun, ini masih bersifat eksploratif dan belum menjadi tindakan konkret.",commitment,lexical_or_climate_commitment,commitment,False,False,True,False,True
r043_007,43,7,2026-04-08T02:53:20.718700Z,arcee-ai/trinity-large-preview:free,tone_chain_of_thought_indonesian.md,vktr_ar_sr_2024_pdf/batch_20,vktr_ar_sr_2024,True,"Pada tanggal 16 Februari 2024, Perusahaan menandatangani Perjanjian Kerahasiaan dengan MHN. Perusahaan dan MHN sepakat bahwa Perusahaan akan bekerjasama dengan MHN untuk mendiskusikan peluang bisnis atas proyek kendaraan listrik.",229,29,id,climate-detection,e,commitment,neutral,0.0,climate-d|climate-specificity|climate-commitment|climate-sentiment|climate-s,"Teks menggambarkan komitmen untuk mendiskusikan peluang bisnis kendaraan listrik, yang mendukung tujuan transportasi berkelanjutan. Namun, ini masih dalam tahap diskusi dan belum menjadi tindakan nyata.",commitment,lexical_or_climate_commitment,commitment,False,False,True,False,True
r043_008,43,8,2026-04-08T02:53:20.718700Z,arcee-ai/trinity-large-preview:free,tone_chain_of_thought_indonesian.md,vktr_ar_sr_2024_pdf/batch_20,vktr_ar_sr_2024,True,"Pada tanggal 15 Februari 2024, Perusahaan menandatangani Perjanjian Kerahasiaan dengan BTN. Perusahaan dan BTN sepakat untuk mendiskusikan peluang bisnis atas proyek Modal Kerja Usaha untuk sektor Kendaraan Listrik. Dalam hal ini, kedua pihak setuju untuk melakukan analisa atas data-data yang diberikan oleh pihak lainnya yang dianggap diperlukan berkaitan dengan pelaksanaan proyek.",384,52,id,climate-detection,e,commitment,neutral,0.0,climate-d|climate-specificity|climate-commitment|climate-sentiment|climate-s,"Teks menunjukkan komitmen untuk menjajaki peluang bisnis di sektor kendaraan listrik, yang mendukung tujuan transportasi berkelanjutan. Namun, ini masih dalam tahap analisis dan belum menjadi tindakan konkret.",commitment,lexical_or_climate_commitment,commitment,False,False,True,False,True
r043_009,43,9,2026-04-08T02:53:20.718700Z,arcee-ai/trinity-large-preview:free,tone_chain_of_thought_indonesian.md,vktr_ar_sr_2024_pdf/batch_20,vktr_ar_sr_2024,True,"Pada tanggal 15 November 2024, Perusahaan dan AMP menandatangani Perjanjian Uji Coba Truk Listrik untuk menguji coba satu (1) unit Truk Listrik tipe VKTR Light Duty Truck TLD080F dengan karoseri Hook Lift di lokasi kebun yang disepakati oleh Perusahan dan AMP. Uji coba ini dilakukan untuk mengevaluasi kinerja Truk Listrik dalam operasional di area kerja AMP, dengan periode uji coba selama satu (1) bulan. Kesuksesan uji coba akan ditentukan berdasarkan parameter kinerja yang telah disepakati, dan jika hasil uji coba memuaskan, AMP berpotensi untuk melakukan pembelian lebih lanjut sesuai dengan kesepakatan tertulis.",621,92,id,climate-detection,e,action,neutral,0.0,climate-d|climate-specificity|climate-commitment|climate-sentiment|climate-s,"Teks menggambarkan tindakan nyata untuk menguji coba truk listrik, yang merupakan langkah konkret menuju adopsi teknologi rendah emisi. Ini menunjukkan komitmen dan tindakan terkait isu iklim.",outcome,lexical_outcome,action,False,False,True,False,True
r043_010,43,10,2026-04-08T02:53:20.718700Z,arcee-ai/trinity-large-preview:free,tone_chain_of_thought_indonesian.md,vktr_ar_sr_2024_pdf/batch_20,vktr_ar_sr_2024,True,"Pada tanggal 5 Agustus 2024, VSI dan BYD telah mengadakan Perjanjian Lisensi Teknis Perakitan KD. Berdasarkan Perjanjian tersebut, VSI sebagai Penerima Lisensi dan BYD sebagai Pemberi Lisensi yang dimana mengatur tentang pemberian Hak Produksi.",244,34,id,climate-detection,e,action,neutral,0.0,climate-d|climate-specificity|climate-commitment|climate-sentiment|climate-s,"Teks menggambarkan tindakan nyata dalam bentuk perjanjian lisensi teknis untuk perakitan kendaraan listrik, yang mendukung tujuan transportasi berkelanjutan. Ini menunjukkan komitmen dan tindakan terkait isu iklim.",outcome,lexical_outcome,action,False,False,True,False,True
r043_011,43,11,2026-04-08T02:53:20.718700Z,arcee-ai/trinity-large-preview:free,tone_chain_of_thought_indonesian.md,vktr_ar_sr_2024_pdf/batch_20,vktr_ar_sr_2024,True,"Pada tanggal 30 April 2022, Perusahaan dan Anhui mengadakan perjanjian negosiasi terhadap JAC Electric Vehicle Chassis. Jangka waktu perjanjian ini adalah lima (5) tahun.",170,24,id,climate-detection,e,commitment,neutral,0.0,climate-d|climate-specificity|climate-commitment|climate-sentiment|climate-s,"Teks menunjukkan komitmen jangka panjang untuk menjajaki kerja sama dalam pengembangan kendaraan listrik, yang mendukung tujuan transportasi berkelanjutan. Namun, ini masih dalam tahap negosiasi dan belum menjadi tindakan konkret.",commitment,lexical_or_climate_commitment,commitment,False,False,True,False,True
r048_000,48,0,2026-04-08T02:53:38.374726Z,arcee-ai/trinity-large-preview:free,tone_chain_of_thought_english.md,20250526113828-2025-05-26ptba_laporan_berkelanjutan113825_pdf/batch_5,20250526113828-2025-05-26ptba_laporan_berkelanjutan113825,True,"PTBA berkomitmen mendukung target Pemerintah mencapai nol emisi. PTBA juga berkomitmen untuk menjalankan bisnis berkelanjutan dengan menerapkan keselarasan antara aspek Environmental, Social, and Governance (ESG).",213,25,mixed,climate-commitment,e,commitment,neutral,0.0,climate-commitment|climate-detection|governance,"Statement expresses commitment to ESG alignment and net-zero target, which is future-oriented without measurable outcome.",outcome,lexical_outcome,commitment,False,False,True,False,False
r048_001,48,1,2026-04-08T02:53:38.374726Z,arcee-ai/trinity-large-preview:free,tone_chain_of_thought_english.md,20250526113828-2025-05-26ptba_laporan_berkelanjutan113825_pdf/batch_5,20250526113828-2025-05-26ptba_laporan_berkelanjutan113825,True,Perseroan senantiasa melakukan berbagai optimasi menuju pertambangan yang lebih ramah lingkungan.,97,11,id,environmental-claims,e,action,neutral,0.0,environmental-claims|climate-detection,Describes ongoing optimization efforts toward environmentally friendly mining without specifying measurable results.,action,lexical_or_climate_action,action,False,False,False,True,False
r048_002,48,2,2026-04-08T02:53:38.374726Z,arcee-ai/trinity-large-preview:free,tone_chain_of_thought_english.md,20250526113828-2025-05-26ptba_laporan_berkelanjutan113825_pdf/batch_5,20250526113828-2025-05-26ptba_laporan_berkelanjutan113825,True,"Langkah nyata yang diambil antara lain menerapkan eco, mechanized mining yaitu mengganti peralatan pertambangan yang menggunakan bahan bakar fosil menjadi elektrik, e-mining reporting system yaitu, system pelaporan produksi secara real time dan daring dan berbagai program manajemen karbon di area operasional penambangan.",322,43,id,climate-d-s,e,action,neutral,0.0,climate-d-s|climate-detection|metrics,Describes specific actions taken including replacing fossil fuel equipment with electric and implementing carbon management programs.,commitment,lexical_or_climate_commitment,action,False,False,False,False,False
r048_003,48,3,2026-04-08T02:53:38.374726Z,arcee-ai/trinity-large-preview:free,tone_chain_of_thought_english.md,20250526113828-2025-05-26ptba_laporan_berkelanjutan113825_pdf/batch_5,20250526113828-2025-05-26ptba_laporan_berkelanjutan113825,True,"Perseroan juga menciptakan sinergi dan kerja sama dengan berbagai mitra strategis dalam mewujudkan energi bersih seperti pengembangan PLTS, PLTB, tanaman Kaliandra untuk mengurangi emisi karbon dan menjadi simpanan biomassa untuk diolah menjadi wood pellet sebagai bahan campuran co-firing di PLTU serta Carbon Capture, Utilization (CCU) atau penangkapan karbon dioksida dan dikonversi menjadi methanol.",403,54,id,climate-d-s,e,action,neutral,0.0,climate-d-s|climate-detection|metrics|strategy,"Describes specific collaborative actions with strategic partners to develop clean energy solutions including solar, wind, biomass, and carbon capture.",commitment,lexical_or_climate_commitment,action,False,False,False,False,False
r048_004,48,4,2026-04-08T02:53:38.374726Z,arcee-ai/trinity-large-preview:free,tone_chain_of_thought_english.md,20250526113828-2025-05-26ptba_laporan_berkelanjutan113825_pdf/batch_5,20250526113828-2025-05-26ptba_laporan_berkelanjutan113825,True,PTBA berkomitmen mendukung target Pemerintah mencapai Emisi Nol Bersih atau Net Zero Emission pada 2060.,104,15,unknown,netzero-reduction,e,commitment,neutral,0.0,netzero-reduction|climate-commitment|climate-detection,"Explicit commitment to government's Net Zero Emission target by 2060, which is future-oriented.",outcome,lexical_outcome,commitment,False,False,True,False,False
r048_005,48,5,2026-04-08T02:53:38.374726Z,arcee-ai/trinity-large-preview:free,tone_chain_of_thought_english.md,20250526113828-2025-05-26ptba_laporan_berkelanjutan113825_pdf/batch_5,20250526113828-2025-05-26ptba_laporan_berkelanjutan113825,True,"Dengan visi menjadi perusahaan energi kelas dunia, PTBA telah memiliki roadmap manajemen karbon hingga 2050, baik bersifat pengurangan emisi (reducing emission sources/ maupun peningkatan penyerapan emisi (increase carbon sinks).",229,29,id,climate-d-s,e,action,neutral,0.0,climate-d-s|climate-detection|strategy|metrics,Describes specific carbon management roadmap with both emission reduction and carbon sink enhancement strategies.,outcome,lexical_outcome,action,False,False,False,False,False
r048_006,48,6,2026-04-08T02:53:38.374726Z,arcee-ai/trinity-large-preview:free,tone_chain_of_thought_english.md,20250526113828-2025-05-26ptba_laporan_berkelanjutan113825_pdf/batch_5,20250526113828-2025-05-26ptba_laporan_berkelanjutan113825,True,"Berdasarkan manajemen karbon hingga 2050, terdapat 3 (tiga) pendekatan yang dilakukan PTBA, yaitu dekarbonisasi operasi, reklamasi, dan studi CCU (carbon capture, utilization, and utilization).",193,24,mixed,climate-d-s,e,action,missing,,climate-d-s|climate-detection|strategy,"Describes specific three-pronged approach to carbon management including decarbonization, reclamation, and CCU studies.",none,fallback_none,action,True,True,False,False,False
r048_007,48,7,2026-04-08T02:53:38.374726Z,arcee-ai/trinity-large-preview:free,tone_chain_of_thought_english.md,20250526113828-2025-05-26ptba_laporan_berkelanjutan113825_pdf/batch_5,20250526113828-2025-05-26ptba_laporan_berkelanjutan113825,True,"PTBA memiliki sikap tegas terhadap korupsi sebagai bagian dari komitmen Perusahaan dalam menjalankan bisnis yang bersih, transparan, dan berintegritas.",151,19,id,governance,g,commitment,neutral,0.0,governance|none,"Expresses commitment to anti-corruption as part of clean, transparent, and ethical business practices.",commitment,lexical_or_climate_commitment,commitment,False,False,False,False,False
r048_008,48,8,2026-04-08T02:53:38.374726Z,arcee-ai/trinity-large-preview:free,tone_chain_of_thought_english.md,20250526113828-2025-05-26ptba_laporan_berkelanjutan113825_pdf/batch_5,20250526113828-2025-05-26ptba_laporan_berkelanjutan113825,True,"Perusahaan menolak segala bentuk praktik korupsi, kolusi, dan nepotisme, baik dalam hubungan internal maupun eksternal perusahaan.",130,16,id,governance,g,commitment,neutral,0.0,governance|none,"Explicit rejection of corruption, collusion, and nepotism in all business relationships.",none,label_none,commitment,False,False,False,False,False
r048_009,48,9,2026-04-08T02:53:38.374726Z,arcee-ai/trinity-large-preview:free,tone_chain_of_thought_english.md,20250526113828-2025-05-26ptba_laporan_berkelanjutan113825_pdf/batch_5,20250526113828-2025-05-26ptba_laporan_berkelanjutan113825,True,"Sikap ini diwujudkan melalui penerapan kode etik yang ketat, pengawasan internal yang kuat, serta implementasi whistleblowing system yang memungkinkan karyawan dan pemangku kepentingan melaporkan dugaan tindak korupsi secara aman.",230,29,id,governance,g,action,neutral,0.0,governance|none,"Describes specific actions taken including strict code of ethics, strong internal supervision, and whistleblowing system implementation.",none,label_none,action,False,False,False,False,False
r048_010,48,10,2026-04-08T02:53:38.374726Z,arcee-ai/trinity-large-preview:free,tone_chain_of_thought_english.md,20250526113828-2025-05-26ptba_laporan_berkelanjutan113825_pdf/batch_5,20250526113828-2025-05-26ptba_laporan_berkelanjutan113825,True,"Merujuk Undang-Undang No. 31 Tahun 1999 jo. Undang-Undang No. 20 Tahun 2001 tentang Pemberantasan Tindak Pidana Korupsi, pengertian korupsi mencakup perbuatan melawan hukum, memperkaya diri orang/badan lain yang merugikan keuangan/perekonomian negara (pasal 2); menyalahgunakan kewenangan karena jabatan/kedudukan yang dapat merugikan keuangan/kedudukan yang dapat merugikan keuangan/perekonomian negara (pasal 3); kelompok delik penyuapan (pasal 5,6, dan 11); kelompok delik penggelapan dalam jabatan (pasal 8, 9, dan 10); delik pemerasan dalam jabatan (pasal 12); delik yang berkaitan dengan pemborongan (pasal 7); hingga delik gratifikasi (pasal 12B dan 12C).",662,93,id,governance,g,none,neutral,0.0,governance|none,Provides legal definition of corruption without expressing sentiment or action.,commitment,lexical_or_climate_commitment,none,False,False,False,False,False
r048_011,48,11,2026-04-08T02:53:38.374726Z,arcee-ai/trinity-large-preview:free,tone_chain_of_thought_english.md,20250526113828-2025-05-26ptba_laporan_berkelanjutan113825_pdf/batch_5,20250526113828-2025-05-26ptba_laporan_berkelanjutan113825,True,"Ketegasan terhadap antikorupsi diimplementasikan Perusahaan antara lain dengan tidak memberi dan menerima hadiah serta gratifikasi yang diperkirakan akan memengaruhi independensi dalam proses pengambilan keputusan, serta bertentangan dengan etika bisnis yang sehat dan/atau bertentangan dengan hukum yang berlaku.",313,38,id,governance,g,action,neutral,0.0,governance|none,Describes specific anti-corruption actions including prohibition of gifts and gratuities that could influence decision-making.,commitment,lexical_or_climate_commitment,action,False,False,False,False,False
r048_012,48,12,2026-04-08T02:53:38.374726Z,arcee-ai/trinity-large-preview:free,tone_chain_of_thought_english.md,20250526113828-2025-05-26ptba_laporan_berkelanjutan113825_pdf/batch_5,20250526113828-2025-05-26ptba_laporan_berkelanjutan113825,True,Komitmen antikorupsi tersebut dikukuhkan dengan beberapa kebijakan di PTBA di antaranya Keputusan Bersama Dewan Komisaris dan Direksi PTBA Nomor:10/SK/PTBA-DEKOM/IX/2020 dan Nomor:400/0100/2020 tentang Penerapan Prinsip dan Praktik Good Corporate Governance Untuk Kebijakan Anti Gratifikasi di PT Bukit Asam Tbk dan Pedoman Pengendalian Gratifikasi BAAGM:03 Nomor Revisi 1 tahun 2024.,384,58,mixed,governance,g,action,neutral,0.0,governance|none,Describes specific policy documents that strengthen anti-corruption commitment.,commitment,lexical_or_climate_commitment,action,False,False,False,False,False
r048_013,48,13,2026-04-08T02:53:38.374726Z,arcee-ai/trinity-large-preview:free,tone_chain_of_thought_english.md,20250526113828-2025-05-26ptba_laporan_berkelanjutan113825_pdf/batch_5,20250526113828-2025-05-26ptba_laporan_berkelanjutan113825,True,"Selaras dengan itu, sejak tahun 2020, PTBA telah mengadopsi sertifikasi Sistem Manajemen Anti Penyuapan (SMAP) ISO 37001:2016.",126,18,id,governance,g,action,neutral,0.0,governance|none,Describes specific action of adopting ISO 37001:2016 Anti-Bribery Management System certification.,outcome,lexical_outcome,action,False,False,False,False,False
r048_014,48,14,2026-04-08T02:53:38.374726Z,arcee-ai/trinity-large-preview:free,tone_chain_of_thought_english.md,20250526113828-2025-05-26ptba_laporan_berkelanjutan113825_pdf/batch_5,20250526113828-2025-05-26ptba_laporan_berkelanjutan113825,True,"Lebih lanjut, untuk memperkecil, bahkan menutup peluang terjadinya korupsi, PTBA telah melakukan pemetaan dan pengkajian risiko dalam mata rantai dan operasional usaha yang berpotensi besar terjadi korupsi.",206,27,id,governance,g,action,neutral,0.0,governance|none,Describes risk mapping and assessment actions to minimize corruption opportunities.,outcome,lexical_outcome,action,False,False,False,False,False
r048_015,48,15,2026-04-08T02:53:38.374726Z,arcee-ai/trinity-large-preview:free,tone_chain_of_thought_english.md,20250526113828-2025-05-26ptba_laporan_berkelanjutan113825_pdf/batch_5,20250526113828-2025-05-26ptba_laporan_berkelanjutan113825,True,"Berdasarkan pemetaan tersebut, diidentifikasi 82% dari operasi memiliki risiko terkait korupsi.",95,11,unknown,governance,g,outcome,neutral,0.0,governance|none|metrics,Provides specific quantitative outcome showing 82% of operations have corruption-related risks.,none,label_none,outcome,False,False,False,False,False
r048_016,48,16,2026-04-08T02:53:38.374726Z,arcee-ai/trinity-large-preview:free,tone_chain_of_thought_english.md,20250526113828-2025-05-26ptba_laporan_berkelanjutan113825_pdf/batch_5,20250526113828-2025-05-26ptba_laporan_berkelanjutan113825,True,"Untuk mencegah terjadinya korupsi di bagian tersebut, Perseroan telah melakukan mitigasi berupa penerapan prinsip dan",117,15,id,governance,g,action,neutral,0.0,governance|none,Describes mitigation actions to prevent corruption in high-risk areas.,outcome,lexical_outcome,action,False,False,False,False,False
r049_000,49,0,2026-04-08T02:55:09.053205Z,arcee-ai/trinity-large-preview:free,tone_zero_shot_english.md,AR SR GTRA 2024___pdf/batch_6,AR SR GTRA 2024,True,"Global dynamics in 2024 remained complex and uncertain, driven by rising geopolitical tensions and disruptions in commodity supply chains.",138,19,en,climate-detection,e,none,negative,-1.0,climate-d|climate-sentiment|climate-s,"Text discusses climate-related disruptions and geopolitical tensions affecting supply chains, indicating negative sentiment toward climate risks.",none,fallback_none,none,False,False,False,False,True
r049_001,49,1,2026-04-08T02:55:09.053205Z,arcee-ai/trinity-large-preview:free,tone_zero_shot_english.md,AR SR GTRA 2024___pdf/batch_6,AR SR GTRA 2024,True,"Conflicts in Eastern Europe and the Middle East triggered supply chain instability and price surges across key commodities, prompting central banks around the world to raise benchmark interest rates in an effort to control inflation.",233,35,en,climate-detection,e,none,negative,-1.0,climate-d|climate-sentiment|climate-s,"Text highlights climate-related conflicts causing supply chain instability and economic impacts, reflecting negative sentiment toward climate risks.",none,fallback_none,none,False,False,False,False,True
r049_002,49,2,2026-04-08T02:55:09.053205Z,arcee-ai/trinity-large-preview:free,tone_zero_shot_english.md,AR SR GTRA 2024___pdf/batch_6,AR SR GTRA 2024,True,"Indonesia, however, demonstrated consistent economic resilience, posting 5.03% GDP growth in 2024.",98,13,unknown,climate-detection,e,outcome,positive,1.0,climate-d|climate-sentiment|climate-s,"Text indicates positive economic performance despite climate-related challenges, showing resilience and positive sentiment.",none,fallback_none,outcome,False,False,False,False,True
r049_003,49,3,2026-04-08T02:55:09.053205Z,arcee-ai/trinity-large-preview:free,tone_zero_shot_english.md,AR SR GTRA 2024___pdf/batch_6,AR SR GTRA 2024,True,"Within this environment, the transport and warehousing sector stood out with 8.69% growth, driven by increased activity in manufacturing and trade.",147,22,en,climate-detection,e,outcome,positive,1.0,climate-d|climate-sentiment|climate-s,"Text highlights growth in the transport and warehousing sector, indicating positive sentiment toward economic performance.",none,fallback_none,outcome,False,False,False,False,True
r049_004,49,4,2026-04-08T02:55:09.053205Z,arcee-ai/trinity-large-preview:free,tone_zero_shot_english.md,AR SR GTRA 2024___pdf/batch_6,AR SR GTRA 2024,True,"Against this backdrop, Grahatrans pursued a clear and deliberate strategy: Achieving Growth Through Improvement.",112,14,en,climate-detection,e,commitment,neutral,0.0,climate-commitment|climate-d,"Text describes a strategic commitment to growth and improvement, which is a future-oriented plan without measurable results.",commitment,lexical_or_climate_commitment,commitment,False,False,True,False,True
r049_005,49,5,2026-04-08T02:55:09.053205Z,arcee-ai/trinity-large-preview:free,tone_zero_shot_english.md,AR SR GTRA 2024___pdf/batch_6,AR SR GTRA 2024,True,The Company proactively responded to global and domestic uncertainties by diversifying its client base and focusing on sectors less reliant on import-export activities.,168,24,en,climate-detection,e,action,neutral,0.0,climate-commitment|climate-d,"Text describes proactive actions taken by the company to address uncertainties, which is an action without measurable results.",commitment,lexical_or_climate_commitment,action,False,False,True,False,True
r049_006,49,6,2026-04-08T02:55:09.053205Z,arcee-ai/trinity-large-preview:free,tone_zero_shot_english.md,AR SR GTRA 2024___pdf/batch_6,AR SR GTRA 2024,True,"This strategic shift not only strengthened Grahatrans's operational resilience, but also allowed it to align with broader national growth trends.",145,21,en,climate-detection,e,outcome,positive,1.0,climate-d|climate-sentiment|climate-s,"Text indicates positive outcomes from strategic actions, showing improved operational resilience and alignment with growth trends.",none,fallback_none,outcome,False,False,False,False,True
r049_007,49,7,2026-04-08T02:55:09.053205Z,arcee-ai/trinity-large-preview:free,tone_zero_shot_english.md,AR SR GTRA 2024___pdf/batch_6,AR SR GTRA 2024,True,"By enhancing internal capabilities and improving service efficiencies, Grahatrans is better positioned to meet rising demand, manage external risks, and build a foundation for sustainable expansion in the years ahead.",217,30,en,climate-detection,e,commitment,neutral,0.0,climate-commitment|climate-d,"Text describes future-oriented commitments to enhance capabilities and improve efficiencies, which is a plan without measurable results.",commitment,lexical_or_climate_commitment,commitment,False,False,True,False,True
r049_008,49,8,2026-04-08T02:55:09.053205Z,arcee-ai/trinity-large-preview:free,tone_zero_shot_english.md,AR SR GTRA 2024___pdf/batch_6,AR SR GTRA 2024,True,"In the case of sale and leaseback results in a finance lease, this is to be treated as two separate transactions, i.e. sale and lease.",134,26,en,governance,g,none,neutral,0.0,governance,"Text describes accounting policy for sale and leaseback transactions, which is a governance-related disclosure without sentiment.",none,fallback_none,none,False,False,False,False,False
r049_009,49,9,2026-04-08T02:55:09.053205Z,arcee-ai/trinity-large-preview:free,tone_zero_shot_english.md,AR SR GTRA 2024___pdf/batch_6,AR SR GTRA 2024,True,"Provisions are recognized when the Group has a present obligation (legal or constructive) where, as a result of a past event, it is probable that an outflow of resources embodying economic benefits will be required to settle the obligation and a reliable estimate can be made of the amount of the obligation.",308,52,en,governance,g,none,neutral,0.0,governance,"Text describes accounting policy for provisions, which is a governance-related disclosure without sentiment.",commitment,lexical_or_climate_commitment,none,False,False,False,False,False
r049_010,49,10,2026-04-08T02:55:09.053205Z,arcee-ai/trinity-large-preview:free,tone_zero_shot_english.md,AR SR GTRA 2024___pdf/batch_6,AR SR GTRA 2024,True,Provisions are reviewed at each end of reporting period and adjusted to reflect the current best estimate.,106,17,en,governance,g,none,neutral,0.0,governance,"Text describes the review process for provisions, which is a governance-related disclosure without sentiment.",none,fallback_none,none,False,False,False,False,False
r049_011,49,11,2026-04-08T02:55:09.053205Z,arcee-ai/trinity-large-preview:free,tone_zero_shot_english.md,AR SR GTRA 2024___pdf/batch_6,AR SR GTRA 2024,True,"If it is no longer probable that an outflow of resources embodying economic benefits will be required to settle the obligation, the provision is reversed.",154,25,en,governance,g,none,neutral,0.0,governance,"Text describes the reversal process for provisions, which is a governance-related disclosure without sentiment.",commitment,lexical_or_climate_commitment,none,False,False,False,False,False
r049_012,49,12,2026-04-08T02:55:09.053205Z,arcee-ai/trinity-large-preview:free,tone_zero_shot_english.md,AR SR GTRA 2024___pdf/batch_6,AR SR GTRA 2024,True,"The Group disclose information that enable users of the financial statements to evaluate the nature and financial effects of the business activities and use ""management approach"" under which segment information is presented on the same basis as that used for internal reporting purposes.",287,43,en,governance,g,none,neutral,0.0,governance,"Text describes the management approach for segment reporting, which is a governance-related disclosure without sentiment.",none,fallback_none,none,False,False,False,False,False
r049_013,49,13,2026-04-08T02:55:09.053205Z,arcee-ai/trinity-large-preview:free,tone_zero_shot_english.md,AR SR GTRA 2024___pdf/batch_6,AR SR GTRA 2024,True,Operating segment is reported in a manner consistent with the internal reporting provided to the chief operating decision-maker.,128,19,en,governance,g,none,neutral,0.0,governance,"Text describes the reporting of operating segments, which is a governance-related disclosure without sentiment.",none,fallback_none,none,False,False,False,False,False
r049_014,49,14,2026-04-08T02:55:09.053205Z,arcee-ai/trinity-large-preview:free,tone_zero_shot_english.md,AR SR GTRA 2024___pdf/batch_6,AR SR GTRA 2024,True,The chief operating decision-maker has been identified as the Board of Directors that makes strategic decisions.,112,17,en,governance,g,none,neutral,0.0,governance,"Text identifies the Board of Directors as the chief operating decision-maker, which is a governance-related disclosure without sentiment.",none,fallback_none,none,False,False,False,False,False
r049_015,49,15,2026-04-08T02:55:09.053205Z,arcee-ai/trinity-large-preview:free,tone_zero_shot_english.md,AR SR GTRA 2024___pdf/batch_6,AR SR GTRA 2024,True,"The preparation of consolidated financial statements, in conformity with Indonesian Financial Accounting Standards, requires management to make estimations and judgments that affect amounts reported therein.",207,25,en,governance,g,none,neutral,0.0,governance,"Text describes the preparation of financial statements, which is a governance-related disclosure without sentiment.",none,fallback_none,none,False,False,False,False,False
r049_016,49,16,2026-04-08T02:55:09.053205Z,arcee-ai/trinity-large-preview:free,tone_zero_shot_english.md,AR SR GTRA 2024___pdf/batch_6,AR SR GTRA 2024,True,"Due to the inherent uncertainty in making estimates, actual results reported in future periods may differ from those estimates.",127,19,en,governance,g,none,neutral,0.0,governance,"Text describes the uncertainty in making estimates, which is a governance-related disclosure without sentiment.",none,fallback_none,none,False,False,False,False,False
r049_017,49,17,2026-04-08T02:55:09.053205Z,arcee-ai/trinity-large-preview:free,tone_zero_shot_english.md,AR SR GTRA 2024___pdf/batch_6,AR SR GTRA 2024,True,The Group based its estimations and judgments on parameters available when the consolidated financial statements were prepared.,127,17,en,governance,g,none,neutral,0.0,governance,"Text describes the basis for estimations and judgments, which is a governance-related disclosure without sentiment.",none,fallback_none,none,False,False,False,False,False
r049_018,49,18,2026-04-08T02:55:09.053205Z,arcee-ai/trinity-large-preview:free,tone_zero_shot_english.md,AR SR GTRA 2024___pdf/batch_6,AR SR GTRA 2024,True,Existing circumstances about future developments may change due to market changes or circumstances arising beyond the control of the Group.,139,20,en,governance,g,none,neutral,0.0,governance,"Text describes the potential for changes in future developments, which is a governance-related disclosure without sentiment.",none,fallback_none,none,False,False,False,False,False
r049_019,49,19,2026-04-08T02:55:09.053205Z,arcee-ai/trinity-large-preview:free,tone_zero_shot_english.md,AR SR GTRA 2024___pdf/batch_6,AR SR GTRA 2024,True,Such changes are reflected in the judgments as they occur.,58,10,en,governance,g,none,neutral,0.0,governance,"Text describes the reflection of changes in judgments, which is a governance-related disclosure without sentiment.",none,fallback_none,none,False,False,False,False,False
r049_020,49,20,2026-04-08T02:55:09.053205Z,arcee-ai/trinity-large-preview:free,tone_zero_shot_english.md,AR SR GTRA 2024___pdf/batch_6,AR SR GTRA 2024,True,The following estimations and judgments made by management in the process of applying the Group's accounting policies have the most significant effects on the amounts recognized in the consolidated financial statements:,219,32,en,governance,g,none,neutral,0.0,governance,"Text introduces the discussion of significant estimations and judgments, which is a governance-related disclosure without sentiment.",none,fallback_none,none,False,False,False,False,False
r049_021,49,21,2026-04-08T02:55:09.053205Z,arcee-ai/trinity-large-preview:free,tone_zero_shot_english.md,AR SR GTRA 2024___pdf/batch_6,AR SR GTRA 2024,True,Determining functional currency,31,3,unknown,governance,g,none,neutral,0.0,governance,"Text introduces the topic of determining functional currency, which is a governance-related disclosure without sentiment.",none,fallback_none,none,False,False,False,False,False
r049_022,49,22,2026-04-08T02:55:09.053205Z,arcee-ai/trinity-large-preview:free,tone_zero_shot_english.md,AR SR GTRA 2024___pdf/batch_6,AR SR GTRA 2024,True,"The factors considered in determining the functional currency of the Company and Subsidiary include, among others, the currency:",128,18,en,governance,g,none,neutral,0.0,governance,"Text describes the factors considered in determining functional currency, which is a governance-related disclosure without sentiment.",none,fallback_none,none,False,False,False,False,False
r049_023,49,23,2026-04-08T02:55:09.053205Z,arcee-ai/trinity-large-preview:free,tone_zero_shot_english.md,AR SR GTRA 2024___pdf/batch_6,AR SR GTRA 2024,True,that mainly influences sales prices for goods and services;,59,9,en,governance,g,none,neutral,0.0,governance,"Text describes a factor in determining functional currency, which is a governance-related disclosure without sentiment.",none,fallback_none,none,False,False,False,False,False
r049_024,49,24,2026-04-08T02:55:09.053205Z,arcee-ai/trinity-large-preview:free,tone_zero_shot_english.md,AR SR GTRA 2024___pdf/batch_6,AR SR GTRA 2024,True,"that mainly influences labor, material and other costs of providing goods or services; and",90,14,en,governance,g,none,neutral,0.0,governance,"Text describes a factor in determining functional currency, which is a governance-related disclosure without sentiment.",none,fallback_none,none,False,False,False,False,False
r073_000,73,0,2026-04-08T02:57:17.427643Z,arcee-ai/trinity-large-preview:free,tone_chain_of_thought_english.md,icr-sustainability-23-24_pdf/batch_8,icr-sustainability-23-24,True,"The ICR has set an ambitious target of achieving net zero across all three scopes by 2040, and achieving an interim reduction of 42% by 2030.",141,26,en,climate-commitment,e,commitment,neutral,0.0,climate-commitment|netzero-reduction,Future-oriented climate pledge with specific targets.,commitment,lexical_or_climate_commitment,commitment,False,False,True,False,False
r073_001,73,1,2026-04-08T02:57:17.427643Z,arcee-ai/trinity-large-preview:free,tone_chain_of_thought_english.md,icr-sustainability-23-24_pdf/batch_8,icr-sustainability-23-24,True,"Thanks to activities such as a new energy management system and research led energy saving behaviours, the ICR's emissions from direct sources (Scope 1) and indirect sources (Scope 2) have decreased by 16% since 2018/19.",220,37,en,climate-detection,e,outcome,positive,1.0,climate-detection|metrics|climate-sentiment,Measurable reduction in emissions with specific percentage achieved.,none,fallback_none,outcome,False,False,False,False,False
r073_002,73,2,2026-04-08T02:57:17.427643Z,arcee-ai/trinity-large-preview:free,tone_chain_of_thought_english.md,icr-sustainability-23-24_pdf/batch_8,icr-sustainability-23-24,True,"Business travel has seen a further bounce back this year, with increased travel to conferences the ICR has implemented a new policy of no domestic UK flights where a better sustainable alternative is available.",210,34,en,climate-commitment,e,commitment,neutral,0.0,climate-commitment|strategy,Future-oriented policy commitment to reduce travel emissions.,commitment,lexical_or_climate_commitment,commitment,False,False,True,False,False
r073_003,73,3,2026-04-08T02:57:17.427643Z,arcee-ai/trinity-large-preview:free,tone_chain_of_thought_english.md,icr-sustainability-23-24_pdf/batch_8,icr-sustainability-23-24,True,"There has been small decrease in waste emissions compared to the baseline year of 2018/29, with fluctuations in waste volumes in the intervening years due to the pandemic and large construction projects.",203,33,en,climate-detection,e,outcome,neutral,0.0,climate-detection|metrics,Measurable waste emission change with contextual explanation.,none,fallback_none,outcome,False,False,False,False,False
r073_004,73,4,2026-04-08T02:57:17.427643Z,arcee-ai/trinity-large-preview:free,tone_chain_of_thought_english.md,icr-sustainability-23-24_pdf/batch_8,icr-sustainability-23-24,True,Carbon emissions from purchased goods and services have decreased by 6% compared to the baseline year of 2018/19.,113,19,en,climate-detection,e,outcome,positive,1.0,climate-detection|metrics,Measurable reduction in emissions from purchased goods and services.,none,fallback_none,outcome,False,False,False,False,False
r073_005,73,5,2026-04-08T02:57:17.427643Z,arcee-ai/trinity-large-preview:free,tone_chain_of_thought_english.md,icr-sustainability-23-24_pdf/batch_8,icr-sustainability-23-24,True,"The ICR has successfully retained certification to ISO14001, an international standard that sets out the requirements for an environmental management system, since 2013 as part of our integrated management system.",213,30,en,governance,g,outcome,positive,1.0,governance|environmental-claims,Successful retention of environmental management certification.,outcome,lexical_outcome,outcome,False,False,False,True,False
r073_006,73,6,2026-04-08T02:57:17.427643Z,arcee-ai/trinity-large-preview:free,tone_chain_of_thought_english.md,icr-sustainability-23-24_pdf/batch_8,icr-sustainability-23-24,True,"The new Concordat for the Environmental Sustainability of Research and Innovation Practice primary aims are to promote environmentally responsible practices in research and innovation, reducing negative environmental impacts and emissions associated with these activities.",272,34,en,governance,g,commitment,neutral,0.0,governance|environmental-claims,Commitment to environmental sustainability in research practices.,none,fallback_none,commitment,False,False,False,True,False
r073_007,73,7,2026-04-08T02:57:17.427643Z,arcee-ai/trinity-large-preview:free,tone_chain_of_thought_english.md,icr-sustainability-23-24_pdf/batch_8,icr-sustainability-23-24,True,The ICR is proud to be a signatory to this Concordat.,53,11,en,governance,g,commitment,neutral,0.0,governance|environmental-claims,Public commitment to environmental sustainability concordat.,none,fallback_none,commitment,False,False,False,True,False
r073_008,73,8,2026-04-08T02:57:17.427643Z,arcee-ai/trinity-large-preview:free,tone_chain_of_thought_english.md,icr-sustainability-23-24_pdf/batch_8,icr-sustainability-23-24,True,The climate crisis stands as one of today's most fundamental global challenges.,79,13,en,climate-detection,e,none,negative,-1.0,climate-detection|risk,Framing climate crisis as a fundamental global challenge.,none,fallback_none,none,False,False,False,False,False
r073_009,73,9,2026-04-08T02:57:17.427643Z,arcee-ai/trinity-large-preview:free,tone_chain_of_thought_english.md,icr-sustainability-23-24_pdf/batch_8,icr-sustainability-23-24,True,The Climate Change Act 2008 mandates that greenhouse gas emissions must reach net zero by 2050.,95,16,en,climate-detection,e,none,neutral,0.0,climate-detection|climate-f,Reference to legal mandate for net zero emissions.,none,fallback_none,none,False,False,False,False,False
r073_010,73,10,2026-04-08T02:57:17.427643Z,arcee-ai/trinity-large-preview:free,tone_chain_of_thought_english.md,icr-sustainability-23-24_pdf/batch_8,icr-sustainability-23-24,True,"In a determined effort to lead by example, the ICR has set an ambitious goal to achieve net zero emissions by 2040, requiring a reduction of emissions by a minimum of 90% by that deadline.",188,35,en,climate-commitment,e,commitment,neutral,0.0,climate-commitment|netzero-reduction,Future-oriented commitment to net zero emissions with specific target.,outcome,lexical_outcome,commitment,False,False,True,False,False
r073_011,73,11,2026-04-08T02:57:17.427643Z,arcee-ai/trinity-large-preview:free,tone_chain_of_thought_english.md,icr-sustainability-23-24_pdf/batch_8,icr-sustainability-23-24,True,"We have established an interim target based on the methodology from the Science Based Targets Initiative, aiming for a 42% reduction in our carbon footprint across scopes 1, 2, and 3 by 2029/30.",194,34,en,climate-commitment,e,commitment,neutral,0.0,climate-commitment|netzero-reduction,Future-oriented interim target for carbon reduction.,commitment,lexical_or_climate_commitment,commitment,False,False,True,False,False
r073_012,73,12,2026-04-08T02:57:17.427643Z,arcee-ai/trinity-large-preview:free,tone_chain_of_thought_english.md,icr-sustainability-23-24_pdf/batch_8,icr-sustainability-23-24,True,"Water consumption has continued to reduce since the opening of our new research building in 2020/21, the Centre for Cancer Drug Discovery (CCDD) when water consumption peaked.",175,28,en,climate-detection,e,outcome,positive,1.0,climate-detection|metrics,Measurable reduction in water consumption from peak levels.,outcome,lexical_outcome,outcome,False,False,False,False,False
r073_013,73,13,2026-04-08T02:57:17.427643Z,arcee-ai/trinity-large-preview:free,tone_chain_of_thought_english.md,icr-sustainability-23-24_pdf/batch_8,icr-sustainability-23-24,True,"In 2023/24 our water consumption dropped by 2.5% against our baseline water consumption in 2019/20, and this is a drop of 26.5% against our peak consumption in 2020/21.",168,33,en,climate-detection,e,outcome,positive,1.0,climate-detection|metrics,Specific measurable reduction in water consumption.,none,fallback_none,outcome,False,False,False,False,False
r073_014,73,14,2026-04-08T02:57:17.427643Z,arcee-ai/trinity-large-preview:free,tone_chain_of_thought_english.md,icr-sustainability-23-24_pdf/batch_8,icr-sustainability-23-24,True,"The ICR's new Energy Management System also monitors water usage across all ICR buildings and provides alerts if the anticipated consumption changes, allowing our Building and Maintenance team to identify and investigate leaks and increased usage.",247,37,en,strategy,e,action,neutral,0.0,strategy|metrics,Implementation of monitoring system for water usage.,none,fallback_none,action,False,False,False,False,False
r073_015,73,15,2026-04-08T02:57:17.427643Z,arcee-ai/trinity-large-preview:free,tone_chain_of_thought_english.md,icr-sustainability-23-24_pdf/batch_8,icr-sustainability-23-24,True,The carbon emissions from commuter travel for 2024 were calculated to be 568 tonnes of CO₂e. This has increased from the previous report of 539.,144,25,en,climate-detection,e,outcome,negative,-1.0,climate-detection|metrics,Increase in carbon emissions from commuter travel.,none,fallback_none,outcome,False,False,False,False,False
r073_016,73,16,2026-04-08T02:57:17.427643Z,arcee-ai/trinity-large-preview:free,tone_chain_of_thought_english.md,icr-sustainability-23-24_pdf/batch_8,icr-sustainability-23-24,True,The majority of personnel use Petrol vehicles and the take up of electric vehicles using the site EV points is only 46 cars.,124,23,en,climate-detection,e,outcome,negative,-1.0,climate-detection|metrics,Low adoption of electric vehicles among personnel.,none,fallback_none,outcome,False,False,False,False,False
r073_017,73,17,2026-04-08T02:57:17.427643Z,arcee-ai/trinity-large-preview:free,tone_chain_of_thought_english.md,icr-sustainability-23-24_pdf/batch_8,icr-sustainability-23-24,True,ICR recently launched a new electric vehicle scheme in partnership with Octopus EV to provide salary sacrifice EV options to staff.,131,21,en,climate-commitment,e,commitment,neutral,0.0,climate-commitment|strategy,Future-oriented commitment to increase EV adoption through new scheme.,commitment,lexical_or_climate_commitment,commitment,False,False,True,False,False
r079_000,79,0,2026-04-08T02:57:57.544080Z,arcee-ai/trinity-large-preview:free,tone_few_shot_indonesian.md,20250526113828-2025-05-26ptba_laporan_berkelanjutan113825_pdf/batch_6,20250526113828-2025-05-26ptba_laporan_berkelanjutan113825,True,PTBA berkomitmen mendukung target Pemerintah mencapai nol emisi.,64,8,unknown,komitmen net zero emission,e,commitment,neutral,0.0,climate-commitment|netzero-reduction,Pernyataan komitmen masa depan terkait target net zero emission.,outcome,lexical_outcome,commitment,False,False,True,False,False
r079_001,79,1,2026-04-08T02:57:57.544080Z,arcee-ai/trinity-large-preview:free,tone_few_shot_indonesian.md,20250526113828-2025-05-26ptba_laporan_berkelanjutan113825_pdf/batch_6,20250526113828-2025-05-26ptba_laporan_berkelanjutan113825,True,"PTBA juga berkomitmen untuk menjalankan bisnis berkelanjutan dengan menerapkan keselarasan antara aspek Environmental, Social, and Governance (ESG).",148,17,mixed,komitmen bisnis berkelanjutan,e,commitment,neutral,0.0,climate-commitment|governance,Pernyataan komitmen masa depan terkait penerapan ESG.,commitment,lexical_or_climate_commitment,commitment,False,False,True,False,False
r079_002,79,2,2026-04-08T02:57:57.544080Z,arcee-ai/trinity-large-preview:free,tone_few_shot_indonesian.md,20250526113828-2025-05-26ptba_laporan_berkelanjutan113825_pdf/batch_6,20250526113828-2025-05-26ptba_laporan_berkelanjutan113825,True,"Langkah nyata yang diambil antara lain menerapkan eco, mechanized mining yaitu mengganti peralatan pertambangan yang menggunakan bahan bakar fosil menjadi elektrik, e-mining reporting system yaitu, system pelaporan produksi secara real time dan daring dan berbagai program manajemen karbon di area operasional penambangan.",322,43,id,implementasi eco-mechanized mining,e,action,neutral,0.0,action|environmental-claims,Tindakan nyata tanpa hasil terukur yang disebutkan.,commitment,lexical_or_climate_commitment,action,False,False,False,True,False
r079_003,79,3,2026-04-08T02:57:57.544080Z,arcee-ai/trinity-large-preview:free,tone_few_shot_indonesian.md,20250526113828-2025-05-26ptba_laporan_berkelanjutan113825_pdf/batch_6,20250526113828-2025-05-26ptba_laporan_berkelanjutan113825,True,"Perseroan juga menciptakan sinergi dan kerja sama dengan berbagai mitra strategis dalam mewujudkan energi bersih seperti pengembangan PLTS, PLTB, tanaman Kaliandra untuk mengurangi emisi karbon dan menjadi simpanan biomassa untuk diolah menjadi wood pellet sebagai bahan campuran co-firing di PLTU serta Carbon Capture, Utilization (CCU) atau penangkapan karbon dioksida dan dikonversi menjadi methanol.",403,54,id,sinergi pengembangan energi bersih,e,action,neutral,0.0,action|environmental-claims,Tindakan nyata tanpa hasil terukur yang disebutkan.,commitment,lexical_or_climate_commitment,action,False,False,False,True,False
r079_004,79,4,2026-04-08T02:57:57.544080Z,arcee-ai/trinity-large-preview:free,tone_few_shot_indonesian.md,20250526113828-2025-05-26ptba_laporan_berkelanjutan113825_pdf/batch_6,20250526113828-2025-05-26ptba_laporan_berkelanjutan113825,True,PTBA berkomitmen mendukung target Pemerintah mencapai Emisi Nol Bersih atau Net Zero Emission pada 2060.,104,15,unknown,komitmen net zero emission 2060,e,commitment,neutral,0.0,climate-commitment|netzero-reduction,Pernyataan komitmen masa depan terkait target net zero emission 2060.,outcome,lexical_outcome,commitment,False,False,True,False,False
r079_005,79,5,2026-04-08T02:57:57.544080Z,arcee-ai/trinity-large-preview:free,tone_few_shot_indonesian.md,20250526113828-2025-05-26ptba_laporan_berkelanjutan113825_pdf/batch_6,20250526113828-2025-05-26ptba_laporan_berkelanjutan113825,True,"Dengan visi menjadi perusahaan energi kelas dunia, PTBA telah memiliki roadmap manajemen karbon hingga 2050, baik bersifat pengurangan emisi (reducing emission sources/ maupun peningkatan penyerapan emisi (increase carbon sinks).",229,29,id,roadmap manajemen karbon 2050,e,commitment,neutral,0.0,climate-commitment|strategy,Pernyataan komitmen masa depan terkait roadmap manajemen karbon.,outcome,lexical_outcome,commitment,False,False,True,False,False
r079_006,79,6,2026-04-08T02:57:57.544080Z,arcee-ai/trinity-large-preview:free,tone_few_shot_indonesian.md,20250526113828-2025-05-26ptba_laporan_berkelanjutan113825_pdf/batch_6,20250526113828-2025-05-26ptba_laporan_berkelanjutan113825,True,"Berdasarkan manajemen karbon hingga 2050, terdapat 3 (tiga) pendekatan yang dilakukan PTBA, yaitu dekarbonisasi operasi, reklamasi, dan studi CCU (carbon capture, utilization, and utilization).",193,24,mixed,pendekatan manajemen karbon,e,commitment,neutral,0.0,climate-commitment|strategy,Pernyataan komitmen masa depan terkait pendekatan manajemen karbon.,commitment,lexical_or_climate_commitment,commitment,False,False,True,False,False
r079_007,79,7,2026-04-08T02:57:57.544080Z,arcee-ai/trinity-large-preview:free,tone_few_shot_indonesian.md,20250526113828-2025-05-26ptba_laporan_berkelanjutan113825_pdf/batch_6,20250526113828-2025-05-26ptba_laporan_berkelanjutan113825,True,Upaya lain yang dilakukan PTBA untuk mengukuhkan sikap antikorupsi adalah secara berkesinambungan melakukan sosialisasi kebijakan dan prosedur antikorupsi di lingkungan Perusahaan.,180,21,id,sosialisasi kebijakan antikorupsi,g,action,neutral,0.0,governance,Tindakan nyata tanpa hasil terukur yang disebutkan.,commitment,lexical_or_climate_commitment,action,False,False,False,False,False
r079_008,79,8,2026-04-08T02:57:57.544080Z,arcee-ai/trinity-large-preview:free,tone_few_shot_indonesian.md,20250526113828-2025-05-26ptba_laporan_berkelanjutan113825_pdf/batch_6,20250526113828-2025-05-26ptba_laporan_berkelanjutan113825,True,"Merujuk sosialisasi yang sudah terselenggara, per 31 Desember 2024, anggota Dewan Komisaris dan Direksi yang telah mendapatkan sosialisasi dan prosedur antikorupsi tercatat sebanyak 11 orang, atau 100% dari total Dewan Komisaris dan Direksi.",241,33,id,sosialisasi antikorupsi untuk komisaris dan direksi,g,outcome,positive,1.0,metrics|governance,Hasil terukur yang positif (100% coverage).,outcome,lexical_outcome,outcome,False,False,False,False,False
r079_009,79,9,2026-04-08T02:57:57.544080Z,arcee-ai/trinity-large-preview:free,tone_few_shot_indonesian.md,20250526113828-2025-05-26ptba_laporan_berkelanjutan113825_pdf/batch_6,20250526113828-2025-05-26ptba_laporan_berkelanjutan113825,True,Adapun karyawan yang telah mendapatkan sosialisasi kebijakan dan prosedur antikorupsi sebanyak 1.679 orang atau 100% dari total karyawan.,137,19,id,sosialisasi antikorupsi untuk karyawan,g,outcome,positive,1.0,metrics|governance,Hasil terukur yang positif (100% coverage).,outcome,lexical_outcome,outcome,False,False,False,False,False
r079_010,79,10,2026-04-08T02:57:57.544080Z,arcee-ai/trinity-large-preview:free,tone_few_shot_indonesian.md,20250526113828-2025-05-26ptba_laporan_berkelanjutan113825_pdf/batch_6,20250526113828-2025-05-26ptba_laporan_berkelanjutan113825,True,Sedangkan mitra atau vendor yang telah mendapatkan sosialisasi kebijakan dan prosedur antikorupsi adalah seluruh vendor ditandai dengan penandatanganan pakta integritas.,169,20,id,sosialisasi antikorupsi untuk vendor,g,outcome,positive,1.0,governance,Hasil terukur yang positif (seluruh vendor).,outcome,lexical_outcome,outcome,False,False,False,False,False
r079_011,79,11,2026-04-08T02:57:57.544080Z,arcee-ai/trinity-large-preview:free,tone_few_shot_indonesian.md,20250526113828-2025-05-26ptba_laporan_berkelanjutan113825_pdf/batch_6,20250526113828-2025-05-26ptba_laporan_berkelanjutan113825,True,"Selain sosialisasi kebijakan dan prosedur antikorupsi, PTBA juga memberi kesempatan kepada Dewan Komisaris, Direksi dan karyawan untuk mengikuti pelatihan tentang antikorupsi.",175,21,id,pelatihan antikorupsi,g,action,neutral,0.0,governance,Tindakan nyata tanpa hasil terukur yang disebutkan.,commitment,lexical_or_climate_commitment,action,False,False,False,False,False
r079_012,79,12,2026-04-08T02:57:57.544080Z,arcee-ai/trinity-large-preview:free,tone_few_shot_indonesian.md,20250526113828-2025-05-26ptba_laporan_berkelanjutan113825_pdf/batch_6,20250526113828-2025-05-26ptba_laporan_berkelanjutan113825,True,"Hingga akhir tahun 2024, jumlah anggota Dewan Komisaris dan Direksi yang telah mengikuti pelatihan antikorupsi tercatat sebanyak 11 orang, atau 100% dari total Dewan Komisaris dan Direksi.",188,27,id,pelatihan antikorupsi untuk komisaris dan direksi,g,outcome,positive,1.0,metrics|governance,Hasil terukur yang positif (100% coverage).,outcome,lexical_outcome,outcome,False,False,False,False,False
r079_013,79,13,2026-04-08T02:57:57.544080Z,arcee-ai/trinity-large-preview:free,tone_few_shot_indonesian.md,20250526113828-2025-05-26ptba_laporan_berkelanjutan113825_pdf/batch_6,20250526113828-2025-05-26ptba_laporan_berkelanjutan113825,True,Sedangkan karyawan yang telah mengikuti pelatihan antikorupsi sebanyak 372 orang atau 22% dari total karyawan.,110,15,id,pelatihan antikorupsi untuk karyawan,g,outcome,neutral,0.0,metrics|governance,Hasil terukur dengan coverage 22% yang masih rendah.,outcome,lexical_outcome,outcome,False,False,False,False,False
r080_000,80,0,2026-04-08T02:57:58.925003Z,arcee-ai/trinity-large-preview:free,tone_chain_of_thought_english.md,vktr_ar_sr_2024_pdf/batch_21,vktr_ar_sr_2024,True,"Throughout 2024, VKTR reinforced its strategic role in shaping a new landscape for sustainable transportation in Indonesia. No longer merely a pioneer, VKTR has emerged as a principal architect, designing and implementing adaptive and comprehensive green transport solutions. Through the development of commercial electric vehicles across various sectors, from trucks and buses to logistics and urban transport solutions, VKTR is introducing a new model of mobility that emphasizes both efficiency and a low-emission future.",524,75,en,climate-detection,e,outcome,positive,0.8,climate-d|climate-commitment|strategy|opportunity,"The text describes VKTR's strategic role in sustainable transportation, emphasizing green transport solutions and low-emission future, indicating a positive outcome in climate-related initiatives.",commitment,lexical_or_climate_commitment,outcome,False,False,True,False,True
r080_001,80,1,2026-04-08T02:57:58.925003Z,arcee-ai/trinity-large-preview:free,tone_chain_of_thought_english.md,vktr_ar_sr_2024_pdf/batch_21,vktr_ar_sr_2024,True,"The successful completion of VKTR's commercial electric vehicle assembly facility in Magelang marked a milestone in advancing national green industrialization. By prioritizing local standards and empowering domestic supply chains, VKTR has broadened the scope of its transformative impact, from technological advancement to the creation of economic and social value.",366,50,en,climate-detection,e,outcome,positive,0.8,climate-d|climate-commitment|strategy|opportunity,"The text highlights the successful completion of an electric vehicle assembly facility, marking a milestone in green industrialization, indicating a positive outcome in climate-related initiatives.",commitment,lexical_or_climate_commitment,outcome,False,False,True,False,True
r080_002,80,2,2026-04-08T02:57:58.925003Z,arcee-ai/trinity-large-preview:free,tone_chain_of_thought_english.md,vktr_ar_sr_2024_pdf/batch_21,vktr_ar_sr_2024,True,This commitment is further reinforced through the development of diverse prototypes and cross-industry collaborations that accelerate adoption and enable vehicle customization tailored to the needs of strategic sectors.,219,29,en,climate-detection,e,commitment,neutral,0.5,climate-d|climate-commitment|strategy|opportunity,"The text describes VKTR's commitment to developing prototypes and collaborations, which is a future-oriented plan, indicating a neutral sentiment.",commitment,lexical_or_climate_commitment,commitment,False,False,True,False,True
r080_003,80,3,2026-04-08T02:57:58.925003Z,arcee-ai/trinity-large-preview:free,tone_chain_of_thought_english.md,vktr_ar_sr_2024_pdf/batch_21,vktr_ar_sr_2024,True,"VKTR continues to serve a vital role in the national effort toward a low-carbon transportation future. This journey goes beyond delivering products, it is about building a system, an ecosystem that responds to the demands of the times with technology, environmental responsibility, and a collective determination to shape a greener and more resilient Indonesia.",361,55,en,climate-detection,e,commitment,neutral,0.5,climate-d|climate-commitment|strategy|opportunity,"The text emphasizes VKTR's ongoing commitment to a low-carbon future and building an ecosystem, indicating a neutral sentiment as it is a future-oriented plan.",commitment,lexical_or_climate_commitment,commitment,False,False,True,False,True
r080_004,80,4,2026-04-08T02:57:58.925003Z,arcee-ai/trinity-large-preview:free,tone_chain_of_thought_english.md,vktr_ar_sr_2024_pdf/batch_21,vktr_ar_sr_2024,True,"On August 2022, the Company and PMC entered into a Confidentiality Agreement to analyse the data provided by the other party as deemed necessary in connection with the implementation of the project of retrofit/repowering chasis of fuel motorized buses to battery-based electric motorized bus (the ""Project"").",308,48,en,climate-detection,e,commitment,neutral,0.5,climate-d|climate-commitment|strategy|opportunity,"The text describes a commitment to a project involving the retrofit of buses to electric, indicating a neutral sentiment as it is a future-oriented plan.",commitment,lexical_or_climate_commitment,commitment,False,False,True,False,True
r080_005,80,5,2026-04-08T02:57:58.925003Z,arcee-ai/trinity-large-preview:free,tone_chain_of_thought_english.md,vktr_ar_sr_2024_pdf/batch_21,vktr_ar_sr_2024,True,"On February 16, 2023, the Company signed a Cooperation Agreement with GZXT to produce two wheel electric vehicles and the retrofit is carried out under the Joint Operation and conversion of non-electrical vehicles into battery-based electric motor vehicles whose components will be supplied by the Parties.",306,48,en,climate-detection,e,commitment,neutral,0.5,climate-d|climate-commitment|strategy|opportunity,"The text describes a commitment to producing electric vehicles and retrofitting non-electrical vehicles, indicating a neutral sentiment as it is a future-oriented plan.",commitment,lexical_or_climate_commitment,commitment,False,False,True,False,True
r080_006,80,6,2026-04-08T02:57:58.925003Z,arcee-ai/trinity-large-preview:free,tone_chain_of_thought_english.md,vktr_ar_sr_2024_pdf/batch_21,vktr_ar_sr_2024,True,"On January 23, 2024, the Company and TIFA entered into a Cooperation Agreement to assist the Company customers who require financing facilities in obtaining goods sold by the Company. This Cooperation Agreement is valid for an indefinite period of time, unless terminated with the consent of the Parties.",304,48,en,none,none,none,none,0.0,none,"The text describes a cooperation agreement for financing facilities, which is not related to ESG or climate, indicating no sentiment.",none,label_none,none,False,False,False,False,False
r080_007,80,7,2026-04-08T02:57:58.925003Z,arcee-ai/trinity-large-preview:free,tone_chain_of_thought_english.md,vktr_ar_sr_2024_pdf/batch_21,vktr_ar_sr_2024,True,"On January 26, 2024, PT Sarana Ekomobilitas Indonesia (""SEI""), a Subsidiary, and Bank DKI entered into a Non-Disclosure Agreement regarding the plan to provide credit facilities. This agreement will be in effect continuously from the date of delivery or disclosure of Confidential Information relating to the Project, unless terminated with the consent of the Parties.",368,56,en,none,none,none,none,0.0,none,"The text describes a non-disclosure agreement for credit facilities, which is not related to ESG or climate, indicating no sentiment.",commitment,lexical_or_climate_commitment,none,False,False,False,False,False
r080_008,80,8,2026-04-08T02:57:58.925003Z,arcee-ai/trinity-large-preview:free,tone_chain_of_thought_english.md,vktr_ar_sr_2024_pdf/batch_21,vktr_ar_sr_2024,True,"On January 30, 2024, VSI, a Subsidiary, and GEI entered into a Non-Disclosure Agreement regarding business opportunities for project of Preparation of Environmental Impact Assessment (AMDAL) and Administration of Online Single Submission. The term of this agreement is three (3) years after the date of the execution of this Agreement.",335,51,en,climate-detection,e,commitment,neutral,0.5,climate-d|climate-commitment|strategy|opportunity,"The text describes a commitment to a project involving environmental impact assessment, indicating a neutral sentiment as it is a future-oriented plan.",commitment,lexical_or_climate_commitment,commitment,False,False,True,False,True
r081_000,81,0,2026-04-08T02:58:28.918823Z,arcee-ai/trinity-large-preview:free,tone_zero_shot_english.md,AR SR GTRA 2024___pdf/batch_10,AR SR GTRA 2024,True,"Global dynamics in 2024 remained complex and uncertain, driven by rising geopolitical tensions and disruptions in commodity supply chains. Conflicts in Eastern Europe and the Middle East triggered supply chain instability and price surges across key commodities, prompting central banks around the world to raise benchmark interest rates in an effort to control inflation. Amid these pressures, many developing nations faced a tightening of financial conditions, making cost-efficiency and strategic adaptation essential for business continuity.",545,76,en,climate-detection,e,outcome,negative,-1.0,climate-d|climate-sentiment|climate-s,"Text discusses climate-related disruptions in commodity supply chains and their negative economic impacts, indicating climate risk.",none,fallback_none,outcome,False,False,False,False,True
r081_001,81,1,2026-04-08T02:58:28.918823Z,arcee-ai/trinity-large-preview:free,tone_zero_shot_english.md,AR SR GTRA 2024___pdf/batch_10,AR SR GTRA 2024,True,"Indonesia, however, demonstrated consistent economic resilience, posting 5.03% GDP growth in 2024. This marked the third consecutive year of growth above 5%, supported by robust domestic consumption and a low inflation rate of 1.57%. With a 2025 national growth target of 5.2%, the government is focused on maintaining economic stability while enhancing industrial productivity.",378,57,en,economic resilience,s,outcome,positive,1.0,metrics,"Text highlights positive economic outcomes with GDP growth and low inflation, indicating economic stability and resilience.",commitment,lexical_or_climate_commitment,outcome,False,False,False,False,False
r081_002,81,2,2026-04-08T02:58:28.918823Z,arcee-ai/trinity-large-preview:free,tone_zero_shot_english.md,AR SR GTRA 2024___pdf/batch_10,AR SR GTRA 2024,True,"Within this environment, the transport and warehousing sector stood out with 8.69% growth, driven by increased activity in manufacturing and trade. As a result, logistics and transportation services continued to gain relevance as essential pillars of the national economy.",272,40,en,economic growth,s,outcome,positive,1.0,metrics,"Text reports positive growth in the transport and warehousing sector, contributing to the national economy.",none,fallback_none,outcome,False,False,False,False,False
r081_003,81,3,2026-04-08T02:58:28.918823Z,arcee-ai/trinity-large-preview:free,tone_zero_shot_english.md,AR SR GTRA 2024___pdf/batch_10,AR SR GTRA 2024,True,"Against this backdrop, Grahatrans pursued a clear and deliberate strategy: Achieving Growth Through Improvement. The Company proactively responded to global and domestic uncertainties by diversifying its client base and focusing on sectors less reliant on import-export activities. This strategic shift not only strengthened Grahatrans's operational resilience, but also allowed it to align with broader national growth trends.",427,59,en,strategic adaptation,g,commitment,neutral,0.0,strategy|climate-commitment,"Text describes a strategic commitment to adapt to uncertainties, focusing on resilience and alignment with national trends.",commitment,lexical_or_climate_commitment,commitment,False,False,True,False,False
r081_004,81,4,2026-04-08T02:58:28.918823Z,arcee-ai/trinity-large-preview:free,tone_zero_shot_english.md,AR SR GTRA 2024___pdf/batch_10,AR SR GTRA 2024,True,"By enhancing internal capabilities and improving service efficiencies, Grahatrans is better positioned to meet rising demand, manage external risks, and build a foundation for sustainable expansion in the years ahead.",217,30,en,sustainable expansion,g,commitment,neutral,0.0,strategy|climate-commitment,Text outlines a commitment to sustainable expansion through improved capabilities and efficiencies.,commitment,lexical_or_climate_commitment,commitment,False,False,True,False,False
r084_000,84,0,2026-04-08T02:59:48.386540Z,arcee-ai/trinity-large-preview:free,tone_chain_of_thought_english.md,BEST-SR_2024_pdf/batch_11,BEST-SR_2024,True,"As a pioneer among industrial estate developers in Indonesia, BeFa is at the forefront of creating a green and eco-friendly industrial zone. This transformative initiative aims to minimize environmental impact while promoting a sustainable economic model. It includes prioritizing renewable energy sources, implementing waste management systems, and ensuring efficient resource utilization.",390,52,en,climate-detection,e,commitment,neutral,0.0,climate-d|climate-commitment|netzero-reduction|environmental-claims,"The text discusses BeFa's commitment to creating a green and eco-friendly industrial zone, which includes prioritizing renewable energy sources and implementing waste management systems. This is a future-oriented commitment without specific outcomes mentioned.",commitment,lexical_or_climate_commitment,commitment,False,False,True,True,True
r084_001,84,1,2026-04-08T02:59:48.386540Z,arcee-ai/trinity-large-preview:free,tone_chain_of_thought_english.md,BEST-SR_2024_pdf/batch_11,BEST-SR_2024,True,"The Company is dedicated to continuous innovation and excellence within the realm of ESG, striving to create spaces that harmoniously blend industry with ecological sustainability.",180,25,en,climate-detection,e,commitment,neutral,0.0,climate-d|climate-commitment|environmental-claims,"The text indicates a commitment to continuous innovation and excellence in ESG, aiming to blend industry with ecological sustainability. This is a future-oriented statement without specific outcomes.",commitment,lexical_or_climate_commitment,commitment,False,False,True,True,True
r084_002,84,2,2026-04-08T02:59:48.386540Z,arcee-ai/trinity-large-preview:free,tone_chain_of_thought_english.md,BEST-SR_2024_pdf/batch_11,BEST-SR_2024,True,"In its pursuit of this vision, BeFa is evolving into a Smart Eco-Industrial Park. This initiative focuses on promoting sustainable development through the incorporation of advanced technologies, smart infrastructure, and environmentally friendly practices that benefit both the community and the ecosystem.",306,42,en,climate-detection,e,commitment,neutral,0.0,climate-d|climate-commitment|environmental-claims,"The text describes BeFa's evolution into a Smart Eco-Industrial Park, focusing on sustainable development through advanced technologies and environmentally friendly practices. This is a future-oriented commitment without specific outcomes.",commitment,lexical_or_climate_commitment,commitment,False,False,True,True,True
r084_003,84,3,2026-04-08T02:59:48.386540Z,arcee-ai/trinity-large-preview:free,tone_chain_of_thought_english.md,BEST-SR_2024_pdf/batch_11,BEST-SR_2024,True,"BeFa is dedicated to a comprehensive Corporate Social Responsibility (CSR) strategy aimed at creating a balanced synergy between economic performance, social well-being, and environmental sustainability.",203,26,en,climate-detection,e,commitment,neutral,0.0,climate-d|climate-commitment|environmental-claims,"The text indicates a commitment to a comprehensive CSR strategy that aims to balance economic performance, social well-being, and environmental sustainability. This is a future-oriented statement without specific outcomes.",commitment,lexical_or_climate_commitment,commitment,False,False,True,True,True
r084_004,84,4,2026-04-08T02:59:48.386540Z,arcee-ai/trinity-large-preview:free,tone_chain_of_thought_english.md,BEST-SR_2024_pdf/batch_11,BEST-SR_2024,True,"As an integral part of BeFa's corporate strategy, CSR initiatives span multiple focus areas, including: Environmental conservation through wastewater treatment and pollution control.",182,24,en,climate-detection,e,commitment,neutral,0.0,climate-d|climate-commitment|environmental-claims,The text mentions CSR initiatives focused on environmental conservation through wastewater treatment and pollution control. This is a future-oriented commitment without specific outcomes.,commitment,lexical_or_climate_commitment,commitment,False,False,True,True,True
r084_005,84,5,2026-04-08T02:59:48.386540Z,arcee-ai/trinity-large-preview:free,tone_chain_of_thought_english.md,BEST-SR_2024_pdf/batch_11,BEST-SR_2024,True,Education and workforce training programs aimed at enhancing skills and employability.,86,11,en,climate-detection,e,commitment,neutral,0.0,climate-d|climate-commitment|environmental-claims,The text mentions CSR initiatives focused on education and workforce training programs. This is a future-oriented commitment without specific outcomes.,commitment,lexical_or_climate_commitment,commitment,False,False,True,True,True
r084_006,84,6,2026-04-08T02:59:48.386540Z,arcee-ai/trinity-large-preview:free,tone_chain_of_thought_english.md,BEST-SR_2024_pdf/batch_11,BEST-SR_2024,True,Development and enhancement of public infrastructure to support community growth.,81,10,en,climate-detection,e,commitment,neutral,0.0,climate-d|climate-commitment|environmental-claims,The text mentions CSR initiatives focused on the development and enhancement of public infrastructure. This is a future-oriented commitment without specific outcomes.,commitment,lexical_or_climate_commitment,commitment,False,False,True,True,True
r084_007,84,7,2026-04-08T02:59:48.386540Z,arcee-ai/trinity-large-preview:free,tone_chain_of_thought_english.md,BEST-SR_2024_pdf/batch_11,BEST-SR_2024,True,Aid and assistance for communities affected by natural disasters.,65,9,en,climate-detection,e,commitment,neutral,0.0,climate-d|climate-commitment|environmental-claims,The text mentions CSR initiatives focused on aid and assistance for communities affected by natural disasters. This is a future-oriented commitment without specific outcomes.,commitment,lexical_or_climate_commitment,commitment,False,False,True,True,True
r084_008,84,8,2026-04-08T02:59:48.386540Z,arcee-ai/trinity-large-preview:free,tone_chain_of_thought_english.md,BEST-SR_2024_pdf/batch_11,BEST-SR_2024,True,Health programs designed to improve public access to essential medical services.,80,11,unknown,climate-detection,e,commitment,neutral,0.0,climate-d|climate-commitment|environmental-claims,The text mentions CSR initiatives focused on health programs to improve public access to essential medical services. This is a future-oriented commitment without specific outcomes.,commitment,lexical_or_climate_commitment,commitment,False,False,True,True,True
r084_009,84,9,2026-04-08T02:59:48.386540Z,arcee-ai/trinity-large-preview:free,tone_chain_of_thought_english.md,BEST-SR_2024_pdf/batch_11,BEST-SR_2024,True,"BeFa's approach to Strategic Social Responsibility (SR) is anchored in its commitment to sustainable economic, social, and environmental development.",149,20,en,climate-detection,e,commitment,neutral,0.0,climate-d|climate-commitment|environmental-claims,"The text indicates a commitment to sustainable economic, social, and environmental development. This is a future-oriented statement without specific outcomes.",commitment,lexical_or_climate_commitment,commitment,False,False,True,True,True
r084_010,84,10,2026-04-08T02:59:48.386540Z,arcee-ai/trinity-large-preview:free,tone_chain_of_thought_english.md,BEST-SR_2024_pdf/batch_11,BEST-SR_2024,True,"Guided by the ISO 26000 standards on Social Responsibility and Law No. 40 of 2007 on Limited Liability Companies, BeFa aims to enhance both corporate and societal well-being by fostering long-term positive impacts.",214,35,en,climate-detection,e,commitment,neutral,0.0,climate-d|climate-commitment|environmental-claims,The text mentions guidance from ISO 26000 standards and aims to enhance corporate and societal well-being. This is a future-oriented commitment without specific outcomes.,commitment,lexical_or_climate_commitment,commitment,False,False,True,True,True
r084_011,84,11,2026-04-08T02:59:48.386540Z,arcee-ai/trinity-large-preview:free,tone_chain_of_thought_english.md,BEST-SR_2024_pdf/batch_11,BEST-SR_2024,True,The Company's SR policy is built on two fundamental principles: Ensuring continuous economic growth by integrating responsible and sustainable business practices.,162,22,en,climate-detection,e,commitment,neutral,0.0,climate-d|climate-commitment|environmental-claims,The text mentions principles of ensuring continuous economic growth through responsible and sustainable business practices. This is a future-oriented commitment without specific outcomes.,commitment,lexical_or_climate_commitment,commitment,False,False,True,True,True
r084_012,84,12,2026-04-08T02:59:48.386540Z,arcee-ai/trinity-large-preview:free,tone_chain_of_thought_english.md,BEST-SR_2024_pdf/batch_11,BEST-SR_2024,True,"Strengthening community welfare through initiatives focused on environmental preservation, education, health, and spiritual development.",136,14,en,climate-detection,e,commitment,neutral,0.0,climate-d|climate-commitment|environmental-claims,"The text mentions initiatives focused on strengthening community welfare through environmental preservation, education, health, and spiritual development. This is a future-oriented commitment without specific outcomes.",commitment,lexical_or_climate_commitment,commitment,False,False,True,True,True
r084_013,84,13,2026-04-08T02:59:48.386540Z,arcee-ai/trinity-large-preview:free,tone_chain_of_thought_english.md,BEST-SR_2024_pdf/batch_11,BEST-SR_2024,True,"As a company engaged in the management and development of industrial estates, BeFa remains committed to upholding environmental sustainability.",143,19,en,climate-detection,e,commitment,neutral,0.0,climate-d|climate-commitment|environmental-claims,The text indicates a commitment to upholding environmental sustainability. This is a future-oriented statement without specific outcomes.,commitment,lexical_or_climate_commitment,commitment,False,False,True,True,True
r084_014,84,14,2026-04-08T02:59:48.386540Z,arcee-ai/trinity-large-preview:free,tone_chain_of_thought_english.md,BEST-SR_2024_pdf/batch_11,BEST-SR_2024,True,"This is achieved through initiatives such as pollution prevention, responsible resource utilization, and strict adherence to environmental protection measures in all operational activities.",189,23,en,climate-detection,e,commitment,neutral,0.0,climate-d|climate-commitment|environmental-claims,The text mentions initiatives such as pollution prevention and responsible resource utilization. This is a future-oriented commitment without specific outcomes.,outcome,lexical_outcome,commitment,False,False,True,True,True
r084_015,84,15,2026-04-08T02:59:48.386540Z,arcee-ai/trinity-large-preview:free,tone_chain_of_thought_english.md,BEST-SR_2024_pdf/batch_11,BEST-SR_2024,True,BeFa prioritizes the well-being of its workforce by implementing a robust Occupational Health and Safety (OHS) framework.,121,18,en,climate-detection,e,commitment,neutral,0.0,climate-d|climate-commitment|environmental-claims,The text indicates a commitment to prioritizing workforce well-being through a robust OHS framework. This is a future-oriented statement without specific outcomes.,commitment,lexical_or_climate_commitment,commitment,False,False,True,True,True
r084_016,84,16,2026-04-08T02:59:48.386540Z,arcee-ai/trinity-large-preview:free,tone_chain_of_thought_english.md,BEST-SR_2024_pdf/batch_11,BEST-SR_2024,True,"This includes risk mitigation strategies, the provision of personal protective equipment, regular workplace safety assessments, and structured OHS training programs.",165,20,en,climate-detection,e,commitment,neutral,0.0,climate-d|climate-commitment|environmental-claims,The text mentions risk mitigation strategies and OHS training programs. This is a future-oriented commitment without specific outcomes.,commitment,lexical_or_climate_commitment,commitment,False,False,True,True,True
r084_017,84,17,2026-04-08T02:59:48.386540Z,arcee-ai/trinity-large-preview:free,tone_chain_of_thought_english.md,BEST-SR_2024_pdf/batch_11,BEST-SR_2024,True,"These efforts are designed to prevent workplace accidents, promote a safety-first culture, and ensure compliance with industry best practices.",142,20,en,climate-detection,e,commitment,neutral,0.0,climate-d|climate-commitment|environmental-claims,The text mentions efforts to prevent workplace accidents and promote a safety-first culture. This is a future-oriented commitment without specific outcomes.,commitment,lexical_or_climate_commitment,commitment,False,False,True,True,True
r084_018,84,18,2026-04-08T02:59:48.386540Z,arcee-ai/trinity-large-preview:free,tone_chain_of_thought_english.md,BEST-SR_2024_pdf/batch_11,BEST-SR_2024,True,"In alignment with national labor laws and corporate policies outlined in the Letter of Agreement (LOA), BeFa upholds the principles of fairness, inclusivity, and non-discrimination.",181,26,en,climate-detection,e,commitment,neutral,0.0,climate-d|climate-commitment|environmental-claims,"The text indicates a commitment to upholding principles of fairness, inclusivity, and non-discrimination. This is a future-oriented statement without specific outcomes.",commitment,lexical_or_climate_commitment,commitment,False,False,True,True,True
r084_019,84,19,2026-04-08T02:59:48.386540Z,arcee-ai/trinity-large-preview:free,tone_chain_of_thought_english.md,BEST-SR_2024_pdf/batch_11,BEST-SR_2024,True,"The Company ensures equal employment opportunities, fosters a positive work environment, and promotes diversity across all levels of the organization.",150,20,en,climate-detection,e,commitment,neutral,0.0,climate-d|climate-commitment|environmental-claims,The text mentions ensuring equal employment opportunities and promoting diversity. This is a future-oriented commitment without specific outcomes.,commitment,lexical_or_climate_commitment,commitment,False,False,True,True,True
r084_020,84,20,2026-04-08T02:59:48.386540Z,arcee-ai/trinity-large-preview:free,tone_chain_of_thought_english.md,BEST-SR_2024_pdf/batch_11,BEST-SR_2024,True,BeFa's commitment to social welfare is reflected in its active contributions to local communities.,98,15,unknown,climate-detection,e,commitment,neutral,0.0,climate-d|climate-commitment|environmental-claims,The text indicates a commitment to social welfare through active contributions to local communities. This is a future-oriented statement without specific outcomes.,commitment,lexical_or_climate_commitment,commitment,False,False,True,True,True
r084_021,84,21,2026-04-08T02:59:48.386540Z,arcee-ai/trinity-large-preview:free,tone_chain_of_thought_english.md,BEST-SR_2024_pdf/batch_11,BEST-SR_2024,True,"This includes initiatives such as hiring local workers, supporting religious and cultural programs, and engaging in various social development activities that foster stronger community relationships.",199,25,en,climate-detection,e,commitment,neutral,0.0,climate-d|climate-commitment|environmental-claims,The text mentions initiatives such as hiring local workers and supporting religious and cultural programs. This is a future-oriented commitment without specific outcomes.,commitment,lexical_or_climate_commitment,commitment,False,False,True,True,True
r084_022,84,22,2026-04-08T02:59:48.386540Z,arcee-ai/trinity-large-preview:free,tone_chain_of_thought_english.md,BEST-SR_2024_pdf/batch_11,BEST-SR_2024,True,BeFa is dedicated to delivering high-quality products and services while maintaining strong customer relations.,111,15,en,climate-detection,e,commitment,neutral,0.0,climate-d|climate-commitment|environmental-claims,The text indicates a commitment to delivering high-quality products and services while maintaining strong customer relations. This is a future-oriented statement without specific outcomes.,commitment,lexical_or_climate_commitment,commitment,False,False,True,True,True
r084_023,84,23,2026-04-08T02:59:48.386540Z,arcee-ai/trinity-large-preview:free,tone_chain_of_thought_english.md,BEST-SR_2024_pdf/batch_11,BEST-SR_2024,True,"The Company actively works to enhance customer satisfaction by providing value-driven solutions, fostering collaboration, and upholding the highest standards of integrity.",171,22,en,climate-detection,e,commitment,neutral,0.0,climate-d|climate-commitment|environmental-claims,The text mentions efforts to enhance customer satisfaction through value-driven solutions and collaboration. This is a future-oriented commitment without specific outcomes.,commitment,lexical_or_climate_commitment,commitment,False,False,True,True,True
r084_024,84,24,2026-04-08T02:59:48.386540Z,arcee-ai/trinity-large-preview:free,tone_chain_of_thought_english.md,BEST-SR_2024_pdf/batch_11,BEST-SR_2024,True,"Through these commitments, BeFa aims to generate sustainable benefits for all stakeholders and contribute to long-term business success.",136,19,en,climate-detection,e,commitment,neutral,0.0,climate-d|climate-commitment|environmental-claims,The text indicates a commitment to generating sustainable benefits for all stakeholders and contributing to long-term business success. This is a future-oriented statement without specific outcomes.,commitment,lexical_or_climate_commitment,commitment,False,False,True,True,True
r084_025,84,25,2026-04-08T02:59:48.386540Z,arcee-ai/trinity-large-preview:free,tone_chain_of_thought_english.md,BEST-SR_2024_pdf/batch_11,BEST-SR_2024,True,"At present, BeFa does not have a designated team exclusively responsible for sustainability management.",103,14,en,climate-detection,e,commitment,neutral,0.0,climate-d|climate-commitment|environmental-claims,The text mentions the absence of a designated team for sustainability management. This is a current state without specific outcomes.,commitment,lexical_or_climate_commitment,commitment,False,False,True,True,True
r084_026,84,26,2026-04-08T02:59:48.386540Z,arcee-ai/trinity-large-preview:free,tone_chain_of_thought_english.md,BEST-SR_2024_pdf/batch_11,BEST-SR_2024,True,"However, sustainability considerations are embedded within the Company's broader governance framework.",102,12,en,climate-detection,e,commitment,neutral,0.0,climate-d|climate-commitment|environmental-claims,The text mentions that sustainability considerations are embedded within the Company's governance framework. This is a current state without specific outcomes.,commitment,lexical_or_climate_commitment,commitment,False,False,True,True,True
r084_027,84,27,2026-04-08T02:59:48.386540Z,arcee-ai/trinity-large-preview:free,tone_chain_of_thought_english.md,BEST-SR_2024_pdf/batch_11,BEST-SR_2024,True,"Various business units integrate sustainable practices into their respective operations, ensuring that environmental, social, and financial responsibilities are managed holistically across the organization.",206,23,en,climate-detection,e,commitment,neutral,0.0,climate-d|climate-commitment|environmental-claims,The text mentions that various business units integrate sustainable practices into their operations. This is a current state without specific outcomes.,commitment,lexical_or_climate_commitment,commitment,False,False,True,True,True
r084_028,84,28,2026-04-08T02:59:48.386540Z,arcee-ai/trinity-large-preview:free,tone_chain_of_thought_english.md,BEST-SR_2024_pdf/batch_11,BEST-SR_2024,True,"In 2024, the person in charge of sustainability did not participate in various training and/or competency improvement programs related to sustainability.",153,22,en,climate-detection,e,commitment,neutral,0.0,climate-d|climate-commitment|environmental-claims,The text mentions that the person in charge of sustainability did not participate in training programs in 2024. This is a current state without specific outcomes.,commitment,lexical_or_climate_commitment,commitment,False,False,True,True,True
r084_029,84,29,2026-04-08T02:59:48.386540Z,arcee-ai/trinity-large-preview:free,tone_chain_of_thought_english.md,BEST-SR_2024_pdf/batch_11,BEST-SR_2024,True,"However, such programs have been scheduled for the Community Relations (CSR) Department in 2025.",96,14,en,climate-detection,e,commitment,neutral,0.0,climate-d|climate-commitment|environmental-claims,The text mentions that training programs have been scheduled for the CSR Department in 2025. This is a future-oriented commitment without specific outcomes.,commitment,lexical_or_climate_commitment,commitment,False,False,True,True,True
r085_000,85,0,2026-04-08T03:02:43.232206Z,arcee-ai/trinity-large-preview:free,tone_chain_of_thought_indonesian.md,vktr_ar_sr_2024_pdf/batch_21,vktr_ar_sr_2024,True,"Sepanjang tahun 2024, VKTR mengukuhkan peran strategisnya dalam membentuk lanskap baru transportasi berkelanjutan di Indonesia. Tidak hanya sebagai perintis, VKTR kini hadir sebagai arsitek utama yang merancang dan mewujudkan solusi mobilitas hijau yang adaptif dan menyeluruh. Melalui pengembangan kendaraan listrik komersial lintas sektor, mulai dari truk dan bus, hingga solusi logistik dan angkutan perkotaan, VKTR memperkenalkan model mobilitas yang tidak hanya efisien, tetapi juga berorientasi pada masa depan rendah emisi.",530,70,id,climate,e,commitment,neutral,0.0,climate-detection|climate-d|climate-specificity|climate-commitment|climate-sentiment|climate-s,"Teks membahas komitmen VKTR terhadap transportasi berkelanjutan dan kendaraan listrik, yang merupakan isu lingkungan. Tone-nya adalah komitmen masa depan, dan sentimen bersifat netral karena tidak ada evaluasi positif atau negatif.",commitment,lexical_or_climate_commitment,commitment,False,False,True,False,True
r085_001,85,1,2026-04-08T03:02:43.232206Z,arcee-ai/trinity-large-preview:free,tone_chain_of_thought_indonesian.md,vktr_ar_sr_2024_pdf/batch_21,vktr_ar_sr_2024,True,"Keberhasilan pembangunan fasilitas perakitan kendaraan listrik di Magelang menjadi tonggak penting yang mencerminkan langkah nyata industrialisasi hijau di tingkat nasional. Dengan mengedepankan standar lokal dan pemberdayaan rantai pasok dalam negeri, VKTR memperluas cakupan dampak transformasi, dari aspek teknologi hingga penciptaan nilai ekonomi dan sosial.",362,44,id,environmental-claims,e,outcome,positive,1.0,climate-detection|climate-d|climate-specificity|climate-commitment|climate-sentiment|climate-s,"Teks menyoroti keberhasilan pembangunan fasilitas kendaraan listrik sebagai tonggak industrialisasi hijau, yang merupakan klaim lingkungan positif. Tone-nya adalah outcome dengan sentimen positif karena mencerminkan hasil nyata.",outcome,lexical_outcome,outcome,False,False,True,False,True
r085_002,85,2,2026-04-08T03:02:43.232206Z,arcee-ai/trinity-large-preview:free,tone_chain_of_thought_indonesian.md,vktr_ar_sr_2024_pdf/batch_21,vktr_ar_sr_2024,True,"VKTR terus menjadi bagian penting dari solusi nasional menuju masa depan transportasi rendah karbon. Perjalanan ini bukan sekadar menghadirkan produk, tetapi membentuk sistem, sebuah ekosistem yang menjawab kebutuhan zaman dengan teknologi, tanggung jawab lingkungan, dan tekad kolektif membangun Indonesia yang lebih hijau dan tangguh.",336,44,id,climate,e,commitment,neutral,0.0,climate-detection|climate-d|climate-specificity|climate-commitment|climate-sentiment|climate-s,"Teks menekankan peran VKTR dalam solusi transportasi rendah karbon, yang merupakan isu iklim. Tone-nya adalah komitmen masa depan, dan sentimen netral karena tidak ada evaluasi eksplisit.",commitment,lexical_or_climate_commitment,commitment,False,False,True,False,True
r085_003,85,3,2026-04-08T03:02:43.232206Z,arcee-ai/trinity-large-preview:free,tone_chain_of_thought_indonesian.md,vktr_ar_sr_2024_pdf/batch_21,vktr_ar_sr_2024,True,"Pada tanggal 16 Februari 2023, Perusahaan menandatangani Perjanjian Kerjasama dengan GZXT untuk memproduksi kendaraan listrik roda dua dan retrofitnya dilakukan dengan skema Joint Operation dan konversi kendaraan non-listrik menjadi kendaraan bermotor listrik berbasis listrik yang komponennya akan diproduksi oleh Para Pihak.",326,42,id,environmental-claims,e,commitment,neutral,0.0,climate-detection|climate-d|climate-specificity|climate-commitment|climate-sentiment|climate-s,"Teks membahas kerjasama untuk memproduksi kendaraan listrik dan retrofit, yang merupakan klaim lingkungan. Tone-nya adalah komitmen masa depan, dan sentimen netral karena tidak ada evaluasi positif atau negatif.",commitment,lexical_or_climate_commitment,commitment,False,False,True,False,True
r088_000,88,0,2026-04-08T03:03:36.232065Z,arcee-ai/trinity-large-preview:free,tone_chain_of_thought_indonesian.md,20250526113828-2025-05-26ptba_laporan_berkelanjutan113825_pdf/batch_5,20250526113828-2025-05-26ptba_laporan_berkelanjutan113825,True,"PTBA berkomitmen mendukung target Pemerintah mencapai nol emisi. PTBA juga berkomitmen untuk menjalankan bisnis berkelanjutan dengan menerapkan keselarasan antara aspek Environmental, Social, and Governance (ESG).",213,25,mixed,climate-commitment,e,commitment,neutral,0.0,climate-commitment|climate-d|climate-specificity,Statement about commitment to net zero emission target and sustainable business practices with ESG alignment,outcome,lexical_outcome,commitment,False,False,True,False,True
r088_001,88,1,2026-04-08T03:03:36.232065Z,arcee-ai/trinity-large-preview:free,tone_chain_of_thought_indonesian.md,20250526113828-2025-05-26ptba_laporan_berkelanjutan113825_pdf/batch_5,20250526113828-2025-05-26ptba_laporan_berkelanjutan113825,True,"Perseroan senantiasa melakukan berbagai optimasi menuju pertambangan yang lebih ramah lingkungan. Langkah nyata yang diambil antara lain menerapkan eco, mechanized mining yaitu mengganti peralatan pertambangan yang menggunakan bahan bakar fosil menjadi elektrik, e-mining reporting system yaitu, system pelaporan produksi secara real time dan daring dan berbagai program manajemen karbon di area operasional penambangan.",420,54,id,climate-action,e,action,neutral,0.0,climate-d|climate-specificity|climate-action,Description of concrete actions taken to make mining more environmentally friendly including eco-mechanized mining and carbon management programs,commitment,lexical_or_climate_commitment,action,False,False,False,False,True
r088_002,88,2,2026-04-08T03:03:36.232065Z,arcee-ai/trinity-large-preview:free,tone_chain_of_thought_indonesian.md,20250526113828-2025-05-26ptba_laporan_berkelanjutan113825_pdf/batch_5,20250526113828-2025-05-26ptba_laporan_berkelanjutan113825,True,"Perseroan juga menciptakan sinergi dan kerja sama dengan berbagai mitra strategis dalam mewujudkan energi bersih seperti pengembangan PLTS, PLTB, tanaman Kaliandra untuk mengurangi emisi karbon dan menjadi simpanan biomassa untuk diolah menjadi wood pellet sebagai bahan campuran co-firing di PLTU serta Carbon Capture, Utilization (CCU) atau penangkapan karbon dioksida dan dikonversi menjadi methanol.",403,54,id,climate-action,e,action,neutral,0.0,climate-d|climate-specificity|climate-action,Description of specific actions to create clean energy through partnerships and various renewable energy projects,commitment,lexical_or_climate_commitment,action,False,False,False,False,True
r088_003,88,3,2026-04-08T03:03:36.232065Z,arcee-ai/trinity-large-preview:free,tone_chain_of_thought_indonesian.md,20250526113828-2025-05-26ptba_laporan_berkelanjutan113825_pdf/batch_5,20250526113828-2025-05-26ptba_laporan_berkelanjutan113825,True,"PTBA berkomitmen mendukung target Pemerintah mencapai Emisi Nol Bersih atau Net Zero Emission pada 2060. Dengan visi menjadi perusahaan energi kelas dunia, PTBA telah memiliki roadmap manajemen karbon hingga 2050, baik bersifat pengurangan emisi (reducing emission sources/ maupun peningkatan penyerapan emisi (increase carbon sinks).",334,44,id,netzero-reduction,e,commitment,neutral,0.0,netzero-reduction|climate-commitment|climate-f,Statement about commitment to Net Zero Emission by 2060 with specific carbon management roadmap until 2050,outcome,lexical_outcome,commitment,False,False,True,False,False
r088_004,88,4,2026-04-08T03:03:36.232065Z,arcee-ai/trinity-large-preview:free,tone_chain_of_thought_indonesian.md,20250526113828-2025-05-26ptba_laporan_berkelanjutan113825_pdf/batch_5,20250526113828-2025-05-26ptba_laporan_berkelanjutan113825,True,"Berdasarkan manajemen karbon hingga 2050, terdapat 3 (tiga) pendekatan yang dilakukan PTBA, yaitu dekarbonisasi operasi, reklamasi, dan studi CCU (carbon capture, utilization, and utilization).",193,24,mixed,climate-strategy,e,commitment,neutral,0.0,climate-strategy|climate-d|climate-specificity,"Description of specific approaches for carbon management including decarbonization, reclamation, and CCU studies",none,fallback_none,commitment,False,False,False,False,True
r088_005,88,5,2026-04-08T03:03:36.232065Z,arcee-ai/trinity-large-preview:free,tone_chain_of_thought_indonesian.md,20250526113828-2025-05-26ptba_laporan_berkelanjutan113825_pdf/batch_5,20250526113828-2025-05-26ptba_laporan_berkelanjutan113825,True,"PTBA memiliki sikap tegas terhadap korupsi sebagai bagian dari komitmen Perusahaan dalam menjalankan bisnis yang bersih, transparan, dan berintegritas. Perusahan menolak segala bentuk praktik korupsi, kolusi, dan nepotisme, baik dalam hubungan internal maupun eksternal perusahaan.",281,35,id,governance,g,commitment,neutral,0.0,governance|environmental-claims,"Statement about firm stance against corruption as part of commitment to clean, transparent, and ethical business practices",commitment,lexical_or_climate_commitment,commitment,False,False,False,True,False
r088_006,88,6,2026-04-08T03:03:36.232065Z,arcee-ai/trinity-large-preview:free,tone_chain_of_thought_indonesian.md,20250526113828-2025-05-26ptba_laporan_berkelanjutan113825_pdf/batch_5,20250526113828-2025-05-26ptba_laporan_berkelanjutan113825,True,PTBA merumuskan benturan kepentingan sebagai pertentangan kepentingan ekonomis pribadi dengan kepentingan ekonomis Perusahaan yang berdampak pada Objektivitas serta pertimbangan komersial. Setiap individu jajaran PTBA dilarang berada dalam situasi yang menimbulkan benturan kepentingan.,286,32,id,governance,g,commitment,neutral,0.0,governance|environmental-claims,Definition of conflict of interest and policy prohibiting individuals from being in situations that create conflicts of interest,none,fallback_none,commitment,False,False,False,True,False
r088_007,88,7,2026-04-08T03:03:36.232065Z,arcee-ai/trinity-large-preview:free,tone_chain_of_thought_indonesian.md,20250526113828-2025-05-26ptba_laporan_berkelanjutan113825_pdf/batch_5,20250526113828-2025-05-26ptba_laporan_berkelanjutan113825,True,"Untuk menghindari terjadinya benturan kepentingan, Perusahaan menetapkan beberapa prinsip kebijakan sebagai berikut: 1. Anggota Dewan Komisaris dan Direksi harus mengungkapkan kepemilikan saham di Perseroan atau di perusahaan lain dalam daftar khusus sebagaimana jadi dipersyaratkan peraturan perundang-undangan yang berlaku. 2. Setiap individu jajaran Perseroan dilarang memanfaatkan jabatan untuk kepentingan pribadi atau untuk kepentingan orang lain atau pihak lain yang merugikan kepentingan Perseroan. 3. Setiap individu jajaran Perseroan dilarang menggunakan informasi penting dan rahasia bagi kepentingan pribadi atau untuk kepentingan orang lain, atau pihak lain yang merugikan kepentingan Perseroan. 4. Setiap individu jajaran Perseroan sebaiknya menghindari kepentingan ekonomi dalam perusahaan yang dapat menimbulkan benturan kepentingan ekonomi.",857,105,id,governance,g,commitment,neutral,0.0,governance|environmental-claims,Description of specific policy principles to avoid conflicts of interest including disclosure requirements and prohibitions,commitment,lexical_or_climate_commitment,commitment,False,False,False,True,False
r088_008,88,8,2026-04-08T03:03:36.232065Z,arcee-ai/trinity-large-preview:free,tone_chain_of_thought_indonesian.md,20250526113828-2025-05-26ptba_laporan_berkelanjutan113825_pdf/batch_5,20250526113828-2025-05-26ptba_laporan_berkelanjutan113825,True,"PTBA memiliki sikap tegas terhadap korupsi sebagai bagian dari komitmen Perusahaan dalam menjalankan bisnis yang bersih, transparan, dan berintegritas. Perusahan menolak segala bentuk praktik korupsi, kolusi, dan nepotisme, baik dalam hubungan internal maupun eksternal perusahaan.",281,35,id,governance,g,commitment,neutral,0.0,governance|environmental-claims,"Statement about firm stance against corruption as part of commitment to clean, transparent, and ethical business practices",commitment,lexical_or_climate_commitment,commitment,False,False,False,True,False
r088_009,88,9,2026-04-08T03:03:36.232065Z,arcee-ai/trinity-large-preview:free,tone_chain_of_thought_indonesian.md,20250526113828-2025-05-26ptba_laporan_berkelanjutan113825_pdf/batch_5,20250526113828-2025-05-26ptba_laporan_berkelanjutan113825,True,"Merujuk Undang-Undang No. 31 Tahun 1999 jo. Undang-Undang No. 20 Tahun 2001 tentang Pemberantasan Tindak Pidana Korupsi, pengertian korupsi mencakup perbuatan melawan hukum, memperkaya diri orang/badan lain yang merugikan keuangan/perekonomian negara (pasal 2); menyalahgunakan kewenangan karena jabatan/kedudukan yang dapat merugikan keuangan/kedudukan yang dapat merugikan keuangan/perekonomian negara (pasal 3); kelompok delik penyuapan (pasal 5,6, dan 11); kelompok delik penggelapan dalam jabatan (pasal 8, 9, dan 10); delik pemerasan dalam jabatan (pasal 12); delik yang berkaitan dengan pemborongan (pasal 7); hingga delik gratifikasi (pasal 12B dan 12C).",662,93,id,governance,g,commitment,neutral,0.0,governance|environmental-claims,Reference to anti-corruption law and detailed definition of corruption including various types of corrupt practices,commitment,lexical_or_climate_commitment,commitment,False,False,False,True,False
r088_010,88,10,2026-04-08T03:03:36.232065Z,arcee-ai/trinity-large-preview:free,tone_chain_of_thought_indonesian.md,20250526113828-2025-05-26ptba_laporan_berkelanjutan113825_pdf/batch_5,20250526113828-2025-05-26ptba_laporan_berkelanjutan113825,True,"Ketegasan terhadap antikorupsi diimplementasikan Perusahaan antara lain dengan tidak memberi dan menerima hadiah serta gratifikasi yang diperkirakan akan memengaruhi independensi dalam proses pengambilan keputusan, serta bertentangan dengan etika bisnis yang sehat dan/atau bertentangan dengan hukum yang berlaku.",313,38,id,governance,g,commitment,neutral,0.0,governance|environmental-claims,Description of implementation of anti-corruption stance including prohibition of gifts and gratuities that could influence decision-making,commitment,lexical_or_climate_commitment,commitment,False,False,False,True,False
r088_011,88,11,2026-04-08T03:03:36.232065Z,arcee-ai/trinity-large-preview:free,tone_chain_of_thought_indonesian.md,20250526113828-2025-05-26ptba_laporan_berkelanjutan113825_pdf/batch_5,20250526113828-2025-05-26ptba_laporan_berkelanjutan113825,True,Komitmen antikorupsi tersebut dikukuhkan dengan beberapa kebijakan di PTBA di antaranya Keputusan Bersama Dewan Komisaris dan Direksi PTBA Nomor:10/SK/PTBA-DEKOM/IX/2020 dan Nomor:400/0100/2020 tentang Penerapan Prinsip dan Praktik Good Corporate Governance Untuk Kebijakan Anti Gratifikasi di PT Bukit Asam Tbk dan Pedoman Pengendalian Gratifikasi BAAGM:03 Nomor Revisi 1 tahun 2024.,384,58,mixed,governance,g,commitment,neutral,0.0,governance|environmental-claims,Reference to specific policies and guidelines that strengthen anti-corruption commitment,commitment,lexical_or_climate_commitment,commitment,False,False,False,True,False
r088_012,88,12,2026-04-08T03:03:36.232065Z,arcee-ai/trinity-large-preview:free,tone_chain_of_thought_indonesian.md,20250526113828-2025-05-26ptba_laporan_berkelanjutan113825_pdf/batch_5,20250526113828-2025-05-26ptba_laporan_berkelanjutan113825,True,"Lebih lanjut, untuk memperkecil, bahkan menutup peluang terjadinya korupsi, PTBA telah melakukan pemetaan dan pengkajian risiko dalam mata rantai dan operasional usaha yang berpotensi besar terjadi korupsi. Berdasarkan pemetaan tersebut, diidentifikasi 82% dari operasi memiliki risiko terkait korupsi.",302,38,id,governance,g,action,neutral,0.0,governance|risk,"Description of risk mapping and assessment to minimize corruption opportunities, with specific finding that 82% of operations have corruption-related risks",outcome,lexical_outcome,action,False,False,False,False,False
r090_000,90,0,2026-04-23T03:59:04.359145Z,openai/gpt-oss-120b:free,data.md,Indonet-Annual-Report-2022_pdf/batch_1,Indonet-Annual-Report-2022,True,"With the Renewable Energy Certificate obtained by its subsidiary from PLN, the Company is able to realize its commitment to support the sustainability goals of its customers through the use of sustainable energy.",212,33,en,missing,e,missing,commitment,,climate-commitment|environmental-claims,,outcome,lexical_outcome,outcome,True,True,True,True,False
r090_001,90,1,2026-04-23T03:59:04.359145Z,openai/gpt-oss-120b:free,data.md,Indonet-Annual-Report-2022_pdf/batch_1,Indonet-Annual-Report-2022,True,"The Company has also established numerous strategic partnerships which will support the business to expand services, enhance customer response times, and maximize its potential growth in Indonesia.",197,27,en,missing,none,missing,none,,none,,commitment,lexical_or_climate_commitment,commitment,True,False,False,False,False
r091_000,91,0,2026-04-23T03:59:18.647532Z,openai/gpt-oss-120b:free,data.md,Indonet-Annual-Report-2022_pdf/batch_2,Indonet-Annual-Report-2022,True,"With the Renewable Energy Certificate obtained by its subsidiary from PLN, the Company is able to realize its commitment to support the sustainability goals of its customers through the use of sustainable energy.",212,33,en,missing,e,missing,positive,,climate-commitment|environmental-claims,,outcome,lexical_outcome,outcome,True,False,True,True,False
r091_001,91,1,2026-04-23T03:59:18.647532Z,openai/gpt-oss-120b:free,data.md,Indonet-Annual-Report-2022_pdf/batch_2,Indonet-Annual-Report-2022,True,Based on Notarial Deed No. 122 dated 27 October 2020 ... the Company's shareholders has approved the following decisions: a. Approved the Company's plan to conduct an Initial Public Offering (IPO) ... b. Approved the change in status of the Company from a Private Company to a Public Company ...,295,49,en,missing,g,missing,commitment,,governance|strategy,,none,fallback_none,none,True,True,False,False,False
r092_000,92,0,2026-04-23T03:59:31.098672Z,openai/gpt-oss-120b:free,data.md,Indonet-Annual-Report-2022_pdf/batch_3,Indonet-Annual-Report-2022,True,"With the Renewable Energy Certificate obtained by its subsidiary from PLN, the Company is able to realize its commitment to support the sustainability goals of its customers through the use of sustainable energy.",212,33,en,missing,e,missing,positive,,climate-commitment|environmental-claims,,outcome,lexical_outcome,outcome,True,False,True,True,False
r092_001,92,1,2026-04-23T03:59:31.098672Z,openai/gpt-oss-120b:free,data.md,Indonet-Annual-Report-2022_pdf/batch_3,Indonet-Annual-Report-2022,True,The composition of the Company's Audit Committee as at 31 December 2022 and 2021 are as follows:,96,18,en,missing,g,missing,neutral,,governance,,commitment,lexical_or_climate_commitment,commitment,True,False,False,False,False
r093_000,93,0,2026-04-23T03:59:40.895877Z,openai/gpt-oss-120b:free,data.md,Indonet-Annual-Report-2022_pdf/batch_4,Indonet-Annual-Report-2022,True,"With the Renewable Energy Certificate obtained by its subsidiary from PLN, the Company is able to realize its commitment to support the sustainability goals of its customers through the use of sustainable energy.",212,33,en,missing,e,missing,positive,,climate-commitment|environmental-claims,,outcome,lexical_outcome,outcome,True,False,True,True,False
r094_000,94,0,2026-04-23T03:59:52.536695Z,openai/gpt-oss-120b:free,data.md,Indonet-Annual-Report-2022_pdf/batch_5,Indonet-Annual-Report-2022,True,"Dengan adanya Sertifikat Energi Terbarukan yang diperoleh entitas anaknya dari PLN, Perseroan mampu mewujudkan komitmennya dalam mendukung tujuan keberlanjutan para pelanggan melalui penggunaan energi berkelanjutan.",215,25,id,missing,e,missing,commitment,,climate-commitment|environmental-claims,,commitment,lexical_or_climate_commitment,commitment,True,True,True,True,False
r094_001,94,1,2026-04-23T03:59:52.536695Z,openai/gpt-oss-120b:free,data.md,Indonet-Annual-Report-2022_pdf/batch_5,Indonet-Annual-Report-2022,True,"Through various strategic moves taken to overcome the existing limitations, the Company will continue to seize existing opportunities in order to create added value and sustainable growth in the future.",202,30,en,missing,e,missing,commitment,,opportunity|strategy|climate-commitment,,commitment,lexical_or_climate_commitment,commitment,True,True,True,False,False
r095_000,95,0,2026-04-23T04:00:06.410618Z,openai/gpt-oss-120b:free,data.md,Indonet-Annual-Report-2022_pdf/batch_6,Indonet-Annual-Report-2022,True,"With the Renewable Energy Certificate obtained by its subsidiary from PLN, the Company is able to realize its commitment to support the sustainability goals of its customers through the use of sustainable energy.",212,33,en,missing,e,missing,commitment,,climate-commitment|environmental-claims,,outcome,lexical_outcome,outcome,True,True,True,True,False
r095_001,95,1,2026-04-23T04:00:06.410618Z,openai/gpt-oss-120b:free,data.md,Indonet-Annual-Report-2022_pdf/batch_6,Indonet-Annual-Report-2022,True,"The Company has also established numerous strategic partnerships which will support the business to expand services, enhance customer response times, and maximize its potential growth in Indonesia.",197,27,en,missing,g,missing,positive,,governance|strategy,,commitment,lexical_or_climate_commitment,commitment,True,False,False,False,False
r095_002,95,2,2026-04-23T04:00:06.410618Z,openai/gpt-oss-120b:free,data.md,Indonet-Annual-Report-2022_pdf/batch_6,Indonet-Annual-Report-2022,True,"Through various strategic moves taken to overcome the existing limitations, the Company will continue to seize existing opportunities in order to create added value and sustainable growth in the future.",202,30,en,missing,g,missing,commitment,,opportunity|strategy,,commitment,lexical_or_climate_commitment,commitment,True,True,False,False,False
r096_000,96,0,2026-04-23T04:00:22.574827Z,openai/gpt-oss-120b:free,data.md,Indonet-Annual-Report-2022_pdf/batch_7,Indonet-Annual-Report-2022,True,"With the Renewable Energy Certificate obtained by its subsidiary from PLN, the Company is able to realize its commitment to support the sustainability goals of its customers through the use of sustainable energy.",212,33,en,missing,e,missing,commitment,,climate-commitment|environmental-claims,,outcome,lexical_outcome,outcome,True,True,True,True,False
r096_001,96,1,2026-04-23T04:00:22.574827Z,openai/gpt-oss-120b:free,data.md,Indonet-Annual-Report-2022_pdf/batch_7,Indonet-Annual-Report-2022,True,"Through various strategic moves taken to overcome the existing limitations, the Company will continue to seize existing opportunities in order to create added value and sustainable growth in the future.",202,30,en,missing,s,missing,commitment,,opportunity|strategy,,commitment,lexical_or_climate_commitment,commitment,True,True,False,False,False
r096_002,96,2,2026-04-23T04:00:22.574827Z,openai/gpt-oss-120b:free,data.md,Indonet-Annual-Report-2022_pdf/batch_7,Indonet-Annual-Report-2022,True,"The Company has also established numerous strategic partnerships which will support the business to expand services, enhance customer response times, and maximize its potential growth in Indonesia.",197,27,en,missing,none,missing,neutral,,none,,commitment,lexical_or_climate_commitment,commitment,True,False,False,False,False
r097_000,97,0,2026-04-23T04:00:33.979538Z,openai/gpt-oss-120b:free,data.md,Indonet-Annual-Report-2022_pdf/batch_8,Indonet-Annual-Report-2022,True,"With the Renewable Energy Certificate obtained by its subsidiary from PLN, the Company is able to realize its commitment to support the sustainability goals of its customers through the use of sustainable energy.",212,33,en,missing,e,missing,commitment,,climate-commitment|environmental-claims,,outcome,lexical_outcome,outcome,True,True,True,True,False
r098_000,98,0,2026-04-23T04:00:49.505609Z,openai/gpt-oss-120b:free,data.md,Indonet-Annual-Report-2022_pdf/batch_9,Indonet-Annual-Report-2022,True,"With the Renewable Energy Certificate obtained by its subsidiary from PLN, the Company is able to realize its commitment to support the sustainability goals of its customers through the use of sustainable energy.",212,33,en,missing,e,missing,commitment,,climate-commitment|environmental-claims,,outcome,lexical_outcome,outcome,True,True,True,True,False
r098_001,98,1,2026-04-23T04:00:49.505609Z,openai/gpt-oss-120b:free,data.md,Indonet-Annual-Report-2022_pdf/batch_9,Indonet-Annual-Report-2022,True,"The Company has also established numerous strategic partnerships which will support the business to expand services, enhance customer response times, and maximize its potential growth in Indonesia.",197,27,en,missing,none,missing,neutral,,strategy|opportunity,,commitment,lexical_or_climate_commitment,commitment,True,False,False,False,False
r098_002,98,2,2026-04-23T04:00:49.505609Z,openai/gpt-oss-120b:free,data.md,Indonet-Annual-Report-2022_pdf/batch_9,Indonet-Annual-Report-2022,True,"Management periodically evaluates its tax positions with respect to situations in which applicable tax regulation is subject to interpretation. Where appropriate, management establishes provisions based on the amounts expected to be paid to the tax authorities.",261,36,en,missing,g,missing,neutral,,governance|metrics,,action,lexical_or_climate_action,action,True,False,False,False,False
r098_003,98,3,2026-04-23T04:00:49.505609Z,openai/gpt-oss-120b:free,data.md,Indonet-Annual-Report-2022_pdf/batch_9,Indonet-Annual-Report-2022,True,The Group has defined benefit and defined contribution plans and is required to provide minimum pension benefits as stipulated in the Omnibus Law and related regulations.,170,26,en,missing,g,missing,neutral,,governance|metrics,,none,fallback_none,none,True,False,False,False,False
r099_000,99,0,2026-04-23T04:01:06.456359Z,openai/gpt-oss-120b:free,data.md,Indonet-Annual-Report-2022_pdf/batch_10,Indonet-Annual-Report-2022,True,"With the Renewable Energy Certificate obtained by its subsidiary from PLN, the Company is able to realize its commitment to support the sustainability goals of its customers through the use of sustainable energy.",212,33,en,missing,e,missing,positive,,climate-commitment|environmental-claims,,outcome,lexical_outcome,outcome,True,False,True,True,False
r099_001,99,1,2026-04-23T04:01:06.456359Z,openai/gpt-oss-120b:free,data.md,Indonet-Annual-Report-2022_pdf/batch_10,Indonet-Annual-Report-2022,True,"The Company has also established numerous strategic partnerships which will support the business to expand services, enhance customer response times, and maximize its potential growth in Indonesia.",197,27,en,missing,s,missing,positive,,strategy|opportunity,,commitment,lexical_or_climate_commitment,commitment,True,False,False,False,False
r099_002,99,2,2026-04-23T04:01:06.456359Z,openai/gpt-oss-120b:free,data.md,Indonet-Annual-Report-2022_pdf/batch_10,Indonet-Annual-Report-2022,True,"Through various strategic moves taken to overcome the existing limitations, the Company will continue to seize existing opportunities in order to create added value and sustainable growth in the future.",202,30,en,missing,g,missing,commitment,,strategy|commitment,,commitment,lexical_or_climate_commitment,commitment,True,True,False,False,False
r099_003,99,3,2026-04-23T04:01:06.456359Z,openai/gpt-oss-120b:free,data.md,Indonet-Annual-Report-2022_pdf/batch_10,Indonet-Annual-Report-2022,True,The Group assesses whether a contract is or contains a lease and recognises right‑of‑use assets and lease liabilities in accordance with accounting standards.,158,25,en,missing,g,missing,neutral,,governance|metrics,,none,fallback_none,none,True,False,False,False,False
r099_004,99,4,2026-04-23T04:01:06.456359Z,openai/gpt-oss-120b:free,data.md,Indonet-Annual-Report-2022_pdf/batch_10,Indonet-Annual-Report-2022,True,"The Group does not recognise right‑of‑use assets and lease liabilities for short‑term leases or low‑value assets, charging payments to profit or loss on a straight‑line basis.",175,31,en,missing,g,missing,neutral,,governance|metrics,,none,fallback_none,none,True,False,False,False,False
r099_005,99,5,2026-04-23T04:01:06.456359Z,openai/gpt-oss-120b:free,data.md,Indonet-Annual-Report-2022_pdf/batch_10,Indonet-Annual-Report-2022,True,Actuarial gains and losses arising from experience adjustments and changes in actuarial assumptions are charged or credited to equity in other comprehensive income in the period in which they arise.,198,30,en,missing,g,missing,neutral,,governance|metrics,,none,fallback_none,none,True,False,False,False,False
r100_000,100,0,2026-04-23T04:01:19.655290Z,openai/gpt-oss-120b:free,data.md,Indonet-Annual-Report-2022_pdf/batch_11,Indonet-Annual-Report-2022,True,"Dengan adanya Sertifikat Energi Terbarukan yang diperoleh entitas anaknya dari PLN, Perseroan mampu mewujudkan komitmennya dalam mendukung tujuan keberlanjutan para pelanggan melalui penggunaan energi berkelanjutan.",215,25,id,missing,e,missing,commitment,,climate-commitment|environmental-claims,,commitment,lexical_or_climate_commitment,commitment,True,True,True,True,False
r100_001,100,1,2026-04-23T04:01:19.655290Z,openai/gpt-oss-120b:free,data.md,Indonet-Annual-Report-2022_pdf/batch_11,Indonet-Annual-Report-2022,True,"With the Renewable Energy Certificate obtained by its subsidiary from PLN, the Company is able to realize its commitment to support the sustainability goals of its customers through the use of sustainable energy.",212,33,en,missing,e,missing,commitment,,climate-commitment|environmental-claims,,outcome,lexical_outcome,outcome,True,True,True,True,False
r101_000,101,0,2026-04-23T04:01:38.082115Z,openai/gpt-oss-120b:free,data.md,Indonet-Annual-Report-2022_pdf/batch_12,Indonet-Annual-Report-2022,True,"With the Renewable Energy Certificate obtained by its subsidiary from PLN, the Company is able to realize its commitment to support the sustainability goals of its customers through the use of sustainable energy.",212,33,en,missing,e,missing,positive,,climate-commitment|environmental-claims,,outcome,lexical_outcome,outcome,True,False,True,True,False
r101_001,101,1,2026-04-23T04:01:38.082115Z,openai/gpt-oss-120b:free,data.md,Indonet-Annual-Report-2022_pdf/batch_12,Indonet-Annual-Report-2022,True,"The Group's activities are exposed to a variety of financial risks such as foreign exchange risk, credit risk and liquidity risk.",129,22,en,missing,g,missing,neutral,,risk,,none,fallback_none,none,True,False,False,False,False
r101_002,101,2,2026-04-23T04:01:38.082115Z,openai/gpt-oss-120b:free,data.md,Indonet-Annual-Report-2022_pdf/batch_12,Indonet-Annual-Report-2022,True,Risk management is carried out by the management of the Group under the direction of the Board of Directors. The Board of Directors identifies and evaluates financial risks.,173,28,en,missing,g,missing,neutral,,governance|risk,,action,lexical_or_climate_action,action,True,False,False,False,False
r101_003,101,3,2026-04-23T04:01:38.082115Z,openai/gpt-oss-120b:free,data.md,Indonet-Annual-Report-2022_pdf/batch_12,Indonet-Annual-Report-2022,True,Final dividends distributions are recognised as a liability when the dividends are approved in the Company's General Meeting of Shareholders.,141,21,en,missing,g,missing,neutral,,governance,,none,fallback_none,none,True,False,False,False,False
r102_000,102,0,2026-04-23T04:02:22.435200Z,openai/gpt-oss-120b:free,data.md,Indonet-Annual-Report-2022_pdf/batch_13,Indonet-Annual-Report-2022,True,The Group is exposed to credit risk arising from the credit granted to its customers.,85,15,en,missing,g,missing,neutral,,risk,,none,fallback_none,none,True,False,False,False,False
r102_001,102,1,2026-04-23T04:02:22.435200Z,openai/gpt-oss-120b:free,data.md,Indonet-Annual-Report-2022_pdf/batch_13,Indonet-Annual-Report-2022,True,"To mitigate this risk, the Group sends the invoices at the beginning of the month and grants a term to personal and corporate customers up to the date of 20th of every month, respectively, to pay the invoice.",208,38,en,missing,g,missing,positive,,risk|governance,,none,fallback_none,none,True,False,False,False,False
r102_002,102,2,2026-04-23T04:02:22.435200Z,openai/gpt-oss-120b:free,data.md,Indonet-Annual-Report-2022_pdf/batch_13,Indonet-Annual-Report-2022,True,"If up to those dates, the customers do not pay the invoice, the Group will hold the access given to customers, collection department or the sales representative will contact the corporate customer to ask the continuity of the service given by the Group.",253,43,en,missing,g,missing,neutral,,risk,,commitment,lexical_or_climate_commitment,commitment,True,False,False,False,False
r102_003,102,3,2026-04-23T04:02:22.435200Z,openai/gpt-oss-120b:free,data.md,Indonet-Annual-Report-2022_pdf/batch_13,Indonet-Annual-Report-2022,True,"In addition, receivable balances are monitored on an ongoing basis to reduce the Group's exposure to bad debts.",111,19,en,missing,g,missing,positive,,risk|governance,,outcome,lexical_outcome,outcome,True,False,False,False,False
r102_004,102,4,2026-04-23T04:02:22.435200Z,openai/gpt-oss-120b:free,data.md,Indonet-Annual-Report-2022_pdf/batch_13,Indonet-Annual-Report-2022,True,"As at 31 December 2022, cash in bank and time deposits maintained with PT Bank China Construction Bank Indonesia Tbk, PT Bank Central Asia Tbk, PT Bank KEB Hana Indonesia, PT OCBC NISP Tbk and PT BPR Sarana Utama Multidana represent 36%, 31%, 16%, 4%, and 3% respectively, of total cash and cash equivalent also constitutes a concentration of credit risk.",355,61,en,missing,g,missing,neutral,,risk|metrics,,none,fallback_none,none,True,False,False,False,False
r102_005,102,5,2026-04-23T04:02:22.435200Z,openai/gpt-oss-120b:free,data.md,Indonet-Annual-Report-2022_pdf/batch_13,Indonet-Annual-Report-2022,True,"As at 31 December 2021, cash in bank and time deposits maintained with PT Bank China Construction Bank Indonesia Tbk, PT Bank Central Asia Tbk, PT Bank KEB Hana Indonesia, PT Bank Sahabat Sampoerna and PT BPR Sarana Utama Multidana represent 54%, 22%, 13%, 3%, and 3% respectively, of total cash and cash equivalent also constitutes a concentration of credit risk.",364,61,en,missing,g,missing,neutral,,risk|metrics,,none,fallback_none,none,True,False,False,False,False
r102_006,102,6,2026-04-23T04:02:22.435200Z,openai/gpt-oss-120b:free,data.md,Indonet-Annual-Report-2022_pdf/batch_13,Indonet-Annual-Report-2022,True,The Group maximum exposure to credit risk for each class of financial assets as at 31 December 2022 and 2021 is equal to the carrying amounts as presented in the consolidated statement of financial position.,207,35,en,missing,g,missing,neutral,,risk|metrics,,none,fallback_none,none,True,False,False,False,False
r102_007,102,7,2026-04-23T04:02:22.435200Z,openai/gpt-oss-120b:free,data.md,Indonet-Annual-Report-2022_pdf/batch_13,Indonet-Annual-Report-2022,True,Liquidity risk is the risk that the Group will encounter difficulty in meeting financial obligations due to shortage of funds.,126,20,en,missing,g,missing,neutral,,risk,,commitment,lexical_or_climate_commitment,commitment,True,False,False,False,False
r102_008,102,8,2026-04-23T04:02:22.435200Z,openai/gpt-oss-120b:free,data.md,Indonet-Annual-Report-2022_pdf/batch_13,Indonet-Annual-Report-2022,True,"The Group manages its liquidity profile to be able to finance its business activities and capital expenditures and to settle its debts by maintaining sufficient cash and cash equivalents, and the availability of funding through an adequate amount of committed credit facilities.",278,42,en,missing,g,missing,positive,,risk|governance,,commitment,lexical_or_climate_commitment,commitment,True,False,False,False,False
r102_009,102,9,2026-04-23T04:02:22.435200Z,openai/gpt-oss-120b:free,data.md,Indonet-Annual-Report-2022_pdf/batch_13,Indonet-Annual-Report-2022,True,"The Group regularly evaluates its projected and actual cash flow information and continuously assesses conditions in the financial markets for opportunities to pursue fund‑raising initiatives, including bank loans and equity markets.",233,32,en,missing,g,missing,positive,,risk|opportunity|governance,,none,fallback_none,none,True,False,False,False,False
r103_000,103,0,2026-04-23T04:02:41.815725Z,openai/gpt-oss-120b:free,data.md,Indonet-Annual-Report-2022_pdf/batch_14,Indonet-Annual-Report-2022,True,"With the Renewable Energy Certificate obtained by its subsidiary from PLN, the Company is able to realize its commitment to support the sustainability goals of its customers through the use of sustainable energy.",212,33,en,missing,e,missing,positive,,climate-commitment|environmental-claims,,outcome,lexical_outcome,outcome,True,False,True,True,False
r103_001,103,1,2026-04-23T04:02:41.815725Z,openai/gpt-oss-120b:free,data.md,Indonet-Annual-Report-2022_pdf/batch_14,Indonet-Annual-Report-2022,True,The Group performs a regular review of the impact of interest rate risk to manage the interest rate risk through preparation of regular cash flow projections to monitor the payment of borrowings principal and interest. Interest rates are monitored to minimise negative impact on the Group.,289,46,en,missing,g,missing,neutral,,risk|governance,,none,fallback_none,none,True,False,False,False,False
r103_002,103,2,2026-04-23T04:02:41.815725Z,openai/gpt-oss-120b:free,data.md,Indonet-Annual-Report-2022_pdf/batch_14,Indonet-Annual-Report-2022,True,"The Group's objectives when managing capital are to safeguard the Group's ability to continue as a going concern whilst seeking to maximise benefits to shareholders and other stakeholders. The Group periodically reviews and manages its optimal capital structure and shareholder returns, taking into consideration future capital requirements, profitability, operating cash flows, capital expenditure and strategic investment opportunities.",438,59,en,missing,g,missing,neutral,,risk|governance,,none,fallback_none,none,True,False,False,False,False
r104_000,104,0,2026-04-23T04:02:55.647646Z,openai/gpt-oss-120b:free,data.md,Indonet-Annual-Report-2022_pdf/batch_15,Indonet-Annual-Report-2022,True,"Dengan adanya Sertifikat Energi Terbarukan yang diperoleh entitas anaknya dari PLN, Perseroan mampu mewujudkan komitmennya dalam mendukung tujuan keberlanjutan para pelanggan melalui penggunaan energi berkelanjutan.",215,25,id,missing,e,missing,commitment,,climate-commitment|environmental-claims,,commitment,lexical_or_climate_commitment,commitment,True,True,True,True,False
r104_001,104,1,2026-04-23T04:02:55.647646Z,openai/gpt-oss-120b:free,data.md,Indonet-Annual-Report-2022_pdf/batch_15,Indonet-Annual-Report-2022,True,"With the Renewable Energy Certificate obtained by its subsidiary from PLN, the Company is able to realize its commitment to support the sustainability goals of its customers through the use of sustainable energy.",212,33,en,missing,e,missing,commitment,,climate-commitment|environmental-claims,,outcome,lexical_outcome,outcome,True,True,True,True,False
r105_000,105,0,2026-04-23T04:03:08.801005Z,openai/gpt-oss-120b:free,data.md,Indonet-Annual-Report-2022_pdf/batch_16,Indonet-Annual-Report-2022,True,"With the Renewable Energy Certificate obtained by its subsidiary from PLN, the Company is able to realize its commitment to support the sustainability goals of its customers through the use of sustainable energy.",212,33,en,missing,e,missing,positive,,climate-commitment|environmental-claims,,outcome,lexical_outcome,outcome,True,False,True,True,False
r105_001,105,1,2026-04-23T04:03:08.801005Z,openai/gpt-oss-120b:free,data.md,Indonet-Annual-Report-2022_pdf/batch_16,Indonet-Annual-Report-2022,True,"Through various strategic moves taken to overcome the existing limitations, the Company will continue to seize existing opportunities in order to create added value and sustainable growth in the future.",202,30,en,missing,e,missing,commitment,,opportunity,,commitment,lexical_or_climate_commitment,commitment,True,True,False,False,False
r106_000,106,0,2026-04-23T04:03:16.761314Z,openai/gpt-oss-120b:free,data.md,Indonet-Annual-Report-2022_pdf/batch_17,Indonet-Annual-Report-2022,True,"With the Renewable Energy Certificate obtained by its subsidiary from PLN, the Company is able to realize its commitment to support the sustainability goals of its customers through the use of sustainable energy.",212,33,en,missing,e,missing,positive,,climate-commitment|environmental-claims,,outcome,lexical_outcome,outcome,True,False,True,True,False
r107_000,107,0,2026-04-23T04:03:35.644218Z,openai/gpt-oss-120b:free,data.md,Indonet-Annual-Report-2022_pdf/batch_18,Indonet-Annual-Report-2022,True,"With the Renewable Energy Certificate obtained by its subsidiary from PLN, the Company is able to realize its commitment to support the sustainability goals of its customers through the use of sustainable energy.",212,33,en,missing,e,missing,positive,,environmental-claims|climate-commitment,,outcome,lexical_outcome,outcome,True,False,True,True,False
r107_001,107,1,2026-04-23T04:03:35.644218Z,openai/gpt-oss-120b:free,data.md,Indonet-Annual-Report-2022_pdf/batch_18,Indonet-Annual-Report-2022,True,Based on the Minister of Finance of the Republic of Indonesia regulation No. 150/PMK.010/2018 ... EDG applied for tax holiday facility through online single submission (OSS) on 18 December 2019.,194,32,en,missing,g,missing,commitment,,governance|strategy,,none,fallback_none,none,True,True,False,False,False
r107_002,107,2,2026-04-23T04:03:35.644218Z,openai/gpt-oss-120b:free,data.md,Indonet-Annual-Report-2022_pdf/batch_18,Indonet-Annual-Report-2022,True,"On 30 December 2019, the Minister of Finance ... issued Decree ... regarding the granting of corporate income tax reduction facility to EDG ... Up to the completion date of these consolidated financial statements, the application for tax holiday facility is still in the process of review by DGT.",296,46,en,missing,g,missing,neutral,,governance|risk,,none,fallback_none,none,True,False,False,False,False
r107_003,107,3,2026-04-23T04:03:35.644218Z,openai/gpt-oss-120b:free,data.md,Indonet-Annual-Report-2022_pdf/batch_18,Indonet-Annual-Report-2022,True,"The Company received Underpayment Tax Assessment Letters ... for VAT and PPh 26, did not pay, filed objections and appeals, which were rejected, and later paid the underpayment with penalties.",192,29,en,missing,g,missing,negative,,governance|risk,,none,fallback_none,none,True,False,False,False,False
r108_000,108,0,2026-04-23T04:03:57.337683Z,openai/gpt-oss-120b:free,data.md,Indonet-Annual-Report-2022_pdf/batch_19,Indonet-Annual-Report-2022,True,"With the Renewable Energy Certificate obtained by its subsidiary from PLN, the Company is able to realize its commitment to support the sustainability goals of its customers through the use of sustainable energy.",212,33,en,missing,e,missing,positive,,climate-commitment|environmental-claims|strategy,,outcome,lexical_outcome,outcome,True,False,True,True,False
r108_001,108,1,2026-04-23T04:03:57.337683Z,openai/gpt-oss-120b:free,data.md,Indonet-Annual-Report-2022_pdf/batch_19,Indonet-Annual-Report-2022,True,"The Company has also established numerous strategic partnerships which will support the business to expand services, enhance customer response times, and maximize its potential growth in Indonesia.",197,27,en,missing,none,missing,neutral,,opportunity|strategy,,commitment,lexical_or_climate_commitment,commitment,True,False,False,False,False
r108_002,108,2,2026-04-23T04:03:57.337683Z,openai/gpt-oss-120b:free,data.md,Indonet-Annual-Report-2022_pdf/batch_19,Indonet-Annual-Report-2022,True,"On 15 December 2014, the Company filed a judicial review to the Supreme Court of the Republic of Indonesia. On 23 August 2021, the Company received a copy of Supreme Court Verdict that decided to reject the judicial review on the Tax Court decision letter related to PPh 26. The Company accepted the decision and recorded it as “Other operating expense” account amounted to Rp892 in 2021 consolidated statement of profit or loss and other comprehensive income.",460,77,en,missing,g,missing,neutral,,risk|governance,,none,fallback_none,none,True,False,False,False,False
r108_003,108,3,2026-04-23T04:03:57.337683Z,openai/gpt-oss-120b:free,data.md,Indonet-Annual-Report-2022_pdf/batch_19,Indonet-Annual-Report-2022,True,"On 30 November 2021, the Tax Court fully approved the Company’s appeal in the amount of Rp3,485 and subsequently received the cash refund on 27 January 2022.",157,29,en,missing,g,missing,positive,,risk|governance|metrics,,none,fallback_none,none,True,False,False,False,False
r108_004,108,4,2026-04-23T04:03:57.337683Z,openai/gpt-oss-120b:free,data.md,Indonet-Annual-Report-2022_pdf/batch_19,Indonet-Annual-Report-2022,True,"The deferred tax assets for the years ended 31 December 2022 and 2021 are presented in the table, showing amounts related to employee benefits, long‑term liabilities, fixed assets, and other items.",197,32,en,missing,g,missing,neutral,,metrics,,none,fallback_none,none,True,False,False,False,False
r109_000,109,0,2026-04-23T04:04:07.243151Z,openai/gpt-oss-120b:free,data.md,Indonet-Annual-Report-2022_pdf/batch_20,Indonet-Annual-Report-2022,True,"With the Renewable Energy Certificate obtained by its subsidiary from PLN, the Company is able to realize its commitment to support the sustainability goals of its customers through the use of sustainable energy.",212,33,en,missing,e,missing,commitment,,climate-commitment|environmental-claims|climate-specificity,,outcome,lexical_outcome,outcome,True,True,True,True,False
