This is pdfTeX, Version 3.141592653-2.6-1.40.27 (TeX Live 2025) (preloaded format=pdflatex 2025.10.27)  9 JUN 2026 14:51
entering extended mode
 \write18 enabled.
 %&-line parsing enabled.
**main.tex
(./main.tex
LaTeX2e <2025-06-01> patch level 1
L3 programming layer <2025-05-26>
(./dithesis.cls
Document Class: dithesis 2025/06/09 Diploma Thesis Class
(/usr/local/texlive/2025/texmf-dist/tex/latex/base/report.cls
Document Class: report 2025/01/22 v1.4n Standard LaTeX document class
(/usr/local/texlive/2025/texmf-dist/tex/latex/base/size12.clo
File: size12.clo 2025/01/22 v1.4n Standard LaTeX file (size option)
)
\c@part=\count275
\c@chapter=\count276
\c@section=\count277
\c@subsection=\count278
\c@subsubsection=\count279
\c@paragraph=\count280
\c@subparagraph=\count281
\c@figure=\count282
\c@table=\count283
\abovecaptionskip=\skip49
\belowcaptionskip=\skip50
\bibindent=\dimen148
) (/usr/local/texlive/2025/texmf-dist/tex/latex/base/inputenc.sty
Package: inputenc 2024/02/08 v1.3d Input encoding file
\inpenc@prehook=\toks17
\inpenc@posthook=\toks18
) (/usr/local/texlive/2025/texmf-dist/tex/latex/base/fontenc.sty
Package: fontenc 2024/12/21 v2.1c Standard LaTeX package
) (/usr/local/texlive/2025/texmf-dist/tex/latex/etoolbox/etoolbox.sty
Package: etoolbox 2025/02/11 v2.5l e-TeX tools for LaTeX (JAW)
\etb@tempcnta=\count284
) (/usr/local/texlive/2025/texmf-dist/tex/latex/base/ifthen.sty
Package: ifthen 2024/03/16 v1.1e Standard LaTeX ifthen package (DPC)
) (/usr/local/texlive/2025/texmf-dist/tex/generic/xstring/xstring.sty (/usr/local/texlive/2025/texmf-dist/tex/generic/xstring/xstring.tex
\xs_counta=\count285
\xs_countb=\count286
)
Package: xstring 2023/08/22 v1.86 String manipulations (CT)
) (/usr/local/texlive/2025/texmf-dist/tex/latex/titlesec/titlesec.sty
Package: titlesec 2025/01/04 v2.17 Sectioning titles
\ttl@box=\box53
\beforetitleunit=\skip51
\aftertitleunit=\skip52
\ttl@plus=\dimen149
\ttl@minus=\dimen150
\ttl@toksa=\toks19
\titlewidth=\dimen151
\titlewidthlast=\dimen152
\titlewidthfirst=\dimen153
) (/usr/local/texlive/2025/texmf-dist/tex/latex/titlecaps/titlecaps.sty
Package: titlecaps 2022/04/12\ 1.3\ Routines for setting rich-text input into Titling Caps
(/usr/local/texlive/2025/texmf-dist/tex/latex/ifnextok/ifnextok.sty
Package: ifnextok 2011/06/27 v0.3 test next token (UL)
)
\c@lcword@index=\count287
\c@word@count=\count288
\c@lc@words=\count289
\c@dia@count=\count290
\c@arg@@@index=\count291
) (/usr/local/texlive/2025/texmf-dist/tex/latex/chngcntr/chngcntr.sty
Package: chngcntr 2018/04/09 v1.1a change counter resetting
Package chngcntr Info: \counterwithout already defined.
(chngcntr)             Quitting chngcntr on input line 21.
) (/usr/local/texlive/2025/texmf-dist/tex/latex/appendix/appendix.sty
Package: appendix 2020/02/08 v1.2c extra appendix facilities
\c@@pps=\count292
\c@@ppsavesec=\count293
\c@@ppsaveapp=\count294
) (/usr/local/texlive/2025/texmf-dist/tex/latex/newfile/newfile.sty
Package: newfile 2009/09/03 v1.0c Output and input files
(/usr/local/texlive/2025/texmf-dist/tex/latex/tools/verbatim.sty
Package: verbatim 2024-01-22 v1.5x LaTeX2e package for verbatim enhancements
\every@verbatim=\toks20
\verbatim@line=\toks21
\verbatim@in@stream=\read2
)
\c@streamvline=\count295
) (/usr/local/texlive/2025/texmf-dist/tex/latex/tools/longtable.sty
Package: longtable 2024-12-18 v4.23 Multi-page Table package (DPC)
\LTleft=\skip53
\LTright=\skip54
\LTpre=\skip55
\LTpost=\skip56
\LTchunksize=\count296
\LTcapwidth=\dimen154
\LT@head=\box54
\LT@firsthead=\box55
\LT@foot=\box56
\LT@lastfoot=\box57
\LT@gbox=\box58
\LT@cols=\count297
\LT@rows=\count298
\c@LT@tables=\count299
\c@LT@chunks=\count300
\LT@p@ftn=\toks22
) (/usr/local/texlive/2025/texmf-dist/tex/latex/pdfx/pdfx.sty
Package: pdfx 2024/06/24 v1.6.5f PDF/X and PDF/A support (CVR/HTH/RRM/PS)
\pdfx@minorversion=\count301
\pdfx@majorversion=\count302
(/usr/local/texlive/2025/texmf-dist/tex/generic/iftex/ifluatex.sty
Package: ifluatex 2019/10/25 v1.5 ifluatex legacy package. Use iftex instead.
(/usr/local/texlive/2025/texmf-dist/tex/generic/iftex/iftex.sty
Package: iftex 2024/12/12 v1.0g TeX engine tests
)) (/usr/local/texlive/2025/texmf-dist/tex/generic/iftex/ifpdf.sty
Package: ifpdf 2019/10/25 v3.4 ifpdf legacy package. Use iftex instead.
) (/usr/local/texlive/2025/texmf-dist/tex/generic/iftex/ifxetex.sty
Package: ifxetex 2019/10/25 v0.7 ifxetex legacy package. Use iftex instead.
) (/usr/local/texlive/2025/texmf-dist/tex/latex/everyshi/everyshi.sty
Package: everyshi 2020/11/18 v4.00 EveryShipout Package
){/usr/local/texlive/2025/texmf-var/fonts/map/pdftex/updmap/pdftex.map} (/usr/local/texlive/2025/texmf-dist/tex/latex/pdfx/l8u-penc.def
File: l8u-penc.def 2017/06/23 v0.8 Custom LaTeX file, for UTF8 encoded letters and symbols
LaTeX Encoding Info:    Redeclaring text command \textdoubletilde (encoding L8U) on input line 210.
LaTeX Encoding Info:    Redeclaring text command \texttipaG (encoding L8U) on input line 256.
LaTeX Encoding Info:    Redeclaring text command \texttipam (encoding L8U) on input line 257.
LaTeX Encoding Info:    Redeclaring text command \texttipaM (encoding L8U) on input line 258.
LaTeX Encoding Info:    Redeclaring text command \b (encoding L8U) on input line 278.
LaTeX Encoding Info:    Text composite with undeclared \b in encoding L8U on input line 278.
LaTeX Encoding Info:    Redeclaring text command \textacutemacron (encoding L8U) on input line 323.
LaTeX Encoding Info:    Redeclaring text command \textgravemacron (encoding L8U) on input line 334.
LaTeX Encoding Info:    Redeclaring text command \textacutemacron (encoding L8U) on input line 336.
(/usr/local/texlive/2025/texmf-dist/tex/latex/pdfx/l8ugrk-penc.def
File: l8ugrk-penc.def 2018/11/28 v0.6 Greek support for UTF8 in XMP metadata
) (/usr/local/texlive/2025/texmf-dist/tex/latex/pdfx/l8umath-penc.def
File: l8umath-penc.def 2017/06/23 v0.6 Custom LaTeX file, for UTF8 encoded math symbols
LaTeX Encoding Info:    Redeclaring text command \textmathnormal (encoding L8U) on input line 1340.
)
LaTeX Encoding Info:    Redeclaring text command \textbarl (encoding L8U) on input line 1014.
LaTeX Encoding Info:    Redeclaring text command \textPUlooptoprevesh (encoding L8U) on input line 1032.
LaTeX Encoding Info:    Redeclaring text command \textellipsis (encoding L8U) on input line 2514.
LaTeX Encoding Info:    Redeclaring text command \textfractionsolidus (encoding L8U) on input line 2529.
LaTeX Encoding Info:    Redeclaring text command \texthinferior (encoding L8U) on input line 2618.
LaTeX Encoding Info:    Redeclaring text command \texthslash (encoding L8U) on input line 2678.
LaTeX Encoding Info:    Redeclaring text command \texttrademark (encoding L8U) on input line 2687.
LaTeX Encoding Info:    Redeclaring text command \textleftarrow (encoding L8U) on input line 2780.
LaTeX Encoding Info:    Redeclaring text command \textuparrow (encoding L8U) on input line 2781.
LaTeX Encoding Info:    Redeclaring text command \textrightarrow (encoding L8U) on input line 2782.
LaTeX Encoding Info:    Redeclaring text command \textdownarrow (encoding L8U) on input line 2783.
LaTeX Encoding Info:    Redeclaring text command \textleftrightarrow (encoding L8U) on input line 2784.
LaTeX Encoding Info:    Redeclaring text command \textupdownarrow (encoding L8U) on input line 2785.
LaTeX Encoding Info:    Redeclaring text command \textnwarrow (encoding L8U) on input line 2786.
LaTeX Encoding Info:    Redeclaring text command \textnearrow (encoding L8U) on input line 2787.
LaTeX Encoding Info:    Redeclaring text command \textsearrow (encoding L8U) on input line 2788.
LaTeX Encoding Info:    Redeclaring text command \textswarrow (encoding L8U) on input line 2789.
LaTeX Encoding Info:    Redeclaring text command \textnleftarrow (encoding L8U) on input line 2790.
LaTeX Encoding Info:    Redeclaring text command \textnrightarrow (encoding L8U) on input line 2791.
LaTeX Encoding Info:    Redeclaring text command \texttwoheadleftarrow (encoding L8U) on input line 2792.
LaTeX Encoding Info:    Redeclaring text command \textntwoheadleftarrow (encoding L8U) on input line 2793.
LaTeX Encoding Info:    Redeclaring text command \texttwoheaduparrow (encoding L8U) on input line 2794.
LaTeX Encoding Info:    Redeclaring text command \texttwoheadrightarrow (encoding L8U) on input line 2795.
LaTeX Encoding Info:    Redeclaring text command \textntwoheadrightarrow (encoding L8U) on input line 2796.
LaTeX Encoding Info:    Redeclaring text command \texttwoheaddownarrow (encoding L8U) on input line 2797.
LaTeX Encoding Info:    Redeclaring text command \textleftarrowtail (encoding L8U) on input line 2798.
LaTeX Encoding Info:    Redeclaring text command \textrightarrowtail (encoding L8U) on input line 2799.
LaTeX Encoding Info:    Redeclaring text command \textmapsto (encoding L8U) on input line 2800.
LaTeX Encoding Info:    Redeclaring text command \texthookleftarrow (encoding L8U) on input line 2801.
LaTeX Encoding Info:    Redeclaring text command \texthookrightarrow (encoding L8U) on input line 2802.
LaTeX Encoding Info:    Redeclaring text command \textlooparrowleft (encoding L8U) on input line 2803.
LaTeX Encoding Info:    Redeclaring text command \textlooparrowright (encoding L8U) on input line 2804.
LaTeX Encoding Info:    Redeclaring text command \textnleftrightarrow (encoding L8U) on input line 2805.
LaTeX Encoding Info:    Redeclaring text command \textlightning (encoding L8U) on input line 2806.
LaTeX Encoding Info:    Redeclaring text command \textdlsh (encoding L8U) on input line 2807.
LaTeX Encoding Info:    Redeclaring text command \textcurvearrowleft (encoding L8U) on input line 2808.
LaTeX Encoding Info:    Redeclaring text command \textcurvearrowright (encoding L8U) on input line 2809.
LaTeX Encoding Info:    Redeclaring text command \textleftharpoonup (encoding L8U) on input line 2810.
LaTeX Encoding Info:    Redeclaring text command \textleftharpoondown (encoding L8U) on input line 2811.
LaTeX Encoding Info:    Redeclaring text command \textupharpoonright (encoding L8U) on input line 2812.
LaTeX Encoding Info:    Redeclaring text command \textupharpoonleft (encoding L8U) on input line 2813.
LaTeX Encoding Info:    Redeclaring text command \textrightharpoonup (encoding L8U) on input line 2814.
LaTeX Encoding Info:    Redeclaring text command \textrightharpoondown (encoding L8U) on input line 2815.
LaTeX Encoding Info:    Redeclaring text command \textdownharpoonright (encoding L8U) on input line 2816.
LaTeX Encoding Info:    Redeclaring text command \textdownharpoonleft (encoding L8U) on input line 2817.
LaTeX Encoding Info:    Redeclaring text command \textrightleftarrows (encoding L8U) on input line 2818.
LaTeX Encoding Info:    Redeclaring text command \textupdownarrows (encoding L8U) on input line 2819.
LaTeX Encoding Info:    Redeclaring text command \textleftrightarrows (encoding L8U) on input line 2820.
LaTeX Encoding Info:    Redeclaring text command \textleftleftarrows (encoding L8U) on input line 2821.
LaTeX Encoding Info:    Redeclaring text command \textupuparrows (encoding L8U) on input line 2822.
LaTeX Encoding Info:    Redeclaring text command \textrightrightarrows (encoding L8U) on input line 2823.
LaTeX Encoding Info:    Redeclaring text command \textdowndownarrows (encoding L8U) on input line 2824.
LaTeX Encoding Info:    Redeclaring text command \textleftrightharpoons (encoding L8U) on input line 2825.
LaTeX Encoding Info:    Redeclaring text command \textrightleftharpoons (encoding L8U) on input line 2826.
LaTeX Encoding Info:    Redeclaring text command \textnLeftarrow (encoding L8U) on input line 2827.
LaTeX Encoding Info:    Redeclaring text command \textnLeftrightarrow (encoding L8U) on input line 2828.
LaTeX Encoding Info:    Redeclaring text command \textnRightarrow (encoding L8U) on input line 2829.
LaTeX Encoding Info:    Redeclaring text command \textLeftarrow (encoding L8U) on input line 2830.
LaTeX Encoding Info:    Redeclaring text command \textUparrow (encoding L8U) on input line 2831.
LaTeX Encoding Info:    Redeclaring text command \textRightarrow (encoding L8U) on input line 2832.
LaTeX Encoding Info:    Redeclaring text command \textDownarrow (encoding L8U) on input line 2833.
LaTeX Encoding Info:    Redeclaring text command \textLeftrightarrow (encoding L8U) on input line 2834.
LaTeX Encoding Info:    Redeclaring text command \textUpdownarrow (encoding L8U) on input line 2835.
LaTeX Encoding Info:    Redeclaring text command \textNwarrow (encoding L8U) on input line 2836.
LaTeX Encoding Info:    Redeclaring text command \textNearrow (encoding L8U) on input line 2837.
LaTeX Encoding Info:    Redeclaring text command \textSearrow (encoding L8U) on input line 2838.
LaTeX Encoding Info:    Redeclaring text command \textSwarrow (encoding L8U) on input line 2839.
LaTeX Encoding Info:    Redeclaring text command \textLleftarrow (encoding L8U) on input line 2840.
LaTeX Encoding Info:    Redeclaring text command \textRrightarrow (encoding L8U) on input line 2841.
LaTeX Encoding Info:    Redeclaring text command \textleftsquigarrow (encoding L8U) on input line 2842.
LaTeX Encoding Info:    Redeclaring text command \textrightsquigarrow (encoding L8U) on input line 2843.
LaTeX Encoding Info:    Redeclaring text command \textdashleftarrow (encoding L8U) on input line 2844.
LaTeX Encoding Info:    Redeclaring text command \textdasheduparrow (encoding L8U) on input line 2845.
LaTeX Encoding Info:    Redeclaring text command \textdashrightarrow (encoding L8U) on input line 2846.
LaTeX Encoding Info:    Redeclaring text command \textdasheddownarrow (encoding L8U) on input line 2847.
LaTeX Encoding Info:    Redeclaring text command \textpointer (encoding L8U) on input line 2848.
LaTeX Encoding Info:    Redeclaring text command \textdownuparrows (encoding L8U) on input line 2849.
LaTeX Encoding Info:    Redeclaring text command \textleftarrowtriangle (encoding L8U) on input line 2850.
LaTeX Encoding Info:    Redeclaring text command \textrightarrowtriangle (encoding L8U) on input line 2851.
LaTeX Encoding Info:    Redeclaring text command \textleftrightarrowtriangle (encoding L8U) on input line 2852.
LaTeX Encoding Info:    Redeclaring text command \textforall (encoding L8U) on input line 2859.
LaTeX Encoding Info:    Redeclaring text command \textcomplement (encoding L8U) on input line 2860.
LaTeX Encoding Info:    Redeclaring text command \textpartial (encoding L8U) on input line 2861.
LaTeX Encoding Info:    Redeclaring text command \textexists (encoding L8U) on input line 2862.
LaTeX Encoding Info:    Redeclaring text command \textnexists (encoding L8U) on input line 2863.
LaTeX Encoding Info:    Redeclaring text command \textemptyset (encoding L8U) on input line 2864.
LaTeX Encoding Info:    Redeclaring text command \texttriangle (encoding L8U) on input line 2865.
LaTeX Encoding Info:    Redeclaring text command \textnabla (encoding L8U) on input line 2866.
LaTeX Encoding Info:    Redeclaring text command \textin (encoding L8U) on input line 2867.
LaTeX Encoding Info:    Redeclaring text command \textnotin (encoding L8U) on input line 2868.
LaTeX Encoding Info:    Redeclaring text command \textsmallin (encoding L8U) on input line 2869.
LaTeX Encoding Info:    Redeclaring text command \textni (encoding L8U) on input line 2870.
LaTeX Encoding Info:    Redeclaring text command \textnotowner (encoding L8U) on input line 2871.
LaTeX Encoding Info:    Redeclaring text command \textsmallowns (encoding L8U) on input line 2872.
LaTeX Encoding Info:    Redeclaring text command \textprod (encoding L8U) on input line 2874.
LaTeX Encoding Info:    Redeclaring text command \textamalg (encoding L8U) on input line 2875.
LaTeX Encoding Info:    Redeclaring text command \textsum (encoding L8U) on input line 2876.
LaTeX Encoding Info:    Redeclaring text command \textminus (encoding L8U) on input line 2877.
LaTeX Encoding Info:    Redeclaring text command \textmp (encoding L8U) on input line 2878.
LaTeX Encoding Info:    Redeclaring text command \textdotplus (encoding L8U) on input line 2879.
LaTeX Encoding Info:    Redeclaring text command \textDivides (encoding L8U) on input line 2880.
LaTeX Encoding Info:    Redeclaring text command \textDividesNot (encoding L8U) on input line 2881.
LaTeX Encoding Info:    Redeclaring text command \textsetminus (encoding L8U) on input line 2882.
LaTeX Encoding Info:    Redeclaring text command \textast (encoding L8U) on input line 2883.
LaTeX Encoding Info:    Redeclaring text command \textcirc (encoding L8U) on input line 2884.
LaTeX Encoding Info:    Redeclaring text command \textbulletoperator (encoding L8U) on input line 2885.
LaTeX Encoding Info:    Redeclaring text command \textsurd (encoding L8U) on input line 2886.
LaTeX Encoding Info:    Redeclaring text command \textpropto (encoding L8U) on input line 2888.
LaTeX Encoding Info:    Redeclaring text command \textinfty (encoding L8U) on input line 2889.
LaTeX Encoding Info:    Redeclaring text command \textangle (encoding L8U) on input line 2891.
LaTeX Encoding Info:    Redeclaring text command \textmeasuredangle (encoding L8U) on input line 2892.
LaTeX Encoding Info:    Redeclaring text command \textsphericalangle (encoding L8U) on input line 2893.
LaTeX Encoding Info:    Redeclaring text command \textmid (encoding L8U) on input line 2894.
LaTeX Encoding Info:    Redeclaring text command \textnmid (encoding L8U) on input line 2895.
LaTeX Encoding Info:    Redeclaring text command \textparallel (encoding L8U) on input line 2896.
LaTeX Encoding Info:    Redeclaring text command \textnparallel (encoding L8U) on input line 2897.
LaTeX Encoding Info:    Redeclaring text command \textwedge (encoding L8U) on input line 2898.
LaTeX Encoding Info:    Redeclaring text command \textowedge (encoding L8U) on input line 2899.
LaTeX Encoding Info:    Redeclaring text command \textvee (encoding L8U) on input line 2900.
LaTeX Encoding Info:    Redeclaring text command \textovee (encoding L8U) on input line 2901.
LaTeX Encoding Info:    Redeclaring text command \textcap (encoding L8U) on input line 2902.
LaTeX Encoding Info:    Redeclaring text command \textcup (encoding L8U) on input line 2903.
LaTeX Encoding Info:    Redeclaring text command \textint (encoding L8U) on input line 2904.
LaTeX Encoding Info:    Redeclaring text command \textiint (encoding L8U) on input line 2905.
LaTeX Encoding Info:    Redeclaring text command \textiiint (encoding L8U) on input line 2906.
LaTeX Encoding Info:    Redeclaring text command \textoint (encoding L8U) on input line 2907.
LaTeX Encoding Info:    Redeclaring text command \textoiint (encoding L8U) on input line 2908.
LaTeX Encoding Info:    Redeclaring text command \textointclockwise (encoding L8U) on input line 2910.
LaTeX Encoding Info:    Redeclaring text command \textointctrclockwise (encoding L8U) on input line 2911.
LaTeX Encoding Info:    Redeclaring text command \texttherefore (encoding L8U) on input line 2912.
LaTeX Encoding Info:    Redeclaring text command \textbecause (encoding L8U) on input line 2913.
LaTeX Encoding Info:    Redeclaring text command \textvdotdot (encoding L8U) on input line 2914.
LaTeX Encoding Info:    Redeclaring text command \textsquaredots (encoding L8U) on input line 2915.
LaTeX Encoding Info:    Redeclaring text command \textdotminus (encoding L8U) on input line 2916.
LaTeX Encoding Info:    Redeclaring text command \texteqcolon (encoding L8U) on input line 2917.
LaTeX Encoding Info:    Redeclaring text command \textsim (encoding L8U) on input line 2919.
LaTeX Encoding Info:    Redeclaring text command \textbacksim (encoding L8U) on input line 2920.
LaTeX Encoding Info:    Redeclaring text command \textnbacksim (encoding L8U) on input line 2921.
LaTeX Encoding Info:    Redeclaring text command \textwr (encoding L8U) on input line 2922.
LaTeX Encoding Info:    Redeclaring text command \textnsim (encoding L8U) on input line 2923.
LaTeX Encoding Info:    Redeclaring text command \texteqsim (encoding L8U) on input line 2924.
LaTeX Encoding Info:    Redeclaring text command \textneqsim (encoding L8U) on input line 2925.
LaTeX Encoding Info:    Redeclaring text command \textsimeq (encoding L8U) on input line 2926.
LaTeX Encoding Info:    Redeclaring text command \textnsimeq (encoding L8U) on input line 2927.
LaTeX Encoding Info:    Redeclaring text command \textcong (encoding L8U) on input line 2928.
LaTeX Encoding Info:    Redeclaring text command \textncong (encoding L8U) on input line 2930.
LaTeX Encoding Info:    Redeclaring text command \textapprox (encoding L8U) on input line 2931.
LaTeX Encoding Info:    Redeclaring text command \textnapprox (encoding L8U) on input line 2932.
LaTeX Encoding Info:    Redeclaring text command \textapproxeq (encoding L8U) on input line 2933.
LaTeX Encoding Info:    Redeclaring text command \textnapproxeq (encoding L8U) on input line 2934.
LaTeX Encoding Info:    Redeclaring text command \texttriplesim (encoding L8U) on input line 2935.
LaTeX Encoding Info:    Redeclaring text command \textntriplesim (encoding L8U) on input line 2936.
LaTeX Encoding Info:    Redeclaring text command \textbackcong (encoding L8U) on input line 2937.
LaTeX Encoding Info:    Redeclaring text command \textnbackcong (encoding L8U) on input line 2938.
LaTeX Encoding Info:    Redeclaring text command \textasymp (encoding L8U) on input line 2939.
LaTeX Encoding Info:    Redeclaring text command \textnasymp (encoding L8U) on input line 2940.
LaTeX Encoding Info:    Redeclaring text command \textBumpeq (encoding L8U) on input line 2941.
LaTeX Encoding Info:    Redeclaring text command \textnBumpeq (encoding L8U) on input line 2942.
LaTeX Encoding Info:    Redeclaring text command \textbumpeq (encoding L8U) on input line 2943.
LaTeX Encoding Info:    Redeclaring text command \textnbumpeq (encoding L8U) on input line 2944.
LaTeX Encoding Info:    Redeclaring text command \textdoteq (encoding L8U) on input line 2945.
LaTeX Encoding Info:    Redeclaring text command \textndoteq (encoding L8U) on input line 2946.
LaTeX Encoding Info:    Redeclaring text command \textdoteqdot (encoding L8U) on input line 2947.
LaTeX Encoding Info:    Redeclaring text command \textnDoteq (encoding L8U) on input line 2948.
LaTeX Encoding Info:    Redeclaring text command \textfallingdoteq (encoding L8U) on input line 2949.
LaTeX Encoding Info:    Redeclaring text command \textnfallingdoteq (encoding L8U) on input line 2950.
LaTeX Encoding Info:    Redeclaring text command \textrisingdoteq (encoding L8U) on input line 2951.
LaTeX Encoding Info:    Redeclaring text command \textnrisingdoteq (encoding L8U) on input line 2952.
LaTeX Encoding Info:    Redeclaring text command \textcolonequals (encoding L8U) on input line 2953.
LaTeX Encoding Info:    Redeclaring text command \textequalscolon (encoding L8U) on input line 2954.
LaTeX Encoding Info:    Redeclaring text command \texteqcirc (encoding L8U) on input line 2955.
LaTeX Encoding Info:    Redeclaring text command \textneqcirc (encoding L8U) on input line 2956.
LaTeX Encoding Info:    Redeclaring text command \textcirceq (encoding L8U) on input line 2957.
LaTeX Encoding Info:    Redeclaring text command \textncirceq (encoding L8U) on input line 2958.
LaTeX Encoding Info:    Redeclaring text command \texthateq (encoding L8U) on input line 2960.
LaTeX Encoding Info:    Redeclaring text command \textnhateq (encoding L8U) on input line 2961.
LaTeX Encoding Info:    Redeclaring text command \texttriangleeq (encoding L8U) on input line 2963.
LaTeX Encoding Info:    Redeclaring text command \textneq (encoding L8U) on input line 2965.
LaTeX Encoding Info:    Redeclaring text command \textne (encoding L8U) on input line 2966.
LaTeX Encoding Info:    Redeclaring text command \textequiv (encoding L8U) on input line 2967.
LaTeX Encoding Info:    Redeclaring text command \textnequiv (encoding L8U) on input line 2968.
LaTeX Encoding Info:    Redeclaring text command \textleq (encoding L8U) on input line 2970.
LaTeX Encoding Info:    Redeclaring text command \textle (encoding L8U) on input line 2971.
LaTeX Encoding Info:    Redeclaring text command \textgeq (encoding L8U) on input line 2972.
LaTeX Encoding Info:    Redeclaring text command \textge (encoding L8U) on input line 2973.
LaTeX Encoding Info:    Redeclaring text command \textleqq (encoding L8U) on input line 2974.
LaTeX Encoding Info:    Redeclaring text command \textnleqq (encoding L8U) on input line 2975.
LaTeX Encoding Info:    Redeclaring text command \textgeqq (encoding L8U) on input line 2976.
LaTeX Encoding Info:    Redeclaring text command \textngeqq (encoding L8U) on input line 2977.
LaTeX Encoding Info:    Redeclaring text command \textlneqq (encoding L8U) on input line 2978.
LaTeX Encoding Info:    Redeclaring text command \textgneqq (encoding L8U) on input line 2979.
LaTeX Encoding Info:    Redeclaring text command \textll (encoding L8U) on input line 2980.
LaTeX Encoding Info:    Redeclaring text command \textnll (encoding L8U) on input line 2981.
LaTeX Encoding Info:    Redeclaring text command \textgg (encoding L8U) on input line 2982.
LaTeX Encoding Info:    Redeclaring text command \textngg (encoding L8U) on input line 2983.
LaTeX Encoding Info:    Redeclaring text command \textbetween (encoding L8U) on input line 2984.
LaTeX Encoding Info:    Redeclaring text command \textnless (encoding L8U) on input line 2986.
LaTeX Encoding Info:    Redeclaring text command \textngtr (encoding L8U) on input line 2987.
LaTeX Encoding Info:    Redeclaring text command \textnleq (encoding L8U) on input line 2988.
LaTeX Encoding Info:    Redeclaring text command \textngeq (encoding L8U) on input line 2989.
LaTeX Encoding Info:    Redeclaring text command \textlesssim (encoding L8U) on input line 2990.
LaTeX Encoding Info:    Redeclaring text command \textgtrsim (encoding L8U) on input line 2991.
LaTeX Encoding Info:    Redeclaring text command \textnlesssim (encoding L8U) on input line 2992.
LaTeX Encoding Info:    Redeclaring text command \textngtrsim (encoding L8U) on input line 2993.
LaTeX Encoding Info:    Redeclaring text command \textlessgtr (encoding L8U) on input line 2994.
LaTeX Encoding Info:    Redeclaring text command \textgtrless (encoding L8U) on input line 2995.
LaTeX Encoding Info:    Redeclaring text command \textngtrless (encoding L8U) on input line 2996.
LaTeX Encoding Info:    Redeclaring text command \textnlessgtr (encoding L8U) on input line 2997.
LaTeX Encoding Info:    Redeclaring text command \textprec (encoding L8U) on input line 2998.
LaTeX Encoding Info:    Redeclaring text command \textsucc (encoding L8U) on input line 2999.
LaTeX Encoding Info:    Redeclaring text command \textpreccurlyeq (encoding L8U) on input line 3000.
LaTeX Encoding Info:    Redeclaring text command \textsucccurlyeq (encoding L8U) on input line 3001.
LaTeX Encoding Info:    Redeclaring text command \textprecsim (encoding L8U) on input line 3002.
LaTeX Encoding Info:    Redeclaring text command \textnprecsim (encoding L8U) on input line 3003.
LaTeX Encoding Info:    Redeclaring text command \textsuccsim (encoding L8U) on input line 3004.
LaTeX Encoding Info:    Redeclaring text command \textnsuccsim (encoding L8U) on input line 3005.
LaTeX Encoding Info:    Redeclaring text command \textnprec (encoding L8U) on input line 3006.
LaTeX Encoding Info:    Redeclaring text command \textnsucc (encoding L8U) on input line 3007.
LaTeX Encoding Info:    Redeclaring text command \textsubset (encoding L8U) on input line 3008.
LaTeX Encoding Info:    Redeclaring text command \textsupset (encoding L8U) on input line 3009.
LaTeX Encoding Info:    Redeclaring text command \textnsubset (encoding L8U) on input line 3010.
LaTeX Encoding Info:    Redeclaring text command \textnsupset (encoding L8U) on input line 3011.
LaTeX Encoding Info:    Redeclaring text command \textsubseteq (encoding L8U) on input line 3012.
LaTeX Encoding Info:    Redeclaring text command \textsupseteq (encoding L8U) on input line 3013.
LaTeX Encoding Info:    Redeclaring text command \textnsubseteq (encoding L8U) on input line 3014.
LaTeX Encoding Info:    Redeclaring text command \textnsupseteq (encoding L8U) on input line 3015.
LaTeX Encoding Info:    Redeclaring text command \textsubsetneq (encoding L8U) on input line 3016.
LaTeX Encoding Info:    Redeclaring text command \textsupsetneq (encoding L8U) on input line 3017.
LaTeX Encoding Info:    Redeclaring text command \textcupdot (encoding L8U) on input line 3019.
LaTeX Encoding Info:    Redeclaring text command \textcupplus (encoding L8U) on input line 3020.
LaTeX Encoding Info:    Redeclaring text command \textsqsubset (encoding L8U) on input line 3021.
LaTeX Encoding Info:    Redeclaring text command \textnsqsubset (encoding L8U) on input line 3022.
LaTeX Encoding Info:    Redeclaring text command \textsqsupset (encoding L8U) on input line 3023.
LaTeX Encoding Info:    Redeclaring text command \textnsqsupset (encoding L8U) on input line 3024.
LaTeX Encoding Info:    Redeclaring text command \textsqsubseteq (encoding L8U) on input line 3025.
LaTeX Encoding Info:    Redeclaring text command \textnsqsubseteq (encoding L8U) on input line 3026.
LaTeX Encoding Info:    Redeclaring text command \textsqsupseteq (encoding L8U) on input line 3027.
LaTeX Encoding Info:    Redeclaring text command \textnsqsupseteq (encoding L8U) on input line 3028.
LaTeX Encoding Info:    Redeclaring text command \textsqcap (encoding L8U) on input line 3029.
LaTeX Encoding Info:    Redeclaring text command \textsqcup (encoding L8U) on input line 3030.
LaTeX Encoding Info:    Redeclaring text command \textoplus (encoding L8U) on input line 3031.
LaTeX Encoding Info:    Redeclaring text command \textominus (encoding L8U) on input line 3032.
LaTeX Encoding Info:    Redeclaring text command \textotimes (encoding L8U) on input line 3033.
LaTeX Encoding Info:    Redeclaring text command \textoslash (encoding L8U) on input line 3034.
LaTeX Encoding Info:    Redeclaring text command \textodot (encoding L8U) on input line 3035.
LaTeX Encoding Info:    Redeclaring text command \textcircledcirc (encoding L8U) on input line 3036.
LaTeX Encoding Info:    Redeclaring text command \textcircledast (encoding L8U) on input line 3037.
LaTeX Encoding Info:    Redeclaring text command \textcircleddash (encoding L8U) on input line 3039.
LaTeX Encoding Info:    Redeclaring text command \textboxplus (encoding L8U) on input line 3040.
LaTeX Encoding Info:    Redeclaring text command \textboxminus (encoding L8U) on input line 3041.
LaTeX Encoding Info:    Redeclaring text command \textboxtimes (encoding L8U) on input line 3042.
LaTeX Encoding Info:    Redeclaring text command \textboxdot (encoding L8U) on input line 3043.
LaTeX Encoding Info:    Redeclaring text command \textvdash (encoding L8U) on input line 3044.
LaTeX Encoding Info:    Redeclaring text command \textdashv (encoding L8U) on input line 3045.
LaTeX Encoding Info:    Redeclaring text command \textndashv (encoding L8U) on input line 3046.
LaTeX Encoding Info:    Redeclaring text command \texttop (encoding L8U) on input line 3047.
LaTeX Encoding Info:    Redeclaring text command \textndownvdash (encoding L8U) on input line 3048.
LaTeX Encoding Info:    Redeclaring text command \textbot (encoding L8U) on input line 3049.
LaTeX Encoding Info:    Redeclaring text command \textnupvdash (encoding L8U) on input line 3050.
LaTeX Encoding Info:    Redeclaring text command \textvDash (encoding L8U) on input line 3052.
LaTeX Encoding Info:    Redeclaring text command \textVdash (encoding L8U) on input line 3053.
LaTeX Encoding Info:    Redeclaring text command \textVvdash (encoding L8U) on input line 3054.
LaTeX Encoding Info:    Redeclaring text command \textnVvash (encoding L8U) on input line 3055.
LaTeX Encoding Info:    Redeclaring text command \textVDash (encoding L8U) on input line 3056.
LaTeX Encoding Info:    Redeclaring text command \textnvdash (encoding L8U) on input line 3057.
LaTeX Encoding Info:    Redeclaring text command \textnvDash (encoding L8U) on input line 3058.
LaTeX Encoding Info:    Redeclaring text command \textnVdash (encoding L8U) on input line 3059.
LaTeX Encoding Info:    Redeclaring text command \textnVDash (encoding L8U) on input line 3060.
LaTeX Encoding Info:    Redeclaring text command \textlhd (encoding L8U) on input line 3062.
LaTeX Encoding Info:    Redeclaring text command \textrhd (encoding L8U) on input line 3063.
LaTeX Encoding Info:    Redeclaring text command \textunlhd (encoding L8U) on input line 3064.
LaTeX Encoding Info:    Redeclaring text command \textunrhd (encoding L8U) on input line 3065.
LaTeX Encoding Info:    Redeclaring text command \textmultimapdotbothA (encoding L8U) on input line 3066.
LaTeX Encoding Info:    Redeclaring text command \textmultimapdotbothB (encoding L8U) on input line 3067.
LaTeX Encoding Info:    Redeclaring text command \textmultimap (encoding L8U) on input line 3068.
LaTeX Encoding Info:    Redeclaring text command \textveebar (encoding L8U) on input line 3070.
LaTeX Encoding Info:    Redeclaring text command \textbarwedge (encoding L8U) on input line 3071.
LaTeX Encoding Info:    Redeclaring text command \textstar (encoding L8U) on input line 3073.
LaTeX Encoding Info:    Redeclaring text command \textdivideontimes (encoding L8U) on input line 3074.
LaTeX Encoding Info:    Redeclaring text command \textbowtie (encoding L8U) on input line 3075.
LaTeX Encoding Info:    Redeclaring text command \textltimes (encoding L8U) on input line 3076.
LaTeX Encoding Info:    Redeclaring text command \textrtimes (encoding L8U) on input line 3077.
LaTeX Encoding Info:    Redeclaring text command \textleftthreetimes (encoding L8U) on input line 3078.
LaTeX Encoding Info:    Redeclaring text command \textrightthreetimes (encoding L8U) on input line 3079.
LaTeX Encoding Info:    Redeclaring text command \textbacksimeq (encoding L8U) on input line 3080.
LaTeX Encoding Info:    Redeclaring text command \textnbacksimeq (encoding L8U) on input line 3081.
LaTeX Encoding Info:    Redeclaring text command \textcurlyvee (encoding L8U) on input line 3082.
LaTeX Encoding Info:    Redeclaring text command \textcurlywedge (encoding L8U) on input line 3083.
LaTeX Encoding Info:    Redeclaring text command \textSubset (encoding L8U) on input line 3084.
LaTeX Encoding Info:    Redeclaring text command \textnSubset (encoding L8U) on input line 3085.
LaTeX Encoding Info:    Redeclaring text command \textSupset (encoding L8U) on input line 3086.
LaTeX Encoding Info:    Redeclaring text command \textnSupset (encoding L8U) on input line 3087.
LaTeX Encoding Info:    Redeclaring text command \textCap (encoding L8U) on input line 3088.
LaTeX Encoding Info:    Redeclaring text command \textCup (encoding L8U) on input line 3089.
LaTeX Encoding Info:    Redeclaring text command \textpitchfork (encoding L8U) on input line 3090.
LaTeX Encoding Info:    Redeclaring text command \textlessdot (encoding L8U) on input line 3092.
LaTeX Encoding Info:    Redeclaring text command \textgtrdot (encoding L8U) on input line 3093.
LaTeX Encoding Info:    Redeclaring text command \textlll (encoding L8U) on input line 3094.
LaTeX Encoding Info:    Redeclaring text command \textggg (encoding L8U) on input line 3095.
LaTeX Encoding Info:    Redeclaring text command \textlesseqgtr (encoding L8U) on input line 3096.
LaTeX Encoding Info:    Redeclaring text command \textgtreqless (encoding L8U) on input line 3097.
LaTeX Encoding Info:    Redeclaring text command \textcurlyeqprec (encoding L8U) on input line 3098.
LaTeX Encoding Info:    Redeclaring text command \textncurlyeqprec (encoding L8U) on input line 3099.
LaTeX Encoding Info:    Redeclaring text command \textcurlyeqsucc (encoding L8U) on input line 3100.
LaTeX Encoding Info:    Redeclaring text command \textncurlyeqsucc (encoding L8U) on input line 3101.
LaTeX Encoding Info:    Redeclaring text command \textnpreccurlyeq (encoding L8U) on input line 3102.
LaTeX Encoding Info:    Redeclaring text command \textnsucccurlyeq (encoding L8U) on input line 3103.
LaTeX Encoding Info:    Redeclaring text command \textnqsubseteq (encoding L8U) on input line 3104.
LaTeX Encoding Info:    Redeclaring text command \textnqsupseteq (encoding L8U) on input line 3105.
LaTeX Encoding Info:    Redeclaring text command \textsqsubsetneq (encoding L8U) on input line 3106.
LaTeX Encoding Info:    Redeclaring text command \textsqsupsetneq (encoding L8U) on input line 3107.
LaTeX Encoding Info:    Redeclaring text command \textlnsim (encoding L8U) on input line 3108.
LaTeX Encoding Info:    Redeclaring text command \textgnsim (encoding L8U) on input line 3109.
LaTeX Encoding Info:    Redeclaring text command \textprecnsim (encoding L8U) on input line 3110.
LaTeX Encoding Info:    Redeclaring text command \textsuccnsim (encoding L8U) on input line 3111.
LaTeX Encoding Info:    Redeclaring text command \textntriangleleft (encoding L8U) on input line 3112.
LaTeX Encoding Info:    Redeclaring text command \textntriangleright (encoding L8U) on input line 3113.
LaTeX Encoding Info:    Redeclaring text command \textntrianglelefteq (encoding L8U) on input line 3114.
LaTeX Encoding Info:    Redeclaring text command \textntrianglerighteq (encoding L8U) on input line 3115.
LaTeX Encoding Info:    Redeclaring text command \textvdots (encoding L8U) on input line 3116.
LaTeX Encoding Info:    Redeclaring text command \textcdots (encoding L8U) on input line 3117.
LaTeX Encoding Info:    Redeclaring text command \textudots (encoding L8U) on input line 3118.
LaTeX Encoding Info:    Redeclaring text command \textddots (encoding L8U) on input line 3119.
LaTeX Encoding Info:    Redeclaring text command \textbarin (encoding L8U) on input line 3120.
LaTeX Encoding Info:    Redeclaring text command \textperp (encoding L8U) on input line 3541.
LaTeX Encoding Info:    Redeclaring text command \textnotperp (encoding L8U) on input line 3542.
LaTeX Encoding Info:    Redeclaring text command \textveedot (encoding L8U) on input line 3543.
LaTeX Encoding Info:    Redeclaring text command \textwedgedot (encoding L8U) on input line 3544.
LaTeX Encoding Info:    Redeclaring text command \textleftspoon (encoding L8U) on input line 3545.
LaTeX Encoding Info:    Redeclaring text command \textlbrackdbl (encoding L8U) on input line 3546.
LaTeX Encoding Info:    Redeclaring text command \textrbrackdbl (encoding L8U) on input line 3547.
LaTeX Encoding Info:    Redeclaring text command \textcirclearrowleft (encoding L8U) on input line 3552.
LaTeX Encoding Info:    Redeclaring text command \textcirclearrowright (encoding L8U) on input line 3553.
LaTeX Encoding Info:    Redeclaring text command \textlongleftarrow (encoding L8U) on input line 3555.
LaTeX Encoding Info:    Redeclaring text command \textlongrightarrow (encoding L8U) on input line 3556.
LaTeX Encoding Info:    Redeclaring text command \textlongleftrightarrow (encoding L8U) on input line 3557.
LaTeX Encoding Info:    Redeclaring text command \textLongleftarrow (encoding L8U) on input line 3558.
LaTeX Encoding Info:    Redeclaring text command \textLongrightarrow (encoding L8U) on input line 3559.
LaTeX Encoding Info:    Redeclaring text command \textLongleftrightarrow (encoding L8U) on input line 3560.
LaTeX Encoding Info:    Redeclaring text command \textlongmapsto (encoding L8U) on input line 3562.
LaTeX Encoding Info:    Redeclaring text command \textLongmapsfrom (encoding L8U) on input line 3563.
LaTeX Encoding Info:    Redeclaring text command \textLongmapsto (encoding L8U) on input line 3564.
LaTeX Encoding Info:    Redeclaring text command \textnwsearrow (encoding L8U) on input line 3570.
LaTeX Encoding Info:    Redeclaring text command \textneswarrow (encoding L8U) on input line 3571.
LaTeX Encoding Info:    Redeclaring text command \textlhooknwarrow (encoding L8U) on input line 3572.
LaTeX Encoding Info:    Redeclaring text command \textrhooknearrow (encoding L8U) on input line 3573.
LaTeX Encoding Info:    Redeclaring text command \textlhooksearrow (encoding L8U) on input line 3574.
LaTeX Encoding Info:    Redeclaring text command \textrhookswarrow (encoding L8U) on input line 3575.
LaTeX Encoding Info:    Redeclaring text command \textleadsto (encoding L8U) on input line 3577.
LaTeX Encoding Info:    Redeclaring text command \textrcurvearrowne (encoding L8U) on input line 3578.
LaTeX Encoding Info:    Redeclaring text command \textlcurvearrowse (encoding L8U) on input line 3579.
LaTeX Encoding Info:    Redeclaring text command \textlcurvearrowsw (encoding L8U) on input line 3580.
LaTeX Encoding Info:    Redeclaring text command \textrcurvearrowse (encoding L8U) on input line 3581.
LaTeX Encoding Info:    Redeclaring text command \textlcurvearrowdown (encoding L8U) on input line 3582.
LaTeX Encoding Info:    Redeclaring text command \textrcurvearrowdown (encoding L8U) on input line 3583.
LaTeX Encoding Info:    Redeclaring text command \textrcurvearrowleft (encoding L8U) on input line 3584.
LaTeX Encoding Info:    Redeclaring text command \textrcurvearrowright (encoding L8U) on input line 3585.
LaTeX Encoding Info:    Redeclaring text command \textleftrightharpoon (encoding L8U) on input line 3587.
LaTeX Encoding Info:    Redeclaring text command \textrightleftharpoon (encoding L8U) on input line 3588.
LaTeX Encoding Info:    Redeclaring text command \textupdownharpoonrightleft (encoding L8U) on input line 3589.
LaTeX Encoding Info:    Redeclaring text command \textupdownharpoonleftright (encoding L8U) on input line 3590.
LaTeX Encoding Info:    Redeclaring text command \textleftleftharpoons (encoding L8U) on input line 3592.
LaTeX Encoding Info:    Redeclaring text command \textupupharpoons (encoding L8U) on input line 3593.
LaTeX Encoding Info:    Redeclaring text command \textrightrightharpoons (encoding L8U) on input line 3594.
LaTeX Encoding Info:    Redeclaring text command \textdowndownharpoons (encoding L8U) on input line 3595.
LaTeX Encoding Info:    Redeclaring text command \textleftbarharpoon (encoding L8U) on input line 3597.
LaTeX Encoding Info:    Redeclaring text command \textbarleftharpoon (encoding L8U) on input line 3598.
LaTeX Encoding Info:    Redeclaring text command \textrightbarharpoon (encoding L8U) on input line 3599.
LaTeX Encoding Info:    Redeclaring text command \textbarrightharpoon (encoding L8U) on input line 3600.
LaTeX Encoding Info:    Redeclaring text command \textupdownharpoons (encoding L8U) on input line 3601.
LaTeX Encoding Info:    Redeclaring text command \textdownupharpoons (encoding L8U) on input line 3602.
LaTeX Encoding Info:    Redeclaring text command \textmoo (encoding L8U) on input line 3604.
LaTeX Encoding Info:    Redeclaring text command \textllparenthesis (encoding L8U) on input line 3609.
LaTeX Encoding Info:    Redeclaring text command \textrrparenthesis (encoding L8U) on input line 3610.
LaTeX Encoding Info:    Redeclaring text command \textinvdiameter (encoding L8U) on input line 3612.
LaTeX Encoding Info:    Redeclaring text command \textobar (encoding L8U) on input line 3614.
LaTeX Encoding Info:    Redeclaring text command \textobslash (encoding L8U) on input line 3616.
LaTeX Encoding Info:    Redeclaring text command \textobot (encoding L8U) on input line 3618.
LaTeX Encoding Info:    Redeclaring text command \textNoChemicalCleaning (encoding L8U) on input line 3619.
LaTeX Encoding Info:    Redeclaring text command \textolessthan (encoding L8U) on input line 3621.
LaTeX Encoding Info:    Redeclaring text command \textogreaterthan (encoding L8U) on input line 3622.
LaTeX Encoding Info:    Redeclaring text command \textboxslash (encoding L8U) on input line 3624.
LaTeX Encoding Info:    Redeclaring text command \textboxbslash (encoding L8U) on input line 3625.
LaTeX Encoding Info:    Redeclaring text command \textboxast (encoding L8U) on input line 3626.
LaTeX Encoding Info:    Redeclaring text command \textboxcircle (encoding L8U) on input line 3627.
LaTeX Encoding Info:    Redeclaring text command \textboxbox (encoding L8U) on input line 3628.
LaTeX Encoding Info:    Redeclaring text command \textValve (encoding L8U) on input line 3630.
LaTeX Encoding Info:    Redeclaring text command \textmultimapboth (encoding L8U) on input line 3631.
LaTeX Encoding Info:    Redeclaring text command \textshuffle (encoding L8U) on input line 3633.
LaTeX Encoding Info:    Redeclaring text command \textuplus (encoding L8U) on input line 3638.
LaTeX Encoding Info:    Redeclaring text command \textbigdoublewedge (encoding L8U) on input line 3639.
LaTeX Encoding Info:    Redeclaring text command \textbigdoublevee (encoding L8U) on input line 3640.
LaTeX Encoding Info:    Redeclaring text command \textJoin (encoding L8U) on input line 3641.
LaTeX Encoding Info:    Redeclaring text command \textfatsemi (encoding L8U) on input line 3643.
LaTeX Encoding Info:    Redeclaring text command \textcircplus (encoding L8U) on input line 3644.
LaTeX Encoding Info:    Redeclaring text command \textminusdot (encoding L8U) on input line 3645.
LaTeX Encoding Info:    Redeclaring text command \textdottimes (encoding L8U) on input line 3646.
LaTeX Encoding Info:    Redeclaring text command \textdtimes (encoding L8U) on input line 3647.
LaTeX Encoding Info:    Redeclaring text command \textodiv (encoding L8U) on input line 3648.
LaTeX Encoding Info:    Redeclaring text command \textinvneg (encoding L8U) on input line 3649.
LaTeX Encoding Info:    Redeclaring text command \textcapdot (encoding L8U) on input line 3650.
LaTeX Encoding Info:    Redeclaring text command \textsqdoublecap (encoding L8U) on input line 3651.
LaTeX Encoding Info:    Redeclaring text command \textsqdoublecup (encoding L8U) on input line 3652.
LaTeX Encoding Info:    Redeclaring text command \textdoublewedge (encoding L8U) on input line 3653.
LaTeX Encoding Info:    Redeclaring text command \textdoublevee (encoding L8U) on input line 3654.
LaTeX Encoding Info:    Redeclaring text command \textdoublebarwedge (encoding L8U) on input line 3655.
LaTeX Encoding Info:    Redeclaring text command \textveedoublebar (encoding L8U) on input line 3656.
LaTeX Encoding Info:    Redeclaring text command \texteqdot (encoding L8U) on input line 3657.
LaTeX Encoding Info:    Redeclaring text command \textneqdot (encoding L8U) on input line 3658.
LaTeX Encoding Info:    Redeclaring text command \textcoloncolonequals (encoding L8U) on input line 3659.
LaTeX Encoding Info:    Redeclaring text command \textleqslant (encoding L8U) on input line 3660.
LaTeX Encoding Info:    Redeclaring text command \textnleqslant (encoding L8U) on input line 3661.
LaTeX Encoding Info:    Redeclaring text command \textgeqslant (encoding L8U) on input line 3662.
LaTeX Encoding Info:    Redeclaring text command \textngeqslant (encoding L8U) on input line 3663.
LaTeX Encoding Info:    Redeclaring text command \textlessapprox (encoding L8U) on input line 3664.
LaTeX Encoding Info:    Redeclaring text command \textnlessapprox (encoding L8U) on input line 3665.
LaTeX Encoding Info:    Redeclaring text command \textgtrapprox (encoding L8U) on input line 3666.
LaTeX Encoding Info:    Redeclaring text command \textngtrapprox (encoding L8U) on input line 3667.
LaTeX Encoding Info:    Redeclaring text command \textlneq (encoding L8U) on input line 3668.
LaTeX Encoding Info:    Redeclaring text command \textgneq (encoding L8U) on input line 3669.
LaTeX Encoding Info:    Redeclaring text command \textlnapprox (encoding L8U) on input line 3670.
LaTeX Encoding Info:    Redeclaring text command \textgnapprox (encoding L8U) on input line 3671.
LaTeX Encoding Info:    Redeclaring text command \textlesseqqgtr (encoding L8U) on input line 3672.
LaTeX Encoding Info:    Redeclaring text command \textgtreqqless (encoding L8U) on input line 3673.
LaTeX Encoding Info:    Redeclaring text command \texteqslantless (encoding L8U) on input line 3674.
LaTeX Encoding Info:    Redeclaring text command \texteqslantgtr (encoding L8U) on input line 3675.
LaTeX Encoding Info:    Redeclaring text command \textleftslice (encoding L8U) on input line 3676.
LaTeX Encoding Info:    Redeclaring text command \textrightslice (encoding L8U) on input line 3677.
LaTeX Encoding Info:    Redeclaring text command \textpreceq (encoding L8U) on input line 3678.
LaTeX Encoding Info:    Redeclaring text command \textnpreceq (encoding L8U) on input line 3679.
LaTeX Encoding Info:    Redeclaring text command \textsucceq (encoding L8U) on input line 3680.
LaTeX Encoding Info:    Redeclaring text command \textnsucceq (encoding L8U) on input line 3681.
LaTeX Encoding Info:    Redeclaring text command \textprecneq (encoding L8U) on input line 3682.
LaTeX Encoding Info:    Redeclaring text command \textsuccneq (encoding L8U) on input line 3683.
LaTeX Encoding Info:    Redeclaring text command \textpreceqq (encoding L8U) on input line 3684.
LaTeX Encoding Info:    Redeclaring text command \textnpreceqq (encoding L8U) on input line 3685.
LaTeX Encoding Info:    Redeclaring text command \textsucceqq (encoding L8U) on input line 3686.
LaTeX Encoding Info:    Redeclaring text command \textnsucceqq (encoding L8U) on input line 3687.
LaTeX Encoding Info:    Redeclaring text command \textprecneqq (encoding L8U) on input line 3688.
LaTeX Encoding Info:    Redeclaring text command \textsuccneqq (encoding L8U) on input line 3689.
LaTeX Encoding Info:    Redeclaring text command \textprecapprox (encoding L8U) on input line 3690.
LaTeX Encoding Info:    Redeclaring text command \textnprecapprox (encoding L8U) on input line 3691.
LaTeX Encoding Info:    Redeclaring text command \textsuccapprox (encoding L8U) on input line 3692.
LaTeX Encoding Info:    Redeclaring text command \textnsuccapprox (encoding L8U) on input line 3693.
LaTeX Encoding Info:    Redeclaring text command \textprecnapprox (encoding L8U) on input line 3694.
LaTeX Encoding Info:    Redeclaring text command \textsuccnapprox (encoding L8U) on input line 3695.
LaTeX Encoding Info:    Redeclaring text command \textsubseteqq (encoding L8U) on input line 3696.
LaTeX Encoding Info:    Redeclaring text command \textnsubseteqq (encoding L8U) on input line 3697.
LaTeX Encoding Info:    Redeclaring text command \textsupseteqq (encoding L8U) on input line 3698.
LaTeX Encoding Info:    Redeclaring text command \textnsupseteqq (encoding L8U) on input line 3699.
LaTeX Encoding Info:    Redeclaring text command \textdashV (encoding L8U) on input line 3700.
LaTeX Encoding Info:    Redeclaring text command \textndashV (encoding L8U) on input line 3701.
LaTeX Encoding Info:    Redeclaring text command \textDashv (encoding L8U) on input line 3702.
LaTeX Encoding Info:    Redeclaring text command \textnDashv (encoding L8U) on input line 3703.
LaTeX Encoding Info:    Redeclaring text command \textDashV (encoding L8U) on input line 3704.
LaTeX Encoding Info:    Redeclaring text command \textnDashV (encoding L8U) on input line 3705.
LaTeX Encoding Info:    Redeclaring text command \textdownmodels (encoding L8U) on input line 3706.
LaTeX Encoding Info:    Redeclaring text command \textndownmodels (encoding L8U) on input line 3707.
LaTeX Encoding Info:    Redeclaring text command \textupmodels (encoding L8U) on input line 3708.
LaTeX Encoding Info:    Redeclaring text command \textnupmodels (encoding L8U) on input line 3709.
LaTeX Encoding Info:    Redeclaring text command \textupspoon (encoding L8U) on input line 3710.
LaTeX Encoding Info:    Redeclaring text command \textinterleave (encoding L8U) on input line 3711.
LaTeX Encoding Info:    Redeclaring text command \textsslash (encoding L8U) on input line 3712.
LaTeX Encoding Info:    Redeclaring text command \textupstep (encoding L8U) on input line 3739.
LaTeX Encoding Info:    Redeclaring text command \textdownstep (encoding L8U) on input line 3740.
LaTeX Encoding Info:    Redeclaring text command \textcopyleft (encoding L8U) on input line 3810.
)
\pdfxsafeforxmp@toks=\toks23
(/usr/local/texlive/2025/texmf-dist/tex/latex/xcolor/xcolor.sty
Package: xcolor 2024/09/29 v3.02 LaTeX color extensions (UK)
(/usr/local/texlive/2025/texmf-dist/tex/latex/graphics-cfg/color.cfg
File: color.cfg 2016/01/02 v1.6 sample color configuration
)

Package xcolor Warning: Package option `hyperref' is obsolete and ignored on input line 265.

Package xcolor Info: Driver file: pdftex.def on input line 274.
(/usr/local/texlive/2025/texmf-dist/tex/latex/graphics-def/pdftex.def
File: pdftex.def 2024/04/13 v1.2c Graphics/color driver for pdftex
) (/usr/local/texlive/2025/texmf-dist/tex/latex/graphics/mathcolor.ltx)
Package xcolor Info: Model `cmy' substituted by `cmy0' on input line 1349.
Package xcolor Info: Model `hsb' substituted by `rgb' on input line 1353.
Package xcolor Info: Model `RGB' extended on input line 1365.
Package xcolor Info: Model `HTML' substituted by `rgb' on input line 1367.
Package xcolor Info: Model `Hsb' substituted by `hsb' on input line 1368.
Package xcolor Info: Model `tHsb' substituted by `hsb' on input line 1369.
Package xcolor Info: Model `HSB' substituted by `hsb' on input line 1370.
Package xcolor Info: Model `Gray' substituted by `gray' on input line 1371.
Package xcolor Info: Model `wave' substituted by `hsb' on input line 1372.
)
\pdfx@tmptoks=\toks24
(/usr/local/texlive/2025/texmf-dist/tex/latex/hyperref/hyperref.sty
Package: hyperref 2025-05-20 v7.01m Hypertext links for LaTeX
(/usr/local/texlive/2025/texmf-dist/tex/latex/graphics/keyval.sty
Package: keyval 2022/05/29 v1.15 key=value parser (DPC)
\KV@toks@=\toks25
) (/usr/local/texlive/2025/texmf-dist/tex/latex/kvsetkeys/kvsetkeys.sty
Package: kvsetkeys 2022-10-05 v1.19 Key value parser (HO)
) (/usr/local/texlive/2025/texmf-dist/tex/generic/kvdefinekeys/kvdefinekeys.sty
Package: kvdefinekeys 2019-12-19 v1.6 Define keys (HO)
) (/usr/local/texlive/2025/texmf-dist/tex/generic/pdfescape/pdfescape.sty
Package: pdfescape 2019/12/09 v1.15 Implements pdfTeX's escape features (HO)
(/usr/local/texlive/2025/texmf-dist/tex/generic/ltxcmds/ltxcmds.sty
Package: ltxcmds 2023-12-04 v1.26 LaTeX kernel commands for general use (HO)
) (/usr/local/texlive/2025/texmf-dist/tex/generic/pdftexcmds/pdftexcmds.sty
Package: pdftexcmds 2020-06-27 v0.33 Utility functions of pdfTeX for LuaTeX (HO)
(/usr/local/texlive/2025/texmf-dist/tex/generic/infwarerr/infwarerr.sty
Package: infwarerr 2019/12/03 v1.5 Providing info/warning/error messages (HO)
)
Package pdftexcmds Info: \pdf@primitive is available.
Package pdftexcmds Info: \pdf@ifprimitive is available.
Package pdftexcmds Info: \pdfdraftmode found.
)) (/usr/local/texlive/2025/texmf-dist/tex/latex/hycolor/hycolor.sty
Package: hycolor 2020-01-27 v1.10 Color options for hyperref/bookmark (HO)
) (/usr/local/texlive/2025/texmf-dist/tex/latex/hyperref/nameref.sty
Package: nameref 2023-11-26 v2.56 Cross-referencing by name of section
(/usr/local/texlive/2025/texmf-dist/tex/latex/refcount/refcount.sty
Package: refcount 2019/12/15 v3.6 Data extraction from label references (HO)
) (/usr/local/texlive/2025/texmf-dist/tex/generic/gettitlestring/gettitlestring.sty
Package: gettitlestring 2019/12/15 v1.6 Cleanup title references (HO)
(/usr/local/texlive/2025/texmf-dist/tex/latex/kvoptions/kvoptions.sty
Package: kvoptions 2022-06-15 v3.15 Key value format for package options (HO)
))
\c@section@level=\count303
) (/usr/local/texlive/2025/texmf-dist/tex/generic/stringenc/stringenc.sty
Package: stringenc 2019/11/29 v1.12 Convert strings between diff. encodings (HO)
)
\@linkdim=\dimen155
\Hy@linkcounter=\count304
\Hy@pagecounter=\count305
(/usr/local/texlive/2025/texmf-dist/tex/latex/hyperref/pd1enc.def
File: pd1enc.def 2025-05-20 v7.01m Hyperref: PDFDocEncoding definition (HO)
) (/usr/local/texlive/2025/texmf-dist/tex/generic/intcalc/intcalc.sty
Package: intcalc 2019/12/15 v1.3 Expandable calculations with integers (HO)
)
\Hy@SavedSpaceFactor=\count306
(/usr/local/texlive/2025/texmf-dist/tex/latex/hyperref/puenc.def
File: puenc.def 2025-05-20 v7.01m Hyperref: PDF Unicode definition (HO)
(/usr/local/texlive/2025/texmf-dist/tex/latex/greek-fontenc/puenc-greek.def
File: puenc-greek.def 2023-09-12 2.5 Greek LICRs for PDF strings
(/usr/local/texlive/2025/texmf-dist/tex/latex/greek-fontenc/greek-fontenc.def
File: greek-fontenc.def 2023-09-12 2.5 Common Greek font encoding definitions
)
LaTeX Encoding Info:    Redeclaring text command \textmu (encoding PU) on input line 179.
)
LaTeX Encoding Info:    Redeclaring text command \textohm (encoding PU) on input line 1176.
)
Package hyperref Info: Option `pdfa' set `true' on input line 4040.
Package hyperref Info: Hyper figures OFF on input line 4157.
Package hyperref Info: Link nesting OFF on input line 4162.
Package hyperref Info: Hyper index ON on input line 4165.
Package hyperref Info: Plain pages OFF on input line 4172.
Package hyperref Info: Backreferencing OFF on input line 4177.
Package hyperref Info: Implicit mode ON; LaTeX internals redefined.
Package hyperref Info: Bookmarks ON on input line 4424.
\c@Hy@tempcnt=\count307
(/usr/local/texlive/2025/texmf-dist/tex/latex/url/url.sty
\Urlmuskip=\muskip17
Package: url 2013/09/16  ver 3.4  Verb mode for urls, etc.
)
LaTeX Info: Redefining \url on input line 4763.
\XeTeXLinkMargin=\dimen156
(/usr/local/texlive/2025/texmf-dist/tex/generic/bitset/bitset.sty
Package: bitset 2019/12/09 v1.3 Handle bit-vector datatype (HO)
(/usr/local/texlive/2025/texmf-dist/tex/generic/bigintcalc/bigintcalc.sty
Package: bigintcalc 2019/12/15 v1.5 Expandable calculations on big integers (HO)
))
\Fld@menulength=\count308
\Field@Width=\dimen157
\Fld@charsize=\dimen158
Package hyperref Info: Hyper figures OFF on input line 6042.
Package hyperref Info: Link nesting OFF on input line 6047.
Package hyperref Info: Hyper index ON on input line 6050.
Package hyperref Info: backreferencing OFF on input line 6057.
Package hyperref Info: Link coloring OFF on input line 6062.
Package hyperref Info: Link coloring with OCG OFF on input line 6067.
Package hyperref Info: PDF/A mode ON on input line 6070.
(/usr/local/texlive/2025/texmf-dist/tex/latex/base/atbegshi-ltx.sty
Package: atbegshi-ltx 2021/01/10 v1.0c Emulation of the original atbegshi
package with kernel methods
)
\Hy@abspage=\count309
\c@Item=\count310
\c@Hfootnote=\count311
)
Package hyperref Info: Driver: hpdftex.
(/usr/local/texlive/2025/texmf-dist/tex/latex/hyperref/hpdftex.def
File: hpdftex.def 2025-05-20 v7.01m Hyperref driver for pdfTeX
\Fld@listcount=\count312
\c@bookmark@seq@number=\count313
(/usr/local/texlive/2025/texmf-dist/tex/latex/rerunfilecheck/rerunfilecheck.sty
Package: rerunfilecheck 2022-07-10 v1.10 Rerun checks for auxiliary files (HO)
(/usr/local/texlive/2025/texmf-dist/tex/latex/base/atveryend-ltx.sty
Package: atveryend-ltx 2020/08/19 v1.0a Emulation of the original atveryend package
with kernel methods
) (/usr/local/texlive/2025/texmf-dist/tex/generic/uniquecounter/uniquecounter.sty
Package: uniquecounter 2019/12/15 v1.4 Provide unlimited unique counter (HO)
)
Package uniquecounter Info: New unique counter `rerunfilecheck' on input line 285.
)
\Hy@SectionHShift=\skip57
)
Package hyperref Info: Option `psdextra' set `true' on input line 1535.
(/usr/local/texlive/2025/texmf-dist/tex/latex/hyperref/psdextra.def
File: psdextra.def 2025-05-20 v7.01m Hyperref: Additions to PDF string support
LaTeX Encoding Info:    Redeclaring text command \textGamma (encoding PU) on input line 39.
LaTeX Encoding Info:    Redeclaring text command \textDelta (encoding PU) on input line 40.
LaTeX Encoding Info:    Redeclaring text command \textTheta (encoding PU) on input line 41.
LaTeX Encoding Info:    Redeclaring text command \textLambda (encoding PU) on input line 42.
LaTeX Encoding Info:    Redeclaring text command \textXi (encoding PU) on input line 43.
LaTeX Encoding Info:    Redeclaring text command \textPi (encoding PU) on input line 44.
LaTeX Encoding Info:    Redeclaring text command \textSigma (encoding PU) on input line 45.
LaTeX Encoding Info:    Redeclaring text command \textUpsilon (encoding PU) on input line 46.
LaTeX Encoding Info:    Redeclaring text command \textPhi (encoding PU) on input line 47.
LaTeX Encoding Info:    Redeclaring text command \textChi (encoding PU) on input line 48.
LaTeX Encoding Info:    Redeclaring text command \textPsi (encoding PU) on input line 49.
LaTeX Encoding Info:    Redeclaring text command \textOmega (encoding PU) on input line 50.
LaTeX Encoding Info:    Redeclaring text command \textalpha (encoding PU) on input line 51.
LaTeX Encoding Info:    Redeclaring text command \textbeta (encoding PU) on input line 52.
LaTeX Encoding Info:    Redeclaring text command \textgamma (encoding PU) on input line 53.
LaTeX Encoding Info:    Redeclaring text command \textdelta (encoding PU) on input line 54.
LaTeX Encoding Info:    Redeclaring text command \textepsilon (encoding PU) on input line 55.
LaTeX Encoding Info:    Redeclaring text command \textzeta (encoding PU) on input line 56.
LaTeX Encoding Info:    Redeclaring text command \texteta (encoding PU) on input line 57.
LaTeX Encoding Info:    Redeclaring text command \texttheta (encoding PU) on input line 58.
LaTeX Encoding Info:    Redeclaring text command \textiota (encoding PU) on input line 59.
LaTeX Encoding Info:    Redeclaring text command \textkappa (encoding PU) on input line 60.
LaTeX Encoding Info:    Redeclaring text command \textlambda (encoding PU) on input line 61.
LaTeX Encoding Info:    Redeclaring text command \textmugreek (encoding PU) on input line 62.
LaTeX Encoding Info:    Redeclaring text command \textnu (encoding PU) on input line 63.
LaTeX Encoding Info:    Redeclaring text command \textxi (encoding PU) on input line 64.
LaTeX Encoding Info:    Redeclaring text command \textpi (encoding PU) on input line 65.
LaTeX Encoding Info:    Redeclaring text command \textrho (encoding PU) on input line 66.
LaTeX Encoding Info:    Redeclaring text command \textvarsigma (encoding PU) on input line 67.
LaTeX Encoding Info:    Redeclaring text command \textsigma (encoding PU) on input line 68.
LaTeX Encoding Info:    Redeclaring text command \texttau (encoding PU) on input line 69.
LaTeX Encoding Info:    Redeclaring text command \textupsilon (encoding PU) on input line 70.
LaTeX Encoding Info:    Redeclaring text command \textphi (encoding PU) on input line 71.
LaTeX Encoding Info:    Redeclaring text command \textchi (encoding PU) on input line 72.
LaTeX Encoding Info:    Redeclaring text command \textpsi (encoding PU) on input line 73.
LaTeX Encoding Info:    Redeclaring text command \textomega (encoding PU) on input line 74.
) (/usr/local/texlive/2025/texmf-dist/tex/generic/colorprofiles/colorprofiles.sty
Package: colorprofiles 2018/11/01 v1.0.1 color profiles for PDF/X and PDF/A support
(/usr/local/texlive/2025/texmf-dist/tex/generic/colorprofiles/colorprofiles.tex)) (/usr/local/texlive/2025/texmf-dist/tex/latex/pdfx/AdobeColorProfiles.tex) (/usr/local/texlive/2025/texmf-dist/tex/latex/pdfx/8bit.def
File: 8bit.def 2008/03/30 v1.1d Input encoding file
)
** pdfx: Metadata file output.xmpdata read successfully.
(./output.xmpdata)<<sRGB.icc>> (/usr/local/texlive/2025/texmf-dist/tex/latex/pdfx/8bit.def
File: 8bit.def 2008/03/30 v1.1d Input encoding file
) (/usr/local/texlive/2025/texmf-dist/tex/latex/pdfx/8bit.def
File: 8bit.def 2008/03/30 v1.1d Input encoding file
) (/usr/local/texlive/2025/texmf-dist/tex/generic/stringenc/se-utf8.def
File: se-utf8.def 2019/11/29 v1.12 stringenc: UTF-8
) (/usr/local/texlive/2025/texmf-dist/tex/latex/pdfx/8bit.def
File: 8bit.def 2008/03/30 v1.1d Input encoding file
) (/usr/local/texlive/2025/texmf-dist/tex/latex/pdfx/8bit.def
File: 8bit.def 2008/03/30 v1.1d Input encoding file
) (/usr/local/texlive/2025/texmf-dist/tex/generic/pdftex/glyphtounicode.tex) (/usr/local/texlive/2025/texmf-dist/tex/latex/pdfx/glyphtounicode-cmr.tex) (/usr/local/texlive/2025/texmf-dist/tex/latex/pdfx/glyphtounicode-ntx.tex) (/usr/local/texlive/2025/texmf-dist/tex/latex/xmpincl/xmpincl.sty
Package: xmpincl 2021/09/22 v2.4 Include XMP data in pdflatex
) (/usr/local/texlive/2025/texmf-dist/tex/latex/pdfx/8bit.def
File: 8bit.def 2008/03/30 v1.1d Input encoding file
)
Using XMP template file: pdfa.xmp
\xmpinclWrite=\write3
\xmpinclRead=\read3
\openout3 = `pdfa.xmpi'.

<<pdfa.xmpi>>

Package pdfx Warning: Setting all color commands to rgb,
consistent with the Color Model for PDF/A  on input line 3126.

) (/usr/local/texlive/2025/texmf-dist/tex/latex/base/utf8.def
File: utf8.def 2022/06/07 v1.3c UTF-8 support
Now handling font encoding OML ...
... no UTF-8 mapping file for font encoding OML
Now handling font encoding OMS ...
... processing UTF-8 mapping file for font encoding OMS
(/usr/local/texlive/2025/texmf-dist/tex/latex/base/omsenc.dfu
File: omsenc.dfu 2022/06/07 v1.3c UTF-8 support
   defining Unicode char U+00A7 (decimal 167)
   defining Unicode char U+00B6 (decimal 182)
   defining Unicode char U+00B7 (decimal 183)
   defining Unicode char U+2020 (decimal 8224)
   defining Unicode char U+2021 (decimal 8225)
   defining Unicode char U+2022 (decimal 8226)
)
Now handling font encoding OT1 ...
... processing UTF-8 mapping file for font encoding OT1
(/usr/local/texlive/2025/texmf-dist/tex/latex/base/ot1enc.dfu
File: ot1enc.dfu 2022/06/07 v1.3c UTF-8 support
   defining Unicode char U+00A0 (decimal 160)
   defining Unicode char U+00A1 (decimal 161)
   defining Unicode char U+00A3 (decimal 163)
   defining Unicode char U+00AD (decimal 173)
   defining Unicode char U+00B8 (decimal 184)
   defining Unicode char U+00BF (decimal 191)
   defining Unicode char U+00C5 (decimal 197)
   defining Unicode char U+00C6 (decimal 198)
   defining Unicode char U+00D8 (decimal 216)
   defining Unicode char U+00DF (decimal 223)
   defining Unicode char U+00E6 (decimal 230)
   defining Unicode char U+00EC (decimal 236)
   defining Unicode char U+00ED (decimal 237)
   defining Unicode char U+00EE (decimal 238)
   defining Unicode char U+00EF (decimal 239)
   defining Unicode char U+00F8 (decimal 248)
   defining Unicode char U+0131 (decimal 305)
   defining Unicode char U+0141 (decimal 321)
   defining Unicode char U+0142 (decimal 322)
   defining Unicode char U+0152 (decimal 338)
   defining Unicode char U+0153 (decimal 339)
   defining Unicode char U+0174 (decimal 372)
   defining Unicode char U+0175 (decimal 373)
   defining Unicode char U+0176 (decimal 374)
   defining Unicode char U+0177 (decimal 375)
   defining Unicode char U+0218 (decimal 536)
   defining Unicode char U+0219 (decimal 537)
   defining Unicode char U+021A (decimal 538)
   defining Unicode char U+021B (decimal 539)
   defining Unicode char U+0237 (decimal 567)
   defining Unicode char U+2013 (decimal 8211)
   defining Unicode char U+2014 (decimal 8212)
   defining Unicode char U+2018 (decimal 8216)
   defining Unicode char U+2019 (decimal 8217)
   defining Unicode char U+201C (decimal 8220)
   defining Unicode char U+201D (decimal 8221)
   defining Unicode char U+FB00 (decimal 64256)
   defining Unicode char U+FB01 (decimal 64257)
   defining Unicode char U+FB02 (decimal 64258)
   defining Unicode char U+FB03 (decimal 64259)
   defining Unicode char U+FB04 (decimal 64260)
   defining Unicode char U+FB05 (decimal 64261)
   defining Unicode char U+FB06 (decimal 64262)
)
Now handling font encoding T1 ...
... processing UTF-8 mapping file for font encoding T1
(/usr/local/texlive/2025/texmf-dist/tex/latex/base/t1enc.dfu
File: t1enc.dfu 2022/06/07 v1.3c UTF-8 support
   defining Unicode char U+00A0 (decimal 160)
   defining Unicode char U+00A1 (decimal 161)
   defining Unicode char U+00A3 (decimal 163)
   defining Unicode char U+00AB (decimal 171)
   defining Unicode char U+00AD (decimal 173)
   defining Unicode char U+00BB (decimal 187)
   defining Unicode char U+00BF (decimal 191)
   defining Unicode char U+00C0 (decimal 192)
   defining Unicode char U+00C1 (decimal 193)
   defining Unicode char U+00C2 (decimal 194)
   defining Unicode char U+00C3 (decimal 195)
   defining Unicode char U+00C4 (decimal 196)
   defining Unicode char U+00C5 (decimal 197)
   defining Unicode char U+00C6 (decimal 198)
   defining Unicode char U+00C7 (decimal 199)
   defining Unicode char U+00C8 (decimal 200)
   defining Unicode char U+00C9 (decimal 201)
   defining Unicode char U+00CA (decimal 202)
   defining Unicode char U+00CB (decimal 203)
   defining Unicode char U+00CC (decimal 204)
   defining Unicode char U+00CD (decimal 205)
   defining Unicode char U+00CE (decimal 206)
   defining Unicode char U+00CF (decimal 207)
   defining Unicode char U+00D0 (decimal 208)
   defining Unicode char U+00D1 (decimal 209)
   defining Unicode char U+00D2 (decimal 210)
   defining Unicode char U+00D3 (decimal 211)
   defining Unicode char U+00D4 (decimal 212)
   defining Unicode char U+00D5 (decimal 213)
   defining Unicode char U+00D6 (decimal 214)
   defining Unicode char U+00D8 (decimal 216)
   defining Unicode char U+00D9 (decimal 217)
   defining Unicode char U+00DA (decimal 218)
   defining Unicode char U+00DB (decimal 219)
   defining Unicode char U+00DC (decimal 220)
   defining Unicode char U+00DD (decimal 221)
   defining Unicode char U+00DE (decimal 222)
   defining Unicode char U+00DF (decimal 223)
   defining Unicode char U+00E0 (decimal 224)
   defining Unicode char U+00E1 (decimal 225)
   defining Unicode char U+00E2 (decimal 226)
   defining Unicode char U+00E3 (decimal 227)
   defining Unicode char U+00E4 (decimal 228)
   defining Unicode char U+00E5 (decimal 229)
   defining Unicode char U+00E6 (decimal 230)
   defining Unicode char U+00E7 (decimal 231)
   defining Unicode char U+00E8 (decimal 232)
   defining Unicode char U+00E9 (decimal 233)
   defining Unicode char U+00EA (decimal 234)
   defining Unicode char U+00EB (decimal 235)
   defining Unicode char U+00EC (decimal 236)
   defining Unicode char U+00ED (decimal 237)
   defining Unicode char U+00EE (decimal 238)
   defining Unicode char U+00EF (decimal 239)
   defining Unicode char U+00F0 (decimal 240)
   defining Unicode char U+00F1 (decimal 241)
   defining Unicode char U+00F2 (decimal 242)
   defining Unicode char U+00F3 (decimal 243)
   defining Unicode char U+00F4 (decimal 244)
   defining Unicode char U+00F5 (decimal 245)
   defining Unicode char U+00F6 (decimal 246)
   defining Unicode char U+00F8 (decimal 248)
   defining Unicode char U+00F9 (decimal 249)
   defining Unicode char U+00FA (decimal 250)
   defining Unicode char U+00FB (decimal 251)
   defining Unicode char U+00FC (decimal 252)
   defining Unicode char U+00FD (decimal 253)
   defining Unicode char U+00FE (decimal 254)
   defining Unicode char U+00FF (decimal 255)
   defining Unicode char U+0100 (decimal 256)
   defining Unicode char U+0101 (decimal 257)
   defining Unicode char U+0102 (decimal 258)
   defining Unicode char U+0103 (decimal 259)
   defining Unicode char U+0104 (decimal 260)
   defining Unicode char U+0105 (decimal 261)
   defining Unicode char U+0106 (decimal 262)
   defining Unicode char U+0107 (decimal 263)
   defining Unicode char U+0108 (decimal 264)
   defining Unicode char U+0109 (decimal 265)
   defining Unicode char U+010A (decimal 266)
   defining Unicode char U+010B (decimal 267)
   defining Unicode char U+010C (decimal 268)
   defining Unicode char U+010D (decimal 269)
   defining Unicode char U+010E (decimal 270)
   defining Unicode char U+010F (decimal 271)
   defining Unicode char U+0110 (decimal 272)
   defining Unicode char U+0111 (decimal 273)
   defining Unicode char U+0112 (decimal 274)
   defining Unicode char U+0113 (decimal 275)
   defining Unicode char U+0114 (decimal 276)
   defining Unicode char U+0115 (decimal 277)
   defining Unicode char U+0116 (decimal 278)
   defining Unicode char U+0117 (decimal 279)
   defining Unicode char U+0118 (decimal 280)
   defining Unicode char U+0119 (decimal 281)
   defining Unicode char U+011A (decimal 282)
   defining Unicode char U+011B (decimal 283)
   defining Unicode char U+011C (decimal 284)
   defining Unicode char U+011D (decimal 285)
   defining Unicode char U+011E (decimal 286)
   defining Unicode char U+011F (decimal 287)
   defining Unicode char U+0120 (decimal 288)
   defining Unicode char U+0121 (decimal 289)
   defining Unicode char U+0122 (decimal 290)
   defining Unicode char U+0123 (decimal 291)
   defining Unicode char U+0124 (decimal 292)
   defining Unicode char U+0125 (decimal 293)
   defining Unicode char U+0128 (decimal 296)
   defining Unicode char U+0129 (decimal 297)
   defining Unicode char U+012A (decimal 298)
   defining Unicode char U+012B (decimal 299)
   defining Unicode char U+012C (decimal 300)
   defining Unicode char U+012D (decimal 301)
   defining Unicode char U+012E (decimal 302)
   defining Unicode char U+012F (decimal 303)
   defining Unicode char U+0130 (decimal 304)
   defining Unicode char U+0131 (decimal 305)
   defining Unicode char U+0132 (decimal 306)
   defining Unicode char U+0133 (decimal 307)
   defining Unicode char U+0134 (decimal 308)
   defining Unicode char U+0135 (decimal 309)
   defining Unicode char U+0136 (decimal 310)
   defining Unicode char U+0137 (decimal 311)
   defining Unicode char U+0139 (decimal 313)
   defining Unicode char U+013A (decimal 314)
   defining Unicode char U+013B (decimal 315)
   defining Unicode char U+013C (decimal 316)
   defining Unicode char U+013D (decimal 317)
   defining Unicode char U+013E (decimal 318)
   defining Unicode char U+0141 (decimal 321)
   defining Unicode char U+0142 (decimal 322)
   defining Unicode char U+0143 (decimal 323)
   defining Unicode char U+0144 (decimal 324)
   defining Unicode char U+0145 (decimal 325)
   defining Unicode char U+0146 (decimal 326)
   defining Unicode char U+0147 (decimal 327)
   defining Unicode char U+0148 (decimal 328)
   defining Unicode char U+014A (decimal 330)
   defining Unicode char U+014B (decimal 331)
   defining Unicode char U+014C (decimal 332)
   defining Unicode char U+014D (decimal 333)
   defining Unicode char U+014E (decimal 334)
   defining Unicode char U+014F (decimal 335)
   defining Unicode char U+0150 (decimal 336)
   defining Unicode char U+0151 (decimal 337)
   defining Unicode char U+0152 (decimal 338)
   defining Unicode char U+0153 (decimal 339)
   defining Unicode char U+0154 (decimal 340)
   defining Unicode char U+0155 (decimal 341)
   defining Unicode char U+0156 (decimal 342)
   defining Unicode char U+0157 (decimal 343)
   defining Unicode char U+0158 (decimal 344)
   defining Unicode char U+0159 (decimal 345)
   defining Unicode char U+015A (decimal 346)
   defining Unicode char U+015B (decimal 347)
   defining Unicode char U+015C (decimal 348)
   defining Unicode char U+015D (decimal 349)
   defining Unicode char U+015E (decimal 350)
   defining Unicode char U+015F (decimal 351)
   defining Unicode char U+0160 (decimal 352)
   defining Unicode char U+0161 (decimal 353)
   defining Unicode char U+0162 (decimal 354)
   defining Unicode char U+0163 (decimal 355)
   defining Unicode char U+0164 (decimal 356)
   defining Unicode char U+0165 (decimal 357)
   defining Unicode char U+0168 (decimal 360)
   defining Unicode char U+0169 (decimal 361)
   defining Unicode char U+016A (decimal 362)
   defining Unicode char U+016B (decimal 363)
   defining Unicode char U+016C (decimal 364)
   defining Unicode char U+016D (decimal 365)
   defining Unicode char U+016E (decimal 366)
   defining Unicode char U+016F (decimal 367)
   defining Unicode char U+0170 (decimal 368)
   defining Unicode char U+0171 (decimal 369)
   defining Unicode char U+0172 (decimal 370)
   defining Unicode char U+0173 (decimal 371)
   defining Unicode char U+0174 (decimal 372)
   defining Unicode char U+0175 (decimal 373)
   defining Unicode char U+0176 (decimal 374)
   defining Unicode char U+0177 (decimal 375)
   defining Unicode char U+0178 (decimal 376)
   defining Unicode char U+0179 (decimal 377)
   defining Unicode char U+017A (decimal 378)
   defining Unicode char U+017B (decimal 379)
   defining Unicode char U+017C (decimal 380)
   defining Unicode char U+017D (decimal 381)
   defining Unicode char U+017E (decimal 382)
   defining Unicode char U+01C4 (decimal 452)
   defining Unicode char U+01C5 (decimal 453)
   defining Unicode char U+01C6 (decimal 454)
   defining Unicode char U+01C7 (decimal 455)
   defining Unicode char U+01C8 (decimal 456)
   defining Unicode char U+01C9 (decimal 457)
   defining Unicode char U+01CA (decimal 458)
   defining Unicode char U+01CB (decimal 459)
   defining Unicode char U+01CC (decimal 460)
   defining Unicode char U+01CD (decimal 461)
   defining Unicode char U+01CE (decimal 462)
   defining Unicode char U+01CF (decimal 463)
   defining Unicode char U+01D0 (decimal 464)
   defining Unicode char U+01D1 (decimal 465)
   defining Unicode char U+01D2 (decimal 466)
   defining Unicode char U+01D3 (decimal 467)
   defining Unicode char U+01D4 (decimal 468)
   defining Unicode char U+01E2 (decimal 482)
   defining Unicode char U+01E3 (decimal 483)
   defining Unicode char U+01E6 (decimal 486)
   defining Unicode char U+01E7 (decimal 487)
   defining Unicode char U+01E8 (decimal 488)
   defining Unicode char U+01E9 (decimal 489)
   defining Unicode char U+01EA (decimal 490)
   defining Unicode char U+01EB (decimal 491)
   defining Unicode char U+01F0 (decimal 496)
   defining Unicode char U+01F4 (decimal 500)
   defining Unicode char U+01F5 (decimal 501)
   defining Unicode char U+0218 (decimal 536)
   defining Unicode char U+0219 (decimal 537)
   defining Unicode char U+021A (decimal 538)
   defining Unicode char U+021B (decimal 539)
   defining Unicode char U+0232 (decimal 562)
   defining Unicode char U+0233 (decimal 563)
   defining Unicode char U+0237 (decimal 567)
   defining Unicode char U+02D9 (decimal 729)
   defining Unicode char U+02DB (decimal 731)
   defining Unicode char U+1E02 (decimal 7682)
   defining Unicode char U+1E03 (decimal 7683)
   defining Unicode char U+1E0D (decimal 7693)
   defining Unicode char U+1E1E (decimal 7710)
   defining Unicode char U+1E1F (decimal 7711)
   defining Unicode char U+1E25 (decimal 7717)
   defining Unicode char U+1E30 (decimal 7728)
   defining Unicode char U+1E31 (decimal 7729)
   defining Unicode char U+1E37 (decimal 7735)
   defining Unicode char U+1E8E (decimal 7822)
   defining Unicode char U+1E8F (decimal 7823)
   defining Unicode char U+1E43 (decimal 7747)
   defining Unicode char U+1E45 (decimal 7749)
   defining Unicode char U+1E47 (decimal 7751)
   defining Unicode char U+1E5B (decimal 7771)
   defining Unicode char U+1E63 (decimal 7779)
   defining Unicode char U+1E6D (decimal 7789)
   defining Unicode char U+1E90 (decimal 7824)
   defining Unicode char U+1E91 (decimal 7825)
   defining Unicode char U+1E9E (decimal 7838)
   defining Unicode char U+1EF2 (decimal 7922)
   defining Unicode char U+1EF3 (decimal 7923)
   defining Unicode char U+200C (decimal 8204)
   defining Unicode char U+2010 (decimal 8208)
   defining Unicode char U+2011 (decimal 8209)
   defining Unicode char U+2012 (decimal 8210)
   defining Unicode char U+2013 (decimal 8211)
   defining Unicode char U+2014 (decimal 8212)
   defining Unicode char U+2015 (decimal 8213)
   defining Unicode char U+2018 (decimal 8216)
   defining Unicode char U+2019 (decimal 8217)
   defining Unicode char U+201A (decimal 8218)
   defining Unicode char U+201C (decimal 8220)
   defining Unicode char U+201D (decimal 8221)
   defining Unicode char U+201E (decimal 8222)
   defining Unicode char U+2030 (decimal 8240)
   defining Unicode char U+2031 (decimal 8241)
   defining Unicode char U+2039 (decimal 8249)
   defining Unicode char U+203A (decimal 8250)
   defining Unicode char U+2423 (decimal 9251)
   defining Unicode char U+1E20 (decimal 7712)
   defining Unicode char U+1E21 (decimal 7713)
   defining Unicode char U+FB00 (decimal 64256)
   defining Unicode char U+FB01 (decimal 64257)
   defining Unicode char U+FB02 (decimal 64258)
   defining Unicode char U+FB03 (decimal 64259)
   defining Unicode char U+FB04 (decimal 64260)
   defining Unicode char U+FB05 (decimal 64261)
   defining Unicode char U+FB06 (decimal 64262)
)
Now handling font encoding TS1 ...
... processing UTF-8 mapping file for font encoding TS1
(/usr/local/texlive/2025/texmf-dist/tex/latex/base/ts1enc.dfu
File: ts1enc.dfu 2022/06/07 v1.3c UTF-8 support
   defining Unicode char U+00A2 (decimal 162)
   defining Unicode char U+00A3 (decimal 163)
   defining Unicode char U+00A4 (decimal 164)
   defining Unicode char U+00A5 (decimal 165)
   defining Unicode char U+00A6 (decimal 166)
   defining Unicode char U+00A7 (decimal 167)
   defining Unicode char U+00A8 (decimal 168)
   defining Unicode char U+00A9 (decimal 169)
   defining Unicode char U+00AA (decimal 170)
   defining Unicode char U+00AC (decimal 172)
   defining Unicode char U+00AE (decimal 174)
   defining Unicode char U+00AF (decimal 175)
   defining Unicode char U+00B0 (decimal 176)
   defining Unicode char U+00B1 (decimal 177)
   defining Unicode char U+00B2 (decimal 178)
   defining Unicode char U+00B3 (decimal 179)
   defining Unicode char U+00B4 (decimal 180)
   defining Unicode char U+00B5 (decimal 181)
   defining Unicode char U+00B6 (decimal 182)
   defining Unicode char U+00B7 (decimal 183)
   defining Unicode char U+00B9 (decimal 185)
   defining Unicode char U+00BA (decimal 186)
   defining Unicode char U+00BC (decimal 188)
   defining Unicode char U+00BD (decimal 189)
   defining Unicode char U+00BE (decimal 190)
   defining Unicode char U+00D7 (decimal 215)
   defining Unicode char U+00F7 (decimal 247)
   defining Unicode char U+0192 (decimal 402)
   defining Unicode char U+02C7 (decimal 711)
   defining Unicode char U+02D8 (decimal 728)
   defining Unicode char U+02DD (decimal 733)
   defining Unicode char U+0E3F (decimal 3647)
   defining Unicode char U+2016 (decimal 8214)
   defining Unicode char U+2020 (decimal 8224)
   defining Unicode char U+2021 (decimal 8225)
   defining Unicode char U+2022 (decimal 8226)
   defining Unicode char U+2030 (decimal 8240)
   defining Unicode char U+2031 (decimal 8241)
   defining Unicode char U+203B (decimal 8251)
   defining Unicode char U+203D (decimal 8253)
   defining Unicode char U+2044 (decimal 8260)
   defining Unicode char U+204E (decimal 8270)
   defining Unicode char U+2052 (decimal 8274)
   defining Unicode char U+20A1 (decimal 8353)
   defining Unicode char U+20A4 (decimal 8356)
   defining Unicode char U+20A6 (decimal 8358)
   defining Unicode char U+20A9 (decimal 8361)
   defining Unicode char U+20AB (decimal 8363)
   defining Unicode char U+20AC (decimal 8364)
   defining Unicode char U+20B1 (decimal 8369)
   defining Unicode char U+2103 (decimal 8451)
   defining Unicode char U+2116 (decimal 8470)
   defining Unicode char U+2117 (decimal 8471)
   defining Unicode char U+211E (decimal 8478)
   defining Unicode char U+2120 (decimal 8480)
   defining Unicode char U+2122 (decimal 8482)
   defining Unicode char U+2126 (decimal 8486)
   defining Unicode char U+2127 (decimal 8487)
   defining Unicode char U+212E (decimal 8494)
   defining Unicode char U+2190 (decimal 8592)
   defining Unicode char U+2191 (decimal 8593)
   defining Unicode char U+2192 (decimal 8594)
   defining Unicode char U+2193 (decimal 8595)
   defining Unicode char U+2329 (decimal 9001)
   defining Unicode char U+3008 (decimal 12296)
   defining Unicode char U+232A (decimal 9002)
   defining Unicode char U+3009 (decimal 12297)
   defining Unicode char U+2422 (decimal 9250)
   defining Unicode char U+25E6 (decimal 9702)
   defining Unicode char U+25EF (decimal 9711)
   defining Unicode char U+266A (decimal 9834)
   defining Unicode char U+27E8 (decimal 10216)
   defining Unicode char U+27E9 (decimal 10217)
   defining Unicode char U+FEFF (decimal 65279)
)
Now handling font encoding OMX ...
... no UTF-8 mapping file for font encoding OMX
Now handling font encoding U ...
... no UTF-8 mapping file for font encoding U
Now handling font encoding PD1 ...
... no UTF-8 mapping file for font encoding PD1
Now handling font encoding PU ...
... no UTF-8 mapping file for font encoding PU
   defining Unicode char U+00A9 (decimal 169)
   defining Unicode char U+00AA (decimal 170)
   defining Unicode char U+00AE (decimal 174)
   defining Unicode char U+00BA (decimal 186)
   defining Unicode char U+02C6 (decimal 710)
   defining Unicode char U+02DC (decimal 732)
   defining Unicode char U+200C (decimal 8204)
   defining Unicode char U+2026 (decimal 8230)
   defining Unicode char U+2122 (decimal 8482)
   defining Unicode char U+2423 (decimal 9251)
   defining Unicode char U+FEFF (decimal 65279)
)
Package hyperref Info: Option `unicode' set `true' on input line 42.
Package hyperref Info: Option `unicode' set `true' on input line 42.
(/usr/local/texlive/2025/texmf-dist/tex/latex/geometry/geometry.sty
Package: geometry 2020/01/02 v5.9 Page Geometry
(/usr/local/texlive/2025/texmf-dist/tex/generic/iftex/ifvtex.sty
Package: ifvtex 2019/10/25 v1.7 ifvtex legacy package. Use iftex instead.
)
\Gm@cnth=\count314
\Gm@cntv=\count315
\c@Gm@tempcnt=\count316
\Gm@bindingoffset=\dimen159
\Gm@wd@mp=\dimen160
\Gm@odd@mp=\dimen161
\Gm@even@mp=\dimen162
\Gm@layoutwidth=\dimen163
\Gm@layoutheight=\dimen164
\Gm@layouthoffset=\dimen165
\Gm@layoutvoffset=\dimen166
\Gm@dimlist=\toks26
) (/usr/local/texlive/2025/texmf-dist/tex/latex/datetime2/datetime2.sty
Package: datetime2 2021/03/21 v1.5.7 (NLCT) date and time formats
(/usr/local/texlive/2025/texmf-dist/tex/latex/tracklang/tracklang.sty
Package: tracklang 2025/03/11 v1.6.6 (NLCT) Track Languages
(/usr/local/texlive/2025/texmf-dist/tex/generic/tracklang/tracklang.tex)
Package tracklang Info: Tracking dialect `english' (language `english') on input line 53.
) (/usr/local/texlive/2025/texmf-dist/tex/latex/xkeyval/xkeyval.sty
Package: xkeyval 2022/06/16 v2.9 package option processing (HA)
(/usr/local/texlive/2025/texmf-dist/tex/generic/xkeyval/xkeyval.tex (/usr/local/texlive/2025/texmf-dist/tex/generic/xkeyval/xkvutils.tex
\XKV@toks=\toks27
\XKV@tempa@toks=\toks28
)
\XKV@depth=\count317
File: xkeyval.tex 2014/12/03 v2.7a key=value parser (HA)
))
Package tracklang Info: Tracking dialect `british' (language `english') on input line 217.
(/usr/local/texlive/2025/texmf-dist/tex/latex/datetime2-english/datetime2-english.ldf
File: datetime2-english.ldf 2019/10/21 v1.05 (NLCT)
(/usr/local/texlive/2025/texmf-dist/tex/latex/datetime2-english/datetime2-english-base.ldf
File: datetime2-english-base.ldf 2019/10/21 v1.05 (NLCT)
)) (/usr/local/texlive/2025/texmf-dist/tex/latex/datetime2-english/datetime2-en-GB.ldf
File: datetime2-en-GB.ldf 2019/10/21 v1.05 (NLCT)
))
\c@NAllPages=\count318
\c@NMainTxtPages=\count319
\c@NAppdxPages=\count320
) (./dithesis.sty
Package: dithesis 
(/usr/local/texlive/2025/texmf-dist/tex/latex/newtx/newtxtext.sty
Package: newtxtext 2024/04/01 v1.744(Michael Sharpe) latex and unicode latex support for TeXGyreTermesX
`newtxtext' v1.744, 2024/04/01 Text macros taking advantage of TeXGyre Termes and its extensions (msharpe) (/usr/local/texlive/2025/texmf-dist/tex/latex/xpatch/xpatch.sty (/usr/local/texlive/2025/texmf-dist/tex/latex/l3kernel/expl3.sty
Package: expl3 2025-05-26 L3 programming layer (loader) 
(/usr/local/texlive/2025/texmf-dist/tex/latex/l3backend/l3backend-pdftex.def
File: l3backend-pdftex.def 2025-04-14 L3 backend support: PDF output (pdfTeX)
\l__color_backend_stack_int=\count321
))
Package: xpatch 2020/03/25 v0.3a Extending etoolbox patching commands
(/usr/local/texlive/2025/texmf-dist/tex/latex/l3packages/xparse/xparse.sty
Package: xparse 2024-08-16 L3 Experimental document command parser
)) (/usr/local/texlive/2025/texmf-dist/tex/latex/base/textcomp.sty
Package: textcomp 2024/04/24 v2.1b Standard LaTeX package
) (/usr/local/texlive/2025/texmf-dist/tex/latex/carlisle/scalefnt.sty)
LaTeX Font Info:    Setting ntxLF sub-encoding to TS1/0 on input line 24.
LaTeX Font Info:    Setting ntxTLF sub-encoding to TS1/0 on input line 24.
LaTeX Font Info:    Setting ntxOsF sub-encoding to TS1/0 on input line 24.
LaTeX Font Info:    Setting ntxTOsF sub-encoding to TS1/0 on input line 24.
(/usr/local/texlive/2025/texmf-dist/tex/generic/kastrup/binhex.tex)
\ntx@tmpcnta=\count322
\ntx@cnt=\count323
(/usr/local/texlive/2025/texmf-dist/tex/latex/fontaxes/fontaxes.sty
Package: fontaxes 2025-05-24 v2.0.1 Font selection axes (deprecated)
(/usr/local/texlive/2025/texmf-dist/tex/latex/figureversions/figureversions.sty
Package: figureversions 2025-04-29 v1.0.1 Figure versions
))
\tx@sixem=\dimen167
\tx@y=\dimen168
\tx@x=\dimen169
\tx@tmpdima=\dimen170
\tx@tmpdimb=\dimen171
\tx@tmpdimc=\dimen172
\tx@tmpdimd=\dimen173
\tx@tmpdime=\dimen174
\tx@tmpdimf=\dimen175
\tx@dimA=\dimen176
\tx@dimAA=\dimen177
\tx@dimB=\dimen178
\tx@dimBB=\dimen179
\tx@dimC=\dimen180
LaTeX Info: Redefining \oldstylenums on input line 902.
) (/usr/local/texlive/2025/texmf-dist/tex/latex/newtx/newtxmath.sty
Package: newtxmath 2024/09/22 v1.754
`newtxmath' v1.754, 2024/09/22 Math macros based originally on txfonts (msharpe) (/usr/local/texlive/2025/texmf-dist/tex/latex/amsmath/amsmath.sty
Package: amsmath 2025/05/18 v2.17x AMS math features
\@mathmargin=\skip58
For additional information on amsmath, use the `?' option.
(/usr/local/texlive/2025/texmf-dist/tex/latex/amsmath/amstext.sty
Package: amstext 2024/11/17 v2.01 AMS text
(/usr/local/texlive/2025/texmf-dist/tex/latex/amsmath/amsgen.sty
File: amsgen.sty 1999/11/30 v2.0 generic functions
\@emptytoks=\toks29
\ex@=\dimen181
)) (/usr/local/texlive/2025/texmf-dist/tex/latex/amsmath/amsbsy.sty
Package: amsbsy 1999/11/29 v1.2d Bold Symbols
\pmbraise@=\dimen182
) (/usr/local/texlive/2025/texmf-dist/tex/latex/amsmath/amsopn.sty
Package: amsopn 2022/04/08 v2.04 operator names
)
\inf@bad=\count324
LaTeX Info: Redefining \frac on input line 233.
\uproot@=\count325
\leftroot@=\count326
LaTeX Info: Redefining \overline on input line 398.
LaTeX Info: Redefining \colon on input line 409.
\classnum@=\count327
\DOTSCASE@=\count328
LaTeX Info: Redefining \ldots on input line 495.
LaTeX Info: Redefining \dots on input line 498.
LaTeX Info: Redefining \cdots on input line 619.
\Mathstrutbox@=\box59
\strutbox@=\box60
LaTeX Info: Redefining \big on input line 721.
LaTeX Info: Redefining \Big on input line 722.
LaTeX Info: Redefining \bigg on input line 723.
LaTeX Info: Redefining \Bigg on input line 724.
\big@size=\dimen183
LaTeX Font Info:    Redeclaring font encoding OML on input line 742.
LaTeX Font Info:    Redeclaring font encoding OMS on input line 743.
\macc@depth=\count329
LaTeX Info: Redefining \bmod on input line 904.
LaTeX Info: Redefining \pmod on input line 909.
LaTeX Info: Redefining \smash on input line 939.
LaTeX Info: Redefining \relbar on input line 969.
LaTeX Info: Redefining \Relbar on input line 970.
\c@MaxMatrixCols=\count330
\dotsspace@=\muskip18
\c@parentequation=\count331
\dspbrk@lvl=\count332
\tag@help=\toks30
\row@=\count333
\column@=\count334
\maxfields@=\count335
\andhelp@=\toks31
\eqnshift@=\dimen184
\alignsep@=\dimen185
\tagshift@=\dimen186
\tagwidth@=\dimen187
\totwidth@=\dimen188
\lineht@=\dimen189
\@envbody=\toks32
\multlinegap=\skip59
\multlinetaggap=\skip60
\mathdisplay@stack=\toks33
LaTeX Info: Redefining \[ on input line 2949.
LaTeX Info: Redefining \] on input line 2950.
) (/usr/local/texlive/2025/texmf-dist/tex/latex/oberdiek/centernot.sty
Package: centernot 2016/05/16 v1.4 Centers the not symbol horizontally (HO)
)
\tx@cntz=\count336
(/usr/local/texlive/2025/texmf-dist/tex/generic/kastrup/binhex.tex)
\tx@Isdigit=\count337
\tx@IsAlNum=\count338
\tx@tA=\toks34
\tx@tB=\toks35
\tx@su=\read4
amsthm NOT loaded
LaTeX Font Info:    Redeclaring symbol font `operators' on input line 402.
LaTeX Font Info:    Overwriting symbol font `operators' in version `normal'
(Font)                  OT1/cmr/m/n --> OT1/minntx/m/n on input line 402.
LaTeX Font Info:    Overwriting symbol font `operators' in version `bold'
(Font)                  OT1/cmr/bx/n --> OT1/minntx/m/n on input line 402.
LaTeX Font Info:    Overwriting symbol font `operators' in version `bold'
(Font)                  OT1/minntx/m/n --> OT1/minntx/b/n on input line 403.
LaTeX Font Info:    Redeclaring math alphabet \mathsf on input line 410.
LaTeX Font Info:    Overwriting math alphabet `\mathsf' in version `normal'
(Font)                  OT1/cmss/m/n --> OT1/qhv/m/n on input line 410.
LaTeX Font Info:    Overwriting math alphabet `\mathsf' in version `bold'
(Font)                  OT1/cmss/bx/n --> OT1/qhv/m/n on input line 410.
LaTeX Font Info:    Overwriting math alphabet `\mathsf' in version `bold'
(Font)                  OT1/qhv/m/n --> OT1/qhv/b/n on input line 412.
LaTeX Font Info:    Redeclaring math alphabet \mathit on input line 419.
LaTeX Font Info:    Overwriting math alphabet `\mathit' in version `normal'
(Font)                  OT1/cmr/m/it --> OT1/minntx/m/it on input line 419.
LaTeX Font Info:    Overwriting math alphabet `\mathit' in version `bold'
(Font)                  OT1/cmr/bx/it --> OT1/minntx/m/it on input line 419.
LaTeX Font Info:    Redeclaring math alphabet \mathtt on input line 420.
LaTeX Font Info:    Overwriting math alphabet `\mathtt' in version `normal'
(Font)                  OT1/cmtt/m/n --> T1/ntxtt/m/n on input line 420.
LaTeX Font Info:    Overwriting math alphabet `\mathtt' in version `bold'
(Font)                  OT1/cmtt/m/n --> T1/ntxtt/m/n on input line 420.
LaTeX Font Info:    Redeclaring math alphabet \mathbf on input line 422.
LaTeX Font Info:    Overwriting math alphabet `\mathbf' in version `normal'
(Font)                  OT1/cmr/bx/n --> OT1/minntx/b/n on input line 422.
LaTeX Font Info:    Overwriting math alphabet `\mathbf' in version `bold'
(Font)                  OT1/cmr/bx/n --> OT1/minntx/b/n on input line 422.
LaTeX Font Info:    Overwriting math alphabet `\mathit' in version `bold'
(Font)                  OT1/minntx/m/it --> OT1/minntx/b/it on input line 423.
LaTeX Font Info:    Overwriting math alphabet `\mathtt' in version `bold'
(Font)                  T1/ntxtt/m/n --> T1/ntxtt/b/n on input line 426.
LaTeX Font Info:    Redeclaring symbol font `letters' on input line 534.
LaTeX Font Info:    Overwriting symbol font `letters' in version `normal'
(Font)                  OML/cmm/m/it --> OML/ntxmi/m/it on input line 534.
LaTeX Font Info:    Overwriting symbol font `letters' in version `bold'
(Font)                  OML/cmm/b/it --> OML/ntxmi/m/it on input line 534.
LaTeX Font Info:    Overwriting symbol font `letters' in version `bold'
(Font)                  OML/ntxmi/m/it --> OML/ntxmi/b/it on input line 535.
\symlettersA=\mathgroup4
LaTeX Font Info:    Overwriting symbol font `lettersA' in version `bold'
(Font)                  U/ntxmia/m/it --> U/ntxmia/b/it on input line 582.
Now handling font encoding LMS ...
... no UTF-8 mapping file for font encoding LMS
LaTeX Font Info:    Redeclaring symbol font `symbols' on input line 604.
LaTeX Font Info:    Encoding `OMS' has changed to `LMS' for symbol font
(Font)              `symbols' in the math version `normal' on input line 604.
LaTeX Font Info:    Overwriting symbol font `symbols' in version `normal'
(Font)                  OMS/cmsy/m/n --> LMS/ntxsy/m/n on input line 604.
LaTeX Font Info:    Encoding `OMS' has changed to `LMS' for symbol font
(Font)              `symbols' in the math version `bold' on input line 604.
LaTeX Font Info:    Overwriting symbol font `symbols' in version `bold'
(Font)                  OMS/cmsy/b/n --> LMS/ntxsy/m/n on input line 604.
LaTeX Font Info:    Overwriting symbol font `symbols' in version `bold'
(Font)                  LMS/ntxsy/m/n --> LMS/ntxsy/b/n on input line 605.
\symAMSm=\mathgroup5
LaTeX Font Info:    Overwriting symbol font `AMSm' in version `bold'
(Font)                  U/ntxsym/m/n --> U/ntxsym/b/n on input line 630.
\symsymbolsC=\mathgroup6
LaTeX Font Info:    Overwriting symbol font `symbolsC' in version `bold'
(Font)                  U/ntxsyc/m/n --> U/ntxsyc/b/n on input line 651.
Now handling font encoding LMX ...
... no UTF-8 mapping file for font encoding LMX
LaTeX Font Info:    Redeclaring symbol font `largesymbols' on input line 664.
LaTeX Font Info:    Encoding `OMX' has changed to `LMX' for symbol font
(Font)              `largesymbols' in the math version `normal' on input line 664.
LaTeX Font Info:    Overwriting symbol font `largesymbols' in version `normal'
(Font)                  OMX/cmex/m/n --> LMX/ntxexx/m/n on input line 664.
LaTeX Font Info:    Encoding `OMX' has changed to `LMX' for symbol font
(Font)              `largesymbols' in the math version `bold' on input line 664.
LaTeX Font Info:    Overwriting symbol font `largesymbols' in version `bold'
(Font)                  OMX/cmex/m/n --> LMX/ntxexx/m/n on input line 664.
LaTeX Font Info:    Overwriting symbol font `largesymbols' in version `bold'
(Font)                  LMX/ntxexx/m/n --> LMX/ntxexx/b/n on input line 665.
\symlargesymbolsTXA=\mathgroup7
LaTeX Font Info:    Overwriting symbol font `largesymbolsTXA' in version `bold'
(Font)                  U/ntxexa/m/n --> U/ntxexa/b/n on input line 679.
\tx@sbptoks=\toks36
LaTeX Font Info:    Redeclaring math delimiter \lfloor on input line 902.
LaTeX Font Info:    Redeclaring math delimiter \rfloor on input line 903.
LaTeX Font Info:    Redeclaring math delimiter \lceil on input line 904.
LaTeX Font Info:    Redeclaring math delimiter \rceil on input line 905.
LaTeX Font Info:    Redeclaring math delimiter \lbrace on input line 910.
LaTeX Font Info:    Redeclaring math delimiter \rbrace on input line 911.
LaTeX Font Info:    Redeclaring math delimiter \langle on input line 913.
LaTeX Font Info:    Redeclaring math delimiter \rangle on input line 915.
LaTeX Font Info:    Redeclaring math delimiter \arrowvert on input line 919.
LaTeX Font Info:    Redeclaring math delimiter \vert on input line 920.
LaTeX Font Info:    Redeclaring math symbol \hbar on input line 966.
LaTeX Font Info:    Redeclaring math accent \dot on input line 991.
LaTeX Font Info:    Redeclaring math accent \ddot on input line 992.
LaTeX Font Info:    Redeclaring math accent \vec on input line 2057.
LaTeX Info: Redefining \Bbbk on input line 2847.
LaTeX Info: Redefining \not on input line 2995.
) (/usr/local/texlive/2025/texmf-dist/tex/generic/babel/babel.sty
Package: babel 2025/06/10 v25.10 The multilingual framework for pdfLaTeX, LuaLaTeX and XeLaTeX
\babel@savecnt=\count339
LaTeX Encoding Info:    Redeclaring text command \ij (encoding OT1) on input line 2043.
LaTeX Encoding Info:    Redeclaring text command \IJ (encoding OT1) on input line 2045.
LaTeX Encoding Info:    Redeclaring text command \ij (encoding T1) on input line 2047.
LaTeX Encoding Info:    Redeclaring text command \IJ (encoding T1) on input line 2048.
LaTeX Encoding Info:    Ignoring declaration for text command \ij (encoding ?) on input line 2049.
LaTeX Encoding Info:    Ignoring declaration for text command \IJ (encoding ?) on input line 2051.
LaTeX Encoding Info:    Ignoring declaration for text command \SS (encoding ?) on input line 2076.
\U@D=\dimen190
\l@unhyphenated=\language90
(/usr/local/texlive/2025/texmf-dist/tex/generic/babel/txtbabel.def)
\bbl@readstream=\read5
\bbl@dirlevel=\count340
Package babel Info: Main language set with 'main='. Except if you have
(babel)             problems, prefer the default mechanism for setting
(babel)             the main language, i.e., as the last declared.
(babel)             Reported on input line 4173.
(/usr/local/texlive/2025/texmf-dist/tex/generic/babel-finnish/finnish.ldf
Language: finnish 2021/02/06 v1.3s Finnish support from the babel system
(/usr/local/texlive/2025/texmf-dist/tex/generic/babel/locale/fi/babel-finnish.tex
Package babel Info: Importing font and identification data for finnish
(babel)             from babel-fi.ini. Reported on input line 11.
)
Package babel Info: Making " an active character on input line 85.
) (/usr/local/texlive/2025/texmf-dist/tex/generic/babel-finnish/finnish.ldf
Language: finnish 2021/02/06 v1.3s Finnish support from the babel system
) (/usr/local/texlive/2025/texmf-dist/tex/generic/babel-english/english.ldf
Language: english 2017/06/06 v3.3r English support from the babel system
(/usr/local/texlive/2025/texmf-dist/tex/generic/babel/locale/en/babel-english.tex
Package babel Info: Importing font and identification data for english
(babel)             from babel-en.ini. Reported on input line 11.
)
Package babel Info: Hyphen rules for 'canadian' set to \l@english
(babel)             (\language0). Reported on input line 102.
Package babel Info: Hyphen rules for 'australian' set to \l@ukenglish
(babel)             (\language22). Reported on input line 105.
Package babel Info: Hyphen rules for 'newzealand' set to \l@ukenglish
(babel)             (\language22). Reported on input line 108.
)) (/usr/local/texlive/2025/texmf-dist/tex/generic/oberdiek/hyphsubst.sty
Package: hyphsubst 2016/05/16 v0.3 Substitute hyphenation patterns (HO)
Package hyphsubst Info: Redefined: \l@english
(hyphsubst)             old value: 0
(hyphsubst)             new value: 2
(hyphsubst)             \language updated on input line 227.
Package hyphsubst Info: Redefined: \l@finnish
(hyphsubst)             old value: 28
(hyphsubst)             new value: 2 on input line 227.
) (/usr/local/texlive/2025/texmf-dist/tex/latex/enumitem/enumitem.sty
Package: enumitem 2025/02/06 v3.11 Customized lists
\labelindent=\skip61
\enit@outerparindent=\dimen191
\enit@toks=\toks37
\enit@inbox=\box61
\enit@count@id=\count341
\enitdp@description=\count342
) (/usr/local/texlive/2025/texmf-dist/tex/latex/graphics/graphicx.sty
Package: graphicx 2024/12/31 v1.2e Enhanced LaTeX Graphics (DPC,SPQR)
(/usr/local/texlive/2025/texmf-dist/tex/latex/graphics/graphics.sty
Package: graphics 2024/08/06 v1.4g Standard LaTeX Graphics (DPC,SPQR)
(/usr/local/texlive/2025/texmf-dist/tex/latex/graphics/trig.sty
Package: trig 2023/12/02 v1.11 sin cos tan (DPC)
) (/usr/local/texlive/2025/texmf-dist/tex/latex/graphics-cfg/graphics.cfg
File: graphics.cfg 2016/06/04 v1.11 sample graphics configuration
)
Package graphics Info: Driver file: pdftex.def on input line 106.
)
\Gin@req@height=\dimen192
\Gin@req@width=\dimen193
) (/usr/local/texlive/2025/texmf-dist/tex/latex/float/float.sty
Package: float 2001/11/08 v1.3d Float enhancements (AL)
\c@float@type=\count343
\float@exts=\toks38
\float@box=\box62
\@float@everytoks=\toks39
\@floatcapt=\box63
) (/usr/local/texlive/2025/texmf-dist/tex/latex/placeins/placeins.sty
Package: placeins 2005/04/18  v 2.2
) (/usr/local/texlive/2025/texmf-dist/tex/latex/pdflscape/pdflscape.sty
Package: pdflscape 2022-10-27 v0.13 Display of landscape pages in PDF
(/usr/local/texlive/2025/texmf-dist/tex/latex/pdflscape/pdflscape-nometadata.sty
Package: pdflscape-nometadata 2022-10-28 v0.13 Display of landscape pages in PDF (HO)
(/usr/local/texlive/2025/texmf-dist/tex/latex/graphics/lscape.sty
Package: lscape 2020/05/28 v3.02 Landscape Pages (DPC)
)
Package pdflscape Info: Auto-detected driver: pdftex on input line 81.
)) (/usr/local/texlive/2025/texmf-dist/tex/latex/booktabs/booktabs.sty
Package: booktabs 2020/01/12 v1.61803398 Publication quality tables
\heavyrulewidth=\dimen194
\lightrulewidth=\dimen195
\cmidrulewidth=\dimen196
\belowrulesep=\dimen197
\belowbottomsep=\dimen198
\aboverulesep=\dimen199
\abovetopsep=\dimen256
\cmidrulesep=\dimen257
\cmidrulekern=\dimen258
\defaultaddspace=\dimen259
\@cmidla=\count344
\@cmidlb=\count345
\@aboverulesep=\dimen260
\@belowrulesep=\dimen261
\@thisruleclass=\count346
\@lastruleclass=\count347
\@thisrulewidth=\dimen262
) (/usr/local/texlive/2025/texmf-dist/tex/latex/tools/tabularx.sty
Package: tabularx 2023/12/11 v2.12a `tabularx' package (DPC)
(/usr/local/texlive/2025/texmf-dist/tex/latex/tools/array.sty
Package: array 2025/06/08 v2.6j Tabular extension package (FMi)
\col@sep=\dimen263
\ar@mcellbox=\box64
\extrarowheight=\dimen264
\NC@list=\toks40
\extratabsurround=\skip62
\backup@length=\skip63
\ar@cellbox=\box65
)
\TX@col@width=\dimen265
\TX@old@table=\dimen266
\TX@old@col=\dimen267
\TX@target=\dimen268
\TX@delta=\dimen269
\TX@cols=\count348
\TX@ftn=\toks41
) (/usr/local/texlive/2025/texmf-dist/tex/latex/makecell/makecell.sty
Package: makecell 2009/08/03 V0.1e Managing of Tab Column Heads and Cells
\rotheadsize=\dimen270
\c@nlinenum=\count349
\TeXr@lab=\toks42
) (/usr/local/texlive/2025/texmf-dist/tex/latex/caption/subcaption.sty
Package: subcaption 2023/07/28 v1.6b Sub-captions (AR)
(/usr/local/texlive/2025/texmf-dist/tex/latex/caption/caption.sty
Package: caption 2023/08/05 v3.6o Customizing captions (AR)
(/usr/local/texlive/2025/texmf-dist/tex/latex/caption/caption3.sty
Package: caption3 2023/07/31 v2.4d caption3 kernel (AR)
\caption@tempdima=\dimen271
\captionmargin=\dimen272
\caption@leftmargin=\dimen273
\caption@rightmargin=\dimen274
\caption@width=\dimen275
\caption@indent=\dimen276
\caption@parindent=\dimen277
\caption@hangindent=\dimen278
Package caption Info: Standard document class detected.
)
\c@caption@flags=\count350
\c@continuedfloat=\count351
Package caption Info: float package is loaded.
Package caption Info: hyperref package is loaded.
Package caption Info: longtable package is loaded.
(/usr/local/texlive/2025/texmf-dist/tex/latex/caption/ltcaption.sty
Package: ltcaption 2021/01/08 v1.4c longtable captions (AR)
))
Package caption Info: New subtype `subfigure' on input line 238.
\c@subfigure=\count352
Package caption Info: New subtype `subtable' on input line 238.
\c@subtable=\count353
) (/usr/local/texlive/2025/texmf-dist/tex/latex/multirow/multirow.sty
Package: multirow 2024/11/12 v2.9 Span multiple rows of a table
\multirow@colwidth=\skip64
\multirow@cntb=\count354
\multirow@dima=\skip65
\bigstrutjot=\dimen279
) (/usr/local/texlive/2025/texmf-dist/tex/latex/tocloft/tocloft.sty
Package: tocloft 2017/08/31 v2.3i parameterised ToC, etc., typesetting
Package tocloft Info: The document has chapter divisions on input line 51.
\cftparskip=\skip66
\cftbeforetoctitleskip=\skip67
\cftaftertoctitleskip=\skip68
\cftbeforepartskip=\skip69
\cftpartnumwidth=\skip70
\cftpartindent=\skip71
\cftbeforechapskip=\skip72
\cftchapindent=\skip73
\cftchapnumwidth=\skip74
\cftbeforesecskip=\skip75
\cftsecindent=\skip76
\cftsecnumwidth=\skip77
\cftbeforesubsecskip=\skip78
\cftsubsecindent=\skip79
\cftsubsecnumwidth=\skip80
\cftbeforesubsubsecskip=\skip81
\cftsubsubsecindent=\skip82
\cftsubsubsecnumwidth=\skip83
\cftbeforeparaskip=\skip84
\cftparaindent=\skip85
\cftparanumwidth=\skip86
\cftbeforesubparaskip=\skip87
\cftsubparaindent=\skip88
\cftsubparanumwidth=\skip89
\cftbeforeloftitleskip=\skip90
\cftafterloftitleskip=\skip91
\cftbeforefigskip=\skip92
\cftfigindent=\skip93
\cftfignumwidth=\skip94
\c@lofdepth=\count355
\c@lotdepth=\count356
\cftbeforelottitleskip=\skip95
\cftafterlottitleskip=\skip96
\cftbeforetabskip=\skip97
\cfttabindent=\skip98
\cfttabnumwidth=\skip99
) (/usr/local/texlive/2025/texmf-dist/tex/latex/amsfonts/amsfonts.sty
Package: amsfonts 2013/01/14 v3.01 Basic AMSFonts support
\symAMSa=\mathgroup8
\symAMSb=\mathgroup9
LaTeX Font Info:    Redeclaring math delimiter \ulcorner on input line 74.
LaTeX Font Info:    Redeclaring math delimiter \urcorner on input line 75.
LaTeX Font Info:    Redeclaring math delimiter \llcorner on input line 76.
LaTeX Font Info:    Redeclaring math delimiter \lrcorner on input line 77.
LaTeX Font Info:    Redeclaring math symbol \square on input line 141.
LaTeX Font Info:    Redeclaring math symbol \lozenge on input line 142.
) (/usr/local/texlive/2025/texmf-dist/tex/latex/csquotes/csquotes.sty
Package: csquotes 2024-04-04 v5.2o context-sensitive quotations (JAW)
\csq@reset=\count357
\csq@gtype=\count358
\csq@glevel=\count359
\csq@qlevel=\count360
\csq@maxlvl=\count361
\csq@tshold=\count362
\csq@ltx@everypar=\toks43
(/usr/local/texlive/2025/texmf-dist/tex/latex/csquotes/csquotes.def
File: csquotes.def 2024-04-04 v5.2o csquotes generic definitions (JAW)
)
Package csquotes Info: Trying to load configuration file 'csquotes.cfg'...
Package csquotes Info: ... configuration file loaded successfully.
(/usr/local/texlive/2025/texmf-dist/tex/latex/csquotes/csquotes.cfg
File: csquotes.cfg 
)) (/usr/local/texlive/2025/texmf-dist/tex/latex/biblatex/biblatex.sty
Package: biblatex 2024/03/21 v3.20 programmable bibliographies (PK/MW)
(/usr/local/texlive/2025/texmf-dist/tex/latex/logreq/logreq.sty
Package: logreq 2010/08/04 v1.0 xml request logger
\lrq@indent=\count363
(/usr/local/texlive/2025/texmf-dist/tex/latex/logreq/logreq.def
File: logreq.def 2010/08/04 v1.0 logreq spec v1.0
))
\c@tabx@nest=\count364
\c@listtotal=\count365
\c@listcount=\count366
\c@liststart=\count367
\c@liststop=\count368
\c@citecount=\count369
\c@citetotal=\count370
\c@multicitecount=\count371
\c@multicitetotal=\count372
\c@instcount=\count373
\c@maxnames=\count374
\c@minnames=\count375
\c@maxitems=\count376
\c@minitems=\count377
\c@citecounter=\count378
\c@maxcitecounter=\count379
\c@savedcitecounter=\count380
\c@uniquelist=\count381
\c@uniquename=\count382
\c@refsection=\count383
\c@refsegment=\count384
\c@maxextratitle=\count385
\c@maxextratitleyear=\count386
\c@maxextraname=\count387
\c@maxextradate=\count388
\c@maxextraalpha=\count389
\c@abbrvpenalty=\count390
\c@highnamepenalty=\count391
\c@lownamepenalty=\count392
\c@maxparens=\count393
\c@parenlevel=\count394
\blx@tempcnta=\count395
\blx@tempcntb=\count396
\blx@tempcntc=\count397
\c@blx@maxsection=\count398
\blx@maxsegment@0=\count399
\blx@notetype=\count400
\blx@parenlevel@text=\count401
\blx@parenlevel@foot=\count402
\blx@sectionciteorder@0=\count403
\blx@sectionciteorderinternal@0=\count404
\blx@entrysetcounter=\count405
\blx@biblioinstance=\count406
\labelnumberwidth=\skip100
\labelalphawidth=\skip101
\biblabelsep=\skip102
\bibitemsep=\skip103
\bibnamesep=\skip104
\bibinitsep=\skip105
\bibparsep=\skip106
\bibhang=\skip107
\blx@bcfin=\read6
\blx@bcfout=\write4
\blx@langwohyphens=\language91
\c@mincomprange=\count407
\c@maxcomprange=\count408
\c@mincompwidth=\count409
Package biblatex Info: Trying to load biblatex default data model...
Package biblatex Info: ... file 'blx-dm.def' found.
(/usr/local/texlive/2025/texmf-dist/tex/latex/biblatex/blx-dm.def
File: blx-dm.def 2024/03/21 v3.20 biblatex datamodel (PK/MW)
)
Package biblatex Info: Trying to load biblatex style data model...
Package biblatex Info: ... file 'ieee.dbx' not found.
Package biblatex Info: Trying to load biblatex custom data model...
Package biblatex Info: ... file 'biblatex-dm.cfg' not found.
\c@afterword=\count410
\c@savedafterword=\count411
\c@annotator=\count412
\c@savedannotator=\count413
\c@author=\count414
\c@savedauthor=\count415
\c@bookauthor=\count416
\c@savedbookauthor=\count417
\c@commentator=\count418
\c@savedcommentator=\count419
\c@editor=\count420
\c@savededitor=\count421
\c@editora=\count422
\c@savededitora=\count423
\c@editorb=\count424
\c@savededitorb=\count425
\c@editorc=\count426
\c@savededitorc=\count427
\c@foreword=\count428
\c@savedforeword=\count429
\c@holder=\count430
\c@savedholder=\count431
\c@introduction=\count432
\c@savedintroduction=\count433
\c@namea=\count434
\c@savednamea=\count435
\c@nameb=\count436
\c@savednameb=\count437
\c@namec=\count438
\c@savednamec=\count439
\c@translator=\count440
\c@savedtranslator=\count441
\c@shortauthor=\count442
\c@savedshortauthor=\count443
\c@shorteditor=\count444
\c@savedshorteditor=\count445
\c@labelname=\count446
\c@savedlabelname=\count447
\c@institution=\count448
\c@savedinstitution=\count449
\c@lista=\count450
\c@savedlista=\count451
\c@listb=\count452
\c@savedlistb=\count453
\c@listc=\count454
\c@savedlistc=\count455
\c@listd=\count456
\c@savedlistd=\count457
\c@liste=\count458
\c@savedliste=\count459
\c@listf=\count460
\c@savedlistf=\count461
\c@location=\count462
\c@savedlocation=\count463
\c@organization=\count464
\c@savedorganization=\count465
\c@origlocation=\count466
\c@savedoriglocation=\count467
\c@origpublisher=\count468
\c@savedorigpublisher=\count469
\c@publisher=\count470
\c@savedpublisher=\count471
\c@language=\count472
\c@savedlanguage=\count473
\c@origlanguage=\count474
\c@savedoriglanguage=\count475
\c@pageref=\count476
\c@savedpageref=\count477
\shorthandwidth=\skip108
\shortjournalwidth=\skip109
\shortserieswidth=\skip110
\shorttitlewidth=\skip111
\shortauthorwidth=\skip112
\shorteditorwidth=\skip113
\locallabelnumberwidth=\skip114
\locallabelalphawidth=\skip115
\localshorthandwidth=\skip116
\localshortjournalwidth=\skip117
\localshortserieswidth=\skip118
\localshorttitlewidth=\skip119
\localshortauthorwidth=\skip120
\localshorteditorwidth=\skip121
Package biblatex Info: Trying to load compatibility code...
Package biblatex Info: ... file 'blx-compat.def' found.
(/usr/local/texlive/2025/texmf-dist/tex/latex/biblatex/blx-compat.def
File: blx-compat.def 2024/03/21 v3.20 biblatex compatibility (PK/MW)
)
Package biblatex Info: Trying to load generic definitions...
Package biblatex Info: ... file 'biblatex.def' found.
(/usr/local/texlive/2025/texmf-dist/tex/latex/biblatex/biblatex.def
File: biblatex.def 2024/03/21 v3.20 biblatex compatibility (PK/MW)
\c@textcitecount=\count478
\c@textcitetotal=\count479
\c@textcitemaxnames=\count480
\c@biburlbigbreakpenalty=\count481
\c@biburlbreakpenalty=\count482
\c@biburlnumpenalty=\count483
\c@biburlucpenalty=\count484
\c@biburllcpenalty=\count485
\biburlbigskip=\muskip19
\biburlnumskip=\muskip20
\biburlucskip=\muskip21
\biburllcskip=\muskip22
\c@smartand=\count486
)
Package biblatex Info: Trying to load bibliography style 'ieee'...
Package biblatex Info: ... file 'ieee.bbx' found.
(./ieee.bbx
File: ieee.bbx 2025-03-14 v1.4e biblatex bibliography style
Package biblatex Info: Trying to load bibliography style 'numeric-comp'...
Package biblatex Info: ... file 'numeric-comp.bbx' found.
(/usr/local/texlive/2025/texmf-dist/tex/latex/biblatex/bbx/numeric-comp.bbx
File: numeric-comp.bbx 2024/03/21 v3.20 biblatex bibliography style (PK/MW)
Package biblatex Info: Trying to load bibliography style 'numeric'...
Package biblatex Info: ... file 'numeric.bbx' found.
(/usr/local/texlive/2025/texmf-dist/tex/latex/biblatex/bbx/numeric.bbx
File: numeric.bbx 2024/03/21 v3.20 biblatex bibliography style (PK/MW)
Package biblatex Info: Trying to load bibliography style 'standard'...
Package biblatex Info: ... file 'standard.bbx' found.
(/usr/local/texlive/2025/texmf-dist/tex/latex/biblatex/bbx/standard.bbx
File: standard.bbx 2024/03/21 v3.20 biblatex bibliography style (PK/MW)
\c@bbx:relatedcount=\count487
\c@bbx:relatedtotal=\count488
))))
Package biblatex Info: Trying to load citation style 'numeric-comp'...
Package biblatex Info: ... file 'numeric-comp.cbx' found.
(/usr/local/texlive/2025/texmf-dist/tex/latex/biblatex/cbx/numeric-comp.cbx
File: numeric-comp.cbx 2024/03/21 v3.20 biblatex citation style (PK/MW)
\c@cbx@tempcnta=\count489
\c@cbx@tempcntb=\count490
\c@cbx@tempcntc=\count491
\c@cbx@tempcntd=\count492
Package biblatex Info: Redefining '\cite'.
Package biblatex Info: Redefining '\parencite'.
Package biblatex Info: Redefining '\footcite'.
Package biblatex Info: Redefining '\footcitetext'.
Package biblatex Info: Redefining '\smartcite'.
Package biblatex Info: Redefining '\supercite'.
Package biblatex Info: Redefining '\textcite'.
Package biblatex Info: Redefining '\textcites'.
Package biblatex Info: Redefining '\cites'.
Package biblatex Info: Redefining '\parencites'.
Package biblatex Info: Redefining '\smartcites'.
)
Package biblatex Info: Trying to load configuration file...
Package biblatex Info: ... file 'biblatex.cfg' found.
(/usr/local/texlive/2025/texmf-dist/tex/latex/biblatex/biblatex.cfg
File: biblatex.cfg 
)
Package biblatex Info: Input encoding 'utf8' detected.
Package biblatex Info: Document encoding is UTF8 ....
Package biblatex Info: ... and expl3
(biblatex)             2025-05-26 L3 programming layer (loader) 
(biblatex)             is new enough (at least 2020/04/06),
(biblatex)             setting 'casechanger=expl3'.
(/usr/local/texlive/2025/texmf-dist/tex/latex/biblatex/blx-case-expl3.sty
Package: blx-case-expl3 2024/03/21 v3.20 expl3 case changing code for biblatex
)) (/usr/local/texlive/2025/texmf-dist/tex/latex/xurl/xurl.sty
Package: xurl 2022/01/09 v 0.10 modify URL breaks
xurl: Set penalties for biblatex
) (/usr/local/texlive/2025/texmf-dist/tex/latex/algorithm2e/algorithm2e.sty
Package: algorithm2e 2017/07/18 v5.2 algorithms environments
\c@AlgoLine=\count493
\algocf@hangindent=\skip122
(/usr/local/texlive/2025/texmf-dist/tex/latex/ifoddpage/ifoddpage.sty
Package: ifoddpage 2022/10/18 v1.2 Conditionals for odd/even page detection
\c@checkoddpage=\count494
) (/usr/local/texlive/2025/texmf-dist/tex/latex/tools/xspace.sty
Package: xspace 2014/10/28 v1.13 Space after command names (DPC,MH)
) (/usr/local/texlive/2025/texmf-dist/tex/latex/relsize/relsize.sty
Package: relsize 2013/03/29 ver 4.1
)
\skiptotal=\skip123
\skiplinenumber=\skip124
\skiprule=\skip125
\skiphlne=\skip126
\skiptext=\skip127
\skiplength=\skip128
\algomargin=\skip129
\skipalgocfslide=\skip130
\algowidth=\dimen280
\inoutsize=\dimen281
\inoutindent=\dimen282
\interspacetitleruled=\dimen283
\interspacealgoruled=\dimen284
\interspacetitleboxruled=\dimen285
\algocf@ruledwidth=\skip131
\algocf@inoutbox=\box66
\algocf@inputbox=\box67
\AlCapSkip=\skip132
\AlCapHSkip=\skip133
\algoskipindent=\skip134
\algocf@nlbox=\box68
\algocf@hangingbox=\box69
\algocf@untilbox=\box70
\algocf@skipuntil=\skip135
\algocf@capbox=\box71
\algocf@lcaptionbox=\skip136
\algoheightruledefault=\skip137
\algoheightrule=\skip138
\algotitleheightruledefault=\skip139
\algotitleheightrule=\skip140
\c@algocfline=\count495
\c@algocfproc=\count496
\c@algocf=\count497
\algocf@algoframe=\box72
\algocf@algobox=\box73
)) (./copyright-ccby40.tex (./doclicense-di.sty
Package: doclicense-di 
(/usr/local/texlive/2025/texmf-dist/tex/latex/doclicense/doclicense.sty
Package: doclicense 2023/10/01 v3.3.0 Support for putting documents under a license
(/usr/local/texlive/2025/texmf-dist/tex/latex/xifthen/xifthen.sty
Package: xifthen 2015/11/05 v1.4.0 Extended ifthen features
(/usr/local/texlive/2025/texmf-dist/tex/latex/tools/calc.sty
Package: calc 2025/03/01 v4.3b Infix arithmetic (KKT,FJ)
\calc@Acount=\count498
\calc@Bcount=\count499
\calc@Adimen=\dimen286
\calc@Bdimen=\dimen287
\calc@Askip=\skip141
\calc@Bskip=\skip142
LaTeX Info: Redefining \setlength on input line 86.
LaTeX Info: Redefining \addtolength on input line 87.
\calc@Ccount=\count500
\calc@Cskip=\skip143
) (/usr/local/texlive/2025/texmf-dist/tex/latex/ifmtarg/ifmtarg.sty
Package: ifmtarg 2018/04/16 v1.2b check for an empty argument
))

Package doclicense Warning: The pdfx package was detected. Therefore the mechanism to add license metadata won't work. Ensure to setup \Copyright and corresponding settings to your xmpdata-file.  on input line 118.

\doclicense@hsize=\skip144
(/usr/local/texlive/2025/texmf-dist/tex/latex/doclicense/doclicense-english.ldf
File: doclicense-english.ldf 
)) (/usr/local/texlive/2025/texmf-dist/tex/latex/doclicense/doclicense-english.ldf
File: doclicense-english.ldf 
)))
LaTeX Font Info:    Trying to load font information for T1+ntxtlf on input line 99.
(/usr/local/texlive/2025/texmf-dist/tex/latex/newtx/t1ntxtlf.fd
File: t1ntxtlf.fd 2021/05/24 v1.1 font definition file for T1/ntx/tlf
)
LaTeX Font Info:    Font shape `T1/ntxtlf/m/n' will be
(Font)              scaled to size 12.0pt on input line 99.
Package csquotes Info: Checking for multilingual support...
Package csquotes Info: ... found 'babel' package.
Package csquotes Info: Adjusting default style.
Package csquotes Info: Redefining alias 'default' -> 'english'.
(/usr/local/texlive/2025/texmf-dist/tex/latex/ccicons/ccicons.sty
Package: ccicons 2017/10/30 v1.6 LaTeX support for Creative Commons icons
) (./output.aux
Package babel Info: 'finnish' activates 'finnish' shorthands.
(babel)             Reported  on input line 16.

LaTeX Warning: Label `label' multiply defined.


LaTeX Warning: Label `label' multiply defined.


LaTeX Warning: Label `label' multiply defined.


LaTeX Warning: Label `label' multiply defined.


LaTeX Warning: Label `label' multiply defined.


LaTeX Warning: Label `fig:commitment_outcome_ratio' multiply defined.


LaTeX Warning: Label `tab:tone-prompt-family-summary' multiply defined.

)
\openout1 = `output.aux'.

LaTeX Font Info:    Checking defaults for OML/ntxmi/m/it on input line 99.
LaTeX Font Info:    Trying to load font information for OML+ntxmi on input line 99.
(/usr/local/texlive/2025/texmf-dist/tex/latex/newtx/omlntxmi.fd
File: omlntxmi.fd 2015/08/25 Fontinst v1.933 font definitions for OML/ntxmi.
)
LaTeX Font Info:    ... okay on input line 99.
LaTeX Font Info:    Checking defaults for OMS/cmsy/m/n on input line 99.
LaTeX Font Info:    ... okay on input line 99.
LaTeX Font Info:    Checking defaults for OT1/cmr/m/n on input line 99.
LaTeX Font Info:    ... okay on input line 99.
LaTeX Font Info:    Checking defaults for T1/cmr/m/n on input line 99.
LaTeX Font Info:    ... okay on input line 99.
LaTeX Font Info:    Checking defaults for TS1/cmr/m/n on input line 99.
LaTeX Font Info:    ... okay on input line 99.
LaTeX Font Info:    Checking defaults for OMX/cmex/m/n on input line 99.
LaTeX Font Info:    ... okay on input line 99.
LaTeX Font Info:    Checking defaults for U/ntxexa/m/n on input line 99.
LaTeX Font Info:    Trying to load font information for U+ntxexa on input line 99.
(/usr/local/texlive/2025/texmf-dist/tex/latex/newtx/untxexa.fd
File: untxexa.fd 2012/04/16 Fontinst v1.933 font definitions for U/ntxexa.
)
LaTeX Font Info:    ... okay on input line 99.
LaTeX Font Info:    Checking defaults for PD1/pdf/m/n on input line 99.
LaTeX Font Info:    ... okay on input line 99.
LaTeX Font Info:    Checking defaults for PU/pdf/m/n on input line 99.
LaTeX Font Info:    ... okay on input line 99.
LaTeX Font Info:    Checking defaults for LMS/ntxsy/m/n on input line 99.
LaTeX Font Info:    Trying to load font information for LMS+ntxsy on input line 99.
(/usr/local/texlive/2025/texmf-dist/tex/latex/newtx/lmsntxsy.fd
File: lmsntxsy.fd 2016/07/02 Fontinst v1.933 font definitions for LMS/ntxsy.
)
LaTeX Font Info:    ... okay on input line 99.
LaTeX Font Info:    Checking defaults for LMX/ntxexx/m/n on input line 99.
LaTeX Font Info:    Trying to load font information for LMX+ntxexx on input line 99.
(/usr/local/texlive/2025/texmf-dist/tex/latex/newtx/lmxntxexx.fd
File: lmxntxexx.fd 2016/07/03 Fontinst v1.933 font definitions for LMX/ntxexx.
)
LaTeX Font Info:    ... okay on input line 99.
(/usr/local/texlive/2025/texmf-dist/tex/context/base/mkii/supp-pdf.mkii
[Loading MPS to PDF converter (version 2006.09.02).]
\scratchcounter=\count501
\scratchdimen=\dimen288
\scratchbox=\box74
\nofMPsegments=\count502
\nofMParguments=\count503
\everyMPshowfont=\toks44
\MPscratchCnt=\count504
\MPscratchDim=\dimen289
\MPnumerator=\count505
\makeMPintoPDFobject=\count506
\everyMPtoPDFconversion=\toks45
) (/usr/local/texlive/2025/texmf-dist/tex/latex/epstopdf-pkg/epstopdf-base.sty
Package: epstopdf-base 2020-01-24 v2.11 Base part for package epstopdf
Package epstopdf-base Info: Redefining graphics rule for `.eps' on input line 485.
(/usr/local/texlive/2025/texmf-dist/tex/latex/latexconfig/epstopdf-sys.cfg
File: epstopdf-sys.cfg 2010/07/13 v1.3 Configuration of (r)epstopdf for TeX Live
))
Package hyperref Info: Link coloring OFF on input line 99.
(./output.out) (./output.out)
\@outlinefile=\write5
\openout5 = `output.out'.

*geometry* driver: auto-detecting
*geometry* detected driver: pdftex
*geometry* verbose mode - [ preamble ] result:
* driver: pdftex
* paper: <default>
* layout: <same size as paper>
* layoutoffset:(h,v)=(0.0pt,0.0pt)
* modes: 
* h-part:(L,W,R)=(71.13188pt, 455.24411pt, 71.13188pt)
* v-part:(T,H,B)=(71.13188pt, 688.5567pt, 85.35826pt)
* \paperwidth=597.50787pt
* \paperheight=845.04684pt
* \textwidth=455.24411pt
* \textheight=688.5567pt
* \oddsidemargin=-1.1381pt
* \evensidemargin=-1.1381pt
* \topmargin=-38.1381pt
* \headheight=12.0pt
* \headsep=25.0pt
* \topskip=12.0pt
* \footskip=30.0pt
* \marginparwidth=35.0pt
* \marginparsep=10.0pt
* \columnsep=10.0pt
* \skip\footins=10.8pt plus 4.0pt minus 2.0pt
* \hoffset=0.0pt
* \voffset=0.0pt
* \mag=1000
* \@twocolumnfalse
* \@twosidefalse
* \@mparswitchfalse
* \@reversemarginfalse
* (1in=72.27pt=25.4mm, 1cm=28.453pt)

\xmpdataoutstre@m=\write6
\openout6 = `output.xmpdata'.

\c@mv@tabular=\count507
\c@mv@boldtabular=\count508
LaTeX Info: Command `\dddot' is already robust on input line 99.
LaTeX Info: Command `\ddddot' is already robust on input line 99.
Package caption Info: Begin \AtBeginDocument code.
Package caption Info: End \AtBeginDocument code.
Package biblatex Info: Trying to load language 'english'...
Package biblatex Info: ... file 'english.lbx' found.
(/usr/local/texlive/2025/texmf-dist/tex/latex/biblatex/lbx/english.lbx
File: english.lbx 2024/03/21 v3.20 biblatex localization (PK/MW)
)
Package biblatex Info: Trying to load language 'finnish'...
Package biblatex Info: ... file 'finnish.lbx' found.
(/usr/local/texlive/2025/texmf-dist/tex/latex/biblatex/lbx/finnish.lbx
File: finnish.lbx 2024/03/21 v3.20 biblatex localization (PK/MW)
)
Package biblatex Info: Input encoding 'utf8' detected.
Package biblatex Info: Automatic encoding selection.
(biblatex)             Assuming data encoding 'utf8'.
\openout4 = `output.bcf'.

Package biblatex Info: Trying to load bibliographic data...
Package biblatex Info: ... file 'output.bbl' found.
(./output.bbl

Package biblatex Warning: The following entry could not be found
(biblatex)                in the database:
(biblatex)                hans_bonde_christensen_45b44695
(biblatex)                Please verify the spelling and rerun
(biblatex)                LaTeX afterwards.

)
Package biblatex Info: Reference section=0 on input line 99.
Package biblatex Info: Reference segment=0 on input line 99.
<Figures/logo-en.png, id=450, 1143.7932pt x 1500.807pt>
File: Figures/logo-en.png Graphic file (type png)
<use Figures/logo-en.png>
Package pdftex.def Info: Figures/logo-en.png  used on input line 101.
(pdftex.def)             Requested size: 100.15425pt x 131.40273pt.
LaTeX Font Info:    Trying to load font information for T1+qhv on input line 101.
(/usr/local/texlive/2025/texmf-dist/tex/latex/tex-gyre/t1qhv.fd
File: t1qhv.fd 2009/09/25 v1.2 font definition file for T1/qhv
)
LaTeX Font Info:    Font shape `T1/qhv/m/n' will be
(Font)              scaled to size 11.28003pt on input line 101.
LaTeX Font Info:    Font shape `T1/qhv/m/n' will be
(Font)              scaled to size 7.52002pt on input line 101.
LaTeX Font Info:    Font shape `T1/ntxtlf/b/n' will be
(Font)              scaled to size 12.0pt on input line 101.
LaTeX Font Info:    Font shape `T1/ntxtlf/b/n' will be
(Font)              scaled to size 16.0pt on input line 101.
LaTeX Font Info:    Calculating math sizes for size <16> on input line 101.
LaTeX Font Info:    Trying to load font information for OT1+minntx on input line 101.
(/usr/local/texlive/2025/texmf-dist/tex/latex/newtx/ot1minntx.fd
File: ot1minntx.fd 2023/09/09 v1.1 font definition file for OT1/minntx
)
LaTeX Font Info:    Font shape `OT1/minntx/m/n' will be
(Font)              scaled to size 16.0pt on input line 101.
LaTeX Font Info:    Font shape `OT1/minntx/m/n' will be
(Font)              scaled to size 11.67993pt on input line 101.
LaTeX Font Info:    Font shape `OT1/minntx/m/n' will be
(Font)              scaled to size 8.80005pt on input line 101.
LaTeX Font Info:    Font shape `OML/ntxmi/m/it' will be
(Font)              scaled to size 16.0pt on input line 101.
LaTeX Font Info:    Font shape `OML/ntxmi/m/it' will be
(Font)              scaled to size 11.67993pt on input line 101.
LaTeX Font Info:    Font shape `OML/ntxmi/m/it' will be
(Font)              scaled to size 8.80005pt on input line 101.
LaTeX Font Info:    Font shape `LMS/ntxsy/m/n' will be
(Font)              scaled to size 16.0pt on input line 101.
LaTeX Font Info:    Font shape `LMS/ntxsy/m/n' will be
(Font)              scaled to size 11.67993pt on input line 101.
LaTeX Font Info:    Font shape `LMS/ntxsy/m/n' will be
(Font)              scaled to size 8.80005pt on input line 101.
LaTeX Font Info:    Font shape `LMX/ntxexx/m/n' will be
(Font)              scaled to size 16.0pt on input line 101.
LaTeX Font Info:    Font shape `LMX/ntxexx/m/n' will be
(Font)              scaled to size 11.67993pt on input line 101.
LaTeX Font Info:    Font shape `LMX/ntxexx/m/n' will be
(Font)              scaled to size 8.80005pt on input line 101.
LaTeX Font Info:    Trying to load font information for U+ntxmia on input line 101.
(/usr/local/texlive/2025/texmf-dist/tex/latex/newtx/untxmia.fd
File: untxmia.fd 2024/04/09 Fontinst v1.933 font definitions for U/ntxmia.
)
LaTeX Font Info:    Font shape `U/ntxmia/m/it' will be
(Font)              scaled to size 16.0pt on input line 101.
LaTeX Font Info:    Font shape `U/ntxmia/m/it' will be
(Font)              scaled to size 11.67993pt on input line 101.
LaTeX Font Info:    Font shape `U/ntxmia/m/it' will be
(Font)              scaled to size 8.80005pt on input line 101.
LaTeX Font Info:    Trying to load font information for U+ntxsym on input line 101.
(/usr/local/texlive/2025/texmf-dist/tex/latex/newtx/untxsym.fd
File: untxsym.fd 2023/08/16 Fontinst v1.933 font definitions for U/ntxsym.
)
LaTeX Font Info:    Font shape `U/ntxsym/m/n' will be
(Font)              scaled to size 16.0pt on input line 101.
LaTeX Font Info:    Font shape `U/ntxsym/m/n' will be
(Font)              scaled to size 11.67993pt on input line 101.
LaTeX Font Info:    Font shape `U/ntxsym/m/n' will be
(Font)              scaled to size 8.80005pt on input line 101.
LaTeX Font Info:    Trying to load font information for U+ntxsyc on input line 101.
(/usr/local/texlive/2025/texmf-dist/tex/latex/newtx/untxsyc.fd
File: untxsyc.fd 2012/04/12 Fontinst v1.933 font definitions for U/ntxsyc.
)
LaTeX Font Info:    Font shape `U/ntxsyc/m/n' will be
(Font)              scaled to size 16.0pt on input line 101.
LaTeX Font Info:    Font shape `U/ntxsyc/m/n' will be
(Font)              scaled to size 11.67993pt on input line 101.
LaTeX Font Info:    Font shape `U/ntxsyc/m/n' will be
(Font)              scaled to size 8.80005pt on input line 101.
LaTeX Font Info:    Font shape `U/ntxexa/m/n' will be
(Font)              scaled to size 16.0pt on input line 101.
LaTeX Font Info:    Font shape `U/ntxexa/m/n' will be
(Font)              scaled to size 11.67993pt on input line 101.
LaTeX Font Info:    Font shape `U/ntxexa/m/n' will be
(Font)              scaled to size 8.80005pt on input line 101.
LaTeX Font Info:    Trying to load font information for U+msa on input line 101.
(/usr/local/texlive/2025/texmf-dist/tex/latex/amsfonts/umsa.fd
File: umsa.fd 2013/01/14 v3.01 AMS symbols A
)
LaTeX Font Info:    Trying to load font information for U+msb on input line 101.
(/usr/local/texlive/2025/texmf-dist/tex/latex/amsfonts/umsb.fd
File: umsb.fd 2013/01/14 v3.01 AMS symbols B
)
LaTeX Font Info:    Font shape `T1/ntxtlf/b/n' will be
(Font)              scaled to size 18.0pt on input line 101.
LaTeX Font Info:    Font shape `T1/ntxtlf/m/n' will be
(Font)              scaled to size 14.0pt on input line 101.


(/usr/local/texlive/2025/texmf-dist/tex/generic/stringenc/se-pdfdoc.def
File: se-pdfdoc.def 2019/11/29 v1.12 stringenc: PDFDocEncoding
) [1

{/usr/local/texlive/2025/texmf-dist/fonts/enc/dvips/tex-gyre/q-ec.enc}{/usr/local/texlive/2025/texmf-dist/fonts/enc/dvips/newtx/ntx-ec-tlf.enc} <./Figures/logo-en.png>]
LaTeX Font Info:    Trying to load font information for TS1+ntxtlf on input line 102.
(/usr/local/texlive/2025/texmf-dist/tex/latex/newtx/ts1ntxtlf.fd
File: ts1ntxtlf.fd 2015/01/18 v1.0 fd file for TS1/ntxtlf
)
LaTeX Font Info:    Font shape `TS1/ntxtlf/m/n' will be
(Font)              scaled to size 12.0pt on input line 102.
LaTeX Font Info:    Font shape `OT1/minntx/m/n' will be
(Font)              scaled to size 12.0pt on input line 102.
LaTeX Font Info:    Font shape `OT1/minntx/m/n' will be
(Font)              scaled to size 8.8pt on input line 102.
LaTeX Font Info:    Font shape `OT1/minntx/m/n' will be
(Font)              scaled to size 6.6pt on input line 102.
LaTeX Font Info:    Font shape `OML/ntxmi/m/it' will be
(Font)              scaled to size 12.0pt on input line 102.
LaTeX Font Info:    Font shape `OML/ntxmi/m/it' will be
(Font)              scaled to size 8.8pt on input line 102.
LaTeX Font Info:    Font shape `OML/ntxmi/m/it' will be
(Font)              scaled to size 6.6pt on input line 102.
LaTeX Font Info:    Font shape `LMS/ntxsy/m/n' will be
(Font)              scaled to size 12.0pt on input line 102.
LaTeX Font Info:    Font shape `LMS/ntxsy/m/n' will be
(Font)              scaled to size 8.8pt on input line 102.
LaTeX Font Info:    Font shape `LMS/ntxsy/m/n' will be
(Font)              scaled to size 6.6pt on input line 102.
LaTeX Font Info:    Font shape `LMX/ntxexx/m/n' will be
(Font)              scaled to size 12.0pt on input line 102.
LaTeX Font Info:    Font shape `LMX/ntxexx/m/n' will be
(Font)              scaled to size 8.8pt on input line 102.
LaTeX Font Info:    Font shape `LMX/ntxexx/m/n' will be
(Font)              scaled to size 6.6pt on input line 102.
LaTeX Font Info:    Font shape `U/ntxmia/m/it' will be
(Font)              scaled to size 12.0pt on input line 102.
LaTeX Font Info:    Font shape `U/ntxmia/m/it' will be
(Font)              scaled to size 8.8pt on input line 102.
LaTeX Font Info:    Font shape `U/ntxmia/m/it' will be
(Font)              scaled to size 6.6pt on input line 102.
LaTeX Font Info:    Font shape `U/ntxsym/m/n' will be
(Font)              scaled to size 12.0pt on input line 102.
LaTeX Font Info:    Font shape `U/ntxsym/m/n' will be
(Font)              scaled to size 8.8pt on input line 102.
LaTeX Font Info:    Font shape `U/ntxsym/m/n' will be
(Font)              scaled to size 6.6pt on input line 102.
LaTeX Font Info:    Font shape `U/ntxsyc/m/n' will be
(Font)              scaled to size 12.0pt on input line 102.
LaTeX Font Info:    Font shape `U/ntxsyc/m/n' will be
(Font)              scaled to size 8.8pt on input line 102.
LaTeX Font Info:    Font shape `U/ntxsyc/m/n' will be
(Font)              scaled to size 6.6pt on input line 102.
LaTeX Font Info:    Font shape `U/ntxexa/m/n' will be
(Font)              scaled to size 12.0pt on input line 102.
LaTeX Font Info:    Font shape `U/ntxexa/m/n' will be
(Font)              scaled to size 8.8pt on input line 102.
LaTeX Font Info:    Font shape `U/ntxexa/m/n' will be
(Font)              scaled to size 6.6pt on input line 102.
<doclicense-images/doclicense-CC-by-88x31.pdf, id=464, 90.3375pt x 31.61812pt>
File: doclicense-images/doclicense-CC-by-88x31.pdf Graphic file (type pdf)
<use doclicense-images/doclicense-CC-by-88x31.pdf>
Package pdftex.def Info: doclicense-images/doclicense-CC-by-88x31.pdf  used on input line 102.
(pdftex.def)             Requested size: 120.0pt x 42.0004pt.


[2

{/usr/local/texlive/2025/texmf-dist/fonts/enc/dvips/tex-gyre/q-ts1.enc} <./doclicense-images/doclicense-CC-by-88x31.pdf>] (./Chapters/abstract.tex
LaTeX Font Info:    Font shape `T1/ntxtlf/b/n' will be
(Font)              scaled to size 14.0pt on input line 4.
) (./Chapters/tiivistelma.tex

[3


]
LaTeX Font Info:    Font shape `T1/ntxtlf/m/n' will be
(Font)              scaled to size 8.8pt on input line 8.
LaTeX Font Info:    Font shape `T1/ntxtlf/m/n' will be
(Font)              scaled to size 10.0pt on input line 8.
LaTeX Font Info:    Font shape `OT1/minntx/m/n' will be
(Font)              scaled to size 10.0pt on input line 8.
LaTeX Font Info:    Font shape `OT1/minntx/m/n' will be
(Font)              scaled to size 7.3pt on input line 8.
LaTeX Font Info:    Font shape `OT1/minntx/m/n' will be
(Font)              scaled to size 5.5pt on input line 8.
LaTeX Font Info:    Font shape `OML/ntxmi/m/it' will be
(Font)              scaled to size 10.0pt on input line 8.
LaTeX Font Info:    Font shape `OML/ntxmi/m/it' will be
(Font)              scaled to size 7.3pt on input line 8.
LaTeX Font Info:    Font shape `OML/ntxmi/m/it' will be
(Font)              scaled to size 5.5pt on input line 8.
LaTeX Font Info:    Font shape `LMS/ntxsy/m/n' will be
(Font)              scaled to size 10.0pt on input line 8.
LaTeX Font Info:    Font shape `LMS/ntxsy/m/n' will be
(Font)              scaled to size 7.3pt on input line 8.
LaTeX Font Info:    Font shape `LMS/ntxsy/m/n' will be
(Font)              scaled to size 5.5pt on input line 8.
LaTeX Font Info:    Font shape `LMX/ntxexx/m/n' will be
(Font)              scaled to size 10.0pt on input line 8.
LaTeX Font Info:    Font shape `LMX/ntxexx/m/n' will be
(Font)              scaled to size 7.3pt on input line 8.
LaTeX Font Info:    Font shape `LMX/ntxexx/m/n' will be
(Font)              scaled to size 5.5pt on input line 8.
LaTeX Font Info:    Font shape `U/ntxmia/m/it' will be
(Font)              scaled to size 10.0pt on input line 8.
LaTeX Font Info:    Font shape `U/ntxmia/m/it' will be
(Font)              scaled to size 7.3pt on input line 8.
LaTeX Font Info:    Font shape `U/ntxmia/m/it' will be
(Font)              scaled to size 5.5pt on input line 8.
LaTeX Font Info:    Font shape `U/ntxsym/m/n' will be
(Font)              scaled to size 10.0pt on input line 8.
LaTeX Font Info:    Font shape `U/ntxsym/m/n' will be
(Font)              scaled to size 7.3pt on input line 8.
LaTeX Font Info:    Font shape `U/ntxsym/m/n' will be
(Font)              scaled to size 5.5pt on input line 8.
LaTeX Font Info:    Font shape `U/ntxsyc/m/n' will be
(Font)              scaled to size 10.0pt on input line 8.
LaTeX Font Info:    Font shape `U/ntxsyc/m/n' will be
(Font)              scaled to size 7.3pt on input line 8.
LaTeX Font Info:    Font shape `U/ntxsyc/m/n' will be
(Font)              scaled to size 5.5pt on input line 8.
LaTeX Font Info:    Font shape `U/ntxexa/m/n' will be
(Font)              scaled to size 10.0pt on input line 8.
LaTeX Font Info:    Font shape `U/ntxexa/m/n' will be
(Font)              scaled to size 7.3pt on input line 8.
LaTeX Font Info:    Font shape `U/ntxexa/m/n' will be
(Font)              scaled to size 5.5pt on input line 8.
LaTeX Font Info:    Font shape `T1/ntxtlf/m/n' will be
(Font)              scaled to size 7.3pt on input line 8.
)

[4

]
\temp=\skip145
LaTeX Font Info:    Font shape `T1/ntxtlf/m/n' will be
(Font)              scaled to size 14.4pt on input line 114.
LaTeX Font Info:    Font shape `T1/ntxtlf/b/n' will be
(Font)              scaled to size 14.4pt on input line 114.
(./output.toc

[5]

[6])
\tf@toc=\write7
\openout7 = `output.toc'.

(./Chapters/foreword.tex

[7]) (./Chapters/abbreviations.tex

[8

])

[9

]
LaTeX Font Info:    Font shape `T1/ntxtlf/m/n' will be
(Font)              scaled to size 24.88pt on input line 121.
LaTeX Font Info:    Font shape `T1/ntxtlf/b/n' will be
(Font)              scaled to size 24.88pt on input line 121.
(./output.lof

LaTeX Font Info:    Font shape `T1/ntxtlf/m/sl' will be
(Font)              scaled to size 12.0pt on input line 28.
[10

])
\tf@lof=\write8
\openout8 = `output.lof'.

(./output.lot

[11])
\tf@lot=\write9
\openout9 = `output.lot'.



[12]
Chapter 1.
(./Chapters/introduction.tex

LaTeX Warning: Citation 'hans_bonde_christensen_45b44695' on page 13 undefined on input line 4.



[13

]
LaTeX Font Info:    Font shape `T1/ntxtlf/m/n' will be
(Font)              scaled to size 6.0pt on input line 34.
LaTeX Font Info:    Font shape `OT1/minntx/m/n' will be
(Font)              scaled to size 6.5pt on input line 34.
LaTeX Font Info:    Font shape `OML/ntxmi/m/it' will be
(Font)              scaled to size 6.5pt on input line 34.
LaTeX Font Info:    Font shape `LMS/ntxsy/m/n' will be
(Font)              scaled to size 6.5pt on input line 34.
LaTeX Font Info:    Font shape `LMX/ntxexx/m/n' will be
(Font)              scaled to size 6.5pt on input line 34.
LaTeX Font Info:    Font shape `U/ntxmia/m/it' will be
(Font)              scaled to size 6.5pt on input line 34.
LaTeX Font Info:    Font shape `U/ntxsym/m/n' will be
(Font)              scaled to size 6.5pt on input line 34.
LaTeX Font Info:    Font shape `U/ntxsyc/m/n' will be
(Font)              scaled to size 6.5pt on input line 34.
LaTeX Font Info:    Font shape `U/ntxexa/m/n' will be
(Font)              scaled to size 6.5pt on input line 34.
LaTeX Font Info:    Font shape `T1/ntxtlf/b/it' will be
(Font)              scaled to size 12.0pt on input line 44.


[14])

[15]
Chapter 2.
(./Chapters/relatedwork.tex

[16

]

[17]
LaTeX Font Info:    Font shape `T1/ntxtlf/m/n' will be
(Font)              scaled to size 10.95pt on input line 44.

Overfull \hbox (2.77925pt too wide) in paragraph at lines 57--57
[]|\T1/ntxtlf/b/n/10.95 Schimanski
 []


LaTeX Warning: Float too large for page by 57.01543pt on input line 58.



[18]
Overfull \hbox (2.77925pt too wide) in paragraph at lines 79--79
[]|\T1/ntxtlf/b/n/10.95 Schimanski
 []


LaTeX Warning: Float too large for page by 53.89551pt on input line 80.



[19]

[20




]

[21]
Overfull \hbox (2.77925pt too wide) in paragraph at lines 134--134
[]|\T1/ntxtlf/b/n/10.95 Schimanski
 []


LaTeX Warning: Float too large for page by 57.01543pt on input line 135.



[22]
Overfull \hbox (2.77925pt too wide) in paragraph at lines 154--154
[]|\T1/ntxtlf/b/n/10.95 Schimanski
 []


Overfull \hbox (2.77925pt too wide) in paragraph at lines 154--154
[]|\T1/ntxtlf/b/n/10.95 Schimanski
 []



[23]
LaTeX Font Info:    Font shape `T1/ntxtlf/m/it' will be
(Font)              scaled to size 12.0pt on input line 176.


[24




]

[25]

LaTeX Warning: Float too large for page by 57.01543pt on input line 207.



[26]
Overfull \hbox (2.77925pt too wide) in paragraph at lines 229--229
[]|\T1/ntxtlf/b/n/10.95 Schimanski
 []


Overfull \hbox (2.77925pt too wide) in paragraph at lines 229--229
[]|\T1/ntxtlf/b/n/10.95 Schimanski
 []


Overfull \hbox (6.19566pt too wide) in paragraph at lines 229--229
\T1/ntxtlf/m/n/10.95 Biodiversity)| 
 []


LaTeX Warning: Float too large for page by 43.41542pt on input line 230.



[27]

[28




]

[29]
Overfull \hbox (2.77925pt too wide) in paragraph at lines 296--296
[]|\T1/ntxtlf/b/n/10.95 Schimanski
 []


Overfull \hbox (2.77925pt too wide) in paragraph at lines 296--296
[]|\T1/ntxtlf/b/n/10.95 Schimanski
 []


Overfull \hbox (2.77925pt too wide) in paragraph at lines 296--296
[]|\T1/ntxtlf/b/n/10.95 Schimanski
 []


LaTeX Warning: Float too large for page by 60.13535pt on input line 297.



[30]
Overfull \hbox (6.16165pt too wide) in paragraph at lines 319--319
\T1/ntxtlf/m/n/10.95 environmental/social
 []


LaTeX Warning: Float too large for page by 40.2955pt on input line 320.



[31])
Chapter 3.
(./Chapters/implementation.tex
<Figures/03_01_overview.png, id=1175, 3167.835pt x 188.705pt>
File: Figures/03_01_overview.png Graphic file (type png)
<use Figures/03_01_overview.png>
Package pdftex.def Info: Figures/03_01_overview.png  used on input line 5.
(pdftex.def)             Requested size: 455.24411pt x 27.11821pt.


[32





 <./Figures/03_01_overview.png>]
<Figures/03_01_01_system_architecture.png, id=1184, 5364.04pt x 445.665pt>
File: Figures/03_01_01_system_architecture.png Graphic file (type png)
<use Figures/03_01_01_system_architecture.png>
Package pdftex.def Info: Figures/03_01_01_system_architecture.png  used on input line 30.
(pdftex.def)             Requested size: 455.24411pt x 37.82321pt.


[33 <./Figures/03_01_01_system_architecture.png>]
<Figures/03_02_data_sources.png, id=1194, 2421.045pt x 236.885pt>
File: Figures/03_02_data_sources.png Graphic file (type png)
<use Figures/03_02_data_sources.png>
Package pdftex.def Info: Figures/03_02_data_sources.png  used on input line 62.
(pdftex.def)             Requested size: 455.24411pt x 44.54233pt.


[34 <./Figures/03_02_data_sources.png>]

[35]
<Figures/03_02_02.png, id=1206, 3252.15pt x 236.885pt>
File: Figures/03_02_02.png Graphic file (type png)
<use Figures/03_02_02.png>
Package pdftex.def Info: Figures/03_02_02.png  used on input line 105.
(pdftex.def)             Requested size: 455.24411pt x 33.15643pt.


[36 <./Figures/03_02_02.png>]

[37]
<Figures/03_04.png, id=1219, 3447.88126pt x 188.705pt>
File: Figures/03_04.png Graphic file (type png)
<use Figures/03_04.png>
Package pdftex.def Info: Figures/03_04.png  used on input line 148.
(pdftex.def)             Requested size: 455.24411pt x 24.91547pt.


[38 <./Figures/03_04.png>]

[39]
LaTeX Font Info:    Trying to load font information for T1+ntxtt on input line 191.
(/usr/local/texlive/2025/texmf-dist/tex/latex/newtx/t1ntxtt.fd
File: t1ntxtt.fd 2012/04/20 v3.1
)
LaTeX Font Info:    Font shape `T1/ntxtt/m/n' will be
(Font)              scaled to size 12.0pt on input line 191.
<Figures/03_05.png, id=1231, 3526.17375pt x 188.705pt>
File: Figures/03_05.png Graphic file (type png)
<use Figures/03_05.png>
Package pdftex.def Info: Figures/03_05.png  used on input line 216.
(pdftex.def)             Requested size: 455.24411pt x 24.36263pt.


[40{/usr/local/texlive/2025/texmf-dist/fonts/enc/dvips/newtx/ntx-ot1-tlf.enc}]

[41 <./Figures/03_05.png>]
<Figures/03_06.png, id=1247, 2738.23pt x 188.705pt>
File: Figures/03_06.png Graphic file (type png)
<use Figures/03_06.png>
Package pdftex.def Info: Figures/03_06.png  used on input line 262.
(pdftex.def)             Requested size: 455.24411pt x 31.37108pt.


[42 <./Figures/03_06.png>]

[43]
<Figures/03_07_summary.png, id=1260, 2282.5275pt x 188.705pt>
File: Figures/03_07_summary.png Graphic file (type png)
<use Figures/03_07_summary.png>
Package pdftex.def Info: Figures/03_07_summary.png  used on input line 305.
(pdftex.def)             Requested size: 455.24411pt x 37.63666pt.
)

[44 <./Figures/03_07_summary.png>]
Chapter 4.
(./Chapters/experiments.tex

[45

]

[46]

[47]

[48]
<Figures/tone_distribution.png, id=1284, 686.565pt x 303.534pt>
File: Figures/tone_distribution.png Graphic file (type png)
<use Figures/tone_distribution.png>
Package pdftex.def Info: Figures/tone_distribution.png  used on input line 75.
(pdftex.def)             Requested size: 455.24411pt x 201.26399pt.
<Figures/esg_by_tone.png, id=1286, 686.565pt x 397.485pt>
File: Figures/esg_by_tone.png Graphic file (type png)
<use Figures/esg_by_tone.png>
Package pdftex.def Info: Figures/esg_by_tone.png  used on input line 84.
(pdftex.def)             Requested size: 364.19667pt x 210.84799pt.


[49 <./Figures/tone_distribution.png>]
Overfull \hbox (15.6081pt too wide) in paragraph at lines 141--141
 [] 
 []


Overfull \hbox (1.6546pt too wide) in paragraph at lines 141--141
[]|\T1/ntxtt/m/n/10 tone_chain_of_thought_indonesian.md|  
 []

<Figures/aspect_by_tone_heatmap.png, id=1295, 686.565pt x 505.89pt>
File: Figures/aspect_by_tone_heatmap.png Graphic file (type png)
<use Figures/aspect_by_tone_heatmap.png>
Package pdftex.def Info: Figures/aspect_by_tone_heatmap.png  used on input line 152.
(pdftex.def)             Requested size: 455.24411pt x 335.43999pt.


[50 <./Figures/esg_by_tone.png>]
Overfull \hbox (4.42224pt too wide) in paragraph at lines 178--178
[]|\T1/ntxtlf/b/n/10 Interpretation
 []


Overfull \hbox (22.17203pt too wide) in paragraph at lines 178--178
[]|\T1/ntxtt/m/n/10 tone_commitment
 []


Overfull \hbox (69.42189pt too wide) in paragraph at lines 178--178
\T1/ntxtt/m/n/10 climate_commitment_label| 
 []



[51 <./Figures/aspect_by_tone_heatmap.png>]
<Figures/climatebert_label_by_tone.png, id=1309, 867.24pt x 419.166pt>
File: Figures/climatebert_label_by_tone.png Graphic file (type png)
<use Figures/climatebert_label_by_tone.png>
Package pdftex.def Info: Figures/climatebert_label_by_tone.png  used on input line 187.
(pdftex.def)             Requested size: 455.24411pt x 220.03346pt.


[52 <./Figures/climatebert_label_by_tone.png>]
Overfull \hbox (43.4308pt too wide) in paragraph at lines 228--228
[]|\T1/ntxtt/m/n/10 hedged_or_modal_language| 
 []


Overfull \hbox (111.6806pt too wide) in paragraph at lines 228--228
[]|\T1/ntxtt/m/n/10 regulatory_or_indonesian_domain_terms| 
 []


Overfull \hbox (9.32117pt too wide) in paragraph at lines 228--228
[]|\T1/ntxtlf/m/n/10 Governance/regulatory
 []


Overfull \hbox (38.18082pt too wide) in paragraph at lines 228--228
[]|\T1/ntxtt/m/n/10 table_or_numeric_layout| 
 []


Overfull \hbox (53.93077pt too wide) in paragraph at lines 228--228
[]|\T1/ntxtt/m/n/10 bilingual_or_code_switched| 
 []


Overfull \hbox (43.4308pt too wide) in paragraph at lines 228--228
[]|\T1/ntxtt/m/n/10 hedged_or_modal_language
 []

<Figures/failure_mode_pareto.png, id=1317, 722.7pt x 397.485pt>
File: Figures/failure_mode_pareto.png Graphic file (type png)
<use Figures/failure_mode_pareto.png>
Package pdftex.def Info: Figures/failure_mode_pareto.png  used on input line 237.
(pdftex.def)             Requested size: 455.24411pt x 250.38654pt.
<Figures/failure_mode_pie.png, id=1319, 542.025pt x 542.025pt>
File: Figures/failure_mode_pie.png Graphic file (type png)
<use Figures/failure_mode_pie.png>
Package pdftex.def Info: Figures/failure_mode_pie.png  used on input line 246.
(pdftex.def)             Requested size: 455.24411pt x 455.25653pt.


[53 <./Figures/failure_mode_pareto.png>]

[54]

[55 <./Figures/failure_mode_pie.png>]
Overfull \hbox (120.02147pt too wide) in paragraph at lines 287--287
[]|\T1/ntxtt/m/n/10 arcee-ai/trinity-large-preview:free| 
 []


Overfull \hbox (62.27164pt too wide) in paragraph at lines 287--287
[]|\T1/ntxtt/m/n/10 openai/gpt-oss-120b:free| 
 []


Overfull \hbox (125.27145pt too wide) in paragraph at lines 287--287
[]|\T1/ntxtt/m/n/10 arcee-ai/trinity-large-thinking:free| 
 []


Overfull \hbox (67.52162pt too wide) in paragraph at lines 287--287
[]|\T1/ntxtt/m/n/10 minimax/minimax-m2.5:free| 
 []


Overfull \hbox (57.02165pt too wide) in paragraph at lines 287--287
[]|\T1/ntxtt/m/n/10 openai/gpt-oss-20b:free| 
 []

<Figures/model_tradeoff_scatter.png, id=1338, 722.7pt x 433.62pt>
File: Figures/model_tradeoff_scatter.png Graphic file (type png)
<use Figures/model_tradeoff_scatter.png>
Package pdftex.def Info: Figures/model_tradeoff_scatter.png  used on input line 296.
(pdftex.def)             Requested size: 455.24411pt x 273.14896pt.


[56]

[57]
<Figures/prompt_strategy_comparison.png, id=1348, 1064.3765pt x 399.894pt>
File: Figures/prompt_strategy_comparison.png Graphic file (type png)
<use Figures/prompt_strategy_comparison.png>
Package pdftex.def Info: Figures/prompt_strategy_comparison.png  used on input line 309.
(pdftex.def)             Requested size: 455.24411pt x 171.04187pt.


[58 <./Figures/model_tradeoff_scatter.png>]
<Figures/information_density_by_tone.png, id=1356, 650.43pt x 397.485pt>
File: Figures/information_density_by_tone.png Graphic file (type png)
<use Figures/information_density_by_tone.png>
Package pdftex.def Info: Figures/information_density_by_tone.png  used on input line 330.
(pdftex.def)             Requested size: 364.19667pt x 222.57188pt.
<Figures/soft_language_ratio_by_tone.png, id=1358, 650.43pt x 397.485pt>
File: Figures/soft_language_ratio_by_tone.png Graphic file (type png)
<use Figures/soft_language_ratio_by_tone.png>
Package pdftex.def Info: Figures/soft_language_ratio_by_tone.png  used on input line 339.
(pdftex.def)             Requested size: 364.19667pt x 222.57188pt.


[59 <./Figures/prompt_strategy_comparison.png>]

[60 <./Figures/information_density_by_tone.png> <./Figures/soft_language_ratio_by_tone.png>]

[61]

[62])

[63]
Chapter 5.
(./Chapters/discussion.tex
File: Figures/tone_distribution.png Graphic file (type png)
<use Figures/tone_distribution.png>
Package pdftex.def Info: Figures/tone_distribution.png  used on input line 67.
(pdftex.def)             Requested size: 455.24411pt x 201.26399pt.


[64

]
Overfull \hbox (27.09425pt too wide) in paragraph at lines 100--100
\T1/ntxtt/m/n/10 Climate-Specific
 []


Overfull \hbox (0.84433pt too wide) in paragraph at lines 100--100
\T1/ntxtt/m/n/10 Diagnostics| 
 []


Overfull \hbox (21.84427pt too wide) in paragraph at lines 100--100
\T1/ntxtt/m/n/10 Reproducibility| 
 []



[65]

[66]
File: Figures/climatebert_label_by_tone.png Graphic file (type png)
<use Figures/climatebert_label_by_tone.png>
Package pdftex.def Info: Figures/climatebert_label_by_tone.png  used on input line 117.
(pdftex.def)             Requested size: 455.24411pt x 220.03346pt.


[67]
<Figures/greenwashing_gap_scatter.png, id=1408, 686.565pt x 433.62pt>
File: Figures/greenwashing_gap_scatter.png Graphic file (type png)
<use Figures/greenwashing_gap_scatter.png>
Package pdftex.def Info: Figures/greenwashing_gap_scatter.png  used on input line 144.
(pdftex.def)             Requested size: 455.24411pt x 287.52pt.
<Figures/commitment_outcome_ratio.png, id=1410, 614.295pt x 346.896pt>
File: Figures/commitment_outcome_ratio.png Graphic file (type png)
<use Figures/commitment_outcome_ratio.png>
Package pdftex.def Info: Figures/commitment_outcome_ratio.png  used on input line 153.
(pdftex.def)             Requested size: 455.24411pt x 257.08012pt.


[68]

[69 <./Figures/greenwashing_gap_scatter.png>]

[70 <./Figures/commitment_outcome_ratio.png>]

[71])

[72]
Chapter 6.
(./Chapters/summary.tex)

[73

]
Chapter 7.
LaTeX Font Info:    Font shape `T1/ntxtlf/m/sc' will be
(Font)              scaled to size 12.0pt on input line 148.


[74

{/usr/local/texlive/2025/texmf-dist/fonts/enc/dvips/newtx/ntx-ec-tlf-pc.enc}]

[75]

[76]
Chapter 8.
(./Chapters/appendices.tex
! Undefined control sequence.
l.48 \tightlist
               
The control sequence at the end of the top line
of your error message was never \def'ed. If you have
misspelled it (e.g., `\hobx'), type `I' and the correct
spelling (e.g., `I\hbox'). Otherwise just continue,
and I'll forget about whatever was undefined.

! Undefined control sequence.
l.71 \tightlist
               
The control sequence at the end of the top line
of your error message was never \def'ed. If you have
misspelled it (e.g., `\hobx'), type `I' and the correct
spelling (e.g., `I\hbox'). Otherwise just continue,
and I'll forget about whatever was undefined.

! Undefined control sequence.
l.88 \tightlist
               
The control sequence at the end of the top line
of your error message was never \def'ed. If you have
misspelled it (e.g., `\hobx'), type `I' and the correct
spelling (e.g., `I\hbox'). Otherwise just continue,
and I'll forget about whatever was undefined.



[77

]
! Undefined control sequence.
l.113 \tightlist
                
The control sequence at the end of the top line
of your error message was never \def'ed. If you have
misspelled it (e.g., `\hobx'), type `I' and the correct
spelling (e.g., `I\hbox'). Otherwise just continue,
and I'll forget about whatever was undefined.

! Undefined control sequence.
<recently read> \tightlist 
                           
l.128   \tightlist
                  
The control sequence at the end of the top line
of your error message was never \def'ed. If you have
misspelled it (e.g., `\hobx'), type `I' and the correct
spelling (e.g., `I\hbox'). Otherwise just continue,
and I'll forget about whatever was undefined.

<Figures/mermaid_flow_diagram_01.png, id=1544, 9994.33875pt x 606.265pt>
File: Figures/mermaid_flow_diagram_01.png Graphic file (type png)
<use Figures/mermaid_flow_diagram_01.png>
Package pdftex.def Info: Figures/mermaid_flow_diagram_01.png  used on input line 149.
(pdftex.def)             Requested size: 455.24411pt x 27.61377pt.


[78]
<Figures/mermaid_flow_diagram_02.png, id=1563, 4956.5175pt x 1595.9625pt>
File: Figures/mermaid_flow_diagram_02.png Graphic file (type png)
<use Figures/mermaid_flow_diagram_02.png>
Package pdftex.def Info: Figures/mermaid_flow_diagram_02.png  used on input line 160.
(pdftex.def)             Requested size: 455.24411pt x 146.57706pt.
! Undefined control sequence.
l.171 \tightlist
                
The control sequence at the end of the top line
of your error message was never \def'ed. If you have
misspelled it (e.g., `\hobx'), type `I' and the correct
spelling (e.g., `I\hbox'). Otherwise just continue,
and I'll forget about whatever was undefined.



[79 <./Figures/mermaid_flow_diagram_01.png> <./Figures/mermaid_flow_diagram_02.png>]

! Package caption Error: \caption outside float.

See the caption package documentation for explanation.
Type  H <return>  for immediate help.
 ...                                              
                                                  
l.200 \caption
              {Appendix workflow from Bulk OCR to page-range-based LLM extra...
If you do not understand this error, please take a closer look
at the documentation of the `caption' package, especially the
section about errors.
Try typing  <return>  to proceed.
If that doesn't work, type  X <return>  to quit.

! Too many }'s.
\@endfloatbox ...pagefalse \outer@nobreak \egroup 
                                                  \color@endbox 
l.203 \end{figure}
                  
You've closed more groups than you opened.
Such booboos are generally harmless, so keep going.

! Extra \endgroup.
\color@endgroup ->\endgraf \@endpefalse \endgroup 
                                                  
l.203 \end{figure}
                  
Things are pretty mixed up, but I think the worst is over.

! Too many }'s.
\color@endbox ->\color@endgroup \egroup 
                                        
l.203 \end{figure}
                  
You've closed more groups than you opened.
Such booboos are generally harmless, so keep going.


! LaTeX Error: \begin{document} ended by \end{figure}.

See the LaTeX manual or LaTeX Companion for explanation.
Type  H <return>  for immediate help.
 ...                                              
                                                  
l.203 \end{figure}
                  
Your command was ignored.
Type  I <command> <return>  to replace it with another command,
or  <return>  to continue without it.

! Extra \endgroup.
\end  ...end#1\endcsname \@checkend {#1}\endgroup 
                                                  \UseHook {env/#1/after}\if...
l.203 \end{figure}
                  
Things are pretty mixed up, but I think the worst is over.

! Undefined control sequence.
<recently read> \tightlist 
                           
l.214 \tightlist
                
The control sequence at the end of the top line
of your error message was never \def'ed. If you have
misspelled it (e.g., `\hobx'), type `I' and the correct
spelling (e.g., `I\hbox'). Otherwise just continue,
and I'll forget about whatever was undefined.


Overfull \hbox (76.05212pt too wide) in paragraph at lines 267--267
[]|\T1/ntxtt/m/n/12 tone_zero_shot_english.md|  
 []


Overfull \hbox (94.95209pt too wide) in paragraph at lines 268--268
[]|\T1/ntxtt/m/n/12 tone_zero_shot_indonesian.md|  
 []


Overfull \hbox (56.55243pt too wide) in paragraph at lines 268--268
\T1/ntxtlf/m/n/12 commitment/action/outcome 
 []


Overfull \hbox (69.75214pt too wide) in paragraph at lines 269--269
[]|\T1/ntxtt/m/n/12 tone_few_shot_english.md|  
 []


Overfull \hbox (88.6521pt too wide) in paragraph at lines 270--270
[]|\T1/ntxtt/m/n/12 tone_few_shot_indonesian.md|  
 []


Overfull \hbox (120.15204pt too wide) in paragraph at lines 271--271
[]|\T1/ntxtt/m/n/12 tone_chain_of_thought_english.md|  
 []


Overfull \hbox (139.052pt too wide) in paragraph at lines 272--272
[]|\T1/ntxtt/m/n/12 tone_chain_of_thought_indonesian.md|  
 []



[80] [81]
! Undefined control sequence.
l.281 \tightlist
                
The control sequence at the end of the top line
of your error message was never \def'ed. If you have
misspelled it (e.g., `\hobx'), type `I' and the correct
spelling (e.g., `I\hbox'). Otherwise just continue,
and I'll forget about whatever was undefined.



[82]
! Undefined control sequence.
<recently read> \tightlist 
                           
l.315 \tightlist
                
The control sequence at the end of the top line
of your error message was never \def'ed. If you have
misspelled it (e.g., `\hobx'), type `I' and the correct
spelling (e.g., `I\hbox'). Otherwise just continue,
and I'll forget about whatever was undefined.

! Undefined control sequence.
<recently read> \tightlist 
                           
l.323 \tightlist
                
The control sequence at the end of the top line
of your error message was never \def'ed. If you have
misspelled it (e.g., `\hobx'), type `I' and the correct
spelling (e.g., `I\hbox'). Otherwise just continue,
and I'll forget about whatever was undefined.



[83]
! Undefined control sequence.
<recently read> \tightlist 
                           
l.365 \tightlist
                
The control sequence at the end of the top line
of your error message was never \def'ed. If you have
misspelled it (e.g., `\hobx'), type `I' and the correct
spelling (e.g., `I\hbox'). Otherwise just continue,
and I'll forget about whatever was undefined.

! Undefined control sequence.
<recently read> \tightlist 
                           
l.373 \tightlist
                
The control sequence at the end of the top line
of your error message was never \def'ed. If you have
misspelled it (e.g., `\hobx'), type `I' and the correct
spelling (e.g., `I\hbox'). Otherwise just continue,
and I'll forget about whatever was undefined.



[84]
! Undefined control sequence.
<recently read> \tightlist 
                           
l.430 \tightlist
                
The control sequence at the end of the top line
of your error message was never \def'ed. If you have
misspelled it (e.g., `\hobx'), type `I' and the correct
spelling (e.g., `I\hbox'). Otherwise just continue,
and I'll forget about whatever was undefined.

! Undefined control sequence.
<recently read> \tightlist 
                           
l.438 \tightlist
                
The control sequence at the end of the top line
of your error message was never \def'ed. If you have
misspelled it (e.g., `\hobx'), type `I' and the correct
spelling (e.g., `I\hbox'). Otherwise just continue,
and I'll forget about whatever was undefined.

LaTeX Font Info:    Trying to load font information for TS1+ntxtt on input line 457.
(/usr/local/texlive/2025/texmf-dist/tex/latex/newtx/ts1ntxtt.fd
File: ts1ntxtt.fd 2012/04/20 v3.1
)
LaTeX Font Info:    Font shape `TS1/ntxtt/m/n' will be
(Font)              scaled to size 12.0pt on input line 457.


[85])

[86] (./output.aux)
 ***********
LaTeX2e <2025-06-01> patch level 1
L3 programming layer <2020/03/25>
 ***********

LaTeX Warning: There were multiply-defined labels.

Package rerunfilecheck Info: File `output.out' has not changed.
(rerunfilecheck)             Checksum: B53C308D5D54FFAE36BAAB4E02A89C57;10179.
Package logreq Info: Writing requests to 'output.run.xml'.
\openout1 = `output.run.xml'.

 ) 
Here is how much of TeX's memory you used:
 39003 strings out of 467886
 684363 string characters out of 5434056
 1507720 words of memory out of 5000000
 66603 multiletter control sequences out of 15000+600000
 758059 words of font info for 214 fonts, out of 8000000 for 9000
 1141 hyphenation exceptions out of 8191
 108i,17n,156p,1721b,4086s stack positions out of 10000i,1000n,20000p,200000b,200000s
</usr/local/texlive/2025/texmf-dist/fonts/type1/public/newtx/NewTXMI.pfb></usr/local/texlive/2025/texmf-dist/fonts/type1/public/tex-gyre/qhvr.pfb></usr/local/texlive/2025/texmf-dist/fonts/type1/public/tex-gyre/qtmr.pfb></usr/local/texlive/2025/texmf-dist/fonts/type1/public/txfonts/t1xtt.pfb></usr/local/texlive/2025/texmf-dist/fonts/type1/public/txfonts/tcxtt.pfb></usr/local/texlive/2025/texmf-dist/fonts/type1/public/newtx/txmiaX.pfb></usr/local/texlive/2025/texmf-dist/fonts/type1/public/newtx/txsys.pfb></usr/local/texlive/2025/texmf-dist/fonts/type1/public/newtx/ztmb.pfb></usr/local/texlive/2025/texmf-dist/fonts/type1/public/newtx/ztmbi.pfb></usr/local/texlive/2025/texmf-dist/fonts/type1/public/newtx/ztmr.pfb></usr/local/texlive/2025/texmf-dist/fonts/type1/public/newtx/ztmri.pfb>
Output written on output.pdf (86 pages, 2487233 bytes).
PDF statistics:
 1748 PDF objects out of 2073 (max. 8388607)
 321 named destinations out of 1000 (max. 500000)
 1171 words of extra memory for PDF output out of 10000 (max. 10000000)

