record_id,run_idx,record_idx,timestamp,model,prompt,target,company,ok,text,text_len_chars,text_len_words,language,aspect,esg,tone_pred,sentiment,sentiment_score,labels,reasoning,suggested_tone,suggestion_source,silver_tone_ground_truth,needs_human_review,schema_drift,has_climate_commitment,has_environmental_claims,has_climate_d,background_job_id,target_pages,climatebert_model,climatebert_model_path,climatebert_model_backend,climatebert_label,climatebert_score,climatebert_commitment_pred,climatebert_job_id,climatebert_elapsed_sec
r000_000,0,0,2026-04-08T02:40:23.506816Z,arcee-ai/trinity-large-preview:free,tone_zero_shot_english.md,BEST-SR_2024_pdf/batch_8,BEST-SR_2024,True,"As a pioneer among industrial estate developers in Indonesia, BeFa is at the forefront of creating a green and eco-friendly industrial zone. This transformative initiative aims to minimize environmental impact while promoting a sustainable economic model. It includes prioritizing renewable energy sources, implementing waste management systems, and ensuring efficient resource utilization.",390,52,en,environmental-claims,e,commitment,neutral,0.0,climate-detection|climate-d|climate-d-s|climate-specificity|environmental-claims,"The text describes BeFa's commitment to creating a green and eco-friendly industrial zone with specific actions like prioritizing renewable energy, implementing waste management systems, and ensuring efficient resource utilization. This is a future-oriented commitment rather than an achieved outcome.",commitment,lexical_or_climate_commitment,commitment,False,False,False,True,True,,,environmental-claims,/home/ubuntu/apps/benchmarks/model_download/models/environmental-claims,Local model,yes,0.992335,True,climatebert_multi_20260526T074116Z_df720b,0.383
r000_001,0,1,2026-04-08T02:40:23.506816Z,arcee-ai/trinity-large-preview:free,tone_zero_shot_english.md,BEST-SR_2024_pdf/batch_8,BEST-SR_2024,True,"The Company is dedicated to continuous innovation and excellence within the realm of ESG, striving to create spaces that harmoniously blend industry with ecological sustainability. In its pursuit of this vision, BeFa is evolving into a Smart Eco-Industrial Park. This initiative focuses on promoting sustainable development through the incorporation of advanced technologies, smart infrastructure, and environmentally friendly practices that benefit both the community and the ecosystem. By fostering collaboration among tenants and other stakeholders, BeFa aims to set a precedent for responsible industrial growth while addressing global environmental challenges.",665,90,en,environmental-claims,e,commitment,neutral,0.0,climate-detection|climate-d|climate-d-s|climate-specificity|environmental-claims,"The text describes BeFa's commitment to ESG excellence and evolving into a Smart Eco-Industrial Park with specific initiatives like advanced technologies, smart infrastructure, and environmentally friendly practices. This is a future-oriented commitment rather than an achieved outcome.",commitment,lexical_or_climate_commitment,commitment,False,False,False,True,True,,,environmental-claims,/home/ubuntu/apps/benchmarks/model_download/models/environmental-claims,Local model,yes,0.980056,True,climatebert_multi_20260526T074116Z_df720b,0.555
r000_002,0,2,2026-04-08T02:40:23.506816Z,arcee-ai/trinity-large-preview:free,tone_zero_shot_english.md,BEST-SR_2024_pdf/batch_8,BEST-SR_2024,True,BeFa reaffirms its dedication to leadership excellence by promoting the professional development of its Board of Directors. Each board member is given the opportunity to participate in a specialized competency enhancement program designed to provide them with the latest industry knowledge and strategic insights.,313,44,en,governance,g,action,neutral,0.0,governance,The text describes BeFa's action to promote professional development of its Board of Directors through competency enhancement programs. This is an ongoing action rather than a measurable outcome.,none,fallback_none,action,False,False,False,False,False,,,environmental-claims,/home/ubuntu/apps/benchmarks/model_download/models/environmental-claims,Local model,no,0.977539,False,climatebert_multi_20260526T074116Z_df720b,0.222
r006_000,6,0,2026-04-08T02:41:29.425964Z,arcee-ai/trinity-large-preview:free,tone_chain_of_thought_english.md,vktr_ar_sr_2024_pdf/batch_20,vktr_ar_sr_2024,True,"Sepanjang tahun 2024, VKTR mengukuhkan peran strategisnya dalam membentuk lanskap baru transportasi berkelanjutan di Indonesia. Tidak hanya sebagai perintis, VKTR kini hadir sebagai arsitek utama yang merancang dan mewujudkan solusi mobilitas hijau yang adaptif dan menyeluruh. Melalui pengembangan kendaraan listrik komersial lintas sektor, mulai dari truk dan bus, hingga solusi logistik dan angkutan perkotaan, VKTR memperkenalkan model mobilitas yang tidak hanya efisien, tetapi juga berorientasi pada masa depan rendah emisi.",530,70,id,climate-detection,e,commitment,neutral,0.0,climate-commitment|climate-specificity|climate-sentiment|climate-s|climate-f|strategy|environmental-claims,"The text discusses VKTR's strategic role in shaping sustainable transportation in Indonesia, introducing green mobility solutions and low-emission future models. This is a forward-looking commitment to environmental sustainability.",commitment,lexical_or_climate_commitment,commitment,False,False,True,True,False,,,environmental-claims,/home/ubuntu/apps/benchmarks/model_download/models/environmental-claims,Local model,no,0.996324,False,climatebert_multi_20260526T074116Z_df720b,0.528
r006_001,6,1,2026-04-08T02:41:29.425964Z,arcee-ai/trinity-large-preview:free,tone_chain_of_thought_english.md,vktr_ar_sr_2024_pdf/batch_20,vktr_ar_sr_2024,True,"Keberhasilan pembangunan fasilitas perakitan kendaraan listrik di Magelang menjadi tonggak penting yang mencerminkan langkah nyata industrialisasi hijau di tingkat nasional. Dengan mengedepankan standar lokal dan pemberdayaan rantai pasok dalam negeri, VKTR memperluas cakupan dampak transformasi, dari aspek teknologi hingga penciptaan nilai ekonomi dan sosial.",362,44,id,climate-detection,e,outcome,positive,1.0,climate-d|climate-specificity|climate-sentiment|climate-s|climate-tcfd|strategy|environmental-claims,"The text highlights the successful completion of VKTR's electric vehicle assembly facility in Magelang, reflecting real progress in national green industrialization. This is an outcome with positive sentiment due to its measurable impact.",outcome,lexical_outcome,outcome,False,False,False,True,True,,,environmental-claims,/home/ubuntu/apps/benchmarks/model_download/models/environmental-claims,Local model,no,0.996065,False,climatebert_multi_20260526T074116Z_df720b,0.452
r006_002,6,2,2026-04-08T02:41:29.425964Z,arcee-ai/trinity-large-preview:free,tone_chain_of_thought_english.md,vktr_ar_sr_2024_pdf/batch_20,vktr_ar_sr_2024,True,Komitmen ini diperkuat melalui pengembangan beragam prototipe dan kolaborasi lintas industri yang mendukung kecepatan adopsi serta kustomisasi kendaraan sesuai kebutuhan sektor-sektor strategis.,194,23,id,climate-detection,e,commitment,neutral,0.0,climate-commitment|climate-specificity|climate-sentiment|climate-s|climate-f|strategy|environmental-claims,The text describes VKTR's commitment to developing prototypes and cross-industry collaborations to accelerate adoption and customization of vehicles. This is a future-oriented commitment with neutral sentiment.,commitment,lexical_or_climate_commitment,commitment,False,False,True,True,False,,,environmental-claims,/home/ubuntu/apps/benchmarks/model_download/models/environmental-claims,Local model,no,0.996119,False,climatebert_multi_20260526T074116Z_df720b,0.197
r006_003,6,3,2026-04-08T02:41:29.425964Z,arcee-ai/trinity-large-preview:free,tone_chain_of_thought_english.md,vktr_ar_sr_2024_pdf/batch_20,vktr_ar_sr_2024,True,"VKTR terus menjadi bagian penting dari solusi nasional menuju masa depan transportasi rendah karbon. Perjalanan ini bukan sekadar menghadirkan produk, tetapi membentuk sistem, sebuah ekosistem yang menjawab kebutuhan zaman dengan teknologi, tanggung jawab lingkungan, dan tekad kolektif membangun Indonesia yang lebih hijau dan tangguh.",336,44,id,climate-detection,e,commitment,neutral,0.0,climate-commitment|climate-specificity|climate-sentiment|climate-s|climate-f|strategy|environmental-claims,"The text emphasizes VKTR's ongoing role in the national effort toward a low-carbon transportation future, focusing on building a system and ecosystem with environmental responsibility. This is a commitment with neutral sentiment.",commitment,lexical_or_climate_commitment,commitment,False,False,True,True,False,,,environmental-claims,/home/ubuntu/apps/benchmarks/model_download/models/environmental-claims,Local model,no,0.996476,False,climatebert_multi_20260526T074116Z_df720b,0.297
r006_004,6,4,2026-04-08T02:41:29.425964Z,arcee-ai/trinity-large-preview:free,tone_chain_of_thought_english.md,vktr_ar_sr_2024_pdf/batch_20,vktr_ar_sr_2024,True,"Pada tanggal 10 Oktober 2023, Perusahaan dan MB menandatangani perjanjian kerja sama antara BA, Entitas Anak, dan MB, dimana Perusahaan akan menyediakan jasa perawatan, perbaikan dan penyediaan suku cadang untuk BYD yang dibutuhkan oleh Kendaraan Bus Listrik BYD K9 LF milik MB. Perusahaan menyatakan bersedia untuk bekerja sama dengan MB dalam hal perawatan, perbaikan, dan penyediaan suku cadang untuk Kendaraan Bus Listrik BYD K9 LF.",436,65,id,climate-detection,e,action,neutral,0.0,climate-d|climate-specificity|climate-sentiment|climate-s|climate-tcfd|strategy|environmental-claims,"The text describes a cooperation agreement between the Company and MB for the maintenance, repair, and provision of spare parts for BYD K9 LF Electric Bus. This is an action without a measurable result, hence neutral sentiment.",commitment,lexical_or_climate_commitment,action,False,False,False,True,True,,,environmental-claims,/home/ubuntu/apps/benchmarks/model_download/models/environmental-claims,Local model,no,0.998097,False,climatebert_multi_20260526T074116Z_df720b,0.35
r006_005,6,5,2026-04-08T02:41:29.425964Z,arcee-ai/trinity-large-preview:free,tone_chain_of_thought_english.md,vktr_ar_sr_2024_pdf/batch_20,vktr_ar_sr_2024,True,"Pada tanggal 27 September 2024, Perusahaan menandatangani Surat Perjanjian Kerahasiaan (NDA) dengan PT Agro Multi Persada. NDA tersebut berisi bahwa kedua perusahaan sepakat sehubungan adanya kemungkinan kerja sama dalam penggunaan truk dan bus listrik milik perusahaan oleh AMP untuk tujuan uji coba kendaraan listrik Perusahaan.",330,45,id,climate-detection,e,action,neutral,0.0,climate-d|climate-specificity|climate-sentiment|climate-s|climate-tcfd|strategy|environmental-claims,"The text mentions the signing of an NDA with PT Agro Multi Persada for the potential use of the Company's electric trucks and buses for testing. This is an action without a measurable result, hence neutral sentiment.",none,fallback_none,action,False,False,False,True,True,,,environmental-claims,/home/ubuntu/apps/benchmarks/model_download/models/environmental-claims,Local model,no,0.997601,False,climatebert_multi_20260526T074116Z_df720b,0.454
r006_006,6,6,2026-04-08T02:41:29.425964Z,arcee-ai/trinity-large-preview:free,tone_chain_of_thought_english.md,vktr_ar_sr_2024_pdf/batch_20,vktr_ar_sr_2024,True,"Pada tanggal 1 Juni 2024, Perusahaan menandatangani Memorandum of Understanding dengan WBKM. Perusahaan, sebagai perusahaan yang bergerak di bidang perdagangan dan manufaktur kendaraan listrik, dan WBKM, sebagai Perusahaan yang menyediakan angkutan umum, ingin mengeksplorasi dan mempertimbangkan peluang untuk melakukan kerjasama timbal balik yang lebih luas pada proyek di Indonesia.",385,49,id,climate-detection,e,commitment,neutral,0.0,climate-commitment|climate-specificity|climate-sentiment|climate-s|climate-f|strategy|environmental-claims,The text describes the signing of a Memorandum of Understanding with WBKM to explore broader reciprocal cooperation on electric vehicle projects. This is a future-oriented commitment with neutral sentiment.,commitment,lexical_or_climate_commitment,commitment,False,False,True,True,False,,,environmental-claims,/home/ubuntu/apps/benchmarks/model_download/models/environmental-claims,Local model,no,0.997913,False,climatebert_multi_20260526T074116Z_df720b,0.25
r006_007,6,7,2026-04-08T02:41:29.425964Z,arcee-ai/trinity-large-preview:free,tone_chain_of_thought_english.md,vktr_ar_sr_2024_pdf/batch_20,vktr_ar_sr_2024,True,"Pada tanggal 15 Februari 2024, Perusahaan membuat Memorandum of Understanding (""MOU"") dengan MHN. Perusahaan dan MHN ingin mengeksplorasi dan mempertimbangkan peluang untuk bekerja sama satu sama lain dan mengembangkan bersama dengan bidang yang lebih luas dari kerja sama timbal balik pada proyek di Indonesia. Jangka waktunya adalah dua (2) tahun sejak tanggal efektif.",371,53,id,climate-detection,e,commitment,neutral,0.0,climate-commitment|climate-specificity|climate-sentiment|climate-s|climate-f|strategy|environmental-claims,The text mentions the signing of a Memorandum of Understanding with MHN to explore and consider opportunities for collaboration on electric vehicle projects. This is a future-oriented commitment with neutral sentiment.,commitment,lexical_or_climate_commitment,commitment,False,False,True,True,False,,,environmental-claims,/home/ubuntu/apps/benchmarks/model_download/models/environmental-claims,Local model,no,0.997977,False,climatebert_multi_20260526T074116Z_df720b,0.398
r006_008,6,8,2026-04-08T02:41:29.425964Z,arcee-ai/trinity-large-preview:free,tone_chain_of_thought_english.md,vktr_ar_sr_2024_pdf/batch_20,vktr_ar_sr_2024,True,"Pada tanggal 16 Februari 2024, Perusahaan menandatangani Perjanjian Kerahasiaan dengan MHN. Perusahaan dan MHN sepakat bahwa Perusahaan akan bekerjasama dengan MHN untuk mendiskusikan peluang bisnis atas proyek kendaraan listrik.",229,29,id,climate-detection,e,action,neutral,0.0,climate-d|climate-specificity|climate-sentiment|climate-s|climate-tcfd|strategy|environmental-claims,"The text describes the signing of a Non-Disclosure Agreement with MHN to discuss business opportunities for electric vehicle projects. This is an action without a measurable result, hence neutral sentiment.",commitment,lexical_or_climate_commitment,action,False,False,False,True,True,,,environmental-claims,/home/ubuntu/apps/benchmarks/model_download/models/environmental-claims,Local model,no,0.996896,False,climatebert_multi_20260526T074116Z_df720b,0.444
r006_009,6,9,2026-04-08T02:41:29.425964Z,arcee-ai/trinity-large-preview:free,tone_chain_of_thought_english.md,vktr_ar_sr_2024_pdf/batch_20,vktr_ar_sr_2024,True,"Pada tanggal 15 November 2024, Perusahaan dan AMP menandatangani Perjanjian Uji Coba Truk Listrik untuk menguji coba satu (1) unit Truk Listrik tipe VKTR Light Duty Truck TLD080F dengan karoseri Hook Lift di lokasi kebun yang disepakati oleh Perusahan dan AMP. Uji coba ini dilakukan untuk mengevaluasi kinerja Truk Listrik dalam operasional di area kerja AMP, dengan periode uji coba selama satu (1) bulan. Kesuksesan uji coba akan ditentukan berdasarkan parameter kinerja yang telah disepakati, dan jika hasil uji coba memuaskan, AMP berpotensi untuk melakukan pembelian lebih lanjut sesuai dengan kesepakatan tertulis.",621,92,id,climate-detection,e,action,neutral,0.0,climate-d|climate-specificity|climate-sentiment|climate-s|climate-tcfd|strategy|environmental-claims,"The text describes the signing of a Trial Agreement for an Electric Truck with AMP to test the performance of the VKTR Light Duty Truck TLD080F. This is an action without a measurable result, hence neutral sentiment.",outcome,lexical_outcome,action,False,False,False,True,True,,,environmental-claims,/home/ubuntu/apps/benchmarks/model_download/models/environmental-claims,Local model,no,0.99825,False,climatebert_multi_20260526T074116Z_df720b,0.592
r006_010,6,10,2026-04-08T02:41:29.425964Z,arcee-ai/trinity-large-preview:free,tone_chain_of_thought_english.md,vktr_ar_sr_2024_pdf/batch_20,vktr_ar_sr_2024,True,"Pada tanggal 5 Agustus 2024, VSI dan BYD telah mengadakan Perjanjian Lisensi Teknis Perakitan KD. Berdasarkan Perjanjian tersebut, VSI sebagai Penerima Lisensi dan BYD sebagai Pemberi Lisensi yang dimana mengatur tentang pemberian Hak Produksi.",244,34,id,climate-detection,e,action,neutral,0.0,climate-d|climate-specificity|climate-sentiment|climate-s|climate-tcfd|strategy|environmental-claims,"The text mentions the signing of a Technical Assembly KD License Agreement between VSI and BYD, outlining the grant of Production Rights. This is an action without a measurable result, hence neutral sentiment.",outcome,lexical_outcome,action,False,False,False,True,True,,,environmental-claims,/home/ubuntu/apps/benchmarks/model_download/models/environmental-claims,Local model,no,0.997715,False,climatebert_multi_20260526T074116Z_df720b,0.124
r006_011,6,11,2026-04-08T02:41:29.425964Z,arcee-ai/trinity-large-preview:free,tone_chain_of_thought_english.md,vktr_ar_sr_2024_pdf/batch_20,vktr_ar_sr_2024,True,"Pada tanggal 30 April 2022, Perusahaan dan Anhui mengadakan perjanjian negosiasi terhadap JAC Electric Vehicle Chassis. Jangka waktu perjanjian ini adalah lima (5) tahun.",170,24,id,climate-detection,e,action,neutral,0.0,climate-d|climate-specificity|climate-sentiment|climate-s|climate-tcfd|strategy|environmental-claims,"The text describes the signing of a negotiating agreement with Anhui regarding JAC Electric Vehicle Chassis. This is an action without a measurable result, hence neutral sentiment.",commitment,lexical_or_climate_commitment,action,False,False,False,True,True,,,environmental-claims,/home/ubuntu/apps/benchmarks/model_download/models/environmental-claims,Local model,no,0.998579,False,climatebert_multi_20260526T074116Z_df720b,0.165
r007_000,7,0,2026-04-08T02:44:38.216582Z,arcee-ai/trinity-large-preview:free,tone_zero_shot_indonesian.md,AR SR GTRA 2024___pdf/batch_4,AR SR GTRA 2024,True,Dalam jutaan Rupiah,19,3,unknown,none,none,none,none,0.0,none,"This is a currency unit indicator, not related to ESG.",none,label_none,none,False,False,False,False,False,,,environmental-claims,/home/ubuntu/apps/benchmarks/model_download/models/environmental-claims,Local model,no,0.995221,False,climatebert_multi_20260526T074116Z_df720b,0.077
r007_001,7,1,2026-04-08T02:44:38.216582Z,arcee-ai/trinity-large-preview:free,tone_zero_shot_indonesian.md,AR SR GTRA 2024___pdf/batch_4,AR SR GTRA 2024,True,Pendapatan,10,1,unknown,none,none,none,none,0.0,none,"This is a financial term for revenue, not related to ESG.",none,label_none,none,False,False,False,False,False,,,environmental-claims,/home/ubuntu/apps/benchmarks/model_download/models/environmental-claims,Local model,no,0.992304,False,climatebert_multi_20260526T074116Z_df720b,0.071
r007_002,7,2,2026-04-08T02:44:38.216582Z,arcee-ai/trinity-large-preview:free,tone_zero_shot_indonesian.md,AR SR GTRA 2024___pdf/batch_4,AR SR GTRA 2024,True,Beban Pokok Pendapatan,22,3,unknown,none,none,none,none,0.0,none,"This is a financial term for cost of revenue, not related to ESG.",none,label_none,none,False,False,False,False,False,,,environmental-claims,/home/ubuntu/apps/benchmarks/model_download/models/environmental-claims,Local model,no,0.990986,False,climatebert_multi_20260526T074116Z_df720b,0.095
r007_003,7,3,2026-04-08T02:44:38.216582Z,arcee-ai/trinity-large-preview:free,tone_zero_shot_indonesian.md,AR SR GTRA 2024___pdf/batch_4,AR SR GTRA 2024,True,Laba Bruto,10,2,unknown,none,none,none,none,0.0,none,"This is a financial term for gross profit, not related to ESG.",none,label_none,none,False,False,False,False,False,,,environmental-claims,/home/ubuntu/apps/benchmarks/model_download/models/environmental-claims,Local model,no,0.996335,False,climatebert_multi_20260526T074116Z_df720b,0.058
r007_004,7,4,2026-04-08T02:44:38.216582Z,arcee-ai/trinity-large-preview:free,tone_zero_shot_indonesian.md,AR SR GTRA 2024___pdf/batch_4,AR SR GTRA 2024,True,Laba Sebelum Beban Pajak Penghasilan,36,5,unknown,none,none,none,none,0.0,none,"This is a financial term for profit before income tax expense, not related to ESG.",none,label_none,none,False,False,False,False,False,,,environmental-claims,/home/ubuntu/apps/benchmarks/model_download/models/environmental-claims,Local model,no,0.997255,False,climatebert_multi_20260526T074116Z_df720b,0.065
r007_005,7,5,2026-04-08T02:44:38.216582Z,arcee-ai/trinity-large-preview:free,tone_zero_shot_indonesian.md,AR SR GTRA 2024___pdf/batch_4,AR SR GTRA 2024,True,Laba Neto,9,2,unknown,none,none,none,none,0.0,none,"This is a financial term for net profit, not related to ESG.",none,label_none,none,False,False,False,False,False,,,environmental-claims,/home/ubuntu/apps/benchmarks/model_download/models/environmental-claims,Local model,no,0.996539,False,climatebert_multi_20260526T074116Z_df720b,0.094
r007_006,7,6,2026-04-08T02:44:38.216582Z,arcee-ai/trinity-large-preview:free,tone_zero_shot_indonesian.md,AR SR GTRA 2024___pdf/batch_4,AR SR GTRA 2024,True,Rugi Komprehensif Lain - Neto,29,4,unknown,none,none,none,none,0.0,none,"This is a financial term for other comprehensive loss, not related to ESG.",none,label_none,none,False,False,False,False,False,,,environmental-claims,/home/ubuntu/apps/benchmarks/model_download/models/environmental-claims,Local model,no,0.998037,False,climatebert_multi_20260526T074116Z_df720b,0.083
r007_007,7,7,2026-04-08T02:44:38.216582Z,arcee-ai/trinity-large-preview:free,tone_zero_shot_indonesian.md,AR SR GTRA 2024___pdf/batch_4,AR SR GTRA 2024,True,Kerugian kredit ekspektasian adalah perkiraan probabilitas-tertimbang dari kerugian kredit.,91,10,unknown,none,none,none,none,0.0,none,"This is an accounting policy statement, not related to ESG.",none,label_none,none,False,False,False,False,False,,,environmental-claims,/home/ubuntu/apps/benchmarks/model_download/models/environmental-claims,Local model,no,0.997609,False,climatebert_multi_20260526T074116Z_df720b,0.137
r007_008,7,8,2026-04-08T02:44:38.216582Z,arcee-ai/trinity-large-preview:free,tone_zero_shot_indonesian.md,AR SR GTRA 2024___pdf/batch_4,AR SR GTRA 2024,True,Kerugian kredit diukur sebagai nilai sekarang dari semua kekurangan penerimaan kas (yaitu perbedaan antara arus kas terutang dari suatu entitas berdasarkan kontrak dan arus kas yang diharapkan untuk diterima).,209,29,id,none,none,none,none,0.0,none,"This is an accounting policy statement, not related to ESG.",none,label_none,none,False,False,False,False,False,,,environmental-claims,/home/ubuntu/apps/benchmarks/model_download/models/environmental-claims,Local model,no,0.995833,False,climatebert_multi_20260526T074116Z_df720b,0.243
r007_009,7,9,2026-04-08T02:44:38.216582Z,arcee-ai/trinity-large-preview:free,tone_zero_shot_indonesian.md,AR SR GTRA 2024___pdf/batch_4,AR SR GTRA 2024,True,Kerugian kredit ekspektasian didiskontokan pada tingkat bunga efektif dari aset keuangan tersebut.,98,12,unknown,none,none,none,none,0.0,none,"This is an accounting policy statement, not related to ESG.",none,label_none,none,False,False,False,False,False,,,environmental-claims,/home/ubuntu/apps/benchmarks/model_download/models/environmental-claims,Local model,no,0.995323,False,climatebert_multi_20260526T074116Z_df720b,0.142
r007_010,7,10,2026-04-08T02:44:38.216582Z,arcee-ai/trinity-large-preview:free,tone_zero_shot_indonesian.md,AR SR GTRA 2024___pdf/batch_4,AR SR GTRA 2024,True,"Pada saat pengakuan awal, Grup mengukur liabilitas keuangan pada nilai wajar ditambah atau dikurangi, biaya transaksi yang terkait langsung dengan perolehan atau penerbitan liabilitas keuangan.",193,25,id,none,none,none,none,0.0,none,"This is an accounting policy statement, not related to ESG.",none,label_none,none,False,False,False,False,False,,,environmental-claims,/home/ubuntu/apps/benchmarks/model_download/models/environmental-claims,Local model,no,0.996945,False,climatebert_multi_20260526T074116Z_df720b,0.28
r007_011,7,11,2026-04-08T02:44:38.216582Z,arcee-ai/trinity-large-preview:free,tone_zero_shot_indonesian.md,AR SR GTRA 2024___pdf/batch_4,AR SR GTRA 2024,True,Grup mengklasifikasikan semua liabilitas keuangannya ke dalam kategori liabilitas keuangan yang diukur pada biaya perolehan diamortisasi.,137,16,id,none,none,none,none,0.0,none,"This is an accounting policy statement, not related to ESG.",none,label_none,none,False,False,False,False,False,,,environmental-claims,/home/ubuntu/apps/benchmarks/model_download/models/environmental-claims,Local model,no,0.996471,False,climatebert_multi_20260526T074116Z_df720b,0.144
r007_012,7,12,2026-04-08T02:44:38.216582Z,arcee-ai/trinity-large-preview:free,tone_zero_shot_indonesian.md,AR SR GTRA 2024___pdf/batch_4,AR SR GTRA 2024,True,"Setelah pengakuan awal, liabilitas keuangan selanjutnya diukur pada biaya perolehan diamortisasi dengan menggunakan metode suku bunga efektif.",142,17,id,none,none,none,none,0.0,none,"This is an accounting policy statement, not related to ESG.",outcome,lexical_outcome,none,False,False,False,False,False,,,environmental-claims,/home/ubuntu/apps/benchmarks/model_download/models/environmental-claims,Local model,no,0.995452,False,climatebert_multi_20260526T074116Z_df720b,0.186
r007_013,7,13,2026-04-08T02:44:38.216582Z,arcee-ai/trinity-large-preview:free,tone_zero_shot_indonesian.md,AR SR GTRA 2024___pdf/batch_4,AR SR GTRA 2024,True,"Keuntungan atau kerugian diakui dalam laba rugi ketika liabilitas keuangan tersebut dihentikan pengakuannya atau mengalami penurunan nilai, dan melalui proses amortisasi.",170,21,id,none,none,none,none,0.0,none,"This is an accounting policy statement, not related to ESG.",none,label_none,none,False,False,False,False,False,,,environmental-claims,/home/ubuntu/apps/benchmarks/model_download/models/environmental-claims,Local model,no,0.996302,False,climatebert_multi_20260526T074116Z_df720b,0.208
r007_014,7,14,2026-04-08T02:44:38.216582Z,arcee-ai/trinity-large-preview:free,tone_zero_shot_indonesian.md,AR SR GTRA 2024___pdf/batch_4,AR SR GTRA 2024,True,"Grup mengeluarkan liabilitas keuangan dari laporan posisi keuangan konsolidasiannya jika, dan hanya jika, kewajiban yang ditetapkan dalam kontrak dilepaskan atau dibatalkan atau kedaluwarsa.",190,23,id,none,none,none,none,0.0,none,"This is an accounting policy statement, not related to ESG.",none,label_none,none,False,False,False,False,False,,,environmental-claims,/home/ubuntu/apps/benchmarks/model_download/models/environmental-claims,Local model,no,0.995143,False,climatebert_multi_20260526T074116Z_df720b,0.338
r007_015,7,15,2026-04-08T02:44:38.216582Z,arcee-ai/trinity-large-preview:free,tone_zero_shot_indonesian.md,AR SR GTRA 2024___pdf/batch_4,AR SR GTRA 2024,True,"Selisih antara jumlah tercatat liabilitas keuangan yang berakhir atau yang dialihkan ke pihak lain, dan imbalan yang dibayarkan, termasuk aset nonkas yang dialihkan atau liabilitas yang ditanggung diakui dalam laba rugi.",220,31,id,none,none,none,none,0.0,none,"This is an accounting policy statement, not related to ESG.",none,label_none,none,False,False,False,False,False,,,environmental-claims,/home/ubuntu/apps/benchmarks/model_download/models/environmental-claims,Local model,no,0.996651,False,climatebert_multi_20260526T074116Z_df720b,0.446
r007_016,7,16,2026-04-08T02:44:38.216582Z,arcee-ai/trinity-large-preview:free,tone_zero_shot_indonesian.md,AR SR GTRA 2024___pdf/batch_4,AR SR GTRA 2024,True,"Aset keuangan dan liabilitas keuangan saling hapus dan jumlah netonya dilaporkan dalam laporan posisi keuangan konsolidasian jika, dan hanya jika, saat ini memiliki hak yang berkekuatan hukum untuk melakukan saling hapus atas jumlah yang telah diakui dan terdapat niat untuk menyelesaikannya secara neto, atau untuk merealisasikan aset dan menyelesaikan liabilitasnya secara simultan.",384,52,id,none,none,none,none,0.0,none,"This is an accounting policy statement, not related to ESG.",outcome,lexical_outcome,none,False,False,False,False,False,,,environmental-claims,/home/ubuntu/apps/benchmarks/model_download/models/environmental-claims,Local model,no,0.995966,False,climatebert_multi_20260526T074116Z_df720b,0.553
r007_017,7,17,2026-04-08T02:44:38.216582Z,arcee-ai/trinity-large-preview:free,tone_zero_shot_indonesian.md,AR SR GTRA 2024___pdf/batch_4,AR SR GTRA 2024,True,"Nilai wajar instrumen keuangan yang diperdagangkan di pasar aktif pada setiap tanggal pelaporan ditentukan dengan mengacu pada kuotasi harga pasar atau kuotasi harga pedagang efek (harga penawaran untuk posisi beli dan harga permintaan untuk posisi jual), tidak termasuk pengurangan apapun untuk biaya transaksi.",312,43,id,none,none,none,none,0.0,none,"This is an accounting policy statement, not related to ESG.",none,label_none,none,False,False,False,False,False,,,environmental-claims,/home/ubuntu/apps/benchmarks/model_download/models/environmental-claims,Local model,no,0.995697,False,climatebert_multi_20260526T074116Z_df720b,0.433
r007_018,7,18,2026-04-08T02:44:38.216582Z,arcee-ai/trinity-large-preview:free,tone_zero_shot_indonesian.md,AR SR GTRA 2024___pdf/batch_4,AR SR GTRA 2024,True,"Untuk instrumen keuangan yang tidak memiliki pasar aktif, nilai wajar ditentukan dengan menggunakan teknik penilaian.",117,15,id,none,none,none,none,0.0,none,"This is an accounting policy statement, not related to ESG.",commitment,lexical_or_climate_commitment,none,False,False,False,False,False,,,environmental-claims,/home/ubuntu/apps/benchmarks/model_download/models/environmental-claims,Local model,no,0.995876,False,climatebert_multi_20260526T074116Z_df720b,0.134
r007_019,7,19,2026-04-08T02:44:38.216582Z,arcee-ai/trinity-large-preview:free,tone_zero_shot_indonesian.md,AR SR GTRA 2024___pdf/batch_4,AR SR GTRA 2024,True,"Teknik penilaian mencakup penggunaan transaksi pasar terkini yang dilakukan secara wajar oleh pihak-pihak yang berkeinginan dan memahami (recent arm's length market transactions), penggunaan nilai wajar terkini instrumen lain yang secara substansial sama, analisa arus kas yang didiskonto, atau model penilaian lain.",316,43,id,none,none,none,none,0.0,none,"This is an accounting policy statement, not related to ESG.",none,label_none,none,False,False,False,False,False,,,environmental-claims,/home/ubuntu/apps/benchmarks/model_download/models/environmental-claims,Local model,no,0.998398,False,climatebert_multi_20260526T074116Z_df720b,0.364
r007_020,7,20,2026-04-08T02:44:38.216582Z,arcee-ai/trinity-large-preview:free,tone_zero_shot_indonesian.md,AR SR GTRA 2024___pdf/batch_4,AR SR GTRA 2024,True,"Imbalan kerja jangka pendek merupakan kompensasi yang diberikan oleh Grup seperti gaji, tunjangan, bonus dan pembayaran manfaat pensiun, yang diakui pada saat terutang kepada karyawan.",184,25,id,none,none,none,none,0.0,none,"This is an accounting policy statement, not related to ESG.",commitment,lexical_or_climate_commitment,none,False,False,False,False,False,,,environmental-claims,/home/ubuntu/apps/benchmarks/model_download/models/environmental-claims,Local model,no,0.995571,False,climatebert_multi_20260526T074116Z_df720b,0.373
r012_000,12,0,2026-04-08T02:44:57.770079Z,arcee-ai/trinity-large-preview:free,tone_zero_shot_english.md,20250526113828-2025-05-26ptba_laporan_berkelanjutan113825_pdf/batch_4,20250526113828-2025-05-26ptba_laporan_berkelanjutan113825,True,"PTBA berkomitmen mendukung target Pemerintah mencapai nol emisi. PTBA juga berkomitmen untuk menjalankan bisnis berkelanjutan dengan menerapkan keselarasan antara aspek Environmental, Social, and Governance (ESG).",213,25,mixed,climate-commitment,e,commitment,neutral,0.0,climate-commitment|climate-d|climate-specificity,Explicit commitment to support government's net-zero emission target and sustainable business with ESG alignment.,outcome,lexical_outcome,commitment,False,False,True,False,True,,,environmental-claims,/home/ubuntu/apps/benchmarks/model_download/models/environmental-claims,Local model,no,0.997998,False,climatebert_multi_20260526T074116Z_df720b,0.33
r012_001,12,1,2026-04-08T02:44:57.770079Z,arcee-ai/trinity-large-preview:free,tone_zero_shot_english.md,20250526113828-2025-05-26ptba_laporan_berkelanjutan113825_pdf/batch_4,20250526113828-2025-05-26ptba_laporan_berkelanjutan113825,True,"Untuk mendukung itu, Perseroan senantiasa melakukan berbagai optimasi menuju pertambangan yang lebih ramah lingkungan. Langkah nyata yang diambil antara lain menerapkan eco, mechanized mining yaitu mengganti peralatan pertambangan yang menggunakan bahan bakar fosil menjadi elektrik, e-mining reporting system yaitu, system pelaporan produksi secara real time dan daring dan berbagai program manajemen karbon di area operasional penambangan.",441,57,id,environmental-claims,e,action,positive,1.0,environmental-claims|climate-d|climate-specificity,Concrete actions taken to optimize environmentally friendly mining including eco-mechanized mining and carbon management programs.,commitment,lexical_or_climate_commitment,action,False,False,False,True,True,,,environmental-claims,/home/ubuntu/apps/benchmarks/model_download/models/environmental-claims,Local model,no,0.997996,False,climatebert_multi_20260526T074116Z_df720b,0.421
r012_002,12,2,2026-04-08T02:44:57.770079Z,arcee-ai/trinity-large-preview:free,tone_zero_shot_english.md,20250526113828-2025-05-26ptba_laporan_berkelanjutan113825_pdf/batch_4,20250526113828-2025-05-26ptba_laporan_berkelanjutan113825,True,"Perseroan juga menciptakan sinergi dan kerja sama dengan berbagai mitra strategis dalam mewujudkan energi bersih seperti pengembangan PLTS, PLTB, tanaman Kaliandra untuk mengurangi emisi karbon dan menjadi simpanan biomassa untuk diolah menjadi wood pellet sebagai bahan campuran co-firing di PLTU serta Carbon Capture, Utilization (CCU) atau penangkapan karbon dioksida dan dikonversi menjadi methanol.",403,54,id,climate-action,e,action,positive,1.0,climate-action|climate-d|climate-specificity,"Specific actions to develop clean energy including solar/wind power plants, biomass, and carbon capture utilization.",commitment,lexical_or_climate_commitment,action,False,False,False,False,True,,,environmental-claims,/home/ubuntu/apps/benchmarks/model_download/models/environmental-claims,Local model,no,0.99694,False,climatebert_multi_20260526T074116Z_df720b,0.391
r012_003,12,3,2026-04-08T02:44:57.770079Z,arcee-ai/trinity-large-preview:free,tone_zero_shot_english.md,20250526113828-2025-05-26ptba_laporan_berkelanjutan113825_pdf/batch_4,20250526113828-2025-05-26ptba_laporan_berkelanjutan113825,True,"PTBA berkomitmen mendukung target Pemerintah mencapai Emisi Nol Bersih atau Net Zero Emission pada 2060. Dengan visi menjadi perusahaan energi kelas dunia, PTBA telah memiliki roadmap manajemen karbon hingga 2050, baik bersifat pengurangan emisi (reducing emission sources/ maupun peningkatan penyerapan emisi (increase carbon sinks).",334,44,id,netzero-reduction,e,commitment,neutral,0.0,netzero-reduction|climate-commitment|climate-d,Explicit commitment to support government's Net Zero Emission target by 2060 with carbon management roadmap until 2050.,outcome,lexical_outcome,commitment,False,False,True,False,True,,,environmental-claims,/home/ubuntu/apps/benchmarks/model_download/models/environmental-claims,Local model,no,0.985775,False,climatebert_multi_20260526T074116Z_df720b,0.53
r012_004,12,4,2026-04-08T02:44:57.770079Z,arcee-ai/trinity-large-preview:free,tone_zero_shot_english.md,20250526113828-2025-05-26ptba_laporan_berkelanjutan113825_pdf/batch_4,20250526113828-2025-05-26ptba_laporan_berkelanjutan113825,True,"Berdasarkan manajemen karbon hingga 2050, terdapat 3 (tiga) pendekatan yang dilakukan PTBA, yaitu dekarbonisasi operasi, reklamasi, dan studi CCU (carbon capture, and utilization). Dengan langkah ini, PTBA optimis dapat menjadi Perusahaan yang berkelanjutan dan terus berkontribusi dalam pencapaian Net Zero Emission.",317,41,mixed,climate-action,e,action,positive,1.0,climate-action|climate-d|climate-specificity,"Specific approaches to carbon management including operational decarbonization, reclamation, and CCU studies.",action,lexical_or_climate_action,action,False,False,False,False,True,,,environmental-claims,/home/ubuntu/apps/benchmarks/model_download/models/environmental-claims,Local model,no,0.994712,False,climatebert_multi_20260526T074116Z_df720b,0.346
r012_005,12,5,2026-04-08T02:44:57.770079Z,arcee-ai/trinity-large-preview:free,tone_zero_shot_english.md,20250526113828-2025-05-26ptba_laporan_berkelanjutan113825_pdf/batch_4,20250526113828-2025-05-26ptba_laporan_berkelanjutan113825,True,"PTBA secara aktif telah memberikan pengetahuan kepada karyawan terkait SPP/WBS yang disalurkan melalui medial email serta dipublikasikan melalui sosial media perusahaan. Sejalan dengan hal tersebut, untuk mendukung pemanfaatan SPP/WBS secara optimal, PTBA berkomitmen untuk melindungi pelapor pelanggaran yang beritikad baik.",325,42,id,governance,g,commitment,neutral,0.0,governance|climate-d,Commitment to protect whistleblowers as part of governance policy.,outcome,lexical_outcome,commitment,False,False,False,False,True,,,environmental-claims,/home/ubuntu/apps/benchmarks/model_download/models/environmental-claims,Local model,no,0.996853,False,climatebert_multi_20260526T074116Z_df720b,0.42
r012_006,12,6,2026-04-08T02:44:57.770079Z,arcee-ai/trinity-large-preview:free,tone_zero_shot_english.md,20250526113828-2025-05-26ptba_laporan_berkelanjutan113825_pdf/batch_4,20250526113828-2025-05-26ptba_laporan_berkelanjutan113825,True,"Sebaliknya, Perusahaan akan memberikan sanksi bagi pelapor yang membuka kerahasiaan komunikasi dan informasi yang timbul dalam proses penanganan pelaporan dan pelapor yang menyampaikan laporan yang tidak benar kepada laporan yang bersifat fitnah kepada palsu.",259,34,id,governance,g,action,neutral,0.0,governance|climate-d,Action to impose sanctions on whistleblowers who violate confidentiality or submit false reports.,commitment,lexical_or_climate_commitment,action,False,False,False,False,True,,,environmental-claims,/home/ubuntu/apps/benchmarks/model_download/models/environmental-claims,Local model,no,0.992862,False,climatebert_multi_20260526T074116Z_df720b,0.295
r012_007,12,7,2026-04-08T02:44:57.770079Z,arcee-ai/trinity-large-preview:free,tone_zero_shot_english.md,20250526113828-2025-05-26ptba_laporan_berkelanjutan113825_pdf/batch_4,20250526113828-2025-05-26ptba_laporan_berkelanjutan113825,True,"Untuk mendukung proses penanganan laporan pengaduan dan mendapatkan hasil yang maksimal, pelapor wajib menandatangani pakta integritas yang menyatakan akan menjaga kerahasiaan informasi yang timbul dalam proses penanganan pelaporan dan kebenaran atas laporan.",259,32,id,governance,g,action,neutral,0.0,governance|climate-d,Action requiring whistleblowers to sign integrity pact to maintain confidentiality and report accuracy.,commitment,lexical_or_climate_commitment,action,False,False,False,False,True,,,environmental-claims,/home/ubuntu/apps/benchmarks/model_download/models/environmental-claims,Local model,no,0.994011,False,climatebert_multi_20260526T074116Z_df720b,0.258
r012_008,12,8,2026-04-08T02:44:57.770079Z,arcee-ai/trinity-large-preview:free,tone_zero_shot_english.md,20250526113828-2025-05-26ptba_laporan_berkelanjutan113825_pdf/batch_4,20250526113828-2025-05-26ptba_laporan_berkelanjutan113825,True,"Pelaporan Pelanggaran dapat disampaikan kepada Perusahaan melalui media yang telah disediakan, yaitu: Website : http://www.ptba.co.id Email : spp@bukitasam.co.id Telepon : +62 21 527 4635",187,28,id,governance,g,action,neutral,0.0,governance|climate-d,Action providing multiple channels for reporting violations.,outcome,lexical_outcome,action,False,False,False,False,True,,,environmental-claims,/home/ubuntu/apps/benchmarks/model_download/models/environmental-claims,Local model,no,0.997894,False,climatebert_multi_20260526T074116Z_df720b,0.311
r012_009,12,9,2026-04-08T02:44:57.770079Z,arcee-ai/trinity-large-preview:free,tone_zero_shot_english.md,20250526113828-2025-05-26ptba_laporan_berkelanjutan113825_pdf/batch_4,20250526113828-2025-05-26ptba_laporan_berkelanjutan113825,True,"Selama tahun 2024, terdapat 5 (lima) laporan dugaan pelanggaran yang masuk melalui SPP/WBS, baik yang disampaikan melalui email, surat, telepon, faksimile, ataupun website Perusahaan.",183,25,id,governance,g,outcome,neutral,0.0,governance|climate-d,Outcome showing 5 violation reports received through various channels in 2024.,none,fallback_none,outcome,False,False,False,False,True,,,environmental-claims,/home/ubuntu/apps/benchmarks/model_download/models/environmental-claims,Local model,no,0.997714,False,climatebert_multi_20260526T074116Z_df720b,0.265
r012_010,12,10,2026-04-08T02:44:57.770079Z,arcee-ai/trinity-large-preview:free,tone_zero_shot_english.md,20250526113828-2025-05-26ptba_laporan_berkelanjutan113825_pdf/batch_4,20250526113828-2025-05-26ptba_laporan_berkelanjutan113825,True,"Berdasarkan laporan pengaduan pelanggaran yang masuk ke Perusahaan yaitu sebanyak 5 (lima) pengaduan sampai akhir tahun 2024, seluruh laporan yang masuk tersebut telah selesai ditindaklanjuti.",192,25,id,governance,g,outcome,positive,1.0,governance|climate-d,Outcome showing all 5 violation reports were followed up and processed.,outcome,lexical_outcome,outcome,False,False,False,False,True,,,environmental-claims,/home/ubuntu/apps/benchmarks/model_download/models/environmental-claims,Local model,no,0.996302,False,climatebert_multi_20260526T074116Z_df720b,0.319
r014_000,14,0,2026-04-08T02:44:58.986814Z,arcee-ai/trinity-large-preview:free,tone_chain_of_thought_indonesian.md,icr-sustainability-23-24_pdf/batch_6,icr-sustainability-23-24,True,"The ICR has set an ambitious target of achieving net zero across all three scopes by 2040, and achieving an interim reduction of 42% by 2030.",141,26,en,climate-commitment,e,commitment,neutral,0.0,climate-commitment|netzero-reduction|climate-f,Statement about future targets without current action or outcome.,commitment,lexical_or_climate_commitment,commitment,False,False,True,False,False,,,environmental-claims,/home/ubuntu/apps/benchmarks/model_download/models/environmental-claims,Local model,yes,0.963934,True,climatebert_multi_20260526T074116Z_df720b,0.154
r014_001,14,1,2026-04-08T02:44:58.986814Z,arcee-ai/trinity-large-preview:free,tone_chain_of_thought_indonesian.md,icr-sustainability-23-24_pdf/batch_6,icr-sustainability-23-24,True,"Thanks to activities such as a new energy management system and research led energy saving behaviours, the ICR's emissions from direct sources (Scope 1) and indirect sources (Scope 2) have decreased by 16% since 2018/19.",220,37,en,climate-action,e,action,positive,0.8,climate-action|metrics|climate-sentiment,Describes specific actions taken and their positive outcome in reducing emissions.,action,lexical_or_climate_action,action,False,False,False,False,False,,,environmental-claims,/home/ubuntu/apps/benchmarks/model_download/models/environmental-claims,Local model,yes,0.867316,True,climatebert_multi_20260526T074116Z_df720b,0.239
r014_002,14,2,2026-04-08T02:44:58.986814Z,arcee-ai/trinity-large-preview:free,tone_chain_of_thought_indonesian.md,icr-sustainability-23-24_pdf/batch_6,icr-sustainability-23-24,True,"Business travel has seen a further bounce back this year, with increased travel to conferences the ICR has implemented a new policy of no domestic UK flights where a better sustainable alternative is available.",210,34,en,climate-action,e,commitment,neutral,0.0,climate-action|climate-commitment,Describes a new policy commitment but no outcome yet.,commitment,lexical_or_climate_commitment,commitment,False,False,True,False,False,,,environmental-claims,/home/ubuntu/apps/benchmarks/model_download/models/environmental-claims,Local model,no,0.995568,False,climatebert_multi_20260526T074116Z_df720b,0.184
r014_003,14,3,2026-04-08T02:44:58.986814Z,arcee-ai/trinity-large-preview:free,tone_chain_of_thought_indonesian.md,icr-sustainability-23-24_pdf/batch_6,icr-sustainability-23-24,True,"There has been small decrease in waste emissions compared to the baseline year of 2018/29, with fluctuations in waste volumes in the intervening years due to the pandemic and large construction projects.",203,33,en,climate-action,missing,missing,missing,,,Describes a small positive outcome in waste emissions reduction.,none,fallback_none,none,True,True,False,False,False,,,environmental-claims,/home/ubuntu/apps/benchmarks/model_download/models/environmental-claims,Local model,no,0.998829,False,climatebert_multi_20260526T074116Z_df720b,0.169
r014_004,14,4,2026-04-08T02:44:58.986814Z,arcee-ai/trinity-large-preview:free,tone_chain_of_thought_indonesian.md,icr-sustainability-23-24_pdf/batch_6,icr-sustainability-23-24,True,The ICR continues to be zero waste directly to landfill and is going out to tender for a new waste contract in 2025.,116,23,en,climate-action,e,commitment,neutral,0.0,climate-action|climate-commitment,Describes ongoing commitment to waste management without current outcome.,commitment,lexical_or_climate_commitment,commitment,False,False,True,False,False,,,environmental-claims,/home/ubuntu/apps/benchmarks/model_download/models/environmental-claims,Local model,no,0.98849,False,climatebert_multi_20260526T074116Z_df720b,0.226
r014_005,14,5,2026-04-08T02:44:58.986814Z,arcee-ai/trinity-large-preview:free,tone_chain_of_thought_indonesian.md,icr-sustainability-23-24_pdf/batch_6,icr-sustainability-23-24,True,Carbon emissions from purchased goods and services have decreased by 6% compared to the baseline year of 2018/19.,113,19,en,climate-action,e,outcome,positive,0.8,climate-action|metrics|climate-sentiment,Describes a positive outcome in reducing emissions from purchased goods and services.,action,lexical_or_climate_action,outcome,False,False,False,False,False,,,environmental-claims,/home/ubuntu/apps/benchmarks/model_download/models/environmental-claims,Local model,no,0.985257,False,climatebert_multi_20260526T074116Z_df720b,0.116
r014_006,14,6,2026-04-08T02:44:58.986814Z,arcee-ai/trinity-large-preview:free,tone_chain_of_thought_indonesian.md,icr-sustainability-23-24_pdf/batch_6,icr-sustainability-23-24,True,"The ICR has successfully retained certification to ISO14001, an international standard that sets out the requirements for an environmental management system, since 2013 as part of our integrated management system.",213,30,en,governance,g,outcome,positive,0.8,governance|climate-sentiment,"Describes successful retention of environmental certification, indicating positive governance outcome.",outcome,lexical_outcome,outcome,False,False,False,False,False,,,environmental-claims,/home/ubuntu/apps/benchmarks/model_download/models/environmental-claims,Local model,no,0.974614,False,climatebert_multi_20260526T074116Z_df720b,0.295
r014_007,14,7,2026-04-08T02:44:58.986814Z,arcee-ai/trinity-large-preview:free,tone_chain_of_thought_indonesian.md,icr-sustainability-23-24_pdf/batch_6,icr-sustainability-23-24,True,The ICR is proud to be a signatory to this Concordat.,53,11,en,governance,g,outcome,positive,0.8,governance|climate-sentiment,"Describes pride in being a signatory, indicating positive sentiment towards governance commitment.",none,fallback_none,outcome,False,False,False,False,False,,,environmental-claims,/home/ubuntu/apps/benchmarks/model_download/models/environmental-claims,Local model,no,0.998174,False,climatebert_multi_20260526T074116Z_df720b,0.116
r014_008,14,8,2026-04-08T02:44:58.986814Z,arcee-ai/trinity-large-preview:free,tone_chain_of_thought_indonesian.md,icr-sustainability-23-24_pdf/batch_6,icr-sustainability-23-24,True,"The ICR has set an ambitious target of achieving net zero across all three scopes by 2040, and achieving an interim reduction of 42% by 2030.",141,26,en,climate-commitment,e,commitment,neutral,0.0,climate-commitment|netzero-reduction|climate-f,Statement about future targets without current action or outcome.,commitment,lexical_or_climate_commitment,commitment,False,False,True,False,False,,,environmental-claims,/home/ubuntu/apps/benchmarks/model_download/models/environmental-claims,Local model,yes,0.963934,True,climatebert_multi_20260526T074116Z_df720b,0.139
r014_009,14,9,2026-04-08T02:44:58.986814Z,arcee-ai/trinity-large-preview:free,tone_chain_of_thought_indonesian.md,icr-sustainability-23-24_pdf/batch_6,icr-sustainability-23-24,True,"Thanks to activities such as a new energy management system and research led energy saving behaviours, the ICR's emissions from direct sources (Scope 1) and indirect sources (Scope 2) have decreased by 16% since 2018/19.",220,37,en,climate-action,e,action,positive,0.8,climate-action|metrics|climate-sentiment,Describes specific actions taken and their positive outcome in reducing emissions.,action,lexical_or_climate_action,action,False,False,False,False,False,,,environmental-claims,/home/ubuntu/apps/benchmarks/model_download/models/environmental-claims,Local model,yes,0.867316,True,climatebert_multi_20260526T074116Z_df720b,0.214
r014_010,14,10,2026-04-08T02:44:58.986814Z,arcee-ai/trinity-large-preview:free,tone_chain_of_thought_indonesian.md,icr-sustainability-23-24_pdf/batch_6,icr-sustainability-23-24,True,"Business travel has seen a further bounce back this year, with increased travel to conferences the ICR has implemented a new policy of no domestic UK flights where a better sustainable alternative is available.",210,34,en,climate-action,e,commitment,neutral,0.0,climate-action|climate-commitment,Describes a new policy commitment but no outcome yet.,commitment,lexical_or_climate_commitment,commitment,False,False,True,False,False,,,environmental-claims,/home/ubuntu/apps/benchmarks/model_download/models/environmental-claims,Local model,no,0.995568,False,climatebert_multi_20260526T074116Z_df720b,0.159
r014_011,14,11,2026-04-08T02:44:58.986814Z,arcee-ai/trinity-large-preview:free,tone_chain_of_thought_indonesian.md,icr-sustainability-23-24_pdf/batch_6,icr-sustainability-23-24,True,"There has been small decrease in waste emissions compared to the baseline year of 2018/29, with fluctuations in waste volumes in the intervening years due to the pandemic and large construction projects.",203,33,en,climate-action,e,outcome,positive,0.6,climate-action|metrics|climate-sentiment,Describes a small positive outcome in waste emissions reduction.,action,lexical_or_climate_action,outcome,False,False,False,False,False,,,environmental-claims,/home/ubuntu/apps/benchmarks/model_download/models/environmental-claims,Local model,no,0.998829,False,climatebert_multi_20260526T074116Z_df720b,0.214
r014_012,14,12,2026-04-08T02:44:58.986814Z,arcee-ai/trinity-large-preview:free,tone_chain_of_thought_indonesian.md,icr-sustainability-23-24_pdf/batch_6,icr-sustainability-23-24,True,The ICR continues to be zero waste directly to landfill and is going out to tender for a new waste contract in 2025.,116,23,en,climate-action,e,commitment,neutral,0.0,climate-action|climate-commitment,Describes ongoing commitment to waste management without current outcome.,commitment,lexical_or_climate_commitment,commitment,False,False,True,False,False,,,environmental-claims,/home/ubuntu/apps/benchmarks/model_download/models/environmental-claims,Local model,no,0.98849,False,climatebert_multi_20260526T074116Z_df720b,0.17
r014_013,14,13,2026-04-08T02:44:58.986814Z,arcee-ai/trinity-large-preview:free,tone_chain_of_thought_indonesian.md,icr-sustainability-23-24_pdf/batch_6,icr-sustainability-23-24,True,Carbon emissions from purchased goods and services have decreased by 6% compared to the baseline year of 2018/19.,113,19,en,climate-action,e,outcome,positive,0.8,climate-action|metrics|climate-sentiment,Describes a positive outcome in reducing emissions from purchased goods and services.,action,lexical_or_climate_action,outcome,False,False,False,False,False,,,environmental-claims,/home/ubuntu/apps/benchmarks/model_download/models/environmental-claims,Local model,no,0.985257,False,climatebert_multi_20260526T074116Z_df720b,0.165
r014_014,14,14,2026-04-08T02:44:58.986814Z,arcee-ai/trinity-large-preview:free,tone_chain_of_thought_indonesian.md,icr-sustainability-23-24_pdf/batch_6,icr-sustainability-23-24,True,"The ICR has successfully retained certification to ISO14001, an international standard that sets out the requirements for an environmental management system, since 2013 as part of our integrated management system.",213,30,en,governance,g,outcome,positive,0.8,governance|climate-sentiment,"Describes successful retention of environmental certification, indicating positive governance outcome.",outcome,lexical_outcome,outcome,False,False,False,False,False,,,environmental-claims,/home/ubuntu/apps/benchmarks/model_download/models/environmental-claims,Local model,no,0.974614,False,climatebert_multi_20260526T074116Z_df720b,0.215
r014_015,14,15,2026-04-08T02:44:58.986814Z,arcee-ai/trinity-large-preview:free,tone_chain_of_thought_indonesian.md,icr-sustainability-23-24_pdf/batch_6,icr-sustainability-23-24,True,The ICR is proud to be a signatory to this Concordat.,53,11,en,governance,g,outcome,positive,0.8,governance|climate-sentiment,"Describes pride in being a signatory, indicating positive sentiment towards governance commitment.",none,fallback_none,outcome,False,False,False,False,False,,,environmental-claims,/home/ubuntu/apps/benchmarks/model_download/models/environmental-claims,Local model,no,0.998174,False,climatebert_multi_20260526T074116Z_df720b,0.155
r014_016,14,16,2026-04-08T02:44:58.986814Z,arcee-ai/trinity-large-preview:free,tone_chain_of_thought_indonesian.md,icr-sustainability-23-24_pdf/batch_6,icr-sustainability-23-24,True,"The ICR has set an ambitious target of achieving net zero across all three scopes by 2040, and achieving an interim reduction of 42% by 2030.",141,26,en,climate-commitment,e,commitment,neutral,0.0,climate-commitment|netzero-reduction|climate-f,Statement about future targets without current action or outcome.,commitment,lexical_or_climate_commitment,commitment,False,False,True,False,False,,,environmental-claims,/home/ubuntu/apps/benchmarks/model_download/models/environmental-claims,Local model,yes,0.963934,True,climatebert_multi_20260526T074116Z_df720b,0.236
r014_017,14,17,2026-04-08T02:44:58.986814Z,arcee-ai/trinity-large-preview:free,tone_chain_of_thought_indonesian.md,icr-sustainability-23-24_pdf/batch_6,icr-sustainability-23-24,True,"Thanks to activities such as a new energy management system and research led energy saving behaviours, the ICR's emissions from direct sources (Scope 1) and indirect sources (Scope 2) have decreased by 16% since 2018/19.",220,37,en,climate-action,e,action,positive,0.8,climate-action|metrics|climate-sentiment,Describes specific actions taken and their positive outcome in reducing emissions.,action,lexical_or_climate_action,action,False,False,False,False,False,,,environmental-claims,/home/ubuntu/apps/benchmarks/model_download/models/environmental-claims,Local model,yes,0.867316,True,climatebert_multi_20260526T074116Z_df720b,0.346
r014_018,14,18,2026-04-08T02:44:58.986814Z,arcee-ai/trinity-large-preview:free,tone_chain_of_thought_indonesian.md,icr-sustainability-23-24_pdf/batch_6,icr-sustainability-23-24,True,"Business travel has seen a further bounce back this year, with increased travel to conferences the ICR has implemented a new policy of no domestic UK flights where a better sustainable alternative is available.",210,34,en,climate-action,e,commitment,neutral,0.0,climate-action|climate-commitment,Describes a new policy commitment but no outcome yet.,commitment,lexical_or_climate_commitment,commitment,False,False,True,False,False,,,environmental-claims,/home/ubuntu/apps/benchmarks/model_download/models/environmental-claims,Local model,no,0.995568,False,climatebert_multi_20260526T074116Z_df720b,0.288
r014_019,14,19,2026-04-08T02:44:58.986814Z,arcee-ai/trinity-large-preview:free,tone_chain_of_thought_indonesian.md,icr-sustainability-23-24_pdf/batch_6,icr-sustainability-23-24,True,"There has been small decrease in waste emissions compared to the baseline year of 2018/29, with fluctuations in waste volumes in the intervening years due to the pandemic and large construction projects.",203,33,en,climate-action,e,outcome,positive,0.6,climate-action|metrics|climate-sentiment,Describes a small positive outcome in waste emissions reduction.,action,lexical_or_climate_action,outcome,False,False,False,False,False,,,environmental-claims,/home/ubuntu/apps/benchmarks/model_download/models/environmental-claims,Local model,no,0.998829,False,climatebert_multi_20260526T074116Z_df720b,0.261
r014_020,14,20,2026-04-08T02:44:58.986814Z,arcee-ai/trinity-large-preview:free,tone_chain_of_thought_indonesian.md,icr-sustainability-23-24_pdf/batch_6,icr-sustainability-23-24,True,The ICR continues to be zero waste directly to landfill and is going out to tender for a new waste contract in 2025.,116,23,en,climate-action,e,commitment,neutral,0.0,climate-action|climate-commitment,Describes ongoing commitment to waste management without current outcome.,commitment,lexical_or_climate_commitment,commitment,False,False,True,False,False,,,environmental-claims,/home/ubuntu/apps/benchmarks/model_download/models/environmental-claims,Local model,no,0.98849,False,climatebert_multi_20260526T074116Z_df720b,0.2
r014_021,14,21,2026-04-08T02:44:58.986814Z,arcee-ai/trinity-large-preview:free,tone_chain_of_thought_indonesian.md,icr-sustainability-23-24_pdf/batch_6,icr-sustainability-23-24,True,Carbon emissions from purchased goods and services have decreased by 6% compared to the baseline year of 2018/19.,113,19,en,climate-action,e,outcome,positive,0.8,climate-action|metrics|climate-sentiment,Describes a positive outcome in reducing emissions from purchased goods and services.,action,lexical_or_climate_action,outcome,False,False,False,False,False,,,environmental-claims,/home/ubuntu/apps/benchmarks/model_download/models/environmental-claims,Local model,no,0.985257,False,climatebert_multi_20260526T074116Z_df720b,0.277
r014_022,14,22,2026-04-08T02:44:58.986814Z,arcee-ai/trinity-large-preview:free,tone_chain_of_thought_indonesian.md,icr-sustainability-23-24_pdf/batch_6,icr-sustainability-23-24,True,"The ICR has successfully retained certification to ISO14001, an international standard that sets out the requirements for an environmental management system, since 2013 as part of our integrated management system.",213,30,en,governance,g,outcome,positive,0.8,governance|climate-sentiment,"Describes successful retention of environmental certification, indicating positive governance outcome.",outcome,lexical_outcome,outcome,False,False,False,False,False,,,environmental-claims,/home/ubuntu/apps/benchmarks/model_download/models/environmental-claims,Local model,no,0.974614,False,climatebert_multi_20260526T074116Z_df720b,0.323
r014_023,14,23,2026-04-08T02:44:58.986814Z,arcee-ai/trinity-large-preview:free,tone_chain_of_thought_indonesian.md,icr-sustainability-23-24_pdf/batch_6,icr-sustainability-23-24,True,The ICR is proud to be a signatory to this Concordat.,53,11,en,governance,g,outcome,positive,0.8,governance|climate-sentiment,"Describes pride in being a signatory, indicating positive sentiment towards governance commitment.",none,fallback_none,outcome,False,False,False,False,False,,,environmental-claims,/home/ubuntu/apps/benchmarks/model_download/models/environmental-claims,Local model,no,0.998174,False,climatebert_multi_20260526T074116Z_df720b,0.215
r025_000,25,0,2026-04-08T02:46:34.453805Z,arcee-ai/trinity-large-preview:free,tone_zero_shot_indonesian.md,20250526113828-2025-05-26ptba_laporan_berkelanjutan113825_pdf/batch_5,20250526113828-2025-05-26ptba_laporan_berkelanjutan113825,True,"PTBA berkomitmen mendukung target Pemerintah mencapai nol emisi. PTBA juga berkomitmen untuk menjalankan bisnis berkelanjutan dengan menerapkan keselarasan antara aspek Environmental, Social, and Governance (ESG).",213,25,mixed,komitmen esg,g,commitment,neutral,0.0,climate-commitment|governance,Pernyataan komitmen terhadap target pemerintah dan penerapan ESG menunjukkan niat masa depan tanpa hasil terukur.,outcome,lexical_outcome,commitment,False,False,True,False,False,,,environmental-claims,/home/ubuntu/apps/benchmarks/model_download/models/environmental-claims,Local model,no,0.997998,False,climatebert_multi_20260526T074116Z_df720b,0.343
r025_001,25,1,2026-04-08T02:46:34.453805Z,arcee-ai/trinity-large-preview:free,tone_zero_shot_indonesian.md,20250526113828-2025-05-26ptba_laporan_berkelanjutan113825_pdf/batch_5,20250526113828-2025-05-26ptba_laporan_berkelanjutan113825,True,Perseroan senantiasa melakukan berbagai optimasi menuju pertambangan yang lebih ramah lingkungan.,97,11,id,optimasi lingkungan,e,action,neutral,0.0,environmental-claims,Tindakan yang sedang dilakukan untuk menuju pertambangan ramah lingkungan tanpa hasil terukur.,action,lexical_or_climate_action,action,False,False,False,True,False,,,environmental-claims,/home/ubuntu/apps/benchmarks/model_download/models/environmental-claims,Local model,no,0.997038,False,climatebert_multi_20260526T074116Z_df720b,0.197
r025_002,25,2,2026-04-08T02:46:34.453805Z,arcee-ai/trinity-large-preview:free,tone_zero_shot_indonesian.md,20250526113828-2025-05-26ptba_laporan_berkelanjutan113825_pdf/batch_5,20250526113828-2025-05-26ptba_laporan_berkelanjutan113825,True,"Langkah nyata yang diambil antara lain menerapkan eco, mechanized mining yaitu mengganti peralatan pertambangan yang menggunakan bahan bakar fosil menjadi elektrik, e-mining reporting system yaitu, system pelaporan produksi secara real time dan daring dan berbagai program manajemen karbon di area operasional penambangan.",322,43,id,teknologi ramah lingkungan,e,action,neutral,0.0,climate-specificity|metrics,Tindakan spesifik mengganti peralatan fosil ke listrik dan implementasi sistem pelaporan real-time.,commitment,lexical_or_climate_commitment,action,False,False,False,False,False,,,environmental-claims,/home/ubuntu/apps/benchmarks/model_download/models/environmental-claims,Local model,no,0.997872,False,climatebert_multi_20260526T074116Z_df720b,0.429
r025_003,25,3,2026-04-08T02:46:34.453805Z,arcee-ai/trinity-large-preview:free,tone_zero_shot_indonesian.md,20250526113828-2025-05-26ptba_laporan_berkelanjutan113825_pdf/batch_5,20250526113828-2025-05-26ptba_laporan_berkelanjutan113825,True,"Perseroan juga menciptakan sinergi dan kerja sama dengan berbagai mitra strategis dalam mewujudkan energi bersih seperti pengembangan PLTS, PLTB, tanaman Kaliandra untuk mengurangi emisi karbon dan menjadi simpanan biomassa untuk diolah menjadi wood pellet sebagai bahan campuran co-firing di PLTU serta Carbon Capture, Utilization (CCU) atau penangkapan karbon dioksida dan dikonversi menjadi methanol.",403,54,id,kerja sama energi bersih,e,action,positive,1.0,climate-specificity|climate-d|opportunity,Tindakan spesifik mengembangkan energi terbarukan dan teknologi penangkapan karbon menunjukkan peluang positif.,commitment,lexical_or_climate_commitment,action,False,False,False,False,True,,,environmental-claims,/home/ubuntu/apps/benchmarks/model_download/models/environmental-claims,Local model,no,0.99694,False,climatebert_multi_20260526T074116Z_df720b,0.475
r025_004,25,4,2026-04-08T02:46:34.453805Z,arcee-ai/trinity-large-preview:free,tone_zero_shot_indonesian.md,20250526113828-2025-05-26ptba_laporan_berkelanjutan113825_pdf/batch_5,20250526113828-2025-05-26ptba_laporan_berkelanjutan113825,True,PTBA berkomitmen mendukung target Pemerintah mencapai Emisi Nol Bersih atau Net Zero Emission pada 2060.,104,15,unknown,komitmen net zero,e,commitment,neutral,0.0,netzero-reduction|climate-commitment,Komitmen masa depan untuk mencapai Net Zero Emission pada 2060.,outcome,lexical_outcome,commitment,False,False,True,False,False,,,environmental-claims,/home/ubuntu/apps/benchmarks/model_download/models/environmental-claims,Local model,no,0.766584,False,climatebert_multi_20260526T074116Z_df720b,0.193
r025_005,25,5,2026-04-08T02:46:34.453805Z,arcee-ai/trinity-large-preview:free,tone_zero_shot_indonesian.md,20250526113828-2025-05-26ptba_laporan_berkelanjutan113825_pdf/batch_5,20250526113828-2025-05-26ptba_laporan_berkelanjutan113825,True,"Dengan visi menjadi perusahaan energi kelas dunia, PTBA telah memiliki roadmap manajemen karbon hingga 2050, baik bersifat pengurangan emisi (reducing emission sources/ maupun peningkatan penyerapan emisi (increase carbon sinks).",229,29,id,roadmap karbon,e,commitment,neutral,0.0,climate-f|climate-specificity,Pernyataan forward-looking tentang roadmap manajemen karbon hingga 2050.,outcome,lexical_outcome,commitment,False,False,False,False,False,,,environmental-claims,/home/ubuntu/apps/benchmarks/model_download/models/environmental-claims,Local model,no,0.992911,False,climatebert_multi_20260526T074116Z_df720b,0.345
r025_006,25,6,2026-04-08T02:46:34.453805Z,arcee-ai/trinity-large-preview:free,tone_zero_shot_indonesian.md,20250526113828-2025-05-26ptba_laporan_berkelanjutan113825_pdf/batch_5,20250526113828-2025-05-26ptba_laporan_berkelanjutan113825,True,"Berdasarkan manajemen karbon hingga 2050, terdapat 3 (tiga) pendekatan yang dilakukan PTBA, yaitu dekarbonisasi operasi, reklamasi, dan studi CCU (carbon capture, utilization, and utilization).",193,24,mixed,pendekatan karbon,e,commitment,neutral,0.0,climate-specificity,Pernyataan komitmen tentang tiga pendekatan manajemen karbon.,none,fallback_none,commitment,False,False,False,False,False,,,environmental-claims,/home/ubuntu/apps/benchmarks/model_download/models/environmental-claims,Local model,no,0.998007,False,climatebert_multi_20260526T074116Z_df720b,0.239
r025_007,25,7,2026-04-08T02:46:34.453805Z,arcee-ai/trinity-large-preview:free,tone_zero_shot_indonesian.md,20250526113828-2025-05-26ptba_laporan_berkelanjutan113825_pdf/batch_5,20250526113828-2025-05-26ptba_laporan_berkelanjutan113825,True,"Konflik atau benturan kepentingan merupakan salah satu ancaman serius bagi keberlangsungan dan keberlanjutan usaha, termasuk bagi PTBA.",135,17,id,konflik kepentingan,g,none,negative,-1.0,governance,Pernyataan mengidentifikasi konflik kepentingan sebagai ancaman serius bagi keberlanjutan usaha.,commitment,lexical_or_climate_commitment,none,False,False,False,False,False,,,environmental-claims,/home/ubuntu/apps/benchmarks/model_download/models/environmental-claims,Local model,no,0.995325,False,climatebert_multi_20260526T074116Z_df720b,0.154
r025_008,25,8,2026-04-08T02:46:34.453805Z,arcee-ai/trinity-large-preview:free,tone_zero_shot_indonesian.md,20250526113828-2025-05-26ptba_laporan_berkelanjutan113825_pdf/batch_5,20250526113828-2025-05-26ptba_laporan_berkelanjutan113825,True,PTBA merumuskan benturan kepentingan sebagai pertentangan kepentingan ekonomis pribadi dengan kepentingan ekonomis Perusahaan yang berdampak pada Objektivitas serta pertimbangan komersial.,188,20,id,definisi konflik kepentingan,g,none,neutral,0.0,governance,Definisi konflik kepentingan tanpa evaluasi sentimen.,none,fallback_none,none,False,False,False,False,False,,,environmental-claims,/home/ubuntu/apps/benchmarks/model_download/models/environmental-claims,Local model,no,0.99622,False,climatebert_multi_20260526T074116Z_df720b,0.262
r025_009,25,9,2026-04-08T02:46:34.453805Z,arcee-ai/trinity-large-preview:free,tone_zero_shot_indonesian.md,20250526113828-2025-05-26ptba_laporan_berkelanjutan113825_pdf/batch_5,20250526113828-2025-05-26ptba_laporan_berkelanjutan113825,True,Setiap individu jajaran PTBA dilarang berada dalam situasi yang menimbulkan benturan kepentingan.,97,12,id,kebijakan konflik kepentingan,g,commitment,neutral,0.0,governance,Komitmen untuk mencegah konflik kepentingan melalui kebijakan.,none,fallback_none,commitment,False,False,False,False,False,,,environmental-claims,/home/ubuntu/apps/benchmarks/model_download/models/environmental-claims,Local model,no,0.995634,False,climatebert_multi_20260526T074116Z_df720b,0.124
r025_010,25,10,2026-04-08T02:46:34.453805Z,arcee-ai/trinity-large-preview:free,tone_zero_shot_indonesian.md,20250526113828-2025-05-26ptba_laporan_berkelanjutan113825_pdf/batch_5,20250526113828-2025-05-26ptba_laporan_berkelanjutan113825,True,"PTBA memiliki sikap tegas terhadap korupsi sebagai bagian dari komitmen Perusahaan dalam menjalankan bisnis yang bersih, transparan, dan berintegritas.",151,19,id,antikorupsi,g,commitment,neutral,0.0,governance,Komitmen tegas terhadap antikorupsi sebagai bagian dari tata kelola perusahaan.,commitment,lexical_or_climate_commitment,commitment,False,False,False,False,False,,,environmental-claims,/home/ubuntu/apps/benchmarks/model_download/models/environmental-claims,Local model,no,0.996661,False,climatebert_multi_20260526T074116Z_df720b,0.197
r025_011,25,11,2026-04-08T02:46:34.453805Z,arcee-ai/trinity-large-preview:free,tone_zero_shot_indonesian.md,20250526113828-2025-05-26ptba_laporan_berkelanjutan113825_pdf/batch_5,20250526113828-2025-05-26ptba_laporan_berkelanjutan113825,True,"Perusahaan menolak segala bentuk praktik korupsi, kolusi, dan nepotisme, baik dalam hubungan internal maupun eksternal perusahaan.",130,16,id,penolakan korupsi,g,commitment,neutral,0.0,governance,"Komitmen menolak korupsi, kolusi, dan nepotisme.",none,fallback_none,commitment,False,False,False,False,False,,,environmental-claims,/home/ubuntu/apps/benchmarks/model_download/models/environmental-claims,Local model,no,0.996963,False,climatebert_multi_20260526T074116Z_df720b,0.244
r025_012,25,12,2026-04-08T02:46:34.453805Z,arcee-ai/trinity-large-preview:free,tone_zero_shot_indonesian.md,20250526113828-2025-05-26ptba_laporan_berkelanjutan113825_pdf/batch_5,20250526113828-2025-05-26ptba_laporan_berkelanjutan113825,True,"Sikap ini diwujudkan melalui penerapan kode etik yang ketat, pengawasan internal yang kuat, serta implementasi whistleblowing system yang memungkinkan karyawan dan pemangku kepentingan melaporkan dugaan tindak korupsi secara aman.",230,29,id,implementasi antikorupsi,g,action,positive,1.0,governance,Tindakan positif menerapkan kode etik dan sistem pelaporan korupsi.,none,fallback_none,action,False,False,False,False,False,,,environmental-claims,/home/ubuntu/apps/benchmarks/model_download/models/environmental-claims,Local model,no,0.99532,False,climatebert_multi_20260526T074116Z_df720b,0.418
r025_013,25,13,2026-04-08T02:46:34.453805Z,arcee-ai/trinity-large-preview:free,tone_zero_shot_indonesian.md,20250526113828-2025-05-26ptba_laporan_berkelanjutan113825_pdf/batch_5,20250526113828-2025-05-26ptba_laporan_berkelanjutan113825,True,"Merujuk Undang-Undang No. 31 Tahun 1999 jo. Undang-Undang No. 20 Tahun 2001 tentang Pemberantasan Tindak Pidana Korupsi, pengertian korupsi mencakup perbuatan melawan hukum, memperkaya diri orang/badan lain yang merugikan keuangan/perekonomian negara (pasal 2); menyalahgunakan kewenangan karena jabatan/kedudukan yang dapat merugikan keuangan/kedudukan yang dapat merugikan keuangan/perekonomian negara (pasal 3); kelompok delik penyuapan (pasal 5,6, dan 11); kelompok delik penggelapan dalam jabatan (pasal 8, 9, dan 10); delik pemerasan dalam jabatan (pasal 12); delik yang berkaitan dengan pemborongan (pasal 7); hingga delik gratifikasi (pasal 12B dan 12C).",662,93,id,definisi hukum korupsi,g,none,neutral,0.0,governance,Definisi hukum korupsi tanpa evaluasi sentimen.,commitment,lexical_or_climate_commitment,none,False,False,False,False,False,,,environmental-claims,/home/ubuntu/apps/benchmarks/model_download/models/environmental-claims,Local model,no,0.99818,False,climatebert_multi_20260526T074116Z_df720b,0.743
r025_014,25,14,2026-04-08T02:46:34.453805Z,arcee-ai/trinity-large-preview:free,tone_zero_shot_indonesian.md,20250526113828-2025-05-26ptba_laporan_berkelanjutan113825_pdf/batch_5,20250526113828-2025-05-26ptba_laporan_berkelanjutan113825,True,"Ketegasan terhadap antikorupsi diimplementasikan Perusahaan antara lain dengan tidak memberi dan menerima hadiah serta gratifikasi yang diperkirakan akan memengaruhi independensi dalam proses pengambilan keputusan, serta bertentangan dengan etika bisnis yang sehat dan/atau bertentangan dengan hukum yang berlaku.",313,38,id,kebijakan antigratifikasi,g,commitment,neutral,0.0,governance,Komitmen untuk tidak memberi/terima hadiah yang memengaruhi independensi.,commitment,lexical_or_climate_commitment,commitment,False,False,False,False,False,,,environmental-claims,/home/ubuntu/apps/benchmarks/model_download/models/environmental-claims,Local model,no,0.995635,False,climatebert_multi_20260526T074116Z_df720b,0.305
r025_015,25,15,2026-04-08T02:46:34.453805Z,arcee-ai/trinity-large-preview:free,tone_zero_shot_indonesian.md,20250526113828-2025-05-26ptba_laporan_berkelanjutan113825_pdf/batch_5,20250526113828-2025-05-26ptba_laporan_berkelanjutan113825,True,Komitmen antikorupsi tersebut dikukuhkan dengan beberapa kebijakan di PTBA di antaranya Keputusan Bersama Dewan Komisaris dan Direksi PTBA Nomor:10/SK/PTBA-DEKOM/IX/2020 dan Nomor:400/0100/2020 tentang Penerapan Prinsip dan Praktik Good Corporate Governance Untuk Kebijakan Anti Gratifikasi di PT Bukit Asam Tbk dan Pedoman Pengendalian Gratifikasi BAAGM:03 Nomor Revisi 1 tahun 2024.,384,58,mixed,kebijakan antikorupsi,g,commitment,neutral,0.0,governance,Komitmen melalui kebijakan antikorupsi yang dikukuhkan.,commitment,lexical_or_climate_commitment,commitment,False,False,False,False,False,,,environmental-claims,/home/ubuntu/apps/benchmarks/model_download/models/environmental-claims,Local model,no,0.997699,False,climatebert_multi_20260526T074116Z_df720b,0.589
r025_016,25,16,2026-04-08T02:46:34.453805Z,arcee-ai/trinity-large-preview:free,tone_zero_shot_indonesian.md,20250526113828-2025-05-26ptba_laporan_berkelanjutan113825_pdf/batch_5,20250526113828-2025-05-26ptba_laporan_berkelanjutan113825,True,"Sejak tahun 2020, PTBA telah mengadopsi sertifikasi Sistem Manajemen Anti Penyuapan (SMAP) ISO 37001:2016.",106,15,id,sertifikasi smap,g,action,neutral,0.0,governance,Tindakan mengadopsi sertifikasi SMAP ISO 37001:2016.,outcome,lexical_outcome,action,False,False,False,False,False,,,environmental-claims,/home/ubuntu/apps/benchmarks/model_download/models/environmental-claims,Local model,no,0.996975,False,climatebert_multi_20260526T074116Z_df720b,0.262
r025_017,25,17,2026-04-08T02:46:34.453805Z,arcee-ai/trinity-large-preview:free,tone_zero_shot_indonesian.md,20250526113828-2025-05-26ptba_laporan_berkelanjutan113825_pdf/batch_5,20250526113828-2025-05-26ptba_laporan_berkelanjutan113825,True,"Untuk SMAP sendiri pun, PTBA telah memiliki pedoman tersendiri yang dimuat pada Pedoman Sistem Anti Penyuapan PTBA Nomor BAMSP.",127,19,id,pedoman smap,g,action,neutral,0.0,governance,Tindakan memiliki pedoman SMAP tersendiri.,outcome,lexical_outcome,action,False,False,False,False,False,,,environmental-claims,/home/ubuntu/apps/benchmarks/model_download/models/environmental-claims,Local model,no,0.995832,False,climatebert_multi_20260526T074116Z_df720b,0.21
r025_018,25,18,2026-04-08T02:46:34.453805Z,arcee-ai/trinity-large-preview:free,tone_zero_shot_indonesian.md,20250526113828-2025-05-26ptba_laporan_berkelanjutan113825_pdf/batch_5,20250526113828-2025-05-26ptba_laporan_berkelanjutan113825,True,"Lebih lanjut, untuk memperkecil, bahkan menutup peluang terjadinya korupsi, PTBA telah melakukan pemetaan dan pengkajian risiko dalam mata rantai dan operasional usaha yang berpotensi besar terjadi korupsi.",206,27,id,pemetaan risiko korupsi,g,action,neutral,0.0,governance,Tindakan pemetaan dan pengkajian risiko korupsi.,outcome,lexical_outcome,action,False,False,False,False,False,,,environmental-claims,/home/ubuntu/apps/benchmarks/model_download/models/environmental-claims,Local model,no,0.995841,False,climatebert_multi_20260526T074116Z_df720b,0.36
r025_019,25,19,2026-04-08T02:46:34.453805Z,arcee-ai/trinity-large-preview:free,tone_zero_shot_indonesian.md,20250526113828-2025-05-26ptba_laporan_berkelanjutan113825_pdf/batch_5,20250526113828-2025-05-26ptba_laporan_berkelanjutan113825,True,"Berdasarkan pemetaan tersebut, diidentifikasi 82% dari operasi memiliki risiko terkait korupsi.",95,11,unknown,identifikasi risiko korupsi,g,outcome,negative,-1.0,metrics|governance,Hasil identifikasi bahwa 82% operasi memiliki risiko korupsi menunjukkan masalah serius.,none,fallback_none,outcome,False,False,False,False,False,,,environmental-claims,/home/ubuntu/apps/benchmarks/model_download/models/environmental-claims,Local model,no,0.997894,False,climatebert_multi_20260526T074116Z_df720b,0.165
r025_020,25,20,2026-04-08T02:46:34.453805Z,arcee-ai/trinity-large-preview:free,tone_zero_shot_indonesian.md,20250526113828-2025-05-26ptba_laporan_berkelanjutan113825_pdf/batch_5,20250526113828-2025-05-26ptba_laporan_berkelanjutan113825,True,"Untuk mencegah terjadinya korupsi di bagian tersebut, Perseroan telah melakukan mitigasi berupa penerapan prinsip dan",117,15,id,mitigasi korupsi,g,action,neutral,0.0,governance,Tindakan mitigasi untuk mencegah korupsi.,outcome,lexical_outcome,action,False,False,False,False,False,,,environmental-claims,/home/ubuntu/apps/benchmarks/model_download/models/environmental-claims,Local model,no,0.996407,False,climatebert_multi_20260526T074116Z_df720b,0.178
r027_000,27,0,2026-04-08T02:47:30.399111Z,arcee-ai/trinity-large-preview:free,tone_zero_shot_english.md,BEST-SR_2024_pdf/batch_9,BEST-SR_2024,True,"As a pioneer among industrial estate developers in Indonesia, BeFa is at the forefront of creating a green and eco-friendly industrial zone. This transformative initiative aims to minimize environmental impact while promoting a sustainable economic model. It includes prioritizing renewable energy sources, implementing waste management systems, and ensuring efficient resource utilization.",390,52,en,environmental-claims,e,commitment,neutral,0.0,climate-detection|climate-commitment|environmental-claims,The text describes future-oriented environmental initiatives and commitments without measurable outcomes.,commitment,lexical_or_climate_commitment,commitment,False,False,True,True,False,,,environmental-claims,/home/ubuntu/apps/benchmarks/model_download/models/environmental-claims,Local model,yes,0.992335,True,climatebert_multi_20260526T074116Z_df720b,0.261
r027_001,27,1,2026-04-08T02:47:30.399111Z,arcee-ai/trinity-large-preview:free,tone_zero_shot_english.md,BEST-SR_2024_pdf/batch_9,BEST-SR_2024,True,"The Company is dedicated to continuous innovation and excellence within the realm of ESG, striving to create spaces that harmoniously blend industry with ecological sustainability. In its pursuit of this vision, BeFa is evolving into a Smart Eco-Industrial Park. This initiative focuses on promoting sustainable development through the incorporation of advanced technologies, smart infrastructure, and environmentally friendly practices that benefit both the community and the ecosystem. By fostering collaboration among tenants and other stakeholders, BeFa aims to set a precedent for responsible industrial growth while addressing global environmental challenges.",665,90,en,environmental-claims,e,commitment,neutral,0.0,climate-detection|climate-commitment|environmental-claims,The text outlines future ESG commitments and vision for sustainable development without specific measurable outcomes.,commitment,lexical_or_climate_commitment,commitment,False,False,True,True,False,,,environmental-claims,/home/ubuntu/apps/benchmarks/model_download/models/environmental-claims,Local model,yes,0.980056,True,climatebert_multi_20260526T074116Z_df720b,0.469
r027_002,27,2,2026-04-08T02:47:30.399111Z,arcee-ai/trinity-large-preview:free,tone_zero_shot_english.md,BEST-SR_2024_pdf/batch_9,BEST-SR_2024,True,"The issuance of the report is also an effort of BeFa to comply with the provisions of Article 66 paragraph 2c, Law No. 40 of 2007 concerning Limited Liability Companies (Company Law), which requires companies to submit report on the implementation of Social and Environmental Responsibility in the Annual Report.",312,50,en,governance,g,action,neutral,0.0,governance,The text describes compliance action with legal requirements for ESG reporting.,none,fallback_none,action,False,False,False,False,False,,,environmental-claims,/home/ubuntu/apps/benchmarks/model_download/models/environmental-claims,Local model,no,0.995447,False,climatebert_multi_20260526T074116Z_df720b,0.341
r027_003,27,3,2026-04-08T02:47:30.399111Z,arcee-ai/trinity-large-preview:free,tone_zero_shot_english.md,BEST-SR_2024_pdf/batch_9,BEST-SR_2024,True,"In addition to compliance with the Company Law, the issuance of this report is also an effort of BeFa to comply with the provisions of the Financial Services Authority Regulation No.51/POJK.03/2017 (POJK 51/2017) concerning the Implementation of Sustainable Finance for Financial Service Institutions, Issuers, and Public Companies.",332,52,en,governance,g,action,neutral,0.0,governance,The text describes compliance action with financial regulations for sustainable finance.,none,fallback_none,action,False,False,False,False,False,,,environmental-claims,/home/ubuntu/apps/benchmarks/model_download/models/environmental-claims,Local model,no,0.997208,False,climatebert_multi_20260526T074116Z_df720b,0.323
r027_004,27,4,2026-04-08T02:47:30.399111Z,arcee-ai/trinity-large-preview:free,tone_zero_shot_english.md,BEST-SR_2024_pdf/batch_9,BEST-SR_2024,True,"BeFa prepared this report by referring to POJK No.51/2017 and combined with the Global Reporting Initiatives (GRI), with the choice of material topics determined according to the materiality principle.",201,31,en,governance,g,action,neutral,0.0,governance,The text describes action of preparing sustainability report following established frameworks.,none,fallback_none,action,False,False,False,False,False,,,environmental-claims,/home/ubuntu/apps/benchmarks/model_download/models/environmental-claims,Local model,no,0.998111,False,climatebert_multi_20260526T074116Z_df720b,0.173
r027_005,27,5,2026-04-08T02:47:30.399111Z,arcee-ai/trinity-large-preview:free,tone_zero_shot_english.md,BEST-SR_2024_pdf/batch_9,BEST-SR_2024,True,"The Company's nomination policy aims to ensure that the Company is led, managed and supervised by individuals who have high capability, experience and integrity. The following are nomination policies: 1. To prepare and provide recommendations on the system and procedures for the selection and/or replacement of members of the Board of Commissioners and Board of Directors to the Board of Commissioners to be submitted to the General Meeting of Shareholders. 2. To provide recommendations on the candidates for the Board of Commissioners and/or Board of Directors to the Board of Commissioners to be submitted to the General Meeting of Shareholders. 3. To provide recommendations concerning the Independent Party who will become members of Audit Committee and other Committee (if any) to the Board of Commissioners and Board of Directors of the Company. 4. To carry out other duties assigned by the Board of Commissioners.",922,147,en,governance,g,commitment,neutral,0.0,governance,The text describes governance policies and procedures for leadership selection and oversight.,commitment,lexical_or_climate_commitment,commitment,False,False,False,False,False,,,environmental-claims,/home/ubuntu/apps/benchmarks/model_download/models/environmental-claims,Local model,no,0.996464,False,climatebert_multi_20260526T074116Z_df720b,0.38
r027_006,27,6,2026-04-08T02:47:30.399111Z,arcee-ai/trinity-large-preview:free,tone_zero_shot_english.md,BEST-SR_2024_pdf/batch_9,BEST-SR_2024,True,"The specific criteria taken into consideration in selecting members of the Board of Commissioners and Board of Directors include: 1. Demonstrating good morals, ethics, and integrity to support the company's tasks. 2. Considering a diverse range of skills, knowledge, and experience that the company requires. 3. Being able to perform self-assessments to evaluate performance and showing a commitment to comply with laws and regulations.",436,66,en,governance,g,commitment,neutral,0.0,governance,The text describes governance criteria for leadership selection and performance evaluation.,commitment,lexical_or_climate_commitment,commitment,False,False,False,False,False,,,environmental-claims,/home/ubuntu/apps/benchmarks/model_download/models/environmental-claims,Local model,no,0.996131,False,climatebert_multi_20260526T074116Z_df720b,0.338
r027_007,27,7,2026-04-08T02:47:30.399111Z,arcee-ai/trinity-large-preview:free,tone_zero_shot_english.md,BEST-SR_2024_pdf/batch_9,BEST-SR_2024,True,The members of the Board of Commissioners and Board of Directors receive salary and benefits based on their performance and roles.,130,21,en,governance,g,action,neutral,0.0,governance,The text describes action of providing remuneration based on performance.,none,fallback_none,action,False,False,False,False,False,,,environmental-claims,/home/ubuntu/apps/benchmarks/model_download/models/environmental-claims,Local model,no,0.997889,False,climatebert_multi_20260526T074116Z_df720b,0.091
r027_008,27,8,2026-04-08T02:47:30.399111Z,arcee-ai/trinity-large-preview:free,tone_zero_shot_english.md,BEST-SR_2024_pdf/batch_9,BEST-SR_2024,True,"To support the Nomination and Remuneration policy, the Company has a Nomination and Remuneration Committee that is responsible for assisting the Board of Commissioners duties to realize good corporate governance (GCG). This is also in line with the Financial Services Authority Regulation No.34/POJK.04/2014 dated December 8, 20214 (POJK 34) concerning the Nomination and Remuneration Committee of Issuers or Public Companies.",426,64,en,governance,g,action,neutral,0.0,governance,The text describes action of establishing governance committee in compliance with regulations.,commitment,lexical_or_climate_commitment,action,False,False,False,False,False,,,environmental-claims,/home/ubuntu/apps/benchmarks/model_download/models/environmental-claims,Local model,no,0.998142,False,climatebert_multi_20260526T074116Z_df720b,0.265
r027_009,27,9,2026-04-08T02:47:30.399111Z,arcee-ai/trinity-large-preview:free,tone_zero_shot_english.md,BEST-SR_2024_pdf/batch_9,BEST-SR_2024,True,"Performance assessment of the Nomination and Remuneration Committee is carried out by self-assessment, and the results are then reported to the Board of Commissioners as the direct supervisor. Some aspects that form the basis of the assessment include the following: 1. Attendance Rate. 2. Commitment to prioritize the Company's interests. 3. Compliance with the prevailing law and regulations.",394,60,en,governance,g,action,neutral,0.0,governance,The text describes action of conducting performance assessment of governance committee.,commitment,lexical_or_climate_commitment,action,False,False,False,False,False,,,environmental-claims,/home/ubuntu/apps/benchmarks/model_download/models/environmental-claims,Local model,no,0.998443,False,climatebert_multi_20260526T074116Z_df720b,0.306
r027_010,27,10,2026-04-08T02:47:30.399111Z,arcee-ai/trinity-large-preview:free,tone_zero_shot_english.md,BEST-SR_2024_pdf/batch_9,BEST-SR_2024,True,"BeFa conducts a structured and periodic assessment of the performance of both the Board of Commissioners and the Board of Directors to ensure alignment with the Company's strategic objectives and operational targets. The evaluation process is guided by clear criteria designed to measure effectiveness, accountability, and",322,47,en,governance,g,action,neutral,0.0,governance,The text describes action of conducting performance assessment of leadership to ensure alignment with objectives.,commitment,lexical_or_climate_commitment,action,False,False,False,False,False,,,environmental-claims,/home/ubuntu/apps/benchmarks/model_download/models/environmental-claims,Local model,no,0.996116,False,climatebert_multi_20260526T074116Z_df720b,0.282
r035_000,35,0,2026-04-08T02:51:21.226367Z,arcee-ai/trinity-large-preview:free,tone_chain_of_thought_english.md,icr-sustainability-23-24_pdf/batch_7,icr-sustainability-23-24,True,"The ICR has set an ambitious target of achieving net zero across all three scopes by 2040, and achieving an interim reduction of 42% by 2030.",141,26,en,climate-commitment,e,commitment,neutral,0.0,climate-commitment|netzero-reduction|climate-f,Future-oriented climate pledge with specific targets for 2030 and 2040.,commitment,lexical_or_climate_commitment,commitment,False,False,True,False,False,,,environmental-claims,/home/ubuntu/apps/benchmarks/model_download/models/environmental-claims,Local model,yes,0.963934,True,climatebert_multi_20260526T074116Z_df720b,0.121
r035_001,35,1,2026-04-08T02:51:21.226367Z,arcee-ai/trinity-large-preview:free,tone_chain_of_thought_english.md,icr-sustainability-23-24_pdf/batch_7,icr-sustainability-23-24,True,"Thanks to activities such as a new energy management system and research led energy saving behaviours, the ICR's emissions from direct sources (Scope 1) and indirect sources (Scope 2) have decreased by 16% since 2018/19.",220,37,en,climate-d,e,outcome,positive,1.0,climate-d|metrics|climate-sentiment,Measurable reduction in emissions with specific percentage and timeframe.,none,fallback_none,outcome,False,False,False,False,True,,,environmental-claims,/home/ubuntu/apps/benchmarks/model_download/models/environmental-claims,Local model,yes,0.867316,True,climatebert_multi_20260526T074116Z_df720b,0.092
r035_002,35,2,2026-04-08T02:51:21.226367Z,arcee-ai/trinity-large-preview:free,tone_chain_of_thought_english.md,icr-sustainability-23-24_pdf/batch_7,icr-sustainability-23-24,True,"Business travel has seen a further bounce back this year, with increased travel to conferences the ICR has implemented a new policy of no domestic UK flights where a better sustainable alternative is available.",210,34,en,climate-commitment,e,commitment,neutral,0.0,climate-commitment|climate-d,New policy introduced to reduce emissions from business travel.,commitment,lexical_or_climate_commitment,commitment,False,False,True,False,True,,,environmental-claims,/home/ubuntu/apps/benchmarks/model_download/models/environmental-claims,Local model,no,0.995568,False,climatebert_multi_20260526T074116Z_df720b,0.119
r035_003,35,3,2026-04-08T02:51:21.226367Z,arcee-ai/trinity-large-preview:free,tone_chain_of_thought_english.md,icr-sustainability-23-24_pdf/batch_7,icr-sustainability-23-24,True,"There has been small decrease in waste emissions compared to the baseline year of 2018/29, with fluctuations in waste volumes in the intervening years due to the pandemic and large construction projects.",203,33,en,climate-d,e,outcome,neutral,0.0,climate-d|metrics,Waste emissions decreased but with contextual factors affecting the trend.,none,fallback_none,outcome,False,False,False,False,True,,,environmental-claims,/home/ubuntu/apps/benchmarks/model_download/models/environmental-claims,Local model,no,0.998829,False,climatebert_multi_20260526T074116Z_df720b,0.205
r035_004,35,4,2026-04-08T02:51:21.226367Z,arcee-ai/trinity-large-preview:free,tone_chain_of_thought_english.md,icr-sustainability-23-24_pdf/batch_7,icr-sustainability-23-24,True,The ICR continues to be zero waste directly to landfill and is going out to tender for a new waste contract in 2025.,116,23,en,environmental-claims,e,action,positive,1.0,environmental-claims|climate-d,Maintaining zero waste to landfill status and planning for improved waste management.,none,fallback_none,action,False,False,False,True,True,,,environmental-claims,/home/ubuntu/apps/benchmarks/model_download/models/environmental-claims,Local model,no,0.98849,False,climatebert_multi_20260526T074116Z_df720b,0.11
r035_005,35,5,2026-04-08T02:51:21.226367Z,arcee-ai/trinity-large-preview:free,tone_chain_of_thought_english.md,icr-sustainability-23-24_pdf/batch_7,icr-sustainability-23-24,True,Carbon emissions from purchased goods and services have decreased by 6% compared to the baseline year of 2018/19.,113,19,en,climate-d,e,outcome,positive,1.0,climate-d|metrics,Measurable reduction in emissions from purchased goods and services.,none,fallback_none,outcome,False,False,False,False,True,,,environmental-claims,/home/ubuntu/apps/benchmarks/model_download/models/environmental-claims,Local model,no,0.985257,False,climatebert_multi_20260526T074116Z_df720b,0.103
r035_006,35,6,2026-04-08T02:51:21.226367Z,arcee-ai/trinity-large-preview:free,tone_chain_of_thought_english.md,icr-sustainability-23-24_pdf/batch_7,icr-sustainability-23-24,True,"The ICR has successfully retained certification to ISO14001, an international standard that sets out the requirements for an environmental management system, since 2013 as part of our integrated management system.",213,30,en,governance,g,outcome,positive,1.0,governance|climate-d,Long-term maintenance of environmental management certification.,outcome,lexical_outcome,outcome,False,False,False,False,True,,,environmental-claims,/home/ubuntu/apps/benchmarks/model_download/models/environmental-claims,Local model,no,0.974614,False,climatebert_multi_20260526T074116Z_df720b,0.243
r035_007,35,7,2026-04-08T02:51:21.226367Z,arcee-ai/trinity-large-preview:free,tone_chain_of_thought_english.md,icr-sustainability-23-24_pdf/batch_7,icr-sustainability-23-24,True,"The new Concordat for the Environmental Sustainability of Research and Innovation Practice primary aims are to promote environmentally responsible practices in research and innovation, reducing negative environmental impacts and emissions associated with these activities.",272,34,en,governance,g,commitment,neutral,0.0,governance|climate-commitment,Commitment to new environmental sustainability framework for research.,commitment,lexical_or_climate_commitment,commitment,False,False,True,False,False,,,environmental-claims,/home/ubuntu/apps/benchmarks/model_download/models/environmental-claims,Local model,yes,0.99477,True,climatebert_multi_20260526T074116Z_df720b,0.283
r035_008,35,8,2026-04-08T02:51:21.226367Z,arcee-ai/trinity-large-preview:free,tone_chain_of_thought_english.md,icr-sustainability-23-24_pdf/batch_7,icr-sustainability-23-24,True,The ICR is proud to be a signatory to this Concordat.,53,11,en,governance,g,commitment,neutral,0.0,governance|climate-commitment,Formal commitment to environmental sustainability principles.,commitment,lexical_or_climate_commitment,commitment,False,False,True,False,False,,,environmental-claims,/home/ubuntu/apps/benchmarks/model_download/models/environmental-claims,Local model,no,0.998174,False,climatebert_multi_20260526T074116Z_df720b,0.165
r035_009,35,9,2026-04-08T02:51:21.226367Z,arcee-ai/trinity-large-preview:free,tone_chain_of_thought_english.md,icr-sustainability-23-24_pdf/batch_7,icr-sustainability-23-24,True,"Due to cultural change, ActNow and our energy manager the ICR has continued to achieve substantial savings of nearly a quarter of a million pounds on its 2023/24 bills compared to predicted usage.",196,34,en,climate-d,e,outcome,positive,1.0,climate-d|metrics,Significant financial savings achieved through energy efficiency measures.,outcome,lexical_outcome,outcome,False,False,False,False,True,,,environmental-claims,/home/ubuntu/apps/benchmarks/model_download/models/environmental-claims,Local model,no,0.998318,False,climatebert_multi_20260526T074116Z_df720b,0.243
r035_010,35,10,2026-04-08T02:51:21.226367Z,arcee-ai/trinity-large-preview:free,tone_chain_of_thought_english.md,icr-sustainability-23-24_pdf/batch_7,icr-sustainability-23-24,True,"These initiatives were monitored by the Sustainability Advisory Group, resulting in a 7% reduction in electricity consumption and a 4% decrease in gas usage compared to the previous academic year.",196,30,en,climate-d,e,outcome,positive,1.0,climate-d|metrics,Measurable reductions in energy consumption with specific percentages.,none,fallback_none,outcome,False,False,False,False,True,,,environmental-claims,/home/ubuntu/apps/benchmarks/model_download/models/environmental-claims,Local model,yes,0.841367,True,climatebert_multi_20260526T074116Z_df720b,0.135
r035_011,35,11,2026-04-08T02:51:21.226367Z,arcee-ai/trinity-large-preview:free,tone_chain_of_thought_english.md,icr-sustainability-23-24_pdf/batch_7,icr-sustainability-23-24,True,In 2023/24 our overall waste total in tonnes generated increased by 41.22 tonnes compared to 2022/23.,101,19,unknown,climate-d,e,outcome,negative,-1.0,climate-d|metrics,Increase in total waste generated compared to previous year.,none,fallback_none,outcome,False,False,False,False,True,,,environmental-claims,/home/ubuntu/apps/benchmarks/model_download/models/environmental-claims,Local model,yes,0.9883,True,climatebert_multi_20260526T074116Z_df720b,0.152
r035_012,35,12,2026-04-08T02:51:21.226367Z,arcee-ai/trinity-large-preview:free,tone_chain_of_thought_english.md,icr-sustainability-23-24_pdf/batch_7,icr-sustainability-23-24,True,The overall weight of waste decreased by 1.35% (3.5 tonnes) when compared to the baseline year 2018/19.,103,20,en,climate-d,e,outcome,positive,1.0,climate-d|metrics,Waste reduction compared to baseline year despite recent increase.,none,fallback_none,outcome,False,False,False,False,True,,,environmental-claims,/home/ubuntu/apps/benchmarks/model_download/models/environmental-claims,Local model,no,0.998343,False,climatebert_multi_20260526T074116Z_df720b,0.138
r035_013,35,13,2026-04-08T02:51:21.226367Z,arcee-ai/trinity-large-preview:free,tone_chain_of_thought_english.md,icr-sustainability-23-24_pdf/batch_7,icr-sustainability-23-24,True,Our total waste in tCO₂e increased to 73.05 tonnes.,51,10,unknown,climate-d,e,outcome,negative,-1.0,climate-d|metrics,Increase in waste-related carbon emissions.,none,fallback_none,outcome,False,False,False,False,True,,,environmental-claims,/home/ubuntu/apps/benchmarks/model_download/models/environmental-claims,Local model,yes,0.975031,True,climatebert_multi_20260526T074116Z_df720b,0.075
r041_000,41,0,2026-04-08T02:51:48.065874Z,arcee-ai/trinity-large-preview:free,tone_chain_of_thought_indonesian.md,20250526113828-2025-05-26ptba_laporan_berkelanjutan113825_pdf/batch_6,20250526113828-2025-05-26ptba_laporan_berkelanjutan113825,True,"PTBA berkomitmen mendukung target Pemerintah mencapai nol emisi. PTBA juga berkomitmen untuk menjalankan bisnis berkelanjutan dengan menerapkan keselarasan antara aspek Environmental, Social, and Governance (ESG).",213,25,mixed,climate-commitment,e,commitment,neutral,0.0,climate-commitment|climate-d|climate-specificity,"Statement about commitment to net zero emissions and ESG alignment, which is a forward-looking commitment without specific metrics or outcomes.",outcome,lexical_outcome,commitment,False,False,True,False,True,,,environmental-claims,/home/ubuntu/apps/benchmarks/model_download/models/environmental-claims,Local model,no,0.997998,False,climatebert_multi_20260526T074116Z_df720b,0.35
r041_001,41,1,2026-04-08T02:51:48.065874Z,arcee-ai/trinity-large-preview:free,tone_chain_of_thought_indonesian.md,20250526113828-2025-05-26ptba_laporan_berkelanjutan113825_pdf/batch_6,20250526113828-2025-05-26ptba_laporan_berkelanjutan113825,True,"Perseroan senantiasa melakukan berbagai optimasi menuju pertambangan yang lebih ramah lingkungan. Langkah nyata yang diambil antara lain menerapkan eco, mechanized mining yaitu mengganti peralatan pertambangan yang menggunakan bahan bakar fosil menjadi elektrik, e-mining reporting system yaitu, system pelaporan produksi secara real time dan daring dan berbagai program manajemen karbon di area operasional penambangan.",420,54,id,environmental-claims,e,action,neutral,0.0,environmental-claims|climate-d|climate-specificity,"Describes actions taken toward environmentally friendly mining practices, including eco-mechanized mining and carbon management programs, but without specific outcomes or metrics.",commitment,lexical_or_climate_commitment,action,False,False,False,True,True,,,environmental-claims,/home/ubuntu/apps/benchmarks/model_download/models/environmental-claims,Local model,no,0.99796,False,climatebert_multi_20260526T074116Z_df720b,0.482
r041_002,41,2,2026-04-08T02:51:48.065874Z,arcee-ai/trinity-large-preview:free,tone_chain_of_thought_indonesian.md,20250526113828-2025-05-26ptba_laporan_berkelanjutan113825_pdf/batch_6,20250526113828-2025-05-26ptba_laporan_berkelanjutan113825,True,"Perseroan juga menciptakan sinergi dan kerja sama dengan berbagai mitra strategis dalam mewujudkan energi bersih seperti pengembangan PLTS, PLTB, tanaman Kaliandra untuk mengurangi emisi karbon dan menjadi simpanan biomassa untuk diolah menjadi wood pellet sebagai bahan campuran co-firing di PLTU serta Carbon Capture, Utilization (CCU) atau penangkapan karbon dioksida dan dikonversi menjadi methanol.",403,54,id,environmental-claims,e,action,neutral,0.0,environmental-claims|climate-d|climate-specificity,"Describes collaborative actions with strategic partners to develop clean energy solutions, including solar, wind, biomass, and carbon capture, but without specific outcomes or metrics.",commitment,lexical_or_climate_commitment,action,False,False,False,True,True,,,environmental-claims,/home/ubuntu/apps/benchmarks/model_download/models/environmental-claims,Local model,no,0.99694,False,climatebert_multi_20260526T074116Z_df720b,0.455
r041_003,41,3,2026-04-08T02:51:48.065874Z,arcee-ai/trinity-large-preview:free,tone_chain_of_thought_indonesian.md,20250526113828-2025-05-26ptba_laporan_berkelanjutan113825_pdf/batch_6,20250526113828-2025-05-26ptba_laporan_berkelanjutan113825,True,"PTBA berkomitmen mendukung target Pemerintah mencapai Emisi Nol Bersih atau Net Zero Emission pada 2060. Dengan visi menjadi perusahaan energi kelas dunia, PTBA telah memiliki roadmap manajemen karbon hingga 2050, baik bersifat pengurangan emisi (reducing emission sources/ maupun peningkatan penyerapan emisi (increase carbon sinks).",334,44,id,netzero-reduction,e,commitment,neutral,0.0,netzero-reduction|climate-commitment|climate-f,"Explicit commitment to Net Zero Emission by 2060 with a carbon management roadmap until 2050, which is a forward-looking commitment without specific metrics or outcomes.",outcome,lexical_outcome,commitment,False,False,True,False,False,,,environmental-claims,/home/ubuntu/apps/benchmarks/model_download/models/environmental-claims,Local model,no,0.985775,False,climatebert_multi_20260526T074116Z_df720b,0.428
r041_004,41,4,2026-04-08T02:51:48.065874Z,arcee-ai/trinity-large-preview:free,tone_chain_of_thought_indonesian.md,20250526113828-2025-05-26ptba_laporan_berkelanjutan113825_pdf/batch_6,20250526113828-2025-05-26ptba_laporan_berkelanjutan113825,True,"Berdasarkan manajemen karbon hingga 2050, terdapat 3 (tiga) pendekatan yang dilakukan PTBA, yaitu dekarbonisasi operasi, reklamasi, dan studi CCU (carbon capture, and utilization). Dengan langkah ini, PTBA optimis dapat menjadi Perusahaan yang berkelanjutan dan terus berkontribusi dalam pencapaian Net Zero Emission.",317,41,mixed,climate-commitment,e,commitment,neutral,0.0,climate-commitment|climate-f,"Describes three approaches to carbon management (decarbonization, reclamation, CCU studies) as part of the commitment to Net Zero Emission, which is a forward-looking commitment without specific metrics or outcomes.",commitment,lexical_or_climate_commitment,commitment,False,False,True,False,False,,,environmental-claims,/home/ubuntu/apps/benchmarks/model_download/models/environmental-claims,Local model,no,0.994712,False,climatebert_multi_20260526T074116Z_df720b,0.396
r041_005,41,5,2026-04-08T02:51:48.065874Z,arcee-ai/trinity-large-preview:free,tone_chain_of_thought_indonesian.md,20250526113828-2025-05-26ptba_laporan_berkelanjutan113825_pdf/batch_6,20250526113828-2025-05-26ptba_laporan_berkelanjutan113825,True,"Upaya lain yang dilakukan PTBA untuk mengukuhkan sikap antikorupsi adalah secara berkesinambungan melakukan sosialisasi kebijakan dan prosedur antikorupsi di lingkungan Perusahaan. Merujuk sosialisasi yang sudah terselenggara, per 31 Desember 2024, anggota Dewan Komisaris dan Direksi yang telah mendapatkan sosialisasi dan prosedur antikorupsi tercatat sebanyak 11 orang, atau 100% dari total Dewan Komisaris dan Direksi. Adapun karyawan yang telah mendapatkan sosialisasi kebijakan dan prosedur antikorupsi sebanyak 1.679 orang atau 100% dari total karyawan.",560,73,id,governance,g,outcome,positive,1.0,governance|metrics,"Provides specific quantitative metrics (100% of Board members and employees trained) showing successful implementation of anti-corruption policies, which is a measurable outcome with positive sentiment.",outcome,lexical_outcome,outcome,False,False,False,False,False,,,environmental-claims,/home/ubuntu/apps/benchmarks/model_download/models/environmental-claims,Local model,no,0.997763,False,climatebert_multi_20260526T074116Z_df720b,0.883
r041_006,41,6,2026-04-08T02:51:48.065874Z,arcee-ai/trinity-large-preview:free,tone_chain_of_thought_indonesian.md,20250526113828-2025-05-26ptba_laporan_berkelanjutan113825_pdf/batch_6,20250526113828-2025-05-26ptba_laporan_berkelanjutan113825,True,Sedangkan mitra atau vendor yang telah mendapatkan sosialisasi kebijakan dan prosedur antikorupsi adalah seluruh vendor ditandai dengan penandatanganan pakta integritas.,169,20,id,governance,g,outcome,positive,1.0,governance|metrics,"Provides specific quantitative metric (all vendors signed integrity pact) showing successful implementation of anti-corruption policies with vendors, which is a measurable outcome with positive sentiment.",outcome,lexical_outcome,outcome,False,False,False,False,False,,,environmental-claims,/home/ubuntu/apps/benchmarks/model_download/models/environmental-claims,Local model,no,0.99593,False,climatebert_multi_20260526T074116Z_df720b,0.185
r041_007,41,7,2026-04-08T02:51:48.065874Z,arcee-ai/trinity-large-preview:free,tone_chain_of_thought_indonesian.md,20250526113828-2025-05-26ptba_laporan_berkelanjutan113825_pdf/batch_6,20250526113828-2025-05-26ptba_laporan_berkelanjutan113825,True,"Selain sosialisasi kebijakan dan prosedur antikorupsi, PTBA juga memberi kesempatan kepada Dewan Komisaris, Direksi dan karyawan untuk mengikuti pelatihan tentang antikorupsi. Hingga akhir tahun 2024, jumlah anggota Dewan Komisaris dan Direksi yang telah mengikuti pelatihan antikorupsi tercatat sebanyak 11 orang, atau 100% dari total Dewan Komisaris dan Direksi. Sedangkan karyawan yang telah mengikuti pelatihan antikorupsi sebanyak 372 orang atau 22% dari total karyawan.",475,63,id,governance,g,outcome,positive,1.0,governance|metrics,"Provides specific quantitative metrics (100% of Board members and 22% of employees trained) showing successful implementation of anti-corruption training programs, which is a measurable outcome with positive sentiment.",outcome,lexical_outcome,outcome,False,False,False,False,False,,,environmental-claims,/home/ubuntu/apps/benchmarks/model_download/models/environmental-claims,Local model,no,0.997821,False,climatebert_multi_20260526T074116Z_df720b,0.701
r043_000,43,0,2026-04-08T02:53:20.718700Z,arcee-ai/trinity-large-preview:free,tone_chain_of_thought_indonesian.md,vktr_ar_sr_2024_pdf/batch_20,vktr_ar_sr_2024,True,"Sepanjang tahun 2024, VKTR mengukuhkan peran strategisnya dalam membentuk lanskap baru transportasi berkelanjutan di Indonesia. Tidak hanya sebagai perintis, VKTR kini hadir sebagai arsitek utama yang merancang dan mewujudkan solusi mobilitas hijau yang adaptif dan menyeluruh. Melalui pengembangan kendaraan listrik komersial lintas sektor, mulai dari truk dan bus, hingga solusi logistik dan angkutan perkotaan, VKTR memperkenalkan model mobilitas yang tidak hanya efisien, tetapi juga berorientasi pada masa depan rendah emisi.",530,70,id,climate-detection,e,commitment,neutral,0.0,climate-d|climate-specificity|climate-commitment|climate-sentiment|climate-s,"Teks membahas komitmen VKTR dalam mengembangkan transportasi berkelanjutan dan kendaraan listrik, yang secara langsung terkait dengan isu iklim dan lingkungan. Pernyataan ini bersifat umum namun spesifik dalam konteks bisnis transportasi.",commitment,lexical_or_climate_commitment,commitment,False,False,True,False,True,,,environmental-claims,/home/ubuntu/apps/benchmarks/model_download/models/environmental-claims,Local model,no,0.996324,False,climatebert_multi_20260526T074116Z_df720b,0.757
r043_001,43,1,2026-04-08T02:53:20.718700Z,arcee-ai/trinity-large-preview:free,tone_chain_of_thought_indonesian.md,vktr_ar_sr_2024_pdf/batch_20,vktr_ar_sr_2024,True,"Keberhasilan pembangunan fasilitas perakitan kendaraan listrik di Magelang menjadi tonggak penting yang mencerminkan langkah nyata industrialisasi hijau di tingkat nasional. Dengan mengedepankan standar lokal dan pemberdayaan rantai pasok dalam negeri, VKTR memperluas cakupan dampak transformasi, dari aspek teknologi hingga penciptaan nilai ekonomi dan sosial.",362,44,id,climate-detection,e,action,positive,0.8,climate-d|climate-specificity|climate-commitment|climate-sentiment|climate-s,"Teks menyoroti pembangunan fasilitas kendaraan listrik sebagai langkah nyata menuju industrialisasi hijau, dengan dampak positif pada teknologi, ekonomi, dan sosial. Ini menunjukkan komitmen dan tindakan konkret terkait isu iklim.",outcome,lexical_outcome,action,False,False,True,False,True,,,environmental-claims,/home/ubuntu/apps/benchmarks/model_download/models/environmental-claims,Local model,no,0.996065,False,climatebert_multi_20260526T074116Z_df720b,0.374
r043_002,43,2,2026-04-08T02:53:20.718700Z,arcee-ai/trinity-large-preview:free,tone_chain_of_thought_indonesian.md,vktr_ar_sr_2024_pdf/batch_20,vktr_ar_sr_2024,True,"VKTR terus menjadi bagian penting dari solusi nasional menuju masa depan transportasi rendah karbon. Perjalanan ini bukan sekadar menghadirkan produk, tetapi membentuk sistem, sebuah ekosistem yang menjawab kebutuhan zaman dengan teknologi, tanggung jawab lingkungan, dan tekad kolektif membangun Indonesia yang lebih hijau dan tangguh.",336,44,id,climate-detection,e,commitment,positive,0.7,climate-d|climate-specificity|climate-commitment|climate-sentiment|climate-s,"Teks menekankan peran VKTR dalam membangun ekosistem transportasi rendah karbon, dengan fokus pada tanggung jawab lingkungan dan masa depan yang lebih hijau. Ini mencerminkan komitmen jangka panjang terhadap isu iklim.",commitment,lexical_or_climate_commitment,commitment,False,False,True,False,True,,,environmental-claims,/home/ubuntu/apps/benchmarks/model_download/models/environmental-claims,Local model,no,0.996476,False,climatebert_multi_20260526T074116Z_df720b,0.463
r043_003,43,3,2026-04-08T02:53:20.718700Z,arcee-ai/trinity-large-preview:free,tone_chain_of_thought_indonesian.md,vktr_ar_sr_2024_pdf/batch_20,vktr_ar_sr_2024,True,"Pada tanggal 10 Oktober 2023, Perusahaan dan MB menandatangani perjanjian kerja sama antara BA, Entitas Anak, dan MB, dimana Perusahaan akan menyediakan jasa perawatan, perbaikan dan penyediaan suku cadang untuk BYD yang dibutuhkan oleh Kendaraan Bus Listrik BYD K9 LF milik MB. Perusahaan menyatakan bersedia untuk bekerja sama dengan MB dalam hal perawatan, perbaikan, dan penyediaan suku cadang untuk Kendaraan Bus Listrik BYD K9 LF.",436,65,id,climate-detection,e,action,neutral,0.0,climate-d|climate-specificity|climate-commitment|climate-sentiment|climate-s,"Teks menggambarkan kerja sama teknis untuk perawatan kendaraan listrik, yang secara tidak langsung mendukung penggunaan kendaraan rendah emisi. Namun, fokusnya lebih pada aspek operasional daripada komitmen iklim secara langsung.",commitment,lexical_or_climate_commitment,action,False,False,True,False,True,,,environmental-claims,/home/ubuntu/apps/benchmarks/model_download/models/environmental-claims,Local model,no,0.998097,False,climatebert_multi_20260526T074116Z_df720b,0.514
r043_004,43,4,2026-04-08T02:53:20.718700Z,arcee-ai/trinity-large-preview:free,tone_chain_of_thought_indonesian.md,vktr_ar_sr_2024_pdf/batch_20,vktr_ar_sr_2024,True,"Pada tanggal 27 September 2024, Perusahaan menandatangani Surat Perjanjian Kerahasiaan (NDA) dengan PT Agro Multi Persada. NDA tersebut berisi bahwa kedua perusahaan sepakat sehubungan adanya kemungkinan kerja sama dalam penggunaan truk dan bus listrik milik perusahaan oleh AMP untuk tujuan uji coba kendaraan listrik Perusahaan.",330,45,id,climate-detection,e,commitment,neutral,0.0,climate-d|climate-specificity|climate-commitment|climate-sentiment|climate-s,"Teks menunjukkan komitmen untuk menguji coba kendaraan listrik, yang merupakan langkah menuju adopsi teknologi rendah emisi. Namun, ini masih bersifat potensial dan belum menjadi tindakan konkret.",commitment,lexical_or_climate_commitment,commitment,False,False,True,False,True,,,environmental-claims,/home/ubuntu/apps/benchmarks/model_download/models/environmental-claims,Local model,no,0.997601,False,climatebert_multi_20260526T074116Z_df720b,0.6
r043_005,43,5,2026-04-08T02:53:20.718700Z,arcee-ai/trinity-large-preview:free,tone_chain_of_thought_indonesian.md,vktr_ar_sr_2024_pdf/batch_20,vktr_ar_sr_2024,True,"Pada tanggal 1 Juni 2024, Perusahaan menandatangani Memorandum of Understanding dengan WBKM. Perusahaan, sebagai perusahaan yang bergerak di bidang perdagangan dan manufaktur kendaraan listrik, dan WBKM, sebagai Perusahaan yang menyediakan angkutan umum, ingin mengeksplorasi dan mempertimbangkan peluang untuk melakukan kerjasama timbal balik yang lebih luas pada proyek di Indonesia.",385,49,id,climate-detection,e,commitment,neutral,0.0,climate-d|climate-specificity|climate-commitment|climate-sentiment|climate-s,"Teks menggambarkan eksplorasi kerja sama untuk proyek kendaraan listrik, yang menunjukkan komitmen terhadap transportasi berkelanjutan. Namun, ini masih dalam tahap perencanaan dan belum menjadi tindakan nyata.",commitment,lexical_or_climate_commitment,commitment,False,False,True,False,True,,,environmental-claims,/home/ubuntu/apps/benchmarks/model_download/models/environmental-claims,Local model,no,0.997913,False,climatebert_multi_20260526T074116Z_df720b,0.633
r043_006,43,6,2026-04-08T02:53:20.718700Z,arcee-ai/trinity-large-preview:free,tone_chain_of_thought_indonesian.md,vktr_ar_sr_2024_pdf/batch_20,vktr_ar_sr_2024,True,"Pada tanggal 15 Februari 2024, Perusahaan membuat Memorandum of Understanding (""MOU"") dengan MHN. Perusahaan dan MHN ingin mengeksplorasi dan mempertimbangkan peluang untuk bekerja sama satu sama lain dan mengembangkan bersama dengan bidang yang lebih luas dari kerja sama timbal balik pada proyek di Indonesia. Jangka waktunya adalah dua (2) tahun sejak tanggal efektif.",371,53,id,climate-detection,e,commitment,neutral,0.0,climate-d|climate-specificity|climate-commitment|climate-sentiment|climate-s,"Teks menunjukkan komitmen untuk menjajaki kerja sama dalam proyek kendaraan listrik, yang sejalan dengan tujuan transportasi berkelanjutan. Namun, ini masih bersifat eksploratif dan belum menjadi tindakan konkret.",commitment,lexical_or_climate_commitment,commitment,False,False,True,False,True,,,environmental-claims,/home/ubuntu/apps/benchmarks/model_download/models/environmental-claims,Local model,no,0.997977,False,climatebert_multi_20260526T074116Z_df720b,0.501
r043_007,43,7,2026-04-08T02:53:20.718700Z,arcee-ai/trinity-large-preview:free,tone_chain_of_thought_indonesian.md,vktr_ar_sr_2024_pdf/batch_20,vktr_ar_sr_2024,True,"Pada tanggal 16 Februari 2024, Perusahaan menandatangani Perjanjian Kerahasiaan dengan MHN. Perusahaan dan MHN sepakat bahwa Perusahaan akan bekerjasama dengan MHN untuk mendiskusikan peluang bisnis atas proyek kendaraan listrik.",229,29,id,climate-detection,e,commitment,neutral,0.0,climate-d|climate-specificity|climate-commitment|climate-sentiment|climate-s,"Teks menggambarkan komitmen untuk mendiskusikan peluang bisnis kendaraan listrik, yang mendukung tujuan transportasi berkelanjutan. Namun, ini masih dalam tahap diskusi dan belum menjadi tindakan nyata.",commitment,lexical_or_climate_commitment,commitment,False,False,True,False,True,,,environmental-claims,/home/ubuntu/apps/benchmarks/model_download/models/environmental-claims,Local model,no,0.996896,False,climatebert_multi_20260526T074116Z_df720b,0.26
r043_008,43,8,2026-04-08T02:53:20.718700Z,arcee-ai/trinity-large-preview:free,tone_chain_of_thought_indonesian.md,vktr_ar_sr_2024_pdf/batch_20,vktr_ar_sr_2024,True,"Pada tanggal 15 Februari 2024, Perusahaan menandatangani Perjanjian Kerahasiaan dengan BTN. Perusahaan dan BTN sepakat untuk mendiskusikan peluang bisnis atas proyek Modal Kerja Usaha untuk sektor Kendaraan Listrik. Dalam hal ini, kedua pihak setuju untuk melakukan analisa atas data-data yang diberikan oleh pihak lainnya yang dianggap diperlukan berkaitan dengan pelaksanaan proyek.",384,52,id,climate-detection,e,commitment,neutral,0.0,climate-d|climate-specificity|climate-commitment|climate-sentiment|climate-s,"Teks menunjukkan komitmen untuk menjajaki peluang bisnis di sektor kendaraan listrik, yang mendukung tujuan transportasi berkelanjutan. Namun, ini masih dalam tahap analisis dan belum menjadi tindakan konkret.",commitment,lexical_or_climate_commitment,commitment,False,False,True,False,True,,,environmental-claims,/home/ubuntu/apps/benchmarks/model_download/models/environmental-claims,Local model,no,0.997735,False,climatebert_multi_20260526T074116Z_df720b,0.665
r043_009,43,9,2026-04-08T02:53:20.718700Z,arcee-ai/trinity-large-preview:free,tone_chain_of_thought_indonesian.md,vktr_ar_sr_2024_pdf/batch_20,vktr_ar_sr_2024,True,"Pada tanggal 15 November 2024, Perusahaan dan AMP menandatangani Perjanjian Uji Coba Truk Listrik untuk menguji coba satu (1) unit Truk Listrik tipe VKTR Light Duty Truck TLD080F dengan karoseri Hook Lift di lokasi kebun yang disepakati oleh Perusahan dan AMP. Uji coba ini dilakukan untuk mengevaluasi kinerja Truk Listrik dalam operasional di area kerja AMP, dengan periode uji coba selama satu (1) bulan. Kesuksesan uji coba akan ditentukan berdasarkan parameter kinerja yang telah disepakati, dan jika hasil uji coba memuaskan, AMP berpotensi untuk melakukan pembelian lebih lanjut sesuai dengan kesepakatan tertulis.",621,92,id,climate-detection,e,action,neutral,0.0,climate-d|climate-specificity|climate-commitment|climate-sentiment|climate-s,"Teks menggambarkan tindakan nyata untuk menguji coba truk listrik, yang merupakan langkah konkret menuju adopsi teknologi rendah emisi. Ini menunjukkan komitmen dan tindakan terkait isu iklim.",outcome,lexical_outcome,action,False,False,True,False,True,,,environmental-claims,/home/ubuntu/apps/benchmarks/model_download/models/environmental-claims,Local model,no,0.99825,False,climatebert_multi_20260526T074116Z_df720b,0.64
r043_010,43,10,2026-04-08T02:53:20.718700Z,arcee-ai/trinity-large-preview:free,tone_chain_of_thought_indonesian.md,vktr_ar_sr_2024_pdf/batch_20,vktr_ar_sr_2024,True,"Pada tanggal 5 Agustus 2024, VSI dan BYD telah mengadakan Perjanjian Lisensi Teknis Perakitan KD. Berdasarkan Perjanjian tersebut, VSI sebagai Penerima Lisensi dan BYD sebagai Pemberi Lisensi yang dimana mengatur tentang pemberian Hak Produksi.",244,34,id,climate-detection,e,action,neutral,0.0,climate-d|climate-specificity|climate-commitment|climate-sentiment|climate-s,"Teks menggambarkan tindakan nyata dalam bentuk perjanjian lisensi teknis untuk perakitan kendaraan listrik, yang mendukung tujuan transportasi berkelanjutan. Ini menunjukkan komitmen dan tindakan terkait isu iklim.",outcome,lexical_outcome,action,False,False,True,False,True,,,environmental-claims,/home/ubuntu/apps/benchmarks/model_download/models/environmental-claims,Local model,no,0.997715,False,climatebert_multi_20260526T074116Z_df720b,0.359
r043_011,43,11,2026-04-08T02:53:20.718700Z,arcee-ai/trinity-large-preview:free,tone_chain_of_thought_indonesian.md,vktr_ar_sr_2024_pdf/batch_20,vktr_ar_sr_2024,True,"Pada tanggal 30 April 2022, Perusahaan dan Anhui mengadakan perjanjian negosiasi terhadap JAC Electric Vehicle Chassis. Jangka waktu perjanjian ini adalah lima (5) tahun.",170,24,id,climate-detection,e,commitment,neutral,0.0,climate-d|climate-specificity|climate-commitment|climate-sentiment|climate-s,"Teks menunjukkan komitmen jangka panjang untuk menjajaki kerja sama dalam pengembangan kendaraan listrik, yang mendukung tujuan transportasi berkelanjutan. Namun, ini masih dalam tahap negosiasi dan belum menjadi tindakan konkret.",commitment,lexical_or_climate_commitment,commitment,False,False,True,False,True,,,environmental-claims,/home/ubuntu/apps/benchmarks/model_download/models/environmental-claims,Local model,no,0.998579,False,climatebert_multi_20260526T074116Z_df720b,0.262
r048_000,48,0,2026-04-08T02:53:38.374726Z,arcee-ai/trinity-large-preview:free,tone_chain_of_thought_english.md,20250526113828-2025-05-26ptba_laporan_berkelanjutan113825_pdf/batch_5,20250526113828-2025-05-26ptba_laporan_berkelanjutan113825,True,"PTBA berkomitmen mendukung target Pemerintah mencapai nol emisi. PTBA juga berkomitmen untuk menjalankan bisnis berkelanjutan dengan menerapkan keselarasan antara aspek Environmental, Social, and Governance (ESG).",213,25,mixed,climate-commitment,e,commitment,neutral,0.0,climate-commitment|climate-detection|governance,"Statement expresses commitment to ESG alignment and net-zero target, which is future-oriented without measurable outcome.",outcome,lexical_outcome,commitment,False,False,True,False,False,,,environmental-claims,/home/ubuntu/apps/benchmarks/model_download/models/environmental-claims,Local model,no,0.997998,False,climatebert_multi_20260526T074116Z_df720b,0.363
r048_001,48,1,2026-04-08T02:53:38.374726Z,arcee-ai/trinity-large-preview:free,tone_chain_of_thought_english.md,20250526113828-2025-05-26ptba_laporan_berkelanjutan113825_pdf/batch_5,20250526113828-2025-05-26ptba_laporan_berkelanjutan113825,True,Perseroan senantiasa melakukan berbagai optimasi menuju pertambangan yang lebih ramah lingkungan.,97,11,id,environmental-claims,e,action,neutral,0.0,environmental-claims|climate-detection,Describes ongoing optimization efforts toward environmentally friendly mining without specifying measurable results.,action,lexical_or_climate_action,action,False,False,False,True,False,,,environmental-claims,/home/ubuntu/apps/benchmarks/model_download/models/environmental-claims,Local model,no,0.997038,False,climatebert_multi_20260526T074116Z_df720b,0.249
r048_002,48,2,2026-04-08T02:53:38.374726Z,arcee-ai/trinity-large-preview:free,tone_chain_of_thought_english.md,20250526113828-2025-05-26ptba_laporan_berkelanjutan113825_pdf/batch_5,20250526113828-2025-05-26ptba_laporan_berkelanjutan113825,True,"Langkah nyata yang diambil antara lain menerapkan eco, mechanized mining yaitu mengganti peralatan pertambangan yang menggunakan bahan bakar fosil menjadi elektrik, e-mining reporting system yaitu, system pelaporan produksi secara real time dan daring dan berbagai program manajemen karbon di area operasional penambangan.",322,43,id,climate-d-s,e,action,neutral,0.0,climate-d-s|climate-detection|metrics,Describes specific actions taken including replacing fossil fuel equipment with electric and implementing carbon management programs.,commitment,lexical_or_climate_commitment,action,False,False,False,False,False,,,environmental-claims,/home/ubuntu/apps/benchmarks/model_download/models/environmental-claims,Local model,no,0.997872,False,climatebert_multi_20260526T074116Z_df720b,0.355
r048_003,48,3,2026-04-08T02:53:38.374726Z,arcee-ai/trinity-large-preview:free,tone_chain_of_thought_english.md,20250526113828-2025-05-26ptba_laporan_berkelanjutan113825_pdf/batch_5,20250526113828-2025-05-26ptba_laporan_berkelanjutan113825,True,"Perseroan juga menciptakan sinergi dan kerja sama dengan berbagai mitra strategis dalam mewujudkan energi bersih seperti pengembangan PLTS, PLTB, tanaman Kaliandra untuk mengurangi emisi karbon dan menjadi simpanan biomassa untuk diolah menjadi wood pellet sebagai bahan campuran co-firing di PLTU serta Carbon Capture, Utilization (CCU) atau penangkapan karbon dioksida dan dikonversi menjadi methanol.",403,54,id,climate-d-s,e,action,neutral,0.0,climate-d-s|climate-detection|metrics|strategy,"Describes specific collaborative actions with strategic partners to develop clean energy solutions including solar, wind, biomass, and carbon capture.",commitment,lexical_or_climate_commitment,action,False,False,False,False,False,,,environmental-claims,/home/ubuntu/apps/benchmarks/model_download/models/environmental-claims,Local model,no,0.99694,False,climatebert_multi_20260526T074116Z_df720b,0.278
r048_004,48,4,2026-04-08T02:53:38.374726Z,arcee-ai/trinity-large-preview:free,tone_chain_of_thought_english.md,20250526113828-2025-05-26ptba_laporan_berkelanjutan113825_pdf/batch_5,20250526113828-2025-05-26ptba_laporan_berkelanjutan113825,True,PTBA berkomitmen mendukung target Pemerintah mencapai Emisi Nol Bersih atau Net Zero Emission pada 2060.,104,15,unknown,netzero-reduction,e,commitment,neutral,0.0,netzero-reduction|climate-commitment|climate-detection,"Explicit commitment to government's Net Zero Emission target by 2060, which is future-oriented.",outcome,lexical_outcome,commitment,False,False,True,False,False,,,environmental-claims,/home/ubuntu/apps/benchmarks/model_download/models/environmental-claims,Local model,no,0.766584,False,climatebert_multi_20260526T074116Z_df720b,0.121
r048_005,48,5,2026-04-08T02:53:38.374726Z,arcee-ai/trinity-large-preview:free,tone_chain_of_thought_english.md,20250526113828-2025-05-26ptba_laporan_berkelanjutan113825_pdf/batch_5,20250526113828-2025-05-26ptba_laporan_berkelanjutan113825,True,"Dengan visi menjadi perusahaan energi kelas dunia, PTBA telah memiliki roadmap manajemen karbon hingga 2050, baik bersifat pengurangan emisi (reducing emission sources/ maupun peningkatan penyerapan emisi (increase carbon sinks).",229,29,id,climate-d-s,e,action,neutral,0.0,climate-d-s|climate-detection|strategy|metrics,Describes specific carbon management roadmap with both emission reduction and carbon sink enhancement strategies.,outcome,lexical_outcome,action,False,False,False,False,False,,,environmental-claims,/home/ubuntu/apps/benchmarks/model_download/models/environmental-claims,Local model,no,0.992911,False,climatebert_multi_20260526T074116Z_df720b,0.356
r048_006,48,6,2026-04-08T02:53:38.374726Z,arcee-ai/trinity-large-preview:free,tone_chain_of_thought_english.md,20250526113828-2025-05-26ptba_laporan_berkelanjutan113825_pdf/batch_5,20250526113828-2025-05-26ptba_laporan_berkelanjutan113825,True,"Berdasarkan manajemen karbon hingga 2050, terdapat 3 (tiga) pendekatan yang dilakukan PTBA, yaitu dekarbonisasi operasi, reklamasi, dan studi CCU (carbon capture, utilization, and utilization).",193,24,mixed,climate-d-s,e,action,missing,,climate-d-s|climate-detection|strategy,"Describes specific three-pronged approach to carbon management including decarbonization, reclamation, and CCU studies.",none,fallback_none,action,True,True,False,False,False,,,environmental-claims,/home/ubuntu/apps/benchmarks/model_download/models/environmental-claims,Local model,no,0.998007,False,climatebert_multi_20260526T074116Z_df720b,0.243
r048_007,48,7,2026-04-08T02:53:38.374726Z,arcee-ai/trinity-large-preview:free,tone_chain_of_thought_english.md,20250526113828-2025-05-26ptba_laporan_berkelanjutan113825_pdf/batch_5,20250526113828-2025-05-26ptba_laporan_berkelanjutan113825,True,"PTBA memiliki sikap tegas terhadap korupsi sebagai bagian dari komitmen Perusahaan dalam menjalankan bisnis yang bersih, transparan, dan berintegritas.",151,19,id,governance,g,commitment,neutral,0.0,governance|none,"Expresses commitment to anti-corruption as part of clean, transparent, and ethical business practices.",commitment,lexical_or_climate_commitment,commitment,False,False,False,False,False,,,environmental-claims,/home/ubuntu/apps/benchmarks/model_download/models/environmental-claims,Local model,no,0.996661,False,climatebert_multi_20260526T074116Z_df720b,0.21
r048_008,48,8,2026-04-08T02:53:38.374726Z,arcee-ai/trinity-large-preview:free,tone_chain_of_thought_english.md,20250526113828-2025-05-26ptba_laporan_berkelanjutan113825_pdf/batch_5,20250526113828-2025-05-26ptba_laporan_berkelanjutan113825,True,"Perusahaan menolak segala bentuk praktik korupsi, kolusi, dan nepotisme, baik dalam hubungan internal maupun eksternal perusahaan.",130,16,id,governance,g,commitment,neutral,0.0,governance|none,"Explicit rejection of corruption, collusion, and nepotism in all business relationships.",none,label_none,commitment,False,False,False,False,False,,,environmental-claims,/home/ubuntu/apps/benchmarks/model_download/models/environmental-claims,Local model,no,0.996963,False,climatebert_multi_20260526T074116Z_df720b,0.217
r048_009,48,9,2026-04-08T02:53:38.374726Z,arcee-ai/trinity-large-preview:free,tone_chain_of_thought_english.md,20250526113828-2025-05-26ptba_laporan_berkelanjutan113825_pdf/batch_5,20250526113828-2025-05-26ptba_laporan_berkelanjutan113825,True,"Sikap ini diwujudkan melalui penerapan kode etik yang ketat, pengawasan internal yang kuat, serta implementasi whistleblowing system yang memungkinkan karyawan dan pemangku kepentingan melaporkan dugaan tindak korupsi secara aman.",230,29,id,governance,g,action,neutral,0.0,governance|none,"Describes specific actions taken including strict code of ethics, strong internal supervision, and whistleblowing system implementation.",none,label_none,action,False,False,False,False,False,,,environmental-claims,/home/ubuntu/apps/benchmarks/model_download/models/environmental-claims,Local model,no,0.99532,False,climatebert_multi_20260526T074116Z_df720b,0.206
r048_010,48,10,2026-04-08T02:53:38.374726Z,arcee-ai/trinity-large-preview:free,tone_chain_of_thought_english.md,20250526113828-2025-05-26ptba_laporan_berkelanjutan113825_pdf/batch_5,20250526113828-2025-05-26ptba_laporan_berkelanjutan113825,True,"Merujuk Undang-Undang No. 31 Tahun 1999 jo. Undang-Undang No. 20 Tahun 2001 tentang Pemberantasan Tindak Pidana Korupsi, pengertian korupsi mencakup perbuatan melawan hukum, memperkaya diri orang/badan lain yang merugikan keuangan/perekonomian negara (pasal 2); menyalahgunakan kewenangan karena jabatan/kedudukan yang dapat merugikan keuangan/kedudukan yang dapat merugikan keuangan/perekonomian negara (pasal 3); kelompok delik penyuapan (pasal 5,6, dan 11); kelompok delik penggelapan dalam jabatan (pasal 8, 9, dan 10); delik pemerasan dalam jabatan (pasal 12); delik yang berkaitan dengan pemborongan (pasal 7); hingga delik gratifikasi (pasal 12B dan 12C).",662,93,id,governance,g,none,neutral,0.0,governance|none,Provides legal definition of corruption without expressing sentiment or action.,commitment,lexical_or_climate_commitment,none,False,False,False,False,False,,,environmental-claims,/home/ubuntu/apps/benchmarks/model_download/models/environmental-claims,Local model,no,0.99818,False,climatebert_multi_20260526T074116Z_df720b,0.754
r048_011,48,11,2026-04-08T02:53:38.374726Z,arcee-ai/trinity-large-preview:free,tone_chain_of_thought_english.md,20250526113828-2025-05-26ptba_laporan_berkelanjutan113825_pdf/batch_5,20250526113828-2025-05-26ptba_laporan_berkelanjutan113825,True,"Ketegasan terhadap antikorupsi diimplementasikan Perusahaan antara lain dengan tidak memberi dan menerima hadiah serta gratifikasi yang diperkirakan akan memengaruhi independensi dalam proses pengambilan keputusan, serta bertentangan dengan etika bisnis yang sehat dan/atau bertentangan dengan hukum yang berlaku.",313,38,id,governance,g,action,neutral,0.0,governance|none,Describes specific anti-corruption actions including prohibition of gifts and gratuities that could influence decision-making.,commitment,lexical_or_climate_commitment,action,False,False,False,False,False,,,environmental-claims,/home/ubuntu/apps/benchmarks/model_download/models/environmental-claims,Local model,no,0.995635,False,climatebert_multi_20260526T074116Z_df720b,0.497
r048_012,48,12,2026-04-08T02:53:38.374726Z,arcee-ai/trinity-large-preview:free,tone_chain_of_thought_english.md,20250526113828-2025-05-26ptba_laporan_berkelanjutan113825_pdf/batch_5,20250526113828-2025-05-26ptba_laporan_berkelanjutan113825,True,Komitmen antikorupsi tersebut dikukuhkan dengan beberapa kebijakan di PTBA di antaranya Keputusan Bersama Dewan Komisaris dan Direksi PTBA Nomor:10/SK/PTBA-DEKOM/IX/2020 dan Nomor:400/0100/2020 tentang Penerapan Prinsip dan Praktik Good Corporate Governance Untuk Kebijakan Anti Gratifikasi di PT Bukit Asam Tbk dan Pedoman Pengendalian Gratifikasi BAAGM:03 Nomor Revisi 1 tahun 2024.,384,58,mixed,governance,g,action,neutral,0.0,governance|none,Describes specific policy documents that strengthen anti-corruption commitment.,commitment,lexical_or_climate_commitment,action,False,False,False,False,False,,,environmental-claims,/home/ubuntu/apps/benchmarks/model_download/models/environmental-claims,Local model,no,0.997699,False,climatebert_multi_20260526T074116Z_df720b,0.58
r048_013,48,13,2026-04-08T02:53:38.374726Z,arcee-ai/trinity-large-preview:free,tone_chain_of_thought_english.md,20250526113828-2025-05-26ptba_laporan_berkelanjutan113825_pdf/batch_5,20250526113828-2025-05-26ptba_laporan_berkelanjutan113825,True,"Selaras dengan itu, sejak tahun 2020, PTBA telah mengadopsi sertifikasi Sistem Manajemen Anti Penyuapan (SMAP) ISO 37001:2016.",126,18,id,governance,g,action,neutral,0.0,governance|none,Describes specific action of adopting ISO 37001:2016 Anti-Bribery Management System certification.,outcome,lexical_outcome,action,False,False,False,False,False,,,environmental-claims,/home/ubuntu/apps/benchmarks/model_download/models/environmental-claims,Local model,no,0.997149,False,climatebert_multi_20260526T074116Z_df720b,0.182
r048_014,48,14,2026-04-08T02:53:38.374726Z,arcee-ai/trinity-large-preview:free,tone_chain_of_thought_english.md,20250526113828-2025-05-26ptba_laporan_berkelanjutan113825_pdf/batch_5,20250526113828-2025-05-26ptba_laporan_berkelanjutan113825,True,"Lebih lanjut, untuk memperkecil, bahkan menutup peluang terjadinya korupsi, PTBA telah melakukan pemetaan dan pengkajian risiko dalam mata rantai dan operasional usaha yang berpotensi besar terjadi korupsi.",206,27,id,governance,g,action,neutral,0.0,governance|none,Describes risk mapping and assessment actions to minimize corruption opportunities.,outcome,lexical_outcome,action,False,False,False,False,False,,,environmental-claims,/home/ubuntu/apps/benchmarks/model_download/models/environmental-claims,Local model,no,0.995841,False,climatebert_multi_20260526T074116Z_df720b,0.377
r048_015,48,15,2026-04-08T02:53:38.374726Z,arcee-ai/trinity-large-preview:free,tone_chain_of_thought_english.md,20250526113828-2025-05-26ptba_laporan_berkelanjutan113825_pdf/batch_5,20250526113828-2025-05-26ptba_laporan_berkelanjutan113825,True,"Berdasarkan pemetaan tersebut, diidentifikasi 82% dari operasi memiliki risiko terkait korupsi.",95,11,unknown,governance,g,outcome,neutral,0.0,governance|none|metrics,Provides specific quantitative outcome showing 82% of operations have corruption-related risks.,none,label_none,outcome,False,False,False,False,False,,,environmental-claims,/home/ubuntu/apps/benchmarks/model_download/models/environmental-claims,Local model,no,0.997894,False,climatebert_multi_20260526T074116Z_df720b,0.131
r048_016,48,16,2026-04-08T02:53:38.374726Z,arcee-ai/trinity-large-preview:free,tone_chain_of_thought_english.md,20250526113828-2025-05-26ptba_laporan_berkelanjutan113825_pdf/batch_5,20250526113828-2025-05-26ptba_laporan_berkelanjutan113825,True,"Untuk mencegah terjadinya korupsi di bagian tersebut, Perseroan telah melakukan mitigasi berupa penerapan prinsip dan",117,15,id,governance,g,action,neutral,0.0,governance|none,Describes mitigation actions to prevent corruption in high-risk areas.,outcome,lexical_outcome,action,False,False,False,False,False,,,environmental-claims,/home/ubuntu/apps/benchmarks/model_download/models/environmental-claims,Local model,no,0.996407,False,climatebert_multi_20260526T074116Z_df720b,0.19
r049_000,49,0,2026-04-08T02:55:09.053205Z,arcee-ai/trinity-large-preview:free,tone_zero_shot_english.md,AR SR GTRA 2024___pdf/batch_6,AR SR GTRA 2024,True,"Global dynamics in 2024 remained complex and uncertain, driven by rising geopolitical tensions and disruptions in commodity supply chains.",138,19,en,climate-detection,e,none,negative,-1.0,climate-d|climate-sentiment|climate-s,"Text discusses climate-related disruptions and geopolitical tensions affecting supply chains, indicating negative sentiment toward climate risks.",none,fallback_none,none,False,False,False,False,True,,,environmental-claims,/home/ubuntu/apps/benchmarks/model_download/models/environmental-claims,Local model,no,0.998569,False,climatebert_multi_20260526T074116Z_df720b,0.177
r049_001,49,1,2026-04-08T02:55:09.053205Z,arcee-ai/trinity-large-preview:free,tone_zero_shot_english.md,AR SR GTRA 2024___pdf/batch_6,AR SR GTRA 2024,True,"Conflicts in Eastern Europe and the Middle East triggered supply chain instability and price surges across key commodities, prompting central banks around the world to raise benchmark interest rates in an effort to control inflation.",233,35,en,climate-detection,e,none,negative,-1.0,climate-d|climate-sentiment|climate-s,"Text highlights climate-related conflicts causing supply chain instability and economic impacts, reflecting negative sentiment toward climate risks.",none,fallback_none,none,False,False,False,False,True,,,environmental-claims,/home/ubuntu/apps/benchmarks/model_download/models/environmental-claims,Local model,no,0.997326,False,climatebert_multi_20260526T074116Z_df720b,0.125
r049_002,49,2,2026-04-08T02:55:09.053205Z,arcee-ai/trinity-large-preview:free,tone_zero_shot_english.md,AR SR GTRA 2024___pdf/batch_6,AR SR GTRA 2024,True,"Indonesia, however, demonstrated consistent economic resilience, posting 5.03% GDP growth in 2024.",98,13,unknown,climate-detection,e,outcome,positive,1.0,climate-d|climate-sentiment|climate-s,"Text indicates positive economic performance despite climate-related challenges, showing resilience and positive sentiment.",none,fallback_none,outcome,False,False,False,False,True,,,environmental-claims,/home/ubuntu/apps/benchmarks/model_download/models/environmental-claims,Local model,no,0.998265,False,climatebert_multi_20260526T074116Z_df720b,0.13
r049_003,49,3,2026-04-08T02:55:09.053205Z,arcee-ai/trinity-large-preview:free,tone_zero_shot_english.md,AR SR GTRA 2024___pdf/batch_6,AR SR GTRA 2024,True,"Within this environment, the transport and warehousing sector stood out with 8.69% growth, driven by increased activity in manufacturing and trade.",147,22,en,climate-detection,e,outcome,positive,1.0,climate-d|climate-sentiment|climate-s,"Text highlights growth in the transport and warehousing sector, indicating positive sentiment toward economic performance.",none,fallback_none,outcome,False,False,False,False,True,,,environmental-claims,/home/ubuntu/apps/benchmarks/model_download/models/environmental-claims,Local model,no,0.996518,False,climatebert_multi_20260526T074116Z_df720b,0.18
r049_004,49,4,2026-04-08T02:55:09.053205Z,arcee-ai/trinity-large-preview:free,tone_zero_shot_english.md,AR SR GTRA 2024___pdf/batch_6,AR SR GTRA 2024,True,"Against this backdrop, Grahatrans pursued a clear and deliberate strategy: Achieving Growth Through Improvement.",112,14,en,climate-detection,e,commitment,neutral,0.0,climate-commitment|climate-d,"Text describes a strategic commitment to growth and improvement, which is a future-oriented plan without measurable results.",commitment,lexical_or_climate_commitment,commitment,False,False,True,False,True,,,environmental-claims,/home/ubuntu/apps/benchmarks/model_download/models/environmental-claims,Local model,no,0.997036,False,climatebert_multi_20260526T074116Z_df720b,0.128
r049_005,49,5,2026-04-08T02:55:09.053205Z,arcee-ai/trinity-large-preview:free,tone_zero_shot_english.md,AR SR GTRA 2024___pdf/batch_6,AR SR GTRA 2024,True,The Company proactively responded to global and domestic uncertainties by diversifying its client base and focusing on sectors less reliant on import-export activities.,168,24,en,climate-detection,e,action,neutral,0.0,climate-commitment|climate-d,"Text describes proactive actions taken by the company to address uncertainties, which is an action without measurable results.",commitment,lexical_or_climate_commitment,action,False,False,True,False,True,,,environmental-claims,/home/ubuntu/apps/benchmarks/model_download/models/environmental-claims,Local model,no,0.997839,False,climatebert_multi_20260526T074116Z_df720b,0.213
r049_006,49,6,2026-04-08T02:55:09.053205Z,arcee-ai/trinity-large-preview:free,tone_zero_shot_english.md,AR SR GTRA 2024___pdf/batch_6,AR SR GTRA 2024,True,"This strategic shift not only strengthened Grahatrans's operational resilience, but also allowed it to align with broader national growth trends.",145,21,en,climate-detection,e,outcome,positive,1.0,climate-d|climate-sentiment|climate-s,"Text indicates positive outcomes from strategic actions, showing improved operational resilience and alignment with growth trends.",none,fallback_none,outcome,False,False,False,False,True,,,environmental-claims,/home/ubuntu/apps/benchmarks/model_download/models/environmental-claims,Local model,no,0.998769,False,climatebert_multi_20260526T074116Z_df720b,0.192
r049_007,49,7,2026-04-08T02:55:09.053205Z,arcee-ai/trinity-large-preview:free,tone_zero_shot_english.md,AR SR GTRA 2024___pdf/batch_6,AR SR GTRA 2024,True,"By enhancing internal capabilities and improving service efficiencies, Grahatrans is better positioned to meet rising demand, manage external risks, and build a foundation for sustainable expansion in the years ahead.",217,30,en,climate-detection,e,commitment,neutral,0.0,climate-commitment|climate-d,"Text describes future-oriented commitments to enhance capabilities and improve efficiencies, which is a plan without measurable results.",commitment,lexical_or_climate_commitment,commitment,False,False,True,False,True,,,environmental-claims,/home/ubuntu/apps/benchmarks/model_download/models/environmental-claims,Local model,no,0.998369,False,climatebert_multi_20260526T074116Z_df720b,0.124
r049_008,49,8,2026-04-08T02:55:09.053205Z,arcee-ai/trinity-large-preview:free,tone_zero_shot_english.md,AR SR GTRA 2024___pdf/batch_6,AR SR GTRA 2024,True,"In the case of sale and leaseback results in a finance lease, this is to be treated as two separate transactions, i.e. sale and lease.",134,26,en,governance,g,none,neutral,0.0,governance,"Text describes accounting policy for sale and leaseback transactions, which is a governance-related disclosure without sentiment.",none,fallback_none,none,False,False,False,False,False,,,environmental-claims,/home/ubuntu/apps/benchmarks/model_download/models/environmental-claims,Local model,no,0.998108,False,climatebert_multi_20260526T074116Z_df720b,0.133
r049_009,49,9,2026-04-08T02:55:09.053205Z,arcee-ai/trinity-large-preview:free,tone_zero_shot_english.md,AR SR GTRA 2024___pdf/batch_6,AR SR GTRA 2024,True,"Provisions are recognized when the Group has a present obligation (legal or constructive) where, as a result of a past event, it is probable that an outflow of resources embodying economic benefits will be required to settle the obligation and a reliable estimate can be made of the amount of the obligation.",308,52,en,governance,g,none,neutral,0.0,governance,"Text describes accounting policy for provisions, which is a governance-related disclosure without sentiment.",commitment,lexical_or_climate_commitment,none,False,False,False,False,False,,,environmental-claims,/home/ubuntu/apps/benchmarks/model_download/models/environmental-claims,Local model,no,0.99725,False,climatebert_multi_20260526T074116Z_df720b,0.172
r049_010,49,10,2026-04-08T02:55:09.053205Z,arcee-ai/trinity-large-preview:free,tone_zero_shot_english.md,AR SR GTRA 2024___pdf/batch_6,AR SR GTRA 2024,True,Provisions are reviewed at each end of reporting period and adjusted to reflect the current best estimate.,106,17,en,governance,g,none,neutral,0.0,governance,"Text describes the review process for provisions, which is a governance-related disclosure without sentiment.",none,fallback_none,none,False,False,False,False,False,,,environmental-claims,/home/ubuntu/apps/benchmarks/model_download/models/environmental-claims,Local model,no,0.998655,False,climatebert_multi_20260526T074116Z_df720b,0.116
r049_011,49,11,2026-04-08T02:55:09.053205Z,arcee-ai/trinity-large-preview:free,tone_zero_shot_english.md,AR SR GTRA 2024___pdf/batch_6,AR SR GTRA 2024,True,"If it is no longer probable that an outflow of resources embodying economic benefits will be required to settle the obligation, the provision is reversed.",154,25,en,governance,g,none,neutral,0.0,governance,"Text describes the reversal process for provisions, which is a governance-related disclosure without sentiment.",commitment,lexical_or_climate_commitment,none,False,False,False,False,False,,,environmental-claims,/home/ubuntu/apps/benchmarks/model_download/models/environmental-claims,Local model,no,0.997447,False,climatebert_multi_20260526T074116Z_df720b,0.234
r049_012,49,12,2026-04-08T02:55:09.053205Z,arcee-ai/trinity-large-preview:free,tone_zero_shot_english.md,AR SR GTRA 2024___pdf/batch_6,AR SR GTRA 2024,True,"The Group disclose information that enable users of the financial statements to evaluate the nature and financial effects of the business activities and use ""management approach"" under which segment information is presented on the same basis as that used for internal reporting purposes.",287,43,en,governance,g,none,neutral,0.0,governance,"Text describes the management approach for segment reporting, which is a governance-related disclosure without sentiment.",none,fallback_none,none,False,False,False,False,False,,,environmental-claims,/home/ubuntu/apps/benchmarks/model_download/models/environmental-claims,Local model,no,0.998948,False,climatebert_multi_20260526T074116Z_df720b,0.336
r049_013,49,13,2026-04-08T02:55:09.053205Z,arcee-ai/trinity-large-preview:free,tone_zero_shot_english.md,AR SR GTRA 2024___pdf/batch_6,AR SR GTRA 2024,True,Operating segment is reported in a manner consistent with the internal reporting provided to the chief operating decision-maker.,128,19,en,governance,g,none,neutral,0.0,governance,"Text describes the reporting of operating segments, which is a governance-related disclosure without sentiment.",none,fallback_none,none,False,False,False,False,False,,,environmental-claims,/home/ubuntu/apps/benchmarks/model_download/models/environmental-claims,Local model,no,0.99832,False,climatebert_multi_20260526T074116Z_df720b,0.105
r049_014,49,14,2026-04-08T02:55:09.053205Z,arcee-ai/trinity-large-preview:free,tone_zero_shot_english.md,AR SR GTRA 2024___pdf/batch_6,AR SR GTRA 2024,True,The chief operating decision-maker has been identified as the Board of Directors that makes strategic decisions.,112,17,en,governance,g,none,neutral,0.0,governance,"Text identifies the Board of Directors as the chief operating decision-maker, which is a governance-related disclosure without sentiment.",none,fallback_none,none,False,False,False,False,False,,,environmental-claims,/home/ubuntu/apps/benchmarks/model_download/models/environmental-claims,Local model,no,0.998059,False,climatebert_multi_20260526T074116Z_df720b,0.086
r049_015,49,15,2026-04-08T02:55:09.053205Z,arcee-ai/trinity-large-preview:free,tone_zero_shot_english.md,AR SR GTRA 2024___pdf/batch_6,AR SR GTRA 2024,True,"The preparation of consolidated financial statements, in conformity with Indonesian Financial Accounting Standards, requires management to make estimations and judgments that affect amounts reported therein.",207,25,en,governance,g,none,neutral,0.0,governance,"Text describes the preparation of financial statements, which is a governance-related disclosure without sentiment.",none,fallback_none,none,False,False,False,False,False,,,environmental-claims,/home/ubuntu/apps/benchmarks/model_download/models/environmental-claims,Local model,no,0.997981,False,climatebert_multi_20260526T074116Z_df720b,0.181
r049_016,49,16,2026-04-08T02:55:09.053205Z,arcee-ai/trinity-large-preview:free,tone_zero_shot_english.md,AR SR GTRA 2024___pdf/batch_6,AR SR GTRA 2024,True,"Due to the inherent uncertainty in making estimates, actual results reported in future periods may differ from those estimates.",127,19,en,governance,g,none,neutral,0.0,governance,"Text describes the uncertainty in making estimates, which is a governance-related disclosure without sentiment.",none,fallback_none,none,False,False,False,False,False,,,environmental-claims,/home/ubuntu/apps/benchmarks/model_download/models/environmental-claims,Local model,no,0.998403,False,climatebert_multi_20260526T074116Z_df720b,0.125
r049_017,49,17,2026-04-08T02:55:09.053205Z,arcee-ai/trinity-large-preview:free,tone_zero_shot_english.md,AR SR GTRA 2024___pdf/batch_6,AR SR GTRA 2024,True,The Group based its estimations and judgments on parameters available when the consolidated financial statements were prepared.,127,17,en,governance,g,none,neutral,0.0,governance,"Text describes the basis for estimations and judgments, which is a governance-related disclosure without sentiment.",none,fallback_none,none,False,False,False,False,False,,,environmental-claims,/home/ubuntu/apps/benchmarks/model_download/models/environmental-claims,Local model,no,0.99869,False,climatebert_multi_20260526T074116Z_df720b,0.092
r049_018,49,18,2026-04-08T02:55:09.053205Z,arcee-ai/trinity-large-preview:free,tone_zero_shot_english.md,AR SR GTRA 2024___pdf/batch_6,AR SR GTRA 2024,True,Existing circumstances about future developments may change due to market changes or circumstances arising beyond the control of the Group.,139,20,en,governance,g,none,neutral,0.0,governance,"Text describes the potential for changes in future developments, which is a governance-related disclosure without sentiment.",none,fallback_none,none,False,False,False,False,False,,,environmental-claims,/home/ubuntu/apps/benchmarks/model_download/models/environmental-claims,Local model,no,0.998125,False,climatebert_multi_20260526T074116Z_df720b,0.162
r049_019,49,19,2026-04-08T02:55:09.053205Z,arcee-ai/trinity-large-preview:free,tone_zero_shot_english.md,AR SR GTRA 2024___pdf/batch_6,AR SR GTRA 2024,True,Such changes are reflected in the judgments as they occur.,58,10,en,governance,g,none,neutral,0.0,governance,"Text describes the reflection of changes in judgments, which is a governance-related disclosure without sentiment.",none,fallback_none,none,False,False,False,False,False,,,environmental-claims,/home/ubuntu/apps/benchmarks/model_download/models/environmental-claims,Local model,no,0.998168,False,climatebert_multi_20260526T074116Z_df720b,0.108
r049_020,49,20,2026-04-08T02:55:09.053205Z,arcee-ai/trinity-large-preview:free,tone_zero_shot_english.md,AR SR GTRA 2024___pdf/batch_6,AR SR GTRA 2024,True,The following estimations and judgments made by management in the process of applying the Group's accounting policies have the most significant effects on the amounts recognized in the consolidated financial statements:,219,32,en,governance,g,none,neutral,0.0,governance,"Text introduces the discussion of significant estimations and judgments, which is a governance-related disclosure without sentiment.",none,fallback_none,none,False,False,False,False,False,,,environmental-claims,/home/ubuntu/apps/benchmarks/model_download/models/environmental-claims,Local model,no,0.998166,False,climatebert_multi_20260526T074116Z_df720b,0.141
r049_021,49,21,2026-04-08T02:55:09.053205Z,arcee-ai/trinity-large-preview:free,tone_zero_shot_english.md,AR SR GTRA 2024___pdf/batch_6,AR SR GTRA 2024,True,Determining functional currency,31,3,unknown,governance,g,none,neutral,0.0,governance,"Text introduces the topic of determining functional currency, which is a governance-related disclosure without sentiment.",none,fallback_none,none,False,False,False,False,False,,,environmental-claims,/home/ubuntu/apps/benchmarks/model_download/models/environmental-claims,Local model,no,0.998068,False,climatebert_multi_20260526T074116Z_df720b,0.091
r049_022,49,22,2026-04-08T02:55:09.053205Z,arcee-ai/trinity-large-preview:free,tone_zero_shot_english.md,AR SR GTRA 2024___pdf/batch_6,AR SR GTRA 2024,True,"The factors considered in determining the functional currency of the Company and Subsidiary include, among others, the currency:",128,18,en,governance,g,none,neutral,0.0,governance,"Text describes the factors considered in determining functional currency, which is a governance-related disclosure without sentiment.",none,fallback_none,none,False,False,False,False,False,,,environmental-claims,/home/ubuntu/apps/benchmarks/model_download/models/environmental-claims,Local model,no,0.998364,False,climatebert_multi_20260526T074116Z_df720b,0.119
r049_023,49,23,2026-04-08T02:55:09.053205Z,arcee-ai/trinity-large-preview:free,tone_zero_shot_english.md,AR SR GTRA 2024___pdf/batch_6,AR SR GTRA 2024,True,that mainly influences sales prices for goods and services;,59,9,en,governance,g,none,neutral,0.0,governance,"Text describes a factor in determining functional currency, which is a governance-related disclosure without sentiment.",none,fallback_none,none,False,False,False,False,False,,,environmental-claims,/home/ubuntu/apps/benchmarks/model_download/models/environmental-claims,Local model,no,0.998657,False,climatebert_multi_20260526T074116Z_df720b,0.1
r049_024,49,24,2026-04-08T02:55:09.053205Z,arcee-ai/trinity-large-preview:free,tone_zero_shot_english.md,AR SR GTRA 2024___pdf/batch_6,AR SR GTRA 2024,True,"that mainly influences labor, material and other costs of providing goods or services; and",90,14,en,governance,g,none,neutral,0.0,governance,"Text describes a factor in determining functional currency, which is a governance-related disclosure without sentiment.",none,fallback_none,none,False,False,False,False,False,,,environmental-claims,/home/ubuntu/apps/benchmarks/model_download/models/environmental-claims,Local model,no,0.99803,False,climatebert_multi_20260526T074116Z_df720b,0.106
r073_000,73,0,2026-04-08T02:57:17.427643Z,arcee-ai/trinity-large-preview:free,tone_chain_of_thought_english.md,icr-sustainability-23-24_pdf/batch_8,icr-sustainability-23-24,True,"The ICR has set an ambitious target of achieving net zero across all three scopes by 2040, and achieving an interim reduction of 42% by 2030.",141,26,en,climate-commitment,e,commitment,neutral,0.0,climate-commitment|netzero-reduction,Future-oriented climate pledge with specific targets.,commitment,lexical_or_climate_commitment,commitment,False,False,True,False,False,,,environmental-claims,/home/ubuntu/apps/benchmarks/model_download/models/environmental-claims,Local model,yes,0.963934,True,climatebert_multi_20260526T074116Z_df720b,0.142
r073_001,73,1,2026-04-08T02:57:17.427643Z,arcee-ai/trinity-large-preview:free,tone_chain_of_thought_english.md,icr-sustainability-23-24_pdf/batch_8,icr-sustainability-23-24,True,"Thanks to activities such as a new energy management system and research led energy saving behaviours, the ICR's emissions from direct sources (Scope 1) and indirect sources (Scope 2) have decreased by 16% since 2018/19.",220,37,en,climate-detection,e,outcome,positive,1.0,climate-detection|metrics|climate-sentiment,Measurable reduction in emissions with specific percentage achieved.,none,fallback_none,outcome,False,False,False,False,False,,,environmental-claims,/home/ubuntu/apps/benchmarks/model_download/models/environmental-claims,Local model,yes,0.867316,True,climatebert_multi_20260526T074116Z_df720b,0.183
r073_002,73,2,2026-04-08T02:57:17.427643Z,arcee-ai/trinity-large-preview:free,tone_chain_of_thought_english.md,icr-sustainability-23-24_pdf/batch_8,icr-sustainability-23-24,True,"Business travel has seen a further bounce back this year, with increased travel to conferences the ICR has implemented a new policy of no domestic UK flights where a better sustainable alternative is available.",210,34,en,climate-commitment,e,commitment,neutral,0.0,climate-commitment|strategy,Future-oriented policy commitment to reduce travel emissions.,commitment,lexical_or_climate_commitment,commitment,False,False,True,False,False,,,environmental-claims,/home/ubuntu/apps/benchmarks/model_download/models/environmental-claims,Local model,no,0.995568,False,climatebert_multi_20260526T074116Z_df720b,0.242
r073_003,73,3,2026-04-08T02:57:17.427643Z,arcee-ai/trinity-large-preview:free,tone_chain_of_thought_english.md,icr-sustainability-23-24_pdf/batch_8,icr-sustainability-23-24,True,"There has been small decrease in waste emissions compared to the baseline year of 2018/29, with fluctuations in waste volumes in the intervening years due to the pandemic and large construction projects.",203,33,en,climate-detection,e,outcome,neutral,0.0,climate-detection|metrics,Measurable waste emission change with contextual explanation.,none,fallback_none,outcome,False,False,False,False,False,,,environmental-claims,/home/ubuntu/apps/benchmarks/model_download/models/environmental-claims,Local model,no,0.998829,False,climatebert_multi_20260526T074116Z_df720b,0.185
r073_004,73,4,2026-04-08T02:57:17.427643Z,arcee-ai/trinity-large-preview:free,tone_chain_of_thought_english.md,icr-sustainability-23-24_pdf/batch_8,icr-sustainability-23-24,True,Carbon emissions from purchased goods and services have decreased by 6% compared to the baseline year of 2018/19.,113,19,en,climate-detection,e,outcome,positive,1.0,climate-detection|metrics,Measurable reduction in emissions from purchased goods and services.,none,fallback_none,outcome,False,False,False,False,False,,,environmental-claims,/home/ubuntu/apps/benchmarks/model_download/models/environmental-claims,Local model,no,0.985257,False,climatebert_multi_20260526T074116Z_df720b,0.1
r073_005,73,5,2026-04-08T02:57:17.427643Z,arcee-ai/trinity-large-preview:free,tone_chain_of_thought_english.md,icr-sustainability-23-24_pdf/batch_8,icr-sustainability-23-24,True,"The ICR has successfully retained certification to ISO14001, an international standard that sets out the requirements for an environmental management system, since 2013 as part of our integrated management system.",213,30,en,governance,g,outcome,positive,1.0,governance|environmental-claims,Successful retention of environmental management certification.,outcome,lexical_outcome,outcome,False,False,False,True,False,,,environmental-claims,/home/ubuntu/apps/benchmarks/model_download/models/environmental-claims,Local model,no,0.974614,False,climatebert_multi_20260526T074116Z_df720b,0.17
r073_006,73,6,2026-04-08T02:57:17.427643Z,arcee-ai/trinity-large-preview:free,tone_chain_of_thought_english.md,icr-sustainability-23-24_pdf/batch_8,icr-sustainability-23-24,True,"The new Concordat for the Environmental Sustainability of Research and Innovation Practice primary aims are to promote environmentally responsible practices in research and innovation, reducing negative environmental impacts and emissions associated with these activities.",272,34,en,governance,g,commitment,neutral,0.0,governance|environmental-claims,Commitment to environmental sustainability in research practices.,none,fallback_none,commitment,False,False,False,True,False,,,environmental-claims,/home/ubuntu/apps/benchmarks/model_download/models/environmental-claims,Local model,yes,0.99477,True,climatebert_multi_20260526T074116Z_df720b,0.218
r073_007,73,7,2026-04-08T02:57:17.427643Z,arcee-ai/trinity-large-preview:free,tone_chain_of_thought_english.md,icr-sustainability-23-24_pdf/batch_8,icr-sustainability-23-24,True,The ICR is proud to be a signatory to this Concordat.,53,11,en,governance,g,commitment,neutral,0.0,governance|environmental-claims,Public commitment to environmental sustainability concordat.,none,fallback_none,commitment,False,False,False,True,False,,,environmental-claims,/home/ubuntu/apps/benchmarks/model_download/models/environmental-claims,Local model,no,0.998174,False,climatebert_multi_20260526T074116Z_df720b,0.135
r073_008,73,8,2026-04-08T02:57:17.427643Z,arcee-ai/trinity-large-preview:free,tone_chain_of_thought_english.md,icr-sustainability-23-24_pdf/batch_8,icr-sustainability-23-24,True,The climate crisis stands as one of today's most fundamental global challenges.,79,13,en,climate-detection,e,none,negative,-1.0,climate-detection|risk,Framing climate crisis as a fundamental global challenge.,none,fallback_none,none,False,False,False,False,False,,,environmental-claims,/home/ubuntu/apps/benchmarks/model_download/models/environmental-claims,Local model,no,0.998085,False,climatebert_multi_20260526T074116Z_df720b,0.159
r073_009,73,9,2026-04-08T02:57:17.427643Z,arcee-ai/trinity-large-preview:free,tone_chain_of_thought_english.md,icr-sustainability-23-24_pdf/batch_8,icr-sustainability-23-24,True,The Climate Change Act 2008 mandates that greenhouse gas emissions must reach net zero by 2050.,95,16,en,climate-detection,e,none,neutral,0.0,climate-detection|climate-f,Reference to legal mandate for net zero emissions.,none,fallback_none,none,False,False,False,False,False,,,environmental-claims,/home/ubuntu/apps/benchmarks/model_download/models/environmental-claims,Local model,yes,0.976191,True,climatebert_multi_20260526T074116Z_df720b,0.213
r073_010,73,10,2026-04-08T02:57:17.427643Z,arcee-ai/trinity-large-preview:free,tone_chain_of_thought_english.md,icr-sustainability-23-24_pdf/batch_8,icr-sustainability-23-24,True,"In a determined effort to lead by example, the ICR has set an ambitious goal to achieve net zero emissions by 2040, requiring a reduction of emissions by a minimum of 90% by that deadline.",188,35,en,climate-commitment,e,commitment,neutral,0.0,climate-commitment|netzero-reduction,Future-oriented commitment to net zero emissions with specific target.,outcome,lexical_outcome,commitment,False,False,True,False,False,,,environmental-claims,/home/ubuntu/apps/benchmarks/model_download/models/environmental-claims,Local model,yes,0.992868,True,climatebert_multi_20260526T074116Z_df720b,0.199
r073_011,73,11,2026-04-08T02:57:17.427643Z,arcee-ai/trinity-large-preview:free,tone_chain_of_thought_english.md,icr-sustainability-23-24_pdf/batch_8,icr-sustainability-23-24,True,"We have established an interim target based on the methodology from the Science Based Targets Initiative, aiming for a 42% reduction in our carbon footprint across scopes 1, 2, and 3 by 2029/30.",194,34,en,climate-commitment,e,commitment,neutral,0.0,climate-commitment|netzero-reduction,Future-oriented interim target for carbon reduction.,commitment,lexical_or_climate_commitment,commitment,False,False,True,False,False,,,environmental-claims,/home/ubuntu/apps/benchmarks/model_download/models/environmental-claims,Local model,yes,0.988075,True,climatebert_multi_20260526T074116Z_df720b,0.143
r073_012,73,12,2026-04-08T02:57:17.427643Z,arcee-ai/trinity-large-preview:free,tone_chain_of_thought_english.md,icr-sustainability-23-24_pdf/batch_8,icr-sustainability-23-24,True,"Water consumption has continued to reduce since the opening of our new research building in 2020/21, the Centre for Cancer Drug Discovery (CCDD) when water consumption peaked.",175,28,en,climate-detection,e,outcome,positive,1.0,climate-detection|metrics,Measurable reduction in water consumption from peak levels.,outcome,lexical_outcome,outcome,False,False,False,False,False,,,environmental-claims,/home/ubuntu/apps/benchmarks/model_download/models/environmental-claims,Local model,no,0.993162,False,climatebert_multi_20260526T074116Z_df720b,0.168
r073_013,73,13,2026-04-08T02:57:17.427643Z,arcee-ai/trinity-large-preview:free,tone_chain_of_thought_english.md,icr-sustainability-23-24_pdf/batch_8,icr-sustainability-23-24,True,"In 2023/24 our water consumption dropped by 2.5% against our baseline water consumption in 2019/20, and this is a drop of 26.5% against our peak consumption in 2020/21.",168,33,en,climate-detection,e,outcome,positive,1.0,climate-detection|metrics,Specific measurable reduction in water consumption.,none,fallback_none,outcome,False,False,False,False,False,,,environmental-claims,/home/ubuntu/apps/benchmarks/model_download/models/environmental-claims,Local model,no,0.992024,False,climatebert_multi_20260526T074116Z_df720b,0.199
r073_014,73,14,2026-04-08T02:57:17.427643Z,arcee-ai/trinity-large-preview:free,tone_chain_of_thought_english.md,icr-sustainability-23-24_pdf/batch_8,icr-sustainability-23-24,True,"The ICR's new Energy Management System also monitors water usage across all ICR buildings and provides alerts if the anticipated consumption changes, allowing our Building and Maintenance team to identify and investigate leaks and increased usage.",247,37,en,strategy,e,action,neutral,0.0,strategy|metrics,Implementation of monitoring system for water usage.,none,fallback_none,action,False,False,False,False,False,,,environmental-claims,/home/ubuntu/apps/benchmarks/model_download/models/environmental-claims,Local model,no,0.850771,False,climatebert_multi_20260526T074116Z_df720b,0.128
r073_015,73,15,2026-04-08T02:57:17.427643Z,arcee-ai/trinity-large-preview:free,tone_chain_of_thought_english.md,icr-sustainability-23-24_pdf/batch_8,icr-sustainability-23-24,True,The carbon emissions from commuter travel for 2024 were calculated to be 568 tonnes of CO₂e. This has increased from the previous report of 539.,144,25,en,climate-detection,e,outcome,negative,-1.0,climate-detection|metrics,Increase in carbon emissions from commuter travel.,none,fallback_none,outcome,False,False,False,False,False,,,environmental-claims,/home/ubuntu/apps/benchmarks/model_download/models/environmental-claims,Local model,no,0.879695,False,climatebert_multi_20260526T074116Z_df720b,0.127
r073_016,73,16,2026-04-08T02:57:17.427643Z,arcee-ai/trinity-large-preview:free,tone_chain_of_thought_english.md,icr-sustainability-23-24_pdf/batch_8,icr-sustainability-23-24,True,The majority of personnel use Petrol vehicles and the take up of electric vehicles using the site EV points is only 46 cars.,124,23,en,climate-detection,e,outcome,negative,-1.0,climate-detection|metrics,Low adoption of electric vehicles among personnel.,none,fallback_none,outcome,False,False,False,False,False,,,environmental-claims,/home/ubuntu/apps/benchmarks/model_download/models/environmental-claims,Local model,no,0.997749,False,climatebert_multi_20260526T074116Z_df720b,0.07
r073_017,73,17,2026-04-08T02:57:17.427643Z,arcee-ai/trinity-large-preview:free,tone_chain_of_thought_english.md,icr-sustainability-23-24_pdf/batch_8,icr-sustainability-23-24,True,ICR recently launched a new electric vehicle scheme in partnership with Octopus EV to provide salary sacrifice EV options to staff.,131,21,en,climate-commitment,e,commitment,neutral,0.0,climate-commitment|strategy,Future-oriented commitment to increase EV adoption through new scheme.,commitment,lexical_or_climate_commitment,commitment,False,False,True,False,False,,,environmental-claims,/home/ubuntu/apps/benchmarks/model_download/models/environmental-claims,Local model,no,0.787972,False,climatebert_multi_20260526T074116Z_df720b,0.066
r079_000,79,0,2026-04-08T02:57:57.544080Z,arcee-ai/trinity-large-preview:free,tone_few_shot_indonesian.md,20250526113828-2025-05-26ptba_laporan_berkelanjutan113825_pdf/batch_6,20250526113828-2025-05-26ptba_laporan_berkelanjutan113825,True,PTBA berkomitmen mendukung target Pemerintah mencapai nol emisi.,64,8,unknown,komitmen net zero emission,e,commitment,neutral,0.0,climate-commitment|netzero-reduction,Pernyataan komitmen masa depan terkait target net zero emission.,outcome,lexical_outcome,commitment,False,False,True,False,False,,,environmental-claims,/home/ubuntu/apps/benchmarks/model_download/models/environmental-claims,Local model,no,0.99792,False,climatebert_multi_20260526T074116Z_df720b,0.117
r079_001,79,1,2026-04-08T02:57:57.544080Z,arcee-ai/trinity-large-preview:free,tone_few_shot_indonesian.md,20250526113828-2025-05-26ptba_laporan_berkelanjutan113825_pdf/batch_6,20250526113828-2025-05-26ptba_laporan_berkelanjutan113825,True,"PTBA juga berkomitmen untuk menjalankan bisnis berkelanjutan dengan menerapkan keselarasan antara aspek Environmental, Social, and Governance (ESG).",148,17,mixed,komitmen bisnis berkelanjutan,e,commitment,neutral,0.0,climate-commitment|governance,Pernyataan komitmen masa depan terkait penerapan ESG.,commitment,lexical_or_climate_commitment,commitment,False,False,True,False,False,,,environmental-claims,/home/ubuntu/apps/benchmarks/model_download/models/environmental-claims,Local model,no,0.997072,False,climatebert_multi_20260526T074116Z_df720b,0.178
r079_002,79,2,2026-04-08T02:57:57.544080Z,arcee-ai/trinity-large-preview:free,tone_few_shot_indonesian.md,20250526113828-2025-05-26ptba_laporan_berkelanjutan113825_pdf/batch_6,20250526113828-2025-05-26ptba_laporan_berkelanjutan113825,True,"Langkah nyata yang diambil antara lain menerapkan eco, mechanized mining yaitu mengganti peralatan pertambangan yang menggunakan bahan bakar fosil menjadi elektrik, e-mining reporting system yaitu, system pelaporan produksi secara real time dan daring dan berbagai program manajemen karbon di area operasional penambangan.",322,43,id,implementasi eco-mechanized mining,e,action,neutral,0.0,action|environmental-claims,Tindakan nyata tanpa hasil terukur yang disebutkan.,commitment,lexical_or_climate_commitment,action,False,False,False,True,False,,,environmental-claims,/home/ubuntu/apps/benchmarks/model_download/models/environmental-claims,Local model,no,0.997872,False,climatebert_multi_20260526T074116Z_df720b,0.266
r079_003,79,3,2026-04-08T02:57:57.544080Z,arcee-ai/trinity-large-preview:free,tone_few_shot_indonesian.md,20250526113828-2025-05-26ptba_laporan_berkelanjutan113825_pdf/batch_6,20250526113828-2025-05-26ptba_laporan_berkelanjutan113825,True,"Perseroan juga menciptakan sinergi dan kerja sama dengan berbagai mitra strategis dalam mewujudkan energi bersih seperti pengembangan PLTS, PLTB, tanaman Kaliandra untuk mengurangi emisi karbon dan menjadi simpanan biomassa untuk diolah menjadi wood pellet sebagai bahan campuran co-firing di PLTU serta Carbon Capture, Utilization (CCU) atau penangkapan karbon dioksida dan dikonversi menjadi methanol.",403,54,id,sinergi pengembangan energi bersih,e,action,neutral,0.0,action|environmental-claims,Tindakan nyata tanpa hasil terukur yang disebutkan.,commitment,lexical_or_climate_commitment,action,False,False,False,True,False,,,environmental-claims,/home/ubuntu/apps/benchmarks/model_download/models/environmental-claims,Local model,no,0.99694,False,climatebert_multi_20260526T074116Z_df720b,0.346
r079_004,79,4,2026-04-08T02:57:57.544080Z,arcee-ai/trinity-large-preview:free,tone_few_shot_indonesian.md,20250526113828-2025-05-26ptba_laporan_berkelanjutan113825_pdf/batch_6,20250526113828-2025-05-26ptba_laporan_berkelanjutan113825,True,PTBA berkomitmen mendukung target Pemerintah mencapai Emisi Nol Bersih atau Net Zero Emission pada 2060.,104,15,unknown,komitmen net zero emission 2060,e,commitment,neutral,0.0,climate-commitment|netzero-reduction,Pernyataan komitmen masa depan terkait target net zero emission 2060.,outcome,lexical_outcome,commitment,False,False,True,False,False,,,environmental-claims,/home/ubuntu/apps/benchmarks/model_download/models/environmental-claims,Local model,no,0.766584,False,climatebert_multi_20260526T074116Z_df720b,0.198
r079_005,79,5,2026-04-08T02:57:57.544080Z,arcee-ai/trinity-large-preview:free,tone_few_shot_indonesian.md,20250526113828-2025-05-26ptba_laporan_berkelanjutan113825_pdf/batch_6,20250526113828-2025-05-26ptba_laporan_berkelanjutan113825,True,"Dengan visi menjadi perusahaan energi kelas dunia, PTBA telah memiliki roadmap manajemen karbon hingga 2050, baik bersifat pengurangan emisi (reducing emission sources/ maupun peningkatan penyerapan emisi (increase carbon sinks).",229,29,id,roadmap manajemen karbon 2050,e,commitment,neutral,0.0,climate-commitment|strategy,Pernyataan komitmen masa depan terkait roadmap manajemen karbon.,outcome,lexical_outcome,commitment,False,False,True,False,False,,,environmental-claims,/home/ubuntu/apps/benchmarks/model_download/models/environmental-claims,Local model,no,0.992911,False,climatebert_multi_20260526T074116Z_df720b,0.228
r079_006,79,6,2026-04-08T02:57:57.544080Z,arcee-ai/trinity-large-preview:free,tone_few_shot_indonesian.md,20250526113828-2025-05-26ptba_laporan_berkelanjutan113825_pdf/batch_6,20250526113828-2025-05-26ptba_laporan_berkelanjutan113825,True,"Berdasarkan manajemen karbon hingga 2050, terdapat 3 (tiga) pendekatan yang dilakukan PTBA, yaitu dekarbonisasi operasi, reklamasi, dan studi CCU (carbon capture, utilization, and utilization).",193,24,mixed,pendekatan manajemen karbon,e,commitment,neutral,0.0,climate-commitment|strategy,Pernyataan komitmen masa depan terkait pendekatan manajemen karbon.,commitment,lexical_or_climate_commitment,commitment,False,False,True,False,False,,,environmental-claims,/home/ubuntu/apps/benchmarks/model_download/models/environmental-claims,Local model,no,0.998007,False,climatebert_multi_20260526T074116Z_df720b,0.157
r079_007,79,7,2026-04-08T02:57:57.544080Z,arcee-ai/trinity-large-preview:free,tone_few_shot_indonesian.md,20250526113828-2025-05-26ptba_laporan_berkelanjutan113825_pdf/batch_6,20250526113828-2025-05-26ptba_laporan_berkelanjutan113825,True,Upaya lain yang dilakukan PTBA untuk mengukuhkan sikap antikorupsi adalah secara berkesinambungan melakukan sosialisasi kebijakan dan prosedur antikorupsi di lingkungan Perusahaan.,180,21,id,sosialisasi kebijakan antikorupsi,g,action,neutral,0.0,governance,Tindakan nyata tanpa hasil terukur yang disebutkan.,commitment,lexical_or_climate_commitment,action,False,False,False,False,False,,,environmental-claims,/home/ubuntu/apps/benchmarks/model_download/models/environmental-claims,Local model,no,0.995669,False,climatebert_multi_20260526T074116Z_df720b,0.313
r079_008,79,8,2026-04-08T02:57:57.544080Z,arcee-ai/trinity-large-preview:free,tone_few_shot_indonesian.md,20250526113828-2025-05-26ptba_laporan_berkelanjutan113825_pdf/batch_6,20250526113828-2025-05-26ptba_laporan_berkelanjutan113825,True,"Merujuk sosialisasi yang sudah terselenggara, per 31 Desember 2024, anggota Dewan Komisaris dan Direksi yang telah mendapatkan sosialisasi dan prosedur antikorupsi tercatat sebanyak 11 orang, atau 100% dari total Dewan Komisaris dan Direksi.",241,33,id,sosialisasi antikorupsi untuk komisaris dan direksi,g,outcome,positive,1.0,metrics|governance,Hasil terukur yang positif (100% coverage).,outcome,lexical_outcome,outcome,False,False,False,False,False,,,environmental-claims,/home/ubuntu/apps/benchmarks/model_download/models/environmental-claims,Local model,no,0.998086,False,climatebert_multi_20260526T074116Z_df720b,0.361
r079_009,79,9,2026-04-08T02:57:57.544080Z,arcee-ai/trinity-large-preview:free,tone_few_shot_indonesian.md,20250526113828-2025-05-26ptba_laporan_berkelanjutan113825_pdf/batch_6,20250526113828-2025-05-26ptba_laporan_berkelanjutan113825,True,Adapun karyawan yang telah mendapatkan sosialisasi kebijakan dan prosedur antikorupsi sebanyak 1.679 orang atau 100% dari total karyawan.,137,19,id,sosialisasi antikorupsi untuk karyawan,g,outcome,positive,1.0,metrics|governance,Hasil terukur yang positif (100% coverage).,outcome,lexical_outcome,outcome,False,False,False,False,False,,,environmental-claims,/home/ubuntu/apps/benchmarks/model_download/models/environmental-claims,Local model,no,0.997728,False,climatebert_multi_20260526T074116Z_df720b,0.168
r079_010,79,10,2026-04-08T02:57:57.544080Z,arcee-ai/trinity-large-preview:free,tone_few_shot_indonesian.md,20250526113828-2025-05-26ptba_laporan_berkelanjutan113825_pdf/batch_6,20250526113828-2025-05-26ptba_laporan_berkelanjutan113825,True,Sedangkan mitra atau vendor yang telah mendapatkan sosialisasi kebijakan dan prosedur antikorupsi adalah seluruh vendor ditandai dengan penandatanganan pakta integritas.,169,20,id,sosialisasi antikorupsi untuk vendor,g,outcome,positive,1.0,governance,Hasil terukur yang positif (seluruh vendor).,outcome,lexical_outcome,outcome,False,False,False,False,False,,,environmental-claims,/home/ubuntu/apps/benchmarks/model_download/models/environmental-claims,Local model,no,0.99593,False,climatebert_multi_20260526T074116Z_df720b,0.204
r079_011,79,11,2026-04-08T02:57:57.544080Z,arcee-ai/trinity-large-preview:free,tone_few_shot_indonesian.md,20250526113828-2025-05-26ptba_laporan_berkelanjutan113825_pdf/batch_6,20250526113828-2025-05-26ptba_laporan_berkelanjutan113825,True,"Selain sosialisasi kebijakan dan prosedur antikorupsi, PTBA juga memberi kesempatan kepada Dewan Komisaris, Direksi dan karyawan untuk mengikuti pelatihan tentang antikorupsi.",175,21,id,pelatihan antikorupsi,g,action,neutral,0.0,governance,Tindakan nyata tanpa hasil terukur yang disebutkan.,commitment,lexical_or_climate_commitment,action,False,False,False,False,False,,,environmental-claims,/home/ubuntu/apps/benchmarks/model_download/models/environmental-claims,Local model,no,0.994945,False,climatebert_multi_20260526T074116Z_df720b,0.214
r079_012,79,12,2026-04-08T02:57:57.544080Z,arcee-ai/trinity-large-preview:free,tone_few_shot_indonesian.md,20250526113828-2025-05-26ptba_laporan_berkelanjutan113825_pdf/batch_6,20250526113828-2025-05-26ptba_laporan_berkelanjutan113825,True,"Hingga akhir tahun 2024, jumlah anggota Dewan Komisaris dan Direksi yang telah mengikuti pelatihan antikorupsi tercatat sebanyak 11 orang, atau 100% dari total Dewan Komisaris dan Direksi.",188,27,id,pelatihan antikorupsi untuk komisaris dan direksi,g,outcome,positive,1.0,metrics|governance,Hasil terukur yang positif (100% coverage).,outcome,lexical_outcome,outcome,False,False,False,False,False,,,environmental-claims,/home/ubuntu/apps/benchmarks/model_download/models/environmental-claims,Local model,no,0.997906,False,climatebert_multi_20260526T074116Z_df720b,0.267
r079_013,79,13,2026-04-08T02:57:57.544080Z,arcee-ai/trinity-large-preview:free,tone_few_shot_indonesian.md,20250526113828-2025-05-26ptba_laporan_berkelanjutan113825_pdf/batch_6,20250526113828-2025-05-26ptba_laporan_berkelanjutan113825,True,Sedangkan karyawan yang telah mengikuti pelatihan antikorupsi sebanyak 372 orang atau 22% dari total karyawan.,110,15,id,pelatihan antikorupsi untuk karyawan,g,outcome,neutral,0.0,metrics|governance,Hasil terukur dengan coverage 22% yang masih rendah.,outcome,lexical_outcome,outcome,False,False,False,False,False,,,environmental-claims,/home/ubuntu/apps/benchmarks/model_download/models/environmental-claims,Local model,no,0.997615,False,climatebert_multi_20260526T074116Z_df720b,0.182
r080_000,80,0,2026-04-08T02:57:58.925003Z,arcee-ai/trinity-large-preview:free,tone_chain_of_thought_english.md,vktr_ar_sr_2024_pdf/batch_21,vktr_ar_sr_2024,True,"Throughout 2024, VKTR reinforced its strategic role in shaping a new landscape for sustainable transportation in Indonesia. No longer merely a pioneer, VKTR has emerged as a principal architect, designing and implementing adaptive and comprehensive green transport solutions. Through the development of commercial electric vehicles across various sectors, from trucks and buses to logistics and urban transport solutions, VKTR is introducing a new model of mobility that emphasizes both efficiency and a low-emission future.",524,75,en,climate-detection,e,outcome,positive,0.8,climate-d|climate-commitment|strategy|opportunity,"The text describes VKTR's strategic role in sustainable transportation, emphasizing green transport solutions and low-emission future, indicating a positive outcome in climate-related initiatives.",commitment,lexical_or_climate_commitment,outcome,False,False,True,False,True,,,environmental-claims,/home/ubuntu/apps/benchmarks/model_download/models/environmental-claims,Local model,yes,0.916111,True,climatebert_multi_20260526T074116Z_df720b,0.317
r080_001,80,1,2026-04-08T02:57:58.925003Z,arcee-ai/trinity-large-preview:free,tone_chain_of_thought_english.md,vktr_ar_sr_2024_pdf/batch_21,vktr_ar_sr_2024,True,"The successful completion of VKTR's commercial electric vehicle assembly facility in Magelang marked a milestone in advancing national green industrialization. By prioritizing local standards and empowering domestic supply chains, VKTR has broadened the scope of its transformative impact, from technological advancement to the creation of economic and social value.",366,50,en,climate-detection,e,outcome,positive,0.8,climate-d|climate-commitment|strategy|opportunity,"The text highlights the successful completion of an electric vehicle assembly facility, marking a milestone in green industrialization, indicating a positive outcome in climate-related initiatives.",commitment,lexical_or_climate_commitment,outcome,False,False,True,False,True,,,environmental-claims,/home/ubuntu/apps/benchmarks/model_download/models/environmental-claims,Local model,yes,0.871793,True,climatebert_multi_20260526T074116Z_df720b,0.178
r080_002,80,2,2026-04-08T02:57:58.925003Z,arcee-ai/trinity-large-preview:free,tone_chain_of_thought_english.md,vktr_ar_sr_2024_pdf/batch_21,vktr_ar_sr_2024,True,This commitment is further reinforced through the development of diverse prototypes and cross-industry collaborations that accelerate adoption and enable vehicle customization tailored to the needs of strategic sectors.,219,29,en,climate-detection,e,commitment,neutral,0.5,climate-d|climate-commitment|strategy|opportunity,"The text describes VKTR's commitment to developing prototypes and collaborations, which is a future-oriented plan, indicating a neutral sentiment.",commitment,lexical_or_climate_commitment,commitment,False,False,True,False,True,,,environmental-claims,/home/ubuntu/apps/benchmarks/model_download/models/environmental-claims,Local model,no,0.982344,False,climatebert_multi_20260526T074116Z_df720b,0.176
r080_003,80,3,2026-04-08T02:57:58.925003Z,arcee-ai/trinity-large-preview:free,tone_chain_of_thought_english.md,vktr_ar_sr_2024_pdf/batch_21,vktr_ar_sr_2024,True,"VKTR continues to serve a vital role in the national effort toward a low-carbon transportation future. This journey goes beyond delivering products, it is about building a system, an ecosystem that responds to the demands of the times with technology, environmental responsibility, and a collective determination to shape a greener and more resilient Indonesia.",361,55,en,climate-detection,e,commitment,neutral,0.5,climate-d|climate-commitment|strategy|opportunity,"The text emphasizes VKTR's ongoing commitment to a low-carbon future and building an ecosystem, indicating a neutral sentiment as it is a future-oriented plan.",commitment,lexical_or_climate_commitment,commitment,False,False,True,False,True,,,environmental-claims,/home/ubuntu/apps/benchmarks/model_download/models/environmental-claims,Local model,yes,0.665573,True,climatebert_multi_20260526T074116Z_df720b,0.307
r080_004,80,4,2026-04-08T02:57:58.925003Z,arcee-ai/trinity-large-preview:free,tone_chain_of_thought_english.md,vktr_ar_sr_2024_pdf/batch_21,vktr_ar_sr_2024,True,"On August 2022, the Company and PMC entered into a Confidentiality Agreement to analyse the data provided by the other party as deemed necessary in connection with the implementation of the project of retrofit/repowering chasis of fuel motorized buses to battery-based electric motorized bus (the ""Project"").",308,48,en,climate-detection,e,commitment,neutral,0.5,climate-d|climate-commitment|strategy|opportunity,"The text describes a commitment to a project involving the retrofit of buses to electric, indicating a neutral sentiment as it is a future-oriented plan.",commitment,lexical_or_climate_commitment,commitment,False,False,True,False,True,,,environmental-claims,/home/ubuntu/apps/benchmarks/model_download/models/environmental-claims,Local model,no,0.997384,False,climatebert_multi_20260526T074116Z_df720b,0.293
r080_005,80,5,2026-04-08T02:57:58.925003Z,arcee-ai/trinity-large-preview:free,tone_chain_of_thought_english.md,vktr_ar_sr_2024_pdf/batch_21,vktr_ar_sr_2024,True,"On February 16, 2023, the Company signed a Cooperation Agreement with GZXT to produce two wheel electric vehicles and the retrofit is carried out under the Joint Operation and conversion of non-electrical vehicles into battery-based electric motor vehicles whose components will be supplied by the Parties.",306,48,en,climate-detection,e,commitment,neutral,0.5,climate-d|climate-commitment|strategy|opportunity,"The text describes a commitment to producing electric vehicles and retrofitting non-electrical vehicles, indicating a neutral sentiment as it is a future-oriented plan.",commitment,lexical_or_climate_commitment,commitment,False,False,True,False,True,,,environmental-claims,/home/ubuntu/apps/benchmarks/model_download/models/environmental-claims,Local model,no,0.993537,False,climatebert_multi_20260526T074116Z_df720b,0.295
r080_006,80,6,2026-04-08T02:57:58.925003Z,arcee-ai/trinity-large-preview:free,tone_chain_of_thought_english.md,vktr_ar_sr_2024_pdf/batch_21,vktr_ar_sr_2024,True,"On January 23, 2024, the Company and TIFA entered into a Cooperation Agreement to assist the Company customers who require financing facilities in obtaining goods sold by the Company. This Cooperation Agreement is valid for an indefinite period of time, unless terminated with the consent of the Parties.",304,48,en,none,none,none,none,0.0,none,"The text describes a cooperation agreement for financing facilities, which is not related to ESG or climate, indicating no sentiment.",none,label_none,none,False,False,False,False,False,,,environmental-claims,/home/ubuntu/apps/benchmarks/model_download/models/environmental-claims,Local model,no,0.997288,False,climatebert_multi_20260526T074116Z_df720b,0.265
r080_007,80,7,2026-04-08T02:57:58.925003Z,arcee-ai/trinity-large-preview:free,tone_chain_of_thought_english.md,vktr_ar_sr_2024_pdf/batch_21,vktr_ar_sr_2024,True,"On January 26, 2024, PT Sarana Ekomobilitas Indonesia (""SEI""), a Subsidiary, and Bank DKI entered into a Non-Disclosure Agreement regarding the plan to provide credit facilities. This agreement will be in effect continuously from the date of delivery or disclosure of Confidential Information relating to the Project, unless terminated with the consent of the Parties.",368,56,en,none,none,none,none,0.0,none,"The text describes a non-disclosure agreement for credit facilities, which is not related to ESG or climate, indicating no sentiment.",commitment,lexical_or_climate_commitment,none,False,False,False,False,False,,,environmental-claims,/home/ubuntu/apps/benchmarks/model_download/models/environmental-claims,Local model,no,0.994739,False,climatebert_multi_20260526T074116Z_df720b,0.441
r080_008,80,8,2026-04-08T02:57:58.925003Z,arcee-ai/trinity-large-preview:free,tone_chain_of_thought_english.md,vktr_ar_sr_2024_pdf/batch_21,vktr_ar_sr_2024,True,"On January 30, 2024, VSI, a Subsidiary, and GEI entered into a Non-Disclosure Agreement regarding business opportunities for project of Preparation of Environmental Impact Assessment (AMDAL) and Administration of Online Single Submission. The term of this agreement is three (3) years after the date of the execution of this Agreement.",335,51,en,climate-detection,e,commitment,neutral,0.5,climate-d|climate-commitment|strategy|opportunity,"The text describes a commitment to a project involving environmental impact assessment, indicating a neutral sentiment as it is a future-oriented plan.",commitment,lexical_or_climate_commitment,commitment,False,False,True,False,True,,,environmental-claims,/home/ubuntu/apps/benchmarks/model_download/models/environmental-claims,Local model,no,0.997214,False,climatebert_multi_20260526T074116Z_df720b,0.291
r081_000,81,0,2026-04-08T02:58:28.918823Z,arcee-ai/trinity-large-preview:free,tone_zero_shot_english.md,AR SR GTRA 2024___pdf/batch_10,AR SR GTRA 2024,True,"Global dynamics in 2024 remained complex and uncertain, driven by rising geopolitical tensions and disruptions in commodity supply chains. Conflicts in Eastern Europe and the Middle East triggered supply chain instability and price surges across key commodities, prompting central banks around the world to raise benchmark interest rates in an effort to control inflation. Amid these pressures, many developing nations faced a tightening of financial conditions, making cost-efficiency and strategic adaptation essential for business continuity.",545,76,en,climate-detection,e,outcome,negative,-1.0,climate-d|climate-sentiment|climate-s,"Text discusses climate-related disruptions in commodity supply chains and their negative economic impacts, indicating climate risk.",none,fallback_none,outcome,False,False,False,False,True,,,environmental-claims,/home/ubuntu/apps/benchmarks/model_download/models/environmental-claims,Local model,no,0.998141,False,climatebert_multi_20260526T074116Z_df720b,0.351
r081_001,81,1,2026-04-08T02:58:28.918823Z,arcee-ai/trinity-large-preview:free,tone_zero_shot_english.md,AR SR GTRA 2024___pdf/batch_10,AR SR GTRA 2024,True,"Indonesia, however, demonstrated consistent economic resilience, posting 5.03% GDP growth in 2024. This marked the third consecutive year of growth above 5%, supported by robust domestic consumption and a low inflation rate of 1.57%. With a 2025 national growth target of 5.2%, the government is focused on maintaining economic stability while enhancing industrial productivity.",378,57,en,economic resilience,s,outcome,positive,1.0,metrics,"Text highlights positive economic outcomes with GDP growth and low inflation, indicating economic stability and resilience.",commitment,lexical_or_climate_commitment,outcome,False,False,False,False,False,,,environmental-claims,/home/ubuntu/apps/benchmarks/model_download/models/environmental-claims,Local model,no,0.997417,False,climatebert_multi_20260526T074116Z_df720b,0.236
r081_002,81,2,2026-04-08T02:58:28.918823Z,arcee-ai/trinity-large-preview:free,tone_zero_shot_english.md,AR SR GTRA 2024___pdf/batch_10,AR SR GTRA 2024,True,"Within this environment, the transport and warehousing sector stood out with 8.69% growth, driven by increased activity in manufacturing and trade. As a result, logistics and transportation services continued to gain relevance as essential pillars of the national economy.",272,40,en,economic growth,s,outcome,positive,1.0,metrics,"Text reports positive growth in the transport and warehousing sector, contributing to the national economy.",none,fallback_none,outcome,False,False,False,False,False,,,environmental-claims,/home/ubuntu/apps/benchmarks/model_download/models/environmental-claims,Local model,no,0.996232,False,climatebert_multi_20260526T074116Z_df720b,0.191
r081_003,81,3,2026-04-08T02:58:28.918823Z,arcee-ai/trinity-large-preview:free,tone_zero_shot_english.md,AR SR GTRA 2024___pdf/batch_10,AR SR GTRA 2024,True,"Against this backdrop, Grahatrans pursued a clear and deliberate strategy: Achieving Growth Through Improvement. The Company proactively responded to global and domestic uncertainties by diversifying its client base and focusing on sectors less reliant on import-export activities. This strategic shift not only strengthened Grahatrans's operational resilience, but also allowed it to align with broader national growth trends.",427,59,en,strategic adaptation,g,commitment,neutral,0.0,strategy|climate-commitment,"Text describes a strategic commitment to adapt to uncertainties, focusing on resilience and alignment with national trends.",commitment,lexical_or_climate_commitment,commitment,False,False,True,False,False,,,environmental-claims,/home/ubuntu/apps/benchmarks/model_download/models/environmental-claims,Local model,no,0.998165,False,climatebert_multi_20260526T074116Z_df720b,0.21
r081_004,81,4,2026-04-08T02:58:28.918823Z,arcee-ai/trinity-large-preview:free,tone_zero_shot_english.md,AR SR GTRA 2024___pdf/batch_10,AR SR GTRA 2024,True,"By enhancing internal capabilities and improving service efficiencies, Grahatrans is better positioned to meet rising demand, manage external risks, and build a foundation for sustainable expansion in the years ahead.",217,30,en,sustainable expansion,g,commitment,neutral,0.0,strategy|climate-commitment,Text outlines a commitment to sustainable expansion through improved capabilities and efficiencies.,commitment,lexical_or_climate_commitment,commitment,False,False,True,False,False,,,environmental-claims,/home/ubuntu/apps/benchmarks/model_download/models/environmental-claims,Local model,no,0.998369,False,climatebert_multi_20260526T074116Z_df720b,0.097
r084_000,84,0,2026-04-08T02:59:48.386540Z,arcee-ai/trinity-large-preview:free,tone_chain_of_thought_english.md,BEST-SR_2024_pdf/batch_11,BEST-SR_2024,True,"As a pioneer among industrial estate developers in Indonesia, BeFa is at the forefront of creating a green and eco-friendly industrial zone. This transformative initiative aims to minimize environmental impact while promoting a sustainable economic model. It includes prioritizing renewable energy sources, implementing waste management systems, and ensuring efficient resource utilization.",390,52,en,climate-detection,e,commitment,neutral,0.0,climate-d|climate-commitment|netzero-reduction|environmental-claims,"The text discusses BeFa's commitment to creating a green and eco-friendly industrial zone, which includes prioritizing renewable energy sources and implementing waste management systems. This is a future-oriented commitment without specific outcomes mentioned.",commitment,lexical_or_climate_commitment,commitment,False,False,True,True,True,,,environmental-claims,/home/ubuntu/apps/benchmarks/model_download/models/environmental-claims,Local model,yes,0.992335,True,climatebert_multi_20260526T074116Z_df720b,0.312
r084_001,84,1,2026-04-08T02:59:48.386540Z,arcee-ai/trinity-large-preview:free,tone_chain_of_thought_english.md,BEST-SR_2024_pdf/batch_11,BEST-SR_2024,True,"The Company is dedicated to continuous innovation and excellence within the realm of ESG, striving to create spaces that harmoniously blend industry with ecological sustainability.",180,25,en,climate-detection,e,commitment,neutral,0.0,climate-d|climate-commitment|environmental-claims,"The text indicates a commitment to continuous innovation and excellence in ESG, aiming to blend industry with ecological sustainability. This is a future-oriented statement without specific outcomes.",commitment,lexical_or_climate_commitment,commitment,False,False,True,True,True,,,environmental-claims,/home/ubuntu/apps/benchmarks/model_download/models/environmental-claims,Local model,yes,0.952112,True,climatebert_multi_20260526T074116Z_df720b,0.197
r084_002,84,2,2026-04-08T02:59:48.386540Z,arcee-ai/trinity-large-preview:free,tone_chain_of_thought_english.md,BEST-SR_2024_pdf/batch_11,BEST-SR_2024,True,"In its pursuit of this vision, BeFa is evolving into a Smart Eco-Industrial Park. This initiative focuses on promoting sustainable development through the incorporation of advanced technologies, smart infrastructure, and environmentally friendly practices that benefit both the community and the ecosystem.",306,42,en,climate-detection,e,commitment,neutral,0.0,climate-d|climate-commitment|environmental-claims,"The text describes BeFa's evolution into a Smart Eco-Industrial Park, focusing on sustainable development through advanced technologies and environmentally friendly practices. This is a future-oriented commitment without specific outcomes.",commitment,lexical_or_climate_commitment,commitment,False,False,True,True,True,,,environmental-claims,/home/ubuntu/apps/benchmarks/model_download/models/environmental-claims,Local model,yes,0.975981,True,climatebert_multi_20260526T074116Z_df720b,0.213
r084_003,84,3,2026-04-08T02:59:48.386540Z,arcee-ai/trinity-large-preview:free,tone_chain_of_thought_english.md,BEST-SR_2024_pdf/batch_11,BEST-SR_2024,True,"BeFa is dedicated to a comprehensive Corporate Social Responsibility (CSR) strategy aimed at creating a balanced synergy between economic performance, social well-being, and environmental sustainability.",203,26,en,climate-detection,e,commitment,neutral,0.0,climate-d|climate-commitment|environmental-claims,"The text indicates a commitment to a comprehensive CSR strategy that aims to balance economic performance, social well-being, and environmental sustainability. This is a future-oriented statement without specific outcomes.",commitment,lexical_or_climate_commitment,commitment,False,False,True,True,True,,,environmental-claims,/home/ubuntu/apps/benchmarks/model_download/models/environmental-claims,Local model,yes,0.872327,True,climatebert_multi_20260526T074116Z_df720b,0.2
r084_004,84,4,2026-04-08T02:59:48.386540Z,arcee-ai/trinity-large-preview:free,tone_chain_of_thought_english.md,BEST-SR_2024_pdf/batch_11,BEST-SR_2024,True,"As an integral part of BeFa's corporate strategy, CSR initiatives span multiple focus areas, including: Environmental conservation through wastewater treatment and pollution control.",182,24,en,climate-detection,e,commitment,neutral,0.0,climate-d|climate-commitment|environmental-claims,The text mentions CSR initiatives focused on environmental conservation through wastewater treatment and pollution control. This is a future-oriented commitment without specific outcomes.,commitment,lexical_or_climate_commitment,commitment,False,False,True,True,True,,,environmental-claims,/home/ubuntu/apps/benchmarks/model_download/models/environmental-claims,Local model,no,0.99002,False,climatebert_multi_20260526T074116Z_df720b,0.203
r084_005,84,5,2026-04-08T02:59:48.386540Z,arcee-ai/trinity-large-preview:free,tone_chain_of_thought_english.md,BEST-SR_2024_pdf/batch_11,BEST-SR_2024,True,Education and workforce training programs aimed at enhancing skills and employability.,86,11,en,climate-detection,e,commitment,neutral,0.0,climate-d|climate-commitment|environmental-claims,The text mentions CSR initiatives focused on education and workforce training programs. This is a future-oriented commitment without specific outcomes.,commitment,lexical_or_climate_commitment,commitment,False,False,True,True,True,,,environmental-claims,/home/ubuntu/apps/benchmarks/model_download/models/environmental-claims,Local model,no,0.970875,False,climatebert_multi_20260526T074116Z_df720b,0.071
r084_006,84,6,2026-04-08T02:59:48.386540Z,arcee-ai/trinity-large-preview:free,tone_chain_of_thought_english.md,BEST-SR_2024_pdf/batch_11,BEST-SR_2024,True,Development and enhancement of public infrastructure to support community growth.,81,10,en,climate-detection,e,commitment,neutral,0.0,climate-d|climate-commitment|environmental-claims,The text mentions CSR initiatives focused on the development and enhancement of public infrastructure. This is a future-oriented commitment without specific outcomes.,commitment,lexical_or_climate_commitment,commitment,False,False,True,True,True,,,environmental-claims,/home/ubuntu/apps/benchmarks/model_download/models/environmental-claims,Local model,no,0.994598,False,climatebert_multi_20260526T074116Z_df720b,0.098
r084_007,84,7,2026-04-08T02:59:48.386540Z,arcee-ai/trinity-large-preview:free,tone_chain_of_thought_english.md,BEST-SR_2024_pdf/batch_11,BEST-SR_2024,True,Aid and assistance for communities affected by natural disasters.,65,9,en,climate-detection,e,commitment,neutral,0.0,climate-d|climate-commitment|environmental-claims,The text mentions CSR initiatives focused on aid and assistance for communities affected by natural disasters. This is a future-oriented commitment without specific outcomes.,commitment,lexical_or_climate_commitment,commitment,False,False,True,True,True,,,environmental-claims,/home/ubuntu/apps/benchmarks/model_download/models/environmental-claims,Local model,no,0.992367,False,climatebert_multi_20260526T074116Z_df720b,0.169
r084_008,84,8,2026-04-08T02:59:48.386540Z,arcee-ai/trinity-large-preview:free,tone_chain_of_thought_english.md,BEST-SR_2024_pdf/batch_11,BEST-SR_2024,True,Health programs designed to improve public access to essential medical services.,80,11,unknown,climate-detection,e,commitment,neutral,0.0,climate-d|climate-commitment|environmental-claims,The text mentions CSR initiatives focused on health programs to improve public access to essential medical services. This is a future-oriented commitment without specific outcomes.,commitment,lexical_or_climate_commitment,commitment,False,False,True,True,True,,,environmental-claims,/home/ubuntu/apps/benchmarks/model_download/models/environmental-claims,Local model,no,0.994547,False,climatebert_multi_20260526T074116Z_df720b,0.153
r084_009,84,9,2026-04-08T02:59:48.386540Z,arcee-ai/trinity-large-preview:free,tone_chain_of_thought_english.md,BEST-SR_2024_pdf/batch_11,BEST-SR_2024,True,"BeFa's approach to Strategic Social Responsibility (SR) is anchored in its commitment to sustainable economic, social, and environmental development.",149,20,en,climate-detection,e,commitment,neutral,0.0,climate-d|climate-commitment|environmental-claims,"The text indicates a commitment to sustainable economic, social, and environmental development. This is a future-oriented statement without specific outcomes.",commitment,lexical_or_climate_commitment,commitment,False,False,True,True,True,,,environmental-claims,/home/ubuntu/apps/benchmarks/model_download/models/environmental-claims,Local model,yes,0.710101,True,climatebert_multi_20260526T074116Z_df720b,0.215
r084_010,84,10,2026-04-08T02:59:48.386540Z,arcee-ai/trinity-large-preview:free,tone_chain_of_thought_english.md,BEST-SR_2024_pdf/batch_11,BEST-SR_2024,True,"Guided by the ISO 26000 standards on Social Responsibility and Law No. 40 of 2007 on Limited Liability Companies, BeFa aims to enhance both corporate and societal well-being by fostering long-term positive impacts.",214,35,en,climate-detection,e,commitment,neutral,0.0,climate-d|climate-commitment|environmental-claims,The text mentions guidance from ISO 26000 standards and aims to enhance corporate and societal well-being. This is a future-oriented commitment without specific outcomes.,commitment,lexical_or_climate_commitment,commitment,False,False,True,True,True,,,environmental-claims,/home/ubuntu/apps/benchmarks/model_download/models/environmental-claims,Local model,no,0.766141,False,climatebert_multi_20260526T074116Z_df720b,0.244
r084_011,84,11,2026-04-08T02:59:48.386540Z,arcee-ai/trinity-large-preview:free,tone_chain_of_thought_english.md,BEST-SR_2024_pdf/batch_11,BEST-SR_2024,True,The Company's SR policy is built on two fundamental principles: Ensuring continuous economic growth by integrating responsible and sustainable business practices.,162,22,en,climate-detection,e,commitment,neutral,0.0,climate-d|climate-commitment|environmental-claims,The text mentions principles of ensuring continuous economic growth through responsible and sustainable business practices. This is a future-oriented commitment without specific outcomes.,commitment,lexical_or_climate_commitment,commitment,False,False,True,True,True,,,environmental-claims,/home/ubuntu/apps/benchmarks/model_download/models/environmental-claims,Local model,no,0.996512,False,climatebert_multi_20260526T074116Z_df720b,0.169
r084_012,84,12,2026-04-08T02:59:48.386540Z,arcee-ai/trinity-large-preview:free,tone_chain_of_thought_english.md,BEST-SR_2024_pdf/batch_11,BEST-SR_2024,True,"Strengthening community welfare through initiatives focused on environmental preservation, education, health, and spiritual development.",136,14,en,climate-detection,e,commitment,neutral,0.0,climate-d|climate-commitment|environmental-claims,"The text mentions initiatives focused on strengthening community welfare through environmental preservation, education, health, and spiritual development. This is a future-oriented commitment without specific outcomes.",commitment,lexical_or_climate_commitment,commitment,False,False,True,True,True,,,environmental-claims,/home/ubuntu/apps/benchmarks/model_download/models/environmental-claims,Local model,no,0.856503,False,climatebert_multi_20260526T074116Z_df720b,0.088
r084_013,84,13,2026-04-08T02:59:48.386540Z,arcee-ai/trinity-large-preview:free,tone_chain_of_thought_english.md,BEST-SR_2024_pdf/batch_11,BEST-SR_2024,True,"As a company engaged in the management and development of industrial estates, BeFa remains committed to upholding environmental sustainability.",143,19,en,climate-detection,e,commitment,neutral,0.0,climate-d|climate-commitment|environmental-claims,The text indicates a commitment to upholding environmental sustainability. This is a future-oriented statement without specific outcomes.,commitment,lexical_or_climate_commitment,commitment,False,False,True,True,True,,,environmental-claims,/home/ubuntu/apps/benchmarks/model_download/models/environmental-claims,Local model,no,0.991693,False,climatebert_multi_20260526T074116Z_df720b,0.109
r084_014,84,14,2026-04-08T02:59:48.386540Z,arcee-ai/trinity-large-preview:free,tone_chain_of_thought_english.md,BEST-SR_2024_pdf/batch_11,BEST-SR_2024,True,"This is achieved through initiatives such as pollution prevention, responsible resource utilization, and strict adherence to environmental protection measures in all operational activities.",189,23,en,climate-detection,e,commitment,neutral,0.0,climate-d|climate-commitment|environmental-claims,The text mentions initiatives such as pollution prevention and responsible resource utilization. This is a future-oriented commitment without specific outcomes.,outcome,lexical_outcome,commitment,False,False,True,True,True,,,environmental-claims,/home/ubuntu/apps/benchmarks/model_download/models/environmental-claims,Local model,yes,0.836569,True,climatebert_multi_20260526T074116Z_df720b,0.133
r084_015,84,15,2026-04-08T02:59:48.386540Z,arcee-ai/trinity-large-preview:free,tone_chain_of_thought_english.md,BEST-SR_2024_pdf/batch_11,BEST-SR_2024,True,BeFa prioritizes the well-being of its workforce by implementing a robust Occupational Health and Safety (OHS) framework.,121,18,en,climate-detection,e,commitment,neutral,0.0,climate-d|climate-commitment|environmental-claims,The text indicates a commitment to prioritizing workforce well-being through a robust OHS framework. This is a future-oriented statement without specific outcomes.,commitment,lexical_or_climate_commitment,commitment,False,False,True,True,True,,,environmental-claims,/home/ubuntu/apps/benchmarks/model_download/models/environmental-claims,Local model,yes,0.621268,True,climatebert_multi_20260526T074116Z_df720b,0.139
r084_016,84,16,2026-04-08T02:59:48.386540Z,arcee-ai/trinity-large-preview:free,tone_chain_of_thought_english.md,BEST-SR_2024_pdf/batch_11,BEST-SR_2024,True,"This includes risk mitigation strategies, the provision of personal protective equipment, regular workplace safety assessments, and structured OHS training programs.",165,20,en,climate-detection,e,commitment,neutral,0.0,climate-d|climate-commitment|environmental-claims,The text mentions risk mitigation strategies and OHS training programs. This is a future-oriented commitment without specific outcomes.,commitment,lexical_or_climate_commitment,commitment,False,False,True,True,True,,,environmental-claims,/home/ubuntu/apps/benchmarks/model_download/models/environmental-claims,Local model,no,0.995958,False,climatebert_multi_20260526T074116Z_df720b,0.104
r084_017,84,17,2026-04-08T02:59:48.386540Z,arcee-ai/trinity-large-preview:free,tone_chain_of_thought_english.md,BEST-SR_2024_pdf/batch_11,BEST-SR_2024,True,"These efforts are designed to prevent workplace accidents, promote a safety-first culture, and ensure compliance with industry best practices.",142,20,en,climate-detection,e,commitment,neutral,0.0,climate-d|climate-commitment|environmental-claims,The text mentions efforts to prevent workplace accidents and promote a safety-first culture. This is a future-oriented commitment without specific outcomes.,commitment,lexical_or_climate_commitment,commitment,False,False,True,True,True,,,environmental-claims,/home/ubuntu/apps/benchmarks/model_download/models/environmental-claims,Local model,yes,0.595546,True,climatebert_multi_20260526T074116Z_df720b,0.096
r084_018,84,18,2026-04-08T02:59:48.386540Z,arcee-ai/trinity-large-preview:free,tone_chain_of_thought_english.md,BEST-SR_2024_pdf/batch_11,BEST-SR_2024,True,"In alignment with national labor laws and corporate policies outlined in the Letter of Agreement (LOA), BeFa upholds the principles of fairness, inclusivity, and non-discrimination.",181,26,en,climate-detection,e,commitment,neutral,0.0,climate-d|climate-commitment|environmental-claims,"The text indicates a commitment to upholding principles of fairness, inclusivity, and non-discrimination. This is a future-oriented statement without specific outcomes.",commitment,lexical_or_climate_commitment,commitment,False,False,True,True,True,,,environmental-claims,/home/ubuntu/apps/benchmarks/model_download/models/environmental-claims,Local model,no,0.862186,False,climatebert_multi_20260526T074116Z_df720b,0.173
r084_019,84,19,2026-04-08T02:59:48.386540Z,arcee-ai/trinity-large-preview:free,tone_chain_of_thought_english.md,BEST-SR_2024_pdf/batch_11,BEST-SR_2024,True,"The Company ensures equal employment opportunities, fosters a positive work environment, and promotes diversity across all levels of the organization.",150,20,en,climate-detection,e,commitment,neutral,0.0,climate-d|climate-commitment|environmental-claims,The text mentions ensuring equal employment opportunities and promoting diversity. This is a future-oriented commitment without specific outcomes.,commitment,lexical_or_climate_commitment,commitment,False,False,True,True,True,,,environmental-claims,/home/ubuntu/apps/benchmarks/model_download/models/environmental-claims,Local model,no,0.960183,False,climatebert_multi_20260526T074116Z_df720b,0.189
r084_020,84,20,2026-04-08T02:59:48.386540Z,arcee-ai/trinity-large-preview:free,tone_chain_of_thought_english.md,BEST-SR_2024_pdf/batch_11,BEST-SR_2024,True,BeFa's commitment to social welfare is reflected in its active contributions to local communities.,98,15,unknown,climate-detection,e,commitment,neutral,0.0,climate-d|climate-commitment|environmental-claims,The text indicates a commitment to social welfare through active contributions to local communities. This is a future-oriented statement without specific outcomes.,commitment,lexical_or_climate_commitment,commitment,False,False,True,True,True,,,environmental-claims,/home/ubuntu/apps/benchmarks/model_download/models/environmental-claims,Local model,no,0.984653,False,climatebert_multi_20260526T074116Z_df720b,0.072
r084_021,84,21,2026-04-08T02:59:48.386540Z,arcee-ai/trinity-large-preview:free,tone_chain_of_thought_english.md,BEST-SR_2024_pdf/batch_11,BEST-SR_2024,True,"This includes initiatives such as hiring local workers, supporting religious and cultural programs, and engaging in various social development activities that foster stronger community relationships.",199,25,en,climate-detection,e,commitment,neutral,0.0,climate-d|climate-commitment|environmental-claims,The text mentions initiatives such as hiring local workers and supporting religious and cultural programs. This is a future-oriented commitment without specific outcomes.,commitment,lexical_or_climate_commitment,commitment,False,False,True,True,True,,,environmental-claims,/home/ubuntu/apps/benchmarks/model_download/models/environmental-claims,Local model,no,0.669932,False,climatebert_multi_20260526T074116Z_df720b,0.204
r084_022,84,22,2026-04-08T02:59:48.386540Z,arcee-ai/trinity-large-preview:free,tone_chain_of_thought_english.md,BEST-SR_2024_pdf/batch_11,BEST-SR_2024,True,BeFa is dedicated to delivering high-quality products and services while maintaining strong customer relations.,111,15,en,climate-detection,e,commitment,neutral,0.0,climate-d|climate-commitment|environmental-claims,The text indicates a commitment to delivering high-quality products and services while maintaining strong customer relations. This is a future-oriented statement without specific outcomes.,commitment,lexical_or_climate_commitment,commitment,False,False,True,True,True,,,environmental-claims,/home/ubuntu/apps/benchmarks/model_download/models/environmental-claims,Local model,no,0.997093,False,climatebert_multi_20260526T074116Z_df720b,0.134
r084_023,84,23,2026-04-08T02:59:48.386540Z,arcee-ai/trinity-large-preview:free,tone_chain_of_thought_english.md,BEST-SR_2024_pdf/batch_11,BEST-SR_2024,True,"The Company actively works to enhance customer satisfaction by providing value-driven solutions, fostering collaboration, and upholding the highest standards of integrity.",171,22,en,climate-detection,e,commitment,neutral,0.0,climate-d|climate-commitment|environmental-claims,The text mentions efforts to enhance customer satisfaction through value-driven solutions and collaboration. This is a future-oriented commitment without specific outcomes.,commitment,lexical_or_climate_commitment,commitment,False,False,True,True,True,,,environmental-claims,/home/ubuntu/apps/benchmarks/model_download/models/environmental-claims,Local model,no,0.946081,False,climatebert_multi_20260526T074116Z_df720b,0.122
r084_024,84,24,2026-04-08T02:59:48.386540Z,arcee-ai/trinity-large-preview:free,tone_chain_of_thought_english.md,BEST-SR_2024_pdf/batch_11,BEST-SR_2024,True,"Through these commitments, BeFa aims to generate sustainable benefits for all stakeholders and contribute to long-term business success.",136,19,en,climate-detection,e,commitment,neutral,0.0,climate-d|climate-commitment|environmental-claims,The text indicates a commitment to generating sustainable benefits for all stakeholders and contributing to long-term business success. This is a future-oriented statement without specific outcomes.,commitment,lexical_or_climate_commitment,commitment,False,False,True,True,True,,,environmental-claims,/home/ubuntu/apps/benchmarks/model_download/models/environmental-claims,Local model,no,0.728495,False,climatebert_multi_20260526T074116Z_df720b,0.19
r084_025,84,25,2026-04-08T02:59:48.386540Z,arcee-ai/trinity-large-preview:free,tone_chain_of_thought_english.md,BEST-SR_2024_pdf/batch_11,BEST-SR_2024,True,"At present, BeFa does not have a designated team exclusively responsible for sustainability management.",103,14,en,climate-detection,e,commitment,neutral,0.0,climate-d|climate-commitment|environmental-claims,The text mentions the absence of a designated team for sustainability management. This is a current state without specific outcomes.,commitment,lexical_or_climate_commitment,commitment,False,False,True,True,True,,,environmental-claims,/home/ubuntu/apps/benchmarks/model_download/models/environmental-claims,Local model,no,0.99832,False,climatebert_multi_20260526T074116Z_df720b,0.134
r084_026,84,26,2026-04-08T02:59:48.386540Z,arcee-ai/trinity-large-preview:free,tone_chain_of_thought_english.md,BEST-SR_2024_pdf/batch_11,BEST-SR_2024,True,"However, sustainability considerations are embedded within the Company's broader governance framework.",102,12,en,climate-detection,e,commitment,neutral,0.0,climate-d|climate-commitment|environmental-claims,The text mentions that sustainability considerations are embedded within the Company's governance framework. This is a current state without specific outcomes.,commitment,lexical_or_climate_commitment,commitment,False,False,True,True,True,,,environmental-claims,/home/ubuntu/apps/benchmarks/model_download/models/environmental-claims,Local model,no,0.999014,False,climatebert_multi_20260526T074116Z_df720b,0.113
r084_027,84,27,2026-04-08T02:59:48.386540Z,arcee-ai/trinity-large-preview:free,tone_chain_of_thought_english.md,BEST-SR_2024_pdf/batch_11,BEST-SR_2024,True,"Various business units integrate sustainable practices into their respective operations, ensuring that environmental, social, and financial responsibilities are managed holistically across the organization.",206,23,en,climate-detection,e,commitment,neutral,0.0,climate-d|climate-commitment|environmental-claims,The text mentions that various business units integrate sustainable practices into their operations. This is a current state without specific outcomes.,commitment,lexical_or_climate_commitment,commitment,False,False,True,True,True,,,environmental-claims,/home/ubuntu/apps/benchmarks/model_download/models/environmental-claims,Local model,no,0.995879,False,climatebert_multi_20260526T074116Z_df720b,0.202
r084_028,84,28,2026-04-08T02:59:48.386540Z,arcee-ai/trinity-large-preview:free,tone_chain_of_thought_english.md,BEST-SR_2024_pdf/batch_11,BEST-SR_2024,True,"In 2024, the person in charge of sustainability did not participate in various training and/or competency improvement programs related to sustainability.",153,22,en,climate-detection,e,commitment,neutral,0.0,climate-d|climate-commitment|environmental-claims,The text mentions that the person in charge of sustainability did not participate in training programs in 2024. This is a current state without specific outcomes.,commitment,lexical_or_climate_commitment,commitment,False,False,True,True,True,,,environmental-claims,/home/ubuntu/apps/benchmarks/model_download/models/environmental-claims,Local model,no,0.996675,False,climatebert_multi_20260526T074116Z_df720b,0.155
r084_029,84,29,2026-04-08T02:59:48.386540Z,arcee-ai/trinity-large-preview:free,tone_chain_of_thought_english.md,BEST-SR_2024_pdf/batch_11,BEST-SR_2024,True,"However, such programs have been scheduled for the Community Relations (CSR) Department in 2025.",96,14,en,climate-detection,e,commitment,neutral,0.0,climate-d|climate-commitment|environmental-claims,The text mentions that training programs have been scheduled for the CSR Department in 2025. This is a future-oriented commitment without specific outcomes.,commitment,lexical_or_climate_commitment,commitment,False,False,True,True,True,,,environmental-claims,/home/ubuntu/apps/benchmarks/model_download/models/environmental-claims,Local model,no,0.998559,False,climatebert_multi_20260526T074116Z_df720b,0.139
r085_000,85,0,2026-04-08T03:02:43.232206Z,arcee-ai/trinity-large-preview:free,tone_chain_of_thought_indonesian.md,vktr_ar_sr_2024_pdf/batch_21,vktr_ar_sr_2024,True,"Sepanjang tahun 2024, VKTR mengukuhkan peran strategisnya dalam membentuk lanskap baru transportasi berkelanjutan di Indonesia. Tidak hanya sebagai perintis, VKTR kini hadir sebagai arsitek utama yang merancang dan mewujudkan solusi mobilitas hijau yang adaptif dan menyeluruh. Melalui pengembangan kendaraan listrik komersial lintas sektor, mulai dari truk dan bus, hingga solusi logistik dan angkutan perkotaan, VKTR memperkenalkan model mobilitas yang tidak hanya efisien, tetapi juga berorientasi pada masa depan rendah emisi.",530,70,id,climate,e,commitment,neutral,0.0,climate-detection|climate-d|climate-specificity|climate-commitment|climate-sentiment|climate-s,"Teks membahas komitmen VKTR terhadap transportasi berkelanjutan dan kendaraan listrik, yang merupakan isu lingkungan. Tone-nya adalah komitmen masa depan, dan sentimen bersifat netral karena tidak ada evaluasi positif atau negatif.",commitment,lexical_or_climate_commitment,commitment,False,False,True,False,True,,,environmental-claims,/home/ubuntu/apps/benchmarks/model_download/models/environmental-claims,Local model,no,0.996324,False,climatebert_multi_20260526T074116Z_df720b,0.747
r085_001,85,1,2026-04-08T03:02:43.232206Z,arcee-ai/trinity-large-preview:free,tone_chain_of_thought_indonesian.md,vktr_ar_sr_2024_pdf/batch_21,vktr_ar_sr_2024,True,"Keberhasilan pembangunan fasilitas perakitan kendaraan listrik di Magelang menjadi tonggak penting yang mencerminkan langkah nyata industrialisasi hijau di tingkat nasional. Dengan mengedepankan standar lokal dan pemberdayaan rantai pasok dalam negeri, VKTR memperluas cakupan dampak transformasi, dari aspek teknologi hingga penciptaan nilai ekonomi dan sosial.",362,44,id,environmental-claims,e,outcome,positive,1.0,climate-detection|climate-d|climate-specificity|climate-commitment|climate-sentiment|climate-s,"Teks menyoroti keberhasilan pembangunan fasilitas kendaraan listrik sebagai tonggak industrialisasi hijau, yang merupakan klaim lingkungan positif. Tone-nya adalah outcome dengan sentimen positif karena mencerminkan hasil nyata.",outcome,lexical_outcome,outcome,False,False,True,False,True,,,environmental-claims,/home/ubuntu/apps/benchmarks/model_download/models/environmental-claims,Local model,no,0.996065,False,climatebert_multi_20260526T074116Z_df720b,0.428
r085_002,85,2,2026-04-08T03:02:43.232206Z,arcee-ai/trinity-large-preview:free,tone_chain_of_thought_indonesian.md,vktr_ar_sr_2024_pdf/batch_21,vktr_ar_sr_2024,True,"VKTR terus menjadi bagian penting dari solusi nasional menuju masa depan transportasi rendah karbon. Perjalanan ini bukan sekadar menghadirkan produk, tetapi membentuk sistem, sebuah ekosistem yang menjawab kebutuhan zaman dengan teknologi, tanggung jawab lingkungan, dan tekad kolektif membangun Indonesia yang lebih hijau dan tangguh.",336,44,id,climate,e,commitment,neutral,0.0,climate-detection|climate-d|climate-specificity|climate-commitment|climate-sentiment|climate-s,"Teks menekankan peran VKTR dalam solusi transportasi rendah karbon, yang merupakan isu iklim. Tone-nya adalah komitmen masa depan, dan sentimen netral karena tidak ada evaluasi eksplisit.",commitment,lexical_or_climate_commitment,commitment,False,False,True,False,True,,,environmental-claims,/home/ubuntu/apps/benchmarks/model_download/models/environmental-claims,Local model,no,0.996476,False,climatebert_multi_20260526T074116Z_df720b,0.453
r085_003,85,3,2026-04-08T03:02:43.232206Z,arcee-ai/trinity-large-preview:free,tone_chain_of_thought_indonesian.md,vktr_ar_sr_2024_pdf/batch_21,vktr_ar_sr_2024,True,"Pada tanggal 16 Februari 2023, Perusahaan menandatangani Perjanjian Kerjasama dengan GZXT untuk memproduksi kendaraan listrik roda dua dan retrofitnya dilakukan dengan skema Joint Operation dan konversi kendaraan non-listrik menjadi kendaraan bermotor listrik berbasis listrik yang komponennya akan diproduksi oleh Para Pihak.",326,42,id,environmental-claims,e,commitment,neutral,0.0,climate-detection|climate-d|climate-specificity|climate-commitment|climate-sentiment|climate-s,"Teks membahas kerjasama untuk memproduksi kendaraan listrik dan retrofit, yang merupakan klaim lingkungan. Tone-nya adalah komitmen masa depan, dan sentimen netral karena tidak ada evaluasi positif atau negatif.",commitment,lexical_or_climate_commitment,commitment,False,False,True,False,True,,,environmental-claims,/home/ubuntu/apps/benchmarks/model_download/models/environmental-claims,Local model,no,0.997762,False,climatebert_multi_20260526T074116Z_df720b,0.422
r088_000,88,0,2026-04-08T03:03:36.232065Z,arcee-ai/trinity-large-preview:free,tone_chain_of_thought_indonesian.md,20250526113828-2025-05-26ptba_laporan_berkelanjutan113825_pdf/batch_5,20250526113828-2025-05-26ptba_laporan_berkelanjutan113825,True,"PTBA berkomitmen mendukung target Pemerintah mencapai nol emisi. PTBA juga berkomitmen untuk menjalankan bisnis berkelanjutan dengan menerapkan keselarasan antara aspek Environmental, Social, and Governance (ESG).",213,25,mixed,climate-commitment,e,commitment,neutral,0.0,climate-commitment|climate-d|climate-specificity,Statement about commitment to net zero emission target and sustainable business practices with ESG alignment,outcome,lexical_outcome,commitment,False,False,True,False,True,,,environmental-claims,/home/ubuntu/apps/benchmarks/model_download/models/environmental-claims,Local model,no,0.997998,False,climatebert_multi_20260526T074116Z_df720b,0.271
r088_001,88,1,2026-04-08T03:03:36.232065Z,arcee-ai/trinity-large-preview:free,tone_chain_of_thought_indonesian.md,20250526113828-2025-05-26ptba_laporan_berkelanjutan113825_pdf/batch_5,20250526113828-2025-05-26ptba_laporan_berkelanjutan113825,True,"Perseroan senantiasa melakukan berbagai optimasi menuju pertambangan yang lebih ramah lingkungan. Langkah nyata yang diambil antara lain menerapkan eco, mechanized mining yaitu mengganti peralatan pertambangan yang menggunakan bahan bakar fosil menjadi elektrik, e-mining reporting system yaitu, system pelaporan produksi secara real time dan daring dan berbagai program manajemen karbon di area operasional penambangan.",420,54,id,climate-action,e,action,neutral,0.0,climate-d|climate-specificity|climate-action,Description of concrete actions taken to make mining more environmentally friendly including eco-mechanized mining and carbon management programs,commitment,lexical_or_climate_commitment,action,False,False,False,False,True,,,environmental-claims,/home/ubuntu/apps/benchmarks/model_download/models/environmental-claims,Local model,no,0.99796,False,climatebert_multi_20260526T074116Z_df720b,0.441
r088_002,88,2,2026-04-08T03:03:36.232065Z,arcee-ai/trinity-large-preview:free,tone_chain_of_thought_indonesian.md,20250526113828-2025-05-26ptba_laporan_berkelanjutan113825_pdf/batch_5,20250526113828-2025-05-26ptba_laporan_berkelanjutan113825,True,"Perseroan juga menciptakan sinergi dan kerja sama dengan berbagai mitra strategis dalam mewujudkan energi bersih seperti pengembangan PLTS, PLTB, tanaman Kaliandra untuk mengurangi emisi karbon dan menjadi simpanan biomassa untuk diolah menjadi wood pellet sebagai bahan campuran co-firing di PLTU serta Carbon Capture, Utilization (CCU) atau penangkapan karbon dioksida dan dikonversi menjadi methanol.",403,54,id,climate-action,e,action,neutral,0.0,climate-d|climate-specificity|climate-action,Description of specific actions to create clean energy through partnerships and various renewable energy projects,commitment,lexical_or_climate_commitment,action,False,False,False,False,True,,,environmental-claims,/home/ubuntu/apps/benchmarks/model_download/models/environmental-claims,Local model,no,0.99694,False,climatebert_multi_20260526T074116Z_df720b,0.391
r088_003,88,3,2026-04-08T03:03:36.232065Z,arcee-ai/trinity-large-preview:free,tone_chain_of_thought_indonesian.md,20250526113828-2025-05-26ptba_laporan_berkelanjutan113825_pdf/batch_5,20250526113828-2025-05-26ptba_laporan_berkelanjutan113825,True,"PTBA berkomitmen mendukung target Pemerintah mencapai Emisi Nol Bersih atau Net Zero Emission pada 2060. Dengan visi menjadi perusahaan energi kelas dunia, PTBA telah memiliki roadmap manajemen karbon hingga 2050, baik bersifat pengurangan emisi (reducing emission sources/ maupun peningkatan penyerapan emisi (increase carbon sinks).",334,44,id,netzero-reduction,e,commitment,neutral,0.0,netzero-reduction|climate-commitment|climate-f,Statement about commitment to Net Zero Emission by 2060 with specific carbon management roadmap until 2050,outcome,lexical_outcome,commitment,False,False,True,False,False,,,environmental-claims,/home/ubuntu/apps/benchmarks/model_download/models/environmental-claims,Local model,no,0.985775,False,climatebert_multi_20260526T074116Z_df720b,0.469
r088_004,88,4,2026-04-08T03:03:36.232065Z,arcee-ai/trinity-large-preview:free,tone_chain_of_thought_indonesian.md,20250526113828-2025-05-26ptba_laporan_berkelanjutan113825_pdf/batch_5,20250526113828-2025-05-26ptba_laporan_berkelanjutan113825,True,"Berdasarkan manajemen karbon hingga 2050, terdapat 3 (tiga) pendekatan yang dilakukan PTBA, yaitu dekarbonisasi operasi, reklamasi, dan studi CCU (carbon capture, utilization, and utilization).",193,24,mixed,climate-strategy,e,commitment,neutral,0.0,climate-strategy|climate-d|climate-specificity,"Description of specific approaches for carbon management including decarbonization, reclamation, and CCU studies",none,fallback_none,commitment,False,False,False,False,True,,,environmental-claims,/home/ubuntu/apps/benchmarks/model_download/models/environmental-claims,Local model,no,0.998007,False,climatebert_multi_20260526T074116Z_df720b,0.411
r088_005,88,5,2026-04-08T03:03:36.232065Z,arcee-ai/trinity-large-preview:free,tone_chain_of_thought_indonesian.md,20250526113828-2025-05-26ptba_laporan_berkelanjutan113825_pdf/batch_5,20250526113828-2025-05-26ptba_laporan_berkelanjutan113825,True,"PTBA memiliki sikap tegas terhadap korupsi sebagai bagian dari komitmen Perusahaan dalam menjalankan bisnis yang bersih, transparan, dan berintegritas. Perusahan menolak segala bentuk praktik korupsi, kolusi, dan nepotisme, baik dalam hubungan internal maupun eksternal perusahaan.",281,35,id,governance,g,commitment,neutral,0.0,governance|environmental-claims,"Statement about firm stance against corruption as part of commitment to clean, transparent, and ethical business practices",commitment,lexical_or_climate_commitment,commitment,False,False,False,True,False,,,environmental-claims,/home/ubuntu/apps/benchmarks/model_download/models/environmental-claims,Local model,no,0.996923,False,climatebert_multi_20260526T074116Z_df720b,0.479
r088_006,88,6,2026-04-08T03:03:36.232065Z,arcee-ai/trinity-large-preview:free,tone_chain_of_thought_indonesian.md,20250526113828-2025-05-26ptba_laporan_berkelanjutan113825_pdf/batch_5,20250526113828-2025-05-26ptba_laporan_berkelanjutan113825,True,PTBA merumuskan benturan kepentingan sebagai pertentangan kepentingan ekonomis pribadi dengan kepentingan ekonomis Perusahaan yang berdampak pada Objektivitas serta pertimbangan komersial. Setiap individu jajaran PTBA dilarang berada dalam situasi yang menimbulkan benturan kepentingan.,286,32,id,governance,g,commitment,neutral,0.0,governance|environmental-claims,Definition of conflict of interest and policy prohibiting individuals from being in situations that create conflicts of interest,none,fallback_none,commitment,False,False,False,True,False,,,environmental-claims,/home/ubuntu/apps/benchmarks/model_download/models/environmental-claims,Local model,no,0.996372,False,climatebert_multi_20260526T074116Z_df720b,0.401
r088_007,88,7,2026-04-08T03:03:36.232065Z,arcee-ai/trinity-large-preview:free,tone_chain_of_thought_indonesian.md,20250526113828-2025-05-26ptba_laporan_berkelanjutan113825_pdf/batch_5,20250526113828-2025-05-26ptba_laporan_berkelanjutan113825,True,"Untuk menghindari terjadinya benturan kepentingan, Perusahaan menetapkan beberapa prinsip kebijakan sebagai berikut: 1. Anggota Dewan Komisaris dan Direksi harus mengungkapkan kepemilikan saham di Perseroan atau di perusahaan lain dalam daftar khusus sebagaimana jadi dipersyaratkan peraturan perundang-undangan yang berlaku. 2. Setiap individu jajaran Perseroan dilarang memanfaatkan jabatan untuk kepentingan pribadi atau untuk kepentingan orang lain atau pihak lain yang merugikan kepentingan Perseroan. 3. Setiap individu jajaran Perseroan dilarang menggunakan informasi penting dan rahasia bagi kepentingan pribadi atau untuk kepentingan orang lain, atau pihak lain yang merugikan kepentingan Perseroan. 4. Setiap individu jajaran Perseroan sebaiknya menghindari kepentingan ekonomi dalam perusahaan yang dapat menimbulkan benturan kepentingan ekonomi.",857,105,id,governance,g,commitment,neutral,0.0,governance|environmental-claims,Description of specific policy principles to avoid conflicts of interest including disclosure requirements and prohibitions,commitment,lexical_or_climate_commitment,commitment,False,False,False,True,False,,,environmental-claims,/home/ubuntu/apps/benchmarks/model_download/models/environmental-claims,Local model,no,0.996537,False,climatebert_multi_20260526T074116Z_df720b,0.662
r088_008,88,8,2026-04-08T03:03:36.232065Z,arcee-ai/trinity-large-preview:free,tone_chain_of_thought_indonesian.md,20250526113828-2025-05-26ptba_laporan_berkelanjutan113825_pdf/batch_5,20250526113828-2025-05-26ptba_laporan_berkelanjutan113825,True,"PTBA memiliki sikap tegas terhadap korupsi sebagai bagian dari komitmen Perusahaan dalam menjalankan bisnis yang bersih, transparan, dan berintegritas. Perusahan menolak segala bentuk praktik korupsi, kolusi, dan nepotisme, baik dalam hubungan internal maupun eksternal perusahaan.",281,35,id,governance,g,commitment,neutral,0.0,governance|environmental-claims,"Statement about firm stance against corruption as part of commitment to clean, transparent, and ethical business practices",commitment,lexical_or_climate_commitment,commitment,False,False,False,True,False,,,environmental-claims,/home/ubuntu/apps/benchmarks/model_download/models/environmental-claims,Local model,no,0.996923,False,climatebert_multi_20260526T074116Z_df720b,0.397
r088_009,88,9,2026-04-08T03:03:36.232065Z,arcee-ai/trinity-large-preview:free,tone_chain_of_thought_indonesian.md,20250526113828-2025-05-26ptba_laporan_berkelanjutan113825_pdf/batch_5,20250526113828-2025-05-26ptba_laporan_berkelanjutan113825,True,"Merujuk Undang-Undang No. 31 Tahun 1999 jo. Undang-Undang No. 20 Tahun 2001 tentang Pemberantasan Tindak Pidana Korupsi, pengertian korupsi mencakup perbuatan melawan hukum, memperkaya diri orang/badan lain yang merugikan keuangan/perekonomian negara (pasal 2); menyalahgunakan kewenangan karena jabatan/kedudukan yang dapat merugikan keuangan/kedudukan yang dapat merugikan keuangan/perekonomian negara (pasal 3); kelompok delik penyuapan (pasal 5,6, dan 11); kelompok delik penggelapan dalam jabatan (pasal 8, 9, dan 10); delik pemerasan dalam jabatan (pasal 12); delik yang berkaitan dengan pemborongan (pasal 7); hingga delik gratifikasi (pasal 12B dan 12C).",662,93,id,governance,g,commitment,neutral,0.0,governance|environmental-claims,Reference to anti-corruption law and detailed definition of corruption including various types of corrupt practices,commitment,lexical_or_climate_commitment,commitment,False,False,False,True,False,,,environmental-claims,/home/ubuntu/apps/benchmarks/model_download/models/environmental-claims,Local model,no,0.99818,False,climatebert_multi_20260526T074116Z_df720b,0.584
r088_010,88,10,2026-04-08T03:03:36.232065Z,arcee-ai/trinity-large-preview:free,tone_chain_of_thought_indonesian.md,20250526113828-2025-05-26ptba_laporan_berkelanjutan113825_pdf/batch_5,20250526113828-2025-05-26ptba_laporan_berkelanjutan113825,True,"Ketegasan terhadap antikorupsi diimplementasikan Perusahaan antara lain dengan tidak memberi dan menerima hadiah serta gratifikasi yang diperkirakan akan memengaruhi independensi dalam proses pengambilan keputusan, serta bertentangan dengan etika bisnis yang sehat dan/atau bertentangan dengan hukum yang berlaku.",313,38,id,governance,g,commitment,neutral,0.0,governance|environmental-claims,Description of implementation of anti-corruption stance including prohibition of gifts and gratuities that could influence decision-making,commitment,lexical_or_climate_commitment,commitment,False,False,False,True,False,,,environmental-claims,/home/ubuntu/apps/benchmarks/model_download/models/environmental-claims,Local model,no,0.995635,False,climatebert_multi_20260526T074116Z_df720b,0.397
r088_011,88,11,2026-04-08T03:03:36.232065Z,arcee-ai/trinity-large-preview:free,tone_chain_of_thought_indonesian.md,20250526113828-2025-05-26ptba_laporan_berkelanjutan113825_pdf/batch_5,20250526113828-2025-05-26ptba_laporan_berkelanjutan113825,True,Komitmen antikorupsi tersebut dikukuhkan dengan beberapa kebijakan di PTBA di antaranya Keputusan Bersama Dewan Komisaris dan Direksi PTBA Nomor:10/SK/PTBA-DEKOM/IX/2020 dan Nomor:400/0100/2020 tentang Penerapan Prinsip dan Praktik Good Corporate Governance Untuk Kebijakan Anti Gratifikasi di PT Bukit Asam Tbk dan Pedoman Pengendalian Gratifikasi BAAGM:03 Nomor Revisi 1 tahun 2024.,384,58,mixed,governance,g,commitment,neutral,0.0,governance|environmental-claims,Reference to specific policies and guidelines that strengthen anti-corruption commitment,commitment,lexical_or_climate_commitment,commitment,False,False,False,True,False,,,environmental-claims,/home/ubuntu/apps/benchmarks/model_download/models/environmental-claims,Local model,no,0.997699,False,climatebert_multi_20260526T074116Z_df720b,0.787
r088_012,88,12,2026-04-08T03:03:36.232065Z,arcee-ai/trinity-large-preview:free,tone_chain_of_thought_indonesian.md,20250526113828-2025-05-26ptba_laporan_berkelanjutan113825_pdf/batch_5,20250526113828-2025-05-26ptba_laporan_berkelanjutan113825,True,"Lebih lanjut, untuk memperkecil, bahkan menutup peluang terjadinya korupsi, PTBA telah melakukan pemetaan dan pengkajian risiko dalam mata rantai dan operasional usaha yang berpotensi besar terjadi korupsi. Berdasarkan pemetaan tersebut, diidentifikasi 82% dari operasi memiliki risiko terkait korupsi.",302,38,id,governance,g,action,neutral,0.0,governance|risk,"Description of risk mapping and assessment to minimize corruption opportunities, with specific finding that 82% of operations have corruption-related risks",outcome,lexical_outcome,action,False,False,False,False,False,,,environmental-claims,/home/ubuntu/apps/benchmarks/model_download/models/environmental-claims,Local model,no,0.997337,False,climatebert_multi_20260526T074116Z_df720b,0.457
r090_000,90,0,2026-04-23T03:59:04.359145Z,openai/gpt-oss-120b:free,data.md,Indonet-Annual-Report-2022_pdf/batch_1,Indonet-Annual-Report-2022,True,"With the Renewable Energy Certificate obtained by its subsidiary from PLN, the Company is able to realize its commitment to support the sustainability goals of its customers through the use of sustainable energy.",212,33,en,missing,e,missing,commitment,,climate-commitment|environmental-claims,,outcome,lexical_outcome,outcome,True,True,True,True,False,,,environmental-claims,/home/ubuntu/apps/benchmarks/model_download/models/environmental-claims,Local model,yes,0.993425,True,climatebert_multi_20260526T074116Z_df720b,0.202
r090_001,90,1,2026-04-23T03:59:04.359145Z,openai/gpt-oss-120b:free,data.md,Indonet-Annual-Report-2022_pdf/batch_1,Indonet-Annual-Report-2022,True,"The Company has also established numerous strategic partnerships which will support the business to expand services, enhance customer response times, and maximize its potential growth in Indonesia.",197,27,en,missing,none,missing,none,,none,,commitment,lexical_or_climate_commitment,commitment,True,False,False,False,False,,,environmental-claims,/home/ubuntu/apps/benchmarks/model_download/models/environmental-claims,Local model,no,0.997858,False,climatebert_multi_20260526T074116Z_df720b,0.177
r091_000,91,0,2026-04-23T03:59:18.647532Z,openai/gpt-oss-120b:free,data.md,Indonet-Annual-Report-2022_pdf/batch_2,Indonet-Annual-Report-2022,True,"With the Renewable Energy Certificate obtained by its subsidiary from PLN, the Company is able to realize its commitment to support the sustainability goals of its customers through the use of sustainable energy.",212,33,en,missing,e,missing,positive,,climate-commitment|environmental-claims,,outcome,lexical_outcome,outcome,True,False,True,True,False,,,environmental-claims,/home/ubuntu/apps/benchmarks/model_download/models/environmental-claims,Local model,yes,0.993425,True,climatebert_multi_20260526T074116Z_df720b,0.197
r091_001,91,1,2026-04-23T03:59:18.647532Z,openai/gpt-oss-120b:free,data.md,Indonet-Annual-Report-2022_pdf/batch_2,Indonet-Annual-Report-2022,True,Based on Notarial Deed No. 122 dated 27 October 2020 ... the Company's shareholders has approved the following decisions: a. Approved the Company's plan to conduct an Initial Public Offering (IPO) ... b. Approved the change in status of the Company from a Private Company to a Public Company ...,295,49,en,missing,g,missing,commitment,,governance|strategy,,none,fallback_none,none,True,True,False,False,False,,,environmental-claims,/home/ubuntu/apps/benchmarks/model_download/models/environmental-claims,Local model,no,0.998099,False,climatebert_multi_20260526T074116Z_df720b,0.293
r092_000,92,0,2026-04-23T03:59:31.098672Z,openai/gpt-oss-120b:free,data.md,Indonet-Annual-Report-2022_pdf/batch_3,Indonet-Annual-Report-2022,True,"With the Renewable Energy Certificate obtained by its subsidiary from PLN, the Company is able to realize its commitment to support the sustainability goals of its customers through the use of sustainable energy.",212,33,en,missing,e,missing,positive,,climate-commitment|environmental-claims,,outcome,lexical_outcome,outcome,True,False,True,True,False,,,environmental-claims,/home/ubuntu/apps/benchmarks/model_download/models/environmental-claims,Local model,yes,0.993425,True,climatebert_multi_20260526T074116Z_df720b,0.156
r092_001,92,1,2026-04-23T03:59:31.098672Z,openai/gpt-oss-120b:free,data.md,Indonet-Annual-Report-2022_pdf/batch_3,Indonet-Annual-Report-2022,True,The composition of the Company's Audit Committee as at 31 December 2022 and 2021 are as follows:,96,18,en,missing,g,missing,neutral,,governance,,commitment,lexical_or_climate_commitment,commitment,True,False,False,False,False,,,environmental-claims,/home/ubuntu/apps/benchmarks/model_download/models/environmental-claims,Local model,no,0.998294,False,climatebert_multi_20260526T074116Z_df720b,0.092
r093_000,93,0,2026-04-23T03:59:40.895877Z,openai/gpt-oss-120b:free,data.md,Indonet-Annual-Report-2022_pdf/batch_4,Indonet-Annual-Report-2022,True,"With the Renewable Energy Certificate obtained by its subsidiary from PLN, the Company is able to realize its commitment to support the sustainability goals of its customers through the use of sustainable energy.",212,33,en,missing,e,missing,positive,,climate-commitment|environmental-claims,,outcome,lexical_outcome,outcome,True,False,True,True,False,,,environmental-claims,/home/ubuntu/apps/benchmarks/model_download/models/environmental-claims,Local model,yes,0.993425,True,climatebert_multi_20260526T074116Z_df720b,0.187
r094_000,94,0,2026-04-23T03:59:52.536695Z,openai/gpt-oss-120b:free,data.md,Indonet-Annual-Report-2022_pdf/batch_5,Indonet-Annual-Report-2022,True,"Dengan adanya Sertifikat Energi Terbarukan yang diperoleh entitas anaknya dari PLN, Perseroan mampu mewujudkan komitmennya dalam mendukung tujuan keberlanjutan para pelanggan melalui penggunaan energi berkelanjutan.",215,25,id,missing,e,missing,commitment,,climate-commitment|environmental-claims,,commitment,lexical_or_climate_commitment,commitment,True,True,True,True,False,,,environmental-claims,/home/ubuntu/apps/benchmarks/model_download/models/environmental-claims,Local model,no,0.995352,False,climatebert_multi_20260526T074116Z_df720b,0.38
r094_001,94,1,2026-04-23T03:59:52.536695Z,openai/gpt-oss-120b:free,data.md,Indonet-Annual-Report-2022_pdf/batch_5,Indonet-Annual-Report-2022,True,"Through various strategic moves taken to overcome the existing limitations, the Company will continue to seize existing opportunities in order to create added value and sustainable growth in the future.",202,30,en,missing,e,missing,commitment,,opportunity|strategy|climate-commitment,,commitment,lexical_or_climate_commitment,commitment,True,True,True,False,False,,,environmental-claims,/home/ubuntu/apps/benchmarks/model_download/models/environmental-claims,Local model,no,0.998022,False,climatebert_multi_20260526T074116Z_df720b,0.143
r095_000,95,0,2026-04-23T04:00:06.410618Z,openai/gpt-oss-120b:free,data.md,Indonet-Annual-Report-2022_pdf/batch_6,Indonet-Annual-Report-2022,True,"With the Renewable Energy Certificate obtained by its subsidiary from PLN, the Company is able to realize its commitment to support the sustainability goals of its customers through the use of sustainable energy.",212,33,en,missing,e,missing,commitment,,climate-commitment|environmental-claims,,outcome,lexical_outcome,outcome,True,True,True,True,False,,,environmental-claims,/home/ubuntu/apps/benchmarks/model_download/models/environmental-claims,Local model,yes,0.993425,True,climatebert_multi_20260526T074116Z_df720b,0.223
r095_001,95,1,2026-04-23T04:00:06.410618Z,openai/gpt-oss-120b:free,data.md,Indonet-Annual-Report-2022_pdf/batch_6,Indonet-Annual-Report-2022,True,"The Company has also established numerous strategic partnerships which will support the business to expand services, enhance customer response times, and maximize its potential growth in Indonesia.",197,27,en,missing,g,missing,positive,,governance|strategy,,commitment,lexical_or_climate_commitment,commitment,True,False,False,False,False,,,environmental-claims,/home/ubuntu/apps/benchmarks/model_download/models/environmental-claims,Local model,no,0.997858,False,climatebert_multi_20260526T074116Z_df720b,0.187
r095_002,95,2,2026-04-23T04:00:06.410618Z,openai/gpt-oss-120b:free,data.md,Indonet-Annual-Report-2022_pdf/batch_6,Indonet-Annual-Report-2022,True,"Through various strategic moves taken to overcome the existing limitations, the Company will continue to seize existing opportunities in order to create added value and sustainable growth in the future.",202,30,en,missing,g,missing,commitment,,opportunity|strategy,,commitment,lexical_or_climate_commitment,commitment,True,True,False,False,False,,,environmental-claims,/home/ubuntu/apps/benchmarks/model_download/models/environmental-claims,Local model,no,0.998022,False,climatebert_multi_20260526T074116Z_df720b,0.262
r096_000,96,0,2026-04-23T04:00:22.574827Z,openai/gpt-oss-120b:free,data.md,Indonet-Annual-Report-2022_pdf/batch_7,Indonet-Annual-Report-2022,True,"With the Renewable Energy Certificate obtained by its subsidiary from PLN, the Company is able to realize its commitment to support the sustainability goals of its customers through the use of sustainable energy.",212,33,en,missing,e,missing,commitment,,climate-commitment|environmental-claims,,outcome,lexical_outcome,outcome,True,True,True,True,False,,,environmental-claims,/home/ubuntu/apps/benchmarks/model_download/models/environmental-claims,Local model,yes,0.993425,True,climatebert_multi_20260526T074116Z_df720b,0.199
r096_001,96,1,2026-04-23T04:00:22.574827Z,openai/gpt-oss-120b:free,data.md,Indonet-Annual-Report-2022_pdf/batch_7,Indonet-Annual-Report-2022,True,"Through various strategic moves taken to overcome the existing limitations, the Company will continue to seize existing opportunities in order to create added value and sustainable growth in the future.",202,30,en,missing,s,missing,commitment,,opportunity|strategy,,commitment,lexical_or_climate_commitment,commitment,True,True,False,False,False,,,environmental-claims,/home/ubuntu/apps/benchmarks/model_download/models/environmental-claims,Local model,no,0.998022,False,climatebert_multi_20260526T074116Z_df720b,0.217
r096_002,96,2,2026-04-23T04:00:22.574827Z,openai/gpt-oss-120b:free,data.md,Indonet-Annual-Report-2022_pdf/batch_7,Indonet-Annual-Report-2022,True,"The Company has also established numerous strategic partnerships which will support the business to expand services, enhance customer response times, and maximize its potential growth in Indonesia.",197,27,en,missing,none,missing,neutral,,none,,commitment,lexical_or_climate_commitment,commitment,True,False,False,False,False,,,environmental-claims,/home/ubuntu/apps/benchmarks/model_download/models/environmental-claims,Local model,no,0.997858,False,climatebert_multi_20260526T074116Z_df720b,0.154
r097_000,97,0,2026-04-23T04:00:33.979538Z,openai/gpt-oss-120b:free,data.md,Indonet-Annual-Report-2022_pdf/batch_8,Indonet-Annual-Report-2022,True,"With the Renewable Energy Certificate obtained by its subsidiary from PLN, the Company is able to realize its commitment to support the sustainability goals of its customers through the use of sustainable energy.",212,33,en,missing,e,missing,commitment,,climate-commitment|environmental-claims,,outcome,lexical_outcome,outcome,True,True,True,True,False,,,environmental-claims,/home/ubuntu/apps/benchmarks/model_download/models/environmental-claims,Local model,yes,0.993425,True,climatebert_multi_20260526T074116Z_df720b,0.259
r098_000,98,0,2026-04-23T04:00:49.505609Z,openai/gpt-oss-120b:free,data.md,Indonet-Annual-Report-2022_pdf/batch_9,Indonet-Annual-Report-2022,True,"With the Renewable Energy Certificate obtained by its subsidiary from PLN, the Company is able to realize its commitment to support the sustainability goals of its customers through the use of sustainable energy.",212,33,en,missing,e,missing,commitment,,climate-commitment|environmental-claims,,outcome,lexical_outcome,outcome,True,True,True,True,False,,,environmental-claims,/home/ubuntu/apps/benchmarks/model_download/models/environmental-claims,Local model,yes,0.993425,True,climatebert_multi_20260526T074116Z_df720b,0.168
r098_001,98,1,2026-04-23T04:00:49.505609Z,openai/gpt-oss-120b:free,data.md,Indonet-Annual-Report-2022_pdf/batch_9,Indonet-Annual-Report-2022,True,"The Company has also established numerous strategic partnerships which will support the business to expand services, enhance customer response times, and maximize its potential growth in Indonesia.",197,27,en,missing,none,missing,neutral,,strategy|opportunity,,commitment,lexical_or_climate_commitment,commitment,True,False,False,False,False,,,environmental-claims,/home/ubuntu/apps/benchmarks/model_download/models/environmental-claims,Local model,no,0.997858,False,climatebert_multi_20260526T074116Z_df720b,0.158
r098_002,98,2,2026-04-23T04:00:49.505609Z,openai/gpt-oss-120b:free,data.md,Indonet-Annual-Report-2022_pdf/batch_9,Indonet-Annual-Report-2022,True,"Management periodically evaluates its tax positions with respect to situations in which applicable tax regulation is subject to interpretation. Where appropriate, management establishes provisions based on the amounts expected to be paid to the tax authorities.",261,36,en,missing,g,missing,neutral,,governance|metrics,,action,lexical_or_climate_action,action,True,False,False,False,False,,,environmental-claims,/home/ubuntu/apps/benchmarks/model_download/models/environmental-claims,Local model,no,0.998637,False,climatebert_multi_20260526T074116Z_df720b,0.152
r098_003,98,3,2026-04-23T04:00:49.505609Z,openai/gpt-oss-120b:free,data.md,Indonet-Annual-Report-2022_pdf/batch_9,Indonet-Annual-Report-2022,True,The Group has defined benefit and defined contribution plans and is required to provide minimum pension benefits as stipulated in the Omnibus Law and related regulations.,170,26,en,missing,g,missing,neutral,,governance|metrics,,none,fallback_none,none,True,False,False,False,False,,,environmental-claims,/home/ubuntu/apps/benchmarks/model_download/models/environmental-claims,Local model,no,0.998573,False,climatebert_multi_20260526T074116Z_df720b,0.224
r099_000,99,0,2026-04-23T04:01:06.456359Z,openai/gpt-oss-120b:free,data.md,Indonet-Annual-Report-2022_pdf/batch_10,Indonet-Annual-Report-2022,True,"With the Renewable Energy Certificate obtained by its subsidiary from PLN, the Company is able to realize its commitment to support the sustainability goals of its customers through the use of sustainable energy.",212,33,en,missing,e,missing,positive,,climate-commitment|environmental-claims,,outcome,lexical_outcome,outcome,True,False,True,True,False,,,environmental-claims,/home/ubuntu/apps/benchmarks/model_download/models/environmental-claims,Local model,yes,0.993425,True,climatebert_multi_20260526T074116Z_df720b,0.129
r099_001,99,1,2026-04-23T04:01:06.456359Z,openai/gpt-oss-120b:free,data.md,Indonet-Annual-Report-2022_pdf/batch_10,Indonet-Annual-Report-2022,True,"The Company has also established numerous strategic partnerships which will support the business to expand services, enhance customer response times, and maximize its potential growth in Indonesia.",197,27,en,missing,s,missing,positive,,strategy|opportunity,,commitment,lexical_or_climate_commitment,commitment,True,False,False,False,False,,,environmental-claims,/home/ubuntu/apps/benchmarks/model_download/models/environmental-claims,Local model,no,0.997858,False,climatebert_multi_20260526T074116Z_df720b,0.137
r099_002,99,2,2026-04-23T04:01:06.456359Z,openai/gpt-oss-120b:free,data.md,Indonet-Annual-Report-2022_pdf/batch_10,Indonet-Annual-Report-2022,True,"Through various strategic moves taken to overcome the existing limitations, the Company will continue to seize existing opportunities in order to create added value and sustainable growth in the future.",202,30,en,missing,g,missing,commitment,,strategy|commitment,,commitment,lexical_or_climate_commitment,commitment,True,True,False,False,False,,,environmental-claims,/home/ubuntu/apps/benchmarks/model_download/models/environmental-claims,Local model,no,0.998022,False,climatebert_multi_20260526T074116Z_df720b,0.215
r099_003,99,3,2026-04-23T04:01:06.456359Z,openai/gpt-oss-120b:free,data.md,Indonet-Annual-Report-2022_pdf/batch_10,Indonet-Annual-Report-2022,True,The Group assesses whether a contract is or contains a lease and recognises right‑of‑use assets and lease liabilities in accordance with accounting standards.,158,25,en,missing,g,missing,neutral,,governance|metrics,,none,fallback_none,none,True,False,False,False,False,,,environmental-claims,/home/ubuntu/apps/benchmarks/model_download/models/environmental-claims,Local model,no,0.998114,False,climatebert_multi_20260526T074116Z_df720b,0.188
r099_004,99,4,2026-04-23T04:01:06.456359Z,openai/gpt-oss-120b:free,data.md,Indonet-Annual-Report-2022_pdf/batch_10,Indonet-Annual-Report-2022,True,"The Group does not recognise right‑of‑use assets and lease liabilities for short‑term leases or low‑value assets, charging payments to profit or loss on a straight‑line basis.",175,31,en,missing,g,missing,neutral,,governance|metrics,,none,fallback_none,none,True,False,False,False,False,,,environmental-claims,/home/ubuntu/apps/benchmarks/model_download/models/environmental-claims,Local model,no,0.998443,False,climatebert_multi_20260526T074116Z_df720b,0.155
r099_005,99,5,2026-04-23T04:01:06.456359Z,openai/gpt-oss-120b:free,data.md,Indonet-Annual-Report-2022_pdf/batch_10,Indonet-Annual-Report-2022,True,Actuarial gains and losses arising from experience adjustments and changes in actuarial assumptions are charged or credited to equity in other comprehensive income in the period in which they arise.,198,30,en,missing,g,missing,neutral,,governance|metrics,,none,fallback_none,none,True,False,False,False,False,,,environmental-claims,/home/ubuntu/apps/benchmarks/model_download/models/environmental-claims,Local model,no,0.998101,False,climatebert_multi_20260526T074116Z_df720b,0.163
r100_000,100,0,2026-04-23T04:01:19.655290Z,openai/gpt-oss-120b:free,data.md,Indonet-Annual-Report-2022_pdf/batch_11,Indonet-Annual-Report-2022,True,"Dengan adanya Sertifikat Energi Terbarukan yang diperoleh entitas anaknya dari PLN, Perseroan mampu mewujudkan komitmennya dalam mendukung tujuan keberlanjutan para pelanggan melalui penggunaan energi berkelanjutan.",215,25,id,missing,e,missing,commitment,,climate-commitment|environmental-claims,,commitment,lexical_or_climate_commitment,commitment,True,True,True,True,False,,,environmental-claims,/home/ubuntu/apps/benchmarks/model_download/models/environmental-claims,Local model,no,0.995352,False,climatebert_multi_20260526T074116Z_df720b,0.464
r100_001,100,1,2026-04-23T04:01:19.655290Z,openai/gpt-oss-120b:free,data.md,Indonet-Annual-Report-2022_pdf/batch_11,Indonet-Annual-Report-2022,True,"With the Renewable Energy Certificate obtained by its subsidiary from PLN, the Company is able to realize its commitment to support the sustainability goals of its customers through the use of sustainable energy.",212,33,en,missing,e,missing,commitment,,climate-commitment|environmental-claims,,outcome,lexical_outcome,outcome,True,True,True,True,False,,,environmental-claims,/home/ubuntu/apps/benchmarks/model_download/models/environmental-claims,Local model,yes,0.993425,True,climatebert_multi_20260526T074116Z_df720b,0.211
r101_000,101,0,2026-04-23T04:01:38.082115Z,openai/gpt-oss-120b:free,data.md,Indonet-Annual-Report-2022_pdf/batch_12,Indonet-Annual-Report-2022,True,"With the Renewable Energy Certificate obtained by its subsidiary from PLN, the Company is able to realize its commitment to support the sustainability goals of its customers through the use of sustainable energy.",212,33,en,missing,e,missing,positive,,climate-commitment|environmental-claims,,outcome,lexical_outcome,outcome,True,False,True,True,False,,,environmental-claims,/home/ubuntu/apps/benchmarks/model_download/models/environmental-claims,Local model,yes,0.993425,True,climatebert_multi_20260526T074116Z_df720b,0.241
r101_001,101,1,2026-04-23T04:01:38.082115Z,openai/gpt-oss-120b:free,data.md,Indonet-Annual-Report-2022_pdf/batch_12,Indonet-Annual-Report-2022,True,"The Group's activities are exposed to a variety of financial risks such as foreign exchange risk, credit risk and liquidity risk.",129,22,en,missing,g,missing,neutral,,risk,,none,fallback_none,none,True,False,False,False,False,,,environmental-claims,/home/ubuntu/apps/benchmarks/model_download/models/environmental-claims,Local model,no,0.998231,False,climatebert_multi_20260526T074116Z_df720b,0.122
r101_002,101,2,2026-04-23T04:01:38.082115Z,openai/gpt-oss-120b:free,data.md,Indonet-Annual-Report-2022_pdf/batch_12,Indonet-Annual-Report-2022,True,Risk management is carried out by the management of the Group under the direction of the Board of Directors. The Board of Directors identifies and evaluates financial risks.,173,28,en,missing,g,missing,neutral,,governance|risk,,action,lexical_or_climate_action,action,True,False,False,False,False,,,environmental-claims,/home/ubuntu/apps/benchmarks/model_download/models/environmental-claims,Local model,no,0.99848,False,climatebert_multi_20260526T074116Z_df720b,0.098
r101_003,101,3,2026-04-23T04:01:38.082115Z,openai/gpt-oss-120b:free,data.md,Indonet-Annual-Report-2022_pdf/batch_12,Indonet-Annual-Report-2022,True,Final dividends distributions are recognised as a liability when the dividends are approved in the Company's General Meeting of Shareholders.,141,21,en,missing,g,missing,neutral,,governance,,none,fallback_none,none,True,False,False,False,False,,,environmental-claims,/home/ubuntu/apps/benchmarks/model_download/models/environmental-claims,Local model,no,0.998341,False,climatebert_multi_20260526T074116Z_df720b,0.186
r102_000,102,0,2026-04-23T04:02:22.435200Z,openai/gpt-oss-120b:free,data.md,Indonet-Annual-Report-2022_pdf/batch_13,Indonet-Annual-Report-2022,True,The Group is exposed to credit risk arising from the credit granted to its customers.,85,15,en,missing,g,missing,neutral,,risk,,none,fallback_none,none,True,False,False,False,False,,,environmental-claims,/home/ubuntu/apps/benchmarks/model_download/models/environmental-claims,Local model,no,0.998551,False,climatebert_multi_20260526T074116Z_df720b,0.097
r102_001,102,1,2026-04-23T04:02:22.435200Z,openai/gpt-oss-120b:free,data.md,Indonet-Annual-Report-2022_pdf/batch_13,Indonet-Annual-Report-2022,True,"To mitigate this risk, the Group sends the invoices at the beginning of the month and grants a term to personal and corporate customers up to the date of 20th of every month, respectively, to pay the invoice.",208,38,en,missing,g,missing,positive,,risk|governance,,none,fallback_none,none,True,False,False,False,False,,,environmental-claims,/home/ubuntu/apps/benchmarks/model_download/models/environmental-claims,Local model,no,0.998531,False,climatebert_multi_20260526T074116Z_df720b,0.241
r102_002,102,2,2026-04-23T04:02:22.435200Z,openai/gpt-oss-120b:free,data.md,Indonet-Annual-Report-2022_pdf/batch_13,Indonet-Annual-Report-2022,True,"If up to those dates, the customers do not pay the invoice, the Group will hold the access given to customers, collection department or the sales representative will contact the corporate customer to ask the continuity of the service given by the Group.",253,43,en,missing,g,missing,neutral,,risk,,commitment,lexical_or_climate_commitment,commitment,True,False,False,False,False,,,environmental-claims,/home/ubuntu/apps/benchmarks/model_download/models/environmental-claims,Local model,no,0.998932,False,climatebert_multi_20260526T074116Z_df720b,0.218
r102_003,102,3,2026-04-23T04:02:22.435200Z,openai/gpt-oss-120b:free,data.md,Indonet-Annual-Report-2022_pdf/batch_13,Indonet-Annual-Report-2022,True,"In addition, receivable balances are monitored on an ongoing basis to reduce the Group's exposure to bad debts.",111,19,en,missing,g,missing,positive,,risk|governance,,outcome,lexical_outcome,outcome,True,False,False,False,False,,,environmental-claims,/home/ubuntu/apps/benchmarks/model_download/models/environmental-claims,Local model,no,0.998271,False,climatebert_multi_20260526T074116Z_df720b,0.095
r102_004,102,4,2026-04-23T04:02:22.435200Z,openai/gpt-oss-120b:free,data.md,Indonet-Annual-Report-2022_pdf/batch_13,Indonet-Annual-Report-2022,True,"As at 31 December 2022, cash in bank and time deposits maintained with PT Bank China Construction Bank Indonesia Tbk, PT Bank Central Asia Tbk, PT Bank KEB Hana Indonesia, PT OCBC NISP Tbk and PT BPR Sarana Utama Multidana represent 36%, 31%, 16%, 4%, and 3% respectively, of total cash and cash equivalent also constitutes a concentration of credit risk.",355,61,en,missing,g,missing,neutral,,risk|metrics,,none,fallback_none,none,True,False,False,False,False,,,environmental-claims,/home/ubuntu/apps/benchmarks/model_download/models/environmental-claims,Local model,no,0.998512,False,climatebert_multi_20260526T074116Z_df720b,0.289
r102_005,102,5,2026-04-23T04:02:22.435200Z,openai/gpt-oss-120b:free,data.md,Indonet-Annual-Report-2022_pdf/batch_13,Indonet-Annual-Report-2022,True,"As at 31 December 2021, cash in bank and time deposits maintained with PT Bank China Construction Bank Indonesia Tbk, PT Bank Central Asia Tbk, PT Bank KEB Hana Indonesia, PT Bank Sahabat Sampoerna and PT BPR Sarana Utama Multidana represent 54%, 22%, 13%, 3%, and 3% respectively, of total cash and cash equivalent also constitutes a concentration of credit risk.",364,61,en,missing,g,missing,neutral,,risk|metrics,,none,fallback_none,none,True,False,False,False,False,,,environmental-claims,/home/ubuntu/apps/benchmarks/model_download/models/environmental-claims,Local model,no,0.998479,False,climatebert_multi_20260526T074116Z_df720b,0.365
r102_006,102,6,2026-04-23T04:02:22.435200Z,openai/gpt-oss-120b:free,data.md,Indonet-Annual-Report-2022_pdf/batch_13,Indonet-Annual-Report-2022,True,The Group maximum exposure to credit risk for each class of financial assets as at 31 December 2022 and 2021 is equal to the carrying amounts as presented in the consolidated statement of financial position.,207,35,en,missing,g,missing,neutral,,risk|metrics,,none,fallback_none,none,True,False,False,False,False,,,environmental-claims,/home/ubuntu/apps/benchmarks/model_download/models/environmental-claims,Local model,no,0.998499,False,climatebert_multi_20260526T074116Z_df720b,0.207
r102_007,102,7,2026-04-23T04:02:22.435200Z,openai/gpt-oss-120b:free,data.md,Indonet-Annual-Report-2022_pdf/batch_13,Indonet-Annual-Report-2022,True,Liquidity risk is the risk that the Group will encounter difficulty in meeting financial obligations due to shortage of funds.,126,20,en,missing,g,missing,neutral,,risk,,commitment,lexical_or_climate_commitment,commitment,True,False,False,False,False,,,environmental-claims,/home/ubuntu/apps/benchmarks/model_download/models/environmental-claims,Local model,no,0.99814,False,climatebert_multi_20260526T074116Z_df720b,0.096
r102_008,102,8,2026-04-23T04:02:22.435200Z,openai/gpt-oss-120b:free,data.md,Indonet-Annual-Report-2022_pdf/batch_13,Indonet-Annual-Report-2022,True,"The Group manages its liquidity profile to be able to finance its business activities and capital expenditures and to settle its debts by maintaining sufficient cash and cash equivalents, and the availability of funding through an adequate amount of committed credit facilities.",278,42,en,missing,g,missing,positive,,risk|governance,,commitment,lexical_or_climate_commitment,commitment,True,False,False,False,False,,,environmental-claims,/home/ubuntu/apps/benchmarks/model_download/models/environmental-claims,Local model,no,0.997622,False,climatebert_multi_20260526T074116Z_df720b,0.134
r102_009,102,9,2026-04-23T04:02:22.435200Z,openai/gpt-oss-120b:free,data.md,Indonet-Annual-Report-2022_pdf/batch_13,Indonet-Annual-Report-2022,True,"The Group regularly evaluates its projected and actual cash flow information and continuously assesses conditions in the financial markets for opportunities to pursue fund‑raising initiatives, including bank loans and equity markets.",233,32,en,missing,g,missing,positive,,risk|opportunity|governance,,none,fallback_none,none,True,False,False,False,False,,,environmental-claims,/home/ubuntu/apps/benchmarks/model_download/models/environmental-claims,Local model,no,0.998663,False,climatebert_multi_20260526T074116Z_df720b,0.213
r103_000,103,0,2026-04-23T04:02:41.815725Z,openai/gpt-oss-120b:free,data.md,Indonet-Annual-Report-2022_pdf/batch_14,Indonet-Annual-Report-2022,True,"With the Renewable Energy Certificate obtained by its subsidiary from PLN, the Company is able to realize its commitment to support the sustainability goals of its customers through the use of sustainable energy.",212,33,en,missing,e,missing,positive,,climate-commitment|environmental-claims,,outcome,lexical_outcome,outcome,True,False,True,True,False,,,environmental-claims,/home/ubuntu/apps/benchmarks/model_download/models/environmental-claims,Local model,yes,0.993425,True,climatebert_multi_20260526T074116Z_df720b,0.239
r103_001,103,1,2026-04-23T04:02:41.815725Z,openai/gpt-oss-120b:free,data.md,Indonet-Annual-Report-2022_pdf/batch_14,Indonet-Annual-Report-2022,True,The Group performs a regular review of the impact of interest rate risk to manage the interest rate risk through preparation of regular cash flow projections to monitor the payment of borrowings principal and interest. Interest rates are monitored to minimise negative impact on the Group.,289,46,en,missing,g,missing,neutral,,risk|governance,,none,fallback_none,none,True,False,False,False,False,,,environmental-claims,/home/ubuntu/apps/benchmarks/model_download/models/environmental-claims,Local model,no,0.998301,False,climatebert_multi_20260526T074116Z_df720b,0.404
r103_002,103,2,2026-04-23T04:02:41.815725Z,openai/gpt-oss-120b:free,data.md,Indonet-Annual-Report-2022_pdf/batch_14,Indonet-Annual-Report-2022,True,"The Group's objectives when managing capital are to safeguard the Group's ability to continue as a going concern whilst seeking to maximise benefits to shareholders and other stakeholders. The Group periodically reviews and manages its optimal capital structure and shareholder returns, taking into consideration future capital requirements, profitability, operating cash flows, capital expenditure and strategic investment opportunities.",438,59,en,missing,g,missing,neutral,,risk|governance,,none,fallback_none,none,True,False,False,False,False,,,environmental-claims,/home/ubuntu/apps/benchmarks/model_download/models/environmental-claims,Local model,no,0.998437,False,climatebert_multi_20260526T074116Z_df720b,0.203
r104_000,104,0,2026-04-23T04:02:55.647646Z,openai/gpt-oss-120b:free,data.md,Indonet-Annual-Report-2022_pdf/batch_15,Indonet-Annual-Report-2022,True,"Dengan adanya Sertifikat Energi Terbarukan yang diperoleh entitas anaknya dari PLN, Perseroan mampu mewujudkan komitmennya dalam mendukung tujuan keberlanjutan para pelanggan melalui penggunaan energi berkelanjutan.",215,25,id,missing,e,missing,commitment,,climate-commitment|environmental-claims,,commitment,lexical_or_climate_commitment,commitment,True,True,True,True,False,,,environmental-claims,/home/ubuntu/apps/benchmarks/model_download/models/environmental-claims,Local model,no,0.995352,False,climatebert_multi_20260526T074116Z_df720b,0.195
r104_001,104,1,2026-04-23T04:02:55.647646Z,openai/gpt-oss-120b:free,data.md,Indonet-Annual-Report-2022_pdf/batch_15,Indonet-Annual-Report-2022,True,"With the Renewable Energy Certificate obtained by its subsidiary from PLN, the Company is able to realize its commitment to support the sustainability goals of its customers through the use of sustainable energy.",212,33,en,missing,e,missing,commitment,,climate-commitment|environmental-claims,,outcome,lexical_outcome,outcome,True,True,True,True,False,,,environmental-claims,/home/ubuntu/apps/benchmarks/model_download/models/environmental-claims,Local model,yes,0.993425,True,climatebert_multi_20260526T074116Z_df720b,0.202
r105_000,105,0,2026-04-23T04:03:08.801005Z,openai/gpt-oss-120b:free,data.md,Indonet-Annual-Report-2022_pdf/batch_16,Indonet-Annual-Report-2022,True,"With the Renewable Energy Certificate obtained by its subsidiary from PLN, the Company is able to realize its commitment to support the sustainability goals of its customers through the use of sustainable energy.",212,33,en,missing,e,missing,positive,,climate-commitment|environmental-claims,,outcome,lexical_outcome,outcome,True,False,True,True,False,,,environmental-claims,/home/ubuntu/apps/benchmarks/model_download/models/environmental-claims,Local model,yes,0.993425,True,climatebert_multi_20260526T074116Z_df720b,0.128
r105_001,105,1,2026-04-23T04:03:08.801005Z,openai/gpt-oss-120b:free,data.md,Indonet-Annual-Report-2022_pdf/batch_16,Indonet-Annual-Report-2022,True,"Through various strategic moves taken to overcome the existing limitations, the Company will continue to seize existing opportunities in order to create added value and sustainable growth in the future.",202,30,en,missing,e,missing,commitment,,opportunity,,commitment,lexical_or_climate_commitment,commitment,True,True,False,False,False,,,environmental-claims,/home/ubuntu/apps/benchmarks/model_download/models/environmental-claims,Local model,no,0.998022,False,climatebert_multi_20260526T074116Z_df720b,0.127
r106_000,106,0,2026-04-23T04:03:16.761314Z,openai/gpt-oss-120b:free,data.md,Indonet-Annual-Report-2022_pdf/batch_17,Indonet-Annual-Report-2022,True,"With the Renewable Energy Certificate obtained by its subsidiary from PLN, the Company is able to realize its commitment to support the sustainability goals of its customers through the use of sustainable energy.",212,33,en,missing,e,missing,positive,,climate-commitment|environmental-claims,,outcome,lexical_outcome,outcome,True,False,True,True,False,,,environmental-claims,/home/ubuntu/apps/benchmarks/model_download/models/environmental-claims,Local model,yes,0.993425,True,climatebert_multi_20260526T074116Z_df720b,0.197
r107_000,107,0,2026-04-23T04:03:35.644218Z,openai/gpt-oss-120b:free,data.md,Indonet-Annual-Report-2022_pdf/batch_18,Indonet-Annual-Report-2022,True,"With the Renewable Energy Certificate obtained by its subsidiary from PLN, the Company is able to realize its commitment to support the sustainability goals of its customers through the use of sustainable energy.",212,33,en,missing,e,missing,positive,,environmental-claims|climate-commitment,,outcome,lexical_outcome,outcome,True,False,True,True,False,,,environmental-claims,/home/ubuntu/apps/benchmarks/model_download/models/environmental-claims,Local model,yes,0.993425,True,climatebert_multi_20260526T074116Z_df720b,0.115
r107_001,107,1,2026-04-23T04:03:35.644218Z,openai/gpt-oss-120b:free,data.md,Indonet-Annual-Report-2022_pdf/batch_18,Indonet-Annual-Report-2022,True,Based on the Minister of Finance of the Republic of Indonesia regulation No. 150/PMK.010/2018 ... EDG applied for tax holiday facility through online single submission (OSS) on 18 December 2019.,194,32,en,missing,g,missing,commitment,,governance|strategy,,none,fallback_none,none,True,True,False,False,False,,,environmental-claims,/home/ubuntu/apps/benchmarks/model_download/models/environmental-claims,Local model,no,0.998591,False,climatebert_multi_20260526T074116Z_df720b,0.174
r107_002,107,2,2026-04-23T04:03:35.644218Z,openai/gpt-oss-120b:free,data.md,Indonet-Annual-Report-2022_pdf/batch_18,Indonet-Annual-Report-2022,True,"On 30 December 2019, the Minister of Finance ... issued Decree ... regarding the granting of corporate income tax reduction facility to EDG ... Up to the completion date of these consolidated financial statements, the application for tax holiday facility is still in the process of review by DGT.",296,46,en,missing,g,missing,neutral,,governance|risk,,none,fallback_none,none,True,False,False,False,False,,,environmental-claims,/home/ubuntu/apps/benchmarks/model_download/models/environmental-claims,Local model,no,0.998725,False,climatebert_multi_20260526T074116Z_df720b,0.155
r107_003,107,3,2026-04-23T04:03:35.644218Z,openai/gpt-oss-120b:free,data.md,Indonet-Annual-Report-2022_pdf/batch_18,Indonet-Annual-Report-2022,True,"The Company received Underpayment Tax Assessment Letters ... for VAT and PPh 26, did not pay, filed objections and appeals, which were rejected, and later paid the underpayment with penalties.",192,29,en,missing,g,missing,negative,,governance|risk,,none,fallback_none,none,True,False,False,False,False,,,environmental-claims,/home/ubuntu/apps/benchmarks/model_download/models/environmental-claims,Local model,no,0.997893,False,climatebert_multi_20260526T074116Z_df720b,0.154
r108_000,108,0,2026-04-23T04:03:57.337683Z,openai/gpt-oss-120b:free,data.md,Indonet-Annual-Report-2022_pdf/batch_19,Indonet-Annual-Report-2022,True,"With the Renewable Energy Certificate obtained by its subsidiary from PLN, the Company is able to realize its commitment to support the sustainability goals of its customers through the use of sustainable energy.",212,33,en,missing,e,missing,positive,,climate-commitment|environmental-claims|strategy,,outcome,lexical_outcome,outcome,True,False,True,True,False,,,environmental-claims,/home/ubuntu/apps/benchmarks/model_download/models/environmental-claims,Local model,yes,0.993425,True,climatebert_multi_20260526T074116Z_df720b,0.17
r108_001,108,1,2026-04-23T04:03:57.337683Z,openai/gpt-oss-120b:free,data.md,Indonet-Annual-Report-2022_pdf/batch_19,Indonet-Annual-Report-2022,True,"The Company has also established numerous strategic partnerships which will support the business to expand services, enhance customer response times, and maximize its potential growth in Indonesia.",197,27,en,missing,none,missing,neutral,,opportunity|strategy,,commitment,lexical_or_climate_commitment,commitment,True,False,False,False,False,,,environmental-claims,/home/ubuntu/apps/benchmarks/model_download/models/environmental-claims,Local model,no,0.997858,False,climatebert_multi_20260526T074116Z_df720b,0.19
r108_002,108,2,2026-04-23T04:03:57.337683Z,openai/gpt-oss-120b:free,data.md,Indonet-Annual-Report-2022_pdf/batch_19,Indonet-Annual-Report-2022,True,"On 15 December 2014, the Company filed a judicial review to the Supreme Court of the Republic of Indonesia. On 23 August 2021, the Company received a copy of Supreme Court Verdict that decided to reject the judicial review on the Tax Court decision letter related to PPh 26. The Company accepted the decision and recorded it as “Other operating expense” account amounted to Rp892 in 2021 consolidated statement of profit or loss and other comprehensive income.",460,77,en,missing,g,missing,neutral,,risk|governance,,none,fallback_none,none,True,False,False,False,False,,,environmental-claims,/home/ubuntu/apps/benchmarks/model_download/models/environmental-claims,Local model,no,0.997854,False,climatebert_multi_20260526T074116Z_df720b,0.467
r108_003,108,3,2026-04-23T04:03:57.337683Z,openai/gpt-oss-120b:free,data.md,Indonet-Annual-Report-2022_pdf/batch_19,Indonet-Annual-Report-2022,True,"On 30 November 2021, the Tax Court fully approved the Company’s appeal in the amount of Rp3,485 and subsequently received the cash refund on 27 January 2022.",157,29,en,missing,g,missing,positive,,risk|governance|metrics,,none,fallback_none,none,True,False,False,False,False,,,environmental-claims,/home/ubuntu/apps/benchmarks/model_download/models/environmental-claims,Local model,no,0.998032,False,climatebert_multi_20260526T074116Z_df720b,0.165
r108_004,108,4,2026-04-23T04:03:57.337683Z,openai/gpt-oss-120b:free,data.md,Indonet-Annual-Report-2022_pdf/batch_19,Indonet-Annual-Report-2022,True,"The deferred tax assets for the years ended 31 December 2022 and 2021 are presented in the table, showing amounts related to employee benefits, long‑term liabilities, fixed assets, and other items.",197,32,en,missing,g,missing,neutral,,metrics,,none,fallback_none,none,True,False,False,False,False,,,environmental-claims,/home/ubuntu/apps/benchmarks/model_download/models/environmental-claims,Local model,no,0.998748,False,climatebert_multi_20260526T074116Z_df720b,0.147
r109_000,109,0,2026-04-23T04:04:07.243151Z,openai/gpt-oss-120b:free,data.md,Indonet-Annual-Report-2022_pdf/batch_20,Indonet-Annual-Report-2022,True,"With the Renewable Energy Certificate obtained by its subsidiary from PLN, the Company is able to realize its commitment to support the sustainability goals of its customers through the use of sustainable energy.",212,33,en,missing,e,missing,commitment,,climate-commitment|environmental-claims|climate-specificity,,outcome,lexical_outcome,outcome,True,True,True,True,False,,,environmental-claims,/home/ubuntu/apps/benchmarks/model_download/models/environmental-claims,Local model,yes,0.993425,True,climatebert_multi_20260526T074116Z_df720b,0.312
llm_70901ce6740d,3,0,2026-05-17T06:31:48Z,arcee-ai/trinity-large-thinking:free,tone_few_shot_indonesian.md,ABM_2025_ABMM_SR_2025_pdf/batch_36,ABM_2025_ABMM_SR_2025,True,"10.618.329,24 GJ Konsumsi energi total dalam organisasi",55,7,,energy consumption,e,outcome,neutral,,metrics|climate-d,Total energy consumption data.,outcome,llm_reprocess,outcome,True,False,True,True,True,llm_processing_bg_20260517T055913Z_fec288,"page_0070.md, page_0071.md",environmental-claims,/home/ubuntu/apps/benchmarks/model_download/models/environmental-claims,Local model,no,0.998328,False,climatebert_multi_20260526T074116Z_df720b,0.145
llm_fb8ecd91a39b,3,1,2026-05-17T06:31:48Z,arcee-ai/trinity-large-thinking:free,tone_few_shot_indonesian.md,ABM_2025_ABMM_SR_2025_pdf/batch_36,ABM_2025_ABMM_SR_2025,True,"54.898,56 TON CO₂EQ Total pengurangan emisi dengan menggunakan metodologi MSLI 009 pada Sistem Registri Nasional (SRN).",119,16,,emissions reduction,e,outcome,positive,1.0,metrics|netzero-reduction|climate-d-s,Emissions reduction achieved using specific methodology.,outcome,llm_reprocess,outcome,True,False,True,True,True,llm_processing_bg_20260517T055913Z_fec288,"page_0070.md, page_0071.md",environmental-claims,/home/ubuntu/apps/benchmarks/model_download/models/environmental-claims,Local model,no,0.99834,False,climatebert_multi_20260526T074116Z_df720b,0.217
llm_8a0b952c70c6,3,2,2026-05-17T06:31:48Z,arcee-ai/trinity-large-thinking:free,tone_few_shot_indonesian.md,ABM_2025_ABMM_SR_2025_pdf/batch_36,ABM_2025_ABMM_SR_2025,True,"7,5% (230,27 TON) Limbah B3 yang telah didaur ulang",51,9,,hazardous waste recycling,e,outcome,positive,1.0,metrics|environmental-claims,Percentage and amount of hazardous waste recycled.,outcome,llm_reprocess,outcome,True,False,False,True,False,llm_processing_bg_20260517T055913Z_fec288,"page_0070.md, page_0071.md",environmental-claims,/home/ubuntu/apps/benchmarks/model_download/models/environmental-claims,Local model,no,0.998758,False,climatebert_multi_20260526T074116Z_df720b,0.084
llm_c5ba1e8d7fcb,3,3,2026-05-17T06:31:48Z,arcee-ai/trinity-large-thinking:free,tone_few_shot_indonesian.md,ABM_2025_ABMM_SR_2025_pdf/batch_36,ABM_2025_ABMM_SR_2025,True,"12.167,93 TON CO₂EQ Total emisi (Cakupan 1 & 2) pada tahun 2025 menunjukkan penurunan dibandingkan dengan tahun 2024, sejalan dengan implementasi program efisiensi energi dan optimalisasi operasional di anak usaha",213,30,,emissions decrease,e,outcome,positive,1.0,metrics|netzero-reduction|climate-d-s|opportunity,Total emissions decreased due to energy efficiency programs.,outcome,llm_reprocess,outcome,True,False,True,True,True,llm_processing_bg_20260517T055913Z_fec288,"page_0070.md, page_0071.md",environmental-claims,/home/ubuntu/apps/benchmarks/model_download/models/environmental-claims,Local model,no,0.998444,False,climatebert_multi_20260526T074116Z_df720b,0.239
llm_347486874d1c,3,4,2026-05-17T06:31:48Z,arcee-ai/trinity-large-thinking:free,tone_few_shot_indonesian.md,ABM_2025_ABMM_SR_2025_pdf/batch_36,ABM_2025_ABMM_SR_2025,True,"0,000017 TON CO₂-EQ/US$ Rasio Intensitas Emisi",46,6,,emission intensity ratio,e,outcome,neutral,,metrics|climate-d,Emission intensity per unit of revenue.,outcome,llm_reprocess,outcome,True,False,True,True,True,llm_processing_bg_20260517T055913Z_fec288,"page_0070.md, page_0071.md",environmental-claims,/home/ubuntu/apps/benchmarks/model_download/models/environmental-claims,Local model,no,0.997905,False,climatebert_multi_20260526T074116Z_df720b,0.106
llm_f0ee57943e00,3,5,2026-05-17T06:31:48Z,arcee-ai/trinity-large-thinking:free,tone_few_shot_indonesian.md,ABM_2025_ABMM_SR_2025_pdf/batch_36,ABM_2025_ABMM_SR_2025,True,"0,0102 GJ/US$ Intensitas Energi dalam Organisasi",48,6,,energy intensity,e,outcome,neutral,,metrics|climate-d,Energy intensity per unit of revenue.,outcome,llm_reprocess,outcome,True,False,True,True,True,llm_processing_bg_20260517T055913Z_fec288,"page_0070.md, page_0071.md",environmental-claims,/home/ubuntu/apps/benchmarks/model_download/models/environmental-claims,Local model,no,0.998161,False,climatebert_multi_20260526T074116Z_df720b,0.115
llm_ea0c76c57793,3,6,2026-05-17T06:31:48Z,arcee-ai/trinity-large-thinking:free,tone_few_shot_indonesian.md,ABM_2025_ABMM_SR_2025_pdf/batch_36,ABM_2025_ABMM_SR_2025,True,"39,9% Konsumsi Energi berasal dari Sumber daya Energi Terbarukan",64,9,,renewable energy consumption,e,outcome,positive,1.0,metrics|climate-d-s|opportunity,Percentage of energy from renewable sources.,outcome,llm_reprocess,outcome,True,False,True,True,True,llm_processing_bg_20260517T055913Z_fec288,"page_0070.md, page_0071.md",environmental-claims,/home/ubuntu/apps/benchmarks/model_download/models/environmental-claims,Local model,no,0.998089,False,climatebert_multi_20260526T074116Z_df720b,0.11
llm_ba1a8dc59ce9,3,7,2026-05-17T06:31:48Z,arcee-ai/trinity-large-thinking:free,tone_few_shot_indonesian.md,ABM_2025_ABMM_SR_2025_pdf/batch_36,ABM_2025_ABMM_SR_2025,True,"458,72 MEGALITER Konsumsi Air",29,4,,water consumption,e,outcome,neutral,,metrics|climate-d,Total water consumption.,outcome,llm_reprocess,outcome,True,False,True,True,True,llm_processing_bg_20260517T055913Z_fec288,"page_0070.md, page_0071.md",environmental-claims,/home/ubuntu/apps/benchmarks/model_download/models/environmental-claims,Local model,no,0.997415,False,climatebert_multi_20260526T074116Z_df720b,0.059
llm_15c25adc6285,3,8,2026-05-17T06:31:48Z,arcee-ai/trinity-large-thinking:free,tone_few_shot_indonesian.md,ABM_2025_ABMM_SR_2025_pdf/batch_36,ABM_2025_ABMM_SR_2025,True,"Dalam Penjabaran Kebijakan Manajemen Terintegrasi, Perusahaan menegaskan keterkaitan antara pengelolaan keanekaragaman hayati dengan upaya penghematan energi, air, dan bahan bakar sebagai satu kesatuan pengelolaan sumber daya alam yang bertanggung jawab.",254,30,,integrated natural resource management,e,commitment,neutral,,environmental-claims|climate-d|climate-specificity,Company affirms link between biodiversity management and resource savings.,commitment,llm_reprocess,commitment,True,False,True,True,True,llm_processing_bg_20260517T055913Z_fec288,"page_0070.md, page_0071.md",environmental-claims,/home/ubuntu/apps/benchmarks/model_download/models/environmental-claims,Local model,no,0.995628,False,climatebert_multi_20260526T074116Z_df720b,0.336
llm_5c846bbf4452,3,9,2026-05-17T06:31:48Z,arcee-ai/trinity-large-thinking:free,tone_few_shot_indonesian.md,ABM_2025_ABMM_SR_2025_pdf/batch_36,ABM_2025_ABMM_SR_2025,True,"Sejalan dengan karakteristik kegiatan usaha di sektor pertambangan, energi, dan logistik, ABM telah melakukan identifikasi potensi dampak keanekaragaman hayati melalui dokumen Rencana Pengelolaan Lingkungan dan Rencana Pemantauan Lingkungan (RKL-RPL) untuk kegiatan pertambangan serta Upaya Pengelolaan Lingkungan dan Upaya Pemantauan Lingkungan (UKL-UPL) untuk kegiatan non-pertambangan.",388,44,,biodiversity impact identification,e,action,negative,-1.0,metrics|risk|climate-d,Identification of potential biodiversity impacts through environmental plans.,action,llm_reprocess,action,True,False,True,True,True,llm_processing_bg_20260517T055913Z_fec288,"page_0070.md, page_0071.md",environmental-claims,/home/ubuntu/apps/benchmarks/model_download/models/environmental-claims,Local model,no,0.997227,False,climatebert_multi_20260526T074116Z_df720b,0.391
llm_11f2ed19b132,3,10,2026-05-17T06:31:48Z,arcee-ai/trinity-large-thinking:free,tone_few_shot_indonesian.md,ABM_2025_ABMM_SR_2025_pdf/batch_36,ABM_2025_ABMM_SR_2025,True,"Sebagai tindak lanjut atas hasil identifikasi dampak, ABM dan anak perusahaan menerapkan berbagai upaya mitigasi untuk meminimalkan dampak negatif terhadap keanekaragaman hayati.",178,22,,biodiversity mitigation actions,e,action,neutral,,environmental-claims|action|climate-d,Implementation of mitigation efforts to minimize negative impacts.,action,llm_reprocess,action,True,False,True,True,True,llm_processing_bg_20260517T055913Z_fec288,"page_0070.md, page_0071.md",environmental-claims,/home/ubuntu/apps/benchmarks/model_download/models/environmental-claims,Local model,no,0.994895,False,climatebert_multi_20260526T074116Z_df720b,0.244
llm_7c3a4bc71bf0,5,0,2026-05-17T06:32:38Z,arcee-ai/trinity-large-thinking:free,tone_zero_shot_indonesian.md,ABM_2025_ABMM_SR_2025_pdf/batch_29,ABM_2025_ABMM_SR_2025,True,"South Kalimantan, ABM turut mencegah pelepasan emisi GRK melalui pemanfaatan gas metana, sekaligus mendukung pengelolaan limbah yang lebih berkelanjutan. [GRI 305-7] [SEOJK F.12]",178,23,,Mencegah emisi GRK dan pengelolaan limbah berkelanjutan,e,action,neutral,,climate-detection|climate-d|environmental-claims,"Teks secara eksplisit menggambarkan aksi ABM mencegah emisi GRK melalui pemanfaatan gas metana dan pengelolaan limbah berkelanjutan, yang merupakan aspek lingkungan dengan sentimen netral karena hanya menyatakan fakta tanpa evaluasi.",action,llm_reprocess,action,True,False,True,True,True,llm_processing_bg_20260517T055935Z_952657,"page_0056.md, page_0057.md",environmental-claims,/home/ubuntu/apps/benchmarks/model_download/models/environmental-claims,Local model,no,0.998508,False,climatebert_multi_20260526T074116Z_df720b,0.363
llm_21d77f1aa1cc,5,1,2026-05-17T06:32:38Z,arcee-ai/trinity-large-thinking:free,tone_zero_shot_indonesian.md,ABM_2025_ABMM_SR_2025_pdf/batch_29,ABM_2025_ABMM_SR_2025,True,"Penurunan emisi GRK Langsung (Cakupan 1) pada tahun 2025 terutama didorong oleh turunnya penggunaan bahan bakar, khususnya pada entitas TIA yang sejak 2025 tidak lagi melakukan operasi produksi dan hanya melanjutkan proses pengiriman sisa batu bara.",249,36,,Penurunan emisi GRK Scope 1 akibat pengurangan penggunaan bahan bakar dan penghentian produksi,e,outcome,positive,1.0,climate-d|metrics|climate-specificity,"Teks melaporkan penurunan emisi GRK Scope 1, yang merupakan hasil positif bagi lingkungan karena mengurangi dampak perubahan iklim.",outcome,llm_reprocess,outcome,True,False,True,True,True,llm_processing_bg_20260517T055935Z_952657,"page_0056.md, page_0057.md",environmental-claims,/home/ubuntu/apps/benchmarks/model_download/models/environmental-claims,Local model,no,0.99569,False,climatebert_multi_20260526T074116Z_df720b,0.27
llm_3e3db23fc340,5,2,2026-05-17T06:32:38Z,arcee-ai/trinity-large-thinking:free,tone_zero_shot_indonesian.md,ABM_2025_ABMM_SR_2025_pdf/batch_29,ABM_2025_ABMM_SR_2025,True,"Pada tingkat Grup, emisi GRK cakupan 1 menurun secara signifikan dari 28.544,36 ton CO₂eq pada 2024 menjadi 2.961,71 ton CO₂eq pada 2025.",137,22,,Penurunan emisi GRK Scope 1 Grup,e,outcome,positive,1.0,metrics|climate-d,"ABM melaporkan penurunan signifikan emisi GRK Scope 1 Grup, menunjukkan kemajuan positif dalam pengelolaan lingkungan.",outcome,llm_reprocess,outcome,True,False,True,True,True,llm_processing_bg_20260517T055935Z_952657,"page_0056.md, page_0057.md",environmental-claims,/home/ubuntu/apps/benchmarks/model_download/models/environmental-claims,Local model,no,0.997879,False,climatebert_multi_20260526T074116Z_df720b,0.379
llm_a8a8021aa00b,5,3,2026-05-17T06:32:38Z,arcee-ai/trinity-large-thinking:free,tone_zero_shot_indonesian.md,ABM_2025_ABMM_SR_2025_pdf/batch_29,ABM_2025_ABMM_SR_2025,True,"Selain dampak utama dari berkurangnya aktivitas produksi PT TIA, penurunan emisi ini juga didukung oleh peningkatan porsi penggunaan biosolar, dari B30 menjadi B35 pada 2024 dan selanjutnya meningkat dari B35 menjadi B40 pada 2025.",231,34,,Faktor pendukung penurunan emisi: peningkatan penggunaan biosolar,e,action,neutral,,climate-d|metrics|climate-specificity,"Teks menjelaskan aksi peningkatan campuran biosolar sebagai upaya mengurangi emisi, disampaikan sebagai fakta tanpa evaluasi sentimen.",action,llm_reprocess,action,True,False,True,True,True,llm_processing_bg_20260517T055935Z_952657,"page_0056.md, page_0057.md",environmental-claims,/home/ubuntu/apps/benchmarks/model_download/models/environmental-claims,Local model,no,0.997918,False,climatebert_multi_20260526T074116Z_df720b,0.386
llm_32979e4592a4,5,4,2026-05-17T06:32:38Z,arcee-ai/trinity-large-thinking:free,tone_zero_shot_indonesian.md,ABM_2025_ABMM_SR_2025_pdf/batch_29,ABM_2025_ABMM_SR_2025,True,"Sebagai bagian dari pengelolaan kinerja lingkungan, ABM memantau intensitas emisi GRK untuk menilai efektivitas pengendalian emisi secara relatif terhadap skala usaha.",167,21,,Pemantauan intensitas emisi GRK untuk manajemen kinerja lingkungan,e,action,neutral,,climate-d|metrics|governance,"ABM melakukan pemantauan intensitas emisi sebagai bagian dari tata kelola lingkungan, yang merupakan praktik standar dengan sentimen netral.",action,llm_reprocess,action,True,False,True,True,True,llm_processing_bg_20260517T055935Z_952657,"page_0056.md, page_0057.md",environmental-claims,/home/ubuntu/apps/benchmarks/model_download/models/environmental-claims,Local model,no,0.997365,False,climatebert_multi_20260526T074116Z_df720b,0.233
llm_02f364afb596,5,5,2026-05-17T06:32:38Z,arcee-ai/trinity-large-thinking:free,tone_zero_shot_indonesian.md,ABM_2025_ABMM_SR_2025_pdf/batch_29,ABM_2025_ABMM_SR_2025,True,"Intensitas emisi dihitung dengan membandingkan total emisi GRK terhadap pendapatan, sehingga memungkinkan perbandingan yang relevan di seluruh lini bisnis ABM yang mencakup sektor pertambangan, logistik, dan energi baru terbarukan.",231,29,,Metode perhitungan intensitas emisi GRK,e,action,neutral,,metrics|climate-d,"Teks menggambarkan metode perhitungan intensitas emisi untuk perbandingan bisnis, disampaikan sebagai informasi faktual tanpa sentimen.",action,llm_reprocess,action,True,False,True,True,True,llm_processing_bg_20260517T055935Z_952657,"page_0056.md, page_0057.md",environmental-claims,/home/ubuntu/apps/benchmarks/model_download/models/environmental-claims,Local model,no,0.997247,False,climatebert_multi_20260526T074116Z_df720b,0.342
llm_d974d9241639,5,6,2026-05-17T06:32:38Z,arcee-ai/trinity-large-thinking:free,tone_zero_shot_indonesian.md,ABM_2025_ABMM_SR_2025_pdf/batch_29,ABM_2025_ABMM_SR_2025,True,"Emisi GRK (ton CO₂eq) | Unit Bisnis Business Unit | 2023 | 2024 | 2025
| Mining Value Chain (MVC) | 85.926,80 | 27.591,18 | 2.133,46 |
| Logistics, Engineering, New Business (LENB) | 3.496,83 | 953,18 | 828,25 |
| Total Emisi GRK (Cakupan 1 & 2) | 101.488,09 | 37.698,70 | 12.167,93 |",284,55,,Data emisi GRK untuk 2023-2025,e,outcome,neutral,,metrics|climate-d,"Tabel melaporkan data emisi GRK dari tahun ke tahun, menunjukkan penurunan total emisi, yang disajikan sebagai fakta netral.",outcome,llm_reprocess,outcome,True,False,True,True,True,llm_processing_bg_20260517T055935Z_952657,"page_0056.md, page_0057.md",environmental-claims,/home/ubuntu/apps/benchmarks/model_download/models/environmental-claims,Local model,no,0.998115,False,climatebert_multi_20260526T074116Z_df720b,0.474
llm_4cb474777cd3,5,7,2026-05-17T06:32:38Z,arcee-ai/trinity-large-thinking:free,tone_zero_shot_indonesian.md,ABM_2025_ABMM_SR_2025_pdf/batch_29,ABM_2025_ABMM_SR_2025,True,"*Catatan: Total emisi GRK tahun 2025 mengalami penurunan signifikan terutama disebabkan oleh berhentinya kegiatan produksi PT TIA yang berdampak pada turunnya konsumsi bahan bakar secara material, serta peningkatan penggunaan biosolar dengan campuran yang lebih tinggi (hingga B40) yang berkontribusi pada penurunan faktor emisi.",329,43,,Alasan penurunan signifikan emisi GRK tahun 2025,e,outcome,positive,1.0,climate-d|metrics|climate-specificity,"Catatan menjelaskan faktor-faktor yang menyebabkan penurunan emisi GRK, yang merupakan hasil positif bagi lingkungan karena mengurangi emisi gas rumah kaca.",outcome,llm_reprocess,outcome,True,False,True,True,True,llm_processing_bg_20260517T055935Z_952657,"page_0056.md, page_0057.md",environmental-claims,/home/ubuntu/apps/benchmarks/model_download/models/environmental-claims,Local model,no,0.998013,False,climatebert_multi_20260526T074116Z_df720b,0.395
llm_d8c0aa0913f6,6,0,2026-05-17T06:32:39Z,arcee-ai/trinity-large-thinking:free,tone_chain_of_thought_indonesian.md,waskita_karya_SR2025_pdf/batch_38,waskita_karya_SR2025,True,"PT Waskita Karya (Persero) Tbk berkomitmen kuat untuk melanjutkan agenda transformasi bisnis yang telah dijalankan pada tahun-tahun sebelumnya, sekaligus memperkuat fondasi keberlanjutan melalui pembangunan ekosistem usaha yang terintegrasi, adaptif, dan bernilai jangka panjang. Perusahaan secara konsisten melakukan pembenahan menyeluruh, baik dari sisi keuangan, operasional, tata kelola, maupun manajemen risiko. Dengan demikian, Waskita tidak hanya berfokus pada pemulihan dan penguatan kinerja, tetapi juga memastikan bahwa setiap langkah transformasi yang dilakukan mampu menciptakan nilai tambah yang berkelanjutan, memperkuat ketahanan bisnis, serta memberikan manfaat optimal bagi seluruh pemangku kepentingan di masa mendatang.",738,89,,G,g,commitment,positive,1.0,climate-d|governance|strategy|opportunity,"Teks mengekspresikan komitmen kuat terhadap transformasi bisnis dan keberlanjutan, menekankan pada tata kelola, strategi jangka panjang, dan penciptaan nilai bagi pemangku kepentingan, dengan sentimen positif terhadap upaya keberlanjutan.",commitment,llm_reprocess,commitment,True,False,True,False,True,llm_processing_bg_20260517T055040Z_a2f70f,"page_0074.md, page_0075.md",environmental-claims,/home/ubuntu/apps/benchmarks/model_download/models/environmental-claims,Local model,no,0.996964,False,climatebert_multi_20260526T074116Z_df720b,0.581
llm_3492b7464d30,6,1,2026-05-17T06:32:39Z,arcee-ai/trinity-large-thinking:free,tone_chain_of_thought_indonesian.md,waskita_karya_SR2025_pdf/batch_38,waskita_karya_SR2025,True,"Restrukturisasi dan transformasi adalah langkah strategis yang penting bagi Perusahaan dalam mencapai tujuan jangka panjang yang berkelanjutan. Dalam konteks Waskita Karya, upaya mewujudkan keberlanjutan tidak hanya bergantung pada inovasi dan efisiensi operasional, namun juga pada upaya kolaborasi yang harmonis dengan para pemangku kepentingan, termasuk investor, pemegang saham, dan pihak perbankan yang memberikan dukungan pinjaman. Melalui restrukturisasi utang dan pinjaman yang berhasil disepakati bersama, Waskita Karya mampu memperkuat fondasi keuangan dan operasionalnya, sekaligus membuka peluang baru untuk menciptakan nilai tambah yang berkelanjutan.",664,81,,G,g,action,positive,1.0,climate-d|governance|risk|opportunity,"Teks membahas restrukturisasi dan transformasi sebagai tindakan strategis untuk keberlanjutan, melibatkan tata kelola, manajemen risiko, dan kolaborasi pemangku kepentingan dengan hasil positif dari kesepakatan bersama.",action,llm_reprocess,action,True,False,True,False,True,llm_processing_bg_20260517T055040Z_a2f70f,"page_0074.md, page_0075.md",environmental-claims,/home/ubuntu/apps/benchmarks/model_download/models/environmental-claims,Local model,no,0.997152,False,climatebert_multi_20260526T074116Z_df720b,0.748
llm_465fc954d73b,6,2,2026-05-17T06:32:39Z,arcee-ai/trinity-large-thinking:free,tone_chain_of_thought_indonesian.md,waskita_karya_SR2025_pdf/batch_38,waskita_karya_SR2025,True,"Untuk dapat mewujudkan keberlanjutan, pada tahun 2023 Waskita mendorong solidaritas sebagai prinsip naluriah yang harus dimiliki, baik oleh Perusahaan maupun oleh seluruh Insan Waskita. Solidaritas menjadi kunci untuk dapat mengembangkan operasi dan bisnis yang sadar akan dampak yang muncul, termasuk dampak atas lingkungan dan sosial. Melalui solidaritas, Waskita berharap mampu mewujudkan komitmen yang kuat untuk dapat secara bertahap menerapkan keberlanjutan dalam operasi dan bisnisnya.",492,64,,S,s,commitment,neutral,,climate-d|strategy|opportunity,"Teks menyoroti solidaritas sebagai prinsip untuk kesadaran sosial dan lingkungan, dengan komitmen ke depan untuk menerapkan keberlanjutan secara bertahap, tanpa evaluasi langsung, sehingga bersifat netral.",commitment,llm_reprocess,commitment,True,False,True,False,True,llm_processing_bg_20260517T055040Z_a2f70f,"page_0074.md, page_0075.md",environmental-claims,/home/ubuntu/apps/benchmarks/model_download/models/environmental-claims,Local model,no,0.99732,False,climatebert_multi_20260526T074116Z_df720b,0.743
llm_6356b7238243,6,3,2026-05-17T06:32:39Z,arcee-ai/trinity-large-thinking:free,tone_chain_of_thought_indonesian.md,waskita_karya_SR2025_pdf/batch_38,waskita_karya_SR2025,True,"PT Waskita Karya (Persero) Tbk berdiri sejak 1 Januari 1961, berkomitmen menghadirkan kualitas infrastruktur terbaik melalui produk dan layanan konstruksi yang unggul. Waskita bergerak dalam bisnis jasa konstruksi dan unggul dalam berbagai segmentasi pekerjaan konstruksi, seperti gedung, sipil, jalan, SDA dan EPC. Waskita mendirikan Anak Usaha untuk mendukung kegiatan bisnisnya, yaitu Waskita Toll Road (WTR) yang menjalankan kegiatan bisnis investasi jalan tol; Waskita Karya Realty (WKR) yang berfokus pada pembangunan, pengembangan bisnis residensial, superblok, dan rumah tapak; Waskita Karya Infrastruktur (WKI) yang sebelumnya bernama Waskita Karya Energy (WKE) berfokus pada pengembangan infrastruktur non-tol dan pabrikasi baja untuk mendukung proses bisnis Waskita; dan Waskita Beton Precast (WSBP) yang berfokus pada beton pracetak dan readymix.",858,113,,none,none,none,none,,,"Teks merupakan profil perusahaan dan deskripsi segmen bisnis, tanpa konten ESG eksplisit atau pembahasan terkait iklim, sosial, atau tata kelola.",none,llm_reprocess,none,True,False,False,False,False,llm_processing_bg_20260517T055040Z_a2f70f,"page_0074.md, page_0075.md",environmental-claims,/home/ubuntu/apps/benchmarks/model_download/models/environmental-claims,Local model,no,0.998005,False,climatebert_multi_20260526T074116Z_df720b,0.728
llm_7f00ce3820ed,6,4,2026-05-17T06:32:39Z,arcee-ai/trinity-large-thinking:free,tone_chain_of_thought_indonesian.md,waskita_karya_SR2025_pdf/batch_38,waskita_karya_SR2025,True,"Pada tahun 2025, Waskita mencatatkan kinerja yang positif, ditandai dengan meningkatnya jumlah perolehan Nilai Kontrak Baru yang dikerjakan sebesar 131,15% dibandingkan tahun 2024.",180,23,,none,none,outcome,positive,1.0,metrics,"Teks menyajikan metrik kinerja keuangan kuantitatif dengan hasil positif, namun tidak secara langsung terkait dengan aspek ESG seperti lingkungan atau sosial.",outcome,llm_reprocess,outcome,True,False,False,False,False,llm_processing_bg_20260517T055040Z_a2f70f,"page_0074.md, page_0075.md",environmental-claims,/home/ubuntu/apps/benchmarks/model_download/models/environmental-claims,Local model,no,0.997744,False,climatebert_multi_20260526T074116Z_df720b,0.251
llm_51a8dc1a5c6f,7,0,2026-05-17T06:32:49Z,arcee-ai/trinity-large-thinking:free,tone_chain_of_thought_indonesian.md,ABM_2025_ABMM_SR_2025_pdf/batch_31,ABM_2025_ABMM_SR_2025,True,"ABM menerapkan berbagai langkah efisiensi energi pada fasilitas operasional untuk mengendalikan konsumsi listrik dan menurunkan emisi tidak langsung. SSB secara bertahap melakukan penggantian lampu TL menjadi LED di area pabrik guna meningkatkan efisiensi pencahayaan dan menurunkan beban listrik. CKB melengkapi fasilitas logistiknya dengan instalasi skylight di lima gudang, sehingga memaksimalkan pemanfaatan cahaya alami dan mengurangi kebutuhan penerapan listrik pada siang hari. Upaya-upaya ini berkontribusi pada pengurangan konsumsi energi sekaligus peningkatan efisiensi operasional secara berkelanjutan.",613,74,,Energy Efficiency,e,action,positive,0.7,climate-d|climate-d-s|climate-specificity|climate-sentiment|climate-f,"Teks membahas implementasi konkret (penggantian lampu LED, instalasi skylight) untuk mengurangi konsumsi energi dan emisi tidak langsung, menunjukkan tindakan spesifik (climate-d-s) dengan sentimen positif (climate-sentiment) karena berkontribusi pada efisiensi operasional. Mengandung elemen prediktif (climate-f) terkait pengurangan konsumsi energi.",action,llm_reprocess,action,True,False,True,True,True,llm_processing_bg_20260517T055949Z_be56e2,"page_0060.md, page_0061.md",environmental-claims,/home/ubuntu/apps/benchmarks/model_download/models/environmental-claims,Local model,no,0.995994,False,climatebert_multi_20260526T074116Z_df720b,0.64
llm_438e2f70c987,7,1,2026-05-17T06:32:49Z,arcee-ai/trinity-large-thinking:free,tone_chain_of_thought_indonesian.md,ABM_2025_ABMM_SR_2025_pdf/batch_31,ABM_2025_ABMM_SR_2025,True,"CK dan ATR menerapkan biodiesel campuran (B40) untuk alat berat dan kendaraan operasional, sejalan dengan kebijakan nasional energi terbarukan. Penerapan B40 memberikan dampak positif berupa penurunan intensitas emisi sekitar 5–10% dibandingkan penggunaan solar murni, sekaligus mengurangi ketergantungan pada bahan bakar fosil. Selain itu, ATR melakukan penggantian refrigeran dari R407C ke R410A, yang memiliki efisiensi energi lebih baik dan Global Warming Potential (GWP) yang lebih rendah, sehingga mendukung pengurangan emisi tidak langsung dari penggunaan peralatan pendingin.",583,75,,Fuel Transition & Low-Emission Technology,e,action,positive,0.8,climate-d|climate-d-s|climate-specificity|climate-sentiment|climate-f,Teks menggambarkan transisi bahan bakar (B40) dan teknologi rendah emisi (refrigerant R410A) dengan dampak kuantitatif (penurunan emisi 5-10%). Ini adalah tindakan spesifik (climate-d-s) dengan sentimen positif (climate-sentiment) karena mendukung pengurangan emisi dan efisiensi energi. Mengandung elemen prediktif (climate-f) terkait pengurangan emisi tidak langsung.,action,llm_reprocess,action,True,False,True,True,True,llm_processing_bg_20260517T055949Z_be56e2,"page_0060.md, page_0061.md",environmental-claims,/home/ubuntu/apps/benchmarks/model_download/models/environmental-claims,Local model,no,0.997645,False,climatebert_multi_20260526T074116Z_df720b,0.71
llm_08d07e3266fb,7,2,2026-05-17T06:32:49Z,arcee-ai/trinity-large-thinking:free,tone_chain_of_thought_indonesian.md,ABM_2025_ABMM_SR_2025_pdf/batch_31,ABM_2025_ABMM_SR_2025,True,"CK menerapkan optimasi rute dan ritase pengangkutan dengan dukungan aplikasi MineStar di site CK BMB, yang membantu mengurangi jarak tempuh, waktu tunggu, dan konsumsi bahan bakar dump truck. Optimalisasi ini berdampak pada penurunan intensitas emisi (kg CO₂ per ton batu bara per kilometer) serta penghematan energi operasional. Selain itu, CKB menyesuaikan masa pakai truk menjadi 10 tahun untuk mengoptimalkan pemanfaatan aset dan menekan emisi tidak langsung yang terkait dengan siklus hidup kendaraan.",506,72,,Operational Optimization & Asset Management,e,action,positive,0.7,climate-d|climate-d-s|climate-specificity|climate-sentiment|climate-f,"Teks menjelaskan optimasi operasional (rute, ritase) dan manajemen aset (masa pakai truk) dengan dampak spesifik pada penurunan intensitas emisi dan penghematan energi. Ini adalah tindakan konkret (climate-d-s) dengan sentimen positif (climate-sentiment) karena meningkatkan efisiensi dan mengurangi emisi. Mengandung elemen prediktif (climate-f) terkait pengurangan emisi tidak langsung.",action,llm_reprocess,action,True,False,True,True,True,llm_processing_bg_20260517T055949Z_be56e2,"page_0060.md, page_0061.md",environmental-claims,/home/ubuntu/apps/benchmarks/model_download/models/environmental-claims,Local model,no,0.997433,False,climatebert_multi_20260526T074116Z_df720b,0.701
llm_17adba325927,7,3,2026-05-17T06:32:49Z,arcee-ai/trinity-large-thinking:free,tone_chain_of_thought_indonesian.md,ABM_2025_ABMM_SR_2025_pdf/batch_31,ABM_2025_ABMM_SR_2025,True,"Salah satu fokus utama adalah pengembangan dan replikasi PLTS dengan kapasitas 638 kWp dan baterai 1 MWh menggunakan sistem penyimpanan berbasis *Containerized Battery Energy Storage System (CBESS)* di lokasi operasional Jambi, guna menurunkan emisi dari pembangkitan listrik berbasis fosil. Selain itu, pengelolaan limbah dan program reklamasi lahan terus diperkuat sebagai bagian dari pendekatan terpadu untuk mengendalikan dampak lingkungan dan mendukung penurunan emisi tidak langsung secara berkelanjutan.",510,66,,Innovation & Technology Development for Emission Reduction,e,commitment,positive,0.6,climate-d|climate-d-s|climate-specificity|climate-commitment|climate-f,"Teks menggambarkan pengembangan teknologi spesifik (PLTS 638 kWp, CBESS) untuk menurunkan emisi dari pembangkit listrik fosil. Ini adalah komitmen dan rencana masa depan (climate-commitment) dengan sentimen positif (climate-sentiment) karena mendukung transisi energi. Mengandung elemen prediktif (climate-f) terkait penurunan emisi tidak langsung.",commitment,llm_reprocess,commitment,True,False,True,True,True,llm_processing_bg_20260517T055949Z_be56e2,"page_0060.md, page_0061.md",environmental-claims,/home/ubuntu/apps/benchmarks/model_download/models/environmental-claims,Local model,no,0.997811,False,climatebert_multi_20260526T074116Z_df720b,0.945
llm_528a4d8f56ce,7,4,2026-05-17T06:32:49Z,arcee-ai/trinity-large-thinking:free,tone_chain_of_thought_indonesian.md,ABM_2025_ABMM_SR_2025_pdf/batch_31,ABM_2025_ABMM_SR_2025,True,"Sebagai bagian dari upaya mendukung transisi menuju energi bersih dan berkelanjutan, CKB memulai proyek pemasangan Pembangkit Listrik Tenaga Surya (PLTS) On-Grid di fasilitas Hub Samarinda. Proyek ini dilaksanakan bekerja sama dengan Infin Energy sebagai mitra pelaksana dan menghadirkan sistem PLTS atap berkapasitas 48 kWp. Sistem ini diproyeksikan mampu menghemat hingga 30% konsumsi listrik tahunan dari total kebutuhan listrik hub tersebut, sekaligus mencerminkan komitmen CKB dalam meningkatkan efisiensi energi dan pengurangan emisi melalui penerapan teknologi ramah lingkungan.",585,76,,Energy Transition through Solar Power Installation,e,commitment,positive,0.7,climate-d|climate-d-s|climate-specificity|climate-commitment|climate-f,Teks menggambarkan proyek PLTS On-Grid dengan kapasitas spesifik (48 kWp) dan proyeksi penghematan energi (30%). Ini adalah komitmen dan tindakan masa depan (climate-commitment) dengan sentimen positif (climate-sentiment) karena mendukung transisi energi bersih. Mengandung elemen prediktif (climate-f) terkait pengurangan emisi dan efisiensi energi.,commitment,llm_reprocess,commitment,True,False,True,True,True,llm_processing_bg_20260517T055949Z_be56e2,"page_0060.md, page_0061.md",environmental-claims,/home/ubuntu/apps/benchmarks/model_download/models/environmental-claims,Local model,no,0.99771,False,climatebert_multi_20260526T074116Z_df720b,0.772
llm_11cbfda8c795,7,5,2026-05-17T06:32:49Z,arcee-ai/trinity-large-thinking:free,tone_chain_of_thought_indonesian.md,ABM_2025_ABMM_SR_2025_pdf/batch_31,ABM_2025_ABMM_SR_2025,True,"ABM memastikan kualitas udara dan pengendalian emisi udara melalui pemantauan rutin yang dilakukan setiap tahun pada berbagai titik yang berpotensi terdampak aktivitas operasional. Pemantauan mencakup udara ambien serta sumber emisi dari peralatan kerja, baik bergerak maupun tidak bergerak. Parameter yang diukur mengacu pada Peraturan Pemerintah No. 22 Tahun 2021, antara lain PM10, SOx, NOx, dan opasitas. Hasil pemantauan dianalisis dan dilaporkan kepada Kementerian Lingkungan Hidup dan Kehutanan (KLHK) melalui pemegang Izin Usaha Pertambangan (IUP), serta secara mandiri oleh unit usaha ABM yang memiliki dokumen RKL-RPL dan UKL-UPL, guna memastikan kepatuhan terhadap baku mutu nasional.",695,94,,Air Quality Monitoring & Emissions Compliance,e,action,positive,0.6,climate-d|climate-d-s|climate-specificity|climate-sentiment,"Teks menggambarkan pemantauan kualitas udara dan emisi secara rutin dengan parameter spesifik (PM10, SOx, NOx) sesuai regulasi. Ini adalah tindakan konkret (climate-d-s) dengan sentimen positif (climate-sentiment) karena memastikan kepatuhan terhadap baku mutu nasional dan mengendalikan dampak lingkungan.",action,llm_reprocess,action,True,False,True,True,True,llm_processing_bg_20260517T055949Z_be56e2,"page_0060.md, page_0061.md",environmental-claims,/home/ubuntu/apps/benchmarks/model_download/models/environmental-claims,Local model,no,0.998192,False,climatebert_multi_20260526T074116Z_df720b,0.761
llm_01afedac4e2e,7,6,2026-05-17T06:32:49Z,arcee-ai/trinity-large-thinking:free,tone_chain_of_thought_indonesian.md,ABM_2025_ABMM_SR_2025_pdf/batch_31,ABM_2025_ABMM_SR_2025,True,Peran Aktif Komite ESG untuk Mengawasi Implementasi Keberlanjutan,65,8,,ESG Committee Oversight,g,commitment,neutral,,governance|climate-tcfd|climate-commitment,Teks menunjukkan adanya struktur tata kelola (Komite ESG) yang mengawasi implementasi keberlanjutan. Ini adalah komitmen tata kelola (governance) dengan sentimen netral (neutral) karena merupakan pernyataan struktural tanpa evaluasi hasil.,commitment,llm_reprocess,commitment,True,False,True,False,False,llm_processing_bg_20260517T055949Z_be56e2,"page_0060.md, page_0061.md",environmental-claims,/home/ubuntu/apps/benchmarks/model_download/models/environmental-claims,Local model,no,0.996929,False,climatebert_multi_20260526T074116Z_df720b,0.165
llm_76f47da80d66,7,7,2026-05-17T06:32:49Z,arcee-ai/trinity-large-thinking:free,tone_chain_of_thought_indonesian.md,ABM_2025_ABMM_SR_2025_pdf/batch_31,ABM_2025_ABMM_SR_2025,True,ABM telah memperoleh sertifikasi Sistem Manajemen Anti Penyuaapan ISO 37001:2016,80,10,,Anti-Bribery Management System Certification,g,outcome,positive,0.8,governance|climate-tcfd,Teks menyatakan pencapaian sertifikasi ISO 37001:2016 untuk sistem manajemen anti-penyuapan. Ini adalah hasil terukur (outcome) dengan sentimen positif (positive) karena menunjukkan kepatuhan dan pengakuan eksternal terhadap tata kelola yang baik.,outcome,llm_reprocess,outcome,True,False,True,False,False,llm_processing_bg_20260517T055949Z_be56e2,"page_0060.md, page_0061.md",environmental-claims,/home/ubuntu/apps/benchmarks/model_download/models/environmental-claims,Local model,no,0.997199,False,climatebert_multi_20260526T074116Z_df720b,0.205
llm_c5edfb562987,7,8,2026-05-17T06:32:49Z,arcee-ai/trinity-large-thinking:free,tone_chain_of_thought_indonesian.md,ABM_2025_ABMM_SR_2025_pdf/batch_31,ABM_2025_ABMM_SR_2025,True,"Total emisi (Scope 1 & 2) pada tahun 2025 menunjukkan penurunan dibandingkan dengan tahun 2024, sejalan dengan implementasi program efisiensi energi dan optimalisasi operasional di anak usaha",191,27,,GHG Emissions Reduction,e,outcome,positive,0.9,climate-d|climate-d-s|climate-specificity|climate-sentiment|netzero-reduction|metrics,Teks menyatakan penurunan emisi Scope 1 & 2 secara kuantitatif (tahun 2025 vs 2024) sebagai hasil dari program efisiensi energi dan optimalisasi operasional. Ini adalah hasil terukur (outcome) dengan sentimen positif (positive) karena menunjukkan kemajuan nyata dalam pengurangan emisi. Mengandung target/net-zero reduction (netzero-reduction) dan data kuantitatif (metrics).,outcome,llm_reprocess,outcome,True,False,True,True,True,llm_processing_bg_20260517T055949Z_be56e2,"page_0060.md, page_0061.md",environmental-claims,/home/ubuntu/apps/benchmarks/model_download/models/environmental-claims,Local model,no,0.99829,False,climatebert_multi_20260526T074116Z_df720b,0.2
llm_b199946c7a7b,7,9,2026-05-17T06:32:49Z,arcee-ai/trinity-large-thinking:free,tone_chain_of_thought_indonesian.md,ABM_2025_ABMM_SR_2025_pdf/batch_31,ABM_2025_ABMM_SR_2025,True,"Konsumsi Energi berasal dari Sumber daya Energi Terbarukan 39,9%",64,9,,Renewable Energy Consumption,e,outcome,positive,0.8,climate-d|climate-d-s|climate-specificity|climate-sentiment|metrics,"Teks menyatakan proporsi konsumsi energi dari sumber terbarukan (39,9%) sebagai data kuantitatif. Ini adalah hasil terukur (outcome) dengan sentimen positif (positive) karena menunjukkan kontribusi energi terbarukan dalam portofolio energi perusahaan. Mengandung data kuantitatif (metrics).",outcome,llm_reprocess,outcome,True,False,True,True,True,llm_processing_bg_20260517T055949Z_be56e2,"page_0060.md, page_0061.md",environmental-claims,/home/ubuntu/apps/benchmarks/model_download/models/environmental-claims,Local model,no,0.998105,False,climatebert_multi_20260526T074116Z_df720b,0.14
llm_e7ab07b9516c,7,10,2026-05-17T06:32:49Z,arcee-ai/trinity-large-thinking:free,tone_chain_of_thought_indonesian.md,ABM_2025_ABMM_SR_2025_pdf/batch_31,ABM_2025_ABMM_SR_2025,True,"Total pengurangan emisi dengan menggunakan metodologi MSLI 009 pada Sistem Registri Nasional (SRN). 54.898,56 TON CO₂EQ",119,16,,Emissions Reduction via MSLI 009 Methodology,e,outcome,positive,0.9,climate-d|climate-d-s|climate-specificity|climate-sentiment|netzero-reduction|metrics,Teks menyatakan total pengurangan emisi dalam ton CO2e menggunakan metodologi spesifik (MSLI 009). Ini adalah hasil terukur (outcome) dengan sentimen positif (positive) karena menunjukkan kontribusi nyata dalam pengurangan emisi. Mengandung target/net-zero reduction (netzero-reduction) dan data kuantitatif (metrics).,outcome,llm_reprocess,outcome,True,False,True,True,True,llm_processing_bg_20260517T055949Z_be56e2,"page_0060.md, page_0061.md",environmental-claims,/home/ubuntu/apps/benchmarks/model_download/models/environmental-claims,Local model,no,0.99823,False,climatebert_multi_20260526T074116Z_df720b,0.21
llm_eb6eb8743197,7,11,2026-05-17T06:32:49Z,arcee-ai/trinity-large-thinking:free,tone_chain_of_thought_indonesian.md,ABM_2025_ABMM_SR_2025_pdf/batch_31,ABM_2025_ABMM_SR_2025,True,"Intensitas Energi dalam Organisasi 0,0102 GJ/US$",48,6,,Energy Intensity Ratio,e,outcome,neutral,,climate-d|climate-d-s|climate-specificity|climate-sentiment|metrics,Teks menyatakan rasio intensitas energi dalam satuan kuantitatif (GJ/US$). Ini adalah data pengukuran (metrics) dengan sentimen netral (neutral) karena hanya menyajikan informasi tanpa evaluasi atau dampak.,outcome,llm_reprocess,outcome,True,False,True,True,True,llm_processing_bg_20260517T055949Z_be56e2,"page_0060.md, page_0061.md",environmental-claims,/home/ubuntu/apps/benchmarks/model_download/models/environmental-claims,Local model,no,0.998006,False,climatebert_multi_20260526T074116Z_df720b,0.17
llm_245b345fff8a,7,12,2026-05-17T06:32:49Z,arcee-ai/trinity-large-thinking:free,tone_chain_of_thought_indonesian.md,ABM_2025_ABMM_SR_2025_pdf/batch_31,ABM_2025_ABMM_SR_2025,True,"Rasio Intensitas Emisi 0,000017 TON CO₂-EQ/US$",46,6,,Emission Intensity Ratio,e,outcome,neutral,,climate-d|climate-d-s|climate-specificity|climate-sentiment|metrics,Teks menyatakan rasio intensitas emisi dalam satuan kuantitatif (TON CO₂-EQ/US$). Ini adalah data pengukuran (metrics) dengan sentimen netral (neutral) karena hanya menyajikan informasi tanpa evaluasi atau dampak.,outcome,llm_reprocess,outcome,True,False,True,True,True,llm_processing_bg_20260517T055949Z_be56e2,"page_0060.md, page_0061.md",environmental-claims,/home/ubuntu/apps/benchmarks/model_download/models/environmental-claims,Local model,no,0.998004,False,climatebert_multi_20260526T074116Z_df720b,0.157
llm_9a3947dd887b,7,13,2026-05-17T06:32:49Z,arcee-ai/trinity-large-thinking:free,tone_chain_of_thought_indonesian.md,ABM_2025_ABMM_SR_2025_pdf/batch_31,ABM_2025_ABMM_SR_2025,True,Persentase jumlah wanita dalam susunan Dewan Komisaris 25%,58,8,,Women in Board of Commissioners,g,outcome,positive,0.7,governance|climate-tcfd|metrics,Teks menyatakan persentase wanita di Dewan Komisaris (25%) sebagai data kuantitatif. Ini adalah hasil terukur (outcome) dengan sentimen positif (positive) karena menunjukkan kemajuan dalam keragaman gender di tata kelola. Mengandung data kuantitatif (metrics).,outcome,llm_reprocess,outcome,True,False,True,False,False,llm_processing_bg_20260517T055949Z_be56e2,"page_0060.md, page_0061.md",environmental-claims,/home/ubuntu/apps/benchmarks/model_download/models/environmental-claims,Local model,no,0.998335,False,climatebert_multi_20260526T074116Z_df720b,0.162
llm_f20a49772cd3,7,14,2026-05-17T06:32:49Z,arcee-ai/trinity-large-thinking:free,tone_chain_of_thought_indonesian.md,ABM_2025_ABMM_SR_2025_pdf/batch_31,ABM_2025_ABMM_SR_2025,True,"Keluhan yang telah terselesaikan di tahun 2025 96,9%",52,8,,Grievance Resolution Rate,g,outcome,positive,0.8,governance|climate-tcfd|metrics,"Teks menyatakan persentase keluhan yang terselesaikan (96,9%) sebagai data kuantitatif. Ini adalah hasil terukur (outcome) dengan sentimen positif (positive) karena menunjukkan efektivitas penanganan keluhan pemangku kepentingan. Mengandung data kuantitatif (metrics).",outcome,llm_reprocess,outcome,True,False,True,False,False,llm_processing_bg_20260517T055949Z_be56e2,"page_0060.md, page_0061.md",environmental-claims,/home/ubuntu/apps/benchmarks/model_download/models/environmental-claims,Local model,no,0.998142,False,climatebert_multi_20260526T074116Z_df720b,0.137
llm_9c8be9f5b14d,7,15,2026-05-17T06:32:49Z,arcee-ai/trinity-large-thinking:free,tone_chain_of_thought_indonesian.md,ABM_2025_ABMM_SR_2025_pdf/batch_31,ABM_2025_ABMM_SR_2025,True,"100% Karyawan ABM telah menandatangani pakta integritas sesuai dengan Kode Etik dan Perilaku yang berlaku di Perusahaan, sebagai pernyataan kepatuhannya terhadap kebijakan etika & anti-korupsi, sekaligus mendukung kebijakan Perusahaan.",235,29,,Employee Integrity Pledge,g,action,positive,0.7,governance|climate-tcfd|climate-commitment,Teks menyatakan bahwa 100% karyawan telah menandatangani pakta integritas. Ini adalah tindakan (action) dengan sentimen positif (positive) karena menunjukkan komitmen terhadap etika dan anti-korupsi. Mengandung elemen komitmen (climate-commitment) dalam konteks tata kelola.,action,llm_reprocess,action,True,False,True,False,False,llm_processing_bg_20260517T055949Z_be56e2,"page_0060.md, page_0061.md",environmental-claims,/home/ubuntu/apps/benchmarks/model_download/models/environmental-claims,Local model,no,0.99765,False,climatebert_multi_20260526T074116Z_df720b,0.366
llm_510f51758a85,7,16,2026-05-17T06:32:49Z,arcee-ai/trinity-large-thinking:free,tone_chain_of_thought_indonesian.md,ABM_2025_ABMM_SR_2025_pdf/batch_31,ABM_2025_ABMM_SR_2025,True,ABM menerapkan berbagai langkah efisiensi energi pada fasilitas operasional untuk mengendalikan konsumsi listrik dan menurunkan emisi tidak langsung.,149,18,,Energy Efficiency Measures,e,action,positive,0.7,climate-d|climate-d-s|climate-specificity|climate-sentiment|climate-f,Teks membahas implementasi langkah-langkah efisiensi energi untuk mengendalikan konsumsi listrik dan menurunkan emisi tidak langsung. Ini adalah tindakan spesifik (climate-d-s) dengan sentimen positif (climate-sentiment) karena berkontribusi pada efisiensi operasional. Mengandung elemen prediktif (climate-f) terkait pengurangan emisi.,action,llm_reprocess,action,True,False,True,True,True,llm_processing_bg_20260517T055949Z_be56e2,"page_0060.md, page_0061.md",environmental-claims,/home/ubuntu/apps/benchmarks/model_download/models/environmental-claims,Local model,no,0.993486,False,climatebert_multi_20260526T074116Z_df720b,0.137
llm_feb3b2f68a5f,7,17,2026-05-17T06:32:49Z,arcee-ai/trinity-large-thinking:free,tone_chain_of_thought_indonesian.md,ABM_2025_ABMM_SR_2025_pdf/batch_31,ABM_2025_ABMM_SR_2025,True,CKB menyesuaikan masa pakai truk menjadi 10 tahun untuk mengoptimalkan pemanfaatan aset dan menekan emisi tidak langsung yang terkait dengan siklus hidup kendaraan.,164,23,,Truck Lifespan Adjustment,e,action,positive,0.7,climate-d|climate-d-s|climate-specificity|climate-sentiment|climate-f,Teks menjelaskan penyesuaian masa pakai truk untuk mengoptimalkan aset dan menekan emisi tidak langsung. Ini adalah tindakan spesifik (climate-d-s) dengan sentimen positif (climate-sentiment) karena meningkatkan efisiensi dan mengurangi emisi. Mengandung elemen prediktif (climate-f) terkait pengurangan emisi tidak langsung.,action,llm_reprocess,action,True,False,True,True,True,llm_processing_bg_20260517T055949Z_be56e2,"page_0060.md, page_0061.md",environmental-claims,/home/ubuntu/apps/benchmarks/model_download/models/environmental-claims,Local model,no,0.994468,False,climatebert_multi_20260526T074116Z_df720b,0.261
llm_dba62ddab31c,7,18,2026-05-17T06:32:49Z,arcee-ai/trinity-large-thinking:free,tone_chain_of_thought_indonesian.md,ABM_2025_ABMM_SR_2025_pdf/batch_31,ABM_2025_ABMM_SR_2025,True,Pengelolaan limbah dan program reklamasi lahan terus diperkuat sebagai bagian dari pendekatan terpadu untuk mengendalikan dampak lingkungan dan mendukung penurunan emisi tidak langsung secara berkelanjutan.,206,25,,Waste Management & Land Reclamation,e,action,positive,0.6,climate-d|climate-d-s|climate-specificity|climate-sentiment|climate-f,Teks menyatakan penguatan pengelolaan limbah dan reklamasi lahan sebagai bagian dari pendekatan terpadu untuk mengendalikan dampak lingkungan dan menurunkan emisi tidak langsung. Ini adalah tindakan spesifik (climate-d-s) dengan sentimen positif (climate-sentiment) karena mendukung keberlanjutan. Mengandung elemen prediktif (climate-f) terkait penurunan emisi tidak langsung.,action,llm_reprocess,action,True,False,True,True,True,llm_processing_bg_20260517T055949Z_be56e2,"page_0060.md, page_0061.md",environmental-claims,/home/ubuntu/apps/benchmarks/model_download/models/environmental-claims,Local model,no,0.992938,False,climatebert_multi_20260526T074116Z_df720b,0.199
llm_e5d42b1a3d0a,7,19,2026-05-17T06:32:49Z,arcee-ai/trinity-large-thinking:free,tone_chain_of_thought_indonesian.md,ABM_2025_ABMM_SR_2025_pdf/batch_31,ABM_2025_ABMM_SR_2025,True,"Sistem ini diproyeksikan mampu menghemat hingga 30% konsumsi listrik tahunan dari total kebutuhan listrik hub tersebut, sekaligus mencerminkan komitmen CKB dalam meningkatkan efisiensi energi dan pengurangan emisi melalui penerapan teknologi ramah lingkungan.",259,32,,Solar Power System Projected Savings,e,commitment,positive,0.7,climate-d|climate-d-s|climate-specificity|climate-commitment|climate-f,Teks menyatakan proyeksi penghematan listrik (30%) dari sistem PLTS dan mencerminkan komitmen CKB terhadap efisiensi energi dan pengurangan emisi. Ini adalah komitmen dan proyeksi masa depan (climate-commitment) dengan sentimen positif (climate-sentiment) karena mendukung transisi energi. Mengandung elemen prediktif (climate-f) terkait penghematan energi dan pengurangan emisi.,commitment,llm_reprocess,commitment,True,False,True,True,True,llm_processing_bg_20260517T055949Z_be56e2,"page_0060.md, page_0061.md",environmental-claims,/home/ubuntu/apps/benchmarks/model_download/models/environmental-claims,Local model,no,0.996501,False,climatebert_multi_20260526T074116Z_df720b,0.307
llm_17ad50e17473,7,20,2026-05-17T06:32:49Z,arcee-ai/trinity-large-thinking:free,tone_chain_of_thought_indonesian.md,ABM_2025_ABMM_SR_2025_pdf/batch_31,ABM_2025_ABMM_SR_2025,True,"Hasil pemantauan dianalisis dan dilaporkan kepada Kementerian Lingkungan Hidup dan Kehutanan (KLHK) melalui pemegang Izin Usaha Pertambangan (IUP), serta secara mandiri oleh unit usaha ABM yang memiliki dokumen RKL-RPL dan UKL-UPL, guna memastikan kepatuhan terhadap baku mutu nasional.",286,38,,Air Quality Monitoring Reporting & Compliance,e,action,positive,0.6,climate-d|climate-d-s|climate-specificity|climate-sentiment,Teks menjelaskan bahwa hasil pemantauan dianalisis dan dilaporkan ke KLHK serta dilaporkan secara mandiri untuk memastikan kepatuhan terhadap baku mutu nasional. Ini adalah tindakan konkret (climate-d-s) dengan sentimen positif (climate-sentiment) karena menunjukkan transparansi dan kepatuhan terhadap regulasi lingkungan.,action,llm_reprocess,action,True,False,True,True,True,llm_processing_bg_20260517T055949Z_be56e2,"page_0060.md, page_0061.md",environmental-claims,/home/ubuntu/apps/benchmarks/model_download/models/environmental-claims,Local model,no,0.996855,False,climatebert_multi_20260526T074116Z_df720b,0.379
llm_daa422aad23f,7,21,2026-05-17T06:32:49Z,arcee-ai/trinity-large-thinking:free,tone_chain_of_thought_indonesian.md,ABM_2025_ABMM_SR_2025_pdf/batch_31,ABM_2025_ABMM_SR_2025,True,"Sebagai bagian dari peningkatan berkelanjutan, ABM terus mengevaluasi dan mengembangkan penerapan teknologi serta inisiatif baru untuk menurunkan emisi udara.",158,19,,Continuous Improvement for Emission Reduction,e,commitment,positive,0.6,climate-d|climate-d-s|climate-specificity|climate-commitment|climate-f,Teks menyatakan bahwa ABM terus mengevaluasi dan mengembangkan teknologi dan inisiatif baru untuk menurunkan emisi udara. Ini adalah komitmen terhadap peningkatan berkelanjutan (climate-commitment) dengan sentimen positif (climate-sentiment) karena mendukung inovasi untuk pengurangan emisi. Mengandung elemen prediktif (climate-f) terkait pengembangan teknologi.,commitment,llm_reprocess,commitment,True,False,True,True,True,llm_processing_bg_20260517T055949Z_be56e2,"page_0060.md, page_0061.md",environmental-claims,/home/ubuntu/apps/benchmarks/model_download/models/environmental-claims,Local model,no,0.994872,False,climatebert_multi_20260526T074116Z_df720b,0.17
llm_4bdea4f5f95c,7,22,2026-05-17T06:32:49Z,arcee-ai/trinity-large-thinking:free,tone_chain_of_thought_indonesian.md,ABM_2025_ABMM_SR_2025_pdf/batch_31,ABM_2025_ABMM_SR_2025,True,"Salah satu fokus utama adalah pengembangan dan replikasi PLTS dengan kapasitas 638 kWp dan baterai 1 MWh menggunakan sistem penyimpanan berbasis *Containerized Battery Energy Storage System (CBESS)* di lokasi operasional Jambi, guna menurunkan emisi dari pembangkitan listrik berbasis fosil.",291,39,,PLTS Development with CBESS,e,commitment,positive,0.7,climate-d|climate-d-s|climate-specificity|climate-commitment|climate-f,Teks menyatakan fokus utama pada pengembangan PLTS dengan CBESS untuk menurunkan emisi dari pembangkit listrik fosil. Ini adalah komitmen dan rencana spesifik (climate-commitment) dengan sentimen positif (climate-sentiment) karena mendukung transisi energi. Mengandung elemen prediktif (climate-f) terkait penurunan emisi.,commitment,llm_reprocess,commitment,True,False,True,True,True,llm_processing_bg_20260517T055949Z_be56e2,"page_0060.md, page_0061.md",environmental-claims,/home/ubuntu/apps/benchmarks/model_download/models/environmental-claims,Local model,no,0.998146,False,climatebert_multi_20260526T074116Z_df720b,0.242
llm_6ff461e0870b,7,23,2026-05-17T06:32:49Z,arcee-ai/trinity-large-thinking:free,tone_chain_of_thought_indonesian.md,ABM_2025_ABMM_SR_2025_pdf/batch_31,ABM_2025_ABMM_SR_2025,True,"Selain itu, pengelolaan limbah dan program reklamasi lahan terus diperkuat sebagai bagian dari pendekatan terpadu untuk mengendalikan dampak lingkungan dan mendukung penurunan emisi tidak langsung secara berkelanjutan.",218,27,,Waste Management & Land Reclamation as Integrated Approach,e,action,positive,0.6,climate-d|climate-d-s|climate-specificity|climate-sentiment|climate-f,Teks menyatakan penguatan pengelolaan limbah dan reklamasi lahan sebagai bagian dari pendekatan terpadu untuk mengendalikan dampak lingkungan dan menurunkan emisi tidak langsung. Ini adalah tindakan spesifik (climate-d-s) dengan sentimen positif (climate-sentiment) karena mendukung keberlanjutan. Mengandung elemen prediktif (climate-f) terkait penurunan emisi tidak langsung.,action,llm_reprocess,action,True,False,True,True,True,llm_processing_bg_20260517T055949Z_be56e2,"page_0060.md, page_0061.md",environmental-claims,/home/ubuntu/apps/benchmarks/model_download/models/environmental-claims,Local model,no,0.99274,False,climatebert_multi_20260526T074116Z_df720b,0.332
llm_d5c2ca73dba3,7,24,2026-05-17T06:32:49Z,arcee-ai/trinity-large-thinking:free,tone_chain_of_thought_indonesian.md,ABM_2025_ABMM_SR_2025_pdf/batch_31,ABM_2025_ABMM_SR_2025,True,Proyek ini dilaksanakan bekerja sama dengan Infin Energy sebagai mitra pelaksana dan menghadirkan sistem PLTS atap berkapasitas 48 kWp.,135,19,,Solar Power Project Implementation,e,commitment,positive,0.7,climate-d|climate-d-s|climate-specificity|climate-commitment|climate-f,Teks menjelaskan implementasi proyek PLTS dengan kapasitas spesifik (48 kWp) bekerja sama dengan mitra. Ini adalah komitmen dan tindakan nyata (climate-commitment) dengan sentimen positif (climate-sentiment) karena mendukung transisi energi. Mengandung elemen prediktif (climate-f) terkait penghematan energi dan pengurangan emisi.,commitment,llm_reprocess,commitment,True,False,True,True,True,llm_processing_bg_20260517T055949Z_be56e2,"page_0060.md, page_0061.md",environmental-claims,/home/ubuntu/apps/benchmarks/model_download/models/environmental-claims,Local model,no,0.996829,False,climatebert_multi_20260526T074116Z_df720b,0.194
llm_eb762f218444,7,25,2026-05-17T06:32:49Z,arcee-ai/trinity-large-thinking:free,tone_chain_of_thought_indonesian.md,ABM_2025_ABMM_SR_2025_pdf/batch_31,ABM_2025_ABMM_SR_2025,True,"Sistem ini diproyeksikan mampu menghemat hingga 30% konsumsi listrik tahunan dari total kebutuhan listrik hub tersebut, sekaligus mencerminkan komitmen CKB dalam meningkatkan efisiensi energi dan pengurangan emisi melalui penerapan teknologi ramah lingkungan.",259,32,,Solar Power System Projected Savings & Commitment,e,commitment,positive,0.7,climate-d|climate-d-s|climate-specificity|climate-commitment|climate-f,Teks menyatakan proyeksi penghematan listrik (30%) dan komitmen CKB terhadap efisiensi energi dan pengurangan emisi. Ini adalah komitmen dan proyeksi masa depan (climate-commitment) dengan sentimen positif (climate-sentiment) karena mendukung transisi energi. Mengandung elemen prediktif (climate-f) terkait penghematan energi dan pengurangan emisi.,commitment,llm_reprocess,commitment,True,False,True,True,True,llm_processing_bg_20260517T055949Z_be56e2,"page_0060.md, page_0061.md",environmental-claims,/home/ubuntu/apps/benchmarks/model_download/models/environmental-claims,Local model,no,0.996501,False,climatebert_multi_20260526T074116Z_df720b,0.378
llm_7fcfdc3e4b91,7,26,2026-05-17T06:32:49Z,arcee-ai/trinity-large-thinking:free,tone_chain_of_thought_indonesian.md,ABM_2025_ABMM_SR_2025_pdf/batch_31,ABM_2025_ABMM_SR_2025,True,ABM memastikan kualitas udara dan pengendalian emisi udara melalui pemantauan rutin yang dilakukan setiap tahun pada berbagai titik yang berpotensi terdampak aktivitas operasional.,180,23,,Routine Air Quality & Emissions Monitoring,e,action,positive,0.6,climate-d|climate-d-s|climate-specificity|climate-sentiment,Teks menjelaskan pemantauan rutin kualitas udara dan emisi setiap tahun di titik-titik potensial terdampak operasional. Ini adalah tindakan konkret (climate-d-s) dengan sentimen positif (climate-sentiment) karena menunjukkan upaya pengendalian dampak lingkungan.,action,llm_reprocess,action,True,False,True,True,True,llm_processing_bg_20260517T055949Z_be56e2,"page_0060.md, page_0061.md",environmental-claims,/home/ubuntu/apps/benchmarks/model_download/models/environmental-claims,Local model,no,0.996683,False,climatebert_multi_20260526T074116Z_df720b,0.352
llm_3415d52a88c5,7,27,2026-05-17T06:32:49Z,arcee-ai/trinity-large-thinking:free,tone_chain_of_thought_indonesian.md,ABM_2025_ABMM_SR_2025_pdf/batch_31,ABM_2025_ABMM_SR_2025,True,"Pemantauan mencakup udara ambien serta sumber emisi dari peralatan kerja, baik bergerak maupun tidak bergerak.",110,15,,Ambient Air & Emission Source Monitoring Scope,e,action,positive,0.6,climate-d|climate-d-s|climate-specificity|climate-sentiment,Teks menjelaskan cakupan pemantauan yang mencakup udara ambien dan sumber emisi dari peralatan kerja bergerak dan tidak bergerak. Ini adalah tindakan spesifik (climate-d-s) dengan sentimen positif (climate-sentiment) karena menunjukkan komprehensivitas dalam pemantauan emisi.,action,llm_reprocess,action,True,False,True,True,True,llm_processing_bg_20260517T055949Z_be56e2,"page_0060.md, page_0061.md",environmental-claims,/home/ubuntu/apps/benchmarks/model_download/models/environmental-claims,Local model,no,0.997217,False,climatebert_multi_20260526T074116Z_df720b,0.281
llm_20a6e15365d7,7,28,2026-05-17T06:32:49Z,arcee-ai/trinity-large-thinking:free,tone_chain_of_thought_indonesian.md,ABM_2025_ABMM_SR_2025_pdf/batch_31,ABM_2025_ABMM_SR_2025,True,"Parameter yang diukur mengacu pada Peraturan Pemerintah No. 22 Tahun 2021, antara lain PM10, SOx, NOx, dan opasitas.",116,18,,Monitoring Parameters Reference,e,action,positive,0.6,climate-d|climate-d-s|climate-specificity|climate-sentiment,"Teks menyatakan parameter pemantauan yang mengacu pada regulasi spesifik (PP No. 22 Tahun 2021) seperti PM10, SOx, NOx, dan opasitas. Ini adalah tindakan spesifik (climate-d-s) dengan sentimen positif (climate-sentiment) karena menunjukkan kepatuhan terhadap standar nasional.",action,llm_reprocess,action,True,False,True,True,True,llm_processing_bg_20260517T055949Z_be56e2,"page_0060.md, page_0061.md",environmental-claims,/home/ubuntu/apps/benchmarks/model_download/models/environmental-claims,Local model,no,0.998546,False,climatebert_multi_20260526T074116Z_df720b,0.198
llm_a5832e88bcd2,7,29,2026-05-17T06:32:49Z,arcee-ai/trinity-large-thinking:free,tone_chain_of_thought_indonesian.md,ABM_2025_ABMM_SR_2025_pdf/batch_31,ABM_2025_ABMM_SR_2025,True,"Hasil pemantauan dianalisis dan dilaporkan kepada Kementerian Lingkungan Hidup dan Kehutanan (KLHK) melalui pemegang Izin Usaha Pertambangan (IUP), serta secara mandiri oleh unit usaha ABM yang memiliki dokumen RKL-RPL dan UKL-UPL, guna memastikan kepatuhan terhadap baku mutu nasional.",286,38,,"Monitoring Results Analysis, Reporting & Compliance Assurance",e,action,positive,0.6,climate-d|climate-d-s|climate-specificity|climate-sentiment,"Teks menjelaskan bahwa hasil pemantauan dianalisis, dilaporkan ke KLHK, dan dilaporkan secara mandiri oleh unit usaha dengan dokumen lingkungan untuk memastikan kepatuhan terhadap baku mutu nasional. Ini adalah tindakan konkret (climate-d-s) dengan sentimen positif (climate-sentiment) karena menunjukkan transparansi dan akuntabilitas dalam pengelolaan lingkungan.",action,llm_reprocess,action,True,False,True,True,True,llm_processing_bg_20260517T055949Z_be56e2,"page_0060.md, page_0061.md",environmental-claims,/home/ubuntu/apps/benchmarks/model_download/models/environmental-claims,Local model,no,0.996855,False,climatebert_multi_20260526T074116Z_df720b,0.458
llm_a399385d845d,7,30,2026-05-17T06:32:49Z,arcee-ai/trinity-large-thinking:free,tone_chain_of_thought_indonesian.md,ABM_2025_ABMM_SR_2025_pdf/batch_31,ABM_2025_ABMM_SR_2025,True,"Sebagai bagian dari peningkatan berkelanjutan, ABM terus mengevaluasi dan mengembangkan penerapan teknologi serta inisiatif baru untuk menurunkan emisi udara.",158,19,,Continuous Improvement for Air Emission Reduction,e,commitment,positive,0.6,climate-d|climate-d-s|climate-specificity|climate-commitment|climate-f,Teks menyatakan bahwa ABM terus mengevaluasi dan mengembangkan teknologi dan inisiatif baru untuk menurunkan emisi udara. Ini adalah komitmen terhadap peningkatan berkelanjutan (climate-commitment) dengan sentimen positif (climate-sentiment) karena mendukung inovasi untuk pengurangan emisi. Mengandung elemen prediktif (climate-f) terkait pengembangan teknologi.,commitment,llm_reprocess,commitment,True,False,True,True,True,llm_processing_bg_20260517T055949Z_be56e2,"page_0060.md, page_0061.md",environmental-claims,/home/ubuntu/apps/benchmarks/model_download/models/environmental-claims,Local model,no,0.994872,False,climatebert_multi_20260526T074116Z_df720b,0.29
llm_de97b9d2ef81,7,31,2026-05-17T06:32:49Z,arcee-ai/trinity-large-thinking:free,tone_chain_of_thought_indonesian.md,ABM_2025_ABMM_SR_2025_pdf/batch_31,ABM_2025_ABMM_SR_2025,True,"Salah satu fokus utama adalah pengembangan dan replikasi PLTS dengan kapasitas 638 kWp dan baterai 1 MWh menggunakan sistem penyimpanan berbasis *Containerized Battery Energy Storage System (CBESS)* di lokasi operasional Jambi, guna menurunkan emisi dari pembangkitan listrik berbasis fosil.",291,39,,PLTS Development with CBESS for Fossil Fuel Emission Reduction,e,commitment,positive,0.7,climate-d|climate-d-s|climate-specificity|climate-commitment|climate-f,Teks menyatakan fokus utama pada pengembangan PLTS dengan CBESS untuk menurunkan emisi dari pembangkit listrik fosil. Ini adalah komitmen dan rencana spesifik (climate-commitment) dengan sentimen positif (climate-sentiment) karena mendukung transisi energi. Mengandung elemen prediktif (climate-f) terkait penurunan emisi.,commitment,llm_reprocess,commitment,True,False,True,True,True,llm_processing_bg_20260517T055949Z_be56e2,"page_0060.md, page_0061.md",environmental-claims,/home/ubuntu/apps/benchmarks/model_download/models/environmental-claims,Local model,no,0.998146,False,climatebert_multi_20260526T074116Z_df720b,0.378
llm_e9d2fd0f33df,7,32,2026-05-17T06:32:49Z,arcee-ai/trinity-large-thinking:free,tone_chain_of_thought_indonesian.md,ABM_2025_ABMM_SR_2025_pdf/batch_31,ABM_2025_ABMM_SR_2025,True,"Selain itu, pengelolaan limbah dan program reklamasi lahan terus diperkuat sebagai bagian dari pendekatan terpadu untuk mengendalikan dampak lingkungan dan mendukung penurunan emisi tidak langsung secara berkelanjutan.",218,27,,Waste Management & Land Reclamation as Integrated Approach for Indirect Emission Reduction,e,action,positive,0.6,climate-d|climate-d-s|climate-specificity|climate-sentiment|climate-f,Teks menyatakan penguatan pengelolaan limbah dan reklamasi lahan sebagai bagian dari pendekatan terpadu untuk mengendalikan dampak lingkungan dan menurunkan emisi tidak langsung. Ini adalah tindakan spesifik (climate-d-s) dengan sentimen positif (climate-sentiment) karena mendukung keberlanjutan. Mengandung elemen prediktif (climate-f) terkait penurunan emisi tidak langsung.,action,llm_reprocess,action,True,False,True,True,True,llm_processing_bg_20260517T055949Z_be56e2,"page_0060.md, page_0061.md",environmental-claims,/home/ubuntu/apps/benchmarks/model_download/models/environmental-claims,Local model,no,0.99274,False,climatebert_multi_20260526T074116Z_df720b,0.234
llm_145555ecbc61,7,33,2026-05-17T06:32:49Z,arcee-ai/trinity-large-thinking:free,tone_chain_of_thought_indonesian.md,ABM_2025_ABMM_SR_2025_pdf/batch_31,ABM_2025_ABMM_SR_2025,True,Proyek ini dilaksanakan bekerja sama dengan Infin Energy sebagai mitra pelaksana dan menghadirkan sistem PLTS atap berkapasitas 48 kWp.,135,19,,Solar Power Project Implementation with Partner,e,commitment,positive,0.7,climate-d|climate-d-s|climate-specificity|climate-commitment|climate-f,Teks menjelaskan implementasi proyek PLTS dengan kapasitas spesifik (48 kWp) bekerja sama dengan mitra. Ini adalah komitmen dan tindakan nyata (climate-commitment) dengan sentimen positif (climate-sentiment) karena mendukung transisi energi. Mengandung elemen prediktif (climate-f) terkait penghematan energi dan pengurangan emisi.,commitment,llm_reprocess,commitment,True,False,True,True,True,llm_processing_bg_20260517T055949Z_be56e2,"page_0060.md, page_0061.md",environmental-claims,/home/ubuntu/apps/benchmarks/model_download/models/environmental-claims,Local model,no,0.996829,False,climatebert_multi_20260526T074116Z_df720b,0.188
llm_be6bd9e05aca,7,34,2026-05-17T06:32:49Z,arcee-ai/trinity-large-thinking:free,tone_chain_of_thought_indonesian.md,ABM_2025_ABMM_SR_2025_pdf/batch_31,ABM_2025_ABMM_SR_2025,True,"Sistem ini diproyeksikan mampu menghemat hingga 30% konsumsi listrik tahunan dari total kebutuhan listrik hub tersebut, sekaligus mencerminkan komitmen CKB dalam meningkatkan efisiensi energi dan pengurangan emisi melalui penerapan teknologi ramah lingkungan.",259,32,,Solar Power System Projected Savings & CKB Commitment,e,commitment,positive,0.7,climate-d|climate-d-s|climate-specificity|climate-commitment|climate-f,Teks menyatakan proyeksi penghematan listrik (30%) dan komitmen CKB terhadap efisiensi energi dan pengurangan emisi. Ini adalah komitmen dan proyeksi masa depan (climate-commitment) dengan sentimen positif (climate-sentiment) karena mendukung transisi energi. Mengandung elemen prediktif (climate-f) terkait penghematan energi dan pengurangan emisi.,commitment,llm_reprocess,commitment,True,False,True,True,True,llm_processing_bg_20260517T055949Z_be56e2,"page_0060.md, page_0061.md",environmental-claims,/home/ubuntu/apps/benchmarks/model_download/models/environmental-claims,Local model,no,0.996501,False,climatebert_multi_20260526T074116Z_df720b,0.3
llm_d97251afe8a9,7,35,2026-05-17T06:32:49Z,arcee-ai/trinity-large-thinking:free,tone_chain_of_thought_indonesian.md,ABM_2025_ABMM_SR_2025_pdf/batch_31,ABM_2025_ABMM_SR_2025,True,ABM memastikan kualitas udara dan pengendalian emisi udara melalui pemantauan rutin yang dilakukan setiap tahun pada berbagai titik yang berpotensi terdampak aktivitas operasional.,180,23,,Routine Air Quality & Emissions Monitoring,e,action,positive,0.6,climate-d|climate-d-s|climate-specificity|climate-sentiment,Teks menjelaskan pemantauan rutin kualitas udara dan emisi setiap tahun di titik-titik potensial terdampak operasional. Ini adalah tindakan konkret (climate-d-s) dengan sentimen positif (climate-sentiment) karena menunjukkan upaya pengendalian dampak lingkungan.,action,llm_reprocess,action,True,False,True,True,True,llm_processing_bg_20260517T055949Z_be56e2,"page_0060.md, page_0061.md",environmental-claims,/home/ubuntu/apps/benchmarks/model_download/models/environmental-claims,Local model,no,0.996683,False,climatebert_multi_20260526T074116Z_df720b,0.275
llm_df32fefb184e,7,36,2026-05-17T06:32:49Z,arcee-ai/trinity-large-thinking:free,tone_chain_of_thought_indonesian.md,ABM_2025_ABMM_SR_2025_pdf/batch_31,ABM_2025_ABMM_SR_2025,True,"Pemantauan mencakup udara ambien serta sumber emisi dari peralatan kerja, baik bergerak maupun tidak bergerak.",110,15,,Ambient Air & Emission Source Monitoring Scope,e,action,positive,0.6,climate-d|climate-d-s|climate-specificity|climate-sentiment,Teks menjelaskan cakupan pemantauan yang mencakup udara ambien dan sumber emisi dari peralatan kerja bergerak dan tidak bergerak. Ini adalah tindakan spesifik (climate-d-s) dengan sentimen positif (climate-sentiment) karena menunjukkan komprehensivitas dalam pemantauan emisi.,action,llm_reprocess,action,True,False,True,True,True,llm_processing_bg_20260517T055949Z_be56e2,"page_0060.md, page_0061.md",environmental-claims,/home/ubuntu/apps/benchmarks/model_download/models/environmental-claims,Local model,no,0.997217,False,climatebert_multi_20260526T074116Z_df720b,0.206
llm_ee5f2559f37d,7,37,2026-05-17T06:32:49Z,arcee-ai/trinity-large-thinking:free,tone_chain_of_thought_indonesian.md,ABM_2025_ABMM_SR_2025_pdf/batch_31,ABM_2025_ABMM_SR_2025,True,"Parameter yang diukur mengacu pada Peraturan Pemerintah No. 22 Tahun 2021, antara lain PM10, SOx, NOx, dan opasitas.",116,18,,Monitoring Parameters Reference,e,action,positive,0.6,climate-d|climate-d-s|climate-specificity|climate-sentiment,"Teks menyatakan parameter pemantauan yang mengacu pada regulasi spesifik (PP No. 22 Tahun 2021) seperti PM10, SOx, NOx, dan opasitas. Ini adalah tindakan spesifik (climate-d-s) dengan sentimen positif (climate-sentiment) karena menunjukkan kepatuhan terhadap standar nasional.",action,llm_reprocess,action,True,False,True,True,True,llm_processing_bg_20260517T055949Z_be56e2,"page_0060.md, page_0061.md",environmental-claims,/home/ubuntu/apps/benchmarks/model_download/models/environmental-claims,Local model,no,0.998546,False,climatebert_multi_20260526T074116Z_df720b,0.126
llm_5378e3071cf1,7,38,2026-05-17T06:32:49Z,arcee-ai/trinity-large-thinking:free,tone_chain_of_thought_indonesian.md,ABM_2025_ABMM_SR_2025_pdf/batch_31,ABM_2025_ABMM_SR_2025,True,"Hasil pemantauan dianalisis dan dilaporkan kepada Kementerian Lingkungan Hidup dan Kehutanan (KLHK) melalui pemegang Izin Usaha Pertambangan (IUP), serta secara mandiri oleh unit usaha ABM yang memiliki dokumen RKL-RPL dan UKL-UPL, guna memastikan kepatuhan terhadap baku mutu nasional.",286,38,,"Monitoring Results Analysis, Reporting & Compliance Assurance",e,action,positive,0.6,climate-d|climate-d-s|climate-specificity|climate-sentiment,"Teks menjelaskan bahwa hasil pemantauan dianalisis, dilaporkan ke KLHK, dan dilaporkan secara mandiri oleh unit usaha dengan dokumen lingkungan untuk memastikan kepatuhan terhadap baku mutu nasional. Ini adalah tindakan konkret (climate-d-s) dengan sentimen positif (climate-sentiment) karena menunjukkan transparansi dan akuntabilitas dalam pengelolaan lingkungan.",action,llm_reprocess,action,True,False,True,True,True,llm_processing_bg_20260517T055949Z_be56e2,"page_0060.md, page_0061.md",environmental-claims,/home/ubuntu/apps/benchmarks/model_download/models/environmental-claims,Local model,no,0.996855,False,climatebert_multi_20260526T074116Z_df720b,0.647
llm_34e0c32fda33,7,39,2026-05-17T06:32:49Z,arcee-ai/trinity-large-thinking:free,tone_chain_of_thought_indonesian.md,ABM_2025_ABMM_SR_2025_pdf/batch_31,ABM_2025_ABMM_SR_2025,True,"Sebagai bagian dari peningkatan berkelanjutan, ABM terus mengevaluasi dan mengembangkan penerapan teknologi serta inisiatif baru untuk menurunkan emisi udara.",158,19,,Continuous Improvement for Air Emission Reduction,e,commitment,positive,0.6,climate-d|climate-d-s|climate-specificity|climate-commitment|climate-f,Teks menyatakan bahwa ABM terus mengevaluasi dan mengembangkan teknologi dan inisiatif baru untuk menurunkan emisi udara. Ini adalah komitmen terhadap peningkatan berkelanjutan (climate-commitment) dengan sentimen positif (climate-sentiment) karena mendukung inovasi untuk pengurangan emisi. Mengandung elemen prediktif (climate-f) terkait pengembangan teknologi.,commitment,llm_reprocess,commitment,True,False,True,True,True,llm_processing_bg_20260517T055949Z_be56e2,"page_0060.md, page_0061.md",environmental-claims,/home/ubuntu/apps/benchmarks/model_download/models/environmental-claims,Local model,no,0.994872,False,climatebert_multi_20260526T074116Z_df720b,0.291
llm_f5abec3d4d92,7,40,2026-05-17T06:32:49Z,arcee-ai/trinity-large-thinking:free,tone_chain_of_thought_indonesian.md,ABM_2025_ABMM_SR_2025_pdf/batch_31,ABM_2025_ABMM_SR_2025,True,"Salah satu fokus utama adalah pengembangan dan replikasi PLTS dengan kapasitas 638 kWp dan baterai 1 MWh menggunakan sistem penyimpanan berbasis *Containerized Battery Energy Storage System (CBESS)* di lokasi operasional Jambi, guna menurunkan emisi dari pembangkitan listrik berbasis fosil.",291,39,,PLTS Development with CBESS for Fossil Fuel Emission Reduction,e,commitment,positive,0.7,climate-d|climate-d-s|climate-specificity|climate-commitment|climate-f,Teks menyatakan fokus utama pada pengembangan PLTS dengan CBESS untuk menurunkan emisi dari pembangkit listrik fosil. Ini adalah komitmen dan rencana spesifik (climate-commitment) dengan sentimen positif (climate-sentiment) karena mendukung transisi energi. Mengandung elemen prediktif (climate-f) terkait penurunan emisi.,commitment,llm_reprocess,commitment,True,False,True,True,True,llm_processing_bg_20260517T055949Z_be56e2,"page_0060.md, page_0061.md",environmental-claims,/home/ubuntu/apps/benchmarks/model_download/models/environmental-claims,Local model,no,0.998146,False,climatebert_multi_20260526T074116Z_df720b,0.361
llm_a35318d1a653,7,41,2026-05-17T06:32:49Z,arcee-ai/trinity-large-thinking:free,tone_chain_of_thought_indonesian.md,ABM_2025_ABMM_SR_2025_pdf/batch_31,ABM_2025_ABMM_SR_2025,True,"Selain itu, pengelolaan limbah dan program reklamasi lahan terus diperkuat sebagai bagian dari pendekatan terpadu untuk mengendalikan dampak lingkungan dan mendukung penurunan emisi tidak langsung secara berkelanjutan.",218,27,,Waste Management & Land Reclamation as Integrated Approach for Indirect Emission Reduction,e,action,positive,0.6,climate-d|climate-d-s|climate-specificity|climate-sentiment|climate-f,Teks menyatakan penguatan pengelolaan limbah dan reklamasi lahan sebagai bagian dari pendekatan terpadu untuk mengendalikan dampak lingkungan dan menurunkan emisi tidak langsung. Ini adalah tindakan spesifik (climate-d-s) dengan sentimen positif (climate-sentiment) karena mendukung keberlanjutan. Mengandung elemen prediktif (climate-f) terkait penurunan emisi tidak langsung.,action,llm_reprocess,action,True,False,True,True,True,llm_processing_bg_20260517T055949Z_be56e2,"page_0060.md, page_0061.md",environmental-claims,/home/ubuntu/apps/benchmarks/model_download/models/environmental-claims,Local model,no,0.99274,False,climatebert_multi_20260526T074116Z_df720b,0.375
llm_62bc1958826c,7,42,2026-05-17T06:32:49Z,arcee-ai/trinity-large-thinking:free,tone_chain_of_thought_indonesian.md,ABM_2025_ABMM_SR_2025_pdf/batch_31,ABM_2025_ABMM_SR_2025,True,Proyek ini dilaksanakan bekerja sama dengan Infin Energy sebagai mitra pelaksana dan menghadirkan sistem PLTS atap berkapasitas 48 kWp.,135,19,,Solar Power Project Implementation with Partner,e,commitment,positive,0.7,climate-d|climate-d-s|climate-specificity|climate-commitment|climate-f,Teks menjelaskan implementasi proyek PLTS dengan kapasitas spesifik (48 kWp) bekerja sama dengan mitra. Ini adalah komitmen dan tindakan nyata (climate-commitment) dengan sentimen positif (climate-sentiment) karena mendukung transisi energi. Mengandung elemen prediktif (climate-f) terkait penghematan energi dan pengurangan emisi.,commitment,llm_reprocess,commitment,True,False,True,True,True,llm_processing_bg_20260517T055949Z_be56e2,"page_0060.md, page_0061.md",environmental-claims,/home/ubuntu/apps/benchmarks/model_download/models/environmental-claims,Local model,no,0.996829,False,climatebert_multi_20260526T074116Z_df720b,0.284
llm_da72b336e0f1,7,43,2026-05-17T06:32:49Z,arcee-ai/trinity-large-thinking:free,tone_chain_of_thought_indonesian.md,ABM_2025_ABMM_SR_2025_pdf/batch_31,ABM_2025_ABMM_SR_2025,True,"Sistem ini diproyeksikan mampu menghemat hingga 30% konsumsi listrik tahunan dari total kebutuhan listrik hub tersebut, sekaligus mencerminkan komitmen CKB dalam meningkatkan efisiensi energi dan pengurangan emisi melalui penerapan teknologi ramah lingkungan.",259,32,,Solar Power System Projected Savings & CKB Commitment,e,commitment,positive,0.7,climate-d|climate-d-s|climate-specificity|climate-commitment|climate-f,Teks menyatakan proyeksi penghematan listrik (30%) dan komitmen CKB terhadap efisiensi energi dan pengurangan emisi. Ini adalah komitmen dan proyeksi masa depan (climate-commitment) dengan sentimen positif (climate-sentiment) karena mendukung transisi energi. Mengandung elemen prediktif (climate-f) terkait penghematan energi dan pengurangan emisi.,commitment,llm_reprocess,commitment,True,False,True,True,True,llm_processing_bg_20260517T055949Z_be56e2,"page_0060.md, page_0061.md",environmental-claims,/home/ubuntu/apps/benchmarks/model_download/models/environmental-claims,Local model,no,0.996501,False,climatebert_multi_20260526T074116Z_df720b,0.405
llm_4edcfd1cdd6e,8,0,2026-05-17T06:32:54Z,arcee-ai/trinity-large-thinking:free,tone_few_shot_indonesian.md,ABM_2025_ABMM_SR_2025_pdf/batch_37,ABM_2025_ABMM_SR_2025,True,Konsumsi energi total dalam organisasi,38,5,,konsumsi energi,e,outcome,neutral,,metrics|climate-d-s,Provides total energy consumption data.,outcome,llm_reprocess,outcome,True,False,True,True,True,llm_processing_bg_20260517T055913Z_fec288,"page_0072.md, page_0073.md",environmental-claims,/home/ubuntu/apps/benchmarks/model_download/models/environmental-claims,Local model,no,0.997391,False,climatebert_multi_20260526T074116Z_df720b,0.065
llm_1d2ea0a85c37,8,1,2026-05-17T06:32:54Z,arcee-ai/trinity-large-thinking:free,tone_few_shot_indonesian.md,ABM_2025_ABMM_SR_2025_pdf/batch_37,ABM_2025_ABMM_SR_2025,True,Total pengurangan emisi dengan menggunakan metodologi MSLI 009 pada Sistem Registri Nasional (SRN).,99,13,,pengurangan emisi,e,outcome,neutral,,metrics|climate-d-s,Reports emissions reduction using MSLI 009 methodology.,outcome,llm_reprocess,outcome,True,False,True,True,True,llm_processing_bg_20260517T055913Z_fec288,"page_0072.md, page_0073.md",environmental-claims,/home/ubuntu/apps/benchmarks/model_download/models/environmental-claims,Local model,no,0.997981,False,climatebert_multi_20260526T074116Z_df720b,0.222
llm_995cfd04f15b,8,2,2026-05-17T06:32:54Z,arcee-ai/trinity-large-thinking:free,tone_few_shot_indonesian.md,ABM_2025_ABMM_SR_2025_pdf/batch_37,ABM_2025_ABMM_SR_2025,True,Limbah B3 yang telah didaur ulang,33,6,,daur ulang limbah B3,e,outcome,neutral,,metrics|climate-d-s,Reports hazardous waste recycled.,outcome,llm_reprocess,outcome,True,False,True,True,True,llm_processing_bg_20260517T055913Z_fec288,"page_0072.md, page_0073.md",environmental-claims,/home/ubuntu/apps/benchmarks/model_download/models/environmental-claims,Local model,no,0.998176,False,climatebert_multi_20260526T074116Z_df720b,0.066
llm_466323587e78,8,3,2026-05-17T06:32:54Z,arcee-ai/trinity-large-thinking:free,tone_few_shot_indonesian.md,ABM_2025_ABMM_SR_2025_pdf/batch_37,ABM_2025_ABMM_SR_2025,True,"Total emisi (Cakupan 1 & 2) pada tahun 2025 menunjukkan penurunan dibandingkan dengan tahun 2024, sejalan dengan implementasi program efisiensi energi dan optimalisasi operasional di anak usaha",193,27,,penurunan emisi Scope 1 & 2,e,outcome,positive,1.0,metrics|climate-d-s,Shows decrease in emissions due to energy efficiency programs.,outcome,llm_reprocess,outcome,True,False,True,True,True,llm_processing_bg_20260517T055913Z_fec288,"page_0072.md, page_0073.md",environmental-claims,/home/ubuntu/apps/benchmarks/model_download/models/environmental-claims,Local model,no,0.997934,False,climatebert_multi_20260526T074116Z_df720b,0.324
llm_3ff078db6aae,8,4,2026-05-17T06:32:54Z,arcee-ai/trinity-large-thinking:free,tone_few_shot_indonesian.md,ABM_2025_ABMM_SR_2025_pdf/batch_37,ABM_2025_ABMM_SR_2025,True,Rasio Intensitas Emisi,22,3,,intensitas emisi,e,outcome,neutral,,metrics|climate-d-s,Provides emission intensity ratio.,outcome,llm_reprocess,outcome,True,False,True,True,True,llm_processing_bg_20260517T055913Z_fec288,"page_0072.md, page_0073.md",environmental-claims,/home/ubuntu/apps/benchmarks/model_download/models/environmental-claims,Local model,no,0.992792,False,climatebert_multi_20260526T074116Z_df720b,0.047
llm_0245e2ba7c09,8,5,2026-05-17T06:32:54Z,arcee-ai/trinity-large-thinking:free,tone_few_shot_indonesian.md,ABM_2025_ABMM_SR_2025_pdf/batch_37,ABM_2025_ABMM_SR_2025,True,Intensitas Energi dalam Organisasi,34,4,,intensitas energi,e,outcome,neutral,,metrics|climate-d-s,Provides energy intensity within the organization.,outcome,llm_reprocess,outcome,True,False,True,True,True,llm_processing_bg_20260517T055913Z_fec288,"page_0072.md, page_0073.md",environmental-claims,/home/ubuntu/apps/benchmarks/model_download/models/environmental-claims,Local model,no,0.99327,False,climatebert_multi_20260526T074116Z_df720b,0.06
llm_39e24343ece4,8,6,2026-05-17T06:32:54Z,arcee-ai/trinity-large-thinking:free,tone_few_shot_indonesian.md,ABM_2025_ABMM_SR_2025_pdf/batch_37,ABM_2025_ABMM_SR_2025,True,Konsumsi Energi berasal dari Sumber daya Energi Terbarukan,58,8,,konsumsi energi terbarukan,e,outcome,neutral,,metrics|climate-d-s,Reports renewable energy consumption percentage.,outcome,llm_reprocess,outcome,True,False,True,True,True,llm_processing_bg_20260517T055913Z_fec288,"page_0072.md, page_0073.md",environmental-claims,/home/ubuntu/apps/benchmarks/model_download/models/environmental-claims,Local model,no,0.997187,False,climatebert_multi_20260526T074116Z_df720b,0.204
llm_d3629645a3f4,8,7,2026-05-17T06:32:54Z,arcee-ai/trinity-large-thinking:free,tone_few_shot_indonesian.md,ABM_2025_ABMM_SR_2025_pdf/batch_37,ABM_2025_ABMM_SR_2025,True,Konsumsi Air,12,2,,konsumsi air,e,outcome,neutral,,metrics|climate-d-s,Provides water consumption data.,outcome,llm_reprocess,outcome,True,False,True,True,True,llm_processing_bg_20260517T055913Z_fec288,"page_0072.md, page_0073.md",environmental-claims,/home/ubuntu/apps/benchmarks/model_download/models/environmental-claims,Local model,no,0.98734,False,climatebert_multi_20260526T074116Z_df720b,0.14
llm_ff1d5ca715d5,8,8,2026-05-17T06:32:54Z,arcee-ai/trinity-large-thinking:free,tone_few_shot_indonesian.md,ABM_2025_ABMM_SR_2025_pdf/batch_37,ABM_2025_ABMM_SR_2025,True,"Pada tahun 2024, dalam operasional TIA, tidak terdapat spesies yang terdampak secara khusus akibat aktivitas penambangan.",121,16,,dampak penambangan terhadap spesies,e,none,neutral,,environmental-claims|climate-d,States no specific species are impacted by mining activities.,none,llm_reprocess,none,True,False,True,True,True,llm_processing_bg_20260517T055913Z_fec288,"page_0072.md, page_0073.md",environmental-claims,/home/ubuntu/apps/benchmarks/model_download/models/environmental-claims,Local model,no,0.997734,False,climatebert_multi_20260526T074116Z_df720b,0.215
llm_256261b98f4b,8,9,2026-05-17T06:32:54Z,arcee-ai/trinity-large-thinking:free,tone_few_shot_indonesian.md,ABM_2025_ABMM_SR_2025_pdf/batch_37,ABM_2025_ABMM_SR_2025,True,"Kegiatan penambangan telah berlangsung sejak tahun 2009 dan direncanakan berlanjut hingga tahun 2025, sementara upaya pemulihan lingkungan telah dilakukan sejak tahun 2010 dan direncanakan berlanjut hingga tahun 2031.",217,28,,sejarah penambangan,e,commitment,neutral,,climate-f,Mentions mining activities since 2009 and future plans until 2025.,commitment,llm_reprocess,commitment,True,False,True,True,False,llm_processing_bg_20260517T055913Z_fec288,"page_0072.md, page_0073.md",environmental-claims,/home/ubuntu/apps/benchmarks/model_download/models/environmental-claims,Local model,no,0.996328,False,climatebert_multi_20260526T074116Z_df720b,0.352
llm_988decc182c5,8,10,2026-05-17T06:32:54Z,arcee-ai/trinity-large-thinking:free,tone_few_shot_indonesian.md,ABM_2025_ABMM_SR_2025_pdf/batch_37,ABM_2025_ABMM_SR_2025,True,"Dengan karakteristik lahan yang dapat dipulihkan, dampak aktivitas penambangan dinilai bersifat sementara dan dapat direhabilitasi sesuai dengan peruntukan lahan pascatambang.",175,20,,sifat sementara dampak penambangan,e,none,neutral,,environmental-claims|climate-d,Describes mining impact as temporary and recoverable.,none,llm_reprocess,none,True,False,True,True,True,llm_processing_bg_20260517T055913Z_fec288,"page_0072.md, page_0073.md",environmental-claims,/home/ubuntu/apps/benchmarks/model_download/models/environmental-claims,Local model,no,0.995033,False,climatebert_multi_20260526T074116Z_df720b,0.263
llm_5e001ab5a715,8,11,2026-05-17T06:32:54Z,arcee-ai/trinity-large-thinking:free,tone_few_shot_indonesian.md,ABM_2025_ABMM_SR_2025_pdf/batch_37,ABM_2025_ABMM_SR_2025,True,"Sejalan dengan upaya pemulihan tersebut, reklamasi dan revegetasi dilaksanakan menggunakan komposisi tanaman yang lebih beragam, yaitu sekitar 60% tanaman pionir serta 40% tanaman lokal dan Multi Purpose Tree Species (MPTS), sehingga Perusahaan berupaya meningkatkan tingkat keanekaragaman hayati dibandingkan dengan kondisi rona awal yang homogen.",348,44,,reklamasi dan revegetasi untuk keanekaragaman hayati,e,commitment,neutral,,climate-commitment|environmental-claims,Describes reclamation and revegetation efforts to enhance biodiversity.,commitment,llm_reprocess,commitment,True,False,True,True,False,llm_processing_bg_20260517T055913Z_fec288,"page_0072.md, page_0073.md",environmental-claims,/home/ubuntu/apps/benchmarks/model_download/models/environmental-claims,Local model,no,0.997188,False,climatebert_multi_20260526T074116Z_df720b,0.425
llm_603ed90ba06c,8,12,2026-05-17T06:32:54Z,arcee-ai/trinity-large-thinking:free,tone_few_shot_indonesian.md,ABM_2025_ABMM_SR_2025_pdf/batch_37,ABM_2025_ABMM_SR_2025,True,Pengukuran kuantitatif perubahan kondisi biodiversitas secara jangka panjang masih dikembangkan.,96,10,,pengembangan pengukuran biodiversitas,e,commitment,neutral,,climate-f,Indicates long-term biodiversity measurement is under development.,commitment,llm_reprocess,commitment,True,False,True,True,False,llm_processing_bg_20260517T055913Z_fec288,"page_0072.md, page_0073.md",environmental-claims,/home/ubuntu/apps/benchmarks/model_download/models/environmental-claims,Local model,no,0.995334,False,climatebert_multi_20260526T074116Z_df720b,0.176
llm_f57945fd008c,8,13,2026-05-17T06:32:54Z,arcee-ai/trinity-large-thinking:free,tone_few_shot_indonesian.md,ABM_2025_ABMM_SR_2025_pdf/batch_37,ABM_2025_ABMM_SR_2025,True,"Wilayah Izin Usaha Pertambangan (WIUP) TIA memiliki luas 3.085 hektare dan berada di kawasan Hutan Produksi, dengan Persetujuan Penggunaan Kawasan Hutan (PPKH) seluas 1.745,1 hektare yang seluruhnya berada dalam area IUP.",221,31,,luas WIUP,e,outcome,neutral,,metrics|climate-d-s,Provides details on mining license area.,outcome,llm_reprocess,outcome,True,False,True,True,True,llm_processing_bg_20260517T055913Z_fec288,"page_0072.md, page_0073.md",environmental-claims,/home/ubuntu/apps/benchmarks/model_download/models/environmental-claims,Local model,no,0.997261,False,climatebert_multi_20260526T074116Z_df720b,0.314
llm_bc8f3db3b1f7,8,14,2026-05-17T06:32:54Z,arcee-ai/trinity-large-thinking:free,tone_few_shot_indonesian.md,ABM_2025_ABMM_SR_2025_pdf/batch_37,ABM_2025_ABMM_SR_2025,True,"Sejak memulai kegiatan operasional pada tahun 2009, Perseroan telah melakukan pembukaan lahan seluas 1.654,65 hektare sebagai bagian dari aktivitas pertambangan.",161,20,,pembukaan lahan,e,outcome,neutral,,metrics|climate-d-s,Reports land clearing for mining activities.,outcome,llm_reprocess,outcome,True,False,True,True,True,llm_processing_bg_20260517T055913Z_fec288,"page_0072.md, page_0073.md",environmental-claims,/home/ubuntu/apps/benchmarks/model_download/models/environmental-claims,Local model,no,0.996653,False,climatebert_multi_20260526T074116Z_df720b,0.253
llm_0e4d1cb65bd1,8,15,2026-05-17T06:32:54Z,arcee-ai/trinity-large-thinking:free,tone_few_shot_indonesian.md,ABM_2025_ABMM_SR_2025_pdf/batch_37,ABM_2025_ABMM_SR_2025,True,"Total bukaan lahan yang telah direklamasi TIA hingga saat ini adalah 901,26 hektare.",84,13,,luas lahan direklamasi,e,outcome,neutral,,metrics|climate-d-s,Reports total reclaimed land area.,outcome,llm_reprocess,outcome,True,False,True,True,True,llm_processing_bg_20260517T055913Z_fec288,"page_0072.md, page_0073.md",environmental-claims,/home/ubuntu/apps/benchmarks/model_download/models/environmental-claims,Local model,no,0.998177,False,climatebert_multi_20260526T074116Z_df720b,0.151
llm_1858ec76033d,8,16,2026-05-17T06:32:54Z,arcee-ai/trinity-large-thinking:free,tone_few_shot_indonesian.md,ABM_2025_ABMM_SR_2025_pdf/batch_37,ABM_2025_ABMM_SR_2025,True,"Dalam pemenuhan kewajiban rehabilitasi Daerah Aliran Sungai (DAS), hingga periode 2024–2025 Perseroan telah merealisasikan rehabilitasi seluas 1.745,10 hektare atau setara dengan 100% dari kewajiban yang ditetapkan.",215,26,,rehabilitasi DAS,e,outcome,positive,1.0,metrics|climate-d-s,Reports 100% fulfillment of watershed rehabilitation obligation.,outcome,llm_reprocess,outcome,True,False,True,True,True,llm_processing_bg_20260517T055913Z_fec288,"page_0072.md, page_0073.md",environmental-claims,/home/ubuntu/apps/benchmarks/model_download/models/environmental-claims,Local model,no,0.997799,False,climatebert_multi_20260526T074116Z_df720b,0.244
llm_2f48691fad8e,8,17,2026-05-17T06:32:54Z,arcee-ai/trinity-large-thinking:free,tone_few_shot_indonesian.md,ABM_2025_ABMM_SR_2025_pdf/batch_37,ABM_2025_ABMM_SR_2025,True,"Namun demikian, masih terdapat sekitar 290,54 hektare yang dalam tahap pengelolaan dan belum memasuki proses penyerahan kepada otoritas terkait.",144,19,,lahan dalam pengelolaan,e,none,negative,-1.0,risk|climate-d,Indicates area still in management and not yet handed over.,none,llm_reprocess,none,True,False,True,True,True,llm_processing_bg_20260517T055913Z_fec288,"page_0072.md, page_0073.md",environmental-claims,/home/ubuntu/apps/benchmarks/model_download/models/environmental-claims,Local model,no,0.995896,False,climatebert_multi_20260526T074116Z_df720b,0.214
llm_240bfffb06e1,8,18,2026-05-17T06:32:54Z,arcee-ai/trinity-large-thinking:free,tone_few_shot_indonesian.md,ABM_2025_ABMM_SR_2025_pdf/batch_37,ABM_2025_ABMM_SR_2025,True,"Sementara itu, capaian reklamasi pada tahun 2025 belum menunjukkan penambahan luasan dibandingkan periode sebelumnya.",117,14,,capaian reklamasi 2025,e,none,negative,-1.0,risk|climate-d,Reports no increase in reclamation area for 2025 due to delays.,none,llm_reprocess,none,True,False,True,True,True,llm_processing_bg_20260517T055913Z_fec288,"page_0072.md, page_0073.md",environmental-claims,/home/ubuntu/apps/benchmarks/model_download/models/environmental-claims,Local model,no,0.996799,False,climatebert_multi_20260526T074116Z_df720b,0.175
llm_3c6d5146aa4d,8,19,2026-05-17T06:32:54Z,arcee-ai/trinity-large-thinking:free,tone_few_shot_indonesian.md,ABM_2025_ABMM_SR_2025_pdf/batch_37,ABM_2025_ABMM_SR_2025,True,"Terdapat sekitar 9 hektare yang belum dapat direalisasikan sesuai rencana akibat keterlambatan kegiatan disposal, sehingga pelaksanaan reklamasi mengalami penyesuaian jadwal.",174,20,,keterlambatan reklamasi,e,none,negative,-1.0,risk|climate-d,Reports delay in reclamation due to disposal activities.,none,llm_reprocess,none,True,False,True,True,True,llm_processing_bg_20260517T055913Z_fec288,"page_0072.md, page_0073.md",environmental-claims,/home/ubuntu/apps/benchmarks/model_download/models/environmental-claims,Local model,no,0.996831,False,climatebert_multi_20260526T074116Z_df720b,0.429
llm_c90aed3fc513,8,20,2026-05-17T06:32:54Z,arcee-ai/trinity-large-thinking:free,tone_few_shot_indonesian.md,ABM_2025_ABMM_SR_2025_pdf/batch_37,ABM_2025_ABMM_SR_2025,True,Perseroan terus melakukan perencanaan dan koordinasi untuk memastikan kewajiban reklamasi dapat dipenuhi secara bertahap sesuai ketentuan yang berlaku.,151,18,,perencanaan reklamasi,e,commitment,neutral,,climate-commitment,States company's planning and coordination to fulfill reclamation obligations.,commitment,llm_reprocess,commitment,True,False,True,True,False,llm_processing_bg_20260517T055913Z_fec288,"page_0072.md, page_0073.md",environmental-claims,/home/ubuntu/apps/benchmarks/model_download/models/environmental-claims,Local model,no,0.995172,False,climatebert_multi_20260526T074116Z_df720b,0.247
llm_39c2e999acf9,9,0,2026-05-17T06:33:00Z,arcee-ai/trinity-large-thinking:free,tone_zero_shot_indonesian.md,superbank_laporan-keberlanjutan-2025_pdf/batch_8,superbank_laporan-keberlanjutan-2025,True,"Laporan Keberlanjutan PT Super Bank Indonesia Tbk (selanjutnya disebut sebagai ""Superbank"", ""Bank"" atau ""Kami"") mencerminkan perjalanan keberlanjutan kami yang terus berkembang.",177,21,,sustainability journey,g,none,neutral,,governance,"The segment describes the sustainability report, reflecting the bank's sustainability journey, which is part of governance.",none,llm_reprocess,none,True,False,False,False,False,llm_processing_bg_20260517T060429Z_fe6718,"page_0014.md, page_0015.md",environmental-claims,/home/ubuntu/apps/benchmarks/model_download/models/environmental-claims,Local model,no,0.996673,False,climatebert_multi_20260526T074116Z_df720b,0.25
llm_676332bf0e64,9,1,2026-05-17T06:33:00Z,arcee-ai/trinity-large-thinking:free,tone_zero_shot_indonesian.md,superbank_laporan-keberlanjutan-2025_pdf/batch_8,superbank_laporan-keberlanjutan-2025,True,"Setelah satu tahun penuh kemajuan bertahap yang berfokus pada peningkatan kapasitas, kami dengan bangga membagikan perkembangan terbaru kepada para pemangku kepentingan.",169,21,,sharing progress with stakeholders,g,none,positive,1.0,governance,"The bank proudly shares its progress, indicating a positive sentiment towards its sustainability efforts.",none,llm_reprocess,none,True,False,False,False,False,llm_processing_bg_20260517T060429Z_fe6718,"page_0014.md, page_0015.md",environmental-claims,/home/ubuntu/apps/benchmarks/model_download/models/environmental-claims,Local model,no,0.995474,False,climatebert_multi_20260526T074116Z_df720b,0.199
llm_3784be874f48,9,2,2026-05-17T06:33:00Z,arcee-ai/trinity-large-thinking:free,tone_zero_shot_indonesian.md,superbank_laporan-keberlanjutan-2025_pdf/batch_8,superbank_laporan-keberlanjutan-2025,True,"Disusun agar jelas, mudah diakses, dan mudah dipahami, laporan ini mengacu pada penilaian materialitas yang telah kami tinjau dan validasi secara lebih komprehensif pada tahun 2025, yang menjadi landasan kinerja Lingkungan, Sosial, dan Tata Kelola (Environment, Social, and Governance) atau ESGI kami.",301,42,,report based on materiality assessment,g,none,neutral,,governance,"The report is prepared based on materiality assessment, serving as a foundation for ESG performance, which is a governance activity.",none,llm_reprocess,none,True,False,False,False,False,llm_processing_bg_20260517T060429Z_fe6718,"page_0014.md, page_0015.md",environmental-claims,/home/ubuntu/apps/benchmarks/model_download/models/environmental-claims,Local model,no,0.997609,False,climatebert_multi_20260526T074116Z_df720b,0.356
llm_91bd9a716191,9,3,2026-05-17T06:33:00Z,arcee-ai/trinity-large-thinking:free,tone_zero_shot_indonesian.md,superbank_laporan-keberlanjutan-2025_pdf/batch_8,superbank_laporan-keberlanjutan-2025,True,"Dalam laporan ini, istilah ""Keberlanjutan"" dan ""ESG"" digunakan secara bergantian.",81,10,,terminology explanation,none,none,none,,none,"This segment explains the interchangeable use of terms, not discussing specific ESG aspects.",none,llm_reprocess,none,True,False,False,False,False,llm_processing_bg_20260517T060429Z_fe6718,"page_0014.md, page_0015.md",environmental-claims,/home/ubuntu/apps/benchmarks/model_download/models/environmental-claims,Local model,no,0.997974,False,climatebert_multi_20260526T074116Z_df720b,0.154
llm_5a7dc9c0b81c,9,4,2026-05-17T06:33:00Z,arcee-ai/trinity-large-thinking:free,tone_zero_shot_indonesian.md,superbank_laporan-keberlanjutan-2025_pdf/batch_8,superbank_laporan-keberlanjutan-2025,True,"Laporan ini mencakup periode 1 Januari hingga 31 Desember 2025 dan menguraikan pendekatan strategis, inisiatif utama, serta pencapaian Superbank dalam menjalankan operasionalnya di seluruh Indonesia.",199,25,,reporting period and strategic approach,g,none,neutral,,governance,"The segment states the reporting period and strategic approach, which is part of governance disclosure.",none,llm_reprocess,none,True,False,False,False,False,llm_processing_bg_20260517T060429Z_fe6718,"page_0014.md, page_0015.md",environmental-claims,/home/ubuntu/apps/benchmarks/model_download/models/environmental-claims,Local model,no,0.997331,False,climatebert_multi_20260526T074116Z_df720b,0.273
llm_ceb2a79cee66,10,0,2026-05-17T06:33:23Z,arcee-ai/trinity-large-thinking:free,tone_chain_of_thought_indonesian.md,ABM_2025_ABMM_SR_2025_pdf/batch_32,ABM_2025_ABMM_SR_2025,True,"10.618.329,24 GJ Konsumsi energi total dalam organisasi Total energy consumption within the organization 54.898,56 TON CO₂EQ Total pengurangan emisi dengan menggunakan metodologi MSLI 009 pada Sistem Registri Nasional (SRN). Total Emissions reduction using the MSLI 009 methodology in the National Registry System (SRN). 7,5% (230,27 TON) Limbah B3 yang telah didaur ulang Hazardous waste that has been recycled 12.167,93 TON CO₂EQ Total emisi (Cakupan 1 & 2) pada tahun 2025 menunjukkan penurunan dibandingkan dengan tahun 2024, sejalan dengan implementasi program efisiensi energi dan optimalisasi operasional di anak usaha Total emissions (Scope 1 & 2) in 2025 are showing a decrease compared to 2024, in line with the implementation of energy efficiency programs and operational optimization at subsidiaries 0,000017 TON CO₂-EQ/US$ Rasio Intensitas Emisi Emission Intensity Ratio 0,0102 GJ/US$ Intensitas Energi dalam Organisasi Energy Intensity Within The Organization 39,9% Konsumsi Energi berasal dari Sumber daya Energi Terbarukan Energy Consumption from Renewable Sources 458,72 MEGALITER Konsumsi Air Water Consumption",1128,157,,Environmental Performance,e,outcome,positive,1.0,metrics|climate-d|climate-specificity|netzero-reduction|environmental-claims|climate-sentiment,"The highlights present quantitative outcomes such as total energy consumption, emissions reduction, and water usage, indicating positive environmental performance with specific metrics and reduction targets.",outcome,llm_reprocess,outcome,True,False,True,True,True,llm_processing_bg_20260517T055949Z_be56e2,"page_0062.md, page_0063.md",environmental-claims,/home/ubuntu/apps/benchmarks/model_download/models/environmental-claims,Local model,no,0.997438,False,climatebert_multi_20260526T074116Z_df720b,0.484
llm_2dc2e9896de6,10,1,2026-05-17T06:33:23Z,arcee-ai/trinity-large-thinking:free,tone_chain_of_thought_indonesian.md,ABM_2025_ABMM_SR_2025_pdf/batch_32,ABM_2025_ABMM_SR_2025,True,"Pemanfaatan Energi Surya di Entitas Lain Grup ABM Sebagai bagian dari diversifikasi energi, Grup ABM memanfaatkan energi surya untuk menurunkan konsumsi energi berbasis bahan bakar fosil dan listrik konvensional. CK mengoperasikan Pembangkit Listrik Tenaga Surya (PLTS) off-grid dengan sistem Containerized Battery Energy Storage System (CBESS) di site CK KIM, Provinsi Jambi, dengan kapasitas 638 kWp dan baterai 1 MWh, yang digunakan untuk memenuhi kebutuhan listrik fasilitas tambang seperti kantor, mess, klinik, dan masjid, sehingga mengurangi penggunaan genset berbahan bakar solar. Inisiatif pemanfaatan energi surya juga diterapkan oleh SSB di Plant Cikupa serta CKB di Samarinda. Di Plant Cikupa, sistem Solar PV yang mulai beroperasi pada Agustus 2025 hingga Desember 2025 telah menghasilkan listrik sebesar 135,37 MWh, setara dengan 17,69% dari total konsumsi listrik plant sebesar 765,04 MWh pada periode tersebut. Pemanfaatan energi surya ini memberikan efisiensi biaya dengan perbandingan tarif listrik PLN sebesar Rp 1.035,76 per kWh dan tarif Solar PV sebesar Rp 828,61 per kWh, sehingga menghasilkan penghematan biaya sebesar Rp 28.041.895,5 selama periode Agustus–Desember 2025. Selain manfaat ekonomi, penggunaan Solar PV di Plant Cikupa juga memberikan manfaat lingkungan, antara lain penghematan batu bara standar sebesar 62,033 ton, penghindaran emisi CO₂ sebesar 73,664 ton, serta setara dengan penanaman 101 pohon. Implementasi ini berkontribusi pada penurunan konsumsi energi listrik dari jaringan dan pengurangan emisi GRK Cakupan 2 di lingkungan operasional Grup ABM.",1594,222,,Renewable Energy Initiative,e,action,positive,1.0,climate-detection|climate-d|climate-d-s|climate-specificity|netzero-reduction|metrics|climate-sentiment|environmental-claims,"ABM Group's action to utilize solar energy is described with specific details on capacity, generation, cost savings, and environmental benefits such as reduced emissions and coal conservation, demonstrating a proactive approach to sustainability.",action,llm_reprocess,action,True,False,True,True,True,llm_processing_bg_20260517T055949Z_be56e2,"page_0062.md, page_0063.md",environmental-claims,/home/ubuntu/apps/benchmarks/model_download/models/environmental-claims,Local model,no,0.99766,False,climatebert_multi_20260526T074116Z_df720b,0.608
llm_13d03e62b9d6,10,2,2026-05-17T06:33:23Z,arcee-ai/trinity-large-thinking:free,tone_chain_of_thought_indonesian.md,ABM_2025_ABMM_SR_2025_pdf/batch_32,ABM_2025_ABMM_SR_2025,True,"Pengurangan Emisi di Grup ABM [SEOJK F. 12][GRI 305-5] Emission Reduction at ABM Group 54.898,56 ton CO₂eq berasal dari sektor limbah sebesar 41.171 ton CO₂e yang bersumber dari POME, serta sektor energi sebesar 13.727 ton CO₂e yang berasal dari pembangkit Listrik dengan menggunakan metodologi MSLI 009 pada Sistem Registri Nasional (SRN). from the waste sector, amounting to 41,171 tons of CO₂e from POME, and from the energy sector, amounting to 13,727 tons of CO₂e from power plants, using the MSLI 009 methodology in the National Registry System (SRN).",557,88,,Emission Reduction,e,outcome,positive,1.0,climate-detection|climate-d|climate-d-s|climate-specificity|netzero-reduction|metrics|climate-sentiment|environmental-claims,"The text states the total emissions reduction achieved, with specific figures from waste and energy sectors, showing successful implementation of emission management strategies.",outcome,llm_reprocess,outcome,True,False,True,True,True,llm_processing_bg_20260517T055949Z_be56e2,"page_0062.md, page_0063.md",environmental-claims,/home/ubuntu/apps/benchmarks/model_download/models/environmental-claims,Local model,no,0.996671,False,climatebert_multi_20260526T074116Z_df720b,0.89
llm_cfb1bc0f7919,10,3,2026-05-17T06:33:23Z,arcee-ai/trinity-large-thinking:free,tone_chain_of_thought_indonesian.md,ABM_2025_ABMM_SR_2025_pdf/batch_32,ABM_2025_ABMM_SR_2025,True,"Pengelolaan Sumber Daya Alam dan Lingkungan Management Of The Environment And Natural Resources Penggunaan Air The availability and quality of water are essential aspects of ABM's operational sustainability, both in supporting production activities and other supporting activities. Consequently, water usage is managed responsibly to ensure that operational demands are fulfilled without disrupting the availability of clean water for the surrounding community, while also ensuring the maintenance of water quality upon its return to the environment. Water management is implemented through policies and procedures applicable across all business entities, with the HSE function designated as the main responsible party for monitoring and compliance with regulatory standards. [GRI 303-1] [SEOJK F.8] [NDAQ E6] ABM utilizes various water sources, including groundwater, surface water from rivers and ponds, rainwater, and third-party water supplies. All water usage is conducted based on valid permits from the local government, including the Water Usage Permit (SIPA). The use of surface water is limited to activities such as unit cleaning, road watering, and basic operational needs, with strict supervision to maintain the continuous availability of clean water in the surrounding operational area. [GRI 303-3] [SEOJK F.8] [NDAQ E6]",1335,189,,Water Management,e,action,neutral,,environmental-claims|governance|climate-d,"The text outlines ABM's water usage management, including sources, permits, and supervision by HSE, which is a standard operational procedure without explicit evaluation of success or failure.",action,llm_reprocess,action,True,False,True,True,True,llm_processing_bg_20260517T055949Z_be56e2,"page_0062.md, page_0063.md",environmental-claims,/home/ubuntu/apps/benchmarks/model_download/models/environmental-claims,Local model,no,0.982004,False,climatebert_multi_20260526T074116Z_df720b,0.345
llm_b9d8bc2f19f5,11,0,2026-05-17T06:33:24Z,arcee-ai/trinity-large-thinking:free,tone_zero_shot_indonesian.md,ABM_2025_ABMM_SR_2025_pdf/batch_30,ABM_2025_ABMM_SR_2025,True,"Emisi GRK | GHG Emissions [GRI 305-1] [GRI 305-2] [GRI 305-3] [GRI 305-4] [SEOJK F.11] [SEOJK F.12] | Total Emisi Gas Rumah Kaca (Cakupan 1, 2, dan 3) Total GHG Emissions (Scope 1 & 2) | tCO2eq | 101.488,09 | 37.898,71 | 12.187,93 | Catatan: Data emisi cakupan 3 perjalanan dinas pada tahun 2025 masih dalam proses pengumpulan.",327,58,,GHG emissions,e,outcome,neutral,,metrics|climate-detection,"The segment presents total GHG emissions data for 2023, 2024, and 2025, showing a decrease from 2023 to 2025, with Scope 3 business travel emissions data for 2025 still being collected.",outcome,llm_reprocess,outcome,True,False,True,True,True,llm_processing_bg_20260517T055935Z_952657,"page_0058.md, page_0059.md",environmental-claims,/home/ubuntu/apps/benchmarks/model_download/models/environmental-claims,Local model,no,0.998836,False,climatebert_multi_20260526T074116Z_df720b,0.449
llm_e8b27edf8463,11,1,2026-05-17T06:33:24Z,arcee-ai/trinity-large-thinking:free,tone_zero_shot_indonesian.md,ABM_2025_ABMM_SR_2025_pdf/batch_30,ABM_2025_ABMM_SR_2025,True,"# Emisi Udara yang Signifikan [GRI 305-7] | Lokasi Tambang Mine Location | Kadar Emisi Nitrogen Dioksida (NO_x) Nitrogen Dioxide (NO_x) Emission Levels | <200 | mg/Nm^3 | 161 | 161 | 4,77 | Kadar Emisi Karbon Monoksida (CO) Carbon Monoxide (CO) Emission Levels | <10.000 | mg/Nm^3 | 1.199 | 1.199 | 35,54 | Lokasi Pelabuhan Port Location | Kadar Emisi Nitrogen Dioksida (NO_x) | <200 | mg/Nm^3 | 146 | 147 | 11,2 | Kadar Emisi Karbon Monoksida (CO) | <10.000 | mg/Nm^3 | 58,46 | 72 | 30,9 | Lokasi Penunjang Facilities Location | Kadar Emisi Nitrogen Dioksida (NO_x) | <200 | mg/Nm^3 | 162 | 162 | Tidak diukur Not measured* | Kadar Emisi Karbon Monoksida (CO) | <10.000 | mg/Nm^3 | 1.202 | 1.202 | Tidak diukur Not measured* | *Catatan: Kualitas udara diambil sampel di titik dengan potensi pencemaran tertinggi *Note: Air quality sample taken in the most vulnerable spot",872,156,,significant air emissions,e,outcome,neutral,,metrics|climate-detection,"The segment presents data on nitrogen dioxide and carbon monoxide emission levels at mine, port, and facility locations, compared to quality standards, with some measurements not taken in 2025.",outcome,llm_reprocess,outcome,True,False,True,True,True,llm_processing_bg_20260517T055935Z_952657,"page_0058.md, page_0059.md",environmental-claims,/home/ubuntu/apps/benchmarks/model_download/models/environmental-claims,Local model,no,0.998092,False,climatebert_multi_20260526T074116Z_df720b,0.787
llm_5fb81f60502c,11,2,2026-05-17T06:33:24Z,arcee-ai/trinity-large-thinking:free,tone_zero_shot_indonesian.md,ABM_2025_ABMM_SR_2025_pdf/batch_30,ABM_2025_ABMM_SR_2025,True,"Sebagai bagian dari strategi mitigasi perubahan iklim, ABM secara konsisten menerapkan berbagai inisiatif yang berfokus pada reduksi emisi Gas Rumah Kaca dan pengurangan konsumsi energi di seluruh entitas usaha. Pendekatan ini mencakup pemanfaatan energi terbarukan, peningkatan efisiensi energi, optimalisasi operasional, serta transisi penggunaan bahan bakar dan teknologi yang lebih ramah lingkungan. Inisiatif-inisiatif tersebut dirancang untuk menurunkan intensitas emisi secara bertahap, sekaligus mengendalikan konsumsi energi dan biaya operasional dalam jangka menengah hingga panjang.",593,72,,climate change mitigation and energy efficiency,e,action,neutral,,climate-commitment|action|strategy,"ABM is consistently implementing initiatives for GHG emission reduction and energy consumption decrease, including renewable energy utilization, energy efficiency improvement, operational optimization, and transition to environmentally friendly technologies.",action,llm_reprocess,action,True,False,True,True,False,llm_processing_bg_20260517T055935Z_952657,"page_0058.md, page_0059.md",environmental-claims,/home/ubuntu/apps/benchmarks/model_download/models/environmental-claims,Local model,no,0.997589,False,climatebert_multi_20260526T074116Z_df720b,0.566
llm_745cc77cd6c3,11,3,2026-05-17T06:33:24Z,arcee-ai/trinity-large-thinking:free,tone_zero_shot_indonesian.md,ABM_2025_ABMM_SR_2025_pdf/batch_30,ABM_2025_ABMM_SR_2025,True,"Sebagai wujud nyata komitmen CK DMP dalam meningkatkan efisiensi energi sekaligus mendukung transisi menuju sumber energi yang lebih bersih, CK DMP mengimplementasikan Pembangkit Listrik Tenaga Surya (PLTS) skala kecil dengan kapasitas terpasang 200 Wattpeak (Wp) di area parkir Light Vehicle (LV). Instalasi yang mulai beroperasi sejak Juni 2025 ini dirancang sebagai proyek percontohan yang memanfaatkan ruang terbuka secara optimal sekaligus mengurangi ketergantungan pada pasokan listrik konvensional. Dalam operasionalnya, sistem PLTS tersebut berfungsi secara stabil dengan rata-rata waktu operasi sekitar 10 jam per hari dan mampu menghasilkan energi sebesar 1,5–2,0 kWh per hari, bergantung pada intensitas radiasi matahari dan kondisi cuaca. Selama delapan bulan pertama pengoperasian (Juni 2025 – Februari 2026), energi yang dihasilkan telah dimanfaatkan untuk memenuhi kebutuhan listrik pendukung di area parkir, khususnya untuk penerangan LED, sehingga membantu menekan konsumsi listrik dari sumber non-terbarukan. Melengkapi inisiatif tersebut, CK DMP juga menambah kapasitas panel surya untuk Penerangan Jalan Umum (PJU) di area operasional. Langkah ini tidak hanya mengurangi penggunaan solar pada lighting tower, tetapi juga mencerminkan upaya berkelanjutan CK DMP dalam memperluas pemanfaatan energi terbarukan di tingkat site. Melalui pengembangan bertahap ini, CK DMP berkontribusi dalam menurunkan jejak energi fosil, memperkuat ketahanan energi operasional, serta mendukung agenda keberlanjutan ABM secara keseluruhan.",1539,201,,solar power project implementation,e,outcome,positive,1.0,climate-action|metrics|climate-specificity,"CK DMP implemented a solar power plant project that has generated energy and reduced non-renewable electricity consumption, lowering fossil energy footprint and supporting operational energy resilience.",outcome,llm_reprocess,outcome,True,False,True,True,False,llm_processing_bg_20260517T055935Z_952657,"page_0058.md, page_0059.md",environmental-claims,/home/ubuntu/apps/benchmarks/model_download/models/environmental-claims,Local model,no,0.997897,False,climatebert_multi_20260526T074116Z_df720b,0.841
llm_f62751df6de2,12,0,2026-05-17T06:33:31Z,arcee-ai/trinity-large-thinking:free,tone_chain_of_thought_indonesian.md,waskita_karya_SR2025_pdf/batch_39,waskita_karya_SR2025,True,"PT Waskita Karya (Persero) Tbk berkomitmen kuat untuk melanjutkan agenda transformasi bisnis yang telah dijalankan pada tahun-tahun sebelumnya, sekaligus memperkuat fondasi keberlanjutan melalui pembangunan ekosistem usaha yang terintegrasi, adaptif, dan bernilai jangka panjang.",279,33,,G,g,commitment,neutral,,governance|strategy,"Teks menyatakan komitmen untuk melanjutkan transformasi bisnis dan memperkuat fondasi keberlanjutan, yang merupakan pernyataan ke depan tanpa evaluasi spesifik.",commitment,llm_reprocess,commitment,True,False,True,False,False,llm_processing_bg_20260517T055040Z_a2f70f,"page_0076.md, page_0077.md",environmental-claims,/home/ubuntu/apps/benchmarks/model_download/models/environmental-claims,Local model,no,0.997248,False,climatebert_multi_20260526T074116Z_df720b,0.47
llm_3f16619de53f,12,1,2026-05-17T06:33:31Z,arcee-ai/trinity-large-thinking:free,tone_chain_of_thought_indonesian.md,waskita_karya_SR2025_pdf/batch_39,waskita_karya_SR2025,True,Restrukturisasi dan transformasi adalah langkah strategis yang penting bagi Perusahaan dalam mencapai tujuan jangka panjang yang berkelanjutan.,143,17,,G,g,action,neutral,,strategy|risk|opportunity,"Teks menggambarkan restrukturisasi dan transformasi sebagai langkah strategis untuk tujuan berkelanjutan, melibatkan kolaborasi pemangku kepentingan, menunjukkan manajemen risiko dan peluang.",action,llm_reprocess,action,True,False,False,False,False,llm_processing_bg_20260517T055040Z_a2f70f,"page_0076.md, page_0077.md",environmental-claims,/home/ubuntu/apps/benchmarks/model_download/models/environmental-claims,Local model,no,0.997143,False,climatebert_multi_20260526T074116Z_df720b,0.237
llm_05687262d6d9,12,2,2026-05-17T06:33:31Z,arcee-ai/trinity-large-thinking:free,tone_chain_of_thought_indonesian.md,waskita_karya_SR2025_pdf/batch_39,waskita_karya_SR2025,True,"Untuk dapat mewujudkan keberlanjutan, pada tahun 2023 Waskita mendorong solidaritas sebagai prinsip naluriah yang harus dimiliki, baik oleh Perusahaan maupun oleh seluruh Insan Waskita.",185,24,,S,s,commitment,neutral,,governance|strategy|social,"Teks menekankan solidaritas sebagai prinsip untuk keberlanjutan, menyoroti aspek sosial dan komitmen tata kelola.",commitment,llm_reprocess,commitment,True,False,True,False,False,llm_processing_bg_20260517T055040Z_a2f70f,"page_0076.md, page_0077.md",environmental-claims,/home/ubuntu/apps/benchmarks/model_download/models/environmental-claims,Local model,no,0.997042,False,climatebert_multi_20260526T074116Z_df720b,0.351
llm_66cc74dd8826,12,3,2026-05-17T06:33:31Z,arcee-ai/trinity-large-thinking:free,tone_chain_of_thought_indonesian.md,waskita_karya_SR2025_pdf/batch_39,waskita_karya_SR2025,True,"Heru Winarke*** Komisaris Utama/Independent / President Commissioner/Independent Commissioner | 63 | Laki-laki / Male | S1 Hukum / Bachelor of Laws, S2 Hukum / Master of Laws | • Komisaris Utama/Independent PT Waskita Karya (Persero) Tbk (2022-2025) / President Commissioner/Independent of PT Waskita Karya (Persero) Tbk (2022 - 2025); • Komisaris Independen PT Perusahaan Listrik Negara (Persero) (2021-2022) / Independent Commissioner of PT Perusahaan Listrik Negara (Persero) (2021 - 2022); • Kepala Badan Narkotika Nasional (BNN) (2018-2020) / Head of the National Narcotics Agency (BNN) (2018 - 2020) • Deputi Penindakan Komisi Pemberantasan Korupsi (KPK) (2015-2018) / Deputy for Enforcement, Corruption Eradication Commission (KPK) (2015 - 2018); • Staf Khusus Kementerian Koordinator Bidang Politik, Hukum dan Keamanan (Kemenko Polhukam) RI (2015-2015) / Special Staff of the Coordinating Ministry for Political, Legal, and Security Affairs (Kemenko Polhukam) of the Republic of Indonesia (2015); • Kapolda Lampung (2011-2012) / Regional Police Chief of Lampung (2011 - 2012); • Asisten Deputi 4/V Kamnas Kemenko Polhukam RI (2010-2010) / Assistant Deputy 4/V for National Security, Kemenko Polhukam (2010); • Wakil Direktur III/Tipikor Bareskrim POLRI (2010-2010) / Deputy Director III/Corruption, Directorate of General Crimes, Indonesian National Police (POLRI) (2010); • Wakil Direktur II/Eksus Bareskrim POLRI (2009-2010) / Deputy Director II/Special Crimes, Directorate of General Crimes, Indonesian National Police (POLRI) (2009 - 2010); • Penyu TK II Dit II/Eksus Bareskrim POLRI (2009-2009) / Investigator Grade II, Directorate II/Special Crimes, Indonesian National Police (POLRI) (2009); • Kapolres Metro / Regional Police Chief (Metro)",1755,246,,G,g,none,neutral,,governance,"Teks menyediakan informasi profil anggota dewan komisaris, yang merupakan aspek tata kelola murni tanpa evaluasi atau sentimen.",none,llm_reprocess,none,True,False,False,False,False,llm_processing_bg_20260517T055040Z_a2f70f,"page_0076.md, page_0077.md",environmental-claims,/home/ubuntu/apps/benchmarks/model_download/models/environmental-claims,Local model,no,0.99823,False,climatebert_multi_20260526T074116Z_df720b,0.534
llm_a29028fcfa58,12,4,2026-05-17T06:33:31Z,arcee-ai/trinity-large-thinking:free,tone_chain_of_thought_indonesian.md,waskita_karya_SR2025_pdf/batch_39,waskita_karya_SR2025,True,"Di tahun 2022 Waskita Karya telah berhasil melewati sejumlah tantangan dengan pencapaian yang positif sesuai dengan target jangka pendek dan jangka panjang, sekaligus telah menjalankan komitmennya untuk turut berperan dalam kemajuan pembangunan infrastruktur tanah air. Dalam rangka mendukung kelangsungan bisnisnya, Waskita telah menyusun 8 (delapan) stream penyebatan keuangan. Hal ini merupakan upaya Perusahaan agar dapat memenuhi pencapaian kinerja keberlanjutan, yang diimplementasikan antara lain melalui transformasi bisnis Perusahaan. Melalui penyebatan keuangan tersebut, Waskita berharap dapat melakukan optimasi serta meningkatkan efisiensi biaya, yang akhirnya membantu Waskita dalam meningkatkan daya saing dan meraih keunggulan. Di samping itu, dengan pencapaian tersebut, Waskita dapat terus menjaga sinergi budaya dan lingkungan.",846,105,,E,e,outcome,positive,1.0,strategy|risk|environmental-claims|outcome,"Teks melaporkan pencapaian positif tahun 2022 dalam kinerja keberlanjutan, termasuk sinergi lingkungan, dengan optimasi dan efisiensi biaya, menunjukkan hasil terukur dan sentimen positif.",outcome,llm_reprocess,outcome,True,False,False,True,False,llm_processing_bg_20260517T055040Z_a2f70f,"page_0076.md, page_0077.md",environmental-claims,/home/ubuntu/apps/benchmarks/model_download/models/environmental-claims,Local model,no,0.997373,False,climatebert_multi_20260526T074116Z_df720b,0.571
llm_5363cbeb2867,12,5,2026-05-17T06:33:31Z,arcee-ai/trinity-large-thinking:free,tone_chain_of_thought_indonesian.md,waskita_karya_SR2025_pdf/batch_39,waskita_karya_SR2025,True,"Selama tahun 2021, seiring transformasi bisnis yang dilakukan, Waskita Karya terus melanjutkan pencapaian kinerja keberlanjutan meliputi aspek ekonomi, lingkungan, serta sosial, sebagai wujud kontribusi kepada bangsa dan negara. Kinerja keberlanjutan Waskita tahun 2021 berfokus pada pemenuhan distribusi nilai ekonomi, pengurangan dampak buruk operasi terhadap lingkungan, serta pelaksanaan kegiatan pemberdayaan masyarakat melalui program Tanggung Jawab Sosial dan Lingkungan (TJSL). Atas pencapaian yang telah tercapai, pertumbuhan bisnis ke depan akan tercapai secara lebih kuat, menuju kontribusi maksimal dan berkelanjutan pada jangka panjang.",649,80,,"E,S,G",e,outcome,positive,1.0,metrics|environmental-claims|social|outcome,"Teks mendetailkan kinerja keberlanjutan 2021 di aspek ekonomi, lingkungan, dan sosial, dengan program pemberdayaan masyarakat, menunjukkan hasil positif dan kontribusi jangka panjang.",outcome,llm_reprocess,outcome,True,False,False,True,False,llm_processing_bg_20260517T055040Z_a2f70f,"page_0076.md, page_0077.md",environmental-claims,/home/ubuntu/apps/benchmarks/model_download/models/environmental-claims,Local model,no,0.997608,False,climatebert_multi_20260526T074116Z_df720b,0.624
llm_34ba1290fa53,13,0,2026-05-17T06:33:32Z,arcee-ai/trinity-large-thinking:free,tone_chain_of_thought_indonesian.md,ABM_2025_ABMM_SR_2025_pdf/batch_33,ABM_2025_ABMM_SR_2025,True,"To ensure compliance with environmental standards, all wastewater from operational activities is treated before discharge into public water bodies. In coal mining, wastewater is directed to a settling pond for sedimentation. Domestic wastewater from auxiliary activities, such as mess and office facilities within the mining area, is managed similarly to the logistics, manufacturing, and renewable energy business lines, through Wastewater Treatment Plants (WWTPs) located at operational sites or industrial areas.",515,70,,environmental management,e,action,positive,0.8,climate-d|climate-d-s|metrics|governance|strategy|risk,"Text explicitly describes concrete environmental actions (wastewater treatment via settling ponds and WWTPs) with governance alignment (compliance with standards). It demonstrates proactive risk management for water pollution, a key environmental aspect. The actions are specific and operationalized across business lines, indicating a strategic approach to environmental stewardship.",action,llm_reprocess,action,True,False,True,True,True,llm_processing_bg_20260517T055949Z_be56e2,"page_0064.md, page_0065.md",environmental-claims,/home/ubuntu/apps/benchmarks/model_download/models/environmental-claims,Local model,no,0.98627,False,climatebert_multi_20260526T074116Z_df720b,0.532
llm_d8de534cab54,13,1,2026-05-17T06:33:32Z,arcee-ai/trinity-large-thinking:free,tone_chain_of_thought_indonesian.md,ABM_2025_ABMM_SR_2025_pdf/batch_33,ABM_2025_ABMM_SR_2025,True,"Effluent quality standards are maintained through regular water quality testing in accordance with governmental regulations. The testing parameters include pH, Total Suspended Solids (TSS), flow rate, Chemical Oxygen Demand (COD), Biological Oxygen Demand (BOD), and heavy metals such as Fe, Mn, and Cd. Throughout the reporting period, all test outcomes remained within the prescribed quality standard limits, and there were no violations of wastewater management regulations.",477,66,,environmental compliance,e,outcome,positive,0.9,climate-d|climate-d-s|metrics|risk,"Text provides specific, measurable outcomes (test parameters, no violations) demonstrating successful compliance with environmental regulations. This indicates effective operational control and risk mitigation regarding water pollution. The quantifiable results (within limits) confirm positive environmental performance.",outcome,llm_reprocess,outcome,True,False,True,True,True,llm_processing_bg_20260517T055949Z_be56e2,"page_0064.md, page_0065.md",environmental-claims,/home/ubuntu/apps/benchmarks/model_download/models/environmental-claims,Local model,no,0.997527,False,climatebert_multi_20260526T074116Z_df720b,0.547
llm_c28c8cb92b2f,13,2,2026-05-17T06:33:32Z,arcee-ai/trinity-large-thinking:free,tone_chain_of_thought_indonesian.md,ABM_2025_ABMM_SR_2025_pdf/batch_33,ABM_2025_ABMM_SR_2025,True,"Monitoring of water extraction, usage, and disposal is conducted employing flow meters and a consistent water accounting approach across all entities. The calculation methodology applied in the reporting year remains consistent with that of the previous year to maintain data comparability. Certain entities, such as TIA, have adopted an Automatic and Continuous Wastewater Monitoring System (SPARING) that is directly connected to the Ministry of Environment and Forestry (KLHK) system to ensure real-time compliance.",518,73,,water resource management,e,action,positive,0.8,climate-d|climate-d-s|metrics|governance|strategy|opportunity,"Text describes specific monitoring actions (flow meters, SPARING system) and a strategic approach (consistent methodology, real-time compliance). This demonstrates proactive governance and operational efficiency, turning water management into a controlled process and leveraging technology for improved oversight (an opportunity for enhanced performance).",action,llm_reprocess,action,True,False,True,True,True,llm_processing_bg_20260517T055949Z_be56e2,"page_0064.md, page_0065.md",environmental-claims,/home/ubuntu/apps/benchmarks/model_download/models/environmental-claims,Local model,no,0.994316,False,climatebert_multi_20260526T074116Z_df720b,0.376
llm_59828522fa1f,13,3,2026-05-17T06:33:32Z,arcee-ai/trinity-large-thinking:free,tone_chain_of_thought_indonesian.md,ABM_2025_ABMM_SR_2025_pdf/batch_33,ABM_2025_ABMM_SR_2025,True,"According to water studies conducted by Bappenas in 2021, the entire operational area of ABM is not classified as a water-stressed region, as identified by Bappenas and WRI Aqueduct. Nevertheless, ABM continues to implement careful and responsible water resource management, including the utilization of rainwater, the reuse of processed water for operational road irrigation, and applying water efficiency measures across the work area.",437,63,,water stewardship,e,commitment,neutral,,climate-d|climate-d-s|strategy|opportunity,"Text states a contextual fact (not in water-stressed region) and describes ongoing committed actions (rainwater use, reuse, efficiency) despite low risk. The actions are forward-looking and responsible, but the sentiment is neutral as it describes standard operational procedures rather than evaluated outcomes or explicit risk acknowledgment.",commitment,llm_reprocess,commitment,True,False,True,True,True,llm_processing_bg_20260517T055949Z_be56e2,"page_0064.md, page_0065.md",environmental-claims,/home/ubuntu/apps/benchmarks/model_download/models/environmental-claims,Local model,no,0.778165,False,climatebert_multi_20260526T074116Z_df720b,0.26
llm_ac32f99adef5,13,4,2026-05-17T06:33:32Z,arcee-ai/trinity-large-thinking:free,tone_chain_of_thought_indonesian.md,ABM_2025_ABMM_SR_2025_pdf/batch_33,ABM_2025_ABMM_SR_2025,True,"Water collected at each operational site represents the water used and consumed to facilitate operational activities, supporting facilities, and domestic needs within the work area. Measurements are taken using mathematical formulas and flow meters installed at water intake points for accuracy. The water sources include raw water from the site and additional supplies, some of which are distributed using tank trucks from outside the site.",441,65,,water consumption accounting,e,none,neutral,,climate-d|metrics,"Text provides a descriptive account of water measurement methodology and sources without indicating specific environmental performance, risk, or strategic intent. It is factual reporting of data collection processes.",none,llm_reprocess,none,True,False,True,True,True,llm_processing_bg_20260517T055949Z_be56e2,"page_0064.md, page_0065.md",environmental-claims,/home/ubuntu/apps/benchmarks/model_download/models/environmental-claims,Local model,no,0.997214,False,climatebert_multi_20260526T074116Z_df720b,0.385
llm_ce28462c41bd,13,5,2026-05-17T06:33:32Z,arcee-ai/trinity-large-thinking:free,tone_chain_of_thought_indonesian.md,ABM_2025_ABMM_SR_2025_pdf/batch_33,ABM_2025_ABMM_SR_2025,True,"Starting in 2025, ABM is refining the measurement recording process at several measurement points, especially in the sump area, with a more standardized and verified method. These improvements have led to an increase in the volume of water intake and utilization in 2025 compared to the previous year, so the data cannot be directly compared. Efforts to improve the quality and reliability of this data will continue gradually in upcoming reporting periods.",457,72,,data management,e,commitment,neutral,,climate-d|climate-d-s|governance,Text describes a forward-looking commitment to improving data quality and methodology. It acknowledges a limitation (non-comparable data) due to these improvements. The sentiment is neutral as it focuses on process enhancement without evaluating environmental impact or risk.,commitment,llm_reprocess,commitment,True,False,True,True,True,llm_processing_bg_20260517T055949Z_be56e2,"page_0064.md, page_0065.md",environmental-claims,/home/ubuntu/apps/benchmarks/model_download/models/environmental-claims,Local model,no,0.995822,False,climatebert_multi_20260526T074116Z_df720b,0.283
llm_5aa44c1be2b1,13,6,2026-05-17T06:33:32Z,arcee-ai/trinity-large-thinking:free,tone_chain_of_thought_indonesian.md,ABM_2025_ABMM_SR_2025_pdf/batch_33,ABM_2025_ABMM_SR_2025,True,"Total water consumption within the organization is 458,72 megaliters. Water consumption from renewable sources is 39,9%. The emission intensity ratio is 0,000017 TON CO₂-EQ/US$, and energy intensity is 0,0102 GJ/US$.",216,30,,resource efficiency metrics,e,outcome,neutral,,metrics|climate-d,"Text presents quantitative metrics (water, energy, emissions intensity) without contextual evaluation (e.g., target achievement, risk implications). It is neutral data disclosure, though the metrics themselves are foundational for assessing environmental performance.",outcome,llm_reprocess,outcome,True,False,True,True,True,llm_processing_bg_20260517T055949Z_be56e2,"page_0064.md, page_0065.md",environmental-claims,/home/ubuntu/apps/benchmarks/model_download/models/environmental-claims,Local model,no,0.984352,False,climatebert_multi_20260526T074116Z_df720b,0.293
llm_cea18b0dda9f,13,7,2026-05-17T06:33:32Z,arcee-ai/trinity-large-thinking:free,tone_chain_of_thought_indonesian.md,ABM_2025_ABMM_SR_2025_pdf/batch_33,ABM_2025_ABMM_SR_2025,True,"6,18 AVERAGE TRAINING HOURS PER EMPLOYEE PER YEAR. RP 9,51 BILLION EMPLOYEE TRAINING COSTS. 1.771 NEW EMPLOYEES IN 2025.",120,19,,human capital development,s,outcome,positive,0.7,metrics|social|opportunity,"Text provides specific, measurable outcomes related to employee investment (training hours, costs, new hires). This indicates a positive social impact through workforce development and expansion, aligning with social opportunity and value creation.",outcome,llm_reprocess,outcome,True,False,False,False,False,llm_processing_bg_20260517T055949Z_be56e2,"page_0064.md, page_0065.md",environmental-claims,/home/ubuntu/apps/benchmarks/model_download/models/environmental-claims,Local model,no,0.998262,False,climatebert_multi_20260526T074116Z_df720b,0.259
llm_295d805a383e,13,8,2026-05-17T06:33:32Z,arcee-ai/trinity-large-thinking:free,tone_chain_of_thought_indonesian.md,ABM_2025_ABMM_SR_2025_pdf/batch_33,ABM_2025_ABMM_SR_2025,True,"100% OF ABM EMPLOYEES HAVE SIGNED AN INTEGRITY PACT IN ACCORDANCE WITH THE COMPANY'S CODE OF ETHICS AND CONDUCT, as a statement of compliance with ethics & anti-corruption policy, and to support the Company's policies.",218,35,,ethical culture & compliance,g,outcome,positive,0.8,climate-d-s|governance|strategy|opportunity,"Text states a quantifiable outcome (100% compliance via signed pacts) demonstrating effective implementation of ethics governance. This reflects a strong organizational culture and mitigates governance risks, representing a positive outcome in corporate integrity.",outcome,llm_reprocess,outcome,True,False,True,False,True,llm_processing_bg_20260517T055949Z_be56e2,"page_0064.md, page_0065.md",environmental-claims,/home/ubuntu/apps/benchmarks/model_download/models/environmental-claims,Local model,no,0.971563,False,climatebert_multi_20260526T074116Z_df720b,0.401
llm_47a39e056514,13,9,2026-05-17T06:33:32Z,arcee-ai/trinity-large-thinking:free,tone_chain_of_thought_indonesian.md,ABM_2025_ABMM_SR_2025_pdf/batch_33,ABM_2025_ABMM_SR_2025,True,The Active Role of the ESG Committee in Monitoring the Implementation of Sustainability.,88,13,,ESG governance structure,g,commitment,neutral,,governance|strategy|climate-commitment,"Text identifies a governance mechanism (ESG Committee) with a stated role in sustainability oversight. This indicates a formal commitment to ESG integration at the governance level, but the statement itself is declarative without evidence of specific actions or outcomes.",commitment,llm_reprocess,commitment,True,False,True,False,False,llm_processing_bg_20260517T055949Z_be56e2,"page_0064.md, page_0065.md",environmental-claims,/home/ubuntu/apps/benchmarks/model_download/models/environmental-claims,Local model,no,0.865659,False,climatebert_multi_20260526T074116Z_df720b,0.112
llm_5e8fa124019d,14,0,2026-05-17T06:33:38Z,arcee-ai/trinity-large-thinking:free,tone_zero_shot_indonesian.md,ABM_2025_ABMM_SR_2025_pdf/batch_31,ABM_2025_ABMM_SR_2025,True,ABM menerapkan berbagai langkah efisiensi energi pada fasilitas operasional untuk mengendalikan konsumsi listrik dan menurunkan emisi tidak langsung.,149,18,,energy efficiency measures,e,action,neutral,,climate-d|climate-specificity|metrics,"Teks menggambarkan tindakan spesifik (penggantian lampu LED, instalasi skylight) yang sedang dilakukan untuk mengendalikan energi dan emisi, tanpa menyebutkan hasil terukur. Aspek ini eksplisit membahas efisiensi energi operasional.",action,llm_reprocess,action,True,False,True,True,True,llm_processing_bg_20260517T055935Z_952657,"page_0060.md, page_0061.md",environmental-claims,/home/ubuntu/apps/benchmarks/model_download/models/environmental-claims,Local model,no,0.993486,False,climatebert_multi_20260526T074116Z_df720b,0.387
llm_be09be480036,14,1,2026-05-17T06:33:38Z,arcee-ai/trinity-large-thinking:free,tone_zero_shot_indonesian.md,ABM_2025_ABMM_SR_2025_pdf/batch_31,ABM_2025_ABMM_SR_2025,True,"CK dan ATR menerapkan biodiesel campuran (B40) untuk alat berat dan kendaraan operasional, sejalan dengan kebijakan nasional energi terbarukan.",143,19,,B40 biodiesel implementation,e,action,neutral,,climate-d|climate-specificity|climate-commitment,Teks menyatakan penerapan B40 sebagai tindakan saat ini yang selaras dengan kebijakan energi terbarukan. Ini adalah aksi nyata tanpa menyebutkan hasil kuantitatif yang sudah dicapai.,action,llm_reprocess,action,True,False,True,True,True,llm_processing_bg_20260517T055935Z_952657,"page_0060.md, page_0061.md",environmental-claims,/home/ubuntu/apps/benchmarks/model_download/models/environmental-claims,Local model,no,0.995229,False,climatebert_multi_20260526T074116Z_df720b,0.354
llm_6ec491bf56eb,14,2,2026-05-17T06:33:38Z,arcee-ai/trinity-large-thinking:free,tone_zero_shot_indonesian.md,ABM_2025_ABMM_SR_2025_pdf/batch_31,ABM_2025_ABMM_SR_2025,True,"ATR melakukan penggantian refrigeran dari R407C ke R410A, yang memiliki efisiensi energi lebih baik dan Global Warming Potential (GWP) yang lebih rendah.",153,22,,refrigerant transition,e,action,neutral,,climate-d|climate-specificity|action,Teks menggambarkan penggantian refrigeran sebagai tindakan spesifik yang diambil untuk meningkatkan efisiensi energi dan mengurangi GWP. Ini adalah aksi tanpa hasil terukur yang dilaporkan.,action,llm_reprocess,action,True,False,True,True,True,llm_processing_bg_20260517T055935Z_952657,"page_0060.md, page_0061.md",environmental-claims,/home/ubuntu/apps/benchmarks/model_download/models/environmental-claims,Local model,no,0.997504,False,climatebert_multi_20260526T074116Z_df720b,0.348
llm_4a3531f30e0b,14,3,2026-05-17T06:33:38Z,arcee-ai/trinity-large-thinking:free,tone_zero_shot_indonesian.md,ABM_2025_ABMM_SR_2025_pdf/batch_31,ABM_2025_ABMM_SR_2025,True,"CK menerapkan optimasi rute dan ritase pengangkutan dengan dukungan aplikasi MineStar di site CK BMB, yang membantu mengurangi jarak tempuh, waktu tunggu, dan konsumsi bahan bakar dump truck.",191,28,,operational route optimization,e,action,neutral,,climate-d|climate-specificity|action,Teks menjelaskan implementasi sistem optimasi rute sebagai upaya operasional untuk mengurangi konsumsi bahan bakar. Ini adalah aksi yang sedang berlangsung tanpa menyebutkan hasil numerik.,action,llm_reprocess,action,True,False,True,True,True,llm_processing_bg_20260517T055935Z_952657,"page_0060.md, page_0061.md",environmental-claims,/home/ubuntu/apps/benchmarks/model_download/models/environmental-claims,Local model,no,0.99747,False,climatebert_multi_20260526T074116Z_df720b,0.359
llm_80de7f92a863,14,4,2026-05-17T06:33:38Z,arcee-ai/trinity-large-thinking:free,tone_zero_shot_indonesian.md,ABM_2025_ABMM_SR_2025_pdf/batch_31,ABM_2025_ABMM_SR_2025,True,CKB menyesuaikan masa pakai truk menjadi 10 tahun untuk mengoptimalkan pemanfaatan aset dan menekan emisi tidak langsung yang terkait dengan siklus hidup kendaraan.,164,23,,asset lifespan adjustment,e,action,neutral,,climate-d|climate-specificity|action,Teks menggambarkan penyesuaian masa pakai truk sebagai strategi manajemen aset untuk mengurangi emisi siklus hidup. Ini adalah tindakan perencanaan tanpa hasil terukur yang dilaporkan.,action,llm_reprocess,action,True,False,True,True,True,llm_processing_bg_20260517T055935Z_952657,"page_0060.md, page_0061.md",environmental-claims,/home/ubuntu/apps/benchmarks/model_download/models/environmental-claims,Local model,no,0.994468,False,climatebert_multi_20260526T074116Z_df720b,0.351
llm_25810f557ee0,14,5,2026-05-17T06:33:38Z,arcee-ai/trinity-large-thinking:free,tone_zero_shot_indonesian.md,ABM_2025_ABMM_SR_2025_pdf/batch_31,ABM_2025_ABMM_SR_2025,True,ABM memastikan kualitas udara dan pengendalian emisi udara melalui pemantauan rutin yang dilakukan setiap tahun pada berbagai titik yang berpotensi terdampak aktivitas operasional.,180,23,,air quality monitoring,e,action,neutral,,climate-d|climate-specificity|action,Teks menjelaskan kegiatan pemantauan rutin sebagai upaya kepatuhan. Ini adalah tindakan prosedural tanpa indikasi hasil atau evaluasi kinerja.,action,llm_reprocess,action,True,False,True,True,True,llm_processing_bg_20260517T055935Z_952657,"page_0060.md, page_0061.md",environmental-claims,/home/ubuntu/apps/benchmarks/model_download/models/environmental-claims,Local model,no,0.996683,False,climatebert_multi_20260526T074116Z_df720b,0.25
llm_286c6e3c233f,14,6,2026-05-17T06:33:38Z,arcee-ai/trinity-large-thinking:free,tone_zero_shot_indonesian.md,ABM_2025_ABMM_SR_2025_pdf/batch_31,ABM_2025_ABMM_SR_2025,True,Salah satu fokus utama adalah pengembangan dan replikasi PLTS dengan kapasitas 638 kWp dan baterai 1 MWh menggunakan sistem penyimpanan berbasis *Containerized Battery Energy Storage System (CBESS)* di lokasi operasional Jambi.,227,31,,solar power plant development,e,commitment,neutral,,climate-d|climate-specificity|climate-commitment,Teks mengungkapkan rencana pengembangan PLTS dan sistem penyimpanan energi sebagai inisiatif masa depan. Ini adalah komitmen atau rencana tanpa indikasi implementasi penuh atau hasil.,commitment,llm_reprocess,commitment,True,False,True,True,True,llm_processing_bg_20260517T055935Z_952657,"page_0060.md, page_0061.md",environmental-claims,/home/ubuntu/apps/benchmarks/model_download/models/environmental-claims,Local model,no,0.998043,False,climatebert_multi_20260526T074116Z_df720b,0.332
llm_bde67d86b3f4,14,7,2026-05-17T06:33:38Z,arcee-ai/trinity-large-thinking:free,tone_zero_shot_indonesian.md,ABM_2025_ABMM_SR_2025_pdf/batch_31,ABM_2025_ABMM_SR_2025,True,CKB memulai proyek pemasangan Pembangkit Listrik Tenaga Surya (PLTS) On-Grid di fasilitas Hub Samarinda... Sistem ini diproyeksikan mampu menghemat hingga 30% konsumsi listrik tahunan...,186,24,,on-grid solar power installation,e,action,neutral,,climate-d|climate-specificity|climate-commitment|metrics,"Teks menggambarkan proyek PLTS yang sedang berjalan dengan proyeksi penghematan 30%. Meskipun ada proyeksi, proyek ini sudah dimulai, sehingga tergolong aksi, bukan sekadar komitmen.",action,llm_reprocess,action,True,False,True,True,True,llm_processing_bg_20260517T055935Z_952657,"page_0060.md, page_0061.md",environmental-claims,/home/ubuntu/apps/benchmarks/model_download/models/environmental-claims,Local model,no,0.998445,False,climatebert_multi_20260526T074116Z_df720b,0.309
llm_f71666e3fbd9,14,8,2026-05-17T06:33:38Z,arcee-ai/trinity-large-thinking:free,tone_zero_shot_indonesian.md,ABM_2025_ABMM_SR_2025_pdf/batch_31,ABM_2025_ABMM_SR_2025,True,"Total emisi (Scope 1 & 2) pada tahun 2025 menunjukkan penurunan dibandingkan dengan tahun 2024, sejalan dengan implementasi program efisiensi energi dan optimalisasi operasional di anak usaha",191,27,,GHG emissions reduction,e,outcome,positive,1.0,climate-d|climate-specificity|metrics|netzero-reduction|climate-sentiment,Teks melaporkan penurunan emisi Scope 1 & 2 secara kuantitatif sebagai hasil dari program efisiensi. Ini adalah hasil terukur yang positif bagi kinerja iklim.,outcome,llm_reprocess,outcome,True,False,True,True,True,llm_processing_bg_20260517T055935Z_952657,"page_0060.md, page_0061.md",environmental-claims,/home/ubuntu/apps/benchmarks/model_download/models/environmental-claims,Local model,no,0.99829,False,climatebert_multi_20260526T074116Z_df720b,0.312
llm_980a77ee5a5d,14,9,2026-05-17T06:33:38Z,arcee-ai/trinity-large-thinking:free,tone_zero_shot_indonesian.md,ABM_2025_ABMM_SR_2025_pdf/batch_31,ABM_2025_ABMM_SR_2025,True,"39,9% Konsumsi Energi berasal dari Sumber daya Energi Terbarukan",64,9,,renewable energy consumption,e,outcome,positive,1.0,climate-d|climate-specificity|metrics,"Teks menyajikan data kuantitatif (39,9%) tentang konsumsi energi terbarukan sebagai hasil yang telah dicapai, mencerminkan kemajuan positif dalam transisi energi.",outcome,llm_reprocess,outcome,True,False,True,True,True,llm_processing_bg_20260517T055935Z_952657,"page_0060.md, page_0061.md",environmental-claims,/home/ubuntu/apps/benchmarks/model_download/models/environmental-claims,Local model,no,0.998089,False,climatebert_multi_20260526T074116Z_df720b,0.167
llm_8bbe339ca85c,14,10,2026-05-17T06:33:38Z,arcee-ai/trinity-large-thinking:free,tone_zero_shot_indonesian.md,ABM_2025_ABMM_SR_2025_pdf/batch_31,ABM_2025_ABMM_SR_2025,True,"100% Karyawan ABM telah menandatangani pakta integritas sesuai dengan Kode Etik dan Perilaku yang berlaku di Perusahaan, sebagai pernyataan kepatuhannya terhadap kebijakan etika & anti-korupsi",192,25,,employee integrity pact,g,outcome,positive,1.0,governance|climate-d,Teks melaporkan pencapaian 100% kepatuhan karyawan terhadap kode etik sebagai hasil nyata implementasi tata kelola. Ini adalah hasil positif dalam aspek governance.,outcome,llm_reprocess,outcome,True,False,True,False,True,llm_processing_bg_20260517T055935Z_952657,"page_0060.md, page_0061.md",environmental-claims,/home/ubuntu/apps/benchmarks/model_download/models/environmental-claims,Local model,no,0.997717,False,climatebert_multi_20260526T074116Z_df720b,0.563
llm_9242464a753f,14,11,2026-05-17T06:33:38Z,arcee-ai/trinity-large-thinking:free,tone_zero_shot_indonesian.md,ABM_2025_ABMM_SR_2025_pdf/batch_31,ABM_2025_ABMM_SR_2025,True,"96,9% Keluhan yang telah terselesaikan di tahun 2025",52,8,,grievance resolution rate,s,outcome,positive,1.0,social|climate-d|metrics,Teks menyajikan persentase tinggi penyelesaian keluhan sebagai hasil kinerja sosial. Ini adalah indikator positif dalam pengelolaan hubungan pemangku kepentingan.,outcome,llm_reprocess,outcome,True,False,True,False,True,llm_processing_bg_20260517T055935Z_952657,"page_0060.md, page_0061.md",environmental-claims,/home/ubuntu/apps/benchmarks/model_download/models/environmental-claims,Local model,no,0.998225,False,climatebert_multi_20260526T074116Z_df720b,0.291
llm_c484e3b1aa6e,14,12,2026-05-17T06:33:38Z,arcee-ai/trinity-large-thinking:free,tone_zero_shot_indonesian.md,ABM_2025_ABMM_SR_2025_pdf/batch_31,ABM_2025_ABMM_SR_2025,True,ABM telah memperoleh sertifikasi Sistem Manajemen Anti Penyuaapan ISO 37001:2016,80,10,,anti-bribery management certification,g,outcome,positive,1.0,governance|climate-d,Teks mengumumkan perolehan sertifikasi ISO 37001 sebagai bukti penerapan sistem anti-penyuapan yang efektif. Ini adalah pencapaian positif dalam tata kelola.,outcome,llm_reprocess,outcome,True,False,True,False,True,llm_processing_bg_20260517T055935Z_952657,"page_0060.md, page_0061.md",environmental-claims,/home/ubuntu/apps/benchmarks/model_download/models/environmental-claims,Local model,no,0.997199,False,climatebert_multi_20260526T074116Z_df720b,0.259
llm_08950c96324a,14,13,2026-05-17T06:33:38Z,arcee-ai/trinity-large-thinking:free,tone_zero_shot_indonesian.md,ABM_2025_ABMM_SR_2025_pdf/batch_31,ABM_2025_ABMM_SR_2025,True,"Tema 'Strength Beneath, Vision Beyond' menggambarkan keunggulan inti dan pandangan ke depan yang secara konsisten menjadi ciri k Khas ABM Investama dalam menghadapi dinamika industri energi.",190,26,,report theme statement,none,none,none,,none,Teks berisi pernyataan tematik pengantar laporan yang tidak mengandung aspek ESG eksplisit atau informasi terukur terkait kinerja keberlanjutan.,none,llm_reprocess,none,True,False,False,False,False,llm_processing_bg_20260517T055935Z_952657,"page_0060.md, page_0061.md",environmental-claims,/home/ubuntu/apps/benchmarks/model_download/models/environmental-claims,Local model,no,0.997117,False,climatebert_multi_20260526T074116Z_df720b,0.355
llm_7e1cc34e3003,14,14,2026-05-17T06:33:38Z,arcee-ai/trinity-large-thinking:free,tone_zero_shot_indonesian.md,ABM_2025_ABMM_SR_2025_pdf/batch_31,ABM_2025_ABMM_SR_2025,True,Riwayat Perusahaan,18,2,,company history,none,none,none,,none,"Judul bagian ini merujuk pada sejarah perusahaan, yang tidak secara langsung terkait dengan isu ESG atau iklim.",none,llm_reprocess,none,True,False,False,False,False,llm_processing_bg_20260517T055935Z_952657,"page_0060.md, page_0061.md",environmental-claims,/home/ubuntu/apps/benchmarks/model_download/models/environmental-claims,Local model,no,0.9954,False,climatebert_multi_20260526T074116Z_df720b,0.096
llm_3c802fb60b62,14,15,2026-05-17T06:33:38Z,arcee-ai/trinity-large-thinking:free,tone_zero_shot_indonesian.md,ABM_2025_ABMM_SR_2025_pdf/batch_31,ABM_2025_ABMM_SR_2025,True,"Nilai, Prinsip, Standar, dan Norma Perilaku",43,6,,values and principles,none,none,none,,none,"Judul bagian ini membahas nilai dan prinsip perusahaan secara umum, tanpa menyebutkan inisiatif atau kinerja ESG yang spesifik.",none,llm_reprocess,none,True,False,False,False,False,llm_processing_bg_20260517T055935Z_952657,"page_0060.md, page_0061.md",environmental-claims,/home/ubuntu/apps/benchmarks/model_download/models/environmental-claims,Local model,no,0.998,False,climatebert_multi_20260526T074116Z_df720b,0.129
llm_8df43fccf647,15,0,2026-05-17T06:33:42Z,arcee-ai/trinity-large-thinking:free,tone_few_shot_indonesian.md,ABM_2025_ABMM_SR_2025_pdf/batch_38,ABM_2025_ABMM_SR_2025,True,"10.618.329,24 GJ Konsumsi energi total dalam organisasi",55,7,,total energy consumption,e,outcome,neutral,,metrics|climate-d|climate-d-s,Reported total energy consumption data without explicit sentiment.,outcome,llm_reprocess,outcome,True,False,True,True,True,llm_processing_bg_20260517T055913Z_fec288,"page_0074.md, page_0075.md",environmental-claims,/home/ubuntu/apps/benchmarks/model_download/models/environmental-claims,Local model,no,0.998328,False,climatebert_multi_20260526T074116Z_df720b,0.143
llm_52943be42dcd,15,1,2026-05-17T06:33:42Z,arcee-ai/trinity-large-thinking:free,tone_few_shot_indonesian.md,ABM_2025_ABMM_SR_2025_pdf/batch_38,ABM_2025_ABMM_SR_2025,True,"54.898,56 TON CO₂EQ Total pengurangan emisi dengan menggunakan metodologi MSLI 009 pada Sistem Registri Nasional (SRN).",119,16,,emissions reduction,e,outcome,positive,1.0,metrics|climate-d-s|netzero-reduction,"Emissions reduction achieved using a specific methodology, indicating positive environmental impact.",outcome,llm_reprocess,outcome,True,False,True,True,True,llm_processing_bg_20260517T055913Z_fec288,"page_0074.md, page_0075.md",environmental-claims,/home/ubuntu/apps/benchmarks/model_download/models/environmental-claims,Local model,no,0.99834,False,climatebert_multi_20260526T074116Z_df720b,0.261
llm_d7368509f951,15,2,2026-05-17T06:33:42Z,arcee-ai/trinity-large-thinking:free,tone_few_shot_indonesian.md,ABM_2025_ABMM_SR_2025_pdf/batch_38,ABM_2025_ABMM_SR_2025,True,"7,5% (230,27 TON) Limbah B3 yang telah didaur ulang",51,9,,hazardous waste recycled,e,outcome,positive,1.0,metrics|environmental-claims,"Percentage of hazardous waste recycled, demonstrating responsible waste management.",outcome,llm_reprocess,outcome,True,False,False,True,False,llm_processing_bg_20260517T055913Z_fec288,"page_0074.md, page_0075.md",environmental-claims,/home/ubuntu/apps/benchmarks/model_download/models/environmental-claims,Local model,no,0.998758,False,climatebert_multi_20260526T074116Z_df720b,0.163
llm_588494a2ab9c,15,3,2026-05-17T06:33:42Z,arcee-ai/trinity-large-thinking:free,tone_few_shot_indonesian.md,ABM_2025_ABMM_SR_2025_pdf/batch_38,ABM_2025_ABMM_SR_2025,True,"12.167,93 TON CO₂EQ Total emisi (Cakupan 1 & 2) pada tahun 2025 menunjukkan penurunan dibandingkan dengan tahun 2024, sejalan dengan implementasi program efisiensi energi dan optimalisasi operasional di anak usaha",213,30,,Scope 1 & 2 emissions decrease,e,outcome,positive,1.0,metrics|climate-d-s|netzero-reduction,"Decrease in Scope 1 & 2 emissions due to energy efficiency programs, showing improved climate performance.",outcome,llm_reprocess,outcome,True,False,True,True,True,llm_processing_bg_20260517T055913Z_fec288,"page_0074.md, page_0075.md",environmental-claims,/home/ubuntu/apps/benchmarks/model_download/models/environmental-claims,Local model,no,0.998444,False,climatebert_multi_20260526T074116Z_df720b,0.328
llm_eb571f3a75e7,15,4,2026-05-17T06:33:42Z,arcee-ai/trinity-large-thinking:free,tone_few_shot_indonesian.md,ABM_2025_ABMM_SR_2025_pdf/batch_38,ABM_2025_ABMM_SR_2025,True,"39,9% Konsumsi Energi berasal dari Sumber daya Energi Terbarukan",64,9,,renewable energy consumption,e,outcome,positive,1.0,metrics|climate-d-s|opportunity,"High percentage of energy from renewable sources, reflecting a shift towards sustainable energy.",outcome,llm_reprocess,outcome,True,False,True,True,True,llm_processing_bg_20260517T055913Z_fec288,"page_0074.md, page_0075.md",environmental-claims,/home/ubuntu/apps/benchmarks/model_download/models/environmental-claims,Local model,no,0.998089,False,climatebert_multi_20260526T074116Z_df720b,0.155
llm_781299e40ef4,15,5,2026-05-17T06:33:42Z,arcee-ai/trinity-large-thinking:free,tone_few_shot_indonesian.md,ABM_2025_ABMM_SR_2025_pdf/batch_38,ABM_2025_ABMM_SR_2025,True,"458,72 MEGALITER Konsumsi Air",29,4,,water consumption,e,outcome,neutral,,metrics|climate-d,Reported water consumption data without explicit sentiment or evaluation.,outcome,llm_reprocess,outcome,True,False,True,True,True,llm_processing_bg_20260517T055913Z_fec288,"page_0074.md, page_0075.md",environmental-claims,/home/ubuntu/apps/benchmarks/model_download/models/environmental-claims,Local model,no,0.997415,False,climatebert_multi_20260526T074116Z_df720b,0.116
llm_624a498af105,15,6,2026-05-17T06:33:42Z,arcee-ai/trinity-large-thinking:free,tone_few_shot_indonesian.md,ABM_2025_ABMM_SR_2025_pdf/batch_38,ABM_2025_ABMM_SR_2025,True,10.463 Jumlah karyawan,22,3,,total employees,s,outcome,neutral,,metrics|social,Total employee count reported as a social metric without sentiment.,outcome,llm_reprocess,outcome,True,False,False,False,False,llm_processing_bg_20260517T055913Z_fec288,"page_0074.md, page_0075.md",environmental-claims,/home/ubuntu/apps/benchmarks/model_download/models/environmental-claims,Local model,no,0.996855,False,climatebert_multi_20260526T074116Z_df720b,0.102
llm_5b1cfb20edb7,15,7,2026-05-17T06:33:42Z,arcee-ai/trinity-large-thinking:free,tone_few_shot_indonesian.md,ABM_2025_ABMM_SR_2025_pdf/batch_38,ABM_2025_ABMM_SR_2025,True,"6,18 JAM | HOURS Rata-rata jam pelatihan per karyawan per tahun",63,11,,average training hours per employee,s,outcome,positive,1.0,metrics|social|opportunity,"Average training hours indicate investment in employee development, a positive social practice.",outcome,llm_reprocess,outcome,True,False,False,False,False,llm_processing_bg_20260517T055913Z_fec288,"page_0074.md, page_0075.md",environmental-claims,/home/ubuntu/apps/benchmarks/model_download/models/environmental-claims,Local model,no,0.998458,False,climatebert_multi_20260526T074116Z_df720b,0.152
llm_8d32c2e20def,15,8,2026-05-17T06:33:42Z,arcee-ai/trinity-large-thinking:free,tone_few_shot_indonesian.md,ABM_2025_ABMM_SR_2025_pdf/batch_38,ABM_2025_ABMM_SR_2025,True,"RP 9,51 MILIAR | BILLION Biaya pelatihan karyawan",49,8,,employee training costs,s,outcome,positive,1.0,metrics|social|opportunity,High training costs reflect commitment to enhancing employee skills and knowledge.,outcome,llm_reprocess,outcome,True,False,False,False,False,llm_processing_bg_20260517T055913Z_fec288,"page_0074.md, page_0075.md",environmental-claims,/home/ubuntu/apps/benchmarks/model_download/models/environmental-claims,Local model,no,0.998325,False,climatebert_multi_20260526T074116Z_df720b,0.143
llm_3739ad26caeb,15,9,2026-05-17T06:33:42Z,arcee-ai/trinity-large-thinking:free,tone_few_shot_indonesian.md,ABM_2025_ABMM_SR_2025_pdf/batch_38,ABM_2025_ABMM_SR_2025,True,25% Persentase jumlah wanita dalam susunan Dewan Komisaris,58,8,,percentage of women on Board of Commissioners,s,outcome,positive,1.0,metrics|social|governance,Gender diversity on the board promotes inclusive governance and social equity.,outcome,llm_reprocess,outcome,True,False,False,False,False,llm_processing_bg_20260517T055913Z_fec288,"page_0074.md, page_0075.md",environmental-claims,/home/ubuntu/apps/benchmarks/model_download/models/environmental-claims,Local model,no,0.998282,False,climatebert_multi_20260526T074116Z_df720b,0.268
llm_f3fd2aef2f87,15,10,2026-05-17T06:33:42Z,arcee-ai/trinity-large-thinking:free,tone_few_shot_indonesian.md,ABM_2025_ABMM_SR_2025_pdf/batch_38,ABM_2025_ABMM_SR_2025,True,"96,9% Keluhan yang telah terselesaikan di tahun 2025",52,8,,grievance resolution rate,s,outcome,positive,1.0,metrics|social,High grievance resolution rate demonstrates effective social responsibility and stakeholder engagement.,outcome,llm_reprocess,outcome,True,False,False,False,False,llm_processing_bg_20260517T055913Z_fec288,"page_0074.md, page_0075.md",environmental-claims,/home/ubuntu/apps/benchmarks/model_download/models/environmental-claims,Local model,no,0.998225,False,climatebert_multi_20260526T074116Z_df720b,0.163
llm_69415dd9d693,15,11,2026-05-17T06:33:42Z,arcee-ai/trinity-large-thinking:free,tone_few_shot_indonesian.md,ABM_2025_ABMM_SR_2025_pdf/batch_38,ABM_2025_ABMM_SR_2025,True,ISO 37001:2016 ABM telah memperoleh sertifikasi Sistem Manajemen Anti Penyuaapan,80,10,,anti-bribery management certification,g,outcome,positive,1.0,metrics|governance|outcome,"Obtained ISO 37001 certification, indicating robust anti-bribery governance practices.",outcome,llm_reprocess,outcome,True,False,False,False,False,llm_processing_bg_20260517T055913Z_fec288,"page_0074.md, page_0075.md",environmental-claims,/home/ubuntu/apps/benchmarks/model_download/models/environmental-claims,Local model,no,0.998086,False,climatebert_multi_20260526T074116Z_df720b,0.268
llm_4b597d55f61d,15,12,2026-05-17T06:33:42Z,arcee-ai/trinity-large-thinking:free,tone_few_shot_indonesian.md,ABM_2025_ABMM_SR_2025_pdf/batch_38,ABM_2025_ABMM_SR_2025,True,"100% Karyawan ABM telah menandatangani pakta integritas sesuai dengan Kode Etik dan Perilaku yang berlaku di Perusahaan, sebagai pernyataan kepatuhannya terhadap kebijakan etika & anti-korupsi, sekaligus mendukung kebijakan Perusahaan.",235,29,,employee integrity pact signing,g,action,neutral,,action|governance,"All employees signed an integrity pact, an action towards ethical compliance without explicit outcome.",action,llm_reprocess,action,True,False,False,False,False,llm_processing_bg_20260517T055913Z_fec288,"page_0074.md, page_0075.md",environmental-claims,/home/ubuntu/apps/benchmarks/model_download/models/environmental-claims,Local model,no,0.99765,False,climatebert_multi_20260526T074116Z_df720b,0.49
llm_4be08a37b95d,15,13,2026-05-17T06:33:42Z,arcee-ai/trinity-large-thinking:free,tone_few_shot_indonesian.md,ABM_2025_ABMM_SR_2025_pdf/batch_38,ABM_2025_ABMM_SR_2025,True,ABM tidak memiliki operasional yang berdekatan atau di dalam area konservasi atau area yang dilindungi dan bukan hutan lindung.,127,19,,operational proximity to conservation areas,e,none,neutral,,governance|risk,"Statement clarifying no operations near protected areas, mitigating environmental risk.",none,llm_reprocess,none,True,False,False,True,False,llm_processing_bg_20260517T055913Z_fec288,"page_0074.md, page_0075.md",environmental-claims,/home/ubuntu/apps/benchmarks/model_download/models/environmental-claims,Local model,no,0.997157,False,climatebert_multi_20260526T074116Z_df720b,0.217
llm_0a58e23ee4ad,15,14,2026-05-17T06:33:42Z,arcee-ai/trinity-large-thinking:free,tone_few_shot_indonesian.md,ABM_2025_ABMM_SR_2025_pdf/batch_38,ABM_2025_ABMM_SR_2025,True,"ABM menyadari bahwa kegiatan pertambangan berpotensi menimbulkan perubahan tutupan lahan yang dapat berdampak pada keanekaragaman hayati. Oleh karena itu, Perusahaan melakukan identifikasi dan pemetaan lokasi operasional terhadap area sensitif ekologis dengan mengacu pada dokumen AMDAL, rencana tata ruang, serta referensi nasional yang relevan.",346,43,,biodiversity impact management,e,action,positive,1.0,strategy|risk|environmental-claims,"Company identifies and maps ecological sensitive areas to manage biodiversity impacts, showing proactive environmental stewardship.",action,llm_reprocess,action,True,False,False,True,False,llm_processing_bg_20260517T055913Z_fec288,"page_0074.md, page_0075.md",environmental-claims,/home/ubuntu/apps/benchmarks/model_download/models/environmental-claims,Local model,no,0.997071,False,climatebert_multi_20260526T074116Z_df720b,0.556
llm_0081bb8619bf,15,15,2026-05-17T06:33:42Z,arcee-ai/trinity-large-thinking:free,tone_few_shot_indonesian.md,ABM_2025_ABMM_SR_2025_pdf/batch_38,ABM_2025_ABMM_SR_2025,True,"ABM melaksanakan kegiatan perlindungan dan pemulihan ekosistem tidak hanya di area penambangan tetapi juga di luar wilayah tambang, termasuk penanaman mangrove di area operasional SSB Cikupa. Pada tahun pelaporan, ABM memperkuat komitmen rehabilitasi pesisir melalui penanaman 10.000 bibit mangrove di Pesisir Utara Tangerang, Desa Mauk, yang dilaksanakan bersama pemangku kepentingan lokal dan relawan karyawan.",412,54,,ecosystem protection and restoration,e,action,positive,1.0,action|environmental-claims|opportunity,"ABM conducts mangrove planting and ecosystem restoration, enhancing coastal resilience and community involvement.",action,llm_reprocess,action,True,False,False,True,False,llm_processing_bg_20260517T055913Z_fec288,"page_0074.md, page_0075.md",environmental-claims,/home/ubuntu/apps/benchmarks/model_download/models/environmental-claims,Local model,no,0.995673,False,climatebert_multi_20260526T074116Z_df720b,0.611
llm_39a3ac0293fb,15,16,2026-05-17T06:33:42Z,arcee-ai/trinity-large-thinking:free,tone_few_shot_indonesian.md,ABM_2025_ABMM_SR_2025_pdf/batch_38,ABM_2025_ABMM_SR_2025,True,"Sebagai bagian dari pemantauan kondisi keanekaragaman hayati di wilayah operasional, ABM melakukan identifikasi keberadaan spesies flora dan fauna yang tercantum dalam Daftar Merah IUCN serta daftar perlindungan nasional.",221,28,,biodiversity monitoring,e,action,neutral,,metrics|risk|environmental-claims,Identification of species for biodiversity management is a neutral action without explicit evaluation.,action,llm_reprocess,action,True,False,False,True,False,llm_processing_bg_20260517T055913Z_fec288,"page_0074.md, page_0075.md",environmental-claims,/home/ubuntu/apps/benchmarks/model_download/models/environmental-claims,Local model,no,0.99658,False,climatebert_multi_20260526T074116Z_df720b,0.366
llm_be789c91fc1c,16,0,2026-05-17T06:33:52Z,arcee-ai/trinity-large-thinking:free,tone_zero_shot_indonesian.md,waskita_karya_SR2025_pdf/batch_19,waskita_karya_SR2025,True,"PT Waskita Karya (Persero) Tbk berkomitmen kuat untuk melanjutkan agenda transformasi bisnis yang telah dijalankan pada tahun-tahun sebelumnya, sekaligus memperkuat fondasi keberlanjutan melalui pembangunan ekosistem usaha yang terintegrasi, adaptif, dan bernilai jangka panjang.",279,33,,keberlanjutan,g,commitment,neutral,,strategy,"Pernyataan komitmen untuk melanjutkan transformasi bisnis berkelanjutan, menunjukkan rencana masa depan tanpa hasil terukur, sehingga sentimen netral.",commitment,llm_reprocess,commitment,True,False,True,False,False,llm_processing_bg_20260517T055230Z_2f49b9,"page_0036.md, page_0037.md",environmental-claims,/home/ubuntu/apps/benchmarks/model_download/models/environmental-claims,Local model,no,0.997248,False,climatebert_multi_20260526T074116Z_df720b,0.405
llm_2b147a57e551,16,1,2026-05-17T06:33:52Z,arcee-ai/trinity-large-thinking:free,tone_zero_shot_indonesian.md,waskita_karya_SR2025_pdf/batch_19,waskita_karya_SR2025,True,"Perusahaan secara konsisten melakukan pembenahan menyeluruh, baik dari sisi keuangan, operasional, tata kelola, maupun manajemen risiko.",136,16,,pembenahan menyeluruh,g,action,neutral,,governance|risk,"Pernyataan tentang tindakan pembenahan di berbagai bidang, termasuk tata kelola dan manajemen risiko, tanpa menyebutkan hasil, sehingga sentimen netral.",action,llm_reprocess,action,True,False,False,False,False,llm_processing_bg_20260517T055230Z_2f49b9,"page_0036.md, page_0037.md",environmental-claims,/home/ubuntu/apps/benchmarks/model_download/models/environmental-claims,Local model,no,0.997187,False,climatebert_multi_20260526T074116Z_df720b,0.245
llm_0df5197f0875,16,2,2026-05-17T06:33:52Z,arcee-ai/trinity-large-thinking:free,tone_zero_shot_indonesian.md,waskita_karya_SR2025_pdf/batch_19,waskita_karya_SR2025,True,"Dengan demikian, Waskita tidak hanya berfokus pada pemulihan dan penguatan kinerja, tetapi juga memastikan bahwa setiap langkah transformasi yang dilakukan mampu menciptakan nilai tambah yang berkelanjutan, memperkuat ketahanan bisnis, serta memberikan manfaat optimal bagi seluruh pemangku kepentingan di masa mendatang.",321,40,,nilai tambah berkelanjutan dan manfaat pemangku kepentingan,s,commitment,neutral,,opportunity,"Pernyataan komitmen untuk menciptakan nilai tambah berkelanjutan dan manfaat bagi pemangku kepentingan, tanpa hasil terukur, sehingga sentimen netral.",commitment,llm_reprocess,commitment,True,False,True,False,False,llm_processing_bg_20260517T055230Z_2f49b9,"page_0036.md, page_0037.md",environmental-claims,/home/ubuntu/apps/benchmarks/model_download/models/environmental-claims,Local model,no,0.994959,False,climatebert_multi_20260526T074116Z_df720b,0.672
llm_d3b921a0a5e5,16,3,2026-05-17T06:33:52Z,arcee-ai/trinity-large-thinking:free,tone_zero_shot_indonesian.md,waskita_karya_SR2025_pdf/batch_19,waskita_karya_SR2025,True,Restrukturisasi dan transformasi adalah langkah strategis yang penting bagi Perusahaan dalam mencapai tujuan jangka panjang yang berkelanjutan.,143,17,,restrukturisasi dan transformasi untuk tujuan berkelanjutan,g,none,neutral,,strategy,"Pernyataan tentang pentingnya restrukturisasi dan transformasi untuk tujuan berkelanjutan, tanpa evaluasi, sehingga sentimen netral.",none,llm_reprocess,none,True,False,False,False,False,llm_processing_bg_20260517T055230Z_2f49b9,"page_0036.md, page_0037.md",environmental-claims,/home/ubuntu/apps/benchmarks/model_download/models/environmental-claims,Local model,no,0.997143,False,climatebert_multi_20260526T074116Z_df720b,0.294
llm_1fba05bc1a35,16,4,2026-05-17T06:33:52Z,arcee-ai/trinity-large-thinking:free,tone_zero_shot_indonesian.md,waskita_karya_SR2025_pdf/batch_19,waskita_karya_SR2025,True,"Dalam konteks Waskita Karya, upaya mewujudkan keberlanjutan tidak hanya bergantung pada inovasi dan efisiensi operasional, namun juga pada upaya kolaborasi yang harmonis dengan para pemangku kepentingan, termasuk investor, pemegang saham, dan pihak perbankan yang memberikan dukungan pinjaman.",293,37,,kolaborasi pemangku kepentingan untuk keberlanjutan,s,none,neutral,,governance|social,"Pernyataan tentang faktor-faktor dalam mewujudkan keberlanjutan, termasuk kolaborasi dengan pemangku kepentingan, tanpa evaluasi, sehingga sentimen netral.",none,llm_reprocess,none,True,False,False,False,False,llm_processing_bg_20260517T055230Z_2f49b9,"page_0036.md, page_0037.md",environmental-claims,/home/ubuntu/apps/benchmarks/model_download/models/environmental-claims,Local model,no,0.996255,False,climatebert_multi_20260526T074116Z_df720b,0.455
llm_9f4d231f9a1d,16,5,2026-05-17T06:33:52Z,arcee-ai/trinity-large-thinking:free,tone_zero_shot_indonesian.md,waskita_karya_SR2025_pdf/batch_19,waskita_karya_SR2025,True,"Melalui restrukturisasi utang dan pinjaman yang berhasil disepakati bersama, Waskita Karya mampu memperkuat fondasi keuangan dan operasionalnya, sekaligus membuka peluang baru untuk menciptakan nilai tambah yang berkelanjutan.",226,27,,restrukturisasi utang dan peluang berkelanjutan,g,outcome,positive,1.0,opportunity,"Pernyataan tentang hasil restrukturisasi utang yang memperkuat fondasi perusahaan dan menciptakan peluang berkelanjutan, menunjukkan evaluasi positif, sehingga sentimen positif.",outcome,llm_reprocess,outcome,True,False,False,False,False,llm_processing_bg_20260517T055230Z_2f49b9,"page_0036.md, page_0037.md",environmental-claims,/home/ubuntu/apps/benchmarks/model_download/models/environmental-claims,Local model,no,0.996132,False,climatebert_multi_20260526T074116Z_df720b,0.365
llm_e21b93367150,16,6,2026-05-17T06:33:52Z,arcee-ai/trinity-large-thinking:free,tone_zero_shot_indonesian.md,waskita_karya_SR2025_pdf/batch_19,waskita_karya_SR2025,True,"Untuk dapat mewujudkan keberlanjutan, pada tahun 2023 Waskita mendorong solidaritas sebagai prinsip naluriah yang harus dimiliki, baik oleh Perusahaan maupun oleh seluruh Insan Waskita. Solidaritas menjadi kunci untuk dapat mengembangkan operasi dan bisnis yang sadar akan dampak yang muncul, termasuk dampak atas lingkungan dan sosial. Melalui solidaritas, Waskita berharap mampu mewujudkan komitmen yang kuat untuk dapat secara bertahap menerapkan keberlanjutan dalam operasi dan bisnisnya.",492,64,,dampak lingkungan dan sosial,e,action,neutral,,climate-sentiment,"Pernyataan tentang tindakan mendorong solidaritas dan komitmen untuk menerapkan keberlanjutan, dengan kesadaran akan dampak lingkungan dan sosial, tanpa hasil terukur, sehingga sentimen netral.",action,llm_reprocess,action,True,False,True,True,False,llm_processing_bg_20260517T055230Z_2f49b9,"page_0036.md, page_0037.md",environmental-claims,/home/ubuntu/apps/benchmarks/model_download/models/environmental-claims,Local model,no,0.99732,False,climatebert_multi_20260526T074116Z_df720b,0.778
llm_a3dec1192c4f,16,7,2026-05-17T06:33:52Z,arcee-ai/trinity-large-thinking:free,tone_zero_shot_indonesian.md,waskita_karya_SR2025_pdf/batch_19,waskita_karya_SR2025,True,"Di tahun 2022 Waskita Karya telah berhasil melewati sejumlah tantangan dengan pencapaian yang positif sesuai dengan target jangka pendek dan jangka panjang, sekaligus telah menjalankan komitmennya untuk turut berperan dalam kemajuan pembangunan infrastruktur tanah air. Dalam rangka mendukung kelangsungan bisnisnya, Waskita telah menyusun 8 (delapan) stream penyebatan keuangan. Hal ini merupakan upaya Perusahaan agar dapat memenuhi pencapaian kinerja keberlanjutan, yang diimplementasikan antara lain melalui transformasi bisnis Perusahaan. Melalui penyebatan keuangan tersebut, Waskita berharap dapat melakukan optimasi serta meningkatkan efisiensi biaya, yang akhirnya membantu Waskita dalam meningkatkan daya saing dan meraih keunggulan. Di samping itu, dengan pencapaian tersebut, Waskita dapat terus menjaga sinergi budaya dan lingkungan.",846,105,,penyusunan stream penyebatan keuangan dan sinergi lingkungan,g,outcome,positive,1.0,opportunity|environmental-claims,"Pernyataan tentang pencapaian positif dalam mengatasi tantangan dan meningkatkan daya saing, serta menjaga sinergi lingkungan, menunjukkan evaluasi positif, sehingga sentimen positif.",outcome,llm_reprocess,outcome,True,False,False,True,False,llm_processing_bg_20260517T055230Z_2f49b9,"page_0036.md, page_0037.md",environmental-claims,/home/ubuntu/apps/benchmarks/model_download/models/environmental-claims,Local model,no,0.997373,False,climatebert_multi_20260526T074116Z_df720b,0.964
llm_9a84587a7e54,16,8,2026-05-17T06:33:52Z,arcee-ai/trinity-large-thinking:free,tone_zero_shot_indonesian.md,waskita_karya_SR2025_pdf/batch_19,waskita_karya_SR2025,True,"Selama tahun 2021, seiring transformasi bisnis yang dilakukan, Waskita Karya terus melanjutkan pencapaian kinerja keberlanjutan meliputi aspek ekonomi, lingkungan, serta sosial, sebagai wujud kontribusi kepada bangsa dan negara. Kinerja keberlanjutan Waskita tahun 2021 berfokus pada pemenuhan distribusi nilai ekonomi, pengurangan dampak buruk operasi terhadap lingkungan, serta pelaksanaan kegiatan pemberdayaan masyarakat melalui program Tanggung Jawab Sosial dan Lingkungan (TJSL). Atas pencapaian yang telah tercapai, pertumbuhan bisnis ke depan akan tercapai secara lebih kuat, menuju kontribusi maksimal dan berkelanjutan pada jangka panjang.",649,80,,kinerja keberlanjutan aspek lingkungan dan sosial,e,action,neutral,,metrics|risk|opportunity,"Pernyataan tentang kinerja keberlanjutan yang mencakup aspek ekonomi, lingkungan, dan sosial, dengan fokus pada pengurangan dampak lingkungan dan pemberdayaan masyarakat, tanpa evaluasi spesifik, sehingga sentimen netral.",action,llm_reprocess,action,True,False,False,True,False,llm_processing_bg_20260517T055230Z_2f49b9,"page_0036.md, page_0037.md",environmental-claims,/home/ubuntu/apps/benchmarks/model_download/models/environmental-claims,Local model,no,0.997608,False,climatebert_multi_20260526T074116Z_df720b,1.122
llm_4603608a62ec,16,9,2026-05-17T06:33:52Z,arcee-ai/trinity-large-thinking:free,tone_zero_shot_indonesian.md,waskita_karya_SR2025_pdf/batch_19,waskita_karya_SR2025,True,"PT Waskita Karya (Persero) Tbk berdiri sejak 1 Januari 1961, berkomitmen menghadirkan kualitas infrastruktur terbaik melalui produk dan layanan konstruksi yang unggul.",167,22,,infrastruktur berkualitas,none,none,none,,none,"Pernyataan tentang komitmen perusahaan untuk menyediakan infrastruktur berkualitas, tidak secara eksplisit terkait ESG, sehingga diabaikan.",none,llm_reprocess,none,True,False,False,False,False,llm_processing_bg_20260517T055230Z_2f49b9,"page_0036.md, page_0037.md",environmental-claims,/home/ubuntu/apps/benchmarks/model_download/models/environmental-claims,Local model,no,0.997597,False,climatebert_multi_20260526T074116Z_df720b,0.342
llm_45241fd9103f,16,10,2026-05-17T06:33:52Z,arcee-ai/trinity-large-thinking:free,tone_zero_shot_indonesian.md,waskita_karya_SR2025_pdf/batch_19,waskita_karya_SR2025,True,"We, the undersigned, hereby declare that all information in the 2025 Sustainability Report of PT Waskita Karya (Persero) Tbk has been presented completely and we are thus fully responsible for the truthfulness of the contents in this Sustainability Report of the Company.",271,42,,tanggung jawab laporan keberlanjutan,g,none,neutral,,governance,"Pernyataan dewan tentang tanggung jawab atas kebenaran laporan keberlanjutan, terkait tata kelola, tanpa evaluasi, sehingga sentimen netral.",none,llm_reprocess,none,True,False,False,False,False,llm_processing_bg_20260517T055230Z_2f49b9,"page_0036.md, page_0037.md",environmental-claims,/home/ubuntu/apps/benchmarks/model_download/models/environmental-claims,Local model,no,0.996103,False,climatebert_multi_20260526T074116Z_df720b,0.378
llm_316659bb9734,17,0,2026-05-17T06:33:58Z,arcee-ai/trinity-large-thinking:free,tone_few_shot_indonesian.md,waskita_karya_SR2025_pdf/batch_32,waskita_karya_SR2025,True,"PT Waskita Karya (Persero) Tbk berkomitmen kuat untuk melanjutkan agenda transformasi bisnis yang telah dijalankan pada tahun-tahun sebelumnya, sekaligus memperkuat fondasi keberlanjutan melalui pembangunan ekosistem usaha yang terintegrasi, adaptif, dan bernilai jangka panjang.",279,33,,komitmen terhadap keberlanjutan dan transformasi bisnis,e,commitment,neutral,,climate-commitment|strategy,Komitmen untuk membangun ekosistem berkelanjutan dan melanjutkan transformasi.,commitment,llm_reprocess,commitment,True,False,True,True,False,llm_processing_bg_20260517T055430Z_a3bfa6,"page_0062.md, page_0063.md",environmental-claims,/home/ubuntu/apps/benchmarks/model_download/models/environmental-claims,Local model,no,0.997248,False,climatebert_multi_20260526T074116Z_df720b,0.789
llm_d68bd2b516ad,17,1,2026-05-17T06:33:58Z,arcee-ai/trinity-large-thinking:free,tone_few_shot_indonesian.md,waskita_karya_SR2025_pdf/batch_32,waskita_karya_SR2025,True,"Perusahaan secara konsisten melakukan pembenahan menyeluruh, baik dari sisi keuangan, operasional, tata kelola, maupun manajemen risiko.",136,16,,pembenahan tata kelola dan manajemen risiko,g,action,neutral,,governance|risk,Tindakan pembenahan di bidang tata kelola dan manajemen risiko.,action,llm_reprocess,action,True,False,False,False,False,llm_processing_bg_20260517T055430Z_a3bfa6,"page_0062.md, page_0063.md",environmental-claims,/home/ubuntu/apps/benchmarks/model_download/models/environmental-claims,Local model,no,0.997187,False,climatebert_multi_20260526T074116Z_df720b,0.4
llm_5f4f9c19d59c,17,2,2026-05-17T06:33:58Z,arcee-ai/trinity-large-thinking:free,tone_few_shot_indonesian.md,waskita_karya_SR2025_pdf/batch_32,waskita_karya_SR2025,True,"Dengan demikian, Waskita tidak hanya berfokus pada pemulihan dan penguatan kinerja, tetapi juga memastikan bahwa setiap langkah transformasi yang dilakukan mampu menciptakan nilai tambah yang berkelanjutan, memperkuat ketahanan bisnis, serta memberikan manfaat optimal bagi seluruh pemangku kepentingan di masa mendatang.",321,40,,menciptakan nilai tambah berkelanjutan dan manfaat bagi pemangku kepentingan,s,outcome,positive,1.0,opportunity|strategy,Hasil berupa nilai tambah berkelanjutan dan manfaat bagi pemangku kepentingan.,outcome,llm_reprocess,outcome,True,False,False,False,False,llm_processing_bg_20260517T055430Z_a3bfa6,"page_0062.md, page_0063.md",environmental-claims,/home/ubuntu/apps/benchmarks/model_download/models/environmental-claims,Local model,no,0.994959,False,climatebert_multi_20260526T074116Z_df720b,0.765
llm_c848426934d2,17,3,2026-05-17T06:33:58Z,arcee-ai/trinity-large-thinking:free,tone_few_shot_indonesian.md,waskita_karya_SR2025_pdf/batch_32,waskita_karya_SR2025,True,Restrukturisasi dan transformasi adalah langkah strategis yang penting bagi Perusahaan dalam mencapai tujuan jangka panjang yang berkelanjutan.,143,17,,restrukturisasi untuk tujuan berkelanjutan,g,commitment,neutral,,climate-commitment|strategy,Komitmen strategis untuk tujuan jangka panjang berkelanjutan.,commitment,llm_reprocess,commitment,True,False,True,False,False,llm_processing_bg_20260517T055430Z_a3bfa6,"page_0062.md, page_0063.md",environmental-claims,/home/ubuntu/apps/benchmarks/model_download/models/environmental-claims,Local model,no,0.997143,False,climatebert_multi_20260526T074116Z_df720b,0.531
llm_340dab6bed8a,17,4,2026-05-17T06:33:58Z,arcee-ai/trinity-large-thinking:free,tone_few_shot_indonesian.md,waskita_karya_SR2025_pdf/batch_32,waskita_karya_SR2025,True,"Dalam konteks Waskita Karya, upaya mewujudkan keberlanjutan tidak hanya bergantung pada inovasi dan efisiensi operasional, namun juga pada upaya kolaborasi yang harmonis dengan para pemangku kepentingan, termasuk investor, pemegang saham, dan pihak perbankan yang memberikan dukungan pinjaman.",293,37,,kolaborasi pemangku kepentingan untuk keberlanjutan,g,action,neutral,,governance|opportunity,Kolaborasi dengan pemangku kepentingan dalam mewujudkan keberlanjutan.,action,llm_reprocess,action,True,False,False,False,False,llm_processing_bg_20260517T055430Z_a3bfa6,"page_0062.md, page_0063.md",environmental-claims,/home/ubuntu/apps/benchmarks/model_download/models/environmental-claims,Local model,no,0.996255,False,climatebert_multi_20260526T074116Z_df720b,0.662
llm_32ff6881e75a,17,5,2026-05-17T06:33:58Z,arcee-ai/trinity-large-thinking:free,tone_few_shot_indonesian.md,waskita_karya_SR2025_pdf/batch_32,waskita_karya_SR2025,True,"Melalui restrukturisasi utang dan pinjaman yang berhasil disepakati bersama, Waskita Karya mampu memperkuat fondasi keuangan dan operasionalnya, sekaligus membuka peluang baru untuk menciptakan nilai tambah yang berkelanjutan.",226,27,,penguatan fondasi keuangan melalui restrukturisasi utang,g,outcome,positive,1.0,governance|opportunity,Hasil restrukturisasi utang yang memperkuat fondasi dan menciptakan peluang berkelanjutan.,outcome,llm_reprocess,outcome,True,False,False,False,False,llm_processing_bg_20260517T055430Z_a3bfa6,"page_0062.md, page_0063.md",environmental-claims,/home/ubuntu/apps/benchmarks/model_download/models/environmental-claims,Local model,no,0.996132,False,climatebert_multi_20260526T074116Z_df720b,0.361
llm_83e44043d526,17,6,2026-05-17T06:33:58Z,arcee-ai/trinity-large-thinking:free,tone_few_shot_indonesian.md,waskita_karya_SR2025_pdf/batch_32,waskita_karya_SR2025,True,"Untuk dapat mewujudkan keberlanjutan, pada tahun 2023 Waskita mendorong solidaritas sebagai prinsip naluriah yang harus dimiliki, baik oleh Perusahaan maupun oleh seluruh Insan Waskita.",185,24,,mendorong solidaritas untuk keberlanjutan,s,commitment,neutral,,social|governance,Komitmen untuk menanamkan solidaritas sebagai prinsip keberlanjutan.,commitment,llm_reprocess,commitment,True,False,True,False,False,llm_processing_bg_20260517T055430Z_a3bfa6,"page_0062.md, page_0063.md",environmental-claims,/home/ubuntu/apps/benchmarks/model_download/models/environmental-claims,Local model,no,0.997042,False,climatebert_multi_20260526T074116Z_df720b,0.415
llm_31585b537214,17,7,2026-05-17T06:33:58Z,arcee-ai/trinity-large-thinking:free,tone_few_shot_indonesian.md,waskita_karya_SR2025_pdf/batch_32,waskita_karya_SR2025,True,"Solidaritas menjadi kunci untuk dapat mengembangkan operasi dan bisnis yang sadar akan dampak yang muncul, termasuk dampak atas lingkungan dan sosial.",150,21,,solidaritas sebagai kunci kesadaran dampak lingkungan dan sosial,s,none,neutral,,climate-sentiment|social,Pernyataan tentang pentingnya solidaritas dalam mengembangkan bisnis yang sadar dampak.,none,llm_reprocess,none,True,False,True,False,False,llm_processing_bg_20260517T055430Z_a3bfa6,"page_0062.md, page_0063.md",environmental-claims,/home/ubuntu/apps/benchmarks/model_download/models/environmental-claims,Local model,no,0.995462,False,climatebert_multi_20260526T074116Z_df720b,0.236
llm_e78e9d4787f4,17,8,2026-05-17T06:33:58Z,arcee-ai/trinity-large-thinking:free,tone_few_shot_indonesian.md,waskita_karya_SR2025_pdf/batch_32,waskita_karya_SR2025,True,"Melalui solidaritas, Waskita berharap mampu mewujudkan komitmen yang kuat untuk dapat secara bertahap menerapkan keberlanjutan dalam operasi dan bisnisnya.",155,19,,harapan mewujudkan komitmen keberlanjutan melalui solidaritas,s,commitment,neutral,,climate-commitment,Harapan untuk menerapkan keberlanjutan secara bertahap.,commitment,llm_reprocess,commitment,True,False,True,False,False,llm_processing_bg_20260517T055430Z_a3bfa6,"page_0062.md, page_0063.md",environmental-claims,/home/ubuntu/apps/benchmarks/model_download/models/environmental-claims,Local model,no,0.99603,False,climatebert_multi_20260526T074116Z_df720b,0.501
llm_73ce81978cec,17,9,2026-05-17T06:33:58Z,arcee-ai/trinity-large-thinking:free,tone_few_shot_indonesian.md,waskita_karya_SR2025_pdf/batch_32,waskita_karya_SR2025,True,"Di tahun 2022 Waskita Karya telah berhasil melewati sejumlah tantangan dengan pencapaian yang positif sesuai dengan target jangka pendek dan jangka panjang, sekaligus telah menjalankan komitmennya untuk turut berperan dalam kemajuan pembangunan infrastruktur tanah air.",269,35,,pencapaian positif dan komitmen terhadap infrastruktur,s,outcome,positive,1.0,opportunity|strategy,Pencapaian positif yang sesuai target dan komitmen terhadap pembangunan nasional.,outcome,llm_reprocess,outcome,True,False,False,False,False,llm_processing_bg_20260517T055430Z_a3bfa6,"page_0062.md, page_0063.md",environmental-claims,/home/ubuntu/apps/benchmarks/model_download/models/environmental-claims,Local model,no,0.996936,False,climatebert_multi_20260526T074116Z_df720b,0.465
llm_6e84ea5f4b21,17,10,2026-05-17T06:33:58Z,arcee-ai/trinity-large-thinking:free,tone_few_shot_indonesian.md,waskita_karya_SR2025_pdf/batch_32,waskita_karya_SR2025,True,"Dalam rangka mendukung kelangsungan bisnisnya, Waskita telah menyusun 8 (delapan) stream penyebatan keuangan. Hal ini merupakan upaya Perusahaan agar dapat memenuhi pencapaian kinerja keberlanjutan, yang diimplementasikan antara lain melalui transformasi bisnis Perusahaan.",273,32,,penyusunan stream keuangan untuk kinerja keberlanjutan,g,action,neutral,,governance|strategy,Upaya penyusunan strategi keuangan untuk mencapai kinerja keberlanjutan.,action,llm_reprocess,action,True,False,False,False,False,llm_processing_bg_20260517T055430Z_a3bfa6,"page_0062.md, page_0063.md",environmental-claims,/home/ubuntu/apps/benchmarks/model_download/models/environmental-claims,Local model,no,0.996592,False,climatebert_multi_20260526T074116Z_df720b,0.685
llm_0ff3f26f5af2,17,11,2026-05-17T06:33:58Z,arcee-ai/trinity-large-thinking:free,tone_few_shot_indonesian.md,waskita_karya_SR2025_pdf/batch_32,waskita_karya_SR2025,True,"Melalui penyebatan keuangan tersebut, Waskita berharap dapat melakukan optimasi serta meningkatkan efisiensi biaya, yang akhirnya membantu Waskita dalam meningkatkan daya saing dan meraih keunggulan.",199,24,,optimasi dan efisiensi biaya untuk daya saing,g,commitment,positive,1.0,opportunity,Harapan untuk meningkatkan efisiensi dan daya saing.,commitment,llm_reprocess,commitment,True,False,True,False,False,llm_processing_bg_20260517T055430Z_a3bfa6,"page_0062.md, page_0063.md",environmental-claims,/home/ubuntu/apps/benchmarks/model_download/models/environmental-claims,Local model,no,0.996149,False,climatebert_multi_20260526T074116Z_df720b,0.32
llm_552b76edba9e,17,12,2026-05-17T06:33:58Z,arcee-ai/trinity-large-thinking:free,tone_few_shot_indonesian.md,waskita_karya_SR2025_pdf/batch_32,waskita_karya_SR2025,True,"Di samping itu, dengan pencapaian tersebut, Waskita dapat terus menjaga sinergi budaya dan lingkungan.",102,14,,menjaga sinergi budaya dan lingkungan,e,outcome,positive,1.0,environmental-claims|social,Pencapaian yang memungkinkan menjaga sinergi lingkungan dan budaya.,outcome,llm_reprocess,outcome,True,False,False,True,False,llm_processing_bg_20260517T055430Z_a3bfa6,"page_0062.md, page_0063.md",environmental-claims,/home/ubuntu/apps/benchmarks/model_download/models/environmental-claims,Local model,no,0.996204,False,climatebert_multi_20260526T074116Z_df720b,0.396
llm_1aa775bd548c,17,13,2026-05-17T06:33:58Z,arcee-ai/trinity-large-thinking:free,tone_few_shot_indonesian.md,waskita_karya_SR2025_pdf/batch_32,waskita_karya_SR2025,True,"Selama tahun 2021, seiring transformasi bisnis yang dilakukan, Waskita Karya terus melanjutkan pencapaian kinerja keberlanjutan meliputi aspek ekonomi, lingkungan, serta sosial, sebagai wujud kontribusi kepada bangsa dan negara.",228,28,,"pencapaian kinerja keberlanjutan di bidang ekonomi, lingkungan, dan sosial",e,outcome,positive,1.0,metrics|climate-d,"Pencapaian kinerja keberlanjutan yang mencakup aspek ekonomi, lingkungan, dan sosial.",outcome,llm_reprocess,outcome,True,False,True,True,True,llm_processing_bg_20260517T055430Z_a3bfa6,"page_0062.md, page_0063.md",environmental-claims,/home/ubuntu/apps/benchmarks/model_download/models/environmental-claims,Local model,no,0.996986,False,climatebert_multi_20260526T074116Z_df720b,0.437
llm_04fb8b705860,17,14,2026-05-17T06:33:58Z,arcee-ai/trinity-large-thinking:free,tone_few_shot_indonesian.md,waskita_karya_SR2025_pdf/batch_32,waskita_karya_SR2025,True,"Kinerja keberlanjutan Waskita tahun 2021 berfokus pada pemenuhan distribusi nilai ekonomi, pengurangan dampak buruk operasi terhadap lingkungan, serta pelaksanaan kegiatan pemberdayaan masyarakat melalui program Tanggung Jawab Sosial dan Lingkungan (TJSL).",256,30,,"fokus kinerja keberlanjutan pada distribusi nilai ekonomi, pengurangan dampak lingkungan, dan pemberdayaan masyarakat",e,outcome,positive,1.0,metrics|climate-d-s|social,Fokus pada pengurangan dampak lingkungan dan pemberdayaan masyarakat.,outcome,llm_reprocess,outcome,True,False,True,True,True,llm_processing_bg_20260517T055430Z_a3bfa6,"page_0062.md, page_0063.md",environmental-claims,/home/ubuntu/apps/benchmarks/model_download/models/environmental-claims,Local model,no,0.996805,False,climatebert_multi_20260526T074116Z_df720b,0.43
llm_245b76162ac0,17,15,2026-05-17T06:33:58Z,arcee-ai/trinity-large-thinking:free,tone_few_shot_indonesian.md,waskita_karya_SR2025_pdf/batch_32,waskita_karya_SR2025,True,"Atas pencapaian yang telah tercapai, pertumbuhan bisnis ke depan akan tercapai secara lebih kuat, menuju kontribusi maksimal dan berkelanjutan pada jangka panjang.",163,22,,pertumbuhan bisnis berkelanjutan di masa depan,s,commitment,positive,1.0,climate-commitment|opportunity,Komitmen untuk pertumbuhan bisnis berkelanjutan.,commitment,llm_reprocess,commitment,True,False,True,False,False,llm_processing_bg_20260517T055430Z_a3bfa6,"page_0062.md, page_0063.md",environmental-claims,/home/ubuntu/apps/benchmarks/model_download/models/environmental-claims,Local model,no,0.996081,False,climatebert_multi_20260526T074116Z_df720b,0.33
llm_baee5e107945,17,16,2026-05-17T06:33:58Z,arcee-ai/trinity-large-thinking:free,tone_few_shot_indonesian.md,waskita_karya_SR2025_pdf/batch_32,waskita_karya_SR2025,True,"Pada tahun 2025, Waskita mencatatkan kinerja yang positif, ditandai dengan meningkatnya jumlah perolehan Nilai Kontrak Baru yang dikerjakan sebesar 131,15% dibandingkan tahun 2024.",180,23,,peningkatan Nilai Kontrak Baru,g,outcome,positive,1.0,metrics|opportunity,Pencapaian kinerja ekonomi yang positif.,outcome,llm_reprocess,outcome,True,False,False,False,False,llm_processing_bg_20260517T055430Z_a3bfa6,"page_0062.md, page_0063.md",environmental-claims,/home/ubuntu/apps/benchmarks/model_download/models/environmental-claims,Local model,no,0.997744,False,climatebert_multi_20260526T074116Z_df720b,0.319
llm_193c1d501963,17,17,2026-05-17T06:33:58Z,arcee-ai/trinity-large-thinking:free,tone_few_shot_indonesian.md,waskita_karya_SR2025_pdf/batch_32,waskita_karya_SR2025,True,BEST ENERGY,11,2,,penghargaan ESG untuk energi,e,outcome,positive,1.0,environmental-claims|opportunity,Penghargaan atas kinerja energi yang baik.,outcome,llm_reprocess,outcome,True,False,False,True,False,llm_processing_bg_20260517T055430Z_a3bfa6,"page_0062.md, page_0063.md",environmental-claims,/home/ubuntu/apps/benchmarks/model_download/models/environmental-claims,Local model,no,0.997507,False,climatebert_multi_20260526T074116Z_df720b,0.108
llm_9ed8336d8691,18,0,2026-05-17T06:33:59Z,arcee-ai/trinity-large-thinking:free,tone_zero_shot_indonesian.md,waskita_karya_SR2025_pdf/batch_20,waskita_karya_SR2025,True,"PT Waskita Karya (Persero) Tbk berkomitmen kuat untuk melanjutkan agenda transformasi bisnis yang telah dijalankan pada tahun-tahun sebelumnya, sekaligus memperkuat fondasi keberlanjutan melalui pembangunan ekosistem usaha yang terintegrasi, adaptif, dan bernilai jangka panjang.",279,33,,climate-commitment,g,commitment,neutral,,climate-commitment|strategy,"Teks secara eksplisit menyatakan komitmen kuat untuk melanjutkan transformasi bisnis dan memperkuat fondasi keberlanjutan, yang merupakan rencana masa depan (commitment) tanpa evaluasi hasil (neutral sentiment).",commitment,llm_reprocess,commitment,True,False,True,False,False,llm_processing_bg_20260517T055230Z_2f49b9,"page_0038.md, page_0039.md",environmental-claims,/home/ubuntu/apps/benchmarks/model_download/models/environmental-claims,Local model,no,0.997248,False,climatebert_multi_20260526T074116Z_df720b,0.583
llm_bb3994095065,18,1,2026-05-17T06:33:59Z,arcee-ai/trinity-large-thinking:free,tone_zero_shot_indonesian.md,waskita_karya_SR2025_pdf/batch_20,waskita_karya_SR2025,True,"Melalui restrukturisasi utang dan pinjaman yang berhasil disepakati bersama, Waskita Karya mampu memperkuat fondasi keuangan dan operasionalnya, sekaligus membuka peluang baru untuk menciptakan nilai tambah yang berkelanjutan.",226,27,,climate-d,g,outcome,positive,1.0,climate-d|governance|opportunity,"Pernyataan ini menggambarkan hasil yang sudah dicapai (outcome) dari restrukturisasi utang yang berhasil, yang memperkuat fondasi keuangan dan menciptakan peluang baru (positive sentiment).",outcome,llm_reprocess,outcome,True,False,True,False,True,llm_processing_bg_20260517T055230Z_2f49b9,"page_0038.md, page_0039.md",environmental-claims,/home/ubuntu/apps/benchmarks/model_download/models/environmental-claims,Local model,no,0.996132,False,climatebert_multi_20260526T074116Z_df720b,0.505
llm_f3ac6155000c,18,2,2026-05-17T06:33:59Z,arcee-ai/trinity-large-thinking:free,tone_zero_shot_indonesian.md,waskita_karya_SR2025_pdf/batch_20,waskita_karya_SR2025,True,"Untuk dapat mewujudkan keberlanjutan, pada tahun 2023 Waskita mendorong solidaritas sebagai prinsip naluriah yang harus dimiliki, baik oleh Perusahaan maupun oleh seluruh Insan Waskita.",185,24,,climate-commitment,s,commitment,neutral,,climate-commitment|social,"Teks menyatakan dorongan untuk menerapkan solidaritas sebagai prinsip dalam mewujudkan keberlanjutan, yang merupakan komitmen masa depan (commitment) tanpa evaluasi hasil (neutral sentiment).",commitment,llm_reprocess,commitment,True,False,True,False,False,llm_processing_bg_20260517T055230Z_2f49b9,"page_0038.md, page_0039.md",environmental-claims,/home/ubuntu/apps/benchmarks/model_download/models/environmental-claims,Local model,no,0.997042,False,climatebert_multi_20260526T074116Z_df720b,0.42
llm_06b965749f4e,18,3,2026-05-17T06:33:59Z,arcee-ai/trinity-large-thinking:free,tone_zero_shot_indonesian.md,waskita_karya_SR2025_pdf/batch_20,waskita_karya_SR2025,True,"Waskita Karya terus melanjutkan pencapaian kinerja keberlanjutan meliputi aspek ekonomi, lingkungan, serta sosial, sebagai wujud kontribusi kepada bangsa dan negara.",165,20,,climate-d,e,action,neutral,,climate-d|environmental-claims,"Pernyataan ini menggambarkan tindakan yang sedang dilanjutkan (action) dalam mencapai kinerja keberlanjutan di berbagai aspek, tanpa menyebutkan hasil terukur (neutral sentiment).",action,llm_reprocess,action,True,False,True,True,True,llm_processing_bg_20260517T055230Z_2f49b9,"page_0038.md, page_0039.md",environmental-claims,/home/ubuntu/apps/benchmarks/model_download/models/environmental-claims,Local model,no,0.994478,False,climatebert_multi_20260526T074116Z_df720b,0.426
llm_d1b0effe388b,18,4,2026-05-17T06:33:59Z,arcee-ai/trinity-large-thinking:free,tone_zero_shot_indonesian.md,waskita_karya_SR2025_pdf/batch_20,waskita_karya_SR2025,True,"Kinerja keberlanjutan Waskita tahun 2021 berfokus pada pemenuhan distribusi nilai ekonomi, pengurangan dampak buruk operasi terhadap lingkungan, serta pelaksanaan kegiatan pemberdayaan masyarakat melalui program Tanggung Jawab Sosial dan Lingkungan (TJSL).",256,30,,climate-d,e,action,neutral,,climate-d|environmental-claims|social,"Teks menggambarkan fokus kinerja keberlanjutan pada aspek lingkungan dan sosial, yang merupakan tindakan yang sedang dilakukan (action) tanpa menyebutkan hasil terukur (neutral sentiment).",action,llm_reprocess,action,True,False,True,True,True,llm_processing_bg_20260517T055230Z_2f49b9,"page_0038.md, page_0039.md",environmental-claims,/home/ubuntu/apps/benchmarks/model_download/models/environmental-claims,Local model,no,0.996805,False,climatebert_multi_20260526T074116Z_df720b,0.446
llm_65381728369b,18,5,2026-05-17T06:33:59Z,arcee-ai/trinity-large-thinking:free,tone_zero_shot_indonesian.md,waskita_karya_SR2025_pdf/batch_20,waskita_karya_SR2025,True,"Pada tahun 2025, Waskita mencatatkan kinerja yang positif, ditandai dengan meningkatnya jumlah perolehan Nilai Kontrak Baru yang dikerjakan sebesar 131,15% dibandingkan tahun 2024.",180,23,,metrics,e,outcome,positive,1.0,metrics|opportunity,"Pernyataan ini menyajikan data kuantitatif (metrics) tentang peningkatan kinerja (outcome) yang positif, menunjukkan hasil yang dicapai (positive sentiment).",outcome,llm_reprocess,outcome,True,False,False,True,False,llm_processing_bg_20260517T055230Z_2f49b9,"page_0038.md, page_0039.md",environmental-claims,/home/ubuntu/apps/benchmarks/model_download/models/environmental-claims,Local model,no,0.997744,False,climatebert_multi_20260526T074116Z_df720b,0.386
llm_ab443b494fa5,19,0,2026-05-17T06:34:04Z,arcee-ai/trinity-large-thinking:free,tone_zero_shot_indonesian.md,superbank_laporan-keberlanjutan-2025_pdf/batch_9,superbank_laporan-keberlanjutan-2025,True,"Mendorong perbankan digital berkelanjutan melalui pengembangan tata kelola dan pengelolaan risiko iklim pada portofolio perbankan, operasional ramah lingkungan, dan smart green office, dengan mengurangi dampak lingkungan kami sekaligus mempromosikan keuangan yang bertanggung jawab.",282,33,,environmental sustainability and climate governance,e,action,neutral,,climate-d|climate-commitment|governance|strategy,"Aspek keberlanjutan lingkungan dan tata kelola iklim; label climate-d, climate-commitment, governance, strategy; tone action karena menggambarkan inisiatif; sentiment neutral karena pernyataan deskriptif.",action,llm_reprocess,action,True,False,True,True,True,llm_processing_bg_20260517T060429Z_fe6718,"page_0016.md, page_0017.md",environmental-claims,/home/ubuntu/apps/benchmarks/model_download/models/environmental-claims,Local model,no,0.996321,False,climatebert_multi_20260526T074116Z_df720b,0.421
llm_ed90fd901030,19,1,2026-05-17T06:34:04Z,arcee-ai/trinity-large-thinking:free,tone_zero_shot_indonesian.md,superbank_laporan-keberlanjutan-2025_pdf/batch_9,superbank_laporan-keberlanjutan-2025,True,"Memastikan privasi data dan keamanan digital, menghadirkan pengalaman perbankan digital yang aman dan sesuai dengan regulasi, serta mendukung terciptanya lingkungan kerja yang aman, sehat, dan suportif bagi seluruh karyawan.",224,29,,data privacy and workplace safety,g,action,positive,1.0,governance|strategy,"Aspek tata kelola data dan keselamatan kerja; label governance, strategy; tone action karena menggambarkan tindakan; sentiment positive karena fokus pada perlindungan dan kepatuhan.",action,llm_reprocess,action,True,False,False,False,False,llm_processing_bg_20260517T060429Z_fe6718,"page_0016.md, page_0017.md",environmental-claims,/home/ubuntu/apps/benchmarks/model_download/models/environmental-claims,Local model,no,0.997219,False,climatebert_multi_20260526T074116Z_df720b,0.326
llm_163fd97c637a,19,2,2026-05-17T06:34:04Z,arcee-ai/trinity-large-thinking:free,tone_zero_shot_indonesian.md,superbank_laporan-keberlanjutan-2025_pdf/batch_9,superbank_laporan-keberlanjutan-2025,True,"Memberdayakan komunitas underbanked dan pelaku UMKM melalui layanan perbankan yang mudah diakses, menawarkan solusi keuangan inklusif, pinjaman yang disesuaikan, dan transaksi digital yang lancar untuk mendorong pertumbuhan ekonomi dan kemandirian finansial yang berkelanjutan.",277,33,,financial inclusion for underbanked and UMKM,s,action,positive,1.0,opportunity|strategy,"Aspek inklusi keuangan dan pemberdayaan UMKM; label opportunity, strategy; tone action karena menggambarkan inisiatif; sentiment positive karena manfaat sosial.",action,llm_reprocess,action,True,False,False,False,False,llm_processing_bg_20260517T060429Z_fe6718,"page_0016.md, page_0017.md",environmental-claims,/home/ubuntu/apps/benchmarks/model_download/models/environmental-claims,Local model,no,0.995496,False,climatebert_multi_20260526T074116Z_df720b,0.671
llm_1dc39e2b691d,19,3,2026-05-17T06:34:04Z,arcee-ai/trinity-large-thinking:free,tone_zero_shot_indonesian.md,superbank_laporan-keberlanjutan-2025_pdf/batch_9,superbank_laporan-keberlanjutan-2025,True,Mendukung kepemimpinan perempuan dengan membina pemimpin perempuan dan memberdayakan pengusaha perempuan di sektor UMKM melalui solusi pembiayaan.,146,17,,women's leadership and empowerment,s,action,positive,1.0,opportunity|strategy,"Aspek pemberdayaan perempuan dalam kepemimpinan dan kewirausahaan; label opportunity, strategy; tone action karena menggambarkan dukungan; sentiment positive karena kesetaraan gender.",action,llm_reprocess,action,True,False,False,False,False,llm_processing_bg_20260517T060429Z_fe6718,"page_0016.md, page_0017.md",environmental-claims,/home/ubuntu/apps/benchmarks/model_download/models/environmental-claims,Local model,no,0.995579,False,climatebert_multi_20260526T074116Z_df720b,0.446
llm_85c9db7f0642,19,4,2026-05-17T06:34:04Z,arcee-ai/trinity-large-thinking:free,tone_zero_shot_indonesian.md,superbank_laporan-keberlanjutan-2025_pdf/batch_9,superbank_laporan-keberlanjutan-2025,True,Superbank berkomitmen untuk meminimalkan jejak ekologis operasional melalui penerapan smart green office dan inovasi teknologi yang efisien.,140,17,,environmental commitment,e,commitment,neutral,,climate-commitment|strategy,"Aspek komitmen lingkungan; label climate-commitment, strategy; tone commitment karena pernyataan niat masa depan; sentiment neutral karena bukan evaluasi.",commitment,llm_reprocess,commitment,True,False,True,True,False,llm_processing_bg_20260517T060429Z_fe6718,"page_0016.md, page_0017.md",environmental-claims,/home/ubuntu/apps/benchmarks/model_download/models/environmental-claims,Local model,no,0.995385,False,climatebert_multi_20260526T074116Z_df720b,0.26
llm_11c014060d79,19,5,2026-05-17T06:34:04Z,arcee-ai/trinity-large-thinking:free,tone_zero_shot_indonesian.md,superbank_laporan-keberlanjutan-2025_pdf/batch_9,superbank_laporan-keberlanjutan-2025,True,"Kami menyadari bahwa tanggung jawab lingkungan tidak hanya berhenti pada kepatuhan, tetapi juga mencakup upaya proaktif dalam mengelola sumber daya, energi, dan emisi demi keberlanjutan jangka panjang.",201,27,,environmental responsibility,e,none,neutral,,strategy,Aspek tanggung jawab lingkungan; label strategy; tone none karena pernyataan umum; sentiment neutral karena tidak ada evaluasi.,none,llm_reprocess,none,True,False,False,True,False,llm_processing_bg_20260517T060429Z_fe6718,"page_0016.md, page_0017.md",environmental-claims,/home/ubuntu/apps/benchmarks/model_download/models/environmental-claims,Local model,no,0.99511,False,climatebert_multi_20260526T074116Z_df720b,0.396
llm_a0d2774a4200,19,6,2026-05-17T06:34:04Z,arcee-ai/trinity-large-thinking:free,tone_zero_shot_indonesian.md,superbank_laporan-keberlanjutan-2025_pdf/batch_9,superbank_laporan-keberlanjutan-2025,True,"193.534,31 kWh Peningkatan sebesar 14,6% dari tahun sebelumnya sejalan dengan ekspansi operasional bisnis dan pertambahan jumlah karyawan, namun tetap dikelola dalam koridor efisiensi yang ketat.",195,25,,energy consumption and efficiency,e,outcome,positive,1.0,metrics|climate-d,Aspek konsumsi energi dan efisiensi; label metrics; tone outcome karena data kinerja; sentiment positive karena upaya efisiensi.,outcome,llm_reprocess,outcome,True,False,True,True,True,llm_processing_bg_20260517T060429Z_fe6718,"page_0016.md, page_0017.md",environmental-claims,/home/ubuntu/apps/benchmarks/model_download/models/environmental-claims,Local model,no,0.997956,False,climatebert_multi_20260526T074116Z_df720b,0.46
llm_fbe1e05fe59e,19,7,2026-05-17T06:34:04Z,arcee-ai/trinity-large-thinking:free,tone_zero_shot_indonesian.md,superbank_laporan-keberlanjutan-2025_pdf/batch_9,superbank_laporan-keberlanjutan-2025,True,Kemitraan ini menghasilkan penanaman pohon yang merupakan langkah dan kontribusi nyata bagi agenda aksi iklim Indonesia serta upaya menjaga keseimbangan ekosistem dan keanekaragaman hayati.,189,24,,biodiversity and climate action,e,outcome,positive,1.0,climate-d|opportunity,"Aspek aksi iklim dan keanekaragaman hayati; label climate-d, opportunity; tone outcome karena hasil kemitraan; sentiment positive karena kontribusi nyata.",outcome,llm_reprocess,outcome,True,False,True,True,True,llm_processing_bg_20260517T060429Z_fe6718,"page_0016.md, page_0017.md",environmental-claims,/home/ubuntu/apps/benchmarks/model_download/models/environmental-claims,Local model,no,0.99485,False,climatebert_multi_20260526T074116Z_df720b,0.335
llm_e49658782535,19,8,2026-05-17T06:34:04Z,arcee-ai/trinity-large-thinking:free,tone_zero_shot_indonesian.md,superbank_laporan-keberlanjutan-2025_pdf/batch_9,superbank_laporan-keberlanjutan-2025,True,Program ini berhasil mengurangi potensi limbah sebanyak lebih dari 500 botol plastik setiap bulannya dalam lingkungan kantor.,125,17,,waste reduction,e,outcome,positive,1.0,environmental-claims|metrics,"Aspek pengurangan limbah plastik; label environmental-claims, metrics; tone outcome karena pencapaian; sentiment positive karena pengurangan limbah.",outcome,llm_reprocess,outcome,True,False,False,True,False,llm_processing_bg_20260517T060429Z_fe6718,"page_0016.md, page_0017.md",environmental-claims,/home/ubuntu/apps/benchmarks/model_download/models/environmental-claims,Local model,no,0.995366,False,climatebert_multi_20260526T074116Z_df720b,0.307
llm_9574e28d6759,19,9,2026-05-17T06:34:04Z,arcee-ai/trinity-large-thinking:free,tone_zero_shot_indonesian.md,superbank_laporan-keberlanjutan-2025_pdf/batch_9,superbank_laporan-keberlanjutan-2025,True,"Sepanjang periode pelaporan, tidak terdapat pengaduan yang masuk terkait masalah lingkungan hidup, serta tidak ada sanksi moneter maupun non-moneter yang dikenakan kepada Bank terkait ketidakpatuhan terhadap regulasi lingkungan.",228,28,,environmental compliance,e,outcome,positive,1.0,risk|governance,"Aspek kepatuhan lingkungan; label risk, governance; tone outcome karena tidak ada pengaduan; sentiment positive karena kepatuhan regulasi.",outcome,llm_reprocess,outcome,True,False,False,True,False,llm_processing_bg_20260517T060429Z_fe6718,"page_0016.md, page_0017.md",environmental-claims,/home/ubuntu/apps/benchmarks/model_download/models/environmental-claims,Local model,no,0.996555,False,climatebert_multi_20260526T074116Z_df720b,0.607
llm_b5dade030f90,19,10,2026-05-17T06:34:04Z,arcee-ai/trinity-large-thinking:free,tone_zero_shot_indonesian.md,superbank_laporan-keberlanjutan-2025_pdf/batch_9,superbank_laporan-keberlanjutan-2025,True,"Persentase Perempuan di Posisi Kepemimpinan (Komisaris, Direksi, dan Manajemen Senior) | 57% | 57% | - ",103,16,,gender diversity in leadership,s,outcome,neutral,,metrics|opportunity,Aspek keragaman gender di kepemimpinan; label metrics; tone outcome karena data kinerja; sentiment neutral karena tidak ada perubahan.,outcome,llm_reprocess,outcome,True,False,False,False,False,llm_processing_bg_20260517T060429Z_fe6718,"page_0016.md, page_0017.md",environmental-claims,/home/ubuntu/apps/benchmarks/model_download/models/environmental-claims,Local model,no,0.998539,False,climatebert_multi_20260526T074116Z_df720b,0.381
llm_615d26820642,19,11,2026-05-17T06:34:04Z,arcee-ai/trinity-large-thinking:free,tone_zero_shot_indonesian.md,superbank_laporan-keberlanjutan-2025_pdf/batch_9,superbank_laporan-keberlanjutan-2025,True,"Jumlah Rata-rata Jam Pelatihan per Karyawan | 46 | 30 | ↑ 53,3% ",64,13,,employee training,s,outcome,positive,1.0,metrics|strategy,Aspek pelatihan karyawan; label metrics; tone outcome karena peningkatan; sentiment positive karena peningkatan jam pelatihan.,outcome,llm_reprocess,outcome,True,False,False,False,False,llm_processing_bg_20260517T060429Z_fe6718,"page_0016.md, page_0017.md",environmental-claims,/home/ubuntu/apps/benchmarks/model_download/models/environmental-claims,Local model,no,0.998573,False,climatebert_multi_20260526T074116Z_df720b,0.443
llm_4915482529df,19,12,2026-05-17T06:34:04Z,arcee-ai/trinity-large-thinking:free,tone_zero_shot_indonesian.md,superbank_laporan-keberlanjutan-2025_pdf/batch_9,superbank_laporan-keberlanjutan-2025,True,"Realisasi Dana untuk Kegiatan Tanggung Jawab Sosial dan Lingkungan (Rp juta) | 140 | 23 | ↑ 508,7% ",99,18,,CSR funding,s,outcome,positive,1.0,metrics|opportunity,Aspek pendanaan CSR; label metrics; tone outcome karena peningkatan signifikan; sentiment positive karena peningkatan investasi sosial.,outcome,llm_reprocess,outcome,True,False,False,False,False,llm_processing_bg_20260517T060429Z_fe6718,"page_0016.md, page_0017.md",environmental-claims,/home/ubuntu/apps/benchmarks/model_download/models/environmental-claims,Local model,no,0.998452,False,climatebert_multi_20260526T074116Z_df720b,0.405
llm_bd1aaed41f98,19,13,2026-05-17T06:34:04Z,arcee-ai/trinity-large-thinking:free,tone_zero_shot_indonesian.md,superbank_laporan-keberlanjutan-2025_pdf/batch_9,superbank_laporan-keberlanjutan-2025,True,"Jumlah Kegiatan Literasi Keuangan | 15 | 16 | (6,3)% ",53,10,,financial literacy programs,s,outcome,negative,-1.0,metrics|strategy,Aspek kegiatan literasi keuangan; label metrics; tone outcome karena penurunan jumlah kegiatan; sentiment negative karena penurunan.,outcome,llm_reprocess,outcome,True,False,False,False,False,llm_processing_bg_20260517T060429Z_fe6718,"page_0016.md, page_0017.md",environmental-claims,/home/ubuntu/apps/benchmarks/model_download/models/environmental-claims,Local model,no,0.998455,False,climatebert_multi_20260526T074116Z_df720b,0.253
llm_ca3f4cc94ced,19,14,2026-05-17T06:34:04Z,arcee-ai/trinity-large-thinking:free,tone_zero_shot_indonesian.md,superbank_laporan-keberlanjutan-2025_pdf/batch_9,superbank_laporan-keberlanjutan-2025,True,"Jumlah Peserta Kegiatan Literasi Keuangan | 930 | 1.527 | (39,1)% ",66,11,,financial literacy participation,s,outcome,negative,-1.0,metrics,Aspek partisipasi literasi keuangan; label metrics; tone outcome karena penurunan partisipasi; sentiment negative karena penurunan signifikan.,outcome,llm_reprocess,outcome,True,False,False,False,False,llm_processing_bg_20260517T060429Z_fe6718,"page_0016.md, page_0017.md",environmental-claims,/home/ubuntu/apps/benchmarks/model_download/models/environmental-claims,Local model,no,0.998439,False,climatebert_multi_20260526T074116Z_df720b,0.257
llm_a65e7297d587,19,15,2026-05-17T06:34:04Z,arcee-ai/trinity-large-thinking:free,tone_zero_shot_indonesian.md,superbank_laporan-keberlanjutan-2025_pdf/batch_9,superbank_laporan-keberlanjutan-2025,True,"Superbank memastikan aplikasi perbankannya dapat diakses oleh siapa saja dan di mana saja, selama mereka memiliki koneksi internet. Fokus utama kami adalah melayani populasi underbanked dengan membuka akses yang setara khususnya bagi masyarakat yang belum terjangkau layanan perbankan secara optimal.",300,40,,accessibility and financial inclusion,s,action,positive,1.0,opportunity|strategy,"Aspek aksesibilitas layanan perbankan; label opportunity, strategy; tone action karena menggambarkan tindakan; sentiment positive karena inklusi keuangan.",action,llm_reprocess,action,True,False,False,False,False,llm_processing_bg_20260517T060429Z_fe6718,"page_0016.md, page_0017.md",environmental-claims,/home/ubuntu/apps/benchmarks/model_download/models/environmental-claims,Local model,no,0.99566,False,climatebert_multi_20260526T074116Z_df720b,0.617
llm_65c379cc0fd3,19,16,2026-05-17T06:34:04Z,arcee-ai/trinity-large-thinking:free,tone_zero_shot_indonesian.md,superbank_laporan-keberlanjutan-2025_pdf/batch_9,superbank_laporan-keberlanjutan-2025,True,"Sepanjang tahun 2025, Bank tidak mencatat adanya insiden maupun pengaduan nasabah terkait kebocoran data, yang mencerminkan komitmen Bank dalam menjaga kepercayaan nasabah serta mendukung praktik perbankan yang berkelanjutan dan bertanggung jawab.",247,31,,data security and customer trust,g,outcome,positive,1.0,risk|governance,"Aspek keamanan data dan kepercayaan nasabah; label risk, governance; tone outcome karena tidak ada insiden; sentiment positive karena keamanan data.",outcome,llm_reprocess,outcome,True,False,False,False,False,llm_processing_bg_20260517T060429Z_fe6718,"page_0016.md, page_0017.md",environmental-claims,/home/ubuntu/apps/benchmarks/model_download/models/environmental-claims,Local model,no,0.99597,False,climatebert_multi_20260526T074116Z_df720b,0.567
llm_50a41e1e4720,20,0,2026-05-17T06:34:09Z,arcee-ai/trinity-large-thinking:free,tone_few_shot_indonesian.md,ABM_2025_ABMM_SR_2025_pdf/batch_39,ABM_2025_ABMM_SR_2025,True,"Total energy consumption within the organization: 10,618,329.24 GJ",66,8,,total energy consumption,e,outcome,neutral,,metrics|environmental-claims,Stating total energy consumption as a metric without positive or negative evaluation.,outcome,llm_reprocess,outcome,True,False,False,True,False,llm_processing_bg_20260517T055913Z_fec288,"page_0076.md, page_0077.md",environmental-claims,/home/ubuntu/apps/benchmarks/model_download/models/environmental-claims,Local model,no,0.996972,False,climatebert_multi_20260526T074116Z_df720b,0.201
llm_3166d9550a6e,20,1,2026-05-17T06:34:09Z,arcee-ai/trinity-large-thinking:free,tone_few_shot_indonesian.md,ABM_2025_ABMM_SR_2025_pdf/batch_39,ABM_2025_ABMM_SR_2025,True,"Total Emissions reduction using the MSLI 009 methodology: 54,898.56 TON CO₂EQ",77,11,,emissions reduction,e,outcome,positive,1.0,metrics|climate-d-s,Reduction in emissions is a positive environmental outcome.,outcome,llm_reprocess,outcome,True,False,True,True,True,llm_processing_bg_20260517T055913Z_fec288,"page_0076.md, page_0077.md",environmental-claims,/home/ubuntu/apps/benchmarks/model_download/models/environmental-claims,Local model,no,0.9971,False,climatebert_multi_20260526T074116Z_df720b,0.291
llm_8d53506788f0,20,2,2026-05-17T06:34:09Z,arcee-ai/trinity-large-thinking:free,tone_few_shot_indonesian.md,ABM_2025_ABMM_SR_2025_pdf/batch_39,ABM_2025_ABMM_SR_2025,True,Hazardous waste that has been recycled: 7.5% (230.27 TON),57,9,,hazardous waste recycling,e,outcome,positive,1.0,metrics|environmental-claims,Recycling hazardous waste is a positive environmental action.,outcome,llm_reprocess,outcome,True,False,False,True,False,llm_processing_bg_20260517T055913Z_fec288,"page_0076.md, page_0077.md",environmental-claims,/home/ubuntu/apps/benchmarks/model_download/models/environmental-claims,Local model,no,0.955412,False,climatebert_multi_20260526T074116Z_df720b,0.3
llm_6f57975d9a06,20,3,2026-05-17T06:34:09Z,arcee-ai/trinity-large-thinking:free,tone_few_shot_indonesian.md,ABM_2025_ABMM_SR_2025_pdf/batch_39,ABM_2025_ABMM_SR_2025,True,Total emissions (Scope 1 & 2) in 2025 are showing a decrease compared to 2024,77,15,,emissions decrease,e,outcome,positive,1.0,metrics|climate-d-s,Decrease in emissions indicates improved environmental performance.,outcome,llm_reprocess,outcome,True,False,True,True,True,llm_processing_bg_20260517T055913Z_fec288,"page_0076.md, page_0077.md",environmental-claims,/home/ubuntu/apps/benchmarks/model_download/models/environmental-claims,Local model,no,0.998001,False,climatebert_multi_20260526T074116Z_df720b,0.343
llm_9d4450ac5cc8,20,4,2026-05-17T06:34:09Z,arcee-ai/trinity-large-thinking:free,tone_few_shot_indonesian.md,ABM_2025_ABMM_SR_2025_pdf/batch_39,ABM_2025_ABMM_SR_2025,True,Emission Intensity Ratio: 0.000017 TON CO₂-EQ/US$,49,6,,emission intensity ratio,e,outcome,neutral,,metrics,Emission intensity ratio is a metric without inherent sentiment.,outcome,llm_reprocess,outcome,True,False,False,True,False,llm_processing_bg_20260517T055913Z_fec288,"page_0076.md, page_0077.md",environmental-claims,/home/ubuntu/apps/benchmarks/model_download/models/environmental-claims,Local model,no,0.997279,False,climatebert_multi_20260526T074116Z_df720b,0.268
llm_316320e6a0e0,20,5,2026-05-17T06:34:09Z,arcee-ai/trinity-large-thinking:free,tone_few_shot_indonesian.md,ABM_2025_ABMM_SR_2025_pdf/batch_39,ABM_2025_ABMM_SR_2025,True,Energy Intensity Within The Organization: 0.0102 GJ/US$,55,7,,energy intensity,e,outcome,neutral,,metrics,Energy intensity is stated as a metric.,outcome,llm_reprocess,outcome,True,False,False,True,False,llm_processing_bg_20260517T055913Z_fec288,"page_0076.md, page_0077.md",environmental-claims,/home/ubuntu/apps/benchmarks/model_download/models/environmental-claims,Local model,no,0.995266,False,climatebert_multi_20260526T074116Z_df720b,0.218
llm_df6d462d9139,20,6,2026-05-17T06:34:09Z,arcee-ai/trinity-large-thinking:free,tone_few_shot_indonesian.md,ABM_2025_ABMM_SR_2025_pdf/batch_39,ABM_2025_ABMM_SR_2025,True,Energy Consumption from Renewable Sources: 39.9%,48,6,,renewable energy consumption,e,outcome,positive,1.0,metrics|climate-d-s|opportunity,High percentage of renewable energy is a positive environmental outcome.,outcome,llm_reprocess,outcome,True,False,True,True,True,llm_processing_bg_20260517T055913Z_fec288,"page_0076.md, page_0077.md",environmental-claims,/home/ubuntu/apps/benchmarks/model_download/models/environmental-claims,Local model,no,0.780839,False,climatebert_multi_20260526T074116Z_df720b,0.096
llm_977ecfcc6045,20,7,2026-05-17T06:34:09Z,arcee-ai/trinity-large-thinking:free,tone_few_shot_indonesian.md,ABM_2025_ABMM_SR_2025_pdf/batch_39,ABM_2025_ABMM_SR_2025,True,Water Consumption: 458.72 MEGALITER,35,4,,water consumption,e,outcome,neutral,,metrics|environmental-claims,Water consumption is stated as a metric.,outcome,llm_reprocess,outcome,True,False,False,True,False,llm_processing_bg_20260517T055913Z_fec288,"page_0076.md, page_0077.md",environmental-claims,/home/ubuntu/apps/benchmarks/model_download/models/environmental-claims,Local model,no,0.996264,False,climatebert_multi_20260526T074116Z_df720b,0.14
llm_51478feb954e,20,8,2026-05-17T06:34:09Z,arcee-ai/trinity-large-thinking:free,tone_few_shot_indonesian.md,ABM_2025_ABMM_SR_2025_pdf/batch_39,ABM_2025_ABMM_SR_2025,True,Temuan Spesies Dilindungi Berdasarkan Daftar Merah IUCN di Wilayah Pertambangan,79,10,,biodiversity findings,e,none,neutral,,environmental-claims|climate-d-s,Reporting findings of protected species without sentiment.,none,llm_reprocess,none,True,False,True,True,True,llm_processing_bg_20260517T055913Z_fec288,"page_0076.md, page_0077.md",environmental-claims,/home/ubuntu/apps/benchmarks/model_download/models/environmental-claims,Local model,no,0.997703,False,climatebert_multi_20260526T074116Z_df720b,0.311
llm_1a8f8f30d57b,20,9,2026-05-17T06:34:09Z,arcee-ai/trinity-large-thinking:free,tone_few_shot_indonesian.md,ABM_2025_ABMM_SR_2025_pdf/batch_39,ABM_2025_ABMM_SR_2025,True,"Sebagai pengakuan atas penerapan praktik pertambangan yang bertanggung jawab dan pengelolaan lingkungan berkelanjutan, ABM dan anak perusahaan memperoleh Good Mining Practice Award.",181,22,,biodiversity management award,e,outcome,positive,1.0,environmental-claims|opportunity|climate-sentiment,Receiving an award for responsible mining practices indicates positive environmental performance.,outcome,llm_reprocess,outcome,True,False,True,True,False,llm_processing_bg_20260517T055913Z_fec288,"page_0076.md, page_0077.md",environmental-claims,/home/ubuntu/apps/benchmarks/model_download/models/environmental-claims,Local model,no,0.99646,False,climatebert_multi_20260526T074116Z_df720b,0.403
llm_92f868a85786,20,10,2026-05-17T06:34:09Z,arcee-ai/trinity-large-thinking:free,tone_few_shot_indonesian.md,ABM_2025_ABMM_SR_2025_pdf/batch_39,ABM_2025_ABMM_SR_2025,True,"Sebagai bagian dari komitmen terhadap pengelolaan lingkungan yang bertanggung jawab, RWA melaksanakan program replanting di area bekas tambang untuk memulihkan fungsi ekologis lahan dan mendukung keberlanjutan jangka panjang.",225,28,,land rehabilitation program,e,action,neutral,,climate-commitment|action|environmental-claims,Describing actions taken for land rehabilitation without stating outcomes.,action,llm_reprocess,action,True,False,True,True,False,llm_processing_bg_20260517T055913Z_fec288,"page_0076.md, page_0077.md",environmental-claims,/home/ubuntu/apps/benchmarks/model_download/models/environmental-claims,Local model,no,0.994851,False,climatebert_multi_20260526T074116Z_df720b,0.463
llm_8572f1ac36c2,21,0,2026-05-17T06:34:19Z,arcee-ai/trinity-large-thinking:free,tone_chain_of_thought_indonesian.md,ABM_2025_ABMM_SR_2025_pdf/batch_34,ABM_2025_ABMM_SR_2025,True,"10.618.329,24 GJ Konsumsi energi total dalam organisasi Total energy consumption within the organization",104,13,,Energy consumption,e,outcome,neutral,,metrics|environmental-claims,"This is a quantitative metric reported in the sustainability highlights, indicating the company's total energy consumption as an environmental performance indicator.",outcome,llm_reprocess,outcome,True,False,False,True,False,llm_processing_bg_20260517T055949Z_be56e2,"page_0066.md, page_0067.md",environmental-claims,/home/ubuntu/apps/benchmarks/model_download/models/environmental-claims,Local model,no,0.998486,False,climatebert_multi_20260526T074116Z_df720b,0.319
llm_99601e646fd5,21,1,2026-05-17T06:34:19Z,arcee-ai/trinity-large-thinking:free,tone_chain_of_thought_indonesian.md,ABM_2025_ABMM_SR_2025_pdf/batch_34,ABM_2025_ABMM_SR_2025,True,"54.898,56 TON CO₂EQ Total pengurangan emisi dengan menggunakan metodologi MSLI 009 pada Sistem Registri Nasional (SRN). Total Emissions reduction using the MSLI 009 methodology in the National Registry System (SRN).",215,30,,Emissions reduction,e,outcome,positive,1.0,metrics|environmental-claims|netzero-reduction,The reported emissions reduction demonstrates the company's effort in mitigating climate change by reducing greenhouse gas emissions.,outcome,llm_reprocess,outcome,True,False,False,True,False,llm_processing_bg_20260517T055949Z_be56e2,"page_0066.md, page_0067.md",environmental-claims,/home/ubuntu/apps/benchmarks/model_download/models/environmental-claims,Local model,no,0.998455,False,climatebert_multi_20260526T074116Z_df720b,0.565
llm_842d4dc1bb1a,21,2,2026-05-17T06:34:19Z,arcee-ai/trinity-large-thinking:free,tone_chain_of_thought_indonesian.md,ABM_2025_ABMM_SR_2025_pdf/batch_34,ABM_2025_ABMM_SR_2025,True,"7,5% (230,27 TON) Limbah B3 yang telah didaur ulang Hazardous waste that has been recycled",90,15,,Hazardous waste management,e,outcome,positive,1.0,metrics|environmental-claims,Recycling hazardous waste reduces environmental impact and promotes circular economy practices.,outcome,llm_reprocess,outcome,True,False,False,True,False,llm_processing_bg_20260517T055949Z_be56e2,"page_0066.md, page_0067.md",environmental-claims,/home/ubuntu/apps/benchmarks/model_download/models/environmental-claims,Local model,no,0.981984,False,climatebert_multi_20260526T074116Z_df720b,0.347
llm_94c176eab17f,21,3,2026-05-17T06:34:19Z,arcee-ai/trinity-large-thinking:free,tone_chain_of_thought_indonesian.md,ABM_2025_ABMM_SR_2025_pdf/batch_34,ABM_2025_ABMM_SR_2025,True,"12.167,93 TON CO₂EQ Total emisi (Cakupan 1 & 2) pada tahun 2025 menunjukkan penurunan dibandingkan dengan tahun 2024, sejalan dengan implementasi program efisiensi energi dan optimalisasi operasional di anak usaha Total emissions (Scope 1 & 2) in 2025 are showing a decrease compared to 2024, in line with the implementation of energy efficiency programs and operational optimization at subsidiaries",399,59,,Emissions trend,e,outcome,positive,1.0,metrics|environmental-claims|climate-d|climate-d-s,"The decrease in Scope 1 & 2 emissions is a result of specific energy efficiency and operational optimization programs, indicating effective climate action.",outcome,llm_reprocess,outcome,True,False,True,True,True,llm_processing_bg_20260517T055949Z_be56e2,"page_0066.md, page_0067.md",environmental-claims,/home/ubuntu/apps/benchmarks/model_download/models/environmental-claims,Local model,no,0.996716,False,climatebert_multi_20260526T074116Z_df720b,0.67
llm_81d4fa7a65a5,21,4,2026-05-17T06:34:19Z,arcee-ai/trinity-large-thinking:free,tone_chain_of_thought_indonesian.md,ABM_2025_ABMM_SR_2025_pdf/batch_34,ABM_2025_ABMM_SR_2025,True,"Pada tahun 2025, PT CK telah menerapkan sistem daur ulang air yang efisien di seluruh area site perusahaan. Total volume air yang berhasil didaur ulang selama satu tahun mencapai 40,03 Megaliter.",195,31,,Water management,e,action,positive,1.0,environmental-claims|metrics,PT CK's implementation of a water recycling system shows proactive environmental management by reducing freshwater use and promoting water efficiency.,action,llm_reprocess,action,True,False,False,True,False,llm_processing_bg_20260517T055949Z_be56e2,"page_0066.md, page_0067.md",environmental-claims,/home/ubuntu/apps/benchmarks/model_download/models/environmental-claims,Local model,no,0.998503,False,climatebert_multi_20260526T074116Z_df720b,0.475
llm_1e7b6430512c,21,5,2026-05-17T06:34:19Z,arcee-ai/trinity-large-thinking:free,tone_chain_of_thought_indonesian.md,ABM_2025_ABMM_SR_2025_pdf/batch_34,ABM_2025_ABMM_SR_2025,True,"Total Pembuangan Air Total Water Discharge 2.896,35 Megaliter",61,8,,Water discharge,e,outcome,neutral,,metrics|environmental-claims,Reporting water discharge volumes to public water bodies is part of environmental compliance and transparency.,outcome,llm_reprocess,outcome,True,False,False,True,False,llm_processing_bg_20260517T055949Z_be56e2,"page_0066.md, page_0067.md",environmental-claims,/home/ubuntu/apps/benchmarks/model_download/models/environmental-claims,Local model,no,0.997795,False,climatebert_multi_20260526T074116Z_df720b,0.248
llm_721e42389c63,21,6,2026-05-17T06:34:19Z,arcee-ai/trinity-large-thinking:free,tone_chain_of_thought_indonesian.md,ABM_2025_ABMM_SR_2025_pdf/batch_34,ABM_2025_ABMM_SR_2025,True,10.463 Jumlah karyawan Total employee,37,5,,Employment,s,outcome,neutral,,none,The total number of employees is a social metric indicating the company's workforce size.,outcome,llm_reprocess,outcome,True,False,False,False,False,llm_processing_bg_20260517T055949Z_be56e2,"page_0066.md, page_0067.md",environmental-claims,/home/ubuntu/apps/benchmarks/model_download/models/environmental-claims,Local model,no,0.997923,False,climatebert_multi_20260526T074116Z_df720b,0.155
llm_03f59364bfa3,21,7,2026-05-17T06:34:19Z,arcee-ai/trinity-large-thinking:free,tone_chain_of_thought_indonesian.md,ABM_2025_ABMM_SR_2025_pdf/batch_34,ABM_2025_ABMM_SR_2025,True,ISO 37001:2016 ABM telah memperoleh sertifikasi Sistem Manajemen Anti Penyuaapan ABM has obtained Anti-Bribery Management System certification,142,17,,"Governance, anti-bribery",g,outcome,positive,1.0,governance,Obtaining ISO 37001 certification demonstrates the company's effective governance in anti-bribery practices.,outcome,llm_reprocess,outcome,True,False,False,False,False,llm_processing_bg_20260517T055949Z_be56e2,"page_0066.md, page_0067.md",environmental-claims,/home/ubuntu/apps/benchmarks/model_download/models/environmental-claims,Local model,no,0.994224,False,climatebert_multi_20260526T074116Z_df720b,0.342
llm_d9165e9d16e2,21,8,2026-05-17T06:34:19Z,arcee-ai/trinity-large-thinking:free,tone_chain_of_thought_indonesian.md,ABM_2025_ABMM_SR_2025_pdf/batch_34,ABM_2025_ABMM_SR_2025,True,"100% Karyawan ABM telah menandatangani pakta integritas sesuai dengan Kode Etik dan Perilaku yang berlaku di Perusahaan, sebagai pernyataan kepatuhannya terhadap kebijakan etika & anti-korupsi, sekaligus mendukung kebijakan Perusahaan. ABM employees have declared their compliance with the ethics & anti-corruption policy by signing an integrity pact in accordance with the Company's Code of Ethics and Conduct.",411,56,,"Governance, ethics",g,outcome,positive,1.0,governance,100% employee signing of the integrity pact indicates a strong ethical culture and governance compliance.,outcome,llm_reprocess,outcome,True,False,False,False,False,llm_processing_bg_20260517T055949Z_be56e2,"page_0066.md, page_0067.md",environmental-claims,/home/ubuntu/apps/benchmarks/model_download/models/environmental-claims,Local model,no,0.994016,False,climatebert_multi_20260526T074116Z_df720b,0.655
llm_d0c9d4deb4d6,21,9,2026-05-17T06:34:19Z,arcee-ai/trinity-large-thinking:free,tone_chain_of_thought_indonesian.md,ABM_2025_ABMM_SR_2025_pdf/batch_34,ABM_2025_ABMM_SR_2025,True,"Baku Mutu Quality Standard... ph 6 - 9... TSS (mg/L) ≤ 200... dengan perolehan tertinggi Highest Achievement Value... 7,4 untuk ph, 16 untuk TSS, dll.",150,25,,Water quality management,e,outcome,neutral,,metrics|environmental-claims,"The wastewater discharge quality parameters meet the regulatory standards, showing environmental compliance.",outcome,llm_reprocess,outcome,True,False,False,True,False,llm_processing_bg_20260517T055949Z_be56e2,"page_0066.md, page_0067.md",environmental-claims,/home/ubuntu/apps/benchmarks/model_download/models/environmental-claims,Local model,no,0.998802,False,climatebert_multi_20260526T074116Z_df720b,0.496
llm_6f931f3a46ba,22,0,2026-05-17T06:34:28Z,arcee-ai/trinity-large-thinking:free,tone_chain_of_thought_indonesian.md,waskita_karya_SR2025_pdf/batch_40,waskita_karya_SR2025,True,"PT Waskita Karya (Persero) Tbk berkomitmen kuat untuk melanjutkan agenda transformasi bisnis yang telah dijalankan pada tahun-tahun sebelumnya, sekaligus memperkuat fondasi keberlanjutan melalui pembangunan ekosistem usaha yang terintegrasi, adaptif, dan bernilai jangka panjang. Perusahaan secara konsisten melakukan pembenahan menyeluruh, baik dari sisi keuangan, operasional, tata kelola, maupun manajemen risiko. Dengan demikian, Waskita tidak hanya berfokus pada pemulihan dan penguatan kinerja, tetapi juga memastikan bahwa setiap langkah transformasi yang dilakukan mampu menciptakan nilai tambah yang berkelanjutan, memperkuat ketahanan bisnis, serta memberikan manfaat optimal bagi seluruh pemangku kepentingan di masa mendatang.",738,89,,governance,g,commitment,neutral,,governance|strategy|risk|opportunity,"Teks ini menekankan komitmen perusahaan terhadap keberlanjutan melalui transformasi bisnis, dengan fokus pada tata kelola, manajemen risiko, dan penciptaan nilai bagi pemangku kepentingan.",commitment,llm_reprocess,commitment,True,False,True,False,False,llm_processing_bg_20260517T055040Z_a2f70f,"page_0078.md, page_0079.md",environmental-claims,/home/ubuntu/apps/benchmarks/model_download/models/environmental-claims,Local model,no,0.996964,False,climatebert_multi_20260526T074116Z_df720b,1.236
llm_b353e6bf6139,22,1,2026-05-17T06:34:28Z,arcee-ai/trinity-large-thinking:free,tone_chain_of_thought_indonesian.md,waskita_karya_SR2025_pdf/batch_40,waskita_karya_SR2025,True,"Restrukturisasi dan transformasi adalah langkah strategis yang penting bagi Perusahaan dalam mencapai tujuan jangka panjang yang berkelanjutan. Dalam konteks Waskita Karya, upaya mewujudkan keberlanjutan tidak hanya bergantung pada inovasi dan efisiensi operasional, namun juga pada upaya kolaborasi yang harmonis dengan para pemangku kepentingan, termasuk investor, pemegang saham, dan pihak perbankan yang memberikan dukungan pinjaman. Melalui restrukturisasi utang dan pinjaman yang berhasil disepakati bersama, Waskita Karya mampu memperkuat fondasi keuangan dan operasionalnya, sekaligus membuka peluang baru untuk menciptakan nilai tambah yang berkelanjutan.",664,81,,sustainability,g,action,neutral,,climate-commitment|governance|strategy|risk|opportunity,"Teks ini menggambarkan tindakan strategis restrukturisasi dan transformasi untuk mencapai keberlanjutan, melibatkan kolaborasi pemangku kepentingan dan penguatan fondasi keuangan.",action,llm_reprocess,action,True,False,True,False,False,llm_processing_bg_20260517T055040Z_a2f70f,"page_0078.md, page_0079.md",environmental-claims,/home/ubuntu/apps/benchmarks/model_download/models/environmental-claims,Local model,no,0.997152,False,climatebert_multi_20260526T074116Z_df720b,0.897
llm_78d5a91912de,22,2,2026-05-17T06:34:28Z,arcee-ai/trinity-large-thinking:free,tone_chain_of_thought_indonesian.md,waskita_karya_SR2025_pdf/batch_40,waskita_karya_SR2025,True,"Untuk dapat mewujudkan keberlanjutan, pada tahun 2023 Waskita mendorong solidaritas sebagai prinsip naluriah yang harus dimiliki, baik oleh Perusahaan maupun oleh seluruh Insan Waskita. Solidaritas menjadi kunci untuk dapat mengembangkan operasi dan bisnis yang sadar akan dampak yang muncul, termasuk dampak atas lingkungan dan sosial. Melalui solidaritas, Waskita berharap mampu mewujudkan komitmen yang kuat untuk dapat secara bertahap menerapkan keberlanjutan dalam operasi dan bisnisnya.",492,64,,social,s,commitment,neutral,,climate-commitment|environmental-claims|social|governance,"Teks ini menyoroti solidaritas sebagai prinsip untuk keberlanjutan, dengan kesadaran akan dampak lingkungan dan sosial, serta komitmen untuk implementasi bertahap.",commitment,llm_reprocess,commitment,True,False,True,True,False,llm_processing_bg_20260517T055040Z_a2f70f,"page_0078.md, page_0079.md",environmental-claims,/home/ubuntu/apps/benchmarks/model_download/models/environmental-claims,Local model,no,0.99732,False,climatebert_multi_20260526T074116Z_df720b,1.089
llm_a510c9187f83,22,3,2026-05-17T06:34:28Z,arcee-ai/trinity-large-thinking:free,tone_chain_of_thought_indonesian.md,waskita_karya_SR2025_pdf/batch_40,waskita_karya_SR2025,True,"Name / Name | Isbadan / Position | Usia / Age | Jenis Kelamin / Gender | Pendidikan / Educational Background | Pengalaman / Work Experience | Heahlian / Expertise  | Addin Jauharudin* | Komisaris Independent Commissioner | 45 | Laki-Laki / Male | • Doktor Manajemen Strategik Universitas Brawijaya (2020) / Doctorate in Strategic Management, Universitas Brawijaya (2020); • Manajemen Ekonomi (S2) Ekonomi Universitas Trisakti (2018) / Master's Degree in Economic Management, Universitas Trisakti (2018); • Manajemen Pendidikan (S2) Universitas Negeri Jakarta (UNJ) (2015) / Master's Degree in Education Management, Universitas Negeri Jakarta (UNJ) (2015); • Sarjana Islam IAI – Al-Aqidah (2002) / Bachelor's Degree in Islamic Studies, IAI – Al-Aqidah (2002) | • Komisaris Independen PT Waskita Karya (Persero) Tbk (2023-2025) / Independent Commissioner of PT Waskita Karya (Persero) Tbk (2023 – 2025); • Komisaris Independen PT Pos Indonesia (Persero) (2018-2023) / Independent Commissioner of PT Pos Indonesia (Persero) (2018 – 2023); • Komisaris PT Santri Niaga Utama (2017-2018) / Commissioner of PT Santri Niaga Utama (2017 – 2018); • Komisaris PT Aneka Mega Pangan (2016-2017) / Commissioner of PT Aneka Mega Pangan (2016 – 2017); • Komisaris Utama PT Crown Subur Agrindo (2016-2017) / President Commissioner of PT Crown Subur Agrindo (2016 – 2017); • Ketua Komite Audit PT Garam (Persero) (2015-2016) / Chairman of the Audit Committee of PT Garam (Persero) (2015 – 2016); • Komisaris PT Garam (2014-2015) / Commissioner of PT Garam (2014 – 2015) | - Ilmu Ekonomi / Economics; - Manajemen Risiko / Risk Management | Dedi Syarif Usman* | Komisaris / Commissioner | 60 | Laki-Laki / Male | • Master (S2) of Arts in Economics University of Colorado Denver (1998) / Master of Arts in Economics, University of Colorado Denver (1998) • Sarjana (S1) Akuntansi Universitas Katolik Parahyangan (1991) / Bachelor's Degree in Accounting, Universitas Katolik Parahyangan (1991) | • Komisaris PT Waskita Karya (Persero) Tbk (2021-2025) / Commissioner of PT Waskita Karya (Persero) Tbk (2021 – 2025); • Anggota Dewan Pertimbangan di Politeknik Keuangan Negara STAN (2021-sekarang) / Member of the Advisory Board at the State Finance Polytechnic STAN (2021 – present); • Sekretaris Direktorat Jenderal Kekayaan Negara (DJKN) (2019-2025) / Secretary of the Directorate General of State Assets (DJKN) (2019 – 2025); • Anggota Dewan Komisaris di PT Pelabuhan Indonesia III (Persero) (2018-2021) / Member of the Board of Commissioners of PT Pelabuhan Indonesia III (Persero) (2018 – 2021); • Direktur Kekayaan Negara Dipisahkan di DJKN (2013-2019) / Director of Separated State Assets at DJKN (2013 – 2019); • Anggota Dewan Komisaris di PT Pos Indonesia (Persero) (2013-2018) / Member of the Board of Commissioners of PT Pos Indonesia (Persero) (2013 – 2018); • Anggota Dewan Pengawas Gelora Bung Karno di Gelora Bung Karno (2012-2014) / Member of the Supervisory Board of Gelora Bung Karno (2012 – 2014); • Direktur Barang Milik Negara di DJKN (2012-2013) / Director of State Property at DJKN (2012 – 2013); • Kepala Bagian Organisasi dan Kepatuhan Internal di DJKN (2011-2012) / Head of the Organization and Internal Compliance Division at DJKN (2011 – 2012) | - Manajemen Risiko / Risk Management; - Keuangan / Finance; - Ilmu Ekonomi / Economics | T. Iskandar* | Komisaris / Commissioner | 61 | Laki-Laki / Male | • Magister (52) Pengembangan Sumber Daya Air Institut Teknologi Bandung (2005) / Master's Degree in Water Resources Development, Institut Teknologi Bandung (2005); • Sarjana (51) Teknik Sipil Universitas Syiah Kuala (1990) / Bachelor's Degree in Civil Engineering, Universitas Syiah Kuala (1990) | • Komisaris PT Waskita Karya (Persero) Tbk (2021-2025) / Commissioner of PT Waskita Karya (Persero) Tbk (2021 – 2025); • Inspektur Jenderal di Kementerian PUPR (2020-2024) / Inspector General at the Ministry of Public Works and Public Housing (PUPR) (2020 – 2024); • Sekretaris Dirjen Cipta Karya di Kementerian PUPR (2019-2020) / Secretary of the Directorate General of Human Settlements at the Ministry of PUPR (2019 – 2020); • Kepala Balai Besar Wilayah Sungai Pompengan Jenebarang di Kementerian PUPR (2017-2019) / Head of the Pompengan Jenebarang River Basin Center at the Ministry of PUPR (2017 – 2019); • Kepala Balai Besar Wilayah Sungai Ciliwung Cisadane di Kementerian PUPR (2013-2017) / Head of the Ciliwung Cisadane River Basin Center at the Ministry of PUPR (2013 – 2017); • Kasubdit Evaluasi Kinerja di Kementerian PUPR (2011-2013) / Head of Sub-Directorate for Performance Evaluation at the Ministry of PUPR (2011 – 2013); • Kepala Balai Wilayah Sungai NTT II di Kementerian PUPR (2007-2011) / Head of the NTT II River Basin Office at the Ministry of PUPR (2007 – 2011); • Kepala Satker Balai Wilayah Sungai NTT II di Kementerian PUPR (2007-2008) / Head of the Work Unit of NTT II River Basin Office at the Ministry of PUPR (2007 – 2008); • PPK Ketatalaksanaan Satker BWS NTT II di Kementerian PUPR (2007) / PPK for Administrative Management, NTT II River Basin Work Unit at the Ministry of PUPR (2007); • Kepala Sub Bagian Tata Usaha, NTT Kementerian PUPR (2007) / Head of Administrative Sub-Division, NTT, Ministry of PUPR (2007); • Satker NVT Irigasi NTT Kementerian PUPR (2006) / NVT Work Unit for NTT Irrigation at the Ministry of PUPR (2006); • Staff Proyek Irigasi NTT Kementerian PUPR (2006) / Staff of the NTT Irrigation Project at the Ministry of PUPR (2006); • Pimpro Pengembangan Air Tanah NTT Kementerian PUPR (2004) / Project Leader for NTT Groundwater Development at the Ministry of PUPR (2004); • Pimpinan Bagian Proyek Irigasi Timor Kementerian PUPR (2000-2003) / Project Section Leader for Timor Irrigation at the Ministry of PUPR (2000 – 2003); • Pimpinan Bagian Proyek Irigasi Nabire Kementerian PUPR (1999-2000) / Project Section Leader for Nabire Irrigation at the Ministry of PUPR (1999 – 2000); • Aspel Proyek Irigasi Jayapura Dinas PU (1994-1997) / Irrigation Project Field Supervisor, Jayapura Public Works Office (1994 – 1997); • Asisten O&P Proyek Irigasi Jayapura Dinas PU (1993-1996) / Operations & Maintenance Assistant for the Jayapura Irrigation Project, Public Works Office (1993 – 1996); • Staff Seksi Perencanaan Subdin Pengairan DPUP Dati I Irian Jaya Dinas PU (1992-1993) / Staff of the Planning Section, Water Resources Sub-Division, Regional Public Works Office of Irian Jaya Province (1992 – 1993) | - Operational / Operational; - Manajemen Risiko / Risk Management | Keterangan / Informations *) Tidak Menjabat sejak 20 Agustus 2025. / No longer served since August 20, 2025. **) Menjabat sejak 20 Agustus 2025 / Serving since August 20, 2025. ***) Tidak Menjabat sejak 23 Desember 2025 / No longer served since December 23, 2025. ***) Menjabat sejak 23 Desember 2025. / Serving since December 23, 2025.",6862,1101,,governance,g,none,neutral,,governance,"Teks ini menyajikan profil anggota dewan direksi, mencerminkan struktur tata kelola perusahaan dan latar belakang keahlian, termasuk manajemen risiko.",none,llm_reprocess,none,True,False,False,False,False,llm_processing_bg_20260517T055040Z_a2f70f,"page_0078.md, page_0079.md",environmental-claims,/home/ubuntu/apps/benchmarks/model_download/models/environmental-claims,Local model,no,0.997017,False,climatebert_multi_20260526T074116Z_df720b,1.634
llm_defd56922cef,23,0,2026-05-17T06:34:42Z,arcee-ai/trinity-large-thinking:free,tone_few_shot_indonesian.md,ABM_2025_ABMM_SR_2025_pdf/batch_40,ABM_2025_ABMM_SR_2025,True,"Pengelolaan limbah merupakan bagian integral dari komitmen ABM dalam meminimalkan dampak lingkungan dari kegiatan operasional di sektor pertambangan, energi, dan logistik.",171,21,,commitment to environmental impact minimization,e,commitment,neutral,,environmental-claims,Statement of future commitment without specific metrics or outcomes.,commitment,llm_reprocess,commitment,True,False,True,True,False,llm_processing_bg_20260517T055913Z_fec288,"page_0078.md, page_0079.md",environmental-claims,/home/ubuntu/apps/benchmarks/model_download/models/environmental-claims,Local model,no,0.99653,False,climatebert_multi_20260526T074116Z_df720b,0.555
llm_43cad23219e7,23,1,2026-05-17T06:34:42Z,arcee-ai/trinity-large-thinking:free,tone_few_shot_indonesian.md,ABM_2025_ABMM_SR_2025_pdf/batch_40,ABM_2025_ABMM_SR_2025,True,"Seluruh limbah yang dihasilkan dihimpun melalui proses penimbangan, pengukuran, pencatatan, dan dokumentasi yang terstruktur.",125,14,,waste data management process,e,action,neutral,,metrics|governance,Description of operational action without result or sentiment.,action,llm_reprocess,action,True,False,False,True,False,llm_processing_bg_20260517T055913Z_fec288,"page_0078.md, page_0079.md",environmental-claims,/home/ubuntu/apps/benchmarks/model_download/models/environmental-claims,Local model,no,0.997257,False,climatebert_multi_20260526T074116Z_df720b,0.346
llm_4226e21b5203,23,2,2026-05-17T06:34:42Z,arcee-ai/trinity-large-thinking:free,tone_few_shot_indonesian.md,ABM_2025_ABMM_SR_2025_pdf/batch_40,ABM_2025_ABMM_SR_2025,True,"ABM secara berkala mengevaluasi kinerja pengelolaan lingkungan yang mencakup energi, emisi, air, dan limbah.",108,14,,environmental performance evaluation,e,action,neutral,,strategy|metrics,Action of periodic evaluation.,action,llm_reprocess,action,True,False,False,True,False,llm_processing_bg_20260517T055913Z_fec288,"page_0078.md, page_0079.md",environmental-claims,/home/ubuntu/apps/benchmarks/model_download/models/environmental-claims,Local model,no,0.997516,False,climatebert_multi_20260526T074116Z_df720b,0.326
llm_ddb877b08c9a,23,3,2026-05-17T06:34:42Z,arcee-ai/trinity-large-thinking:free,tone_few_shot_indonesian.md,ABM_2025_ABMM_SR_2025_pdf/batch_40,ABM_2025_ABMM_SR_2025,True,"Dalam pengelolaan limbah B3, ABM menerapkan pemilahan dan pengendalian yang ketat melalui Tempat Penyimpanan Sementara (TPS B3) yang dipantau secara berkala.",157,21,,hazardous waste segregation and control,e,action,neutral,,environmental-claims|governance,Implementation of control actions for hazardous waste.,action,llm_reprocess,action,True,False,False,True,False,llm_processing_bg_20260517T055913Z_fec288,"page_0078.md, page_0079.md",environmental-claims,/home/ubuntu/apps/benchmarks/model_download/models/environmental-claims,Local model,no,0.997484,False,climatebert_multi_20260526T074116Z_df720b,0.554
llm_2b93ce5360fc,23,4,2026-05-17T06:34:42Z,arcee-ai/trinity-large-thinking:free,tone_few_shot_indonesian.md,ABM_2025_ABMM_SR_2025_pdf/batch_40,ABM_2025_ABMM_SR_2025,True,"Untuk mencegah potensi pencemaran akibat tumpahan bahan berbahaya, ABM menerapkan langkah-langkah pengendalian operasional, termasuk penyediaan spill kit di area workshop, TPS B3, dan titik pengisian bahan bakar; penerapan secondary containment pada penyimpanan drum oli dan bahan kimia; serta pelaksanaan SOP dan pelatihan tanggap darurat bagi mekanik dan operator.",366,48,,pollution prevention measures,e,action,neutral,,risk|governance,Multiple actions to mitigate environmental risk from hazardous material spills.,action,llm_reprocess,action,True,False,False,True,False,llm_processing_bg_20260517T055913Z_fec288,"page_0078.md, page_0079.md",environmental-claims,/home/ubuntu/apps/benchmarks/model_download/models/environmental-claims,Local model,no,0.997885,False,climatebert_multi_20260526T074116Z_df720b,1.89
llm_72c04d41cccc,23,5,2026-05-17T06:34:42Z,arcee-ai/trinity-large-thinking:free,tone_few_shot_indonesian.md,ABM_2025_ABMM_SR_2025_pdf/batch_40,ABM_2025_ABMM_SR_2025,True,"Total emisi (Cakupan 1 & 2) pada tahun 2025 menunjukkan penurunan dibandingkan dengan tahun 2024, sejalan dengan implementasi program efisiensi energi dan optimalisasi operasional di anak usaha",193,27,,Scope 1 & 2 emissions reduction,e,outcome,positive,1.0,metrics|climate-d-s,Measurable reduction in emissions with positive environmental impact.,outcome,llm_reprocess,outcome,True,False,True,True,True,llm_processing_bg_20260517T055913Z_fec288,"page_0078.md, page_0079.md",environmental-claims,/home/ubuntu/apps/benchmarks/model_download/models/environmental-claims,Local model,no,0.997934,False,climatebert_multi_20260526T074116Z_df720b,1.372
llm_c74f3470ebd1,23,6,2026-05-17T06:34:42Z,arcee-ai/trinity-large-thinking:free,tone_few_shot_indonesian.md,ABM_2025_ABMM_SR_2025_pdf/batch_40,ABM_2025_ABMM_SR_2025,True,"39,9% Konsumsi Energi berasal dari Sumber daya Energi Terbarukan",64,9,,renewable energy consumption percentage,e,outcome,positive,1.0,metrics|climate-d-s,Positive outcome with quantifiable metric on renewable energy use.,outcome,llm_reprocess,outcome,True,False,True,True,True,llm_processing_bg_20260517T055913Z_fec288,"page_0078.md, page_0079.md",environmental-claims,/home/ubuntu/apps/benchmarks/model_download/models/environmental-claims,Local model,no,0.998089,False,climatebert_multi_20260526T074116Z_df720b,0.344
llm_8959b6fdeacc,23,7,2026-05-17T06:34:42Z,arcee-ai/trinity-large-thinking:free,tone_few_shot_indonesian.md,ABM_2025_ABMM_SR_2025_pdf/batch_40,ABM_2025_ABMM_SR_2025,True,"Di CK MHU, sebagian oli bekas dimanfaatkan kembali sebagai bahan pencampur Ammonium Nitrate Fuel Oil (ANFO) untuk kegiatan peledakan, sehingga mengurangi timbulan limbah dan mendukung prinsip pemanfaatan kembali.",212,28,,used oil reuse for ANFO,e,action,positive,1.0,environmental-claims,Action of waste reuse with positive environmental benefit.,action,llm_reprocess,action,True,False,False,True,False,llm_processing_bg_20260517T055913Z_fec288,"page_0078.md, page_0079.md",environmental-claims,/home/ubuntu/apps/benchmarks/model_download/models/environmental-claims,Local model,no,0.994782,False,climatebert_multi_20260526T074116Z_df720b,0.606
llm_5b0c37b85eb7,24,0,2026-05-17T06:34:50Z,arcee-ai/trinity-large-thinking:free,tone_chain_of_thought_indonesian.md,ABM_2025_ABMM_SR_2025_pdf/batch_36,ABM_2025_ABMM_SR_2025,True,"In implementing the Integrated Management Policy, the Company emphasizes the correlation between biodiversity management and efforts to conserve energy, water, and fuel as a unified natural resource management approach.",219,29,,environmental-claims,e,action,neutral,,climate-d|environmental-claims,"Statement describes a policy integration (action) linking biodiversity with resource conservation, but no measurable outcome or explicit commitment is stated.",action,llm_reprocess,action,True,False,True,True,True,llm_processing_bg_20260517T055949Z_be56e2,"page_0070.md, page_0071.md",environmental-claims,/home/ubuntu/apps/benchmarks/model_download/models/environmental-claims,Local model,yes,0.984818,True,climatebert_multi_20260526T074116Z_df720b,0.507
llm_26613076e09a,24,1,2026-05-17T06:34:50Z,arcee-ai/trinity-large-thinking:free,tone_chain_of_thought_indonesian.md,ABM_2025_ABMM_SR_2025_pdf/batch_36,ABM_2025_ABMM_SR_2025,True,"Based on the results of this identification, the company's operational activities have the potential to impact biodiversity, including habitat quality decline, disturbances to wildlife, and increased environmental pressure due to operational activities.",253,32,,risk,e,outcome,negative,-1.0,climate-d|risk,"Explicitly states negative environmental impacts (outcome) from operations on biodiversity, indicating a material risk.",outcome,llm_reprocess,outcome,True,False,True,True,True,llm_processing_bg_20260517T055949Z_be56e2,"page_0070.md, page_0071.md",environmental-claims,/home/ubuntu/apps/benchmarks/model_download/models/environmental-claims,Local model,no,0.985011,False,climatebert_multi_20260526T074116Z_df720b,0.516
llm_8bcaccd377b8,24,2,2026-05-17T06:34:50Z,arcee-ai/trinity-large-thinking:free,tone_chain_of_thought_indonesian.md,ABM_2025_ABMM_SR_2025_pdf/batch_36,ABM_2025_ABMM_SR_2025,True,"The company classifies impacts based on their significance level, duration, and geographic scope to differentiate between actual and potential impacts, as well as to set mitigation priorities.",192,27,,governance,g,action,neutral,,governance|strategy,"Describes a systematic process (action) for impact assessment and prioritization, reflecting governance and strategic planning.",action,llm_reprocess,action,True,False,False,False,False,llm_processing_bg_20260517T055949Z_be56e2,"page_0070.md, page_0071.md",environmental-claims,/home/ubuntu/apps/benchmarks/model_download/models/environmental-claims,Local model,no,0.99872,False,climatebert_multi_20260526T074116Z_df720b,0.554
llm_833550d5f937,24,3,2026-05-17T06:34:50Z,arcee-ai/trinity-large-thinking:free,tone_chain_of_thought_indonesian.md,ABM_2025_ABMM_SR_2025_pdf/batch_36,ABM_2025_ABMM_SR_2025,True,"Beyond environmental aspects, ABM conducts Social Mapping to understand the relationships among biodiversity changes, livelihoods, water availability, and community dependence on ecosystem services.",198,23,,social,s,action,neutral,,climate-d|opportunity,"Action taken to understand socio-ecological linkages, which can inform community engagement and opportunity identification.",action,llm_reprocess,action,True,False,True,False,True,llm_processing_bg_20260517T055949Z_be56e2,"page_0070.md, page_0071.md",environmental-claims,/home/ubuntu/apps/benchmarks/model_download/models/environmental-claims,Local model,no,0.998132,False,climatebert_multi_20260526T074116Z_df720b,0.45
llm_ab61cd118bf8,24,4,2026-05-17T06:34:50Z,arcee-ai/trinity-large-thinking:free,tone_chain_of_thought_indonesian.md,ABM_2025_ABMM_SR_2025_pdf/batch_36,ABM_2025_ABMM_SR_2025,True,"Following the impact identification results, ABM and its subsidiaries implement various mitigation efforts to minimize negative effects on biodiversity. These efforts are based on the Biodiversity Mitigation Hierarchy of TIA, which includes:",241,32,,environmental-claims,e,commitment,neutral,,climate-d|climate-commitment|action,Explicit commitment (commitment tone) to implement mitigation measures based on a recognized hierarchy.,commitment,llm_reprocess,commitment,True,False,True,True,True,llm_processing_bg_20260517T055949Z_be56e2,"page_0070.md, page_0071.md",environmental-claims,/home/ubuntu/apps/benchmarks/model_download/models/environmental-claims,Local model,yes,0.946612,True,climatebert_multi_20260526T074116Z_df720b,0.403
llm_de3f46889dbc,24,5,2026-05-17T06:34:50Z,arcee-ai/trinity-large-thinking:free,tone_chain_of_thought_indonesian.md,ABM_2025_ABMM_SR_2025_pdf/batch_36,ABM_2025_ABMM_SR_2025,True,"1. Impact Avoidance through preliminary environmental assessments prior to land clearing, including the mapping of habitats and flora and fauna species, mine planning based on the initial conditions of the acacia plantation forest (HTI), and the identification of sensitive areas and protected animal habitats.",310,44,,environmental-claims,e,action,neutral,,climate-d|action,"Describes specific actions (action) taken to avoid impacts, such as assessments and mapping.",action,llm_reprocess,action,True,False,True,True,True,llm_processing_bg_20260517T055949Z_be56e2,"page_0070.md, page_0071.md",environmental-claims,/home/ubuntu/apps/benchmarks/model_download/models/environmental-claims,Local model,no,0.996608,False,climatebert_multi_20260526T074116Z_df720b,0.64
llm_499818f43841,24,6,2026-05-17T06:34:50Z,arcee-ai/trinity-large-thinking:free,tone_chain_of_thought_indonesian.md,ABM_2025_ABMM_SR_2025_pdf/batch_36,ABM_2025_ABMM_SR_2025,True,"2. Impact Minimization through phased land clearing, the implementation of erosion and sediment control systems, prohibition of hunting and feeding wild animals, safeguarding wildlife crossing corridors, and managing the habitat quality of terrestrial fauna, birds, and aquatic biota.",284,38,,environmental-claims,e,action,neutral,,climate-d|action,Lists concrete operational actions (action) to minimize environmental impacts.,action,llm_reprocess,action,True,False,True,True,True,llm_processing_bg_20260517T055949Z_be56e2,"page_0070.md, page_0071.md",environmental-claims,/home/ubuntu/apps/benchmarks/model_download/models/environmental-claims,Local model,yes,0.898431,True,climatebert_multi_20260526T074116Z_df720b,1.633
llm_2b7966c0ec5b,24,7,2026-05-17T06:34:50Z,arcee-ai/trinity-large-thinking:free,tone_chain_of_thought_indonesian.md,ABM_2025_ABMM_SR_2025_pdf/batch_36,ABM_2025_ABMM_SR_2025,True,"3. Restoration and Rehabilitation through post-mining reclamation and revegetation, planting local and fast-growing species, such as MPTS, planting mangroves and casuarinas in coastal areas, rehabilitating watersheds, and transplanting coral reefs along shipping routes.",270,33,,environmental-claims,e,action,neutral,,climate-d|action,Details restoration and rehabilitation actions (action) undertaken.,action,llm_reprocess,action,True,False,True,True,True,llm_processing_bg_20260517T055949Z_be56e2,"page_0070.md, page_0071.md",environmental-claims,/home/ubuntu/apps/benchmarks/model_download/models/environmental-claims,Local model,no,0.549046,False,climatebert_multi_20260526T074116Z_df720b,2.239
llm_07aa2130980a,24,8,2026-05-17T06:34:50Z,arcee-ai/trinity-large-thinking:free,tone_chain_of_thought_indonesian.md,ABM_2025_ABMM_SR_2025_pdf/batch_36,ABM_2025_ABMM_SR_2025,True,"4. Monitoring, Evaluation, and Continuous Improvement through regular flora and fauna monitoring, evaluating increases in the number of flora families and species, monitoring protected animals, collaborating with experts, and implementing biodiversity management SOPs.",268,33,,governance,g,action,neutral,,governance|metrics|action,"Describes monitoring and evaluation processes (action) with implied metrics, reflecting governance and continuous improvement.",action,llm_reprocess,action,True,False,False,False,False,llm_processing_bg_20260517T055949Z_be56e2,"page_0070.md, page_0071.md",environmental-claims,/home/ubuntu/apps/benchmarks/model_download/models/environmental-claims,Local model,no,0.971305,False,climatebert_multi_20260526T074116Z_df720b,2.279
llm_a35057f8ffe2,24,9,2026-05-17T06:34:50Z,arcee-ai/trinity-large-thinking:free,tone_chain_of_thought_indonesian.md,ABM_2025_ABMM_SR_2025_pdf/batch_36,ABM_2025_ABMM_SR_2025,True,"5. Long-term Conservation aims to ensure that the post-mining landscape can support flora and fauna habitats, maintain ecosystem stability, and enhance the area's ecological value.",180,25,,environmental-claims,e,commitment,positive,1.0,climate-d|climate-commitment|outcome,States a long-term conservation aim (commitment) with positive ecological outcomes (outcome).,commitment,llm_reprocess,commitment,True,False,True,True,True,llm_processing_bg_20260517T055949Z_be56e2,"page_0070.md, page_0071.md",environmental-claims,/home/ubuntu/apps/benchmarks/model_download/models/environmental-claims,Local model,no,0.750281,False,climatebert_multi_20260526T074116Z_df720b,1.817
llm_9b26f4411378,25,0,2026-05-17T06:34:58Z,arcee-ai/trinity-large-thinking:free,tone_zero_shot_indonesian.md,ABM_2025_ABMM_SR_2025_pdf/batch_32,ABM_2025_ABMM_SR_2025,True,"Tema 'Strength Beneath, Vision Beyond' menggambarkan keunggulan inti dan pandangan ke depan yang secara konsisten menjadi ciri khas ABM Investama dalam menghadapi dinamika industri energi.",188,25,,none,none,none,none,,none,Not explicitly related to ESG topics.,none,llm_reprocess,none,True,False,False,False,False,llm_processing_bg_20260517T055935Z_952657,"page_0062.md, page_0063.md",environmental-claims,/home/ubuntu/apps/benchmarks/model_download/models/environmental-claims,Local model,no,0.997168,False,climatebert_multi_20260526T074116Z_df720b,2.058
llm_cde3a9d5ac96,25,1,2026-05-17T06:34:58Z,arcee-ai/trinity-large-thinking:free,tone_zero_shot_indonesian.md,ABM_2025_ABMM_SR_2025_pdf/batch_32,ABM_2025_ABMM_SR_2025,True,"'Strength Beneath' menggambarkan fondasi kokoh yang mendasari kinerja berkelanjutan ABM, khususnya kekuatan yang berasal dari integritas, kompetensi, nilai-nilai, dan semangat kolaboratif di seluruh sektor bisnis.",213,25,,none,none,none,none,,none,Not explicitly related to ESG topics.,none,llm_reprocess,none,True,False,False,False,False,llm_processing_bg_20260517T055935Z_952657,"page_0062.md, page_0063.md",environmental-claims,/home/ubuntu/apps/benchmarks/model_download/models/environmental-claims,Local model,no,0.997504,False,climatebert_multi_20260526T074116Z_df720b,3.96
llm_8b22c8ba016b,25,2,2026-05-17T06:34:58Z,arcee-ai/trinity-large-thinking:free,tone_zero_shot_indonesian.md,ABM_2025_ABMM_SR_2025_pdf/batch_32,ABM_2025_ABMM_SR_2025,True,"Sementara itu, 'Vision Beyond' mencerminkan semangat transformasi dan pertumbuhan jangka panjang ABM, dengan tujuan membangun perusahaan yang tangguh dan siap menghadapi masa depan.",181,23,,none,none,none,none,,none,Not explicitly related to ESG topics.,none,llm_reprocess,none,True,False,False,False,False,llm_processing_bg_20260517T055935Z_952657,"page_0062.md, page_0063.md",environmental-claims,/home/ubuntu/apps/benchmarks/model_download/models/environmental-claims,Local model,no,0.997662,False,climatebert_multi_20260526T074116Z_df720b,4880.772
llm_9e1e72d811f6,25,3,2026-05-17T06:34:58Z,arcee-ai/trinity-large-thinking:free,tone_zero_shot_indonesian.md,ABM_2025_ABMM_SR_2025_pdf/batch_32,ABM_2025_ABMM_SR_2025,True,"Secara keseluruhan, makna tema Laporan Keberlanjutan 2025, 'Strength Beneath, Vision Beyond', menekankan identitas ABM sebagai perusahaan energi yang berakar pada kekuatan internal yang kokoh, serta terus bergerak maju dengan visi strategis untuk menyediakan energi yang tidak hanya menopang masa kini, tetapi juga membuka jalan menuju masa depan yang berkelanjutan dan bermakna.",379,51,,none,none,none,none,,none,Mentions sustainability but not explicit ESG aspect.,none,llm_reprocess,none,True,False,False,False,False,llm_processing_bg_20260517T055935Z_952657,"page_0062.md, page_0063.md",environmental-claims,/home/ubuntu/apps/benchmarks/model_download/models/environmental-claims,Local model,no,0.997631,False,climatebert_multi_20260526T074116Z_df720b,31.344
