,sentence_norm,canonical_aspect,majority_category,majority_sentiment,majority_tone,runs_count
0,**Customer Oriented** Providing the best service for customer satisfaction,corporate core values - customer focus,none,positive,commitment,1
1,**Dynamic and Innovative** Quickly adapt and seek for creative solutions.,corporate core values - innovation,g,positive,commitment,1
2,"**Integrity** Honest, accountable and responsibility.",corporate core values - integrity,none,positive,commitment,1
3,**Learning without limits** Continuously learning to develop ourselves,corporate core values - continuous learning,none,positive,commitment,1
4,"**Respect Others** Respect, cooperativeness and good environment",corporate core values - respect,e,positive,commitment,1
5,0 critical incident,health and safety,e,neutral,none,1
6,0 insiden critical,safety incidents,none,neutral,none,1
7,1,other,e-s-g,neutral,none,1
8,"1,000 Trees planted at Pantai Bahagia Bekasi.",environmental,s,positive,outcome,1
9,"1,353 mangrove trees planted absorbing 261.2 kgCO₂ emissions",biodiversity conservation,s,positive,outcome,1
10,"1,353 mangrove trees planted absorbing 261.2 kgCO₂ emissions",carbon sequestration,s,positive,outcome,1
11,1.224 MILIAR DANA BANTUAN KESEHATAN,dana bantuan kesehatan,e-s-g,positive,outcome,1
12,1.224 MILIAR DANA BANTUAN KESEHATAN,health assistance,none,positive,outcome,1
13,1.264 KM JALAN TOL BEROPERASI,jalan tol beroperasi,e,positive,outcome,1
14,1.696 MILIAR PEMBERDAYAAN EKONOMI MASYARAKAT,community economic empowerment,s,positive,outcome,2
15,1.696 MILIAR PEMBERDAYAAN EKONOMI MASYARAKAT,pemberdayaan ekonomi masyarakat,s,positive,outcome,1
16,1.828 MILIAR DANA KEGIATAN HAYATI,biodiversity activities,e,positive,outcome,1
17,100% performance for Service Level Agreement (SLA) Operations,service quality,s,positive,outcome,1
18,104,other,none,none,none,1
19,112,other,e,none,none,1
20,1155,other,none,none,none,1
21,"12,356 m³ Water Usage (2020)",water consumption,none,neutral,outcome,1
22,"12,9 (LOW RISK)",esg risk level,e-s-g,positive,outcome,1
23,"12,9 (LOW RISK) Hasil ESG Risk Rating yang dilakukan oleh Morningstar Sustainalitycs.",esg risk rating,g,positive,outcome,1
24,129,other,e,neutral,none,1
25,"14 water towers installed providing clean water access to 6 regions, delivering 850 liters/hour each.",water access,g,positive,outcome,1
26,"14,297 Trees in Reforestation Program",reforestation,s,positive,outcome,1
27,"14,297 Trees in Reforestation Program",reforestation program,s,positive,outcome,2
28,14.297 POHON PROGRAM PENGHIJAUAN,reforestation,none,positive,outcome,2
29,15 water towers constructed since 2011 providing clean water access,community infrastructure,none,positive,outcome,1
30,17 unit Pengisian Kendaraan Listrik Umum (SPKLU)... meningkat 70% atau 7 unit dari tahun sebelumnya,clean technology adoption,e,positive,outcome,1
31,17% Intensitas Financed Emissions dari tahun 2023.,financed emissions,g,neutral,outcome,1
32,17% Intensitas Financed Emissions dari tahun 2023.,financed emissions reduction,e-s-g,positive,outcome,1
33,"18 stores implementing waste management program collecting 950.13 kg paper waste, saving 14 trees, 3,808 kWh energy, and preventing 85 kg CH₄ emissions.",paper waste recycling and tree savings,g,positive,outcome,1
34,1965,other,e,neutral,none,1
35,1ST RUNNER UP OF GENDER INCLUSIVE WORKPLACE - WEP'S AWARD BY UN WOMEN,gender inclusive workplace,,positive,outcome,1
36,2036,other,e-s,neutral,none,1
37,2039,other,e-s-g,neutral,none,1
38,2086,other,e,neutral,none,1
39,23,other,s,neutral,none,1
40,2334,other,e-s-g,neutral,none,1
41,"249,245 m3 Water Usage",water consumption,e-s-g,neutral,outcome,2
42,249.245 M3 PENGGUNAAN AIR,water usage,none,neutral,outcome,1
43,26,other,e,neutral,none,1
44,26 stores participating in recycled plastic glass program collecting 299 kg rPET glasses.,recycled plastic glass collection,e-s-g,positive,outcome,1
45,"27,209.6 GJ Energy Consumption (2020)",energy use,e,neutral,outcome,1
46,"28,497.05 Ton CO2 eq GHG Emission (2020)",ghg emissions,e,neutral,outcome,1
47,292,other,,neutral,none,1
48,2982,other,none,neutral,none,1
49,2ND RANK LINKEDIN TOP COMPANIES 2022,corporate recognition,g,positive,outcome,1
50,3 (Three) Green Toll Road Certified Roads,green certification,none,positive,outcome,2
51,3 (three) Green Toll Road Certified Roads,environmental certification,e,positive,outcome,1
52,3 (tiga) Ruas Jalan BERSERTIFIKAT GREEN TOLL ROAD,environmental certification,g,positive,outcome,1
53,3 (tiga) Ruas Jalan BERSERTIFIKAT GREEN TOLL ROAD,green certification,e,positive,outcome,1
54,3 (tiga) Ruas Jalan BERSERTIFIKAT GREEN TOLL ROAD,sertifikasi green toll road,none,positive,outcome,1
55,3 Green Building tersertifikasi GBCI dengan peningkatan 200% dari tahun sebelumnya.,green building certification,e,positive,outcome,1
56,3 Green Building tersertifikat GBCI dengan peningkatan 200% dari tahun sebelumnya.,sustainable infrastructure,s,positive,outcome,1
57,3-Star Rating for Vehicle Occupant in recent safety upgrades on Dalam Kota Toll Road (16 Januari 2023),road safety rating,e-s-g,positive,outcome,2
58,3-Star Rating for Vehicle Occupant in recent safety upgrades on Dalam Kota Toll Road (16 Januari 2023),road safety ratings,none,positive,outcome,1
59,3-Star Rating for Vehicle Occupant in recent safety upgrades on Dalam Kota Toll Road (16 Januari 2023),safety rating,e-s-g,positive,outcome,1
60,30% Intensitas emisi per pegawai dari baseline tahun 2019.,emissions intensity reduction,g,positive,outcome,1
61,30% Intensitas emisi per pegawai dari baseline tahun 2019.,employee carbon footprint,e,positive,outcome,1
62,3022,other,s,neutral,none,1
63,307,other,s,neutral,none,1
64,"31,78 Biaya Tanggung Jawab Sosial Lingkungan (TJSL) (Miliar rupiah)",corporate social responsibility investment,s,positive,outcome,1
65,323 JUTA BANTUAN LINGKUNGAN MASYARAKAT,bantuan lingkungan masyarakat,s,positive,outcome,1
66,323 JUTA BANTUAN LINGKUNGAN MASYARAKAT,community support,e,positive,outcome,1
67,33% Emisi Cakupan 1 dan 2 dari baseline tahun 2019.,carbon emissions reduction,none,positive,outcome,1
68,33% Emisi Cakupan 1 dan 2 dari baseline tahun 2019.,emissions reduction,e-s-g,positive,outcome,1
69,33% pengurangan Emisi Cakupan 1 dan 2 dari baseline tahun 2019.,emissions reduction,e-s-g,positive,outcome,1
70,34 manufacturing units [...] represent more than 75% of Indofood's total energy consumption.,energy management,none,neutral,outcome,1
71,3680,other,e-s,neutral,none,1
72,3774,other,e,neutral,none,1
73,3934,other,e-s-g,neutral,none,1
74,3976,other,,neutral,none,1
75,"4 murals using special paint that absorb air pollution, equivalent to planting 700 trees.",air pollution absorption via murals,s,positive,outcome,1
76,"4,98 (PUAS) INDEX KEPUASAN PELANGGAN",customer satisfaction,e,positive,outcome,2
77,"4,98 (PUAS) INDEX KEPUASAN PELANGGAN",kepuasan pelanggan,none,positive,outcome,1
78,4-Star Rating for Vehicle Occupant in recent safety upgrades on Pondok Aren - Ulujami Toll Road,road safety,s,positive,outcome,1
79,4-Star Rating for Vehicle Occupant in recent safety upgrades on Pondok Aren - Ulujami Toll Road (15 Desember 2023),road safety rating,e,positive,outcome,2
80,4-Star Rating for Vehicle Occupant in recent safety upgrades on Pondok Aren - Ulujami Toll Road (15 Desember 2023),road safety ratings,e,positive,outcome,1
81,4-Star Rating for Vehicle Occupant in recent safety upgrades on Pondok Aren - Ulujami Toll Road (15 Desember 2023),safety rating,e,positive,outcome,1
82,4.98 (Satisfied) Customer Satisfaction Rate,customer satisfaction,e-s-g,positive,outcome,3
83,4036,other,e-s-g,neutral,none,1
84,4069,other,e,neutral,none,1
85,4136,other,s,neutral,none,1
86,4183,other,none,neutral,none,1
87,4527,other,e,neutral,none,1
88,"46% reduction in paper usage compared to 2019 baseline, saving 22,822 trees",resource conservation,e-s-g,positive,outcome,1
89,46% reduction in paper usage compared to 2019 baseline.,resource efficiency,s,positive,outcome,1
90,"46,20 TJ PENGGUNAAN ENERGI",energy consumption,none,neutral,outcome,1
91,"46,20 TJ PENGGUNAAN ENERGI",energy usage,g,neutral,outcome,1
92,46.20 TJ Energy Usage,energy consumption,none,neutral,outcome,2
93,4603,other,e-s-g,neutral,none,1
94,"47,6% pegawai perempuan dengan representasi 36% di posisi >AVP Level.",gender diversity,s,positive,outcome,1
95,4849,other,e-s,neutral,none,1
96,50% of our employees participated in GoTo activities that aligned with nine of the UN SDGs.,sdg engagement,g,positive,outcome,1
97,"50% of our employees participated in GoTo activities that aligned with nine of the UN SDGs: Climate Action; Gender Equality; No Poverty; Zero Hunger; Quality Education; Reduced Inequalities; Sustainable Cities and Communities; Good Health and Well-Being; and Peace, Justice and Strong Institutions.",un sustainable development goals alignment,s,positive,outcome,1
98,52% female representation in leadership positions (ASE) and 4 female Commissioners/Directors,gender equality,e,positive,outcome,1
99,52% total pegawai adalah perempuan dengan 35% menjabat AVP atau lebih tinggi.,gender equality,e,positive,outcome,1
100,55,other,e,neutral,none,1
101,"59 2017 on the Implementation of Sustainable Development Goals), BRMS continuously strives to identify and align the company's work with the objectives of Sustainable Development Goals.","develops strategies, initiatives and kpis that are in line with sdgs which will then be reported periodically",s,commitment,commitment,1
102,"59,076 TonCO₂eq emission reduction from 2019 baseline.",emissions reduction,e,positive,outcome,1
103,"6,5 juta orang menerima manfaat program TJSL dan inklusi keuangan.",community development,s,positive,outcome,1
104,"6,5 juta orang menerima manfaat program TJSL dan inklusi keuangan.",social impact programs,none,positive,outcome,1
105,608,other,s,neutral,none,1
106,64% of leadership positions within our operations are held by women.,diversity and inclusion,e,positive,outcome,1
107,64% of leadership positions within our operations are held by women.,gender diversity in leadership,e,positive,outcome,2
108,64% of leadership positions within our operations are held by women.,gender equality,s,positive,outcome,1
109,677,other,g,neutral,none,1
110,692,other,s,neutral,none,1
111,742,other,e,neutral,none,1
112,"757,5 Total jam pelatihan karyawan (Jam)",employee training and development,g,positive,outcome,1
113,79% of shopping bags were non single-use plastic alternatives,sustainable packaging,e,positive,outcome,1
114,79.3% of shopping bags were non single-use plastic alternatives,waste reduction,e-s-g,positive,outcome,1
115,8.749 MILIAR DANA BANTUAN PENDIDIKAN,dana bantuan pendidikan,none,positive,outcome,1
116,8.749 MILIAR DANA BANTUAN PENDIDIKAN,education assistance,none,positive,outcome,1
117,832,other,none,neutral,none,1
118,94,other,e,neutral,none,1
119,94 percent of the electricity used in our own operations comes from renewable sources.,renewable energy usage,none,positive,outcome,1
120,94% renewable electricity in own operations (goal: 100% by 2030).,renewable energy,,positive,outcome,1
121,98.56% of employees vaccinated against COVID-19.,employee health & safety,g,positive,outcome,1
122,98.56% of employees were vaccinated against COVID‑19.,employee vaccination rate,e,positive,outcome,1
123,98.9% of shopping bags used in 2021 were non-plastic alternatives.,plastic reduction,e,positive,outcome,1
124,98.9% of shopping bags used in 2021 were non‑plastic alternatives.,non‑plastic shopping bag usage,s,positive,outcome,1
125,"A Collaboration on Electronic Manufacturing Services (""EMS"") For Venera Mobile Phones",local manufacturing,,positive,action,1
126,"A Collaboration on Electronic Manufacturing Services (""EMS"") For Venera Mobile Phones",manufacturing collaboration,e,positive,action,1
127,"A Collaboration on Electronic Manufacturing Services (""EMS"") For Venera Mobile Phones Erajaya Swasembada Tbk PT. through its subsidiary, namely PT Teletama Artha Mandiri (TAM), has officially started the local production of Venera mobile phone (HP) at PT Sat Nusapersada Tbk. in Batam.",local manufacturing initiative,e,positive,outcome,1
128,A Collaboration on Electronic Manufacturing Services (EMS) For Venera Mobile Phones,manufacturing collaboration,none,positive,action,2
129,A New Chapter in the Mining Industry in Indonesia to Welcome a Sustainable Future,sustainable development,s,positive,commitment,1
130,"A total of 96,609 kWh was distributed from the charging station, an increase of 551.88% or equivalent to 81,789 kWh from the previous year of 14,820 kWh.",electric vehicle charging distribution,e,positive,outcome,1
131,"A total of 96,609 kWh was distributed from the charging station, an increase of 551.88% or setara 81,789 kWh from the previous year sebanyak 14,820 kWh.",electric vehicle charging distribution,s,positive,outcome,1
132,A water tower can deliver 850 liters of clean water per hour.,water access,,neutral,action,1
133,A water tower can deliver 850 liters of clean water per hour.,water conservation,s,neutral,action,1
134,AIR DAUR ULANG,recycled water,none,neutral,action,1
135,"AMI always strives to harmonize environmental, social, and governance (ESG) aspects in carrying out business activities.",esg integration,e,commitment,commitment,3
136,Acara ini diselenggarakan sebagai bentuk sinergi dan komitmen Perseroan bersama para partner untuk saling mendukung dalam hal pembiayaan dan juga memberikan kemudahan serta kenyamanan bertransaksi untuk segala kebutuhan para customer Perseroan Group.,stakeholder partnerships and customer support,e,positive,action,1
137,Accomplishments in sustainability implementation garnered BNI several achievements in 2023.,esg performance,e,positive,outcome,1
138,"According to Nielsen data, only within 6 (six) months since the implementation of the first phase of the ASO policy, our Digital Terrestrial Television (DTT) penetration reached more than 90%.",dtt penetration achievement,e-s-g,positive,outcome,1
139,"Accordingly, the Management contends that current business development is not only limited to increasing sales but also how to optimize every existing network and database as our capital to create a product and service with more added-value.",business development,g,positive,commitment,1
140,"Accordingly, the Management contends that current business development is not only limited to increasing sales but also how to optimize every existing network and database as our capital to create a product and service with more added-value.",business development strategy,e,positive,commitment,1
141,Achieve full and productive employment and decent work for all women and men [Linked to GRI 401/405 disclosures],gender equality,s,positive,commitment,1
142,Achieve gender equality and empower all women and girls,gender equality,g,positive,commitment,1
143,"Achieve higher levels of economic productivity through diversification, technological upgrading and innovation, including through a focus on high-value added and labour-intensive sectors.",economic productivity,e-s-g,positive,commitment,3
144,"Achieve universal health coverage, including financial risk protection, access to quality essential health-care services and access to safe, effective, quality and affordable essential medicines and vaccines for all.",healthcare access,none,positive,commitment,3
145,Achieved over 66% renewable energy usage across our operations.,renewable energy usage,e,positive,outcome,1
146,Achieving good economic performance enabled MAPI to provide positive contribution to the achievement of the SDGs.,sustainable development goals,s,positive,outcome,1
147,Achieving over 66% renewable energy usage across our operations.,renewable energy adoption,e-s-g,positive,outcome,1
148,"Acquired PT Hidon, chicken breeding and hatchery company, through PT Multibreeder Adirama Indonesia Tbk.",business expansion,e,positive,outcome,1
149,Acquisition of PT Axioo International Indonesia (AXIOO),business acquisition,s,neutral,outcome,1
150,Acquisition of PT Axioo International Indonesia (AXIOO) To comply with the Regulation of the Minister of Trade No. 38/M-DAG/PER/8/2013 concerning the Amendment to the Article 8A of,regulatory compliance,e-s-g,neutral,outcome,1
151,Acquisition of PT Axioo International Indonesia (AXIOO).,acquisition,s,neutral,outcome,2
152,Adanya Satuan Kerja Manajemen Risiko (SKMR) yang secara khusus memitigasi risiko dan mengidentifikasi peluang terkait perubahan iklim.,climate risk management,g,neutral,action,3
153,Adaptasi terhadap terjadinya pandemi COVID-19 telah berdampak pada cepatnya penggunaan digital yang terus meningkat.,digital transformation,none,positive,outcome,1
154,"Adapun untuk merespons perubahan iklim, kami memiliki dua pendekatan utama, yaitu reduksi emisi gas rumah kaca dari kegiatan operasional dan penyaluran kredit yang ditujukan untuk pengurangan dan penyesuaian perubahan iklim.",reducing greenhouse gas emissions from operations,none,positive,action,1
155,"Additionally, BNI creates a sustainability culture that is thoroughly applied to all work units for maximum implementation of green banking practices.",sustainability culture,,positive,action,1
156,"Additionally, our report aligns with the Global Reporting Initiatives (""GRI"") Sustainability Reporting Standards, incorporating the most recent GRI Universal Standards from 2021.",gri standards compliance,s,neutral,outcome,1
157,"Additionally, our report aligns with the Global Reporting Initiatives (""GRI"") Sustainability Reporting Standards, incorporating the most recent GRI Universal Standards from 2021.",reporting standards,e,neutral,outcome,1
158,"Additionally, our report aligns with the Global Reporting Initiatives (""GRI"") Sustainability Reporting Standards, incorporating the most recent GRI Universal Standards from 2021.",sustainability reporting,e,neutral,outcome,1
159,"Additionally, our report aligns with the Global Reporting Initiatives (""GRI"") Sustainability Reporting Standards, incorporating the most recent GRI Universal Standards from 2021.",sustainability reporting standards,s,neutral,outcome,1
160,"Additionally, our report aligns with the Global Reporting Initiatives (""GRI"") Sustainability Reporting Standards.",gri alignment,none,neutral,outcome,1
161,"Advancing positive performance growth in the last few years, the Company closed 2017 with a satisfying achievement and has been ready to approach digital era.",performance growth,g,positive,outcome,3
162,"Advancing positive performance growth in the last few years, the Company closed 2017 with a satisfying achievement and has been ready to approach digital era.",performance growth and digital readiness,e-s-g,positive,outcome,2
163,"After experiencing multiple challenges in the last few years, Indonesian economy has started to show a positive sign of recovery as we can observe from the significant improvement in the industrial sector in 2017.",economic recovery,,positive,outcome,1
164,"After experiencing multiple challenges in the last few years, Indonesian economy has started to show a positive sign of recovery as we can observe from the significant improvement in the industrial sector in 2017.",economic recovery and industrial improvement,e-s,positive,outcome,1
165,"After experiencing multiple challenges in the last few years, Indonesian economy has started to show a positive sign of recovery as we can observe from the significant improvement in the industrial sector in 2017.",indonesian economy,s,positive,outcome,1
166,"After successfully overcoming the implementation phase of the Analog Switch Off (ASO) policy imposed by the government since the end of 2022, the media industry was faced with various external challenges stemming from global macroeconomic turmoil that triggered an increase in inflation and interest rates, especially in the first half of the year.",external economic challenges,,negative,outcome,1
167,"Agribusinesses also face complex sustainability issues, from forest protection, land and human rights issues, to supply chain traceability.",agribusiness sustainability issues,none,neutral,none,1
168,"Agribusinesses also face complex sustainability issues, from forest protection, land and human rights issues, to supply chain traceability.",sustainability issues in agribusiness,,neutral,none,1
169,"Agricultural supply shocks and extreme weather events threaten business continuity, making climate change mitigation not only a moral imperative but a strategic business proposition.",climate change,none,negative,none,1
170,"Aligned with this theme, companies and business units are always striving to create and develop various innovative programs in order to contribute towards the achievement of the SDGs, which include increasing profits, sound environmental management, and increasing contributions to community empowerment",contribution to sustainable development goals,e,positive,commitment,3
171,"Aligned with this theme, companies and business units are always striving to create and develop various innovative programs in order to contribute towards the achievement of the SDGs, which include increasing profits, sound environmental management, and increasing contributions to community empowerment",contribution towards the achievement of the sdgs,s,positive,commitment,1
172,"Aligned with this theme, companies and business units are always striving to create and develop various innovative programs in order to contribute towards the achievement of the SDGs, which include increasing profits, sound environmental management, and increasing contributions to community empowerment.",sdg contribution,e,positive,commitment,1
173,"Aligned with this theme, companies and business units are always striving to create and develop various innovative programs in order to contribute towards the achievement of the SDGs, which include increasing profits, sound environmental management, and increasing contributions to community empowerment.",sdgs contribution,e-s,positive,commitment,2
174,All financial information for 2024 presented in this report is sourced from the Indofood 2024 Annual Report.,financial reporting,e,neutral,outcome,1
175,"All of the Company's efforts in running its business are carried out on the principle of sustainability by taking into account the harmony between economic, social, and environmental aspects.",sustainability integration,e-s-g,positive,commitment,1
176,"All of the Company's efforts in running its business are carried out on the principle of sustainability by taking into account the harmony between economic, social, and environmental aspects.",sustainability principle,s,positive,commitment,3
177,"All of the Company's efforts in running its business are carried out on the principle of sustainability by taking into account the harmony between economic, social, and environmental aspects.",triple bottom line approach,e,positive,commitment,1
178,"All products have obtained necessary licenses (SNI for kids' products, BPOM for food/cosmetics).",product safety compliance,e-s-g,positive,outcome,1
179,All products have obtained the necessary licenses such as Indonesian National Standards (SNI) for all kids' products and distribution licenses from Indonesian Food and Drug Authority (BPOM)...,regulatory compliance,e,positive,outcome,1
180,All the icons depicted on the cover of this report represent our efforts and initiatives towards sustainable operations.,sustainability reporting,e-s-g,positive,action,1
181,All the icons depicted on the cover of this report represent our efforts and initiatives towards sustainable operations.,sustainable operations,s,positive,action,1
182,"All the results of sustainability performance in the economic, social, environmental, and governance aspects are collective responsibility and are under the supervision of the President Director.",collective esg responsibility,s,positive,outcome,1
183,All this led to a stronger gross margin.,gross margin,e,positive,outcome,1
184,All this led to a stronger gross margin.,gross margin improvement,e-s-g,positive,outcome,1
185,Almost 100% of shopping bags were either paper or spun bonded bags.,plastic reduction,e,positive,outcome,1
186,"Alongside our stakeholders, we work to keep on delivering value to them.",community engagement,g,positive,action,1
187,"Also, we are still committed to KPMG International's Impact Plan.",corporate commitment,e-s-g,positive,commitment,1
188,"Also, we are still committed to KPMG International's Impact Plan.",global sustainability plan,,positive,commitment,1
189,"Although managed independently, KPMG is structured such that global activities support a consistent level of quality and set of values, regardless of where the subsidiary operates.",quality and values,none,positive,action,1
190,"Although the operational activities are not directly related to climate change, the Company has a significant role in providing education related to environmental preservation to the public.",environmental education,e,positive,action,1
191,"Amid a political year and ongoing global economic uncertainty, the Company continues to pursue business development in a cautious and selective manner, grounded in resilience and a sustainability-oriented approach.",business development,none,neutral,action,1
192,"Amid a political year and ongoing global economic uncertainty, the Company continues to pursue business development in a cautious and selective manner, grounded in resilience and a sustainability-oriented approach.",business resilience and sustainability,s,positive,commitment,1
193,"Amid a political year and ongoing global economic uncertainty, the Company continues to pursue business development in a cautious and selective manner, grounded in resilience and a sustainability-oriented approach.",sustainability-oriented approach,g,positive,commitment,1
194,"Amidst the dynamic condition of 2017, the Company realizes that Human Capital has become a very important aspect for business sustainability.",human capital,none,positive,commitment,1
195,"Amidst the dynamic condition of 2017, the Company realizes that Human Capital has become a very important aspect for business sustainability.",importance of human capital,e-s-g,positive,commitment,1
196,"Amidst the rapid digitalization, the Company also observes the importance of Big Data Management as a pivotal key to expand and diversify business.",big data management,g,neutral,action,2
197,Annual Public Expose,transparency,none,neutral,action,1
198,"Another strategy undertook by Erajaya Group is to develop electronic-based selling (""e-commerce"") through www.erafone.com in early 2012.",e-commerce development,,positive,action,1
199,Another strategy undertook by Erajaya Group is to develop electronic-based selling (e-commerce) through www.erafone.com in early 2012.,e-commerce,s,positive,action,1
200,Aquaculture operation received Runner Up for Asian Feed Miller Sustainability Award 2019.,sustainable aquaculture,s,positive,outcome,1
201,"Arising challenges, such as cyber crime due to digitization acceleration and issues caused by climate change, compel BNI into becoming an agent of change that must be perpetually ready to adapt and evolve in facing all occurring changes.",climate change risk,none,negative,none,1
202,"Arising challenges, such as cyber crime due to digitization acceleration and issues caused by climate change, compel BNI into becoming an agent of change that must be perpetually ready to adapt and evolve in facing all occurring changes.",risk management,g,neutral,action,2
203,Around 89% of our plantations have achieved the Indonesian Sustainable Palm Oil (ISPO) certification,sustainable palm oil certification,g,positive,outcome,1
204,Around 89% of our plantations have achieved the Indonesian Sustainable Palm Oil (ISPO) certification and our Agribusiness Group is on track to achieve 100% ISPO certification for all mills and nucleus estates by the end of 2024.,certification,s,positive,outcome,1
205,Around 89% of our plantations have achieved the Indonesian Sustainable Palm Oil (ISPO) certification and our Agribusiness Group is on track to achieve 100% ISPO certification for all mills and nucleus estates by the end of 2024.,ispo certification,s,positive,outcome,2
206,Around 89% of our plantations have achieved the Indonesian Sustainable Palm Oil (ISPO) certification and our Agribusiness Group is on track to achieve 100% ISPO certification for all mills and nucleus estates by the end of 2024.,ispo certification achievement,g,positive,outcome,2
207,Around 89% of our plantations have achieved the Indonesian Sustainable Palm Oil (ISPO) certification and our Agribusiness Group is on track to achieve 100% ISPO certification for all mills and nucleus estates by the end of 2024.,ispo certification and 100% target,,positive,commitment,1
208,Around 89% of our plantations have achieved the Indonesian Sustainable Palm Oil (ISPO) certification and our Agribusiness Group is on track to achieve 100% ISPO certification for all mills and nucleus estates by the end of 2024.,ispo certification progress,e,positive,outcome,1
209,Around 89% of our plantations have achieved the Indonesian Sustainable Palm Oil (ISPO) certification and our Agribusiness Group is on track to achieve 100% ISPO certification for all mills and nucleus estates by the end of 2024.,sustainable agriculture,e-s-g,positive,action,1
210,Around 89% of our plantations have achieved the Indonesian Sustainable Palm Oil (ISPO) certification and our Agribusiness Group is on track to achieve 100% ISPO certification for all mills and nucleus estates by the end of 2024.,sustainable certification progress,s,positive,outcome,1
211,Around 89% of our plantations have achieved the Indonesian Sustainable Palm Oil (ISPO) certification and our Agribusiness Group is on track to achieve 100% ISPO certification for all mills and nucleus estates by the end of 2024.,sustainable palm oil certification,e,positive,outcome,2
212,Around 89% of our plantations have achieved the Indonesian Sustainable Palm Oil (ISPO) certification.,sustainable certification,e,positive,outcome,1
213,Around 89% of our plantations have achieved the Indonesian Sustainable Palm Oil (ISPO) certification... on track to achieve 100% ISPO certification by end of 2024.,sustainable certification,s,positive,commitment,1
214,"As a Company engaged in service industry, the Company does not produce environmentally friendly products. However, the entire process of operational activities must be efficient to reduce the emissions from energy consumption in the multimedia process.",environmental efficiency,e,positive,action,1
215,"As a UNGC signatory, KPMG Norway is committed to developing its business in accordance with the Ten Principles for Corporate Sustainability.",un global compact principles,,positive,commitment,1
216,"As a company committed to fostering sustainable economic growth, BRMS steadfastly continues to support initiatives targeting the achievement of sustainable development goals.",sdgs support,e-s,positive,commitment,1
217,"As a company committed to fostering sustainable economic growth, BRMS steadfastly continues to support initiatives targeting the achievement of sustainable development goals.",sustainable economic growth,none,positive,commitment,1
218,"As a company in the banking industry, BNI responded to the challenge by implementing sustainable finance.",sustainable finance,s,positive,action,1
219,"As a food products producer, providing safe and nutritious products to meet increasingly diverse consumer demands in terms of choice, convenience, and nutritional content is our top priority.",food safety,s,positive,commitment,1
220,"As a food products producer, providing safe and nutritious products to meet increasingly diverse consumer demands in terms of choice, convenience, and nutritional content is our top priority.",product safety,s,positive,commitment,1
221,"As a food products producer, providing safe and nutritious products to meet increasingly diverse consumer demands in terms of choice, convenience, and nutritional content is our top priority.",product safety and nutrition,s,positive,commitment,3
222,As a form of implementation of the commitment and participation of government programs (Presidential Regulation No.,align the company's work with the objectives of sustainable development goals,none,positive,commitment,1
223,"As a form of implementation of the commitment and participation of government programs (Presidential Regulation No. 59 2017 on the Implementation of Sustainable Development Goals), BRMS continuously strives to identify and align the company's work with the objectives of Sustainable Development Goals.",government program alignment,s,positive,commitment,1
224,"As a global community, we are faced with challenges that will decide our future.",global challenges,e-s-g,neutral,none,2
225,"As a global community, we are faced with challenges that will decide our future.",societal impact,s,neutral,none,1
226,"As a global company committed to environmental stewardship, it is our responsibility to remain informed of climate-related policy, regulation, and the most comprehensive, relevant sustainability reporting frameworks.",environmental stewardship,,positive,commitment,1
227,"As a more environmental-friendly choice, Starbucks, Pizza Marzano, Genki Sushi, and Subway have plant-based options in their menu lists.",sustainable product offerings,none,positive,outcome,1
228,"As a more environmental-friendly choice, Starbucks, Pizza Marzano, Genki Sushi, and Subway have plant-based options in their menu lists.",sustainable products,e,positive,outcome,1
229,"As a public company, implementation of good corporate governance (GCG) is a must.",corporate governance,e-s-g,positive,commitment,2
230,"As a public company, implementation of good corporate governance (GCG) is a must. The company complies with all relevant rules and did not obtain any fine or litigation throughout the year.",corporate governance,g,positive,outcome,1
231,"As a public company, implementation of good corporate governance (GCG) is a must. The company complies with all relevant rules and did not obtain any fine or litigation throughout the year.",corporate governance compliance,g,positive,outcome,1
232,"As a responsible company, BRMS participates in realizing this commitment because climate resilience also plays an important role in the sustainability of the mineral mining sector.",climate resilience,none,positive,commitment,1
233,"As a result of the LCA, we are able to identify the key focus areas in our business and make science-based improvements.",science-based improvements,e,positive,outcome,1
234,"As a retail company, PT Mitra Adiperkasa Tbk (MAP) is committed to be responsible in the environmental, social, and governance (ESG) management in our business operations.",esg management,e-s-g,positive,commitment,1
235,"As a retail company, PT Mitra Adiperkasa Tbk (MAP) is committed to be responsible in the environmental, social, and governance (ESG) management in our business operations.",esg management commitment,e-s,positive,commitment,1
236,"As a road tester, we hope to share our findings as an example for other organisations, especially those in relevant sectors.",knowledge sharing,e,positive,commitment,1
237,"As a signatory to the UN Global Compact, we work to combat corruption in all its forms.",anti-corruption,e,positive,action,2
238,"As of the end of 2015, AndroidNation has grew to 6 outlets at Senayan City Jakarta, Paragon Citymall Semarang, Tunjungan Plaza Surabaya, Grand Indonesia Jakarta, Pasific Place Jakarta, and Mall Alam Sutera Tangerang.",retail expansion,,positive,outcome,1
239,"As of the end of 2023, Rp113,224 billion of financing has been disbursed to the MSMEs.",msme finance,none,positive,outcome,1
240,"As one of State-owned Enterprises (SOE), BNI also makes persistent efforts to develop a better Indonesia in the future by continuing to collaborate with the community as well as providing excellent service to its customers.",community development,s,positive,commitment,3
241,"As the Management of PT Erajaya Swasembada Tbk. (""Company"") kindly allow us to convey the Company's Management Report for the fiscal year of 2017.",management report,none,neutral,outcome,1
242,"As the business evolving, Erajaya Group entered into strategic partnership with 14 well-known global brands, including Acer, Apple, Asus, BlackBerry, Dell, HTC, Huawei, Lenovo, LG, Motorola, Nokia, Samsung, Sony, and Xiaomi.",strategic partnerships,e-s,positive,outcome,1
243,"As we are ramping up to become CSRD compliant, we are currently conducting a double materiality analysis that will be part of next year's report when we likewise are planning to conduct a thorough stakeholder analysis.",double materiality assessment,e-s-g,neutral,action,1
244,"As we are ramping up to become CSRD compliant, we are currently conducting a double materiality analysis that will be part of next year's report when we likewise are planning to conduct a thorough stakeholder analysis.",materiality assessment,s,neutral,action,1
245,"As we are ramping up to become CSRD compliant, we are currently conducting a double materiality analysis that will be part of next year's report.",double materiality analysis,none,neutral,action,1
246,"As we face intensifying climate events that pose increasing risks to businesses worldwide, this report showcases the progress we have made in strengthening our sustainability practices across environmental, social, and governance (""ESG"") priorities and in enhancing our organizational resilience.",climate resilience,e,positive,outcome,1
247,"As we publish this year's report, we are concurrently conducting research and analysis for next year's report, with which we will make even greater strides forward.",continuous improvement,g,positive,action,1
248,"Asia Pacific Enterpreneurship Award 2015 - Budiarto Halim, Outstanding Category.",awards,,positive,outcome,1
249,"Asia Pacific Entrepreneurship Award 2015 - Budiarto Halim, Outstanding Category",entrepreneurship recognition,e-s-g,positive,outcome,1
250,"Asia Pacific Entrepreneurship Award 2015 - Budiarto Halim, Outstanding Category.",entrepreneurship award,none,positive,outcome,1
251,Asiamoney Corporate Governance Poll 2012: The 4th Best for Shareholder's Rights and Equitable Treatment,shareholder rights protection,e-s-g,positive,outcome,1
252,"Asiamoney, Corporate Governance Poll 2012, The 4th Best for Shareholder's Rights and Equitable Treatment",shareholder rights,s,positive,outcome,1
253,"Asiamoney, Corporate Governance Poll 2012, The 4th Best for Shareholder's Rights and Equitable Treatment.",corporate governance,g,positive,outcome,2
254,"Asiamoney, Corporate Governance Poll 2012, The 4th Best for Shareholder's Rights and Equitable Treatment.",governance recognition,,positive,outcome,1
255,"Asiamoney, Corporate Governance Poll 2012, The 4th Best for Shareholder's Rights and Equitable Treatment.",shareholder rights,e-s,positive,outcome,1
256,"Aside from these facts, the Central Statistical Bureau (BPS) reported a stable purchasing power rate of Indonesian society throughout 2017, whereby it reached 4.97% by 4th quarter of 2017 from 4.95% during the 1st quarter of 2017.",purchasing power rate,s,positive,outcome,1
257,"Aspirasi kami dalam penerapan energi hijau dan berkelanjutan diterjemahkan ke dalam pilar transisi energi, yaitu meningkatkan kilang PERTAMINA untuk menghasilkan bahan bakar ramah lingkungan, pengembangan lebih lanjut bioenergi dalam bentuk biomassa dan bioetanol, mengoptimalkan potensi dan meningkatkan kapasitas panas bumi terpasang serta komersialisasi hidrogen.",energy transition initiatives,,positive,commitment,1
258,"Aspirasi kami dalam penerapan energi hijau dan berkelanjutan diterjemahkan ke dalam pilar transisi energi, yaitu meningkatkan kilang PERTAMINA untuk menghasilkan bahan bakar ramah lingkungan, pengembangan lebih lanjut bioenergi dalam bentuk biomassa dan bioetanol, mengoptimalkan potensi dan meningkatkan kapasitas panas bumi terpasang serta komersialisasi hidrogen.",renewable energy development,g,positive,commitment,2
259,Assistance for Trash Bin and Cleaning Vehicle in Rest Area,waste management,g,positive,action,1
260,"At GoTo, we integrated AI into select products to optimize functionality and improve employee and customer experience.",ai integration,none,positive,outcome,1
261,"At GoTo, we integrated AI into select products to optimize functionality and improve employee and customer experience.",artificial intelligence,,neutral,action,1
262,"At GoTo, we integrated AI into select products to optimize functionality and improve employee and customer experience.",responsible use of ai,e,positive,commitment,1
263,"At KPMG Norway, we aspire to play a key role in helping businesses and governments navigate the future.",community engagement,g,positive,commitment,1
264,"At KPMG Norway, we aspire to play a key role in helping businesses and governments navigate the future.",future impact,g,positive,commitment,1
265,"At KPMG Norway, we aspire to play a key role in helping businesses and governments navigate the future.",sustainability leadership,s,positive,commitment,1
266,"At domestic level, Indonesia has managed to achieve a 5.07% for its economic growth, slightly higher than the previous year's growth at the level of 5.02%.",domestic economic growth,s,positive,outcome,1
267,"At domestic level, Indonesia has managed to achieve a 5.07% for its economic growth, slightly higher than the previous year's growth at the level of 5.02%.",economic growth,e,positive,outcome,1
268,"At our Agribusiness mills, we have reached 99% renewable energy usage, using biomass energy in the form of palm shells for boilers.",biomass energy usage,e-s-g,positive,outcome,3
269,"At our Agribusiness mills, we have reached 99% renewable energy usage, using biomass energy in the form of palm shells for boilers.",biomass energy utilization,s,positive,outcome,2
270,"At our Agribusiness mills, we have reached 99% renewable energy usage, using biomass energy in the form of palm shells for boilers.",renewable energy,e,positive,outcome,1
271,"At our Agribusiness mills, we have reached 99% renewable energy usage, using biomass energy in the form of palm shells for boilers.",renewable energy usage,s,positive,outcome,2
272,"At our Agribusiness mills, we have reached 99% renewable energy usage, using biomass energy in the form of palm shells for boilers.",renewable energy usage in agribusiness,none,positive,outcome,1
273,"At our Agribusiness mills, we have reached 99% renewable energy usage, using biomass energy in the form of palm shells for boilers.",renewable energy usage in agribusiness mills,none,positive,outcome,2
274,"At our CBP Group, we continue to improve water efficiency through water re-use while at our Bogasari Group, we are repurposing sea water through reverse osmosis, together these initiatives serve as efforts aimed at conserving water.",water conservation,e-s,positive,action,3
275,"At our CBP Group, we continue to improve water efficiency through water re-use while at our Bogasari Group, we are repurposing sea water through reverse osmosis, together these initiatives serve as efforts aimed at conserving water.",water conservation initiatives,e,positive,action,1
276,"At our CBP Group, we continue to improve water efficiency through water re-use while at our Bogasari Group, we are repurposing sea water through reverse osmosis, together these initiatives serve as efforts aimed at conserving water.",water efficiency,,positive,action,1
277,"At our CBP Group, we continue to improve water efficiency through water re-use while at our Bogasari Group, we are repurposing sea water through reverse osmosis, together these initiatives serve as efforts aimed at conserving water.",water efficiency improvement,s,positive,action,1
278,"At our CBP Group, we continue to improve water efficiency through water re-use while at our Bogasari Group, we are repurposing sea water through reverse osmosis, together these initiatives serve as efforts aimed at conserving water.",water reuse and conservation,e,positive,action,2
279,"At our CBP Group, we continue to improve water efficiency through water re-use while at our Bogasari Group, we are repurposing sea water through reverse osmosis.",water conservation initiatives,e-s-g,positive,action,1
280,"At our CBP Group, we continue to improve water efficiency through water re-use while at our Bogasari Group, we are repurposing sea water through reverse osmosis.",water efficiency,s,positive,action,1
281,"At our CBP Group, we continue to improve water efficiency through water re-use while at our Bogasari Group, we are repurposing sea water through reverse osmosis.",water re-use and reverse osmosis,e,positive,action,1
282,"At our CBP Group, we continue to improve water efficiency through water re-use while at our Bogasari Group, we are repurposing sea water through reverse osmosis.",water reuse and sea water repurposing,e-s-g,positive,action,1
283,"At our CBP Group, we continue to improve water efficiency through water re-use.",water efficiency,,positive,action,1
284,"At our CBP Group, we have successfully expanded our Healthier Choice product line with additional 16 dairy products, bringing our total to 45 dairy products that offer reduced sugar or fat content.",healthier choice product line,e-s-g,positive,outcome,1
285,"At our CBP Group, we have successfully expanded our Healthier Choice product line with additional 16 dairy products, bringing our total to 45 dairy products that offer reduced sugar or fat content.",healthier product development,s,positive,outcome,1
286,"At our CBP Group, we have successfully expanded our Healthier Choice product line with additional 16 dairy products, bringing our total to 45 dairy products that offer reduced sugar or fat content.",healthier products,s,positive,outcome,3
287,"At our CBP Group, we have successfully expanded our Healthier Choice product line with additional 16 dairy products, bringing our total to 45 dairy products that offer reduced sugar or fat content.",product nutrition,g,positive,outcome,1
288,"At our CBP Group, we have successfully expanded our Healthier Choice product line with additional 16 dairy products, bringing our total to 45 dairy products that offer reduced sugar or fat content.",product nutrition improvement,none,positive,outcome,2
289,"At the end of 2011, Erajaya Group conducted an IPO, selling 31.7% of its shares.",financial activity,none,neutral,outcome,1
290,"At the end of 2011, Erajaya Group conducted an IPO, selling 31.7% of its shares. With the stock code ERAA, Erajaya Group officially listed on the Indonesia Stock Exchange.",initial public offering,e-s-g,neutral,outcome,1
291,"At the end of 2014, AndroidNation continues to grow, and reached 6 outlets in Jakarta, Tangerang, Semarang and Surabaya.",retail concept growth,none,positive,outcome,1
292,"At the end of 2014, the Group relaunching Erajaya www.erafone.com website.",digital platform enhancement,s,positive,outcome,2
293,"At the end of 2014, the Group relaunching Erajaya www.erafone.com website.",e-commerce,s,positive,outcome,1
294,"At the same time, the Company also encourages the implementation of ESG (Environment, Social, and Governance) principles so that we can build competitive advantages that will support the achievement of quality business growth.",esg implementation,g,positive,commitment,1
295,"At the same time, the pace of global poverty reduction has slowed down and around 700 million people continue to live below the extreme poverty line.",poverty reduction,e,negative,outcome,1
296,"At the same time, the pace of global poverty reduction has slowed down and around 700 million people continue to live below the extreme poverty line.",social impact,s,negative,outcome,1
297,"Atas dasar ini, pada tahun 2021 kami meluncurkan obligasi berbasis keberlanjutan yang memiliki nilai sebesar 350 juta dolar AS dengan tingkat bunga sebesar 5,375% yang akan jatuh tempo pada tahun 2026.",sustainability-linked bond issuance,e-s,positive,outcome,1
298,"Atas upaya ini, di tahun 2021, platform OTT Vidio kami sudah memiliki rata-rata 62 juta pengguna aktif bulanan dan telah mencapai 2 juta pelanggan berbayar.",platform growth,e-s-g,positive,outcome,1
299,"Atas upaya ini, hingga akhir tahun 2021, Perseroan tidak menerima pengaduan mengenai pelanggaran privasi pelanggan, baik terkait kebocoran, pencurian, atau kehilangan data.",customer privacy,s,positive,outcome,2
300,"Audience satisfaction survey reached 3,195 people in 2020, up from 1,608 in 2019.",audience satisfaction,e-s-g,positive,outcome,1
301,Authorized Dealer Reward 2014 - 1st Broadband Penetration Region Sumatra Bagian Selatan dari Telkomsel.,awards,,positive,outcome,1
302,Authorized Dealer Reward 2014 - 1stOutlet Productivity Region Sumatra Bagian Selatan dari Telkomsel.,awards,s,positive,outcome,1
303,Authorized Dealer Reward 2014 - 3rdBest Area Performance Area Sumatra dari Telkomsel.,awards,s,positive,outcome,1
304,Authorized Dealer Reward 2014 – 1st Broadband Penetration Region Sumatra Bagian Selatan dari Telkomsel.,corporate reputation,none,positive,outcome,1
305,Authorized Dealer Reward 2014 – 1stOutlet Productivity Region Sumatra Bagian Selatan dari Telkomsel.,corporate reputation,s,positive,outcome,1
306,Authorized Dealer Reward 2014 – 3rdBest Area Performance Area Sumatra dari Telkomsel.,corporate reputation,g,positive,outcome,1
307,Average Training Duration (hour/employee).,employee training,e,neutral,outcome,1
308,Average Training Hours per Employee,employee development,s,neutral,outcome,1
309,Average Training Time Per Employee increased to 25.3 hours (2022) from 19.8 hours (2021),employee development,e-s-g,positive,outcome,1
310,Average training duration per employee increased from 10.9 hours (2020) to 12.3 hours (2021).,employee development,s,positive,outcome,1
311,"Average training duration per employee increased, with 52,446 participants in MAP Retail Academy trainings in 2021.",employee training participation,none,positive,outcome,1
312,Average training hours per employee of 18 hours/employee.,employee training,e,neutral,outcome,1
313,Average training hours per employee reached 18.3 hours in 2023.,employee training,e,positive,outcome,1
314,Award on Best Category for toll road length 15-50 kilometers for Pandaan-Malang toll road section of PT Jasamarga Pandanaan Malang – 1st place,sustainable toll road recognition,e,positive,outcome,1
315,Award on Best Category for toll road length <15 kilometers – Gempol-Pandanaan toll road section of PT Jasamarga Pandaan Toll – 3rd place,sustainable toll road recognition,g,positive,outcome,1
316,Award on Best Category for toll road with length >50 kilometers for Jagorawi Toll Road - 1st place,sustainable toll road recognition,e,positive,outcome,1
317,Award on Best Category for toll road with length >50 kilometers for Ngawi-Kertosono toll road section of PT Jasamarga Ngawi Kertosono Kediri – 2nd place,sustainable toll road recognition,none,positive,outcome,1
318,Awards,awards,e,neutral,none,1
319,Awards 2013 - The Top 50 Companies for 2013 from Forbes.,awards,g,positive,outcome,1
320,Awards 2013 – The Top 50 Companies for 2013 from Forbes,corporate reputation,g,positive,outcome,1
321,"Awareness on sustainability grew continuously, thus the retail industry must also start to manage its environmental, social, and governance (ESG) aspects to improve sustainability performance.",esg aspects,e-s,positive,commitment,1
322,"Axioo International Indonesia will be used to assemble Venera, mobile phone brands owned by Erajaya.",manufacturing,none,neutral,action,1
323,"Ayah saya membangun perusahaan ini lebih dari 45 tahun yang lalu dengan keyakinan bahwa kami hanya dapat berkembang jika kami tumbuh bersama dengan seluruh pemangku kepentingan, yaitu karyawan, mitra bisnis, pemegang saham, petani dan peternak, serta pemasok.",stakeholder collaboration,none,positive,commitment,1
324,BANK SAMPAH DI KOTA BESAR,urban waste management,s,neutral,action,1
325,BEI juga membutuhkan sinergi dengan PT Kliring Penjaminan Efek Indonesia (KPEI) dan PT Kustodian Sentral Efek Indonesia (KSEI) untuk mendukung terlaksananya penerapan keuangan berkelanjutan.,sustainable finance implementation,s,positive,action,1
326,BEI telah melaksanakan inisiatif untuk mewujudkan serangkaian inisiatif keuangan berkelanjutan dan hal ini dikuatkan dengan bergabungnya BEI menjadi bagian dari inisiatif United Nations Sustainable Stock Exchange.,sustainable finance initiatives,s,positive,outcome,1
327,BEI telah menetapkan serangkaian inisiatif untuk mewujudkan keuangan berkelanjutan yang setiap tahunnya dituangkan dalam sebuah Rencana Aksi Keuangan Berkelanjutan (RAKB).,sustainable finance action plan,e-s-g,positive,action,2
328,BIAYA LINGKUNGAN TAHUN 2021 Environmental Costs in 2021,environmental costs,none,neutral,outcome,1
329,"BIAYA LINGKUNGAN USS ENVIRONMENTAL COST 20,677",environmental cost,,neutral,outcome,3
330,"BIAYA LINGKUNGAN USS ENVIRONMENTAL COST 20,677",environmental costs,none,neutral,outcome,1
331,"BIAYA LINGKUNGAN USS ENVIRONMENTAL COST 20,677",environmental expenditure,e-s,neutral,outcome,1
332,"BIAYA LINGKUNGAN USS ENVIRONMENTAL COST 20,677 KONSUMSI ENERGI 12,236 ENERGY CONSUMPTION 01GAJGULE PENGGUNAAN AIR 3,3 WATER USAGE 3,3 JUTA LITER MILLION LITER",environmental management,e,neutral,outcome,1
333,"BIAYA LINGKUNGAN USS ENVIRONMENTAL COST 20,677 | KONSUMSI ENERGI 12,236 GJ | PENGGUNAAN AIR 3,3 JUTA LITER",environmental management,none,neutral,outcome,1
334,BNI also has the five pillars of sustainability to manifest the commitment in implementing sustainability practices.,sustainability strategy,s,positive,commitment,2
335,"BNI always seeks ways to create a safe, comfortable, inclusive, and fair workplace for all employees.",workplace environment,none,positive,commitment,1
336,"BNI believes that engaging stakeholders, both national and global, can create shared values in the long term.",community engagement,e-s-g,positive,action,3
337,"BNI considers the sustainability concept as a significant aspect inherent in the operational banking business, in which the sustainability values are incorporated into company strategies by taking the environmental, social, and governance (ESG) as well as economic aspects into account.",esg integration,s,positive,action,1
338,BNI consistently engages and synergizes with all stakeholders to collectively respond to every challenge and create a sustainable future together.,community engagement,e-s-g,positive,action,3
339,"BNI firmly supports environmental preservation by implementing programs to conserve Javan rhinoceros (Rhinoceros sondaicus) and Orangutans (Pongo pymgaeus), and planting 88,023 trees.",biodiversity conservation,none,positive,outcome,1
340,"BNI guarantees equal rights with no discrimination for all employees who desire to develop their careers and competencies, including their insights on sustainable finance.",equal opportunity,none,positive,commitment,1
341,"BNI has implemented the strategy of integrating environmental, social, and governance (ESG) aspects to support stakeholders and the environment in achieving the commitment to sustainability.",esg integration,e-s-g,positive,outcome,3
342,"BNI has performed CRST to several sectors in the Corporate, Enterprise, and Commercial segment, among which are coal mining (including power plant), oil palm plantation, and pulp &amp; paper.",climate risk stress test,e,neutral,outcome,1
343,BNI has the five pillars of sustainability to manifest the commitment in implementing sustainability practices.,sustainability pillars,s,positive,commitment,1
344,BNI is committed to performing a dedicated role as a transformation agent in implementing ESG principles.,esg leadership,none,positive,commitment,1
345,"BNI is determined to continue making progress and new breakthroughs to allow it to compete and realize its vision to be the leading sustainable financial institution, both in service and performance.",sustainability vision,none,positive,commitment,1
346,BNI is resolute in its commitment to increasing the sustainability performance as it can create shared values for all stakeholders.,sustainability commitment,e,positive,commitment,2
347,"BNI obtained a Green Building certification for two BNI buildings, ""Gold"" Certification for Menara BNI and ""Platinum"" Certification for Plaza BNI.",green building,,positive,outcome,2
348,"BNI obtained a Green Building certification for two BNI buildings, ""Gold"" Certification for Menara BNI and ""Platinum"" Certification for Plaza BNI.",green buildings,s,positive,outcome,1
349,BNI strengthened the ESG aspects in the Risk Acceptance Criteria (RAC) in 18 debtors' sectors.,esg risk management,none,positive,outcome,1
350,BNI was able to maintain its MSCI Rating at Rating A.,esg rating,none,positive,outcome,2
351,BNI was recorded as having medium risk with a score of 21.4 according to Sustainalytics' ESG Risk Rating.,esg risk assessment,,neutral,outcome,1
352,BNI's commitment to reducing GHG was also substantiated by the roadmaps of 2028 NZE Operational and 2060 NZE Financing targets.,ghg emission reduction,e-s,positive,commitment,1
353,BRMS berkomitmen untuk berperan serta dalam gerakan global ini dengan cara berkontribusi demi mencapai realisasi tujuan pembangunan berkelanjutan tersebut,commitment to sustainable development,s,positive,commitment,1
354,BRMS berkomitmen untuk berperan serta dalam gerakan global ini dengan cara berkontribusi demi mencapai realisasi tujuan pembangunan berkelanjutan tersebut.,sustainable development commitment,g,positive,commitment,1
355,BRMS consistently partners up with other organizations and institutions that have the same goals.,partnership,,positive,action,1
356,BRMS consistently partners up with other organizations and institutions that have the same goals.,sustainability partnerships,e-s-g,positive,action,1
357,BRMS continuously strives to identify and align the company's work with the objectives of Sustainable Development Goals.,alignment with sustainable development goals,,positive,commitment,2
358,BRMS continuously strives to identify and align the company's work with the objectives of Sustainable Development Goals.,sdg alignment,e-s-g,positive,commitment,1
359,BRMS continuously strives to identify and align the company's work with the objectives of Sustainable Development Goals.,sdg alignment strategy,,positive,commitment,1
360,BRMS continuously strives to identify and align the company's work with the objectives of Sustainable Development Goals.,sdgs alignment,,positive,commitment,1
361,"BRMS dengan sepenuh hati mendukung pembangunan berkelanjutan, dengan berusaha menggapai masa depan pertambangan emas melalui praktik yang bertanggung jawab.",sustainable development,e-s-g,positive,commitment,1
362,"BRMS develops strategies, initiatives and KPIs that are in line with SDGs which will then be reported periodically.",sdg reporting,e,positive,action,1
363,"BRMS develops strategies, initiatives and KPIs that are in line with SDGs which will then be reported periodically.",sdg-aligned strategies and initiatives,e-s-g,positive,action,1
364,"BRMS develops strategies, initiatives and KPIs that are in line with SDGs which will then be reported periodically.",sdgs strategy and reporting,s,positive,action,1
365,"BRMS develops strategies, initiatives and KPIs that are in line with SDGs which will then be reported periodically.",sustainability strategy development,none,positive,action,1
366,BRMS is aware that no company is able to achieve these set of goals alone.,collaboration,none,neutral,commitment,2
367,BRMS is aware that no company is able to achieve these set of goals alone.,partnerships for sdgs,none,positive,commitment,1
368,"BRMS is aware that no company is able to achieve these set of goals alone. Therefore, BRMS consistently partners up with other organizations and institutions that have the same goals.",partnerships for sdgs,none,positive,commitment,1
369,"BRMS is aware that no company is able to achieve these set of goals alone. Therefore, BRMS consistently partners up with other organizations and institutions that have the same goals.",partnerships for sustainable development,e-s-g,positive,commitment,1
370,BRMS menetapkan Kebijakan Keberlanjutan 1.0 sebagai langkah penting dalam mengintegrasikan praktik berkelanjutan ke dalam operasi perusahaan.,sustainability policy,s,positive,outcome,1
371,"BRMS mengembangkan strategi, inisiatif, dan KPI yang sejalan dengan SDGs",sdgs strategy,e-s-g,positive,action,1
372,"BRMS mengembangkan strategi, inisiatif, dan KPI yang sejalan dengan SDGs yang kemudian akan dilaporkan secara periodik",sdgs strategy and reporting,e,positive,action,1
373,"BRMS mengembangkan strategi, inisiatif, dan KPI yang sejalan dengan SDGs yang kemudian akan dilaporkan secara periodik.",sdg-aligned strategies and initiatives,e-s-g,positive,action,1
374,"BRMS mengembangkan strategi, inisiatif, dan KPI yang sejalan dengan SDGs yang kemudian akan dilaporkan secara periodik.",sdgs strategy,none,positive,action,1
375,"BRMS mengembangkan strategi, inisiatif, dan KPI yang sejalan dengan SDGs yang kemudian akan dilaporkan secara periodik.",sdgs strategy and reporting,e-s-g,positive,action,2
376,"BRMS mengembangkan strategi, inisiatif, dan KPI yang sejalan dengan SDGs yang kemudian akan dilaporkan secara periodik.",sustainability strategy,,positive,action,1
377,"BRMS mengembangkan strategi, inisiatif, dan KPI yang sejalan dengan SDGs yang kemudian akan dilaporkan secara periodik.",sustainability strategy development,e,positive,action,1
378,"BRMS menyadari bahwa tidak ada satu perusahaan pun yang dapat mencapai tujuan ini sendirian dan oleh karena itu, BRMS senantiasa bermitra dengan organisasi dan intuisi lain yang memiliki tujuan yang sama.",partners up with other organizations and institutions that have the same goals,s,positive,action,1
379,"BRMS menyadari bahwa tidak ada satu perusahaan pun yang dapat mencapai tujuan ini sendirian dan oleh karena itu, BRMS senantiasa bermitra dengan organisasi dan intuisi lain yang memiliki tujuan yang sama.",partnerships for sdgs,e-s-g,positive,commitment,3
380,BRMS senantiasa bermitra dengan organisasi dan intuisi lain yang memiliki tujuan yang sama,partnership and collaboration,e-s,positive,action,1
381,BRMS senantiasa bermitra dengan organisasi dan intuisi lain yang memiliki tujuan yang sama.,partnership and collaboration,none,positive,action,1
382,BRMS senantiasa bermitra dengan organisasi dan intuisi lain yang memiliki tujuan yang sama.,partnerships and collaborations,e,positive,action,1
383,BRMS senantiasa bermitra dengan organisasi dan intuisi lain yang memiliki tujuan yang sama.,sustainability partnerships,none,positive,action,1
384,BRMS senantiasa berupaya untuk mengidentifikasi dan menyelaraskan program kerja perusahaan dengan tujuan Tujuan Pembangunan Berkelanjutan,sdg integration,g,positive,commitment,1
385,BRMS senantiasa berupaya untuk mengidentifikasi dan menyelaraskan program kerja perusahaan dengan tujuan Tujuan Pembangunan Berkelanjutan,sdgs alignment,e,positive,commitment,1
386,BRMS senantiasa berupaya untuk mengidentifikasi dan menyelaraskan program kerja perusahaan dengan tujuan Tujuan Pembangunan Berkelanjutan.,alignment of corporate strategy with sdgs,none,positive,commitment,1
387,BRMS senantiasa berupaya untuk mengidentifikasi dan menyelaraskan program kerja perusahaan dengan tujuan Tujuan Pembangunan Berkelanjutan.,alignment with sustainable development goals,e-s-g,positive,commitment,3
388,BRMS senantiasa berupaya untuk mengidentifikasi dan menyelaraskan program kerja perusahaan dengan tujuan Tujuan Pembangunan Berkelanjutan.,sdg alignment,s,positive,commitment,1
389,BRMS senantiasa berupaya untuk mengidentifikasi dan menyelaraskan program kerja perusahaan dengan tujuan Tujuan Pembangunan Berkelanjutan.,sdgs alignment,e-s,positive,commitment,2
390,BRMS set higher sustainability standards by integrating ESG in all our activities.,esg integration,s,positive,outcome,1
391,"BRMS set higher sustainability standards on economic, environmental, social and governance aspects by integrating ESG in all our activities.",esg integration,none,positive,outcome,1
392,"BRMS set higher sustainability standards on economic, environmental, social and governance aspects by integrating ESG in all our activities.",integration of esg in activities,,positive,outcome,1
393,"BRMS telah menetapkan standar keberlanjutan yang lebih tinggi dalam aspek ekonomi, lingkungan, sosial, dan tata kelola melalui integrasi Lingkungan, Sosial dan Tata Kelola (LST) dalam seluruh kegiatan",esg integration,s,positive,outcome,1
394,"BRMS telah menetapkan standar keberlanjutan yang lebih tinggi dalam aspek ekonomi, lingkungan, sosial, dan tata kelola melalui integrasi Lingkungan, Sosial dan Tata Kelola (LST) dalam seluruh kegiatan.",esg integration,none,positive,outcome,3
395,"BRMS telah menetapkan standar keberlanjutan yang lebih tinggi dalam aspek ekonomi, lingkungan, sosial, dan tata kelola melalui integrasi Lingkungan, Sosial dan Tata Kelola (LST) dalam seluruh kegiatan.",integration of esg in activities,none,positive,outcome,1
396,"BRMS telah menetapkan standar keberlanjutan yang lebih tinggi dalam aspek ekonomi, lingkungan, sosial, dan tata kelola melalui integrasi Lingkungan, Sosial dan Tata Kelola (LST) dalam seluruh kegiatan...",esg integration,e,positive,outcome,1
397,"BRMS wholeheartedly supports sustainable development, aiming to shape the future of gold mining through responsible practices.",pengembangan berkelanjutan,none,positive,commitment,1
398,"BRMS wholeheartedly supports sustainable development, aiming to shape the future of gold mining through responsible practices.",responsible mining practices,e-s-g,positive,commitment,1
399,"BRMS wholeheartedly supports sustainable development, aiming to shape the future of gold mining through responsible practices.",sustainable development,s,positive,commitment,2
400,"BRMS wholeheartedly supports sustainable development, aiming to shape the future of gold mining through responsible practices.",sustainable development support,g,positive,commitment,2
401,BUILDING A CULTURE OF SUSTAINABILITY WITHIN THE COMPANY.,internal sustainability culture,s,positive,commitment,1
402,"Badan Pusat Statistik (BPS) melaporkan berbagai indikator pertumbuhan ekonomi triwulan IV-2018 menunjukkan permintaan domestik tetap kuat ditopang oleh konsumsi, baik konsumsi swasta maupun konsumsi Pemerintah.",domestic demand,none,positive,outcome,5
403,"Badan Pusat Statistik (BPS) melaporkan berbagai indikator pertumbuhan ekonomi triwulan IV-2018 menunjukkan permintaan domestik tetap kuat ditopang oleh konsumsi, baik konsumsi swasta maupun konsumsi Pemerintah.",pertumbuhan ekonomi,e-s-g,positive,outcome,1
404,"Bagi tim yang harus tetap bekerja di kantor, studio, maupun fasilitas teknik, kami mengadopsi protokol kesehatan yang ketat.",adopsi protokol kesehatan ketat,none,positive,action,1
405,"Bagi tim yang harus tetap bekerja di kantor, studio, maupun fasilitas teknik, kami mengadopsi protokol kesehatan yang ketat.",health and safety protocols,g,positive,action,2
406,"Bagi tim yang harus tetap bekerja di kantor, studio, maupun fasilitas teknik, kami mengadopsi protokol kesehatan yang ketat.",occupational health and safety,s,positive,action,1
407,Bank Mandiri aims to be a 'sustainability champion' by leading ESG initiatives through digital transformation,sustainability leadership,e-s-g,positive,commitment,1
408,Bank Mandiri aims to be a 'sustainability champion' by leading ESG initiatives through digital transformation and other means.,esg leadership,none,positive,commitment,1
409,Bank Mandiri aims to be a 'sustainability champion' by leading ESG initiatives through digital transformation and other means.,sustainability leadership,s,positive,commitment,1
410,"Bank Mandiri berada di garis depan transformasi keberlanjutan, mengusung visi ""Becoming Indonesia’s Sustainability Champion for a Better Future"" dengan komitmen untuk menciptakan dampak nyata dan positif bagi masyarakat, lingkungan, dan ekonomi.",keberlanjutan,,positive,commitment,2
411,"Bank Mandiri berada di garis depan transformasi keberlanjutan, mengusung visi “Becoming Indonesia’s Sustainability Champion for a Better Future” dengan komitmen untuk menciptakan dampak nyata dan positif bagi masyarakat, lingkungan, dan ekonomi.",sustainability vision,e-s-g,positive,commitment,4
412,"Bank Mandiri berada di garis depan transformasi keberlanjutan, mengusung visi “Becoming Indonesia’s Sustainability Champion for a Better Future” dengan komitmen untuk menciptakan dampak nyata dan positif bagi masyarakat, lingkungan, dan ekonomi.",vision and commitment to sustainability,s,positive,commitment,1
413,"Bank Mandiri berkomitmen untuk mendorong pertumbuhan ekonomi yang inklusif dan berkelanjutan, serta memberikan kontribusi positif bagi lingkungan dan perekonomian.",pertumbuhan ekonomi,e-s,positive,commitment,1
414,Bank Mandiri berperan aktif dalam mewujudkan ekonomi rendah karbon dan memberikan kontribusi positif bagi lingkungan dan perekonomian.,low carbon economy,s,positive,commitment,1
415,"Bank Mandiri berperan penting dalam mendorong transisi ekonomi hijau, yang merupakan langkah krusial untuk menciptakan masa depan yang lebih berkelanjutan, mengurangi dampak lingkungan, dan menciptakan peluang ekonomi baru dalam sektor-sektor yang berfokus pada teknologi dan praktik berkelanjutan.",ekonomi hijau,e-s,positive,commitment,1
416,"Bank Mandiri berperan penting dalam mendorong transisi ekonomi hijau, yang merupakan langkah krusial untuk menciptakan masa depan yang lebih berkelanjutan, mengurangi dampak lingkungan, dan menciptakan peluang ekonomi baru dalam sektor-sektor yang berfokus pada teknologi dan praktik berkelanjutan.",transisi ekonomi hijau,,positive,commitment,3
417,"Bank Mandiri berperan penting dalam mendorong transisi ekonomi hijau, yang merupakan langkah krusial untuk menciptakan masa depan yang lebih berkelanjutan, mengurangi dampak lingkungan, dan menciptakan peluang ekonomi baru dalam sektor-sektor yang berfokus pada teknologi dan praktik berkelanjutan.",transition to a green economy,s,positive,commitment,1
418,"Bank Mandiri bertekad untuk menjadi pelopor dalam transformasi menuju masa depan yang lebih hijau, inklusif, dan berkelanjutan.",sustainability leadership,s,positive,commitment,1
419,"Bank Mandiri berupaya menjadi ""sustainability champion"", untuk menjadi yang terdepan dalam inisiatif ESG, melalui transformasi digital dan upaya-upaya lainnya.",sustainability leadership,s,positive,commitment,2
420,"Bank Mandiri berupaya menjadi 'sustainability champion', untuk menjadi yang terdepan dalam inisiatif ESG, melalui transformasi digital dan upaya-upaya lainnya.",sustainability leadership,e-s-g,positive,commitment,2
421,Bank Mandiri berusaha untuk memastikan bahwa setiap langkah yang mereka ambil selaras dengan upaya global dalam menangani perubahan iklim dan mendukung pertumbuhan ekonomi yang berkelanjutan.,climate action,e-s-g,positive,commitment,1
422,Bank Mandiri berusaha untuk memastikan bahwa setiap langkah yang mereka ambil selaras dengan upaya global dalam menangani perubahan iklim dan mendukung pertumbuhan ekonomi yang berkelanjutan.,climate change alignment,s,positive,commitment,1
423,"Bank Mandiri juga membentuk ESG unit yang berfungsi sebagai control tower dalam implementasi aspek berkelanjutan serta telah memiliki ESG financing desk yang mampu menawarkan berbagai solusi keuangan berkelanjutan yang inovatif dalam mengakselerasi ekonomi rendah karbon, seperti green loan, transition financing, serta Sustainability Linked-Loan (SLL).",esg unit,g,positive,outcome,1
424,"Bank Mandiri juga membentuk ESG unit yang berfungsi sebagai control tower dalam implementasi aspek berkelanjutan serta telah memiliki ESG financing desk yang mampu menawarkan berbagai solusi keuangan berkelanjutan yang inovatif dalam mengakselerasi ekonomi rendah karbon, seperti green loan, transition financing, serta Sustainability Linked-Loan (SLL).",esg unit and financing desk,s,positive,outcome,1
425,"Bank Mandiri juga membentuk ESG unit yang berfungsi sebagai control tower dalam implementasi aspek berkelanjutan serta telah memiliki ESG financing desk yang mampu menawarkan berbagai solusi keuangan berkelanjutan yang inovatif dalam mengakselerasi ekonomi rendah karbon, seperti green loan, transition financing, serta Sustainability Linked-Loan (SLL).",esg unit dan esg financing desk,,positive,outcome,1
426,"Bank Mandiri juga membentuk ESG unit yang berfungsi sebagai control tower dalam implementasi aspek berkelanjutan serta telah memiliki ESG financing desk yang mampu menawarkan berbagai solusi keuangan berkelanjutan yang inovatif dalam mengakselerasi ekonomi rendah karbon, seperti green loan, transition financing, serta Sustainability Linked-Loan (SLL).",establishment of esg unit and financing desk,s,positive,outcome,1
427,"Bank Mandiri juga membentuk ESG unit yang berfungsi sebagai control tower dalam implementasi aspek berkelanjutan serta telah memiliki ESG financing desk yang mampu menawarkan berbagai solusi keuangan berkelanjutan yang inovatif dalam mengakselerasi ekonomi rendah karbon, seperti green loan, transition financing, serta Sustainability Linked-Loan (SLL).",pembentukan unit esg,e-s-g,positive,outcome,1
428,"Bank Mandiri juga membentuk ESG unit yang berfungsi sebagai control tower dalam implementasi aspek berkelanjutan serta telah memiliki ESG financing desk yang mampu menawarkan berbagai solusi keuangan berkelanjutan yang inovatif, seperti green loan, transition financing, serta Sustainability Linked-Loan (SLL).",esg unit and financing desk,,positive,outcome,1
429,"Bank Mandiri juga terlibat dalam perdagangan karbon dan merupakan bank pertama di Indonesia yang telah meluncurkan digital carbon tracking, dengan target NZE secara operasional di tahun 2030.",carbon trading and digital carbon tracking,e,positive,outcome,1
430,"Bank Mandiri juga terus melakukan pengembangan produk berkelanjutan sebagai upaya mendukung nasabah khususnya pada high carbon intensive sectors, melalui solusi keuangan seperti Green Loan, Sustainability-Linked Loan, serta Corporate in Transition Financing.",development of sustainable products to support customers in high carbon intensive sectors,g,positive,action,1
431,"Bank Mandiri juga terus melakukan pengembangan produk berkelanjutan sebagai upaya mendukung nasabah khususnya pada high carbon intensive sectors, melalui solusi keuangan seperti Green Loan, Sustainability-Linked Loan, serta Corporate in Transition Financing.",pengembangan produk berkelanjutan,none,positive,action,1
432,Bank Mandiri melakukan penerbitan Penawaran Umum Berkelanjutan (PUB) Obligasi Berwawasan Lingkungan Berkelanjutan atau Green Bond dengan target Rp10 triliun.,green bonds,s,positive,outcome,1
433,Bank Mandiri melakukan penerbitan Penawaran Umum Berkelanjutan (PUB) Obligasi Berwawasan Lingkungan Berkelanjutan atau Green Bond dengan target Rp10 triliun. Dana yang diperoleh akan digunakan untuk membiayai atau membiayai kembali kegiatan-kegiatan yang termasuk dalam kategori Kegiatan Usaha Berwawasan Lingkungan (KUBL).,green bond issuance for sustainable projects,none,positive,outcome,1
434,Bank Mandiri membentuk ESG unit yang berfungsi sebagai control tower dalam implementasi aspek berkelanjutan serta telah memiliki ESG financing desk yang mampu menawarkan berbagai solusi keuangan berkelanjutan yang inovatif.,esg governance structure,e,positive,outcome,1
435,Bank Mandiri memiliki empat gedung ramah lingkungan dan satu gedung tersertifikasi Green Building.,green infrastructure,,positive,outcome,1
436,Bank Mandiri menargetkan NZE secara operasional di tahun 2030.,net zero emissions,,positive,commitment,1
437,"Bank Mandiri mendapatkan predikat sebagai salah satu top performers pada Corporate governance & Perception Index (CGPI) dengan skor 95,30.",recognition in corporate governance index,,positive,outcome,1
438,"Bank Mandiri menegaskan komitmennya untuk terus mengedepankan prinsip ESG, baik mulai dari kebijakan, strategi, hingga operasional sehari-hari.",esg principles,none,positive,commitment,1
439,Bank Mandiri menetapkan target ambisius untuk mencapai netral karbon dalam operasional pada tahun 2030.,carbon neutrality commitment,none,positive,commitment,2
440,Bank Mandiri menetapkan target ambisius untuk mencapai netral karbon dalam operasional pada tahun 2030.,net-zero operational emissions target by 2030,g,positive,commitment,1
441,Bank Mandiri menetapkan target untuk mencapai Net Zero Emission dalam operasional pada tahun 2030 dan dalam pembiayaan pada tahun 2060.,emisi karbon,s,neutral,commitment,1
442,"Bank Mandiri mengintegrasikan prinsip keberlanjutan ke dalam seluruh aspek bisnisnya, termasuk pembiayaan sektor-sektor strategis seperti energi terbarukan, infrastruktur hijau, dan kegiatan usaha yang mendukung dampak sosial.",integration of sustainability into business and green financing,e,positive,action,1
443,"Bank Mandiri mengintegrasikan prinsip keberlanjutan ke dalam seluruh aspek bisnisnya, termasuk pembiayaan sektor-sektor strategis seperti energi terbarukan, infrastruktur hijau, dan kegiatan usaha yang mendukung dampak sosial.",sustainable business integration,none,positive,action,1
444,Bank Mandiri menjadi Bank Nasional pertama yang mengembangkan SFF dan TFF untuk mendukung pembangunan berkelanjutan dan ekonomi rendah karbon.,sustainable finance framework,none,positive,outcome,1
445,Bank Mandiri menjadi Bank Nasional pertama yang mengembangkan SFF dan TFF untuk mendukung pembangunan berkelanjutan dan ekonomi rendah karbon.,sustainable finance leadership,e,positive,outcome,2
446,Bank Mandiri menjadi bank nasional pertama yang menerbitkan Sustainable Finance Framework dan Transition Finance Framework.,issuance of sustainable finance framework and transition finance framework,e,positive,outcome,1
447,Bank Mandiri menjadi bank nasional pertama yang menerbitkan Sustainable Finance Framework dan Transition Finance Framework.,sustainable finance innovation,s,positive,outcome,1
448,Bank Mandiri secara resmi telah meluncurkan Kerangka Kerja Keuangan Berkelanjutan (Sustainable Finance Framework) yang menjadi landasan penting bagi pemenuhan komitmen Bank Mandiri untuk mendorong transisi ekonomi Indonesia menuju masa depan yang lebih hijau dan berkelanjutan.,sustainable finance framework,none,positive,outcome,1
449,Bank Mandiri secara resmi telah meluncurkan Kerangka Kerja Keuangan Berkelanjutan (Sustainable Finance Framework) yang menjadi landasan penting bagi pemenuhan komitmen Bank Mandiri untuk mendorong transisi ekonomi Indonesia menuju masa depan yang lebih hijau dan berkelanjutan.,sustainable finance framework launch,g,positive,outcome,1
450,Bank Mandiri telah berada selangkah di depan dalam pencapaian ESG.,esg achievement,e-s-g,positive,outcome,1
451,Bank Mandiri telah meluncurkan Kerangka Kerja Keuangan Berkelanjutan (Sustainable Finance Framework) yang menjadi landasan penting bagi pemenuhan komitmen Bank Mandiri untuk mendorong transisi ekonomi Indonesia menuju masa depan yang lebih hijau dan berkelanjutan.,sustainable finance framework,s,positive,outcome,1
452,Bank Mandiri telah memastikan terintegrasinya prinsip LST dalam aktivitas operasional yang mencakup pengelolaan aspek yang ramah lingkungan serta hubungan sosial bank dengan pegawai dan nasabah.,lst integration in operations,s,positive,outcome,1
453,"Bank Mandiri telah menanam ~50H, setara 49Ribu pohon (Bank Mandiri has planted ~50H, equivalent to 49K trees)",reforestation,e,positive,outcome,1
454,Bank Mandiri telah menetapkan target untuk mencapai Net Zero Emission dalam operasional pada tahun 2030 dan dalam pembiayaan pada tahun 2060.,net zero emission target,s,positive,commitment,1
455,Bank Mandiri telah mengukur emisi karbon cakupan 1 dan 2 serta menjadikan emisi tahun 2019 sebagai baseline.,carbon emissions measurement,e,neutral,outcome,2
456,Bank Mandiri telah mengukur emisi karbon cakupan 1 dan 2 serta menjadikan emisi tahun 2019 sebagai baseline.,emisi karbon,s-g,neutral,outcome,1
457,"Bank Mandiri telah menyalurkan Sustainable Financing sesuai Kategori Kegiatan Usaha Berkelanjutan (KKUB) dalam POJK 51/2017 sebesar Rp264,08 triliun, meningkat 15,4% secara YoY.",penyaluran sustainable financing,none,positive,outcome,1
458,Bank Mandiri telah menyusun Mandiri Subsidiaries Management Principles Guideline (MSMPG) yang termasuk di dalamnya mengatur kerja sama terkait teknologi informasi dan manajemen data dengan Perusahaan Anak.,subsidiary management,none,neutral,outcome,2
459,Bank Mandiri telah menyusun Mandiri Subsidiaries Management Principles Guideline (MSMPG) yang termasuk di dalamnya mengatur kerja sama terkait teknologi informasi dan manajemen data dengan Perusahaan Anak.,subsidiary management guidelines,e,neutral,outcome,1
460,Bank Mandiri telah menyusun Mandiri Subsidiaries Management Principles Guideline (MSMPG) yang termasuk di dalamnya mengatur kerja sama terkait teknologi informasi dan manajemen data dengan Perusahaan Anak.,tata kelola,e,neutral,outcome,1
461,Bank Mandiri terlibat dalam perdagangan karbon dan merupakan bank pertama di Indonesia yang telah meluncurkan digital carbon tracking.,carbon trading & innovation,g,positive,outcome,1
462,Bank Mandiri tetap mendukung isu keberlanjutan dengan menetapkan kerangka kerja keberlanjutan 2024-2028 dan aspirasi 'Becoming Indonesia's Sustainability Champion for A Better Future'.,support for sustainability issues,none,positive,commitment,1
463,Bank Mandiri tidak memproduksi effluent wastewater as well it has been processed through a sewage treatment.,wastewater management,e,positive,outcome,1
464,"Bank Mandiri's commitment to ESG was established from the outset, as it was among the eight banks that formed Indonesia's sustainable finance initiative, 'The first movers on sustainable banking.'",sustainable finance initiative,e,positive,outcome,1
465,"Bank Mandiri's digital transformation reaffirms its dedication to prioritizing ESG principles, from policies and strategies to day-to-day operations.",digital transformation,s,positive,action,1
466,"Based on research findings, a total of 1,215,523.5 tons of dry tailings waste generated throughout 2024 holds potential for circular economic value.",waste management innovation,e,positive,outcome,1
467,"Based on the output of these conversations, we revalidated our list of material ESG topics in 2023.",esg integration,g,neutral,outcome,1
468,"Based on the output of these conversations, we revalidated our list of material ESG topics in 2023.",material esg topic validation,none,neutral,outcome,1
469,"Based on the output of these conversations, we revalidated our list of material ESG topics in 2023.",material esg topics,none,neutral,outcome,1
470,"Based on the output of these conversations, we revalidated our list of material ESG topics in 2023.",material esg topics revalidation,none,neutral,outcome,1
471,"Based on the procedures performed and the evidence obtained, nothing has come to our attention that causes us to believe that the Report has not been properly prepared and presented, in all material respects.",assurance conclusion,none,neutral,outcome,2
472,"Based on the procedures performed and the evidence obtained, nothing has come to our attention that causes us to believe that the Report has not been properly prepared and presented, in all material respects.",report assurance,s,neutral,outcome,1
473,"Based on the procedures performed and the evidence obtained, nothing has come to our attention that causes us to believe that the Report has not been properly prepared and presented, in all material respects.",sustainability reporting accuracy,,neutral,outcome,1
474,"Beberapa brand harus mengalami penyesuaian harga yang kemudian berdampak pada orientasi konsumen (consumer confidence) untuk membeli alat telekomunikasi, khususnya smartphone.",consumer confidence,s,neutral,outcome,5
475,Beberapa kondisi makro-ekonomi yang berdampak signifikan terhadap perkembangan bisnis Perseroan antara lain fluktuasi nilai tukar antara Rupiah terhadap Dolar Amerika Serikat dan perang dagang antara Amerika Serikat dan Cina.,exchange rate fluctuations,none,neutral,outcome,1
476,Beberapa kondisi makro-ekonomi yang berdampak signifikan terhadap perkembangan bisnis Perseroan antara lain fluktuasi nilai tukar antara Rupiah terhadap Dolar Amerika Serikat dan perang dagang antara Amerika Serikat dan Cina.,kondisi makro-ekonomi,e,neutral,outcome,1
477,Beberapa kondisi makro-ekonomi yang berdampak signifikan terhadap perkembangan bisnis Perseroan antara lain fluktuasi nilai tukar antara Rupiah terhadap Dolar Amerika Serikat dan perang dagang antara Amerika Serikat dan Cina.,macroeconomic conditions,e,neutral,outcome,2
478,Beberapa kondisi makro-ekonomi yang berdampak signifikan terhadap perkembangan bisnis Perseroan antara lain fluktuasi nilai tukar antara Rupiah terhadap Dolar Amerika Serikat dan perang dagang antara Amerika Serikat dan Cina.,trade war impacts,e,negative,outcome,1
479,"Beberapa tantangan yang kami hadapi dalam penerapan keuangan berkelanjutan, diantaranya pemahaman dan kapabilitas internal, nasabah, dan mitra dalam aspek LST, kesiapan sistem dan proses untuk mendukung integrasi keuangan berkelanjutan dalam aktivitas bisnis Bank, meningkatnya risiko siber akibat digitalisasi proses, serta regulasi terkait keuangan berkelanjutan yang terus berkembang.",challenges in implementing sustainable finance,none,negative,none,1
480,Becoming a leading distribution company with integrated direct access to consumers and retailers that offer a complete range of mobile products and solutions,corporate mission,,positive,commitment,1
481,Becoming a leading distribution company with integrated direct access to consumers and retailers that offer a complete range of mobile products and solutions.,corporate mission,s,positive,commitment,3
482,Becoming a leading distribution company with integrated direct access to consumers and retailers that offer a complete range of mobile products and solutions.,mission,e-s-g,positive,commitment,2
483,Bekerja sama dan saling membantu satu sama lain tanpa diminta,teamwork,e,positive,commitment,1
484,"Bekerjasama dengan Kementerian BUMN, program ini menghimpun, memberdayakan, dan membangun UKM menjadi UMKM berkualitas di Indonesia.",sme empowerment,e,positive,action,1
485,Berbagai capaian tersebut merupakan komitmen Perusahaan terhadap Pembangunan Berkelanjutan.,komitmen pembangunan berkelanjutan,s,positive,commitment,1
486,"Berdasar hasil LCA, kami berfokus pada perbaikan pengolahan air limbah untuk peningkatan sirkularitas air.",wastewater treatment improvement,e-s-g,positive,outcome,1
487,"Berdasarkan hasil LCA, kami berfokus pada perbaikan pengolahan air limbah untuk peningkatan sirkularitas air",wastewater treatment,none,positive,action,1
488,"Berdasarkan hasil LCA, kami berfokus pada perbaikan pengolahan air limbah untuk peningkatan sirkularitas air",wastewater treatment for water circularity,s,positive,action,1
489,"Berdasarkan hasil LCA, kami berfokus pada perbaikan pengolahan air limbah untuk peningkatan sirkularitas air.",wastewater treatment,e,positive,action,1
490,"Berdasarkan hasil penelitian, sebanyak 1.215.523,5 ton limbah tailing kering yang dihasilkan sepanjang tahun 2024 memiliki potensi nilai ekonomi sirkular, dengan pemanfaatan akhir yang dapat diolah menjadi berbagai produk, seperti paving block dan backfill material.","circular economy, waste utilization",none,positive,outcome,1
491,"Berdasarkan hasil penelitian, sebanyak 1.215.523,5 ton limbah tailing kering yang dihasilkan sepanjang tahun 2024 memiliki potensi nilai ekonomi sirkular.",circular economy,e-s-g,positive,outcome,1
492,"Berdasarkan hasil penelitian, sebanyak 1.215.523,5 ton limbah tailing kering yang dihasilkan sepanjang tahun 2024 memiliki potensi nilai ekonomi sirkular.",waste management / circular economy,,positive,outcome,1
493,"Berdasarkan perhitungan yang bersumber dari laporan emisi debitur dan sumber data lain yang tersedia, mencakup 44% dari total portofolio pembiayaan (bank only), emisi pembiayaan dan investasi Bank Mandiri sebesar 18,1 juta tCO₂e yang terdiri dari emisi Loan Asset sebesar 13,5 juta tCO₂e dan Other Asset sebesar 4,6 Juta tCO₂e.",emisi pembiayaan dan investasi,none,neutral,outcome,1
494,"Berdasarkan perhitungan yang bersumber dari laporan emisi debitur dan sumber data lain yang tersedia, mencakup 44% dari total portofolio pembiayaan (bank only), emisi pembiayaan dan investasi Bank Mandiri sebesar 18,1 juta tCO₂e yang terdiri dari emisi Loan Asset sebesar 13,5 juta tCO₂e dan Other Asset sebesar 4,6 Juta tCO₂e.",emissions from financing and investment,e,neutral,outcome,1
495,"Berdasarkan perhitungan yang bersumber dari laporan emisi debitur dan sumber data lain yang tersedia, mencakup 44% dari total portofolio pembiayaan (bank only), emisi pembiayaan dan investasi Bank Mandiri sebesar 18,1 juta tCO₂e yang terdiri dari emisi Loan Asset sebesar 13,5 juta tCO₂e dan Other Asset sebesar 4,6 Juta tCO₂e.",financed emissions disclosure,e,neutral,outcome,1
496,"Berfokus pada industri televisi free-to-air (FTA); produksi konten dan inisiatif media digital, termasuk layanan over-the-top (OTT), daring, dan out-of-home (OOH); dan meningkatkan kemampuan untuk terus mengembangkan bisnis media yang lebih luas.",business strategy,e,neutral,commitment,1
497,"Berfokus pada industri televisi free-to-air (FTA); produksi konten dan inisiatif media digital, termasuk layanan over-the-top (OTT), daring, dan out-of-home (OOH); dan meningkatkan kemampuan untuk terus mengembangkan bisnis media yang lebih luas.",media business expansion,none,positive,action,1
498,Berkembang Menuju Kesejahteraan Bersama,sustainability vision,none,positive,commitment,1
499,Berkomitmen untuk Menjaga Lingkungan Committed to Maintaining a Sustainable Environment,lingkungan,none,positive,commitment,1
500,Berkomitmen untuk Menjaga Lingkungan yang Lestari,environmental sustainability,s,positive,commitment,1
501,Berkomitmen untuk Menjaga Lingkungan yang Lestari,environmental sustainability commitment,none,positive,commitment,1
502,Berkomitmen untuk Menjaga Lingkungan yang Lestari Committed to Maintaining a Sustainable Environment,lingkungan,e-s-g,positive,commitment,1
503,Berkontribusi bagi Ketahanan Pangan,food security contribution,e-s-g,positive,action,1
504,Berkontribusi bagi Ketahanan Pangan,ketahanan pangan,e-s-g,positive,action,1
505,Berlanggung jawab kepada masyarakat dan lingkungan sekitar,environmental sustainability,e-s-g,positive,commitment,1
506,"Berpengalaman selama lebih dari 45 tahun, Intiland menjadi salah satu pengembang properti terdepan di Indonesia.",corporate experience,e-s-g,positive,outcome,1
507,"Bersama dengan 38 Mitra Produksi Sigaret (MPS), Perseroan mempekerjakan lebih dari 66.000 karyawan langsung dan tidak langsung.",employment,e,positive,outcome,1
508,Bersama grup usaha mencari peluang kerja sama dengan perusahaan listrik rendah karbon dan membeli carbon offset ataupun sertifikat energi terbarukan (renewable energy certificates/REC);,collaboration for low-carbon electricity and carbon offset purchase,e-s-g,positive,action,1
509,"Bersama karyawan, Perseroan terus mencari dan mengembangkan program-program yang dapat memberikan hasil dan nilai tambah terbaik bagi setiap karyawan.",pengembangan karyawan,none,positive,action,1
510,"Bersama masyarakat, Perseroan melakukan upaya untuk menjadi warga dunia usaha yang bertanggung jawab terhadap masyarakat di sekitarnya.",tanggung jawab sosial,e-s-g,positive,commitment,1
511,"Bersama pelanggan, Perseroan memfokuskan diri untuk memberikan atau menghasilkan produk unggulan dan pelayanan yang sangat bersaing dan membina hubungan yang saling menguntungkan.",hubungan dengan pelanggan,e-s-g,positive,commitment,1
512,"Bersama pemangku kepentingan, kami bekerja untuk terus memberikan manfaat kepada mereka.",community engagement,e-s-g,positive,action,1
513,"Bersama pemasok, menawarkan dan mengeksplorasi kesepakatan dalam bekerja sama.",kesepakatan dengan pemasok,e-s-g,positive,action,1
514,"Bersama rekan bisnis, Perseroan bekerja sama dalam menekan persaingan yang tidak sehat.",kerja sama dengan rekan bisnis,e-s-g,positive,action,1
515,"Bersama seluruh pemegang sahamnya, Perseroan senantiasa bertujuan meraih imbal hasil investasi yang lebih baik.",imbal hasil investasi,e,positive,commitment,1
516,"Bersama seluruh pihak-pihak terkait, Perseroan selalu mengambil posisi pro-aktif dalam mengembangkan hubungan yang saling menguntungkan.",stakeholder relationship development,e-s-g,positive,action,1
517,"Bertumpu pada proses produksi yang terstandardisasi dari hulu ke hilir, peningkatan akses protein bernutrisi di seluruh nusantara, pengembangan protein yang sesuai dengan preferensi lokal, serta pemanfaatan bahan baku lokal terbaik, kami telah menghasilkan protein hewani untuk membantu memenuhi kebutuhan masyarakat Indonesia.",sustainable production,s,positive,outcome,1
518,"Besides partnering with MSMEs, approximately 50% of the products in the Department Store Segment originate from local brands",local economic development,e,positive,outcome,2
519,"Besides partnering with MSMEs, approximately 50% of the products in the Department Store Segment originate from local brands",local economic inclusion,s,positive,outcome,1
520,"Best SWE Growth 2011: DMT Tasikmalaya and Ciamis, from XL Asia.",awards,e,positive,outcome,1
521,"Best of the Best World Entrepreneur of the Year Hall of Fame - Honored June 8, 2013.",awards,e,positive,outcome,1
522,"Best of the Best World Entrepreneur of the Year Hall of Fame – Honored June 8, 2013",corporate reputation,e-s-g,positive,outcome,1
523,"Beyond financial success, we continued to strengthen our sustainability practices across environmental, social, and governance (ESG) aspects.",esg practices,s,positive,action,7
524,"Beyond financial success, we continued to strengthen our sustainability practices across environmental, social, and governance (ESG) aspects.",praktik keberlanjutan,e-s-g,positive,action,1
525,Biaya Lingkungan Environmental Cost (USD),environmental cost,none,neutral,outcome,1
526,"Biaya Lingkungan Environmental Cost | 2020 USD 505,617 | 2019 USD 20,677",environmental cost,none,neutral,outcome,1
527,"Biaya Lingkungan Environmental Cost | 2020 USD 505,617 | 2019 USD 20,677",environmental costs,s-g,neutral,outcome,2
528,"Biaya Lingkungan Environmental Cost | 2020 USD 505,617 | 2019 USD 20,677",environmental investment,g,neutral,outcome,1
529,"Biaya Tanggung Jawab Sosial Lingkungan (TJSL) (Miliar rupiah) # 31,78",community investment,e-s-g,positive,outcome,1
530,"Biaya Tanggung Jawab Sosial Lingkungan (TJSL) Rp31,78 miliar",csr investment,e-s,positive,outcome,1
531,"Biaya Tanggung Jawab Sosial Lingkungan (TJSL) sebesar Rp31,78 miliar",csr expenditure,e,positive,outcome,1
532,Biaya pelestarian lingkungan (Rp juta),environmental conservation costs,e-s-g,neutral,outcome,1
533,Biodiversity Conservation,biodiversity,e-s-g,neutral,action,1
534,Biodiversity Conservation,biodiversity conservation,e-s,positive,action,1
535,Biodiversity and Sustainable Plantation,biodiversity conservation,e,positive,action,1
536,"Biological Activities Fund Rp1,828 Billion",biodiversity funding,s,positive,outcome,1
537,"Books of The Future Program: More than 10,000 books were donated...",educational support,s,positive,outcome,1
538,Bootcamp sebagai pembekalan & pengembangan mengenai women leadership oleh pemimpin-pemimpin perempuan yang inspiratif.,women leadership development,e,positive,action,1
539,Brewing Change Women's Empowerment program reached 300 participants in financial literacy and business motivation,community empowerment,e,positive,outcome,1
540,Brewing Change Women's Empowerment program reached 300 women in coffee farming communities,gender equality,s,positive,outcome,1
541,Bridge Built Funded by SCM's CSR,community contribution,e-s-g,positive,outcome,1
542,"Build resilient infrastructure, promote sustainable industrialization and foster innovation",infrastructure and innovation,e-s-g,positive,commitment,1
543,Building Reading Houses to support student literacy culture,community education,none,positive,action,1
544,Building Reading Houses to support students' literacy culture.,community education,g,positive,action,1
545,Building a Reading House to support students' literacy culture,education infrastructure,e-s-g,positive,action,1
546,"Building on our long experience in sustainability reporting, we are evolving our approach in preparation for the Corporate Sustainability Reporting Directive (CSRD), which requires companies to adhere to the new European Sustainability Reporting Standards (ESRS) coming into effect.",sustainability reporting,g,positive,action,1
547,"Building on our long experience in sustainability reporting, we are evolving our approach in preparation for the Corporate Sustainability Reporting Directive (CSRD), which requires companies to adhere to the new European Sustainability Reporting Standards (ESRS) coming into effect.",sustainability reporting evolution,e-s-g,positive,action,2
548,"Businesses, by guaranteeing continuity in the face of disruptions, while also reducing costs and contributing to environmental goals",environmental goals,s,positive,commitment,1
549,"By 2020, protect and restore water-related ecosystems, including mountains, forests, wetlands, rivers, aquifers and lakes.",ecosystem protection,none,positive,commitment,3
550,"By 2020, substantially reduce the proportion of youth not in employment, education or training.",youth employment,e,positive,commitment,2
551,"By 2020, substantially reduce the proportion of youth not in employment, education or training.",youth employment and education,e,positive,commitment,1
552,"By 2030, achieve full and productive employment and decent work for all women and men, including for young people and persons with disabilities, and equal pay for work of equal value.",decent work,none,positive,commitment,1
553,"By 2030, achieve full and productive employment and decent work for all women and men, including for young people and persons with disabilities, and equal pay for work of equal value.",employment and equal pay,s,positive,commitment,1
554,"By 2030, achieve full and productive employment and decent work for all women and men, including for young people and persons with disabilities, and equal pay for work of equal value.",employment equality,e-s-g,positive,commitment,1
555,"By 2030, double the global rate of improvement in energy efficiency.",energy efficiency,,positive,commitment,3
556,"By 2030, end preventable deaths of newborns and children under 5 years of age, with all countries aiming to reduce neonatal mortality to at least as low as 12 per 1,000 live births and under-5 mortality to at least as low as 25 per 1,000 live births.",child health,e-s,positive,commitment,3
557,"By 2030, ensure that all men and women, in particular the poor and the vulnerable, have equal rights to economic resources, as well as access to basic services, ownership and control over land and other forms of property, inheritance, natural resources, appropriate new technology and financial services, including microfinance.",economic equality,e,positive,commitment,1
558,"By 2030, ensure that all men and women, in particular the poor and the vulnerable, have equal rights to economic resources, as well as access to basic services, ownership and control over land and other forms of property, inheritance, natural resources, appropriate new technology and financial services, including microfinance.",economic inclusion,s,positive,commitment,2
559,"By 2030, improve water quality by reducing pollution, eliminating dumping and minimizing release of hazardous chemicals and materials, halving the proportion of untreated wastewater and substantially increasing recycling and safe reuse globally.",water quality,,positive,commitment,2
560,"By 2030, improve water quality by reducing pollution, eliminating dumping and minimizing release of hazardous chemicals and materials, halving the proportion of untreated wastewater and substantially increasing recycling and safe reuse globally.",water quality improvement,s,positive,commitment,1
561,"By 2030, increase substantially the share of renewable energy in the global energy mix.",renewable energy,none,positive,commitment,3
562,"By 2030, reduce at least by half the proportion of men, women and children of all ages living in poverty in all its dimensions according to national definitions",poverty reduction,s,positive,commitment,1
563,"By 2030, reduce at least by half the proportion of men, women and children of all ages living in poverty in all its dimensions according to national definitions.",poverty reduction,e-s-g,positive,commitment,2
564,"By 2030, substantially increase water-use efficiency across all sectors and ensure sustainable withdrawals and supply of freshwater to address water scarcity and substantially reduce the number of people suffering from water scarcity.",water efficiency,s,positive,commitment,3
565,"By 2030, substantially reduce the number of deaths and illnesses from hazardous chemicals and air, water and soil pollution and contamination [Linked to GRI 305/306 disclosures]",pollution reduction,e,positive,commitment,1
566,"By 2030, substantially reduce the number of deaths and illnesses from hazardous chemicals and air, water and soil pollution and contamination.",pollution reduction,none,positive,commitment,3
567,"By building strategic partnerships with important actors and creating growth through various innovative methods, such as circular business models, we can continue to give our customers unbeatable value and enable them to have a more sustainable lifestyle.",circular business models,none,positive,commitment,1
568,"By building strategic partnerships with important actors and creating growth through various innovative methods, such as circular business models, we can continue to give our customers unbeatable value and enable them to have a more sustainable lifestyle.",circular business partnerships,e-s-g,positive,commitment,1
569,"By building strategic partnerships with important actors and creating growth through various innovative methods, such as circular business models, we can continue to give our customers unbeatable value and enable them to have a more sustainable lifestyle.",strategic partnerships,g,positive,action,1
570,"By building strategic partnerships with important actors and creating growth through various innovative methods, such as circular business models, we can continue to give our customers unbeatable value and enable them to have a more sustainable lifestyle.",strategic partnerships and circular business models,e-s-g,positive,commitment,2
571,"By embracing GoTo's Keep Growing value and expanding learning and training programs, we have nurtured a culture that encourages innovation and collaboration, both internally and for our customers.",employee learning and development,e-s-g,positive,outcome,1
572,"By embracing GoTo's Keep Growing value and expanding learning and training programs, we have nurtured a culture that encourages innovation and collaboration, both internally and for our customers.",learning and training programs,s,positive,action,1
573,"By embracing GoTo's Keep Growing value and expanding learning and training programs, we have nurtured a culture that encourages innovation and collaboration, both internally and for our customers.",talent and culture,none,positive,action,2
574,"By embracing GoTo's Keep Growing value and expanding learning and training programs, we have nurtured a culture that encourages innovation and collaboration.",employee development,s,positive,action,1
575,"By implementing an effective anti-corruption policy, it will have an impact on reducing the potential of corruption and bribery, thereby preventing misuse of the Company's assets.",anti-corruption,none,positive,commitment,1
576,"By presenting quality content and programs, we continue to improve our performance in a sustainable manner.",content quality,e,positive,action,1
577,"By presenting quality content and programs, we continue to improve our performance in a sustainable manner.",sustainable business practices,e,positive,action,1
578,"By presenting quality content and programs, we continue to improve our performance in a sustainable manner.",sustainable performance,,positive,action,1
579,"By the end of 2016, Erajaya Group has successfully launched 114 retail outlets across Indonesia.",retail expansion,e,positive,outcome,2
580,"By the end of 2016, Erajaya Group has successfully launched 114 retail outlets across Indonesia.",retail outlets,e,positive,outcome,1
581,"By the end of 2023, 36 toll road concessions with a total road length of 1,736 km and 1,264 km have been operated and managed by the Jasa Marga Group including 13 toll road subsidiaries, 5 non-toll road subsidiaries, and 8 joint ventures.",infrastructure operations,s,positive,outcome,1
582,"By the end of 2023, 36 toll road concessions with a total road length of 1,736 km and 1,264 km have been operated and managed by the Jasa Marga Group including 13 toll road subsidiaries, 5 non-toll road subsidiaries, and 8 joint ventures.",operational footprint,s,positive,outcome,1
583,"By the end of 2023, 36 toll road concessions with a total road length of 1,736 km and 1,264 km have been operated and managed by the Jasa Marga Group including 13 toll road subsidiaries, 5 non-toll road subsidiaries, and 8 joint ventures.",operational scale,none,positive,outcome,2
584,"By the end of 2023, 36 toll road concessions with a total road length of 1,736 km and 1,264 km have been operated and managed by the Jasa Marga Group.",toll road portfolio,e,positive,outcome,1
585,COMMITMENT IN HUMAN RESOURCE DEVELOPMENT,human resource development,e-s-g,positive,commitment,2
586,COMMITMENT IN IMPROVING OCCUPATIONAL HEALTH AND SAFETY PERFORMANCE,occupational health and safety,none,positive,commitment,2
587,COMMITMENT TO ENVIRONMENTAL PROTECTION AND MANAGEMENT,environmental protection,none,positive,commitment,2
588,"COMMITMENT TO ENVIRONMENTAL, SOCIAL AND GOVERNANCE FOR SUSTAINABLE ADDED VALUE",commitment to esg,s,positive,commitment,1
589,"COMMITMENT TO ENVIRONMENTAL, SOCIAL AND GOVERNANCE FOR SUSTAINABLE ADDED VALUE",sustainability commitment,none,positive,commitment,1
590,CSR cost was 31.78 billion rupiah.,csr expenditure,s,positive,outcome,1
591,CSRD-compliant reporting depends on a significant amount of work being done by a company beforehand.,regulatory compliance,none,neutral,commitment,1
592,"Capaian penting lainnya adalah implementasi strategi O2O yang berhasil mengefisienkan proses distribusi Perseroan, transaksi ritel dan jaringan online.",distribution process efficiency,g,positive,outcome,1
593,"Capaian penting lainnya adalah implementasi strategi O2O yang berhasil mengefisienkan proses distribusi Perseroan, transaksi ritel dan jaringan online.",o2o strategy,s,positive,outcome,3
594,"Capaian penting lainnya adalah implementasi strategi O2O yang berhasil mengefisienkan proses distribusi Perseroan, transaksi ritel dan jaringan online.",o2o strategy implementation,e-s-g,positive,outcome,2
595,"Capaian penting lainnya adalah implementasi strategi O2O yang berhasil mengefisienkan proses distribusi Perseroan, transaksi ritel dan jaringan online.",operational efficiency,none,positive,outcome,2
596,"Capaian penting lainnya adalah implementasi strategi O2O yang berhasil mengefisienkan proses distribusi Perseroan, transaksi ritel dan jaringan online.",strategi o2o,none,positive,outcome,1
597,"Carrying out its mission to become the preferred digital infrastructure provider in Indonesia, the Company seeks to continuously improve, dare to push boundaries and try new ways of working in order to keep progressing beyond our existing boundaries.",business strategy,e-s,positive,commitment,1
598,Certification of ISO 45001 on Occupational Health and Safety.,occupational safety,e,positive,outcome,1
599,Certification of international standards ISO 14001 on environmental management.,environmental management system,s,positive,outcome,1
600,Certification of international standards such as ISO 14001 on environmental management; ISO 45001 on OHS; ISO 26000 regarding social responsibility.,certification compliance,g,positive,outcome,1
601,Change of the Single-Use Plastic Shopping Bags.,plastic reduction,e-s-g,positive,action,1
602,Citra Palu Minerals Reserves 2 Million Tons of Gold Ore,mineral reserves,e-s-g,neutral,outcome,1
603,"Clear oversight by the Board of Directors (""BOD"") upholds accountability.",board oversight of sustainability,e-s,positive,action,2
604,"Clear oversight by the Board of Directors (""BOD"") upholds accountability.",governance,s,positive,action,2
605,Clear oversight by the Board of Directors ('BOD') upholds accountability.,corporate governance,none,positive,action,1
606,Clear oversight by the Board of Directors upholds accountability.,board oversight and accountability,s,positive,action,1
607,Climate Change Control through Greenhouse Gas (GHG) Inventory,climate change,none,neutral,action,1
608,Climate Change Control through Greenhouse Gas (GHG) Inventory,climate change control,s,neutral,action,1
609,Climate Change and GHG Emissions,climate change,e,neutral,action,1
610,Climate change is a real challenge that threatens humanity.,climate change,e-s-g,negative,none,1
611,"Climate change, biodiversity loss, over-consumption, aging populations, military conflicts, political instability, and remarkable technological advancements are just some of the critical issues we must navigate today.",environmental and social issues,e-s,negative,none,1
612,"Climate change, biodiversity loss, over-consumption, aging populations, military conflicts, political instability, and remarkable technological advancements are just some of the critical issues we must navigate today.",environmental and societal issues,none,negative,none,1
613,"Climate change, biodiversity loss, over-consumption, aging populations, military conflicts, political instability, and remarkable technological advancements are just some of the critical issues we must navigate today.",environmental risks,e,negative,none,1
614,"Climate related disclosure in this year's report follows the Task Force on Climate-related Financial Disclosures (""TCFD"") recommendations, now part of International Financial Reporting Standards (""IFRS"") Sustainability Disclosure Standards.",climate disclosure,,neutral,action,2
615,"Climate related disclosure in this year's report follows the Task Force on Climate-related Financial Disclosures (""TCFD"") recommendations, now part of International Financial Reporting Standards (""IFRS"") Sustainability Disclosure Standards.",climate-related financial disclosures,none,neutral,action,2
616,"Climate related disclosure in this year's report follows the Task Force on Climate-related Financial Disclosures (""TCFD"") recommendations.",climate disclosure,e-s,neutral,action,1
617,Code of Conduct,ethics,e,neutral,commitment,1
618,Collaborative Program Between MAPA and Sekolah Relawan,community health,s,positive,action,1
619,Collaborative Program between Department Stores and BenihBaik,community support,e,positive,action,1
620,"Collaborative Program between Department Stores and BenihBaik: Rp2,268,695,022 Total Fund Collected",community investment and philanthropy,,positive,outcome,1
621,Combined with more efficient processes this increases our precision and thereby contributes to more sustainable use of resources.,efficient processes and resource use,s,positive,action,1
622,Combined with more efficient processes this increases our precision and thereby contributes to more sustainable use of resources.,resource efficiency,g,positive,action,3
623,Committed to operating sustainable aquaculture with Best Aquaculture Practice certification.,sustainable certification,s,positive,outcome,1
624,"Community Development Cost Realisation US$ 64,199",community development,none,positive,outcome,1
625,Community Development and Empowerment,community development,none,positive,action,2
626,Community Grievance Mechanism,community grievance,e,neutral,action,1
627,"Community health initiatives engaged 172 participants in mental health webinars, 100 shoe donations to health workers, and 400 health kits distributed.",community health and well‑being programs,e,positive,outcome,1
628,Company Ownership and Control Structure,ownership structure,g,neutral,outcome,1
629,Company Scale,company scale,e,neutral,outcome,1
630,Composition and Percentage of Employee by Gender,gender diversity,e-s,neutral,outcome,1
631,Conducted Life Cycle Assessment to understand environmental impacts of products and processes.,environmental impact assessment,e,positive,outcome,1
632,Conducted Re-tap for Bond Programme worth Rp3.0 trillion to enable the Company to enter the bond market for 2 years.,financial strategy,none,neutral,outcome,1
633,Conducting anti-corruption training for all employees and management of the Company.,anti-corruption measures,e,positive,action,1
634,Conducting anti-corruption training for all employees and management of the Company.,anti-corruption training,s,positive,action,1
635,Conducting greenhouse gas emissions calculations and emission reduction programs.,greenhouse gas emissions reduction,none,positive,action,1
636,Consciously balancing hunger alleviation needs with climate considerations.,climate impact management,s,neutral,action,1
637,"Consequently, this condition impacted consumer confidence in general as well as advertising spending in the media.",impact on consumer confidence and advertising spending,s,negative,outcome,1
638,"Considering these conditions, Jasa Marga has become the Indonesian toll road industry leader in terms of the total length of operated toll roads and the volume of traffic transactions passing the toll roads.",industry leadership,s,positive,outcome,1
639,Constructed 16th water tower through partnership with Planet Water Foundation since 2011.,community water access,g,positive,outcome,1
640,Construction of 5 biogas houses and mangrove planting equivalent to 49K trees,ecosystem restoration,none,positive,outcome,1
641,Construction of 5 biogas houses... Impact on 247 households through clean energy.,renewable energy; community development,e-s-g,positive,outcome,1
642,Continue to develop and improve team productivity and commit to investing in in-house training and education programs.,employee development,e,positive,commitment,2
643,Continuous compliance to food regulations - Food Safety and Quality Management System implementation and certification - Halal product certification - Halal Assurance System implementation and certification.,product quality certification,s-g,positive,outcome,1
644,"Continuously enhancing our team's development and productivity, SCM is committed to invest in training and education programs within the company.",employee development,e-s-g,positive,commitment,2
645,Continuously learning to develops ourselves,employee development,e-s-g,positive,commitment,1
646,Continuously learning to develops ourselves.,continuous learning,none,positive,commitment,1
647,Continuously learning to develops ourselves.,learning,none,positive,commitment,1
648,Continuously learning to develops ourselves.,learning and development,s,positive,commitment,1
649,"Contribution to the Country US$ 338,592",contribution to country,none,positive,outcome,1
650,Converse City Forest murals using pollution-absorbing paint equivalent to planting 700 trees.,air quality management,none,positive,outcome,1
651,"Corporate Core Values - **Integrity** Honest, accountable and responsibility. - **Dynamic and Innovative** Quickly adapt and seek for creative solutions. - **Respect Others** Respect, cooperativeness and good environment - **Customer Oriented** Providing the best service for customer satisfaction - **Learning without limits** Continuously learning to develop ourselves",corporate values and ethics,e,positive,commitment,1
652,"Corporate Core Values include 'Integrity: Honest, accountable and responsibility'.",ethical values,g,positive,commitment,1
653,Corporate Core Values include 'Learning without limits: Continuously learning to develops ourselves'.,employee development,s,positive,commitment,1
654,"Corporate Core Values include 'Respect Others: Respect, cooperativeness and good environment'.",workplace culture,e-s-g,positive,commitment,1
655,Corporate Social Responsibility,community engagement,e-s,positive,action,1
656,Corporate Social Responsibility (CSR) cost was Rp31.78 billion,csr expenditure,s,positive,outcome,1
657,Corporate Social Responsibility 9,corporate social responsibility,s,positive,action,1
658,Corporate Social Responsibility 9,csr,e-s-g,positive,action,1
659,"Corruption and bribery are forms of violation with negative impact on the Company's reputation, thereby reducing the trust of the stakeholders.",anti-corruption,,negative,commitment,1
660,Courage – We think and act boldly,risk taking,e-s-g,positive,commitment,1
661,Creating jobs for 4 surrounding villages through water hyacinth waste repurposing,community development,s,positive,outcome,1
662,"Cultivating a work environment culture that is harmonious and free from discrimination based on ethnicity, religion, gender, race, and social status.",harmonious work environment,s,positive,commitment,1
663,"Currently, DTT penetration has reached 97% throughout Indonesia.",dtt penetration rate,e,positive,outcome,1
664,"Customer Gathering ini diselenggarakan sebagai bentuk sinergi dan komitmen Intraco Penta bersama semua pelanggan untuk saling mendukung dalam hal support unit, spare part untuk menunjang produktivitas customer.",customer productivity support,e,positive,action,1
665,Customer Oriented - Providing the best service for customer satisfaction.,customer satisfaction,e,positive,commitment,1
666,Customer Oriented Providing the best service for customer satisfaction.,corporate values - customer focus,none,positive,commitment,1
667,Customer Oriented: Providing the best service for customer satisfaction,customer relations,s,positive,commitment,1
668,Customer Oriented: Providing the best service for customer satisfaction,customer service,e,positive,commitment,1
669,Customers appreciate this accessibility and being able to try on clothes and be inspired.,customer accessibility,s,positive,outcome,2
670,Customers appreciate this accessibility and being able to try on clothes and be inspired.,customer appreciation of accessibility,g,positive,outcome,1
671,"DAMPAK EKONOMI TIDAK LANGSUNG INDIRECT ECONOMIC IMPACT | PENDAPATAN REVENUE | US$ 4,460,530 | REALISASI BIAYA PENGEMBANGAN MASYARAKAT COMMUNITY DEVELOPMENT COST REALISATION | US$ 64,199 | | --- | --- | --- | --- | | LABA BERSIH NET INCOME | US$ 1,264,725 | PEMBERDAYAAN PEMASOK LOKAL | US$ 408,355 | | KONSTRIBUSI KEPADA NEGARA CONTRIBUTION TO THE COUNTRY | US$ 338,592 |",indirect economic impact,e-s,positive,outcome,1
672,Dairi Prima Mineral Reserves 1 Million Tons of Zinc Ore and Lead Tin,mineral reserves,e-s-g,neutral,outcome,1
673,"Dalam 10 tahun terakhir ini, bisnis kami sudah bertumbuh sebesar 10-15% per tahun.",business growth,s,positive,outcome,3
674,"Dalam aspek operasional, untuk mendukung laju pertumbuhan bisnis, Perseroan terus memperbaiki supply chain management pada tahun 2018 untuk semakin efisien.",operational efficiency,s,positive,action,1
675,"Dalam aspek operasional, untuk mendukung laju pertumbuhan bisnis, Perseroan terus memperbaiki supply chain management pada tahun 2018 untuk semakin efisien.",supply chain efficiency,none,positive,action,2
676,"Dalam aspek operasional, untuk mendukung laju pertumbuhan bisnis, Perseroan terus memperbaiki supply chain management pada tahun 2018 untuk semakin efisien.",supply chain management,e-s-g,positive,action,3
677,"Dalam aspek operasional, untuk mendukung laju pertumbuhan bisnis, Perseroan terus memperbaiki supply chain management pada tahun 2018 untuk semakin efisien.",supply chain management efficiency,,positive,action,1
678,"Dalam beberapa tahun terakhir, berbagai kemajuan terus diupayakan oleh Perseroan untuk meningkatkan efisiensi operasional dan mempertahankan daya saing.",operational efficiency,s,positive,action,2
679,"Dalam beberapa tahun terakhir, berbagai kemajuan terus diupayakan oleh Perseroan untuk meningkatkan efisiensi operasional dan mempertahankan daya saing.",operational efficiency and competitiveness,none,positive,action,1
680,"Dalam bidang ketenagakerjaan, kami melakukan perbaikan sistem dengan melakukan inovasi digitalisasi data dan melaksanakan Employee Engagement Survey guna mendapatkan masukan dari karyawan mengenai isu-isu yang perlu diperbaiki oleh Perseroan.",employee engagement,g,positive,action,3
681,"Dalam bidang ketenagakerjaan, kami melakukan perbaikan sistem dengan melakukan inovasi digitalisasi data dan melaksanakan Employee Engagement Survey guna mendapatkan masukan dari karyawan mengenai isu-isu yang perlu diperbaiki oleh Perseroan.",employee engagement and digitalization,g,positive,action,1
682,"Dalam bidang ketenagakerjaan, kami melakukan perbaikan sistem dengan melakukan inovasi digitalisasi data dan melaksanakan Employee Engagement Survey guna mendapatkan masukan dari karyawan.",employee engagement,s,positive,action,1
683,"Dalam bidang lingkungan, kami secara konsisten berupaya untuk melakukan pengelolaan lingkungan sesuai dengan ketentuan peraturan perundang-undangan yang berlaku.",environmental compliance,e,positive,commitment,1
684,"Dalam bidang lingkungan, kami secara konsisten berupaya untuk melakukan pengelolaan lingkungan sesuai dengan ketentuan peraturan perundang-undangan yang berlaku.",environmental management,,positive,commitment,7
685,"Dalam budidaya perairan, kami berkomitmen mengoperasikan budidaya perairan yang berkelanjutan dan budidaya perikanan yang bertanggung jawab.",sustainable aquaculture,e,positive,commitment,1
686,"Dalam hal pengelolaan risiko kredit, kami telah menyusun dan menerapkan sistem manajemen untuk menilai risiko LST dalam pembiayaan yang dituangkan dalam petunjuk teknis Industry Acceptance Criteria (IAC) edisi III tahun 2022 (Ketentuan internal No.B3.P1.T16.IAC) dalam Pemberian Kredit.",management system for assessing esg risks in financing,g,positive,outcome,1
687,"Dalam kegiatan bisnis sehari-hari, kami abide by the principles of sustainability to “Growing Towards Mutual Prosperity” that have been instilled by my father since the establishment of Japfa 50 years ago.",sustainability principles in operations,none,positive,commitment,1
688,"Dalam kegiatan bisnis sehari-hari, kami menekuni nilai keberlanjutan untuk ""Berkembang Menuju Kesejahteraan Bersama""",sustainability values in daily operations,e,positive,commitment,1
689,"Dalam kegiatan bisnis sehari-hari, kami menekuni nilai keberlanjutan untuk “Berkembang Menuju Kesejahteraan Bersama”, yang sudah ditanamkan oleh ayah saya sejak saat mendirikan Japfa pada 50 tahun silam.",sustainability values,e-s-g,positive,commitment,1
690,"Dalam kegiatan bisnis sehari-hari, kami menekuni nilai keberlanjutan untuk “Berkembang Menuju Kesejahteraan Bersama”, yang sudah ditanamkan oleh ayah saya sejak saat mendirikan Japfa pada 50 tahun silam.",sustainability vision,none,positive,commitment,1
691,"Dalam kerangka tersebut, Perseroan membagi fokusnya pada 3 (tiga) aspek utama yakni People, Planet, dan Prosperity.",esg pillars,,neutral,action,1
692,"Dalam kondisi eksternal yang positif, Perseroan mengakselerasi strategi pengembangan usaha pada seluruh vertikal bisnis.",strategi pengembangan usaha,e-s-g,positive,action,1
693,"Dalam konteks keberlanjutan, manajemen risiko merupakan bagian dari perumusan strategi untuk mempertahankan prospek keberlanjutan Perseroan, yang kami maknai sebagai suatu proses yang berkesinambungan yang harus dilakukan oleh Perseroan untuk menjaga kelangsungan bisnisnya sesuai ekspektasi pemegang saham, investor dan pemangku kepentingan lainnya.",sustainability risk management,e,neutral,commitment,1
694,"Dalam melayani masyarakat, kami merespon tantangan perubahan iklim dengan mengembangkan berbagai platform digital.",climate change adaptation,e,positive,action,2
695,"Dalam melayani masyarakat, kami merespon tantangan perubahan iklim dengan mengembangkan berbagai platform digital.",digital platforms,e,neutral,action,1
696,"Dalam melayani masyarakat, kami merespon tantangan perubahan iklim dengan mengembangkan berbagai platform digital.",pengembangan platform digital untuk mengatasi perubahan iklim,e-s,positive,action,1
697,"Dalam menentukan isu-isu yang paling penting bagi para pemangku kepentingan, kami mengacu pada POJK No. 51/POJK.03/2017 dan standar GRI (Global Reporting Initiative) yang kami percaya sebagai praktik terbaik dan panduan yang digunakan secara luas.",reporting standards compliance,e,positive,outcome,1
698,"Dalam menentukan materialitas, kami melibatkan para pemangku kepentingan untuk mengidentifikasi topik-topik materialitas yang signifikan terhadap proses bisnis kami.",stakeholder engagement in materiality,s,neutral,action,1
699,"Dalam menerapkan strategi baru untuk menghadapi tantangan pandemi sepanjang 2020, kami mengatur proses produksi konten, termasuk pembuatan sinetron, film layar lebar, serta berbagai jenis pertunjukan hiburan lain.",adaptasi produksi konten selama pandemi,,positive,action,1
700,"Dalam menghadapi dinamika dunia yang terus berubah, Impack bersikap responsif terhadap perubahan keinginan pasar, pola perilaku masyarakat, dan harapan para pemangku kepentingan terhadap kinerja kami.",community engagement,s,positive,action,3
701,"Dalam menjaga keseimbangan tersebut, Perseroan berkomitmen untuk menjaga kelestarian lingkungan dan memberikan kontribusi positif terhadap masyarakat sekitar.",environmental preservation and community contribution,s,positive,commitment,2
702,"Dalam menjaga keseimbangan tersebut, Perseroan berkomitmen untuk menjaga kelestarian lingkungan dan memberikan kontribusi positif terhadap masyarakat sekitar.",kelestarian lingkungan,g,positive,commitment,1
703,"Dalam menjalankan kegiatan operasional, Perseroan secara konsisten bergerak menuju masa depan berkelanjutan.",sustainability strategy,g,positive,commitment,1
704,"Dalam menjalankan kegiatan operasional, Perseroan secara konsisten bergerak menuju masa depan berkelanjutan.",sustainable operations,none,positive,commitment,2
705,"Dalam menjalankan strategi yang kompetitif, Perseroan terus menguatkan sistem pengelolaan internal, termasuk pada peningkatan kapasitas dan kapabilitas manajemen dan karyawan.",employee development,e,positive,action,1
706,"Dalam menjalankan strategi yang kompetitif, Perseroan terus menguatkan sistem pengelolaan internal, termasuk pada peningkatan kapasitas dan kapabilitas manajemen dan karyawan.",internal management systems,none,neutral,action,2
707,"Dalam menyikapi risiko keamanan data dan informasi yang muncul akibat digitalisasi bisnis, kami berkomitmen untuk menjaga standar tertinggi dalam keamanan data dan privasi dengan secara proaktif memastikan bahwa informasi nasabah dikelola dengan aman sesuai dengan peraturan perundangan yang berlaku.",data security and privacy,s,positive,commitment,1
708,"Dalam mewujudkan pengelolaan usaha yang berpegang pada prinsip-prinsip keberlanjutan, diperlukan penerapan ESG (environmental, social and governance) sebagai sebuah prinsip dan kerangka kerja yang saling terintegrasi.",implementation of esg principles,none,positive,commitment,1
709,"Dalam mewujudkan pengelolaan usaha yang berpegang pada prinsip-prinsip keberlanjutan, diperlukan penerapan ESG (environmental, social, and governance) sebagai sebuah prinsip dan kerangka kerja yang saling terintegrasi.",esg integration,,positive,commitment,1
710,"Dalam rangka melanjutkan upaya mempromosikan keuangan berkelanjutan, pada tahun 2022 kami kembali memenuhi komitmen dari Sustainability-linked Bond (SLB) yang terbit pada tahun 2021, dengan membangun tiga fasilitas daur ulang sebagai Target Performa Keberlanjutan (Sustainability Performance Target/SPT).",sustainability-linked bond and recycling facilities,e-s,positive,outcome,1
711,"Dalam rangka memperingati hari jadi PT Japfa Comfeed Indonesia Tbk yang ke-50, dengan senang hati, kami berbagi edisi spesial Laporan Keberlanjutan tahun 2021",sustainability reporting,g,positive,outcome,1
712,"Dalam rangka mendukung tercapainya pertumbuhan yang keberlanjutan, Perseroan mengonsolidasikan keunggulan dari masing-masing portofolio ... memanfaatkan teknologi Artificial Intelligence (AI) untuk membantu membuat produk dan layanan yang terpersonalisasi bagi setiap segmen pasar dan meraih efisiensi dalam proses bisnis.",ai-driven personalized services and process efficiency,s,positive,outcome,1
713,"Dalam rangka pengurangan emisi operasional, Bank Mandiri telah memastikan terintegrasinya prinsip LST dalam aktivitas operasional yang mencakup pengelolaan aspek yang ramah lingkungan serta hubungan sosial bank dengan pegawai dan nasabah.",pengurangan emisi,e-s-g,positive,outcome,1
714,"Dalam rangka peningkatan kinerja sosial atas program kemitraan ayam kami, yang terdiri dari kurang lebih 10.000 peternak mitra yang tersebar hampir di seluruh Indonesia, kami telah melakukan LCA sosial",social life cycle assessment,e,positive,outcome,1
715,"Dalam rangka peningkatan kinerja sosial atas program kemitraan ayam kami, yang terdiri dari kurang lebih 10.000 peternak mitra yang tersebar hampir di seluruh Indonesia, kami telah melakukan LCA sosial",social performance improvement,none,positive,outcome,1
716,"Dalam rangka peningkatan kinerja sosial atas program kemitraan ayam kami, yang terdiri dari kurang lebih 10.000 peternak mitra yang tersebar hampir di seluruh Indonesia, kami telah melakukan LCA sosial",social performance improvement of poultry partnership,s,positive,outcome,1
717,"Dalam rangka peningkatan kinerja sosial atas program kemitraan ayam kami, yang terdiri dari kurang lebih 10.000 peternak mitra yang tersebar hampir di seluruh Indonesia, kami telah melakukan LCA sosial.",social life cycle assessment of farmer partnership,e,positive,outcome,1
718,"Dalam rangkaian HUT 65 th LiuGong dan Dealer conference 2023, Perseroan melakukan penandatanganan Green Alliance LOI di hadapan jajaran top level LiuGong dan disaksikan oleh perwakilan Duta Besar Indonesia. Penandatanganan ini hanya melibatkan 8 dealer dari seluruh dunia yang dinilai memiliki track record terbaik khususnya secara aktif melakuan penetrasi terhadap produk EV LiuGong. Green Alliance LOI merupakan bentuk komitmen akan terus secara aktif mendorong penjualan produk EV LiuGong yang ramah lingkungan.",green alliance loi signing,e,positive,outcome,1
719,"Dalam rangkaian acara LiuGong Global Dealer Conference 2023 yang di hadiri oleh seluruh dealer LiuGong di Dunia, Intraco Penta mendapatkan 5 Penghargaan terbaik tingkat global pada acara ini.",awards and recognition,none,positive,outcome,1
720,"Dalam upaya meningkatkan kualitas kinerja perusahaan, Perseroan melakukan launching Kick Off ERP (Enterprise Resource Planning) program.",digital transformation,e-s,positive,outcome,1
721,"Dalam upaya meningkatkan kualitas kinerja perusahaan, Perseroan melakukan launching Kick Off ERP (Enterprise Resource Planning) program.",digital transformation and system modernization,s,positive,outcome,1
722,"Dalam upaya meningkatkan kualitas kinerja perusahaan, Perseroan melakukan launching Kick Off ERP (Enterprise Resource Planning) program.",enterprise resource planning system implementation,e,positive,outcome,1
723,Dampak Pandemi Covid-19 menjadi faktor utama terjadinya berbagai perubahan rencana bisnis BRMS dan unit usaha.,business continuity,e,neutral,outcome,2
724,Dampak Pandemi Covid-19 menjadi faktor utama terjadinya berbagai perubahan rencana bisnis BRMS dan unit usaha.,business continuity management,,neutral,action,1
725,Dampak Pandemi Covid-19 menjadi faktor utama terjadinya berbagai perubahan rencana bisnis BRMS dan unit usaha.,dampak pandemi,g,neutral,outcome,2
726,Dampak Pandemi Covid-19 menjadi faktor utama terjadinya berbagai perubahan rencana bisnis BRMS dan unit usaha.,pandemic impact,e-s-g,neutral,outcome,1
727,Dampak ekonomi tidak langsung yang signifikan,indirect economic impact,e-s,positive,outcome,1
728,Dana yang diperoleh akan digunakan untuk membiayai atau membiayai kembali kegiatan-kegiatan yang termasuk dalam kategori Kegiatan Usaha Berwawasan Lingkungan (KUBL).,financing environmentally conscious business activities,none,positive,commitment,1
729,Dana yang diperoleh akan digunakan untuk membiayai atau membiayai kembali kegiatan-kegiatan yang termasuk dalam kategori Kegiatan Usaha Berwawasan Lingkungan (KUBL).,kegiatan usaha berwawasan lingkungan,e,positive,commitment,2
730,Dana yang diperoleh akan digunakan untuk membiayai atau membiayai kembali kegiatan-kegiatan yang termasuk dalam kategori Kegiatan Usaha Berwawasan Lingkungan (KUBL).,pembiayaan kegiatan berwawasan lingkungan,e,positive,commitment,1
731,Dana yang diperoleh akan digunakan untuk membiayai atau membiayai kembali kegiatan-kegiatan yang termasuk dalam kategori Kegiatan Usaha Berwawasan Lingkungan (KUBL).,sustainable financing,,positive,commitment,1
732,"Dari hasil LCA, kami dapat mengidentifikasi fokus terpenting dalam bisnis utama kami dan melakukan perbaikan berbasis ilmiah.",science-based improvements,g,positive,outcome,2
733,"Dari pengelolaan lahan yang bertanggung jawab, pengurangan emisi, pemberdayaan masyarakat sekitar, hingga penerapan prinsip-prinsip hak asasi manusia, kami berupaya menciptakan nilai jangka panjang bagi seluruh pemangku kepentingan.",community empowerment,none,positive,commitment,1
734,"Dari pengelolaan lahan yang bertanggung jawab, pengurangan emisi, pemberdayaan masyarakat sekitar, hingga penerapan prinsip-prinsip hak asasi manusia, kami berupaya menciptakan nilai jangka panjang bagi seluruh pemangku kepentingan.",emissions reduction,e,positive,commitment,1
735,"Dari pengelolaan lahan yang bertanggung jawab, pengurangan emisi, pemberdayaan masyarakat sekitar, hingga penerapan prinsip-prinsip hak asasi manusia, kami berupaya menciptakan nilai jangka panjang bagi seluruh pemangku kepentingan.",human rights,e,positive,commitment,1
736,"Dari pengelolaan lahan yang bertanggung jawab, pengurangan emisi, pemberdayaan masyarakat sekitar, hingga penerapan prinsip-prinsip hak asasi manusia, kami berupaya menciptakan nilai jangka panjang bagi seluruh pemangku kepentingan.",land management,e-s-g,positive,commitment,1
737,"Dari segi ekonomi, keberhasilan kami dalam menjaga kinerja operasional yang baik dicerminkan dengan penjualan neto tahun 2021 yang meningkat sebesar 21,4% menjadi Rp44,9 triliun",economic performance,none,positive,outcome,1
738,"Dari segi ekonomi, keberhasilan kami dalam menjaga kinerja operasional yang baik dicerminkan dengan penjualan neto tahun 2021 yang meningkat sebesar 21,4% menjadi Rp44,9 triliun",economic performance and sales growth,none,positive,outcome,1
739,"Dari segi ekonomi, keberhasilan kami dalam menjaga kinerja operasional yang baik dicerminkan dengan penjualan neto tahun 2021 yang meningkat sebesar 21,4% menjadi Rp44,9 triliun.",economic performance,e,positive,outcome,1
740,"Dari segi ekonomi, keberhasilan kami dalam menjaga kinerja operasional yang baik dicerminkan dengan penjualan neto tahun 2021 yang meningkat sebesar 21,4% menjadi Rp44,9 triliun.",kinerja ekonomi,none,positive,outcome,1
741,"Dari segi operasional, Dewan Komisaris mengapresiasi keberhasilan Perseroan dalam menerapkan diversifikasi produk.",product diversification,e-s-g,positive,outcome,3
742,"Dari segi pembiayaan sosial, kami telah mencatatkan Social Portfolio sebesar Rp135 triliun, dengan penyaluran KUR sebesar Rp62,3 triliun yang terdiri dari 2,88 juta peminjam.",social portfolio,e,positive,outcome,1
743,"Dari segi pendapatan usaha, Perusahaan membukukan pendapatan dari penjualan real estat dan pendapatan usaha berulang (recurring income) atas usaha sewa perkantoran, usaha pengembangan jaringan hotel, dan pengelolaan lapangan golf serta fasilitas olahraga di sejumlah kota di Indonesia.",revenue diversification,e,positive,outcome,1
744,"Dari segi pendapatan usaha, Perusahaan membukukan pendapatan dari penjualan real estat dan pendapatan usaha berulang (recurring income) atas usaha sewa perkantoran, usaha pengembangan jaringan hotel, dan pengelolaan lapangan golf serta fasilitas olahraga di sejumlah kota di Indonesia.",revenue streams,e-s-g,positive,outcome,1
745,"Dari tahun 2019 hingga 2020, kami memulai Penilaian Daur Hidup (Life Cycle Assessment/LCA) untuk beberapa unit operasional perunggasan, mulai dari produksi pakan ternak sampai produk akhir.",life cycle assessment implementation,s,positive,outcome,1
746,"Dasar penyusunan laporan ini adalah Peraturan Otoritas Jasa Keuangan No. 51/POJK.03/2017 tentang Penerapan Keuangan Berkelanjutan bagi Lembaga Jasa Keuangan, Emiten, dan Perusahaan Publik dan Perusahaan Publik serta indikator standar pelaporan berdasarkan Global Reporting Initiative (""GRI"") Standards 2021 dengan opsi pelaporan ""with reference"".",compliance with financial sustainability regulations,e-s-g,positive,outcome,1
747,Data Privacy Framework (DPF) certification obtained.,data privacy certification,g,positive,outcome,1
748,Data related to employees and social activities are compiled from 226 operating units.,social data coverage,e,neutral,outcome,1
749,Data related to employees and social activities are compiled from 228 operating units.,employee engagement,,neutral,outcome,1
750,"Dealing with necessity to cope with rapid development of technology, the Company is required to recruit and develop its personnel to effectively answer the increasing business and operational needs.",technology development,s,neutral,commitment,1
751,Delivering Products with Improved Nutrition Level,nutritional value,none,positive,action,1
752,Delivering Sustainable Value for Communities,sustainability strategy,s,positive,commitment,1
753,Delivering Sustainable Value for Communities,sustainable value creation,e-s,positive,commitment,1
754,Delivering products with improved nutrition levels - Menghadirkan produk dengan kandungan gizi terbaik,nutritional value improvement,e-s-g,positive,action,1
755,"Demikian pula, kebijakan terkait pajak telah Perseroan bayarkan sesuai dengan peraturan perpajakan yang berlaku di Indonesia dan semua pelaporan ini telah diaudit oleh pihak independen.",tax compliance,e,positive,outcome,3
756,Dengan adanya fasilitas CRC ini dapat semakin meningkatkan produktivitas customer loyal INTA dengan meminimalisir waktu henti mesin karena komponen rusak.,customer productivity and service efficiency,none,positive,outcome,1
757,"Dengan adanya perubahan iklim yang semakin nyata, kami melakukan peningkatan biosekuriti untuk menjamin kesejahteraan ayam sehingga kami dapat menjaga kestabilan pasekan ayam dalam memenuhi kebutuhan masyarakat.",animal welfare and product safety,none,positive,action,1
758,"Dengan adanya perubahan iklim yang semakin nyata, kami melakukan peningkatan biosekuriti untuk menjamin kesejahteraan ayam sehingga kami dapat menjaga kestabilan pasokan ayam dalam memenuhi kebutuhan masyarakat.",biosecurity improvement,s,positive,action,1
759,"Dengan adanya perubahan iklim yang semakin nyata, kami melakukan peningkatan biosekuriti untuk menjamin kesejahteraan ayam sehingga kami dapat menjaga kestabilan pasokan ayam dalam memenuhi kebutuhan masyarakat.",climate adaptation,none,positive,action,1
760,"Dengan adanya perubahan iklim yang semakin nyata, kami melakukan peningkatan biosekuriti untuk menjamin kesejahteraan ayam sehingga kami dapat menjaga kestabilan pasokan ayam dalam memenuhi kebutuhan masyarakat.",climate change adaptation,e,positive,action,2
761,"Dengan adanya program-program ini, Bank Mandiri menyatakan kesiapannya untuk mendukung Pembangunan berkelanjutan serta mampu menjadi pionir green banking di Indonesia.",commitment to sustainable development and green banking,e,positive,commitment,1
762,"Dengan adanya program-program ini, Bank Mandiri menyatakan kesiapannya untuk mendukung Pembangunan berkelanjutan serta mampu menjadi pionir green banking di Indonesia.",dukungan pembangunan berkelanjutan,e,positive,commitment,1
763,"Dengan adanya program-program ini, Bank Mandiri menyatakan kesiapannya untuk mendukung Pembangunan berkelanjutan serta mampu menjadi pionir green banking di Indonesia.",pembangunan berkelanjutan,e,positive,commitment,1
764,"Dengan adanya program-program ini, Bank Mandiri menyatakan kesiapannya untuk mendukung Pembangunan berkelanjutan serta mampu menjadi pionir green banking di Indonesia.",pembangunan berkelanjutan dan green banking,e,positive,commitment,1
765,"Dengan adanya program-program ini, Bank Mandiri menyatakan kesiapannya untuk mendukung Pembangunan berkelanjutan serta mampu menjadi pionir green banking di Indonesia.",sustainability commitment,g,positive,commitment,1
766,Dengan bangga kami mempersembahkan Laporan Keberlanjutan 2023 yang menggambarkan kemajuan dan kontribusi kami dalam mewujudkan pertumbuhan kinerja dan menciptakan nilai keberlanjutan bagi seluruh pemangku kepentingan.,sustainability reporting,e-s-g,positive,outcome,1
767,"Dengan demikian, Perseroan mampu melakukan pengelolaan dampak atas tantangan yang dihadapi terhadap lingkungan dan sosial sesuai dengan praktik governansi korporat yang baik.",environmental and social impact management,e,positive,outcome,1
768,"Dengan demikian, kami dapat tetap teguh pada inti bisnis kami, yaitu menyediakan protein hewani yang bergizi dan terjangkau bagi masyarakat Indonesia.",providing nutritious and affordable animal protein,e,positive,commitment,1
769,"Dengan demikian, layanan Perseroan dapat memberikan akses yang lebih luas ke pelosok Indonesia serta dapat diakses secara digital dan memberikan kemudahan bagi masyarakat Indonesia untuk mengakses tayangan-tayangan kami dari manapun mereka berada.",broad access to content,g,positive,outcome,1
770,"Dengan dilakukannya migrasi sistem ERP ke seri terbaru, INTA optimisis dapat semakin meningkatkan kinerja serta daya saing perusahaan ke depannya.",corporate competitiveness,g,positive,outcome,1
771,"Dengan dilakukannya migrasi sistem ERP ke seri terbaru, INTA optimisis dapat semakin meningkatkan kinerja serta daya saing perusahaan ke depannya.",optimizing company performance and competitiveness through erp migration,,positive,outcome,1
772,"Dengan dukungan teknologi yang memungkinkan akses secara luas melalui berbagai platform, konten lokal Indonesia juga semakin diminati.",konten lokal,e,positive,outcome,1
773,"Dengan fokus pada ketahanan dan keberlanjutan, kami tetap berkomitmen untuk secara konsisten memberikan kinerja yang unggul dan berkelanjutan.",keberlanjutan,none,positive,commitment,1
774,"Dengan fokus pada ketahanan dan keberlanjutan, kami tetap berkomitmen untuk secara konsisten memberikan kinerja yang unggul dan berkelanjutan.",ketahanan dan keberlanjutan,s,positive,commitment,1
775,"Dengan fokus pada ketahanan dan keberlanjutan, kami tetap berkomitmen untuk secara konsisten memberikan kinerja yang unggul dan berkelanjutan.",komitmen,e,positive,commitment,1
776,"Dengan fokus pada ketahanan dan keberlanjutan, kami tetap berkomitmen untuk secara konsisten memberikan kinerja yang unggul dan berkelanjutan.",sustainability and performance,e,positive,commitment,1
777,"Dengan fokus pada ketahanan dan keberlanjutan, kami tetap berkomitmen untuk secara konsisten memberikan kinerja yang unggul dan berkelanjutan.",sustainability commitment,s,positive,commitment,1
778,"Dengan kondisi-kondisi tersebut di atas, menjadikan Jasa Marga sebagai pemimpin dalam industri jalan tol di Indonesia baik dari sisi panjang jalan tol beroperasi maupun volume lalu lintas transaksi yang melalui jalan tol.",market leadership,e-s,positive,outcome,1
779,"Dengan melakukan SLCA ini, kami mengambil bagian dalam road tester proyek LCA sosial global",social lca participation,e-s,positive,outcome,1
780,"Dengan melakukan SLCA ini, kami mengambil bagian dalam road tester proyek LCA sosial global, mewakili sektor agri-food dan kawasan Asia Tenggara",participation in global social lca project,e,positive,outcome,1
781,"Dengan melakukan SLCA ini, kami mengambil bagian dalam road tester proyek LCA sosial global, mewakili sektor agri-food dan kawasan Asia Tenggara.",global social lca project,s,positive,outcome,1
782,Dengan melakukan penilaian daur hidup (Life Cycle Assessment / LCA) secara intensif selama dua tahun silam terhadap operasi perunggasan,life cycle assessment,e-s-g,neutral,outcome,1
783,Dengan melakukan penilaian daur hidup (Life Cycle Assessment / LCA) secara intensif selama dua tahun silam terhadap operasi perunggasan,life cycle assessment of poultry operations,s,neutral,outcome,1
784,"Dengan mematuhi peraturan ini, kami bertujuan untuk meningkatkan kontribusi kami terhadap pembangunan berkelanjutan, meningkatkan dampak kami pada bidang ekonomi, sosial, dan lingkungan.",sustainable development contribution,none,positive,commitment,1
785,"Dengan menerapkan kebijakan anti korupsi yang efektif akan berdampak pada turunnya potensi korupsi, dan penyuaian, sehingga mencegah penyalahgunaan aset Perusahaan.",anti-corruption policy,g,positive,commitment,1
786,"Dengan menerapkan model bisnis creating shared value dan mempertahankan posisi sebagai inovator terkemuka di sektor produk bangunan, Impack berusaha menjawab tantangan yang ada di masyarakat dan lingkungan melalui praktik bisnis yang berkelanjutan.",creating shared value,s,positive,commitment,1
787,"Dengan menerapkan model bisnis creating shared value dan mempertahankan posisi sebagai inovator terkemuka di sektor produk bangunan, Impack berusaha menjawab tantangan yang ada di masyarakat dan lingkungan melalui praktik bisnis yang berkelanjutan.",shared value business model,none,positive,commitment,1
788,"Dengan menetapkan target ambisius untuk mencapai netral karbon dalam operasional pada tahun 2030, Bank Mandiri menegaskan tekadnya untuk memimpin transformasi keberlanjutan di Indonesia.",carbon neutral target,none,positive,commitment,1
789,"Dengan menetapkan target ambisius untuk mencapai netral karbon dalam operasional pada tahun 2030, Bank Mandiri menegaskan tekadnya untuk memimpin transformasi keberlanjutan di Indonesia.",carbon neutrality,e-s-g,positive,commitment,1
790,"Dengan menetapkan target ambisius untuk mencapai netral karbon dalam operasional pada tahun 2030, Bank Mandiri menegaskan tekadnya untuk memimpin transformasi keberlanjutan di Indonesia.",carbon neutrality target,none,positive,commitment,1
791,"Dengan menetapkan target ambisius untuk mencapai netral karbon dalam operasional pada tahun 2030, Bank Mandiri menegaskan tekadnya untuk memimpin transformasi keberlanjutan di Indonesia.",emisi karbon,s,neutral,commitment,1
792,"Dengan menghadirkan konten dan tayangan yang berkualitas, kami terus meningkatan kinerja secara berkelanjutan.",kinerja keberlanjutan,e,positive,action,1
793,"Dengan menghadirkan konten dan tayangan yang berkualitas, kami terus meningkatan kinerja secara berkelanjutan.",sustainability performance,none,positive,action,1
794,"Dengan menjaga keseimbangan dalam ketiga aspek ini, Perseroan berusaha menciptakan nilai bagi semua Pemangku Kepentingan.",stakeholder value creation,e-s-g,positive,commitment,3
795,"Dengan pendekatan proaktif, BRMS berkomitmen untuk mengatasi tantangan lingkungan, sosial, dan tata kelola dengan strategi yang spesifik.",proactive approach to challenges,e-s,positive,commitment,1
796,"Dengan penerapan keuangan berkelanjutan, akan berdampak pada keberlanjutan bisnis yang mengedepankan aspek lingkungan, sosial dan tata kelola.",business sustainability,none,positive,commitment,1
797,"Dengan pengalaman hampir 50 tahun di dunia peternakan, kami telah membangun bisnis operasional berskala besar yang telah terstandarisasi dengan teknologi terdepan di bidang pakan ternak dan peternakan, biosekuriti dan kesejahteraan ternak",animal welfare and product safety,g,positive,outcome,1
798,"Dengan pengalaman lebih dari 45 tahun di bidang peternakan dan perikanan, kami mampu berkembang dalam skala besar dengan melakukan model bisnis yang terintegrasi.",integrated business model,none,positive,outcome,2
799,"Dengan segala upaya, kami tetap berkomitmen menghadirkan tayangan yang menghibur dan mendidik, serta informasi yang akurat, faktual, berimbang dan terpercaya bagi pemirsa.",content,g,positive,commitment,1
800,"Dengan segala upaya, kami tetap berkomitmen menghadirkan tayangan yang menghibur dan mendidik, serta informasi yang akurat, faktual, berimbang dan terpercaya bagi pemirsa.",content quality and integrity,e-s-g,positive,commitment,1
801,"Dengan sinergi dan inisiatif keberlanjutan yang terus dikembangkan, kami percaya untuk dapat terus memberikan nilai bagi masa depan.",sustainability initiative,,positive,commitment,1
802,"Dengan sudah diterapkannya ASO maka kami melihat suatu kesempatan bagi TV digital untuk bertumbuh, dan oleh karenanya kami mengambil momentum ini untuk menayangkan channel TV digital yaitu Mentari TV dengan pangsa pasar anak-anak dan para ibu.",digital tv channel launch,g,positive,outcome,1
803,"Dengan tetap menjaga keamanan, keterjangkauan, dan kualitas dari protein bergizi, sekaligus memperhatikan lingkungan, kami dapat turut berkontribusi dalam ketahanan pangan dengan berpedoman pada tiga Pilar Keberlanjutan Japfa: Meningkatkan Nutrisi, Sistem Produksi Efisien, dan Pengembangan Sumber Daya Manusia.","maintaining safety, affordability, and quality of nutritious protein while considering the environment",e,positive,commitment,1
804,"Dengan tetap menjaga keamanan, keterjangkauan, dan kualitas dari protein bergizi, sekaligus memperhatikan lingkungan, kami dapat turut berkontribusi dalam ketahanan pangan dengan berpedoman pada tiga Pilar Keberlanjutan Japfa: Meningkatkan Nutrisi, Sistem Produksi Efisien, dan Pengembangan Sumber Daya Manusia.",sustainability strategy,none,positive,commitment,1
805,"Despite causing no direct negative impacts on biodiversity, BNI firmly supports environmental preservation by implementing programs to conserve Javan rhinoceros (Rhinoceros sondaicus) and Orangutans (Pongo pymgaeus), and planting 88,023 trees.",biodiversity conservation,e-s-g,positive,outcome,1
806,"Despite challenges in the world around us, H&M Group stands on robust foundations.",business resilience,none,positive,outcome,1
807,"Despite challenges, 2023 stands out as an extraordinary year for BRMS, marked by robust profitability and balance sheet strength.",financial performance,s,positive,outcome,2
808,"Despite global headwinds, our sustainability processes and practices have continued to evolve and mature, resulting in our report theme of ""Persevering Sustainably in the Midst of Global Challenges"".",sustainability practices,s,positive,outcome,1
809,"Despite global headwinds, our sustainability processes and practices have continued to evolve and mature, resulting in our report theme of ""Persevering Sustainably in the Midst of Global Challenges"".",sustainability progress,none,positive,outcome,1
810,"Despite our switch from a WEF framework to an ESG reporting structure, this report contains many of the same disclosures as before.",reporting consistency,none,neutral,outcome,1
811,"Despite resulting in a net decrease of around 60 stores, the changes in the portfolio will start to make a positive contribution to H&M Group's sales.",store portfolio impact on sales,e,positive,outcome,2
812,"Despite resulting in a net decrease of around 60 stores, the changes in the portfolio will start to make a positive contribution to H&M Group's sales.",store portfolio optimization,g,positive,outcome,1
813,"Despite the uncertainties in the world around us, H&M Group stands strong with a robust financial position, strong cash flow and improved profitability.",financial strength,s,positive,outcome,1
814,"Despite this challenge, the Group is able to close the financial year of 2018 with a positive result by monitoring the market closely whilst executing both financial and tactical strategies.",financial planning,s,positive,outcome,1
815,"Despite this challenge, the Group is able to close the financial year of 2018 with a positive result by monitoring the market closely whilst executing both financial and tactical strategies.",market monitoring and strategy execution,s,positive,action,1
816,"Despite this, we made progress in all our growth areas and took further steps towards our long-term goals.",business growth,e,positive,outcome,1
817,Developing Our Communities,community development,s,positive,action,1
818,Dewan Komisaris akan terus memastikan bahwa Bank Mandiri tetap berada di jalur yang tepat dalam mewujudkan visi keberlanjutan.,governance oversight,e-s-g,positive,commitment,1
819,"Dewan Komisaris melihat eskalasi perang dagang Amerika Serikat dan Cina, stagnasi harga komoditas dunia, serta konflik politik turut memengaruhi lambatnya pertumbuhan kinerja Perseroan sepanjang tahun 2019.",global economic challenges,s,negative,outcome,1
820,Dewan Komisaris mengapresiasi keberhasilan Perseroan dalam menerapkan diversifikasi produk.,product diversification,e-s-g,positive,outcome,3
821,Dewan Komisaris mengapresiasi pencapaian kinerja Perseroan yang baik di tahun 2022.,kinerja perusahaan,,positive,outcome,1
822,Dewan Komisaris mengapresiasi pencapaian kinerja Perseroan yang baik di tahun 2022.,pencapaian kinerja,s,positive,outcome,1
823,Dewan Komisaris menilai Direksi dan segenap manajemen telah berhasil menerapkan strategi dan mengambil langkah yang efektif untuk menghadapi tantangan di tahun 2019.,corporate governance,none,positive,outcome,1
824,Dewan Komisaris menilai Direksi dan segenap manajemen telah berhasil menerapkan strategi dan mengambil langkah yang efektif untuk menghadapi tantangan di tahun 2019.,management performance,e,positive,outcome,1
825,Dewan Komisaris menilai wajar penurunan kinerja keuangan Perseroan pada tahun 2019.,financial performance,none,neutral,outcome,3
826,"Di balik pertumbuhan pesat tersebut, Dewan Komisaris menilai wajar penurunan kinerja keuangan Perseroan pada tahun 2019.",financial performance,s,neutral,outcome,3
827,"Di bidang sosial, kami terus menjalankan komitmen untuk membantu dan mengembangkan masyarakat dengan berbagai kegiatan",community development commitment,e,positive,commitment,1
828,"Di dalam lingkungan kerja, Perseroan memastikan pemenuhan standar ketenagakerjaan bagi seluruh karyawannya.",labor standards,g,positive,commitment,2
829,"Di mana, fasilitas CRC ini adalah yang pertama di dunia bagi LiuGong di Indonesia, sekaligus dengan adanya fasilitas CRC ini dapat semakin meningkatkan produktivitas customer loyal INTA dengan meminimalisir waktu henti mesin karena komponen rusak.",productivity increase and downtime reduction,s,positive,outcome,1
830,"Di samping itu, kami juga mendukung upaya pemerintah dalam penanganan COVID-19 dengan turut serta memberikan berbagai bantuan kepada masyarakat melalui serangkaian program CSR.",community support,,positive,outcome,1
831,"Di samping itu, kami juga mendukung upaya pemerintah dalam penanganan COVID-19 dengan turut serta memberikan berbagai bantuan kepada masyarakat melalui serangkaian program CSR.",covid-19 relief efforts,e-s-g,positive,outcome,1
832,"Di sisi lain, Manajemen juga terus melakukan restrukturisasi organisasi untuk meminimalisir birokrasi dalam proses pengambilan keputusan dan memperbaiki efisiensi proses bisnis serta meminimalisir duplikasi sumber daya sebagai bagian dari program transformasi yang dijalankan.",business process efficiency improvement,none,positive,action,1
833,"Di sisi lain, Manajemen juga terus melakukan restrukturisasi organisasi untuk meminimalisir birokrasi dalam proses pengambilan keputusan dan memperbaiki efisiensi proses bisnis serta meminimalisir duplikasi sumber daya sebagai bagian dari program transformasi yang dijalankan.",operational efficiency,e-s-g,positive,action,1
834,"Di sisi lain, Manajemen juga terus melakukan restrukturisasi organisasi untuk meminimalisir birokrasi dalam proses pengambilan keputusan dan memperbaiki efisiensi proses bisnis serta meminimalisir duplikasi sumber daya sebagai bagian dari program transformasi yang dijalankan.",organizational restructuring,g,positive,action,3
835,"Di sisi lain, Manajemen juga terus melakukan restrukturisasi organisasi untuk meminimalisir birokrasi dalam proses pengambilan keputusan dan memperbaiki efisiensi proses bisnis serta meminimalisir duplikasi sumber daya sebagai bagian dari program transformasi yang dijalankan.",resource duplication minimization,e-s-g,positive,action,1
836,"Di sisi lain, Manajemen juga terus melakukan restrukturisasi organisasi untuk meminimalisir birokrasi dalam proses pengambilan keputusan dan memperbaiki efisiensi proses bisnis serta meminimalisir duplikasi sumber daya sebagai bagian dari program transformasi yang dijalankan.",restrukturisasi organisasi,e,positive,action,1
837,"Di sisi lain, Perusahaan juga terus menunjukkan komitmen dalam mendukung pencapaian Tujuan Pembangunan Berkelanjutan (Sustainable Development Goals) melalui operasi yang senantiasa menjaga keberlanjutan lingkungan dengan adanya berbagai program inovasi, efisiensi, dan konservasi terkait lingkungan serta konsisten melakukan pengembangan dan pemberdayaan masyarakat.",sustainable development,e-s-g,positive,commitment,1
838,"Di sisi lain, kami menyadari adanya risiko perubahan iklim yang ekstrem, yang dapat memengaruhi semua aspek kehidupan manusia, termasuk dunia usaha.",kesadaran terhadap risiko perubahan iklim,e-s-g,neutral,commitment,1
839,"Di tahun 2018, Erajaya Group meluncurkan Omni Channel, sebuah layanan baru yang mengintegrasikan bisnis lintas channel offline dan online yang bertujuan untuk memberikan kenyamanan dan kemudahan berbelanja bagi pelanggan.",customer service innovation,e-s-g,positive,outcome,1
840,"Di tahun 2018, penjualan bersih kami meningkat sebesar Rp 4.410,3 miliar, yaitu 14,5% kenaikan dibanding tahun lalu.",financial performance,s,positive,outcome,2
841,"Di tahun 2018, penjualan bersih kami meningkat sebesar Rp 4.410,3 miliar, yaitu 14,5% kenaikan dibanding tahun lalu.",sales growth,g,positive,outcome,1
842,"Di tahun 2019, kami membangun pabrik pengolahan air limbah di unit operasional kami untuk meningkatkan kualitas air yang dibuang",wastewater treatment plants,e,positive,outcome,1
843,"Di tahun 2022, kebutuhan listrik didapat dari PT PLN (Persero) dengan jumlah pemakaian listrik mencapai 57.588,85 GJ, naik dibandingkan dengan tahun 2021 sebesar 57.022,41 GJ, namun demikian Perseroan berkomitmen untuk senantiasa berupaya mengurangi maupun menghindari dampak penggunaan energi dan memperbaiki efisiensi atas penggunaan energy.",energy consumption,g,neutral,outcome,1
844,"Di tahun 2022, kebutuhan listrik didapat dari PT PLN (Persero) dengan jumlah pemakaian listrik mencapai 57.588,85 GJ, naik dibandingkan dengan tahun 2021 sebesar 57.022,41 GJ, namun demikian Perseroan berkomitmen untuk senantiasa berupaya mengurangi maupun menghindari dampak penggunaan energi dan memperbaiki efisiensi atas penggunaan energy.",energy consumption & efficiency,s,positive,outcome,1
845,"Di tahun 2023, kami melakukan kaji ulang dan mengintegrasikan kebijakan kredit sektoral untuk enam sektor baru, yaitu pulp & kertas, telekomunikasi, transportasi, industri alat angkut lainnya (galangan kapal), farmasi & jasa kesehatan, dan migas.",review and integration of sectoral credit policies,s,neutral,outcome,1
846,"Di tahun 2023, kami telah menghitung emisi cakupan 3 yaitu emisi tidak langsung dari aktivitas pembiayaan (financed emissions) berdasarkan pedoman Partnership for Carbon Accounting Financials (PCAF).",calculation of scope 3 emissions,e,neutral,outcome,1
847,"Di tahun 2023, kami telah menghitung emisi cakupan 3 yaitu emisi tidak langsung dari aktivitas pembiayaan (financed emissions) berdasarkan pedoman Partnership for Carbon Accounting Financials (PCAF).",financed emissions measurement,none,neutral,outcome,1
848,"Di tengah kondisi ketidakpastian perekonomian global, pertumbuhan ekonomi Indonesia mampu menunjukkan resiliensi dengan capaian impresif di berbagai indikator makroekonomi.",ekonomi,e-s,positive,outcome,2
849,"Di tengah tahun politik dan ketidakpastian ekonomi global yang masih berlangsung, Perseroan tetap melanjutkan pengembangan bisnis dengan pendekatan yang berhati-hati dan selektif, serta mengedepankan ketahanan dan keberlanjutan.",bisnis,e,positive,commitment,1
850,"Di tengah tahun politik dan ketidakpastian ekonomi global yang masih berlangsung, Perseroan tetap melanjutkan pengembangan bisnis dengan pendekatan yang berhati-hati dan selektif, serta mengedepankan ketahanan dan keberlanjutan.",bisnis keberlanjutan,e-s-g,positive,commitment,1
851,"Di tengah tahun politik dan ketidakpastian ekonomi global yang masih berlangsung, Perseroan tetap melanjutkan pengembangan bisnis dengan pendekatan yang berhati-hati dan selektif, serta mengedepankan ketahanan dan keberlanjutan.",business development,s,positive,commitment,1
852,"Di tengah tahun politik dan ketidakpastian ekonomi global yang masih berlangsung, Perseroan tetap melanjutkan pengembangan bisnis dengan pendekatan yang berhati-hati dan selektif, serta mengedepankan ketahanan dan keberlanjutan.",business resilience and sustainability,none,positive,commitment,1
853,"Di tengah tahun politik dan ketidakpastian ekonomi global yang masih berlangsung, Perseroan tetap melanjutkan pengembangan bisnis dengan pendekatan yang berhati-hati dan selektif, serta mengedepankan ketahanan dan keberlanjutan.",ketahanan dan keberlanjutan,,positive,commitment,1
854,"Didasari oleh penggunaan handset yang semakin tak terpisahkan dalam kehidupan masyarakat sehari-hari, strategi Perseroan pada tahun 2017 tetap berfokus pada bisnis ritel sebagai platform utama.",retail business focus,none,neutral,commitment,1
855,Digital Transformation Leads to Significant Impact on ESG,digital transformation,e,positive,action,1
856,Digital Transformation Leads to Significant Impact on ESG,esg integration,e-s,positive,action,1
857,"Digital technology is the key to the future of banking and sustainability, and Bank Mandiri is one step ahead in realizing its ESG objectives.",digital technology,e,positive,commitment,1
858,"Digital technology is the key to the future of banking and sustainability, and Bank Mandiri is one step ahead in realizing its ESG objectives.",sustainability objectives,s,positive,commitment,1
859,"Digitalisasi layanan melalui Livin', Kopra, dan Smart Branch untuk akses keuangan inklusif.",digital financial inclusion,e-s-g,positive,outcome,1
860,"Digitalisasi mendukung pelestarian lingkungan dengan mengurangi penggunaan kertas, serta meluaskan jangkauan layanan keuangan bahkan ke segmen masyarakat yang tak terjangkau baik secara sosial, geografis, maupun ekonomi (""non bankable"").",environmental protection,e,positive,action,2
861,"Digitalisasi mendukung pelestarian lingkungan dengan mengurangi penggunaan kertas, serta meluaskan jangkauan layanan keuangan bahkan ke segmen masyarakat yang tak terjangkau baik secara sosial, geografis, maupun ekonomi ('non bankable').",digitalization for environmental conservation,g,positive,action,1
862,"Digitalisasi mendukung pelestarian lingkungan dengan mengurangi penggunaan kertas, serta meluaskan jangkauan layanan keuangan bahkan ke segmen masyarakat yang tak terjangkau baik secara sosial, geografis, maupun ekonomi ('non bankable').",environmental protection,none,positive,action,1
863,"Digitalisasi mendukung pelestarian lingkungan dengan mengurangi penggunaan kertas, serta meluaskan jangkauan layanan keuangan bahkan ke segmen masyarakat yang tak terjangkau baik secara sosial, geografis, maupun ekonomi ('non bankable').",financial inclusion,none,positive,action,1
864,"Digitalization expands financial services to socially, geographically, and economically 'non-bankable' segments",financial inclusion,,positive,action,1
865,"Digitalization not only promotes excellent customer service and enhances competitive advantage, but it also plays a crucial role in achieving ESG performance",esg performance,none,positive,outcome,1
866,Digitalization promotes environmental conservation by reducing paper usage,resource efficiency,s,positive,action,1
867,"Digitalization promotes environmental conservation by reducing paper usage and expands financial services to even the socially, geographically, and economically 'non-bankable' segments.",environmental conservation; financial inclusion,g,positive,action,1
868,"Digitalization promotes environmental conservation by reducing paper usage and expands financial services to even the socially, geographically, and economically 'non-bankable' segments.",environmental protection,e-s-g,positive,action,1
869,"Dimulai pada tahun 2014, kami secara spesifik melaporkan dan mengawasi kegiatan-kegiatan berkelanjutan yang mencakup aspek ekonomi, lingkungan dan sosial.",sustainability reporting,e-s-g,neutral,outcome,1
870,Dinamika makroekonomi serta perubahan preferensi konsumen dalam menikmati konten informasi dan hiburan tentunya menuntut Perseroan untuk dapat merumuskan strategi bisnis yang efektif dan akurat namun juga mengedepankan tujuan-tujuan keberlanjutan.,strategi bisnis,g,neutral,commitment,1
871,"Dinamika politik juga memengaruhi aktivitas ekonomi, menghadirkan peluang dan tantangan bagi bisnis di berbagai sektor.",dinamika politik,e,neutral,none,1
872,"Dinamika politik juga memengaruhi aktivitas ekonomi, menghadirkan peluang dan tantangan bagi bisnis di berbagai sektor.",political landscape,g,neutral,none,1
873,"Dinamika yang terjadi sepanjang 2023, termasuk kondisi ketidakpastian global, pemulihan perekonomian nasional, maupun antisipasi Pemilihan Umum 2024, juga membawa dampak bagi pola konsumsi dan gaya hidup masyarakat di Indonesia.",ekonomi,none,neutral,outcome,1
874,Diperlukan aksi nyata terkait ketahanan pangan di Indonesia.,ketahanan pangan,s,positive,commitment,1
875,"Diprakarsai oleh karyawan kami, kami mengidentifikasi bahwa fokus area kami adalah konsumsi dan produksi berkelanjutan, kesejahteraan hewan, mendukung peternak kami dan pengembangan masyarakat.","focus areas: sustainable consumption and production, animal welfare, supporting farmers, community development",,positive,action,1
876,Direksi dapat menjaga pertumbuhan usaha dengan mengeksplorasi sentuhan perasaan inovatif untuk mendorong penjualan.,pertumbuhan usaha,s,positive,commitment,1
877,"Direktur Utama SCM, Sutanto Hartono, juga turut mengawasi tanggung jawab kinerja Perusahaan terkait ekonomi, sosial, dan lingkungan, termasuk perubahan iklim.",oversight of esg performance,,positive,action,1
878,"Direktur Utama SCM, Sutanto Hartono, juga turut mengawasi tanggung jawab kinerja Perusahaan terkait ekonomi, sosial, dan lingkungan, termasuk perubahan iklim.",pengawasan tanggung jawab kinerja berkelanjutan oleh direktur utama,e,positive,action,1
879,"Direktur Utama SCM, Sutanto Hartono, juga turut mengawasi tanggung jawab kinerja Perusahaan terkait ekonomi, sosial, dan lingkungan, termasuk perubahan iklim.",tanggung jawab lingkungan,none,positive,action,1
880,"Direktur Utama mengawasi tanggung jawab kinerja Perusahaan terkait ekonomi, sosial, dan lingkungan, termasuk perubahan iklim.",esg governance,none,positive,action,1
881,"Disbursed Rp 62 trillion in Government Subsidized Loans (KUR) through 156,191 agents",financial accessibility,e,positive,outcome,1
882,Distribusi Nilai Ekonomi kepada Pemangku Kepentingan,economic value distribution,g,positive,outcome,1
883,Distribusi Nilai Ekonomi kepada Pemangku Kepentingan Distribution of Economic Value to the Stakeholders,economic value distribution,e-s-g,positive,outcome,1
884,"Distributed 45,000 food packages and 6,000 drink packages to COVID-19 task forces with total budget Rp1.03 billion.",community support,"Location: Baru/Wake Village, Batu Benawa, Hulu Sungai Tengah...",positive,outcome,1
885,"Distribution Region Competition 2011 West Java, III Champion: DMT Bandung, from Axis (PT. DATA MEDIA TELEKOMUNIKASI).",awards,e,positive,outcome,1
886,"Diversification of the business portfolio to support the transition to a low-carbon economy, such as zinc mineral mining for electric vehicle.",low-carbon economy,,positive,action,1
887,"Diversifikasi portofolio bisnis untuk mendukung transisi ke low-carbon economy, seperti tambang mineral seng untuk kendaraan listrik.",low-carbon economy transition,none,positive,action,1
888,Donation and Voluntary Program,community engagement,e-s-g,positive,action,1
889,Dore Bullion Production (Kg) | 308 | 172 | --,economic performance,e,neutral,outcome,1
890,Dore Bullion Production (Kg) | 308 | 172 | --,production output,e,neutral,outcome,1
891,Dore Bullion Production (Kg) | 308 | 172 | -- |,production output,s,neutral,outcome,1
892,Down cycled (fill of a pillow or sofa).,upcycling,none,positive,action,1
893,During 2022 the Company did not face any sanctions related to good corporate governance.,governance compliance,g,positive,outcome,1
894,During 2022 we performed a review of our key material ESG topics.,esg materiality review,none,neutral,outcome,1
895,During 2022 we performed a review of our key material ESG topics.,esg review,s,neutral,outcome,2
896,During 2022 we performed a review of our key material ESG topics.,material topic identification,none,neutral,outcome,1
897,"During the earthquake in Cianjur, we collaborated with Planet Water to provide 1 Aquablock units that produce 1.500 liters of clean water/hour to meet the drinking water requirement of 10,000 people.",clean water access,e-s-g,positive,outcome,1
898,"During the same period, MRA also signed partnerships with the University of Indonesia, LaSalle College Jakarta, Prasetiya Mulya University, and London School of Public Relations.",educational partnerships,e-s-g,positive,outcome,1
899,"During the year, the Company expanded operations into Singapore and Malaysia, thereby covering 6 countries in South East Asia, namely Indonesia, Vietnam, Thailand, the Philippines, Singapore and Malaysia.",business expansion,e,positive,outcome,2
900,"During the year, the Company expanded operations into Singapore and Malaysia, thereby covering 6 countries in South East Asia.",business expansion,e,positive,outcome,1
901,Dynamic & Innovative Quickly adapt and seek for creative solutions.,corporate values - innovation,g,positive,commitment,1
902,Dynamic and Innovative - Quickly adapt and seek for creative solutions.,innovation and adaptability,none,positive,commitment,1
903,Dynamic and Innovative: Quickly adapt and seek for creative solutions.,corporate values,e-s-g,positive,commitment,1
904,"E-commerce achieved a great success, and Erajaya Group is trusted by a number of principal as launching partner for a wide range of flagship products and recorded outstanding sales result with a variety of new products.",e-commerce success,e-s-g,positive,outcome,2
905,E-commerce achieved such a great success that the Group is trusted by a number of principal as launching partner for a wide range of flagship products and recorded outstanding sales result with a variety of new products.,e-commerce success,e,positive,outcome,2
906,"EBITDA Rp9,911.6 Billion",ebitda,e,positive,outcome,1
907,"EMISI GRK 2021: 22.304 Ton CO2 eq (menurun dari 28.497,05 Ton di 2020)",ghg emissions,s,neutral,outcome,1
908,"EMISI GRK menurun dari 28.497,05 Ton CO2 eq (2020) menjadi 16.758 Ton CO2 eq (2022).",ghg emissions reduction,s,positive,outcome,1
909,EMPLOYEE TRAINING,employee training,g,neutral,outcome,1
910,"ERAL dan MST Golf akan membentuk perusahaan patungan untuk mendirikan dan mengoperasikan bisnis ritel golf dan pusat golf indoor dengan merek ""MST GOLF"" dan ""MST GOLF ARENA"".",formation of joint venture company,none,positive,outcome,1
911,"ERP sendiri merupakan sebuah program integrasi bisnis perusahaan yang dirancang khusus untuk meningkatkan kinerja bisnis agar lebih efektif, efisien dan terpusat pada satu sistem data tertentu.",business integration program for improved performance,s,positive,outcome,1
912,"ERP sendiri merupakan sebuah program integrasi bisnis perusahaan yang dirancang khusus untuk meningkatkan kinerja bisnis agar lebih efektif, efisien dan terpusat pada satu sistem data tertentu.",business process efficiency,,positive,outcome,1
913,"ESG Risk Rating results conducted by Morningstar Sustainalitycs. At the level of the Transportation Infrastructure industry group, the results of the ESG Risk Rating placed Jasa Marga in 44th place out of 187 companies; and put Jasa Marga at rank 945 out of the 15,731 overall companies.",esg rating,s,neutral,outcome,1
914,"ESG Risk Rating results conducted by Morningstar Sustainalitycs. At the level of the Transportation Infrastructure industry group, the results of the ESG Risk Rating placed Jasa Marga in 44th place out of 187 companies; and put Jasa Marga at rank 945 out of the 15,731 overall companies.",esg risk rating,e,neutral,outcome,1
915,"ESG considerations are deeply embedded in our corporate policies and decision-making processes, with oversight from our Board of Directors (""BOD"").",board oversight of esg,g,positive,action,1
916,"ESG considerations are deeply embedded in our corporate policies and decision-making processes, with oversight from our Board of Directors (""BOD"").",esg considerations in corporate policies,s,positive,action,1
917,"ESG considerations are deeply embedded in our corporate policies and decision-making processes, with oversight from our Board of Directors (""BOD"").",esg governance,e-s-g,positive,action,2
918,"ESG considerations are deeply embedded in our corporate policies and decision-making processes, with oversight from our Board of Directors ('BOD').",esg integration,,positive,action,1
919,"ESG considerations are deeply embedded in our corporate policies and decision-making processes, with oversight from our Board of Directors.",esg governance integration,none,positive,action,1
920,ESG is managed holistically and integrated throughout the organization as part of business strategy,esg integration,none,positive,action,1
921,Economic Aspect,economic performance,,neutral,outcome,1
922,Economic Review - Human Capital Award 2015 - PT Erajaya Swasembada Tbk - 2nd in Recruitment Strategy & Human Resources Planning,human capital development,s,positive,outcome,1
923,Economic Review - Human Capital Award 2015 - PT Erajaya Swasembada Tbk - 2nd in Recruitment Strategy & Human Resources Planning.,human capital award,e,positive,outcome,1
924,Economic Review - Human Capital Award 2015 - PT Erajaya Swasembada Tbk - 2nd in Recruitment Strategy & Human Resources Planning;,awards,s,positive,outcome,1
925,Economic Review - Human Capital Award 2015 - PT Erajaya Swasembada Tbk - 2nd in Recruitment Strategy & Human Resources Planning;,human capital development,e,positive,outcome,1
926,Economic Review - Human Capital Award 2015 - PT Erajaya Swasembada Tbk - 2nd in Recruitment Strategy & Human Resources Planning;,human resources,s,neutral,outcome,1
927,"Economic Review - Human Capital Award 2015 - PT Erajaya Swasembada Tbk - 2nd in Recruitment Strategy & Human Resources Planning; Asia Pacific Enterpreneurship Award 2015 - Budiarto Halim, Outstanding Category",human resources recognition,e,positive,outcome,1
928,Economic Value for Stakeholders,economic value,s,positive,outcome,1
929,Economic Value for Stakeholders,stakeholder value,none,positive,outcome,1
930,"Economically, our accomplishments in maintaining good operational performance are reflected by our FY2021 net sales, which increased 21.4% to Rp44.9 trillion",economic performance,s,positive,outcome,1
931,"Effective 1 January 2011, PT Multiphala Agrinusa (MAG) and PT Bintang Terang Gemilang (BTG), both being the Company's subsidiaries producing poultry feed, merged with the Company.",corporate restructuring,g,neutral,outcome,1
932,"Effective on 1 July the Company merged with PT Multibreeded Adirama Indonesia Tbk (MBAI), the Company's subsidiary, and PT Multiphala Adiputra (MPA) as well as PT Hidon, both being MBAI's subsidiaries, as one of the Company's strategies to focus on the agribusiness industry.",corporate restructuring,g,neutral,outcome,1
933,Efficient use of water for operational activities.,efficient water use,e-s-g,positive,action,1
934,Efisiensi penggunaan air untuk kegiatan operasional.,water efficiency,e,positive,action,2
935,Ekonomi Indonesia relatif stabil di tahun 2019 sehingga mampu menopang pertumbuhan Perseroan di kuartal IV-2019.,economic stability,e,positive,outcome,5
936,Ekspansi bisnis ritel kami di segmen gaya hidup dan F&B diperkuat melalui pembukaan gerai baru dan penambahan lini bisnis untuk meningkatkan keragaman produk dan memenuhi tren pasar yang terus berkembang.,business expansion,e-s-g,positive,outcome,1
937,Ekspansi bisnis ritel kami di segmen gaya hidup dan F&B diperkuat melalui pembukaan gerai baru dan penambahan lini bisnis untuk meningkatkan keragaman produk dan memenuhi tren pasar yang terus berkembang.,ekspansi bisnis,e-s-g,positive,outcome,3
938,Ekspansi bisnis ritel kami di segmen gaya hidup dan F&B diperkuat melalui pembukaan gerai baru dan penambahan lini bisnis untuk meningkatkan keragaman produk dan memenuhi tren pasar yang terus berkembang.,retail expansion,e,positive,outcome,1
939,Ekspansi bisnis ritel kami di segmen gaya hidup dan F&B diperkuat melalui pembukaan gerai baru dan penambahan lini bisnis untuk meningkatkan keragaman produk dan memenuhi tren pasar yang terus berkembang.,retail expansion and product diversity,s,positive,outcome,1
940,"Ekspansi ini, termasuk ke kota-kota tier-2 dan -3 di Indonesia, bertujuan untuk menangkap potensi permintaan di pasar dan melakukan penetrasi ke pasar yang baru.",ekspansi,e-s-g,positive,outcome,2
941,Ekspor Live Bird ke Singapura ... dedikasi Japfa terhadap ... kesejahteraan hewan.,animal welfare and product safety,e-s-g,positive,outcome,1
942,"Ekuitas naik 11,46% dari tahun 2021 menjadi sebesar Rp7,20 triliun.",ekuitas,,positive,outcome,3
943,Electricity consumption per m² at Head Office decreased from 0.24 kWh (2020) to 0.19 kWh (2021).,energy efficiency,s,positive,outcome,1
944,Embracing Sustainability is the theme for this year’s sustainability report because we see more and more of our people living and breathing sustainability in their day-to-day activities.,sustainability culture,g,positive,outcome,1
945,Embracing Sustainability is the theme for this year’s sustainability report because we see more and more of our people living and breathing sustainability in their day-to-day activities.,sustainability integration,e,positive,outcome,1
946,Embracing Sustainability is the theme for this year’s sustainability report because we see more and more of our people living and breathing sustainability in their day-to-day activities.,sustainability reporting theme,s,positive,outcome,1
947,Emisi Cakupan 1 dan 2 dari baseline tahun 2019 menurun 33%.,emissions reduction from baseline,none,positive,outcome,1
948,Emisi GRK GHG Emission (Ton Co₂eq),ghg emission,e-s-g,neutral,outcome,1
949,Emisi GRK GHG Emission (Ton Co₂eq): 112.018,emissions reporting,e-s-g,neutral,outcome,1
950,"Emisi GRK GHG Emission | 2020 28,497.05 Ton Co2 eq | 2019 872,705.41 Ton Co2 eq",emissions reduction,s,positive,outcome,1
951,"Emisi GRK GHG Emission | 2020 28.497,05 Ton Co2 eq",ghg emissions,e,neutral,outcome,1
952,"Emisi GRK GHG Emission | 2020 28.497,05 Ton Co2 eq | 2019 872.705,41 Ton Co2 eq",ghg emission,e-s-g,neutral,outcome,1
953,"Emisi GRK GHG Emission | 2020 28.497,05 Ton Co2 eq | 2019 872.705,41 Ton Co2 eq",greenhouse gas emissions,g,neutral,outcome,2
954,"Emission Intensity (Ton Co2 eq/Kg) | 0,23 | 69,4 | -- |",emission intensity,s,neutral,outcome,1
955,Emission Reduction from the 2019 Baseline Year (TonCO₂eq),emissions reduction,g,positive,outcome,1
956,"Emphasizing Business Continuity, Increasing Competitiveness",business continuity,e-s-g,positive,commitment,1
957,Employee Composition Based on Gender and Job Positions in 2021,workforce diversity,e-s-g,neutral,outcome,1
958,Employee Representatives at Safety Committee 16%,safety committee,,neutral,outcome,1
959,"Employee Training: Average Training Duration, 52,446 Total Participants in 2021",employee development and training,g,positive,outcome,1
960,Employee Turnover 2.7%,employee turnover,none,neutral,outcome,1
961,Employee Vaccination Data: 98.56% vaccinated,employee health and safety,e,positive,outcome,1
962,"Employee turnover rate was 13% in 2020, down from 24% in 2019",employee turnover,e,neutral,outcome,1
963,"Employee turnover rate was 13% in 2020, down from 24% in 2019.",employee turnover rate,e-s-g,neutral,outcome,1
964,Employee-related and social activities data are collated from 226 operating units.,labor data coverage,none,neutral,outcome,1
965,"Empower Woman Leadership programs: Mentoring, Bootcamp.",gender equality,s,positive,action,1
966,"Empowering 13,969 MSMEs through Rumah BUMN program with 3,162 listed on e-commerce",economic inclusion,none,positive,outcome,1
967,Empowering Local Suppliers,local supplier empowerment,none,positive,action,2
968,"Empowerment of Local Suppliers US$ 408,355",local supplier empowerment,g,positive,outcome,1
969,Encouraging the development of technology to enhance productivity and extend the lifespan of mining fleets and other equipment.,technology development,none,positive,commitment,1
970,Encouraging the efficient use of energy in the Company's environment;,energy efficiency,none,positive,commitment,2
971,Encouraging the efficient use of energy in the Company's environment; and,energy efficiency,e,positive,commitment,1
972,Encouraging the use of environmentally friendly materials in daily operations.,environmentally friendly materials,s,positive,commitment,1
973,Encouraging the use of environmentally friendly materials in daily operations.,sustainable materials,s,positive,commitment,1
974,Encouraging the use of environmentally friendly materials in daily operations.,use of environmentally friendly materials,g,positive,commitment,1
975,End all forms of discrimination against all women and girls everywhere.,gender equality,none,positive,commitment,3
976,"End hunger, achieve food security and improved nutrition and promote sustainable agriculture",food security,none,positive,commitment,1
977,End poverty in all its forms everywhere,poverty alleviation,none,positive,commitment,1
978,Energy Consumption,energy consumption,e-s-g,neutral,outcome,1
979,"Energy Consumption (GJ) | 45,018 | 27,210 | 12,236",energy efficiency,g,positive,outcome,1
980,"Energy Consumption (GJ) | 45.018,41 | 27.209,6 | 12.236,25",energy use,none,neutral,outcome,1
981,"Energy Consumption (GJ) | 45.018,41 | 27.209,6 | 12.236,25 |",energy consumption,s,neutral,outcome,1
982,"Energy Consumption 12,236 GJ",energy consumption,s,neutral,outcome,1
983,"Energy Consumption decreased from 45,018 GJ (2021) to 78,870 GJ (2022).",energy efficiency,s,positive,outcome,1
984,"Energy Intensity (GJ/Kg) | 0,4 | 135,66 | -- |",energy efficiency,e,positive,outcome,1
985,Energy Intensity of Stores (KWh/m²),energy efficiency,e-s-g,neutral,outcome,1
986,Energy Management,energy efficiency,e,neutral,action,1
987,Energy Usage 46.20 TJ,energy consumption,none,neutral,outcome,1
988,"Energy conservation through fuel and electricity efficiency for operations, and transitioning to renewable energy sources such as Biodiesel.",energy conservation,e-s,positive,commitment,1
989,"Energy conservation through fuel and electricity efficiency for operations, and transitioning to renewable energy sources such as Biodiesel.",energy efficiency,e-s-g,positive,commitment,1
990,"Energy conservation through fuel and electricity efficiency for operations, and transitioning to renewable energy sources such as Biodiesel.",transitioning to renewable energy,none,positive,commitment,1
991,"Energy consumption (GJ) 70,435.89",energy consumption,e-s-g,neutral,outcome,1
992,"Energy consumption from BBM, Generator, Electricity decreased by 21% from 2019 baseline",energy efficiency,s,positive,outcome,1
993,"Energy consumption was 70,435.89 GJ.",energy consumption,,neutral,outcome,1
994,Energy efficiency improved by 4.7% compared to our 2018 baseline.,energy management,g,positive,outcome,1
995,Energy use decreased by approximately 2% from last year which came from reduced fuel consumption for vehicles and electricity consumption.,energy efficiency,e-s-g,positive,outcome,2
996,"Ensure access to affordable, reliable, sustainable and modern energy for all",affordable and clean energy,none,positive,commitment,1
997,Ensure availability and sustainable management of water and sanitation for all,water and sanitation,e,positive,commitment,1
998,Ensure healthy lives and promote wellbeing for all at all ages,health and wellbeing,s,positive,commitment,1
999,Ensure sustainable consumption and production patterns,sustainable consumption and production,e-s-g,positive,commitment,1
1000,Ensuring Occupational Health and Safety (OHS),occupational health and safety,e-s-g,positive,commitment,1
1001,Ensuring Reporting Credibility,reporting credibility,none,positive,commitment,1
1002,"Ensuring health and safety for employees, contractor workers, and communities around the mine.",health and safety,none,positive,commitment,1
1003,"Ensuring health and safety for employees, contractor workers, and communities around the mine.",workplace safety,e-s-g,positive,commitment,1
1004,Enviromet is a premium metallurgical coal product with low ash and phosphorus content and high vitrinite content.,product quality - low emissions,none,positive,outcome,1
1005,"Enviromet is a premium metallurgical coal product with low ash and phosphorus content and high vitrinite content. These characteristics are crucial for maintaining efficient, high-quality, and environmentally friendly coke and steel production processes.",environmental product characteristics,none,positive,outcome,1
1006,Environmental Aspect,environmental impact,none,neutral,none,1
1007,Environmental Commitments in the Supply Chain,supply chain environmental commitments,e-s-g,positive,commitment,2
1008,Environmental Complaints Handling Mechanism,environmental complaints,none,neutral,action,1
1009,Environmental Cost (USD) | 94.046 | 505.617 | 20.677,environmental management,,neutral,outcome,1
1010,Environmental Cost (USD) | 94.046 | 505.617 | 20.677 |,environmental compliance costs,e-s-g,neutral,outcome,1
1011,"Environmental Cost US$ 20,677",environmental cost,e,neutral,outcome,1
1012,"Environmental Cost decreased from USD 94,046 (2021) to USD 62,233 (2022).",environmental expenditure,g,neutral,outcome,1
1013,Environmental Costs in 2021,environmental costs,g,neutral,outcome,1
1014,Environmental Impact Identification,environmental impact,g,neutral,outcome,1
1015,Environmental Policy,environmental policy,e,neutral,commitment,1
1016,Environmental Preservation Cost (Rp million),environmental investment,none,neutral,outcome,1
1017,Environmental Protection and Management Policy,environmental policy,none,neutral,commitment,1
1018,Environmental Strategy 2021,environmental strategy,g,positive,commitment,1
1019,"Environmental data disclosed in this report cover energy consumption, GHG emissions, water, wastewater, and hazardous waste from manufacturing units participating in government environmental programs.",environmental transparency,s,neutral,outcome,1
1020,Environmental data disclosed in this report cover... GHG emissions from energy sector are compiled from 34 out of 34 applicable manufacturing units... GHG emissions from waste sector are compiled from 20 out of 27 palm oil mills... GHG emissions from land use sector are compiled from 55 estates.,environmental data management,none,neutral,outcome,1
1021,Environmental data disclosed in this report covers [...] 34 manufacturing units representing >75% of Indofood's total energy consumption.,environmental data transparency,,neutral,outcome,1
1022,Equity increased by 11.46% from 2021 of Rp7.20 trillion.,equity growth,e,positive,outcome,1
1023,Era digitalisasi mempercepat perubahan di berbagai sektor usaha dan memicu permintaan yang terus meningkat akan peralatan teknologi yang canggih dan terdepan.,technological advancements,s,positive,outcome,1
1024,"Erafone Megastore Bengkulu Indah Mall is the eighteenth outlets operated by Erafone, completing the chain of Erafone Megastore in several major cities in Indonesia.",retail expansion,none,positive,outcome,1
1025,"Erafone Megastore is a one-stop-shopping outlet that offers the most complete selection of products and brand, and it expands the space for accessories and other supporting products.",retail concept innovation,g,positive,outcome,1
1026,"Erafone Megastore provides effectiveness and efficiency of productivity regarding the utilization of retail space, human resources and structured management.",operational efficiency,,positive,outcome,1
1027,"Erafone again inaugurated Erafone Megastore at Dutamall Banjarmasin, South Kalimantan, the fourteenth outlet under Erafone, adding the Erafone Megastore networks that spread in several big cities in Indonesia.",retail expansion,g,positive,outcome,1
1028,"Erafone again inaugurated Erafone Megastore in Sumatra, Bengkulu Province.",retail expansion,e,positive,outcome,1
1029,"Erafone, a subsidiary of PT Erajaya Swasembada Tbk (""Erajaya""), inaugurated Erafone Megastore in Palu, Central Sulawesi, the fifteenth outlet under Erafone, adding the Erafone Megastore networks that spread in several big cities in Indonesia.",retail expansion,g,positive,outcome,1
1030,Erajaya Active Lifestyle (EAL) dan MST Golf Group Berhad (MST Golf) menandatangani nota kesepahaman (MoU) untuk menandai kiprah ritel perdana MST Golf di Indonesia.,signing of mou with mst golf,,positive,outcome,1
1031,Erajaya Active Lifestyle (EAL) dan MST Golf Group Berhad (MST Golf) menandatangani nota kesepahaman (MoU) untuk menandai kiprah ritel perdana MST Golf di Indonesia.,strategic partnership,e,positive,outcome,1
1032,"Erajaya Active Lifestyle dan MST Golf Group Berhad secara resmi membuka gerai MST Golf Arena pertama di Indonesia berlokasi di La Piazza Summarecon Kelapa Gading, Jakarta Utara.",retail expansion,g,positive,outcome,3
1033,"Erajaya Active Lifestyle mengumumkan ketersediaan tiga produk terbaru dari merek Nothing yakni Nothing Ear, Nothing Ear (a), dan CMF Buds yang bisa didapatkan di jaringan ritel Erajaya Group.",product availability,none,positive,outcome,3
1034,Erajaya Digital meresmikan gerai Apple Premium Partner pertama di Indonesia yang berlokasi di Plaza Indonesia.,business expansion,e,positive,outcome,1
1035,Erajaya Digital meresmikan gerai Apple Premium Partner pertama di Indonesia yang berlokasi di Plaza Indonesia.,expansion of retail outlets,,positive,outcome,1
1036,Erajaya Digital meresmikan gerai Apple Premium Partner pertama di Indonesia yang berlokasi di Plaza Indonesia.,gerai apple premium partner,e-s-g,positive,outcome,1
1037,Erajaya Digital meresmikan gerai Apple Premium Partner pertama di Indonesia yang berlokasi di Plaza Indonesia.,opening of apple premium partner outlet,g,positive,outcome,1
1038,Erajaya Digital meresmikan iBox Apple Premium Partner di Summarecon Mall Bandung yang menjadi gerai pertamanya di luar wilayah Jabodetabek.,retail expansion,none,positive,outcome,3
1039,"Erajaya Group Menyelenggarakan Gadget Invasion Week 2019 di Mall Atrium Taman Anggrek, Jakarta.",community engagement,e-s,positive,action,2
1040,"Erajaya Group Menyelenggarakan Gadget Invasion Week 2019 di Mall Atrium Taman Anggrek, Jakarta.",community outreach,e-s-g,positive,action,1
1041,Erajaya Group Merayakan Tercapainya Jumlah Gerai Ritel yang Telah Menembus Lebih Dari 1.000 Gerai di seluruh Indonesia.,economic performance,e-s-g,positive,outcome,1
1042,"Erajaya Group acquired 5,100 shares or 51% shares of PT Axioo International Indonesia from PT Exa Nusa Persada to comply with trade regulations.",regulatory compliance,g,neutral,outcome,1
1043,"Erajaya Group acquired PT Tele-tama Artha Mandiri (""TAM"").",corporate acquisition,,neutral,outcome,1
1044,Erajaya Group acquired PT Tele-tama Artha Mandiri (TAM) in 2011,pt tele-tama artha mandiri (tam),e,neutral,outcome,1
1045,"Erajaya Group also collaborates with mobile network operators to distribute their products, namely Telkomsel, Indosat and XL.",operator partnerships,s,positive,action,1
1046,"Erajaya Group also collaborates with mobile network operators to distribute their products, namely Telkomsel, Indosat and XL.",partnership,e-s-g,positive,action,1
1047,"Erajaya Group also developed electronic-based selling (""e-commerce"") through www.erafone.com in early 2012.",digital sustainability initiatives,e,positive,outcome,1
1048,"Erajaya Group also developed electronic-based selling (""e-commerce"") through www.erafone.com in early 2012.",e-commerce development,s,positive,outcome,4
1049,Erajaya Group also developed electronic-based selling ('e-commerce') through www.erafone.com in early 2012.,e-commerce development,g,positive,outcome,1
1050,Erajaya Group also developed electronic-based selling (e-commerce) through www.erafone.com in early 2012.,e-commerce development,g,positive,outcome,1
1051,"Erajaya Group also developed operating-system-based outlet. In cooperation with Google, in July 2012 Erajaya Group introduced AndroidNation, an Android-based retail outlet, the first in the world.",innovation,s,positive,outcome,1
1052,"Erajaya Group also developed operating-system-based outlet. In cooperation with Google, in July 2012 Erajaya Group introduced AndroidNation, an Android-based retail outlet, the first in the world.",innovation in retail,g,positive,outcome,1
1053,Erajaya Group also develops platform- or operating-system based concept store.,innovation,e,positive,action,1
1054,Erajaya Group also develops platform- or operating-system based concept store.,innovation in retail,none,positive,action,1
1055,Erajaya Group also develops platform- or operating-system based concept store.,innovation in retail concepts,e-s,positive,action,1
1056,Erajaya Group also develops platform- or operating-system based concept store.,retail innovation,,positive,action,1
1057,"Erajaya Group also develops platform- or operating-system based concept store. In collaboration with Google, in July 2012 Erajaya Group introduces AndroidNation, the world's first retail outlet based on Android operating system.",innovation,s,positive,outcome,1
1058,"Erajaya Group also develops platform- or operating-system based concept store. In collaboration with Google, in July 2012 Erajaya Group introduces AndroidNation, the world's first retail outlet based on Android operating system.",innovation in retail concepts,g,positive,outcome,1
1059,"Erajaya Group also formed a joint venture with Alphabright Distribution Pte. Ltd. Singapore, named Era International Network Pte. Ltd., which the Company has a 70% stake in the formation of the company.",governance,s,neutral,outcome,1
1060,Erajaya Group also managed to open 114 retail outlets while closing 82 unproductive retail outlets (business joint cooperation).,retail network,none,positive,outcome,1
1061,"Erajaya Group also markets its own brand products, namely, Venera.",brand development,,positive,action,2
1062,"Erajaya Group also markets its own brand products, namely, Venera.",product development,none,positive,action,1
1063,Erajaya Group also works closely with leading mobile network operators in Indonesia to distribute their products.,business relationships,e-s-g,positive,action,1
1064,Erajaya Group also works closely with leading mobile network operators in Indonesia to distribute their products.,partnerships with network operators,e-g,positive,action,1
1065,"Erajaya Group collaborates with mobile network operators to distribute their products, namely Telkomsel, Indosat and XL.",distribution partnerships,e-s-g,positive,action,1
1066,"Erajaya Group conducted an IPO, selling 31.7% of its shares.",initial public offering,e-s-g,neutral,outcome,1
1067,"Erajaya Group develops electronic-based selling (""e-commerce"") through www.erafone.com in early 2012.",e-commerce development,e,positive,action,1
1068,Erajaya Group develops electronic-based selling (e-commerce) through www.erafone.com,e-commerce,none,positive,action,1
1069,Erajaya Group develops platform- or operating-system based concept store,concept store,none,positive,action,1
1070,Erajaya Group engages in the distribution and retail of mobile telecommunication devices,mobile telecommunication devices,e-s-g,neutral,action,1
1071,"Erajaya Group engages in the distribution and retail of mobile telecommunication devices such as mobile phones and tablets, subscriber identity module card (SIM Card), mobile network operator voucher top-up, accessories, and gadgets such as computers and other electronic devices.",business operations,s,neutral,action,1
1072,"Erajaya Group engages in the distribution business and retail trading of mobile telecommunication devices such as mobile phones and tablets, subscriber identity module card (SIM Card), mobile operator network voucher top-up, accessories, and gadgets such as computers and other electronic devices.",business operations,g,neutral,action,7
1073,Erajaya Group entered into agreement of forming joint venture with PT Indosat Ooredoo.,governance,e,neutral,outcome,1
1074,Erajaya Group entered into strategic partnership with 14 well-known global brands,global brands,e,positive,outcome,1
1075,"Erajaya Group entered into strategic partnership with 14 well-known global brands, including Acer, Apple, Asus, BlackBerry, Dell, HTC, Huawei, Lenovo, LG, Motorola, Nokia, Samsung, Sony, and Xiaomi.",partnerships and collaborations,s,positive,outcome,1
1076,"Erajaya Group entered into strategic partnership with 14 well-known global brands, including Acer, Apple, Asus, BlackBerry, Dell, HTC, Huawei, Lenovo, LG, Motorola, Nokia, Samsung, Sony, and Xiaomi.",strategic partnership,none,positive,outcome,1
1077,"Erajaya Group entered into strategic partnership with 14 well-known global brands, including Acer, Apple, Asus, BlackBerry, Dell, HTC, Huawei, Lenovo, LG, Motorola, Nokia, Samsung, Sony, and Xiaomi.",strategic partnerships,,positive,outcome,1
1078,Erajaya Group entered into strategic partnership with mobile network operators to distribute their products,mobile network operators,e,positive,outcome,1
1079,Erajaya Group has 80 points of distribution allowing the Group to reach more areas and resellers in Indonesia,distribution points,none,positive,outcome,1
1080,Erajaya Group has 80 points of distribution allowing the Group to reach more areas and resellers in Indonesia.,distribution network,none,positive,outcome,2
1081,Erajaya Group has 89 distribution points and 67 retail outlets across Indonesia.,employment generation,e,positive,outcome,1
1082,Erajaya Group has a strong commitment to environmental sustainability,environmental sustainability,e,positive,commitment,1
1083,Erajaya Group has a vision to provide mobile products and solutions to improve the quality and lifestyle,vision,s,positive,commitment,1
1084,"Erajaya Group has also formed a joint venture with Alphabright Distribution Pte. Ltd. Singapore, named Era International Network Pte. Ltd., which the Company has a 70% stake in the formation of the company.",joint venture,e,neutral,outcome,3
1085,"Erajaya Group has also formed a joint venture with Alphabright Distribution Pte. Ltd. Singapore, named Era International Network Pte. Ltd., which the Company has a 70% stake in the formation of the company.",joint ventures,none,neutral,outcome,1
1086,"Erajaya Group has also formed a joint venture with Alphabright Distribution Pte. Ltd. Singapore, named Era International Network Pte. Ltd., which the Company has a 70% stake in the formation of the company.",strategic partnership,,positive,outcome,1
1087,"Erajaya Group has corporate core values of integrity, dynamic and innovative, respect others, customer oriented, and learning without limits",corporate core values,e-s-g,positive,commitment,1
1088,"Erajaya Group has established strategic partnerships with 17 leading global brand, include Acer, Apple, Asus, Blackberry, Dell, HTC, Huawei, Lenovo, LG, Oppo, Motorola, Nokia, Polytron, Samsung, Smartfren, Sony and Xiaomi.",partnerships and collaborations,none,positive,outcome,3
1089,"Erajaya Group has established strategic partnerships with 17 leading global brand, include Acer, Apple, Asus, Blackberry, Dell, HTC, Huawei, Lenovo, LG, Oppo, Motorola, Nokia, Polytron, Samsung, Smartfren, Sony and Xiaomi.",strategic partnerships,,positive,outcome,1
1090,Erajaya Group is Appointed as Distributor for ASUS Products,business partnership,g,positive,outcome,1
1091,Erajaya Group is Appointed as Xiaomi Business Partner,business partnership,g,positive,outcome,2
1092,Erajaya Group is Appointed as Xiaomi Business Partner,partnership,g,positive,outcome,1
1093,Erajaya Group is Appointed as Xiaomi Business Partner,strategic partnership,e-s-g,positive,outcome,1
1094,"Erajaya Group is Appointed as Xiaomi Business Partner Xiaomi has appointed Erajaya Group as its business partner, including PT Erajaya Swasembada Tbk as importer and PT Teletama Artha Mandiri (a subsidiary of the Company) as authorized distributor.",strategic business partnership,e,positive,outcome,1
1095,Erajaya Group is appointed as distributor of ASUS products by ASUS Global Pte. Ltd.,partnership and collaboration,none,positive,outcome,1
1096,Erajaya Group is at leading position in the business of distribution and retail of mobile phone products.,market position,g,positive,outcome,4
1097,Erajaya Group is at the leading company in the field of the distribution and retail of mobile phones,mobile phones,s,positive,outcome,1
1098,Erajaya Group is at the leading company in the field of the distribution and retail of mobile phones.,market leadership in mobile phone distribution,e-s-g,positive,outcome,2
1099,Erajaya Group is at the leading company in the field of the distribution and retail of mobile phones.,market position,s,positive,outcome,1
1100,Erajaya Group is committed to continuously implement Corporate Social Responsibility (CSR) program.,corporate social responsibility,e-s-g,positive,commitment,10
1101,Erajaya Group is committed to continuously implement Corporate Social Responsibility (CSR) program.,corporate social responsibility (csr),none,positive,commitment,1
1102,Erajaya Group is committed to continuously implement Corporate Social Responsibility (CSR) program.,csr commitment,e,positive,commitment,3
1103,Erajaya Group is committed to providing the best service for customer satisfaction.,customer service,none,positive,commitment,1
1104,Erajaya Group is not only focused on individual employee performance but also prioritizing on healthy organization achievement.,employee performance,e-s-g,positive,commitment,3
1105,Erajaya Group is not only focused on individual employee performance but also prioritizing on healthy organization achievement.,employee performance and organizational health,s,positive,commitment,2
1106,Erajaya Group is not only focused on individual employee performance but also prioritizing on healthy organization achievement.,employee well-being,none,positive,commitment,4
1107,Erajaya Group is not only focused on individual employee performance but also prioritizing on healthy organization achievement.,healthy organization,s,positive,commitment,1
1108,Erajaya Group is not only focused on individual employee performance but also prioritizing on healthy organization achievement.,healthy organization achievement,e-s-g,positive,commitment,1
1109,Erajaya Group is not only focused on individual employee performance but also prioritizing on healthy organization achievement.,human resources management,e-s-g,positive,commitment,2
1110,"Erajaya Group is one of the largest and most trusted companies in Indonesia, engaging in an integrated business of distribution and retail of mobile telecommunications devices.",market position,s,positive,outcome,1
1111,Erajaya Group is one of the largest and most trusted company engaging in an integrated business of the distribution and retail of mobile telecommunications equipment.,market position,e-s-g,positive,outcome,1
1112,"Erajaya Group launched Omni Channel, a new service that integrates offline and online cross-channel business that aims to provide convenience and ease of shopping for customers.",customer experience,s,positive,outcome,1
1113,Erajaya Group received 'Asia Pacific Entrepreneurship Award 2015 - Outstanding Category'.,corporate awards,none,positive,outcome,1
1114,"Erajaya Group through one of its subsidiaries, namely PT Data Citra Mandiri (""DCM"") acquired the rights of iBox brand and retail business.",retail business acquisition,e-s-g,neutral,outcome,1
1115,"Erajaya Group's corporate core values include Integrity, Dynamic & Innovative, Respect Others, Customer Oriented, and Learning.",governance,s,positive,commitment,1
1116,"Erajaya Swasembada Tbk PT. through its subsidiary, namely PT Teletama Artha Mandiri (TAM), has officially started the local production of Venera mobile phone (HP) at PT Sat Nusapersada Tbk. in Batam.",local production and manufacturing,e-s,positive,outcome,1
1117,"Erajaya bergerak cepat melanjutkan strategi pertumbuhan yang telah mulai dirintis tahun sebelumnya, dengan fokus pada ekspansi jaringan ritel dari berbagai brand di bawah Erajaya Group.",strategi pertumbuhan,e,positive,action,1
1118,Erajaya committed to expend IoT sector as manifestation of the future.,digital transformation and innovation,e-s-g,positive,commitment,1
1119,Erajaya committed to expend IoT sector as manifestation of the future.,innovation,e-s-g,positive,commitment,3
1120,Erajaya committed to expend IoT sector as manifestation of the future.,innovation and r&d,none,positive,commitment,1
1121,Erajaya committed to expend IoT sector as manifestation of the future.,innovation and technology,none,positive,commitment,1
1122,Erajaya committed to expend IoT sector as manifestation of the future.,innovation and technology development,,positive,commitment,1
1123,Erajaya committed to expend IoT sector as manifestation of the future.,iot expansion,g,positive,commitment,2
1124,Erajaya committed to expend IoT sector as manifestation of the future.,iot sector,none,positive,commitment,1
1125,Erajaya committed to expend IoT sector as manifestation of the future.,technology innovation,none,positive,commitment,1
1126,Erajaya entered into agreement of forming joint venture with PT Indosat Ooredoo.,joint venture,g,neutral,outcome,1
1127,Erajaya entered into agreement of forming joint venture with PT Indosat Ooredoo.,strategic partnership,,positive,outcome,1
1128,"Erajaya has now become more than the largest integrated telecommunication device importer, distributor and retail trading company.",company growth,e,positive,outcome,1
1129,"Erajaya has now become more than the largest integrated telecommunication device importer, distributor and retail trading company.",market leadership in telecommunication,s,positive,outcome,1
1130,"Erajaya has now become more than the largest integrated telecommunication device importer, distributor and retail trading company.",telecommunication device importer,none,positive,outcome,1
1131,"Erajaya terus membangun keunggulan dan meningkatkan daya saing sebagai pemain yang dominan di pasarnya, dan dengan demikian mampu terus melayani permintaan pelanggan, memaksimalkan nilai bagi pemegang saham, dan memastikan momentum pertumbuhan bisnis yang berkelanjutan ke depan.",keunggulan,g,positive,commitment,1
1132,Ernst & Young Entrepreneur of the Year 2012 award,corporate reputation,g,positive,outcome,1
1133,Ernst & Young Entrepreneur of the Year 2012.,awards,s,positive,outcome,1
1134,Ernst & Young Entrepreneur of the Year 2012.,corporate reputation,s,positive,outcome,1
1135,Escalating climate-related natural disasters and global warming trajectories reveal an urgent need for us to build resilience within our operations and across our value chain.,climate change,none,negative,commitment,1
1136,Established Sustainability Committee to strengthen commitment to sustainable activities.,corporate governance,e,positive,outcome,1
1137,Established the first Starbucks Greener Store located in Indonesia.,sustainable operations,e,positive,outcome,1
1138,"Estimasi Emisi Cakupan 1+2 Estimated Scope 1+2 Emissions Ton CO₂eq ● 14.476,47 14.735,95 14.751,50",greenhouse gas emissions,e,neutral,outcome,1
1139,"Estimasi Emisi Cakupan 1+2 menurun menjadi 14.476,47 Ton CO₂eq (2023)",emissions reduction,e,positive,outcome,1
1140,"Estimated Emission Reduction: 5,750 kgCO₂/tahun from solar power plant implementation.",emissions reduction,e-s-g,positive,outcome,1
1141,"Estimated Scope 1 Emissions Ton CO₂eq ● 638,12",scope 1 emissions,e-s-g,neutral,outcome,1
1142,Estimated Scope 1 Emissions: 638.12 Ton CO₂eq,scope 1 emissions,,neutral,outcome,1
1143,"Estimated Scope 1+2 Emissions Ton CO₂eq ● 14.476,47",scope 1+2 emissions,none,neutral,outcome,1
1144,"Estimated Scope 2 Emissions Ton CO₂eq ● 13.838,35",scope 2 emissions,g,neutral,outcome,1
1145,"Estimated Scope 2 Emissions: 13,838.35 Ton CO₂eq",scope 2 emissions,e,neutral,outcome,1
1146,Every division within the Company bears the responsibility for implementing sustainable business practices and adhering to sustainability principles.,sustainable business practices,none,positive,commitment,2
1147,Excellence – We never stop learning and improving,continuous improvement,s,positive,commitment,1
1148,"Externally, we encounter formidable global challenges.",external challenges,,negative,none,2
1149,"Externally, we encounter formidable global challenges.",global challenges,s,negative,none,1
1150,"FTSE4Good SCM meraih skor FTSE4Good* 3,7/5, naik dari tahun sebelumnya yaitu sebesar 2,5/5",esg performance recognition,s,positive,outcome,1
1151,Facilitating Employees with Training,employee training,e-s-g,positive,action,2
1152,Female representation in management positions: 43.7% at Manager level and 37.5% at Head/General Manager level.,gender diversity,e-s-g,positive,outcome,1
1153,Financial data and employee profiles are aggregated across Indofood and its subsidiaries.,data aggregation,none,neutral,outcome,1
1154,First mining company in Indonesia using Filter Press (dry tailing) technology.,waste management,none,positive,outcome,1
1155,First mining company in Indonesia using Filter Press technology for dry tailing management (80% solid),waste management,none,positive,outcome,1
1156,"Focus on supporting each subsidiary in creating new facilities and programs, including promoting content outside Indonesia.",business expansion,e,positive,action,1
1157,"Focus on supporting each subsidiary in creating new facilities and programs, including promoting content outside Indonesia.",content promotion,e,positive,action,1
1158,"Focus on the free-to-air (FTA) television industry; content production and digital media initiatives, including over-the-top (OTT), online, and out-of-home (OOH) services; as well as improve the ability to continue to expand the media business.",business expansion,e,positive,action,1
1159,"Focus on the free-to-air (FTA) television industry; content production and digital media initiatives, including over-the-top (OTT), online, and out-of-home (OOH) services; as well as improve the ability to continue to expand the media business.",business strategy,,positive,commitment,1
1160,"Focusing on the quality of our products through Research and Development (R&D) and production technology, we have become one of the two largest producers of poultry in Indonesia.",product quality,s,positive,outcome,2
1161,"Focusing on the quality of our products through Research and Development (R&D) and production technology, we have become one of the two largest producers of poultry in Indonesia.",research and development,e,positive,outcome,1
1162,Fokus kami tidak hanya sekedar keuntungan jangka pendek namun juga prospek bisnis jangka panjang yang selaras dengan keberlanjutan.,long-term business prospects,e,positive,commitment,1
1163,Fokus kami tidak hanya sekedar keuntungan jangka pendek namun juga prospek bisnis jangka panjang yang selaras dengan keberlanjutan.,long-term sustainability strategy,s,positive,commitment,1
1164,Fokus keberlanjutan Jasa Marga untuk membangun operasi dan bisnis yang berkelanjutan diwujudkan melalui kemampuan daya saing.,business model resilience,e,positive,commitment,1
1165,Fokus keberlanjutan Jasa Marga untuk membangun operasi dan bisnis yang berkelanjutan diwujudkan melalui kemampuan daya saing.,keberlanjutan operasi,none,positive,commitment,1
1166,"Fokus mendukung setiap anak perseroan dalam menciptakan fasilitas dan program-program barunya, termasuk mempromosikan konten ke luar Indonesia.",business growth,e,positive,action,1
1167,"Fokus mendukung setiap anak perseroan dalam menciptakan fasilitas dan program-program barunya, termasuk mempromosikan konten ke luar Indonesia.",content promotion,e,positive,action,1
1168,"Food Safety Policy, Quality Pledge, and Halal Commitment Ensures food operations, product safety, quality, Halal, and nutrition levels adhere to national regulations and relevant international standards Kebijakan Keamanan Pangan, Maklumat Mutu dan Komitmen Halal Memastikan kegiatan operasional produksi pangan, keamanan produk, mutu, Halal dan nilai gizi mematuhi peraturan nasional dan standar internasional yang relevan",food safety and halal compliance,e,positive,commitment,1
1169,"For 2016 period, the partnerships included added-value after sales service feature by providing additional protection (insurance), financing facility and selling application voucher for smartphone platform.",value-added services,g,positive,outcome,1
1170,For 2024 we plan to open around 100 new stores and to close around 160.,store expansion plans,e-s-g,positive,commitment,1
1171,For 2024 we plan to open around 100 new stores and to close around 160.,store opening and closure plan,e-s-g,positive,commitment,1
1172,For 2024 we plan to open around 100 new stores and to close around 160.,store portfolio strategy,e-s-g,positive,commitment,1
1173,For Better – We do what matters.,corporate purpose,e-s-g,positive,commitment,1
1174,"For example, we continued to increase the percentage of recycled or sustainably sourced materials in the collections, reaching a level of 85 percent in 2023.",recycled and sustainably sourced materials,e,positive,outcome,1
1175,"For example, we continued to increase the percentage of recycled or sustainably sourced materials in the collections, reaching a level of 85 percent in 2023.",sustainable materials,s,positive,outcome,1
1176,"For human resource development, we included 283 employees in the training program with a total of 757.5 training hours.",employee training and development,e-s-g,positive,outcome,1
1177,"For our shopping bags, almost 100% was either paper or spun bonded bags.",eco-friendly shopping bags,,positive,outcome,1
1178,"For our shopping bags, almost 100% was either paper or spun bonded bags.",plastic reduction,e-s,positive,outcome,1
1179,"For our shopping bags, almost 100% was either paper or spun bonded bags.",sustainable packaging,g,positive,outcome,4
1180,"For our shopping bags, almost 100% was either paper or spun bonded bags.",sustainable packaging adoption,g,positive,outcome,1
1181,"For teams that have to keep working in offices, studios or technical facilities, we adopt strict health protocols.",occupational health and safety,e,positive,action,1
1182,For the last three years KPMG have used the World Economy Forum's (WEF) Stakeholder Capitalism Reporting framework to structure our Sustainability Report.,reporting framework,none,neutral,outcome,1
1183,"For the second year in a row, GoTo has submitted to CDP (originally the ""Carbon Disclosure Project"") and is committed to this annual practice.",cdp disclosure,e,positive,outcome,1
1184,"For the second year in a row, GoTo has submitted to CDP (originally the 'Carbon Disclosure Project') and is committed to this annual practice.",carbon disclosure,e-s-g,positive,outcome,1
1185,"For the second year in a row, GoTo has submitted to CDP (originally the 'Carbon Disclosure Project') and is committed to this annual practice.",climate disclosure (cdp),s,positive,outcome,1
1186,"For the second year in a row, GoTo has submitted to CDP and is committed to this annual practice.",cdp disclosure,e,positive,outcome,2
1187,For the twelfth year in a row H&M Group has been included in the Dow Jones Sustainability World Index and the Dow Jones Sustainability Europe Index.,sustainability ratings,e,positive,outcome,1
1188,For the twelfth year in a row H&M Group has been included in the Dow Jones Sustainability World Index and the Dow Jones Sustainability Europe Index.,sustainability recognition,s,positive,outcome,1
1189,Forbes ranked H&M Group seventh out of 400 in their top companies for women.,gender equality ranking,s,positive,outcome,1
1190,Forbes ranked H&M Group seventh out of 400 in their top companies for women.,gender equality recognition,e,positive,outcome,1
1191,Forbes ranked H&M Group seventh out of 400 in their top companies for women.,gender equity recognition,e-s-g,positive,outcome,1
1192,"Format Laporan Keberlanjutan PT Jasa Marga (Persero) Tbk, selanjutnya disebut 'Perseroan', 'JSMR', atau 'Kami', tahun buku 2023 mengacu kepada Surat Edaran Otoritas Jasa Keuangan ('OJK') No. 16/SEOJK.04/2021 tentang Bentuk dan Isi Laporan Tahunan Emiten atau Perusahaan Publik, di mana hal ini dilakukan untuk memenuhi kepatuhan atas regulasi di Indonesia.",regulatory compliance,,positive,outcome,1
1193,Formation of BRMS Sustainability Reporting Team,sustainability reporting,none,positive,outcome,1
1194,Formation of BRMS Sustainability Reporting Team,sustainability reporting team,e,positive,outcome,1
1195,"Formation of a new protein line through the acquisition of a cattle fattening company, PT Santosa Agrinda.",business expansion,none,positive,outcome,1
1196,Fostering Harmonious Industrial Relations,industrial relations,e,positive,outcome,2
1197,Frequency Rate 0,safety performance,s,positive,outcome,1
1198,"From responsible land management and emissions reduction, to local community empowerment and human rights due diligence—we advanced our efforts to create long-term value for all stakeholders.",community empowerment,g,positive,outcome,2
1199,"From responsible land management and emissions reduction, to local community empowerment and human rights due diligence—we advanced our efforts to create long-term value for all stakeholders.",emissions reduction,s,positive,outcome,2
1200,"From responsible land management and emissions reduction, to local community empowerment and human rights due diligence—we advanced our efforts to create long-term value for all stakeholders.",human rights due diligence,e,positive,outcome,2
1201,"From responsible land management and emissions reduction, to local community empowerment and human rights due diligence—we advanced our efforts to create long-term value for all stakeholders.",land management,e-s-g,positive,action,1
1202,"From responsible land management and emissions reduction, to local community empowerment and human rights due diligence—we advanced our efforts to create long-term value for all stakeholders.",pengelolaan lahan,none,positive,commitment,1
1203,"From responsible land management and emissions reduction, to local community empowerment and human rights due diligence—we advanced our efforts to create long-term value for all stakeholders.",responsible land management,,positive,commitment,1
1204,"From responsible land management and emissions reduction, to local community empowerment and human rights due diligence—we advanced our efforts to create long-term value for all stakeholders.",responsible land management and emissions reduction,e-s-g,positive,commitment,2
1205,"From responsible land management and emissions reduction, to local community empowerment and human rights due diligence—we advanced our efforts to create long-term value for all stakeholders.","responsible land management, emissions reduction, community empowerment, human rights",s,positive,commitment,2
1206,"From responsible land management and emissions reduction, to local community empowerment and human rights due diligence—we advanced our efforts to create long-term value for all stakeholders.",stakeholder value creation,none,negative,outcome,1
1207,"From responsible land management and emissions reduction, to local community empowerment and human rights due diligence—we advanced our efforts to create long-term value.",land management & emissions,g,negative,outcome,1
1208,"Fundamentally, MAP recorded a positive performance. Total net revenue in 2023 was recorded IDR33.3 trillion, an increase of 23.7% from Rp26.9 trillion in 2022.",financial performance improvement,none,negative,outcome,1
1209,"Fundamentally, MAP recorded a positive performance. Total net revenue in 2023 was recorded IDR33.3 trillion, an increase of 23.7% from Rp26.9 trillion in 2022.",net revenue,,positive,commitment,1
1210,"Furniture, IT, and supplies from office closures were responsibly disposed of and donated to organizations in our local communities.",responsible asset disposal,e,positive,commitment,1
1211,"Furniture, IT, and supplies from office closures were responsibly disposed of and donated to organizations in our local communities.",responsible disposal,s,positive,commitment,1
1212,"Furniture, IT, and supplies from office closures were responsibly disposed of and donated to organizations in our local communities.",responsible disposal of assets,e-s-g,positive,action,1
1213,"Furniture, IT, and supplies from office closures were responsibly disposed of and donated to organizations in our local communities.",responsible disposal of office assets,none,positive,action,1
1214,"Furniture, IT, and supplies from office closures were responsibly disposed of and donated to organizations in our local communities.",waste management,none,positive,commitment,1
1215,"Furthermore, during 2022 the Company did not face any sanctions related to good corporate governance.",corporate governance,s,positive,commitment,1
1216,"Furthermore, several programs aimed to support community health and welfare such as coaching clinics, F&B donations, and various collaborative initiatives.",community health,s,positive,outcome,2
1217,"Furthermore, the Company views sustainability as a journey that needs to be continuously improved, we endeavor to apply better policies and practices over time.",sustainability improvement,none,positive,commitment,1
1218,"Furthermore, the Company views sustainability as a journey that needs to be continuously improved, we endeavor to apply better policies and practices over time.",sustainability journey,,positive,commitment,1
1219,"Furthermore, the Management has also noted the impact of the digitalization trend in bringing significant changes in the environment of the retail sector competition.",digitalization trend,e,neutral,outcome,1
1220,"Furthermore, we conducted training for employees, with an average training duration per employee of 18 hours/employee.",employee training,e,positive,outcome,1
1221,"Furthermore, we conducted training for employees, with an average training duration per employee of 18 hours/employee.",employee training provision,e-s-g,positive,outcome,1
1222,"GHG Emission (16,758 Ton CO2 eq in 2022).",ghg emissions,,neutral,outcome,1
1223,"GHG Emission (Ton CO2 eq) | 22,304 | 28,497 | 872,705",emissions reduction,g,positive,outcome,1
1224,"GHG Emission (Ton Co2 eq) | 22.304 | 28.497,05 | 872.705,41",emissions,e-s,neutral,outcome,1
1225,"GHG Emission (Ton Co2 eq) | 22.304 | 28.497,05 | 872.705,41 |",greenhouse gas emissions,none,neutral,outcome,1
1226,"GHG Emission (Ton Co2 eq): 16,758 in 2022 (reduced from 28,497 in 2020)",emissions reduction,g,positive,outcome,1
1227,GHG emissions from energy are compiled from operating units representing 80% of Indofood's total GHG emissions generated.,emissions reporting scope,s,neutral,outcome,1
1228,GHG emissions from energy are compiled from operating units representing 80% of Indofood's total GHG emissions generated.,ghg emissions reporting,g,neutral,outcome,1
1229,"GHG emissions from energy sector are compiled from 34 out of 34 applicable manufacturing units, with energy consumption equal to or more than 6,000 tons of oil equivalent per year per unit.",emissions reporting,e,neutral,outcome,1
1230,"GHG emissions from waste are compiled from 27 out of 27 palm oil mills (""POMs"") in the Agribusiness Group.",waste management,e,neutral,outcome,1
1231,"GHG emissions from waste sector are compiled from 18 palm oil mills [...] that have received Indonesian Sustainable Palm Oil (""ISPO"") certification.",ghg emissions,e,positive,outcome,1
1232,"GLVA berupaya menghasilkan pemimpin-pemimpin yang andal, yang diyakini akan memperkuat pilar-pilar pengelolaan usaha pada berbagai aspek operasional dan unit usaha.",leadership development,s,positive,commitment,2
1233,GREENER NUSANTARA PROGRAM,environmental program,e-s-g,positive,action,1
1234,GRI 304-3: Habitats protected or restored,biodiversity protection,e,positive,outcome,1
1235,GRI 401-2: Benefits provided to full-time employees that are not provided to temporary or part-time employees,employee benefits,e,neutral,outcome,1
1236,GRI 401-2: Pengembangan yang diberikan kepada karyawan purnawaktu yang tidak diberikan kepada karyawan Benefits provided to full-time employees that are not provided to temporary or part-time employees,employee benefits,s,neutral,outcome,1
1237,GRI 404-2: Programs for upgrading employee skills and transition assistance programs,employee development,none,positive,action,1
1238,GRI 405-2: Rasio gaji pokok dan remunerasi perempuan terhadap laki-laki Ratio of basic salary and remuneration of women to men,gender pay equity,none,positive,outcome,1
1239,GRI 405-2: Ratio of basic salary and remuneration of women to men,gender pay equity,none,positive,outcome,1
1240,General Meeting of Shareholders,corporate governance,none,neutral,outcome,1
1241,Get Active Challenge (TikTok Challenge).,community engagement,none,positive,action,2
1242,"GoTo is a proud portfolio company of Francisco Partners, a signatory of the UN's Principles for Responsible Investment (PRI), whose members incorporate ESG into investment decisions, and report yearly on their activities.",responsible investment,none,positive,outcome,1
1243,"GoTo is a proud portfolio company of Francisco Partners, a signatory of the UN's Principles for Responsible Investment (PRI), whose members incorporate ESG into investment decisions, and report yearly on their activities.",un principles for responsible investment,e,positive,outcome,1
1244,"GoTo is a proud portfolio company of Francisco Partners, a signatory of the UN's Principles for Responsible Investment (PRI).",responsible investment,g,positive,outcome,1
1245,GoTo is also exploring setting science-based targets as the next step in strengthening our commitment to decarbonization.,science-based targets and sustainability initiatives,none,positive,commitment,4
1246,GoTo obtained Data Privacy Framework (DPF) certification in 2023.,data privacy,e-s-g,positive,outcome,1
1247,GoTo provides opportunities for GoGetters to book on-demand meetings and collaboration spaces with our corporate partner IWG.,flexible work infrastructure,s,positive,action,1
1248,GoTo's strategy is aligned with standards set by the Sustainability Accounting Standards Board (SASB) Software and IT Services Standards and the United Nations 17 Sustainable Development Goals (SDGs).,esg standards,,positive,outcome,1
1249,GoTo's strategy is aligned with standards set by the Sustainability Accounting Standards Board (SASB) Software and IT Services Standards and the United Nations 17 Sustainable Development Goals (SDGs).,esg standards alignment,,positive,outcome,1
1250,GoTo's strategy is aligned with standards set by the Sustainability Accounting Standards Board (SASB) Software and IT Services Standards and the United Nations 17 Sustainable Development Goals (SDGs).,framework alignment (sasb/sdg),e-s-g,positive,outcome,1
1251,Gold Production (Kg) | 139 | 73 | --,economic performance,s,neutral,outcome,1
1252,Gold Production (Kg) | 139 | 73 | --,production output,none,neutral,outcome,1
1253,Gold Production (Kg) | 139 | 73 | -- |,production output,e,neutral,outcome,1
1254,"Gold predicate for Gempol-Pandaan toll road section (February 11, 2023-February 11, 2025)",environmental certification,e,positive,outcome,1
1255,"Gold predicate for Ngurah Rai-Nusa Dua-Benoa toll road section of PT Jasamarga Bali Tol (October 6, 2022-October 6, 2024)",environmental certification,g,positive,outcome,1
1256,"Gold predicate for Pandaan-Malang toll road section (February 11, 2023-February 11, 2025)",environmental certification,none,positive,outcome,1
1257,Good Corporate Governance 9,corporate governance,e,positive,outcome,1
1258,Good Corporate Governance 93,corporate governance,e-s-g,positive,outcome,1
1259,"Good GCG implementation will help us to foster trust and accountability among all stakeholders, enabling us to perform efficiently.",stakeholder trust,e-s-g,positive,commitment,1
1260,"Good GCG implementation will help us to foster trust and accountability among all stakeholders, enabling us to perform efficiently.",trust and accountability,none,positive,commitment,1
1261,Good Governance as The Key to Success Company Business Sustainability,governance,e-s-g,positive,commitment,2
1262,"Good relationships with stakeholders, such as the principals, customers, employees, shareholders, the communities, and mall management have helped the Company to be able to develop its business in a sustainable manner.",community engagement,e-s,positive,outcome,6
1263,"Good relationships with stakeholders, such as the principals, customers, employees, shareholders, the communities, and mall management have helped the Company to be able to develop its business in a sustainable manner.",stakeholder relations,e-s-g,positive,outcome,1
1264,"Good relationships with stakeholders, such as the principals, customers, employees, shareholders, the communities, and mall management have helped the Company to be able to develop its business in a sustainable manner.",stakeholder relationship management,e,positive,outcome,1
1265,"Good relationships with stakeholders, such as the principals, customers, employees, shareholders, the communities, and mall management have helped the Company to be able to develop its business in a sustainable manner.",stakeholder relationships,e,positive,outcome,1
1266,Good relationships with stakeholders... have helped the Company to be able to develop its business in a sustainable manner.,stakeholder relationships,e-s-g,positive,outcome,1
1267,Gorontalo Minerals Reserves 105.4 Million Tons of Zinc Ore and Lead Tin,mineral reserves,s,neutral,outcome,1
1268,Green Alliance LOI merupakan bentuk komitmen akan terus secara aktif mendorong penjualan produk EV LiuGong yang ramah lingkungan.,climate action,e,positive,commitment,1
1269,Green Alliance LOI merupakan bentuk komitmen akan terus secara aktif mendorong penjualan produk EV LiuGong yang ramah lingkungan.,electric vehicle promotion and environmental sustainability,e-s-g,positive,commitment,1
1270,Green Alliance LOI merupakan bentuk komitmen akan terus secara aktif mendorong penjualan produk EV LiuGong yang ramah lingkungan.,environmental commitment,,positive,commitment,1
1271,Green Alliance LOI merupakan bentuk komitmen akan terus secara aktif mendorong penjualan produk EV LiuGong yang ramah lingkungan.,green alliance loi - ev product promotion,s,positive,commitment,1
1272,Green Alliance LOI merupakan bentuk komitmen akan terus secara aktif mendorong penjualan produk EV LiuGong yang ramah lingkungan.,promotion of environmentally friendly electric vehicle products,e-s,positive,commitment,1
1273,Greener Nusantara Program replaced 29.7M plastic straws with paper alternatives,waste reduction,e-s-g,positive,outcome,1
1274,Greener Nusantara Program used 22.6 million paper straws and 23.5 million rPET glasses in 2021.,sustainable packaging,none,positive,outcome,1
1275,"Greener Nusantara Program: Use of paper straws, wooden stirrers, glass bottles, recycled PET glass, tissues from recycled materials",sustainable materials,s,positive,outcome,1
1276,Greener Nusantara program replaced 29.7M plastic straws and 1.3M plastic bottles with sustainable alternatives,waste reduction,e,positive,outcome,1
1277,Grup SCMA mendirikan Yayasan Pundi Amal Peduli Kasih (YPP) untuk pelaksanaan program CSR.,community investment,,positive,outcome,1
1278,Grup SCMA mendirikan Yayasan Pundi Amal Peduli Kasih (YPP) untuk pelaksanaan program CSR.,csr foundation establishment,none,positive,outcome,1
1279,Grup SCMA mendirikan Yayasan Pundi Amal Peduli Kasih (YPP) untuk pelaksanaan program CSR.,csr implementation,e-s-g,positive,outcome,1
1280,Grup SCMA mendirikan Yayasan Pundi Amal Peduli Kasih (YPP) untuk pelaksanaan program CSR.,csr implementation structure,e,positive,outcome,1
1281,"Guided by our principles, we strive to continuously enhance our sustainability performance and create a positive impact on the environment and society.",sustainability performance,s,positive,commitment,1
1282,"Guided by our principles, we strive to continuously enhance our sustainability performance and create a positive impact on the environment and society.",sustainability performance enhancement,s,positive,commitment,2
1283,"Guided by our principles, we strive to continuously enhance our sustainability performance and create a positive impact on the environment and society.",sustainability performance improvement,e,positive,commitment,1
1284,"Guna mendukung penjualan beragam produk tersebut, Perseroan pun membangun jaringan omni-channel di seluruh wilayah Indonesia.",omni-channel network,e-s,positive,outcome,2
1285,"Guna mendukung penjualan beragam produk tersebut, Perseroan pun membangun jaringan omni-channel di seluruh wilayah Indonesia.",omni-channel strategy,e,positive,outcome,1
1286,"Guna mendukung penjualan beragam produk tersebut, Perseroan pun membangun jaringan omni-channel di seluruh wilayah Indonesia.",omnichannel strategy,,positive,outcome,1
1287,H&M Group achieved a 22 percent reduction in scope 3 emissions from a 2019 baseline.,scope 3 emissions reduction,s,positive,outcome,2
1288,H&M Group has been included in the Dow Jones Sustainability World Index and the Dow Jones Sustainability Europe Index.,sustainability index inclusion,s,positive,outcome,1
1289,"H&M Group ranked first in the Stand.earth Fossil Free Fashion Scorecard 2023, an analysis of 43 fashion brands.",environmental ranking,e,positive,outcome,1
1290,"H&M Group ranked first in the Stand.earth Fossil Free Fashion Scorecard 2023, an analysis of 43 fashion brands.",fossil-free fashion recognition,e,positive,outcome,1
1291,H&M Group ranked first in the Stand.earth Fossil Free Fashion Scorecard 2023.,environmental leadership,s,positive,outcome,1
1292,"H&M Group ranked sixth out of 250 fashion brands and retailers reviewed by Fashion Revolution's 2023 Fashion Transparency Index, with a score of 71 percent.",transparency,e-s-g,positive,outcome,1
1293,"H&M Group ranked sixth out of 250 fashion brands and retailers reviewed by Fashion Revolution's 2023 Fashion Transparency Index, with a score of 71 percent.",transparency in fashion,e-s,positive,outcome,1
1294,"H&M Group ranked sixth out of 250 fashion brands and retailers reviewed by Fashion Revolution's 2023 Fashion Transparency Index, with a score of 71 percent.",transparency ranking,s,positive,outcome,1
1295,"H&M Group scored best-in-class in several areas including human rights, climate strategy, greenhouse gas emissions and materiality analysis.",esg performance,none,positive,outcome,1
1296,"H&M Group scored best-in-class in several areas including human rights, climate strategy, greenhouse gas emissions and materiality analysis.",sustainability performance,e,positive,outcome,2
1297,"H&M Group was identified as one of six overall leaders of 130 participating companies in the 2023 Material Change Index, based on the company's submitted data to the Materials Benchmark programme.",material change leadership,none,positive,outcome,1
1298,H&M Group was identified as one of six overall leaders of 130 participating companies in the 2023 Material Change Index.,material sustainability leadership,e,positive,outcome,1
1299,H&M Group was included in the Dow Jones Sustainability World Index for the 12th year running.,sustainability performance,e,positive,outcome,1
1300,"H&M Group was one of two companies that received a level 4 leading score on all three sections — Business Integration, Circular Economy, and Impact Areas.",circular economy performance,none,positive,outcome,1
1301,HEALTH AND WELL-BEINGS FOR THE COMMUNITY,community health,s,positive,action,1
1302,"HORMAT merupakan bagian integral dari kepercayaan, dan kami menaruh hormat kepada pemangku kepentingan kami serta lingkungan di mana kami beroperasi.",community engagement,g,positive,commitment,1
1303,"Hal ini bertujuan agar generasi mendatang tetap dapat menikmati dan memanfaatkan sumber daya yang ada, serta berkontribusi pada pembangunan berkelanjutan yang diusung oleh Pemerintah Indonesia.",intergenerational equity,e-s-g,positive,commitment,1
1304,"Hal ini bertujuan agar generasi mendatang tetap dapat menikmati dan memanfaatkan sumber daya yang ada, serta berkontribusi pada pembangunan berkelanjutan yang diusung oleh Pemerintah Indonesia.",long-term sustainability,s,positive,commitment,2
1305,"Hal ini didorong oleh Visi kami ""Berkembang Menuju Kesejahteraan Bersama"".",corporate vision,s,positive,commitment,1
1306,"Hal ini juga berdampak pada perolehan laba komprehensif tahun berjalan yang dapat diatribusikan kepada pemilik entitas induk Perseroan yang turun sebesar 66,78% dari Rp869,92 miliar pada tahun 2018 menjadi Rp289,03 miliar pada tahun 2019.",comprehensive income,g,negative,outcome,3
1307,"Hal ini juga berdampak pada perolehan laba komprehensif tahun berjalan yang dapat diatribusikan kepada pemilik entitas induk Perseroan yang turun sebesar 66,78% dari Rp869,92 miliar pada tahun 2018 menjadi Rp289,03 miliar pada tahun 2019.",profit,none,negative,outcome,1
1308,"Hal ini juga berdampak pada perolehan laba komprehensif tahun berjalan yang dapat diatribusikan kepada pemilik entitas induk Perseroan yang turun sebesar 66,78% dari Rp869,92 miliar pada tahun 2018 menjadi Rp289,03 miliar pada tahun 2019.",profit decline,none,negative,outcome,2
1309,Hal ini juga menjadi bentuk tanggung jawab sosial kami dalam menjamin keselamatan dan kesehatan kerja (K3) para karyawan maupun pemangku kepentingan yang lain.,occupational health and safety,e-s-g,positive,commitment,1
1310,"Hal ini juga untuk mendukung salah satu misi Perseroan yaitu ikut mencerdaskan masyarakat Indonesia, dan oleh karena itu Perseroan memandang sangatlah penting untuk memberikan tontonan yang mendidik bagi anak-anak yang akan menjadi akar dalam pertumbuhan Indonesia di masa mendatang.",education and social impact,none,positive,commitment,1
1311,"Hal ini juga untuk mendukung salah satu misi Perseroan yaitu ikut mencerdaskan masyarakat Indonesia, dan oleh karena itu Perseroan memandang sangatlah penting untuk memberikan tontonan yang mendidik bagi anak-anak yang akan menjadi akar dalam pertumbuhan Indonesia di masa mendatang.",educational content for children,none,positive,commitment,1
1312,Hal ini kami lakukan dengan memanfaatkan model bisnis kami yang terindustrialisasi dan terintegrasi secara vertikal untuk meningkatkan ketahanan pangan sekaligus berkontribusi mengatasi masalah malanutrisi di masyarakat.,addressing malnutrition,none,positive,action,1
1313,Hal ini mendorong kami untuk berekspansi pada pertambangan nikel sebagai sumber energi yang dinilai lebih ramah lingkungan.,nickel mining expansion,s,positive,action,1
1314,Hal ini mendorong para pemimpin negara untuk menahan laju perubahan iklim dengan membatasi kenaikan suhu global di bawah 1.5°C dalam Paris Agreement yang telah diratifikasi oleh Pemerintah Indonesia melalui Undang-Undang Nomor 16 Tahun 2016.,climate action,e-s,positive,commitment,1
1315,Hal ini mendorong para pemimpin negara untuk menahan laju perubahan iklim dengan membatasi kenaikan suhu global di bawah 1.5°C dalam Paris Agreement yang telah diratifikasi oleh Pemerintah Indonesia melalui Undang-Undang Nomor 16 Tahun 2016.,paris agreement and climate action,e-s,positive,commitment,1
1316,Hal ini merupakan salah satu pencapaian terbesar dalam perjalanan keberlanjutan kami.,sustainability achievements,s,positive,outcome,1
1317,Hal ini tentunya menciptakan tantangan sekaligus peluang bagi Grup Perseroan untuk memantapkan posisi terdepannya pada platform media digital melalui penyediaan konten lokal berkualitas yang dilahirkan dari kerja sama dengan sineas berbakat dan terkemuka di Indonesia.,konten lokal berkualitas,none,positive,outcome,1
1318,"Hal ini tercermin dalam berbagai inisiatif yang selaras dengan Tujuan Pembangunan Berkelanjutan (TPB), di bawah program Sampoerna untuk Indonesia.",science-based targets and sustainability initiatives,none,positive,outcome,1
1319,"Hal ini tercermin dalam program-program untuk memantau dampak, memitigasi risiko perubahan iklim, serta menerapkan praktik bisnis berkelanjutan.",climate change risk mitigation,e-s-g,positive,action,1
1320,Hal tersebut diwujudkan dengan pemenuhan hak-hak pekerja dan memastikan tidak adanya pekerja paksa atau pekerja anak.,labor standards,e,positive,outcome,1
1321,"Hanya dalam kurun waktu 3 bulan sejak launching, Mentari TV berhasil menduduki posisi ke-7 di antara Free-to-air (""FTA"") TV lain.",success of mentari tv,,positive,outcome,1
1322,"Harnessing years of experience in the industry, we have a wide reach across Indonesia.",geographic operational reach,e-s-g,positive,outcome,1
1323,"Harnessing years of experience in the industry, we have a wide reach across Indonesia.",operational reach,e,positive,outcome,1
1324,"Hasan Aula, CEO Erajaya Group dianugerahi Penghargaan Lifetime Achievement oleh Selular Award 2019.",employee recognition,e-s-g,positive,outcome,1
1325,"Hasan Aula, CEO Erajaya Group dianugerahi Penghargaan Lifetime Achievement oleh Selular Award 2019.",leadership recognition,none,positive,outcome,1
1326,"Hasil ESG Risk Rating yang dilakukan oleh Morningstar Sustainalitycs. Pada level dalam grup industri Infrastruktur Transportasi, hasil ESG Risk Rating ini menempatkan Jasa Marga pada peringkat 44 dari 187 perusahaan; dan secara keseluruhan menempatkan Jasa Marga pada peringkat 945 dari 15,731 perusahaan.",esg risk rating,s,neutral,outcome,1
1327,Hasil ESG Risk Rating yang dilakukan oleh Morningstar Sustainalitycs... menempatkan Jasa Marga pada peringkat 44 dari 187 perusahaan,esg performance,none,positive,outcome,1
1328,"Hasil dari pencapaian ini turut mendorong kontribusi ekonomi yang signifikan, baik bagi perusahaan maupun bagi pembangunan nasional dan daerah.",economic contribution,e-s-g,positive,outcome,4
1329,"Hasil dari pencapaian ini turut mendorong kontribusi ekonomi yang signifikan, baik bagi perusahaan maupun bagi pembangunan nasional dan daerah.",economic contribution to company and national development,e-s,positive,outcome,1
1330,"Hasil dari pencapaian ini turut mendorong kontribusi ekonomi yang signifikan, baik bagi perusahaan maupun bagi pembangunan nasional dan daerah.",kontribusi ekonomi,e-s-g,positive,outcome,1
1331,Hasil kajian SLCA menunjukkan kinerja sosial yang relatif positif,social impact assessment,s,positive,outcome,1
1332,Hasil kajian menjadi basis untuk menentukan fokus program peningkatan kemitraan kami.,partnership improvement,s,positive,outcome,1
1333,Hasil kajian menjadi basis untuk menentukan fokus program peningkatan kemitraan kami.,partnership improvement program,e,positive,outcome,1
1334,Hasil kajian menunjukkan kinerja sosial yang relatif positif.,kinerja sosial,s,positive,outcome,1
1335,"Hasil tersebut telah menjadi dasar dalam pengembangan kerangka finansial berbasis keberlanjutan kami, beserta indikator kinerja utamanya.",sustainability-linked financing framework,e,positive,outcome,1
1336,Health Kit Donation.,community support,none,positive,outcome,2
1337,Health and Well-beings for the Community: Collaborative Program Between MAPA and Sekolah Relawan,community health initiatives,g,positive,action,1
1338,"Hingga akhir periode pelaporan, Perseroan senantiasa selalu patuh terhadap regulasi dan peraturan Perundang-undangan di bidang lingkungan yang berlaku sehingga tidak menerima pengaduan terkait lingkungan hidup.",regulatory compliance,e-s-g,positive,outcome,1
1339,"Hingga akhir periode pelaporan, Perseroan tidak melihat adanya implikasi finansial yang signifikan terkait perubahan iklim.",climate financial impact,e-s-g,neutral,outcome,1
1340,"Hingga akhir periode pelaporan, Perseroan tidak melihat adanya implikasi finansial yang signifikan terkait perubahan iklim.",financial implications of climate change,e,neutral,outcome,1
1341,"Hingga akhir tahun 2019, Perseroan berhasil meresmikan 1.134 gerai di seluruh Indonesia.",business expansion,e-s-g,positive,outcome,1
1342,"Hingga akhir tahun 2019, Perseroan berhasil meresmikan 1.134 gerai di seluruh Indonesia.",business growth,s,positive,outcome,1
1343,"Hingga akhir tahun 2019, Perseroan berhasil meresmikan 1.134 gerai di seluruh Indonesia.",community development,s-g,positive,outcome,1
1344,"Hingga akhir tahun 2019, Perseroan berhasil meresmikan 1.134 gerai di seluruh Indonesia.",expansion,,positive,outcome,1
1345,"Hingga akhir tahun 2019, Perseroan berhasil meresmikan 1.134 gerai di seluruh Indonesia.",retail expansion,none,positive,outcome,3
1346,"Honest, accountable and responsibility.",corporate values,e-s-g,positive,commitment,1
1347,"Honest, accountable and responsibility.",integrity,none,positive,commitment,3
1348,"However, We also enhance our after-sales service commitment to all customers through strategic partnership with various trusted partners.",after-sales service,none,positive,commitment,1
1349,"However, We also enhance our after-sales service commitment to all customers through strategic partnership with various trusted partners.",customer service,e,positive,commitment,1
1350,"However, We also enhance our after-sales service commitment to all customers through strategic partnership with various trusted partners.",customer service and support,none,positive,commitment,1
1351,"However, We also enhance our after-sales service commitment to all customers through strategic partnership with various trusted partners.",customer support,e-s-g,positive,commitment,1
1352,"However, the Company and its subsidiaries are taking initiatives to encourage the use of environmentally friendly products in its business processes, including the utilization of digital technologies to reduce the use of paper in printing documents, as well as our campaign to minimize the use of plastics in daily operational activities.",environmentally friendly product usage,e,positive,action,1
1353,"However, we are always committed to providing support through various forms of initiatives in the context of environmentally friendly products throughout 2023, including encouraging efficient use of paper for printing documents in daily operational activities and promoting the use of non-plastic food/drink containers.",environmentally friendly products,,positive,commitment,1
1354,"However, we must also continue to look for areas of improvement within our own organization and practices.",internal improvement,e,positive,commitment,2
1355,"However, we must also continue to look for areas of improvement within our own organization and practices.",internal sustainability improvements,g,positive,commitment,1
1356,Human Capital Award 2015 - 2nd in Recruitment Strategy & Human Resources Planning,employee development programs,none,positive,outcome,1
1357,"Human Capital Award 2015 - PT Erajaya Swasembada Tbk - 2nd in Recruitment Strategy & Human Resources Planning; Asia Pacific Entrepreneurship Award 2015 - Budiarto Halim, Outstanding Category.",social,none,positive,outcome,1
1358,Human Capital has become a very important aspect for business sustainability.,human capital,none,positive,commitment,1
1359,Human Resources 9,human resources,e,neutral,outcome,1
1360,Hydroponic system using AC condensate water for employee consumption.,water stewardship,none,positive,action,1
1361,"I am excited to share the progress we are making toward our publicly stated Environmental, Social, and Governance (ESG) goals.",esg progress,e-s-g,positive,outcome,1
1362,"I am pleased to present Indofood's fourth annual Sustainability Report for the fiscal year 2024, themed ""Strength in Sustainability: Progress Amid Global Challenges"".",sustainability reporting,e-s,positive,outcome,2
1363,I am pleased to present Indofood's third annual Sustainability report for the fiscal year 2023.,sustainability reporting,s,positive,outcome,3
1364,I am pleased to share with you Indofood's Sustainability Report for the fiscal year 2022.,sustainability reporting,s,positive,outcome,2
1365,"I am proud of the strides we made in driving decarbonization this year, most significantly in achieving over 66% renewable energy usage across our operations.",renewable energy,none,positive,outcome,1
1366,"I am proud of the strides we made in driving decarbonization this year, most significantly in achieving over 66% renewable energy usage across our operations.",renewable energy usage,e-s-g,positive,outcome,7
1367,I am proud of what we have achieved so far and the positive impact we are making.,corporate achievement,,positive,outcome,1
1368,"I believe our commitment and efforts will contribute towards sustainable development, particularly in alleviating hunger by providing affordable, nutritious animal protein staples, as well as preserving the earth through an efficient production system, that aligns with UN Sustainable Development Goals 2.",sustainable development goals,none,positive,commitment,1
1369,I believe there are challenges ahead in balancing the need to alleviate hunger while taking into consideration effects on the climate.,climate change,e,negative,none,1
1370,I believe there are challenges ahead in balancing the need to alleviate hunger while taking into consideration effects on the climate.,climate consideration,e-s-g,negative,none,1
1371,I believe there are challenges ahead in balancing the need to alleviate hunger while taking into consideration effects on the climate.,climate impact,s,negative,none,1
1372,"I feel very proud to be leading H&M Group as its new CEO. It is the commitment, work on continual improvement, passion for fashion and high sustainability ambitions of all our colleagues that makes the company unique.",leadership and sustainability ambitions,none,positive,commitment,1
1373,I thank everyone who has made it possible.,gratitude,e,positive,outcome,1
1374,IDENTIFIKASI RISIKO K3 OSH Risk Identification,risk identification,e-s-g,neutral,action,1
1375,"IDX has established a series of initiatives to realize sustainable finance, which are outlined annually the Sustainable Finance Action Plan (RAKB).",sustainable finance,e,positive,action,1
1376,"IDX has implemented initiatives to realize a series of sustainable financial initiatives, strengthened by IDX joining as part of United Nations Sustainable Stock Exchange initiative.",sustainable finance,none,positive,outcome,1
1377,INTERAKSI DENGAN PEMANGKU KEPENTINGAN Interaction with Stakeholders,interaction with stakeholders,none,neutral,action,1
1378,"ISM is responsible for the preparation of the Report and all information and claims therein, which include established sustainability management targets, performance management, data collection, etc.",reporting accountability,s,neutral,outcome,1
1379,ISO 26000 regarding social responsibility,social responsibility,g,positive,outcome,2
1380,ISO 37001:2016 Anti Bribery Management System certification.,anti-corruption measures,e-s-g,positive,outcome,1
1381,ISO 45001 on OHS,occupational health and safety,e-s,positive,outcome,1
1382,ISO 45001 on OHS,occupational health and safety management,e,positive,outcome,1
1383,Impack aktif melakukan kampanye pengenalan produk.,marketing and product awareness,e-s-g,positive,action,1
1384,Impack aktif melakukan kampanye pengenalan produk.,product marketing,g,positive,action,1
1385,"Impack turut berkolaborasi dengan berbagai pemangku kepentingan seperti developer, arsitek, serta kontraktor yang memprioritaskan dan mempromosikan penggunaan bahan bangunan yang berkelanjutan.",collaboration for sustainable building,none,positive,action,2
1386,"Impack turut berkolaborasi dengan berbagai pemangku kepentingan seperti developer, arsitek, serta kontraktor yang memprioritaskan dan mempromosikan penggunaan bahan bangunan yang berkelanjutan.",collaboration with stakeholders,s,positive,action,1
1387,Implementasi Analog Switch Off (ASO) atau perpindahan dari siaran TV analog ke siaran TV digital merupakan salah satu tantangan yang dihadapi oleh Perseroan.,analog switch off and digital channel launch,none,neutral,outcome,1
1388,Implementasi Sistem Manajemen Keamanan Informasi (ISMS) sesuai Standar IEC 27001:2013 untuk operasi siber dan pengembangan aplikasi.,information security management,none,positive,outcome,1
1389,"Implementasi Sistem Manajemen Keamanan Informasi (ISMS) sesuai Standar IEC 27001:2013, mencakup penyediaan layanan keamanan informasi oleh Security Operation Center (SOC) untuk mengelola ancaman keamanan siber pada sistem perbankan dan operasi siber.",information security management,none,positive,outcome,1
1390,"Implementasi Sistem Manajemen Keamanan Informasi (ISMS) sesuai Standar IEC 27001:2013, mencakup: 1. Penyediaan layanan keamanan informasi oleh Security Operation Center (SOC) untuk mengelola ancaman keamanan siber pada sistem perbankan dan operasi siber. 2. Penyediaan pengembangan aplikasi dan operasi TI terkait dengan Livin' by Mandiri. 3. Penyediaan infrastruktur dan operasional Data Center serta Disaster Recovery Center. 4. Penyediaan pengembangan aplikasi dan operasi TI terkait dengan Kopra by Mandiri.",information security management,e,positive,outcome,1
1391,"Implementasi Sistem Manajemen Keamanan Informasi (ISMS) sesuai Standar IEC 27001:2013, mencakup: Penyediaan layanan keamanan informasi oleh Security Operation Center (SOC) untuk mengelola ancaman keamanan siber pada sistem perbankan dan operasi siber.",information security,e,positive,outcome,1
1392,"Implementasi kinerja keberlanjutan bidang ekonomi, sosial, lingkungan, dan tata kelola merupakan tanggung jawab kolektif dan di bawah pengawasan Direktur Utama.",sustainability implementation,e,positive,outcome,1
1393,"Implementasi prinsip Impack's Circularity, serta melakukan identifikasi dan pengurangan limbah yang dihasilkan dalam proses produksi.",circular economy implementation,s,positive,outcome,1
1394,"Implementasi prinsip Impack's Circularity, serta melakukan identifikasi dan pengurangan limbah yang dihasilkan dalam proses produksi.",waste management,g,positive,outcome,1
1395,"Implementasi prinsip Impack's Circularity, serta melakukan identifikasi dan pengurangan limbah yang dihasilkan dalam proses produksi.",waste management & circularity,e-s-g,positive,outcome,1
1396,Implementasi program lingkungan melalui pengelolaan limbah dan efisiensi energi.,environmental management,e-s,positive,action,1
1397,"Implementation of 3R (Reduce, Reuse, Recycle) for hazardous waste management",waste management,e,positive,action,1
1398,Implementation of GCG Guidelines,corporate governance,e,positive,outcome,1
1399,Implementation of ISO 37001:2016 Anti-Bribery Management System,anti-corruption,e-s-g,positive,outcome,1
1400,Implementation of business respect for human rights in accordance with the UNGPs.,human rights,e,positive,outcome,1
1401,Implementation of solar panel system for hauling road lighting.,renewable energy,s,positive,outcome,1
1402,Implemented solar panel system as power source for hauling road lighting,renewable energy adoption,g,positive,outcome,1
1403,"Implementing circular economy principles through reduce, reuse, recycle.",circular economy,s,positive,action,1
1404,"Implementing principles of inclusivity and equality in the recruitment process, remuneration, as well as training and education of employees.",inclusivity and equality,none,positive,commitment,1
1405,Implementing principles of inclusivity and equality in the recruitment process.,diversity & inclusion,s,positive,commitment,1
1406,Implications Finansial dari Risiko dan Peluang Karena Perubahan Iklim Financial Implications from Risks and Opportunities Due to Climate Change,climate change risk,g,neutral,outcome,1
1407,"Improve progressively, through 2030, global resource efficiency in consumption and production and endeavour to decouple economic growth from environmental degradation, in accordance with the 10-year framework of programmes on sustainable consumption and production, with developed countries taking the lead.",resource efficiency,e,positive,commitment,3
1408,Improving the capabilities of subsidiaries in its ecosystem in order to strengthen go-to-market alliances to optimize existing business opportunities;,subsidiary capability improvement,none,positive,action,1
1409,"In 2014, Erafaya Group has 80 points of distribution allowing the Group to reach more areas and resellers in Indonesia.",distribution network,e,positive,outcome,1
1410,"In 2014, Erajaya Group has 80 points of distribution allowing the Group to reach more areas and resellers in Indonesia.",distribution network,s,positive,outcome,1
1411,"In 2014, Erajaya Group has 80 points of distribution allowing the Group to reach more areas and resellers in Indonesia.",distribution network expansion,e,positive,outcome,3
1412,"In 2015, Erajaya Group has already have 89 distribution points allowing the Group to further reach more areas and resellers in Indonesia.",distribution network,none,positive,outcome,5
1413,"In 2015, Erajaya Group has already have 89 distribution points allowing the Group to further reach more areas and resellers in Indonesia.",distribution network expansion,s,positive,outcome,2
1414,"In 2015, PT Erafone Artha Retailindo (""Erafone""), a subsidiary of Erajaya, along with Amtrust Mobile Solutions Singapore Pte. Ltd. formed a joint venture named PT AmTrust Mobile Solutions Indonesia.",joint venture,none,neutral,action,1
1415,"In 2015, PT Erafone Artha Retailindo (""Erafone""), a subsidiary of Erajaya, along with Amtrust Mobile Solutions Singapore Pte. Ltd. formed a joint venture named PT AmTrust Mobile Solutions Indonesia.",strategic partnership,e,neutral,action,1
1416,"In 2015, to comply with the Trade Minister Regulation No. 38/M-DAG/PER/8/2013 on the Amendment to the Article 8A of the Regulation of the Minister of Trade No. 82/M-DAG/PER/2012 on the Imports of Cell Phones, Handheld Computer, and Tablet Computers, Erajaya Group acquired 5,100 shares or 51% shares of PT Axioo International Indonesia from PT Exa Nusa Persada.",governance,s,neutral,action,1
1417,"In 2018, PT Erajaya Swasembada Tbk (the ""Company"") embarked on a series of programs that included organization restructuring, business process re-engineering as well as diversification in product and services offering as part of its five years transformation plan.",organizational restructuring,s,positive,commitment,1
1418,"In 2018, the Group faced challenges post by the Rupiah volatility with the Rupiah reaching a low of IDR 15.000 to the US Dollar in October 2018 before showing some recovering toward the end of the year.",currency volatility,e,negative,outcome,2
1419,"In 2019, we built wastewater treatment plants in our operational units to improve the quality of water discharged.",wastewater management,e-s,positive,action,1
1420,"In 2019, we built wastewater treatment plants in our operational units to improve the quality of water discharged.",wastewater treatment,g,positive,action,1
1421,"In 2020, we conducted an SLCA study on this partnership programme to evaluate its social performance using a scientific approach.",social performance assessment,e-g,positive,action,1
1422,"In 2021, we celebrated our journey of five decades in providing affordable nutritious proteins for people through sustainable business practices",sustainable business practices,e-s-g,positive,outcome,2
1423,"In 2021, we have approximately 10,000 commercial farmer partners throughout Indonesia.",farmer partnerships,s,positive,outcome,1
1424,"In 2022 the Company conducted buy back of the Company's shares that have been issued and listed on the Indonesia Stock Exchange (IDX) with a maximum amount of Rp300,000,000,000 or a maximum of 3,000,000,000 shares of the Company.",share buyback,e,neutral,action,1
1425,"In 2022, MAPI increased its MSCI ESG Rating from BB to BBB, which is indicative of the success of our sustainability efforts.",esg rating improvement,e,positive,outcome,4
1426,"In 2022, MAPI increased its MSCI ESG Rating from BB to BBB, which is indicative of the success of our sustainability efforts.",msci esg rating,none,positive,outcome,2
1427,"In 2022, the Government of Indonesia publicly announced their commitment to accomplishing Net Zero Emissions (NZE) by 2060 in support of climate change mitigation.",environmental protection,e,positive,commitment,1
1428,In 2023 we continued to see an uncertain world with geopolitical and macroeconomic challenges.,macroeconomic challenges,e-s-g,negative,outcome,1
1429,"In 2023 we updated our global site strategy, including the closure of many of our physical office spaces worldwide*.",office space reduction,s,neutral,action,1
1430,"In 2023 we updated our global site strategy, including the closure of many of our physical office spaces worldwide.",office closures,e,neutral,action,1
1431,"In 2023 we updated our global site strategy, including the closure of many of our physical office spaces worldwide.",office space reduction,none,neutral,action,2
1432,"In 2023 we updated our global site strategy, including the closure of many of our physical office spaces worldwide.",physical footprint reduction,e-s,neutral,action,1
1433,"In 2023, BNI has implemented the framework, target, and roadmap as reference for the Bank in implementing and increasing environmental, social, and governance (ESG) initiatives in the Bank's operations.",esg framework,e-s-g,positive,action,1
1434,"In 2023, BNI has implemented the framework, target, and roadmap as reference for the Bank in implementing and increasing environmental, social, and governance initiatives in the Bank's operations.",esg implementation,e,positive,action,1
1435,"In 2023, BNI successfully recorded a satisfactory performance in sustainability.",sustainability performance,e-s-g,positive,outcome,1
1436,"In 2023, BRMS established Sustainability Policy 1.0 as a crucial step towards integrating sustainable practices into the company's operations.",sustainability policy,g,positive,commitment,2
1437,"In 2023, due to the growing importance of artificial intelligence, we added Responsible Use of AI to the ESG priority areas identified in a 2021 materiality assessment",responsible use of ai,,positive,commitment,1
1438,"In 2023, due to the growing importance of artificial intelligence, we added Responsible Use of AI to the ESG priority areas identified in a 2021 materiality assessment* conducted by Sustainability Roundtable, Inc., a strategic advisory and support service for ESG program assistance.",responsible use of ai,s,positive,commitment,1
1439,"In 2023, due to the growing importance of artificial intelligence, we added Responsible Use of AI to the ESG priority areas identified in a 2021 materiality assessment.",esg materiality assessment,e,positive,commitment,1
1440,"In 2023, due to the growing importance of artificial intelligence, we added Responsible Use of AI to the ESG priority areas identified in a 2021 materiality assessment.",responsible use of ai,s,positive,commitment,2
1441,"In 2023, the Company obtained The Best Place to Work Award from HR Asia.",employee engagement,e,positive,outcome,1
1442,"In 2023, the Company obtained The Best Place to Work Award from HR Asia.",employee satisfaction,e-s-g,positive,outcome,1
1443,"In 2023, the Company obtained The Best Place to Work Award from HR Asia.",workplace award,e,positive,outcome,2
1444,"In 2023, the Company obtained The Best Place to Work Award from HR Asia.",workplace recognition,e-s-g,positive,outcome,4
1445,"In 2023, we added Responsible Use of AI to the ESG priority areas identified in a 2021 materiality assessment conducted by Sustainability Roundtable, Inc.",responsible ai usage,none,positive,commitment,1
1446,"In 2023, we continued our GCG framework by enhancing our dedication to transparent and responsible business conduct.",corporate governance,s,positive,action,1
1447,"In 2023, we continued our GCG framework by enhancing our dedication to transparent and responsible business conduct.",corporate governance framework,s,positive,action,1
1448,"In 2023, we continued our GCG framework by enhancing our dedication to transparent and responsible business conduct.",corporate governance framework enhancement,s,positive,action,1
1449,"In 2023, we continued our GCG framework by enhancing our dedication to transparent and responsible business conduct.",gcg framework enhancement,e-s-g,positive,action,1
1450,"In 2023, we continued our GCG framework by enhancing our dedication to transparent and responsible business conduct.",transparency,s,positive,action,1
1451,"In 2023, we continued our GCG framework by enhancing our dedication to transparent and responsible business conduct.",transparent business conduct,s,positive,action,1
1452,"In 2023, we continued to use our GoTo UN SDG rubric to accurately measure and track our efforts relative to the SDG goals we have prioritized as a company.",sdg alignment,s,positive,action,1
1453,"In 2023, we continued to use our GoTo UN SDG rubric to accurately measure and track our efforts relative to the SDG goals we have prioritized as a company.",sdg measurement and tracking,e-s-g,positive,action,1
1454,"In 2023, we successfully achieved first position in FTA audience share, and also expanded our digital business by adding new revenue streamline from influencer and affiliate marketing businesses.",business expansion and market leadership,none,positive,outcome,1
1455,"In 2023, we successfully achieved first position in FTA audience share, and also expanded our digital business by adding new revenue streamline from influencer and affiliate marketing businesses.",business performance,e,positive,outcome,1
1456,"In 2024, we demonstrated that strong operational performance can go hand-in-hand with sustainability.",kinerja operasional,,positive,outcome,1
1457,"In 2024, we demonstrated that strong operational performance can go hand-in-hand with sustainability.",operational performance aligned with sustainability,g,positive,outcome,1
1458,"In 2024, we demonstrated that strong operational performance can go hand-in-hand with sustainability.",operational performance and sustainability,,positive,outcome,1
1459,"In 2024, we demonstrated that strong operational performance can go hand-in-hand with sustainability.",operational performance and sustainability alignment,e-s-g,positive,outcome,1
1460,"In 2024, we demonstrated that strong operational performance can go hand-in-hand with sustainability.",sustainability and operational performance,e,positive,outcome,2
1461,"In 2024, we demonstrated that strong operational performance can go hand-in-hand with sustainability.",sustainability integration,e,positive,outcome,2
1462,"In 2024, we refreshed our sustainability targets.",sustainability targets,none,positive,commitment,1
1463,"In 2024, we refreshed our sustainability targets. These have been set with 2018 as the base year and we will be measuring our performance against them going forward.",sustainability target setting,g,positive,commitment,1
1464,"In August 2012, Erajaya Group through one of its subsidiaries, namely PT Data Citra Mandiri (""DCM"") acquired the rights of iBox brand and its retail business.",acquisition,none,neutral,action,2
1465,"In August 2012, Erajaya Group through one of its subsidiaries, namely PT Data Citra Mandiri (""DCM"") acquired the rights of iBox brand and its retail business.",strategic acquisition,,neutral,action,1
1466,"In August 2012, Erajaya Group through one of its subsidiaries, namely PT Data Citra Mandiri (""DCM"") acquired the rights of iBox brand and retail business.",strategic acquisition,s,neutral,action,2
1467,"In August 2012, Erajaya Group through one of its subsidiaries, namely PT Data Citra Mandiri (DCM) acquired the rights of iBox brand and its retail business.",acquisition,none,neutral,action,1
1468,"In August 2012, Erajaya Group through one of its subsidiaries, namely PT Data Citra Mandiri (DCM) acquired the rights of iBox brand and retail business.",acquisition,e-s-g,neutral,action,1
1469,"In FY 2019, our net sales were Rp 36.7 trillion, which is an 8.0% increase compared to last year.",economic performance,e,positive,outcome,1
1470,"In FY 2019, our net sales were Rp 36.7 trillion, which is an 8.0% increase compared to last year.",financial performance,e-s-g,positive,outcome,1
1471,"In FY 2019, our net sales were Rp 36.7 trillion, which is an 8.0% increase compared to last year.",sales growth,s,positive,outcome,1
1472,"In FY2023 we emitted a total of 1284 tons of CO2 equivalents across scopes 1, 2, and 3.",carbon emissions,,negative,outcome,1
1473,"In Indonesia, there are 226 operational units, which include 104 manufacturing facilities (from the CBP, Bogasari, and Agribusiness Group), 95 estates managed by the Agribusiness Group, and 27 distribution units.",operational structure,e,neutral,outcome,1
1474,"In March 2021, we launched a 350 million US dollar Sustainability Linked-Bond (SLB) which reinforces our commitment to the environmental sustainability.",sustainability-linked bond,e-s-g,positive,commitment,2
1475,"In March 2021, we launched the first Sustainability-Linked Bond (SLB) in the world within the agri-food industry. The SLB was also the first US Dollar denominated SLB from Southeast Asia",sustainability-linked bond,none,positive,commitment,2
1476,In November 2023 we were able to gradually reopen most of our stores in the country.,operations in ukraine,e,positive,outcome,2
1477,In November 2023 we were able to gradually reopen most of our stores in the country.,store reopening in ukraine,s,positive,outcome,2
1478,In November 2023 we were able to gradually reopen most of our stores in the country.,ukraine store reopening,e,positive,outcome,1
1479,"In September 2012, PT Eralink International, the majority shareholder of Erajaya Group again sold 8.3% of its shares, bringing the total shares released to public as of the end of 2012 amounted to 40.03% thereby reducing the tax incentive of 25% to 20%.",financial activity,e-s,neutral,action,1
1480,"In September 2012, PT Eralink International, the majority shareholder of Erajaya Group again sold 8.3% of its shares, bringing the total shares released to public as of the end of 2012 amounted to 40.03% thereby reducing the tax incentive of 25% to 20%.",shareholder structure change,,neutral,action,1
1481,"In September 2015, 193 countries adopted the 2030 Agenda for Sustainable Development with 17 Goals (hereinafter SDGs) at its core, as a general framework for governments, businesses and civil society to link their actions with global priorities and assess progress.",sdgs adoption,none,positive,commitment,1
1482,In a situation of high inflation where household living costs are rising significantly it has been more important than ever to offer customers the best value for money.,customer value proposition,e-s-g,positive,action,1
1483,In a situation of high inflation where household living costs are rising significantly it has been more important than ever to offer customers the best value for money.,value for money offering,none,positive,action,1
1484,"In accordance with the characteristics of SCMA Group's business which focuses on broadcasting services that provide quality contents, programs or shows, the Company's products and services have minimum environmental impacts.",environmental impact of products and services,g,positive,outcome,1
1485,"In addition to our investments, we provide financial support to projects that contribute to reducing greenhouse gas emissions throughout the value chain.",climate finance,s,positive,action,1
1486,"In addition to our investments, we provide financial support to projects that contribute to reducing greenhouse gas emissions throughout the value chain.",financial support for emission reduction projects,e,positive,action,1
1487,"In addition to services to viewers, we have made various adjustments to working conditions during the pandemic, including the work from home policy.",occupational health and safety,,positive,action,1
1488,"In addition, BNI was recorded as having medium risk with a score of 21.4 according to Sustainalytics' ESG Risk Rating.",esg risk rating,,neutral,outcome,1
1489,"In addition, Erajaya Group also managed to open 114 retail outlets while closing 82 unproductive retail outlets (business joint cooperation). With the net addition of 32 retail outlets.",retail outlet optimization,none,positive,outcome,1
1490,"In addition, a 29 percent reduction in scope 1 and 2 emissions was achieved.",scope 1 and 2 emissions reduction,none,positive,outcome,1
1491,"In addition, the Company encourages energy conservation in its environment.",energy conservation,e-s,positive,action,3
1492,"In addition, the Company encourages energy conservation in its environment.",energy efficiency,e-s-g,positive,action,1
1493,"In addition, the company further procured 43,278,700 shares at Rp19,281,404,800 during September 8 to December 7, 2022.",share procurement,e,neutral,action,1
1494,"In addition, the mapping of the high and low emissions from the economic sectors was carried out as one of the considerations in managing ESG risks from financing activities.",esg risk management,none,neutral,action,1
1495,"In addition, to increase Sustainability application on an ongoing basis, the Company also prepares this report in accordance with GRI Standards, with GRI 1: Foundation 2021, as stated in GRI Content Index at the back of this report.",sustainability reporting,g,positive,action,1
1496,"In addition, to increase Sustainability application on an ongoing basis, the Company also prepares this report in accordance with GRI Standards, with GRI 1: Foundation 2021, as stated in GRI Content Index at the back of this report.",sustainability reporting standards,none,positive,action,1
1497,"In addition, we make sure that all products have obtained the necessary licenses such as Indonesian National Standards (SNI) for all kids' products and distribution licenses from Indonesian Food and Drug Authority (BPOM) for all food and cosmetic products.",product licensing,e,positive,action,2
1498,"In all the markets we operate in, we strive to provide the highest quality products and be one of the lowest cost industrialised producers through the implementation of our growth strategies.",product quality,none,positive,commitment,1
1499,"In all the markets we operate in, we strive to provide the highest quality products and be one of the lowest cost industrialised producers through the implementation of our growth strategies.",product quality and cost efficiency,,positive,commitment,1
1500,"In all the markets we operate in, we strive to provide the highest quality products and be one of the lowest cost industrialised producers through the implementation of our growth strategies.",quality and cost efficiency,e-s,positive,commitment,1
1501,"In collaboration with Google, in July 2012 Erajaya Group introduces AndroidNation, the world's first retail outlet based on Android operating system.",innovation,g,positive,action,1
1502,"In collaboration with Google, in July 2012 Erajaya Group introduces AndroidNation, the world's first retail outlet based on Android operating system.",innovation in retail technology,s,positive,action,1
1503,"In collaboration with Google, in July 2012 Erajaya Group introduces AndroidNation, the world's first retail outlet based on Android operating system.",technology partnership,none,positive,action,2
1504,"In cooperation with Converse and local artists, MAP has made 4 murals using special paint that could absorb air pollution and was equal to planting 700 trees.",air pollution reduction,e,positive,outcome,2
1505,"In cooperation with Converse and local artists, MAP has made 4 murals using special paint that could absorb air pollution and was equal to planting 700 trees.",air pollution reduction initiatives,e-s,positive,outcome,1
1506,"In cooperation with Converse and local artists, MAP has made 4 murals using special paint that could absorb air pollution and was equal to planting 700 trees.",air quality improvement,s,positive,outcome,1
1507,"In cooperation with Converse and local artists, MAP has made 4 murals using special paint that could absorb air pollution and was equal to planting 700 trees.",mural pollution absorption,e,positive,outcome,1
1508,"In cooperation with Google, in July 2012 Erajaya Group introduced AndroidNation, an Android-based retail outlet, the first in the world.",innovation,s,positive,action,2
1509,"In cooperation with Google, in July 2012 Erajaya Group introduced AndroidNation, an Android-based retail outlet, the first in the world.",retail innovation,e-s-g,positive,action,1
1510,"In environmental management, MAP continued our single-use plastic reduction initiatives.",plastic reduction,none,positive,action,4
1511,"In environmental management, MAP continued our single-use plastic reduction initiatives.",single-use plastic reduction,e-s-g,positive,action,1
1512,"In environmental performance, we continued the efforts to control energy consumption, both at the head office, studios and other operational support units.",energy efficiency,none,positive,action,1
1513,"In its daily activity, Erajaya Group engages in the distribution and retail of mobile telecommunication devices such as mobile phones and tablets, subscriber identity module card (SIM Card), mobile network operator voucher top-up, accessories, and gadgets such as computers and other electronic devices.",core business activities,e,neutral,outcome,1
1514,"In light of this, in 2022, BRMS set higher sustainability standards on economic, environmental, social and governance aspects by integrating ESG in all our activities",esg integration,s,positive,commitment,2
1515,"In light of this, in 2022, BRMS set higher sustainability standards on economic, environmental, social and governance aspects by integrating ESG in all our activities;",standar keberlanjutan,g,positive,commitment,1
1516,"In light of this, in 2022, BRMS set higher sustainability standards on economic, environmental, social and governance aspects by integrating ESG in all our activities; implementing business respect for human rights in accordance with the UNGPs; certification of international standards such as ISO 14001 on environmental management; ISO 45001 on OHS; ISO 26000 regarding social responsibility, as well as complying with regulations and laws that apply in Indonesia.",esg integration,g,positive,commitment,1
1517,"In light of this, in 2022, BRMS set higher sustainability standards on economic, environmental, social and governance aspects by integrating ESG in all our activities; implementing business respect for human rights in accordance with the UNGPs; certification of international standards such as ISO 14001 on environmental management; ISO 45001 on OHS; ISO 26000 regarding social responsibility, as well as complying with regulations and laws that apply in Indonesia.",standar keberlanjutan,none,positive,commitment,1
1518,"In line with increasing business activities, Erajaya Group has established strategic partnerships with 17 leading global brand, include Acer, Apple, Asus, Blackberry, Dell, HTC, Huawei, Lenovo, LG, Oppo, Motorola, Nokia, Polytron, Samsung, Smartfren, Sony and Xiaomi.",strategic partnerships,g,positive,action,4
1519,"In line with our commitment to Sustaining Ace Performance, we consistently uphold the highest performance standards to drive productivity and strengthen the retail network across our four verticals: Erajaya Digital, Active Lifestyle, Food & Nourishment, and Beauty & Wellness.",performance standards,,positive,commitment,1
1520,"In line with our commitment to Sustaining Ace Performance, we consistently uphold the highest performance standards to drive productivity and strengthen the retail network across our four verticals: Erajaya Digital, Active Lifestyle, Food & Nourishment, and Beauty & Wellness.",performance standards and productivity,s,positive,commitment,1
1521,"In line with our commitment to Sustaining Ace Performance, we consistently uphold the highest performance standards to drive productivity and strengthen the retail network across our four verticals: Erajaya Digital, Active Lifestyle, Food & Nourishment, and Beauty & Wellness.",sustaining ace performance,s,positive,commitment,1
1522,"In line with the company's vision to become a leading minerals mining company in Asia, we are committed to participating in this global movement by contributing to the realization of these sustainable development goals.",commitment to participating in this global movement by contributing to the realization of these sustainable development goals,none,positive,commitment,1
1523,"In line with the company's vision to become a leading minerals mining company in Asia, we are committed to participating in this global movement by contributing to the realization of these sustainable development goals.",sdgs commitment,e,positive,commitment,1
1524,"In operation and maintenance, various stakeholders are involved in supervision, such as the PUPR Ministry's Toll Road Regulatory Agency and the Ministry of Transportation.",community engagement,e,neutral,outcome,1
1525,"In operation and maintenance, various stakeholders are involved in supervision, such as the PUPR Ministry's Toll Road Regulatory Agency and the Ministry of Transportation.",stakeholder oversight,s,neutral,outcome,2
1526,"In order to maintain it, the Company is committed to preserving the environment and making a positive contribution to the surrounding community.",environmental preservation and community contribution,s,positive,commitment,1
1527,"In order to prevent negative impacts from the Company's decisions and activities, the Company has various policies, monitoring mechanisms and complaint handling mechanisms.",policies and monitoring mechanisms,e-s,positive,action,1
1528,"In order to strengthen the image of Indonet and Edge as a trusted digital infrastructure service provider in Indonesia and symbolize the strong partnership with Digital Edge, the Company has re-designed the old logo and launched the new Indonet and Edge logo.",brand identity,,positive,action,1
1529,"In order to strengthen the image of Indonet and Edge as a trusted digital infrastructure service provider in Indonesia and symbolize the strong partnership with Digital Edge, the Company has re-designed the old logo and launched the new Indonet and Edge logo.",brand management,none,positive,action,1
1530,"In order to support sustainable growth, the Company consolidates the advantages of each portfolio in its ecosystem by encouraging innovation and investment in the latest technology.",innovation and investment in latest technology for sustainable growth,e,positive,commitment,1
1531,"In order to support sustainable growth, the Company consolidates the advantages of each portfolio in its ecosystem by encouraging innovation and investment in the latest technology.",innovation and technology investment,,positive,commitment,1
1532,"In order to support sustainable growth, the Company consolidates the advantages of each portfolio in its ecosystem by encouraging innovation and investment in the latest technology.",sustainable growth support,e,positive,commitment,1
1533,"In order to support the realization of a sustainable media industry, the Company, together with its subsidiaries, has an important role to contribute in providing benefits that can impact its users, without neglecting the Company's goal of achieving quality and sustainable business growth.",sustainable business growth and stakeholder impact,g,positive,commitment,1
1534,"In order to support the realization of a sustainable media industry, the Company, together with its subsidiaries, has an important role to contribute in providing benefits that can impact its users, without neglecting the Company's goal of achieving quality and sustainable business growth.",sustainable business practices,e,positive,commitment,1
1535,"In order to support the realization of a sustainable media industry, the Company, together with its subsidiaries, has an important role to contribute in providing benefits that can impact its users, without neglecting the Company's goal of achieving quality and sustainable business growth.",sustainable media industry support,g,positive,commitment,1
1536,"In our aquaculture segment, we are committed to operating sustainable aquaculture and responsible fisheries",sustainable aquaculture,e-s-g,positive,commitment,1
1537,"In our aquaculture segment, we are committed to operating sustainable aquaculture and responsible fisheries.",sustainable aquaculture,e-s,positive,commitment,4
1538,"In our daily operations, we abide by the principles of sustainability to “Growing Towards Mutual Prosperity” that have been instilled by my father since the establishment of Japfa 50 years ago.",sustainability values,,positive,commitment,1
1539,In our digital store we are constantly testing ways to make the shopping experience even more inspiring.,digital customer experience,none,positive,action,1
1540,In our digital store we are constantly testing ways to make the shopping experience even more inspiring.,digital shopping experience,g,positive,action,1
1541,In our digital store we are constantly testing ways to make the shopping experience even more inspiring.,digital store experience,none,positive,action,1
1542,"In response to these challenges, we have accelerated our efforts to navigate our changing environment to capitalize on emerging opportunities.",adaptation efforts,s,positive,action,1
1543,"In serving the community, we respond to the challenges of climate change by developing various digital platforms.",climate change adaptation,none,positive,action,1
1544,"In spite of these headwinds, we remained focused on maintaining our operational performance and commitment towards sustainability, specifically the United Nations Sustainable Development Goals (UN SDG) 2: Zero Hunger.",sustainable development goals,s,positive,commitment,1
1545,"In terms of environmental management, MAPI has identify the sources and calculate our greenhouse gas (GHG) emissions.",ghg emissions,e-s-g,neutral,action,2
1546,"In terms of environmental management, MAPI has identify the sources and calculate our greenhouse gas (GHG) emissions.",ghg emissions monitoring,,neutral,action,1
1547,"In terms of environmental management, MAPI has identify the sources and calculate our greenhouse gas (GHG) emissions.",greenhouse gas emissions management,s,neutral,action,1
1548,"In terms of social performance, MAP continues to strive for providing a safe and conducive working environment for its employees, exceptional shopping experiences for customers, and positive contributions to the surrounding community.",social performance,e-s-g,positive,action,1
1549,"In terms of social performance, MAP continues to strive for providing a safe and conducive working environment for its employees, exceptional shopping experiences for customers, and positive contributions to the surrounding community.",social performance commitment,g,positive,action,1
1550,"In terms of social performance, MAP continues to strive for providing a safe and conducive working environment for its employees, exceptional shopping experiences for customers, and positive contributions to the surrounding community.",workplace safety,e-s-g,positive,action,1
1551,"In terms of social performance, MAPI provides a safe and conducive workplace for its employees, a great shopping experience to customers, and deliver positive contributions to surrounding communities.",social performance,,positive,action,1
1552,"In the current situation we are taking measures to minimise impact on the company's product availability, freight costs and stock levels.",risk mitigation measures,s,positive,action,1
1553,"In the end of 2017, The company has a total installed capacity of 617 MW.",installed capacity,e,positive,outcome,1
1554,"In the end of 2017, The company has a total installed capacity of 617 MW.",renewable energy capacity,e-s-g,positive,outcome,1
1555,"In the future, MAPI will endeavor to improve its sustainability performance.",sustainability performance,e-s-g,positive,commitment,1
1556,"In this case, the Company utilizes Artificial Intelligence (AI) technology to develop personalized products and services for each market segment and achieve efficiency in business processes.",ai for business efficiency,e,positive,action,1
1557,"In this case, the Company utilizes Artificial Intelligence (AI) technology to develop personalized products and services for each market segment and achieve efficiency in business processes.",ai technology utilization,,positive,action,1
1558,"In this report, we will outline these areas as we move towards full compliance with the EU's Corporate Sustainability Reporting Directive (CSRD).",csrd compliance,s,positive,commitment,2
1559,"In this report, we will outline these areas as we move towards full compliance with the EU's Corporate Sustainability Reporting Directive (CSRD).",regulatory compliance,e,positive,commitment,1
1560,In-person and virtual meeting to disseminate PT Dairi Prima Mineral's Environmental Impact Assessment (AM-DAL) to all stakeholders to support the fulfillment of the widest possible right to information.,stakeholder communication,e-s-g,positive,action,1
1561,Income for the year amounted to Rp1.08 trillion compared to Rp1.12 trillion in the previous year.,profitability,s,neutral,outcome,1
1562,Increase of emission due to additional stores and normal store operation throughout the year.,emissions,g,negative,outcome,1
1563,Increase of emission due to additional stores.,environmental,s,negative,outcome,1
1564,"Increasing its contribution to realize a prosperous society, including through the improvement of educational quality, which is part of the Company's efforts to ensure the availability of a competent workforce in the future;",contribution to societal prosperity,e,positive,commitment,1
1565,"Increasing its contribution to realize a prosperous society, including through the improvement of educational quality, which is part of the Company's efforts to ensure the availability of a competent workforce in the future;",education and workforce development,e-s-g,positive,commitment,1
1566,"Increasing its contribution to realize a prosperous society, including through the improvement of educational quality, which is part of the Company's efforts to ensure the availability of a competent workforce in the future;",educational quality improvement,none,positive,commitment,1
1567,Indeks ini bertujuan untuk mendorong perusahaan-perusahaan mengurangi dampak lingkungan dan mempromosikan investasi yang berkelanjutan.,reducing environmental impact and promoting sustainable investment,none,positive,commitment,1
1568,Independent Assurance Statement: We were engaged PT Indofood Sukses Makmur Tbk ('ISM') to provide assurance in respect to its Sustainability Report 2024.,independent assurance,none,neutral,action,1
1569,Independent Assurance Statement: We were engaged by PT Indofood Sukses Makmur Tbk ('ISM') to provide assurance in respect to its Sustainability Report 2023 ('the Report').,independent assurance scope,none,neutral,action,1
1570,Independent assurance was conducted by PT Moores Rowland Indonesia in accordance with ISAE3000 standards.,report verification,none,neutral,action,1
1571,"Indofood actively contributes to the SDGs, a movement which is intended to guide governments, businesses, and individuals in their response to the urgent economic, environmental, and social challenges that the world faces today.",contribution to sdgs,none,positive,action,1
1572,"Indofood actively contributes to the SDGs, a movement which is intended to guide governments, businesses, and individuals in their response to the urgent economic, environmental, and social challenges that the world faces today.",contribution to sustainable development goals (sdgs),e-s-g,positive,action,1
1573,"Indofood actively contributes to the SDGs, a movement which is intended to guide governments, businesses, and individuals in their response to the urgent economic, environmental, and social challenges that the world faces today.",sdg alignment,none,positive,action,1
1574,"Indofood actively contributes to the SDGs, a movement which is intended to guide governments, businesses, and individuals in their response to the urgent economic, environmental, and social challenges that the world faces today.",sdg contribution,s,positive,action,1
1575,"Indofood actively contributes to the SDGs, a movement which is intended to guide governments, businesses, and individuals in their response to the urgent economic, environmental, and social challenges that the world faces today.",sdgs,none,positive,action,1
1576,"Indofood actively contributes to the SDGs, a movement which is intended to guide governments, businesses, and individuals in their response to the urgent economic, environmental, and social challenges that the world faces today.",sustainability strategy,e,positive,action,1
1577,"Indofood actively contributes to the SDGs, a movement which is intended to guide governments, businesses, and individuals in their response to the urgent economic, environmental, and social challenges that the world faces today.",sustainable development goals (sdgs),none,positive,action,1
1578,"Indofood actively contributes to the SDGs, a movement which is intended to guide governments, businesses, and individuals in their response to the urgent economic, environmental, and social challenges that the world faces today.",sustainable development goals (sdgs) contribution,e,positive,action,1
1579,"Indofood actively contributes to the SDGs, a movement which is intended to guide governments, businesses, and individuals in their response to the urgent economic, environmental, and social challenges that the world faces today.",un sustainable development goals contribution,e-s,positive,action,1
1580,"Indofood and its subsidiaries consist of 251 operational entities in total, with 25 located outside Indonesia.",operational scope,s,neutral,outcome,2
1581,"Indofood and its subsidiaries consist of 252 operating units, of which 26 are located outside Indonesia.",company operations,g,neutral,outcome,1
1582,Indofood appointed PT Moores Rowland Indonesia to verify and assure this report.,independent assurance,e-s-g,neutral,action,1
1583,Indofood appointed PT Moores Rowland Indonesia to verify and assure this report.,report assurance,none,neutral,action,3
1584,Indofood appointed PT Moores Rowland Indonesia to verify and assure this report.,third-party assurance,e-s-g,neutral,action,1
1585,Indofood became a publicly traded company on the Indonesia Stock Exchange in 1994.,corporate governance,g,neutral,outcome,2
1586,"Indofood capitalizes on economies of scale and a resilient business model with four complementary Strategic Business Groups (""Group""), namely: Consumer Branded Products (""CBP""), Bogasari, Agribusiness, and Distribution.",business model,e-s-g,positive,outcome,1
1587,Indofood fully complies with the ISPO standards certification and assists our suppliers in doing the same.,supply chain compliance,g,positive,action,1
1588,"Indofood has progressively transformed into a Total Food Solutions company with operations in all stages of food manufacturing, from the production of raw materials and their processing, to consumer products in the market.",business transformation,none,positive,outcome,1
1589,Indofood has progressively transformed into a Total Food Solutions company with operations in all stages of food manufacturing.,business strategy,s,positive,outcome,1
1590,"Indofood is a Total Food Solutions company with operations in all stages of food manufacturing, from the production of raw materials and their processing, to consumer products in the market.",business model resilience,e,positive,outcome,1
1591,"Indofood is a Total Food Solutions company with operations in all stages of food manufacturing, from the production of raw materials and their processing, to consumer products in the market.",business operations,s,positive,outcome,1
1592,"Indofood is proud to have been listed on the ESG Sector Leaders IDX KEHATI Index launched by the Indonesian Stock Exchange in collaboration with the Indonesian Biodiversity Foundation (""KEHATI Foundation"").",esg index inclusion,e,positive,outcome,1
1593,"Indofood is proud to have been listed on the ESG Sector Leaders IDX KEHATI Index launched by the Indonesian Stock Exchange in collaboration with the Indonesian Biodiversity Foundation (""KEHATI Foundation"").",esg index recognition,g,positive,outcome,2
1594,"Indofood is proud to have been listed on the ESG Sector Leaders IDX KEHATI Index launched by the Indonesian Stock Exchange in collaboration with the Indonesian Biodiversity Foundation (""KEHATI Foundation"").",esg performance,g,positive,outcome,3
1595,"Indofood is proud to have been listed on the ESG Sector Leaders IDX KEHATI Index launched by the Indonesian Stock Exchange in collaboration with the Indonesian Biodiversity Foundation (""KEHATI Foundation"").",esg recognition,s,positive,outcome,2
1596,Indofood is proud to have been listed on the ESG Sector Leaders IDX KEHATI Index launched by the Indonesian Stock Exchange in collaboration with the Indonesian Biodiversity Foundation ('KEHATI Foundation').,esg recognition,e,positive,outcome,1
1597,Indofood is proud to have been listed on the ESG Sector Leaders IDX KEHATI Index launched by the Indonesian Stock Exchange in collaboration with the Indonesian Biodiversity Foundation.,esg recognition,e-s-g,positive,outcome,2
1598,Indofood is proud to have been listed on the ESG Sector Leaders IDX KEHATI Index launched by the Indonesian Stock Exchange.,sustainability recognition,g,positive,outcome,1
1599,Indofood is proud to have been listed on the ESG Sector Leaders IDX KEHATI Index... which includes companies recognized as engaging in sustainable business practices.,sustainability recognition,s,positive,outcome,1
1600,"Indofood reappointed PT Moores Rowland Indonesia, an independent assurance service provider, to verify and assure this report.",assurance,none,neutral,action,2
1601,"Indofood reappointed PT Moores Rowland Indonesia, an independent assurance service provider, to verify and assure this report.",assurance and verification,e,neutral,action,1
1602,"Indofood reappointed PT Moores Rowland Indonesia, an independent assurance service provider, to verify and assure this report.",independent assurance,e,neutral,action,2
1603,Indofood remained focused on its sustainability mission and principles and did not waver despite prolonged global uncertainties.,sustainability commitment,e-s-g,positive,commitment,5
1604,Indofood remained focused on its sustainability mission and principles and did not waver despite prolonged global uncertainties.,sustainability mission,e,positive,commitment,3
1605,Indofood went public and was listed on the Indonesia Stock Exchange in 1994.,corporate governance,none,neutral,outcome,1
1606,Indofood's shareholding structure consists of 50.07% ownership by First Pacific Investment Management Limited and 49.93% public ownership.,ownership structure,e-s-g,neutral,outcome,2
1607,Indonesia Excellence Awards - Mobile Phone Distributor of The Year 2013 from Forst & Sullivan - Frost & Sullivan.,awards,e-s-g,positive,outcome,1
1608,Indonesia Excellence Awards – Mobile Phone Distributor of The Year 2013 from Forst & Sullivan – Frost & Sullivan,corporate reputation,s,positive,outcome,1
1609,Indonesia economic growth achieved 5.17% versus the previous year 5.07%.,economic growth,s,positive,outcome,1
1610,Indonesia is also exposed to risks due to global uncertainties.,exposure to global uncertainties,none,negative,outcome,1
1611,Indonesia yang tengah bersiap menghadapi tahun politik 2024 juga tak luput dari risiko akibat ketidakpastian global.,global uncertainty risks,e,negative,outcome,1
1612,"Indonesia yang tengah bersiap menghadapi tahun politik 2024 juga tak luput dari risiko akibat ketidakpastian global. Dampaknya terlihat juga pada kinerja Perseroan di mana pendapatan tahun ini tercatat sebesar Rp6,51 triliun, atau menurun dibandingkan pencapaian tahun 2022 sebesar Rp7,13 triliun. Demikian dengan perolehan laba usaha Perseroan yang tahun ini tercatat sebesar Rp339,03 miliar, atau menurun dibandingkan Rp1,10 triliun di tahun 2022.",financial performance,e,negative,outcome,2
1613,Indonesia's Statistic Bureau's (BPS) report on several economic growth indicators for the 4th quarter of 2018 shows that domestic demand remained relatively strong due to the increase of both private and government consumption.,domestic demand,e,positive,outcome,1
1614,"Inflasi Indeks Harga Konsumen tetap rendah dan terkendali dalam kisaran sasaran 3,13% dibandingkan 3,61% pada tahun 2017.",inflasi,g,positive,outcome,1
1615,"Inflasi Indeks Harga Konsumen tetap rendah dan terkendali dalam kisaran sasaran 3,13% dibandingkan 3,61% pada tahun 2017.",inflation control,s,positive,outcome,2
1616,"Inflasi Indeks Harga Konsumen tetap rendah dan terkendali dalam kisaran sasaran 3,13% dibandingkan 3,61% pada tahun 2017.",inflation rate,s,positive,outcome,2
1617,Information about Distribution of Food Packages for Covid-19 Task Force,community support,g,positive,action,1
1618,"Information about Distribution of Food Packages for Covid-19 Task Force: 45,000 food packages distributed",crisis response and community support,e,positive,outcome,1
1619,"Inisiatif ini telah menghasilkan pertumbuhan dua digit baik dalam penjualan maupun laba bersih, yang memperkuat fondasi Perseroan untuk profitabilitas yang berkelanjutan.",pertumbuhan bisnis,g,positive,outcome,2
1620,"Inisiatif ini telah menghasilkan pertumbuhan dua digit baik dalam penjualan maupun laba bersih, yang memperkuat fondasi Perseroan untuk profitabilitas yang berkelanjutan.",pertumbuhan dua digit,s,positive,outcome,1
1621,"Inisiatif ini telah menghasilkan pertumbuhan dua digit baik dalam penjualan maupun laba bersih, yang memperkuat fondasi Perseroan untuk profitabilitas yang berkelanjutan.",profitability growth,none,positive,outcome,2
1622,"Inisiatif ini telah menghasilkan pertumbuhan dua digit baik dalam penjualan maupun laba bersih, yang memperkuat fondasi Perseroan untuk profitabilitas yang berkelanjutan.",sales growth and profitability,s,positive,outcome,1
1623,"Inisiatif untuk mewujudkan komitmen tersebut dijalankan di bawah pilar Sustainability Beyond Banking, di mana kami berupaya untuk meningkatkan akses terhadap layanan keuangan kepada masyarakat, khususnya mereka yang termasuk dalam kriteria masyarakat prioritas yang telah ditetapkan oleh pemerintah, memberdayakan UMKM melalui Digiprenewership, serta melaksanakan kajian terkait keberlanjutan untuk mengakselerasi ekonomi rendah karbon di Indonesia.",sustainability beyond banking,none,positive,action,1
1624,Inisiatif untuk mewujudkan operasional yang ramah lingkungan kami wujudkan melalui pilar Sustainable Operation dengan memanfaatkan energi terbarukan dan mendorong penggunaan kendaraan listrik.,environmentally friendly operations through renewable energy and electric vehicles,none,positive,action,1
1625,"Initiated Regional expansion, started with the establishment of new feedmill.",regional expansion,none,positive,action,1
1626,"Initiated by our leaders, driven by our HR department and supported by the IT department, we utilise technology to record, monitor and evaluate our sustainable practices.",sustainability technology,,positive,action,1
1627,"Initiated by our leaders, driven by our HR department and supported by the IT department, we utilise technology to record, monitor and evaluate our sustainable practices.",technology and innovation,e,positive,action,1
1628,"Initiated by our leaders, driven by our HR department and supported by the IT department, we utilise technology to record, monitor and evaluate our sustainable practices.",technology for sustainable practices,s,positive,action,1
1629,"Initiated by our leaders, driven by our HR department and supported by the IT department, we utilise technology to record, monitor and evaluate our sustainable practices.",technology utilization,e,positive,action,1
1630,"Initiated by our people, we identified that our areas of focus are sustainable consumption and production, animal welfare, supporting our farmers and community development.",focus areas,s,positive,commitment,1
1631,"Initiated by our people, we identified that our areas of focus are sustainable consumption and production, animal welfare, supporting our farmers and community development.",sustainability focus areas,none,positive,commitment,1
1632,"Innovations are continuously developed by integrating environmentally friendly technologies, improving energy efficiency, implementing waste management, and land rehabilitation programs that progressive and impactful.",energy efficiency,e-s-g,positive,action,1
1633,"Innovations are continuously developed by integrating environmentally friendly technologies, improving energy efficiency, implementing waste management, and land rehabilitation programs that progressive and impactful.",environmentally friendly technologies,g,positive,action,1
1634,"Innovations are continuously developed by integrating environmentally friendly technologies, improving energy efficiency, implementing waste management, and land rehabilitation programs that progressive and impactful.","environmentally friendly technologies, energy efficiency, waste management, land rehabilitation",s,positive,action,1
1635,"Innovations are continuously developed by integrating environmentally friendly technologies, improving energy efficiency, implementing waste management, and land rehabilitation programs that progressive and impactful.",land rehabilitation,g,positive,action,1
1636,"Innovations are continuously developed by integrating environmentally friendly technologies, improving energy efficiency, implementing waste management, and land rehabilitation programs that progressive and impactful.",waste management,none,positive,action,1
1637,"Inovasi dan perbaikan berkelanjutan terus dilakukan melalui penyediaan layanan yang menyeluruh, dengan opsi-opsis transaksi, serta peningkatan ""Share of Wallet"" dari pelanggan dengan menambah produk dan layanan baru.",innovation and continuous improvement,e-s-g,positive,action,1
1638,"Inovasi dari sistem ini yaitu dengan memanfaatkan air buangan AC internal maupun external disekitar kantor PT CPM yang kemudian tersirkulasi di sistem hidroponik tersebut, sehingga penggunaan air menjadi optimal.",water stewardship,g,positive,action,1
1639,Inovasi kreatif produk berkelanjutan melalui daur naik (upcycle) menggunakan bahan ramah lingkungan yang berasal dari industrial waste dan post-consumer waste dengan tetap menjaga kualitas premium produk.,circular economy,e-s,positive,action,1
1640,Inovasi kreatif produk berkelanjutan melalui daur naik (upcycle) menggunakan bahan ramah lingkungan yang berasal dari industrial waste dan post-consumer waste dengan tetap menjaga kualitas premium produk.,circular economy & sustainable product innovation,g,positive,action,1
1641,Inovasi kreatif produk berkelanjutan melalui daur naik (upcycle) menggunakan bahan ramah lingkungan yang berasal dari industrial waste dan post-consumer waste dengan tetap menjaga kualitas premium produk.,upcycling and waste reduction,g,positive,action,1
1642,Inovasi menjadi kunci utama untuk memenuhi permintaan yang terus berkembang dengan menciptakan solusi-solusi baru yang mengoptimalkan efisiensi dan kinerja.,innovation,none,positive,commitment,1
1643,"Inovasi terus dikembangkan dengan mengintegrasikan teknologi ramah lingkungan, meningkatkan efisiensi energi, menerapkan program pengelolaan limbah, dan rehabilitasi lahan secara progresif dan berdampak nyata.",environmental innovation,e,positive,action,1
1644,"Inovasi terus dikembangkan dengan mengintegrasikan teknologi ramah lingkungan, meningkatkan efisiensi energi, menerapkan program pengelolaan limbah, dan rehabilitasi lahan secara progresif dan berdampak nyata.",environmental innovation and waste management,e,positive,action,1
1645,"Inovasi terus dikembangkan dengan mengintegrasikan teknologi ramah lingkungan, meningkatkan efisiensi energi, menerapkan program pengelolaan limbah, dan rehabilitasi lahan secara progresif dan berdampak nyata.","environmentally friendly technologies, energy efficiency, waste management, land rehabilitation",s,positive,action,1
1646,Installation of Clean Water Tower,clean water access,e,positive,outcome,1
1647,Installation of Solar Panel,renewable energy,,positive,outcome,1
1648,"Installation of Solar Panel at Starbucks Drive Thru Cipondoh with capacity 10,120 Watt peak reducing ~5,760 kg CO₂/year.",renewable energy,e,positive,outcome,1
1649,"Installation of Solar Panel at Starbucks Drive Thru Cipondoh, Tangerang, capacity 10,120 Watt peak, emission reduction around 5,760 kg CO₂/year.",solar panel installation,e-s-g,positive,outcome,1
1650,Installation of the 14th water tower at the Al-Ijtihad Islamic Boarding School,access to clean water initiative,e,positive,outcome,1
1651,"Installation of the 14th water tower at the Al-Ijtihad Islamic Boarding School, Danger Village, East Lombok.",water access,e-s,positive,outcome,1
1652,"Installed 10.12 kWp solar panels at Starbucks Cipondoh reducing emissions by 5,750 kgCO₂/year",renewable energy adoption,e,positive,outcome,1
1653,"Integrity - Honest, accountable and responsibility.",integrity and accountability,e,positive,commitment,1
1654,"Integrity Honest, accountable and responsibility.",business ethics and transparency,s,positive,commitment,1
1655,"Integrity Honest, accountable and responsibility.",corporate ethics,g,positive,commitment,1
1656,"Integrity Honest, accountable and responsibility.",corporate values - integrity,e-s-g,positive,commitment,1
1657,Integrity – We do what is right,ethical conduct,e,positive,commitment,1
1658,"Integrity: Honest, accountable and responsibility",business ethics and transparency,g,positive,commitment,1
1659,"Integrity: Honest, accountable and responsibility.",corporate ethics,e-s-g,positive,commitment,1
1660,"Integrity: Honest, accountable and responsibility.",corporate ethics and values,s,positive,commitment,1
1661,"Integrity: Honest, accountable and responsibility.",corporate values,none,positive,commitment,1
1662,Intensitas Emisi Emission Intensity (Ton CO₂e / Ton),emission intensity,e,neutral,outcome,1
1663,Intensitas Energi Energy Intensity (GJ/Ton),energy intensity,e-s-g,neutral,outcome,1
1664,Interaction with Stakeholders,community engagement,s,positive,action,2
1665,"Internally, we acknowledge the necessity of fostering a deeper comprehension of a sustainable culture among our employees.",employee sustainability culture,s,positive,commitment,1
1666,"Internally, we acknowledge the necessity of fostering a deeper comprehension of a sustainable culture among our employees.",employee sustainability education,none,positive,commitment,1
1667,"Internally, we acknowledge the necessity of fostering a deeper comprehension of a sustainable culture among our employees.",internal sustainability culture,s,positive,commitment,1
1668,Intiland Tower merupakan antitesis dari bangunan berbentuk kotak yang hanya mengandalkan pendingin ruangan yang dibangun di seluruh dunia.,energy efficiency,g,positive,outcome,1
1669,Intiland Tower merupakan antitesis dari bangunan berbentuk kotak yang hanya mengandalkan pendingin ruangan yang dibangun di seluruh dunia.,sustainable architecture,none,positive,outcome,1
1670,"Intiland berinisiatif untuk implementasi dan pemasangan Stasiun Pengisian Mobil Listrik di sejumlah proyek, termasuk South Quarter, Intiland Tower Jakarta, 1Park Avenue, Aeropolis, dan Fifty Seven Promenade.",electric vehicle charging station implementation,e-s-g,positive,action,1
1671,"Intiland berinisiatif untuk implementasi dan pemasangan Stasiun Pengisian Mobil Listrik di sejumlah proyek, termasuk South Quarter, Intiland Tower Jakarta, 1Park Avenue, Aeropolis, dan Fifty Seven Promenade.",electric vehicle infrastructure,e,positive,action,1
1672,"Intiland berinisiatif untuk implementasi dan pemasangan Stasiun Pengisian Mobil Listrik di sejumlah proyek, termasuk South Quarter, Intiland Tower Jakarta, 1Park Avenue, Aeropolis, dan Fifty Seven Promenade.",renewable energy,none,positive,action,1
1673,Intiland berinisiatif untuk implementasi dan pemasangan Stasiun Pengisian Mobil Listrik di sejumlah proyek.,stasiun pengisian mobil listrik,s,positive,action,1
1674,Intiland berinisiatif untuk implementasi dan pemasangan Stasiun Pengisian Mobil Listrik di sejumlah proyek.,sustainable infrastructure,g,positive,action,1
1675,"Intiland berpartisipasi dalam berbagai organisasi termasuk Kamar Dagang dan Industri Indonesia (KADIN), Realestat Indonesia (REI), International Real Estate Federation (FIABCI), Asosiasi Pengusaha Indonesia (Apindo), dan Asosiasi Emiten Indonesia (AEI).",industry association participation,none,positive,action,1
1676,"Intiland dikenal sebagai pengembang properti yang transparan, dapat dipercaya, dan menjadi trendsetter yang berkomitmen terhadap pertumbuhan dan profitabilitas yang berjangka panjang dan berlaku adil dengan semua pemangku kepentingan.",transparency and trust,s,positive,commitment,1
1677,"Intiland dikenal sebagai pengembang properti yang transparan, dapat dipercaya, dan menjadi trendsetter yang berkomitmen terhadap pertumbuhan dan profitabilitas yang berjangka panjang.",corporate governance,e-s-g,positive,commitment,1
1678,"Intiland dikenal sebagai pengembang properti yang transparan, dapat dipercaya, dan menjadi trendsetter yang berkomitmen terhadap pertumbuhan dan profitabilitas yang berkelanjutan dan berjangka panjang yang berlaku adil dengan semua pemangku kepentingan.",corporate governance,none,positive,commitment,1
1679,"Intiland dikenal sebagai pengembang properti yang transparan, dapat dipercaya, dan menjadi trendsetter yang berkomitmen terhadap pertumbuhan dan profitabilitas yang berkelanjutan dan berjangka panjang yang berlaku adil dengan semua pemangku kepentingan.",sustainable and fair business growth commitment,s,positive,commitment,1
1680,Intiland memberi peluang bagi seluruh masyarakat Indonesia untuk menikmati kehidupan yang nyaman.,social impact,e-s-g,positive,action,1
1681,"Intiland mempromosikan hidup yang baik (living well) dalam aspek kesejahteraan dan kesehatan, sebuah fokus yang semakin berkembang dalam beberapa tahun terakhir di kalangan generasi muda.",health and well-being,e-s,positive,action,1
1682,Intiland mempromosikan hidup yang baik (living well) dalam aspek kesejahteraan dan kesehatan.,health and wellbeing,g,positive,commitment,1
1683,Intiland mempromosikan hidup yang baik dalam aspek kesejahteraan dan kesehatan.,kesejahteraan,e,positive,commitment,1
1684,Intiland menjadi salah satu pengembang properti terdepan di Indonesia.,company leadership,s,positive,outcome,1
1685,Intiland menjadi salah satu pengembang properti terdepan di Indonesia.,corporate leadership in real estate development,s,positive,outcome,1
1686,Intiland menjadi salah satu pengembang properti terdepan di Indonesia.,market leadership,s,positive,outcome,1
1687,Intiland menjadi salah satu pengembang properti terdepan di Indonesia.,pengembang properti,s,neutral,neutral,1
1688,"Intiland menjadi salah satu perusahaan pendiri Konsil Bangunan Hijau Indonesia atau Green Building Council Indonesia (GBCI), sebuah organisasi yang mendorong penerapan prinsip bangunan hijau di sektor bangunan.",green building initiative participation,e-s-g,positive,outcome,1
1689,"Intiland menjadi salah satu perusahaan pendiri Konsil Bangunan Hijau Indonesia atau Green Building Council Indonesia (GBCI), sebuah organisasi yang mendorong penerapan prinsip bangunan hijau di sektor bangunan.",industry leadership in sustainability,,positive,outcome,1
1690,Intiland menjadi salah satu perusahaan pendiri Konsil Bangunan Hijau Indonesia atau Green Building Council Indonesia (GBCI).,green building council founding member,e-s-g,positive,outcome,1
1691,"Intiland telah mengembangkan lebih dari 65 proyek, dengan lebih dari 1.981 hektare cadangan lahan dan memiliki 1.288 karyawan.",scale of operations,s,neutral,outcome,1
1692,"Intraco Penta mendapatkan 5 Penghargaan terbaik tingkat global pada acara ini, diantaranya : Outstanding Regional Dealer 2023, Excellence in Service 2023, Excellence in Spare Parts Business 2023, Excellence in Mining Truck Business 2023, Second Prize LiuGong Global Technical Skills Competition 2023.",industry recognition and performance excellence,e,positive,outcome,1
1693,Investasi Untuk Pelestarian Lingkungan,environmental conservation investment,none,positive,action,1
1694,Investasi Untuk Pelestarian Lingkungan Investment in Environmental Conservation,environmental conservation investment,e,positive,action,1
1695,"Investasi dalam bidang riset dan pengembangan untuk menciptakan produk bahan bangunan yang ramah lingkungan dan inovatif, menggunakan material daur ulang.",r&d for eco-friendly products,e-s-g,positive,action,1
1696,"Investasi dalam bidang riset dan pengembangan untuk menciptakan produk bahan bangunan yang ramah lingkungan dan inovatif, menggunakan material daur ulang.",r&d for sustainable materials,,positive,action,1
1697,"Investasi dalam bidang riset dan pengembangan untuk menciptakan produk bahan bangunan yang ramah lingkungan dan inovatif, menggunakan material daur ulang.",r&d investment,s,positive,action,1
1698,Investasi ini merupakan bagian dari komitmen Perseroan untuk menciptakan nilai ekonomi jangka panjang di Indonesia.,economic commitment,g,positive,commitment,1
1699,Investasi ini merupakan bagian dari komitmen Perseroan untuk menciptakan nilai ekonomi jangka panjang di Indonesia.,economic contribution,e,positive,outcome,1
1700,Investasi ini merupakan bagian dari komitmen Perseroan untuk menciptakan nilai ekonomi jangka panjang di Indonesia.,long-term economic value creation,s,positive,commitment,1
1701,Investasi pada Program Tanggung Jawab Sosial dan Lingkungan Investment in the Social and Environmental Responsibility Program,social investment,e,positive,action,1
1702,Investasi pada sumber daya manusia untuk meningkatkan kesejahteraan mereka sambil tetap memperhatikan dampaknya terhadap lingkungan.,employee development,e,positive,action,1
1703,Investor Magazine - Best Listed Company 2013.,awards,e,positive,outcome,1
1704,Investor Magazine – Best Listed Company 2013,corporate governance,s,positive,outcome,1
1705,Investor Magazine – Best Listed Company 2013,corporate reputation,s,positive,outcome,1
1706,"Issued 316,052,291 Seri A shares with an exercise price of Rp935.60 per share to JAPFA Ltd.",financial strategy,e,neutral,outcome,1
1707,Issued Japfa I 2007 bond worth Rp500 billion.,financial strategy,e-s-g,neutral,outcome,1
1708,"Isu perubahan iklim yang semakin menjadi perhatian di kalangan pemangku kepentingan dan masyarakat, menekan Perusahaan untuk terus berinovasi dalam mengurangi dampak lingkungannya.",climate change and innovation,s,neutral,action,2
1709,"Isu perubahan iklim yang semakin menjadi perhatian di kalangan pemangku kepentingan dan masyarakat, menekan Perusahaan untuk terus berinovasi dalam mengurangi dampak lingkungannya.",climate change innovation,e,neutral,action,1
1710,"It aligns with our Sustainability Policy, which we established in 2023.",sustainability policy,e,positive,commitment,1
1711,"It also adheres to criteria specified in the Circular Letter of the Financial Services Authority (Surat Edaran Otoritas Jasa Keuangan or ""SEOJK"") No. 16/SEOJK.04/2021, which delineates the Form and Contents of the Annual Report of Issuers or Public Companies.",regulatory compliance,e-s-g,neutral,commitment,2
1712,"It also follows the criteria established in the Circular Letter of the Financial Services Authority (Surat Edaran Otoritas Jasa Keuangan or ""SEOJK"") No. 16/SEOJK.04/2021, detailing the Form and Contents of the Annual Report of Issuers or Public Companies.",regulatory compliance,s,neutral,commitment,3
1713,"It also follows the criteria established in the Circular Letter of the Financial Services Authority (Surat Edaran Otoritas Jasa Keuangan or ""SEOJK"") No. 16/SEOJK.04/2021.",regulatory compliance,s,neutral,commitment,1
1714,It is hoped that our steps in channeling financing to environmentally friendly sectors can make a significant contribution in supporting the achievement of Indonesia's NZE target.,environmental protection,g,positive,commitment,1
1715,"It is pleasing to note that the increase in full-year profits means we can allocate a further SEK 177 million to the H&M Incentive Program, for all H&M group employees.",employee incentive program,e-s-g,positive,outcome,1
1716,"It means that the Company has proven its capability to achieve good economic performance through the implementation of good corporate governance, while at the same time respecting the social and environmental aspects in running its business.",corporate governance,,positive,outcome,4
1717,"It means that the Company has proven its capability to achieve good economic performance through the implementation of good corporate governance, while at the same time respecting the social and environmental aspects in running its business.",economic performance,e-s-g,positive,outcome,2
1718,"It means that the Company has proven its capability to achieve good economic performance through the implementation of good corporate governance, while at the same time respecting the social and environmental aspects in running its business.",economic performance with governance and sustainability,s,positive,outcome,1
1719,"It means that the Company has proven its capability to achieve good economic performance through the implementation of good corporate governance, while at the same time respecting the social and environmental aspects in running its business.",environmental responsibility,e,positive,outcome,1
1720,"It means that the Company has proven its capability to achieve good economic performance through the implementation of good corporate governance, while at the same time respecting the social and environmental aspects in running its business.",esg integration,e,positive,outcome,1
1721,"It means that the Company has proven its capability to achieve good economic performance through the implementation of good corporate governance, while at the same time respecting the social and environmental aspects in running its business.",integrated sustainability performance,e,positive,outcome,1
1722,"It means that the Company has proven its capability to achieve good economic performance through the implementation of good corporate governance, while at the same time respecting the social and environmental aspects in running its business.",social responsibility,e-s-g,positive,outcome,1
1723,"It means that the Company has proven its capability to achieve good economic performance through the implementation of good corporate governance, while at the same time respecting the social and environmental aspects in running its business.",triple bottom line performance,none,positive,outcome,1
1724,It was on this basis that we issued a 350 million US dollar Sustainability-Linked Bond in 2021 with a 5.375% coupon maturing in 2026.,sustainability-linked bond issuance,s,positive,action,1
1725,"Its shareholding structure includes 50.07% ownership held by First Pacific Investment Management Limited and 49.93% ownership held by the public, with ownership interest below 5%.",ownership structure,e,neutral,outcome,2
1726,"JAPFA # Menyediakan Pangan Hari Ini, Menjamin Pangan Masa Depan Feeding the Present, Securing Food for Tomorrow",food security,s,positive,commitment,1
1727,JTLC menjadi wadah untuk meningkatkan kapabilitas serta pengetahuan manajemen dan karyawan.,peningkatan kapabilitas karyawan,e-s-g,positive,action,1
1728,JUMLAH JAM KERJA TANPA KEHILANGAN WAKTU KERJA WORKING HOURS WITHOUT LOSS TIME INJURY,working hours without loss time injury,e-s-g,positive,outcome,1
1729,JUMLAH JAM KERJA TANPA KEHILANGAN WAKTU KERJA WORKING HOURS WITHOUT LOSS TIME INJURY,workplace safety,none,positive,outcome,2
1730,"JUMLAH JAM KERJA TANPA KEHILANGAN WAKTU KERJA WORKING HOURS WITHOUT LOSS TIME INJURY 1,09 1,16 1,40 1,65 1,80",workplace safety performance,e,positive,outcome,1
1731,JUMLAH KARYAWAN 411 TOTAL EMPLOYEE,total employees,e,neutral,outcome,1
1732,JUMLAH KARYAWAN 411 TOTAL EMPLOYEE KARYAWAN,employee count,e-s,neutral,outcome,1
1733,JUMLAH KARYAWAN 411 TOTAL EMPLOYEE KARYAWAN,total employee,e-s-g,neutral,outcome,1
1734,JUMLAH KARYAWAN 411 TOTAL EMPLOYEE KARYAWAN,total employees,s,neutral,outcome,1
1735,"JUMLAH KARYAWAN 411 TOTAL EMPLOYEE KARYAWAN TINGKAT PERPUTARAN 2,7% KARYAWAN EMPLOYEE TURNOVER",employee statistics,none,neutral,outcome,1
1736,"JUMLAH KARYAWAN 411 | TINGKAT PERPUTARAN 2,7% | JUMLAH JAM KERJA TANPA KEHILANGAN WAKTU KERJA | TINGKAT KEKERAPAN 0 | TINGKAT KEPARAHAN 0",employee health & safety,e-s-g,neutral,outcome,1
1737,JUMLAH KARYAWAN LAKI-LAKI sebesar 2.619 orang,jumlah karyawan laki-laki,e,neutral,outcome,1
1738,JUMLAH KARYAWAN PEREMPUAN sebesar 1.066 orang,jumlah karyawan perempuan,e-s-g,neutral,outcome,1
1739,JUMLAH TOTAL KARYAWAN sebesar 3.685 orang,jumlah total karyawan,none,neutral,outcome,1
1740,Japfa Grup Menetapkan Rencana Aksi Keberlanjutan,sustainability strategy,e,positive,commitment,1
1741,Japfa Grup Menetapkan Rencana Aksi Keberlanjutan Japfa Group Sets Sustainability Action Plans,sustainability plan,,positive,commitment,1
1742,Japfa actively contributes to addressing the issue of food insecurity in Indonesia.,food security,e-s-g,positive,action,1
1743,Japfa berhasil mengekspor ayam hidup ke Singapura untuk pertama kalinya.,keamanan produk,s,positive,outcome,1
1744,Japfa berhasil mengekspor ayam hidup ke Singapura untuk pertama kalinya. Hal ini menunjukkan dedikasi Japfa terhadap keamanan produk dan kesejahteraan hewan.,animal welfare standards,s-g,positive,outcome,1
1745,"Japfa berkomitmen menyediakan produk yang aman, terjangkau, dan bernutrisi bagi konsumen",safe affordable nutritious products,e-s-g,positive,commitment,1
1746,"Japfa berkomitmen menyediakan produk yang aman, terjangkau, dan bernutrisi bagi konsumen.",product safety,s,positive,commitment,1
1747,"Japfa berkomitmen menyediakan produk yang aman, terjangkau, dan bernutrisi bagi konsumen.",product safety and affordability,e,positive,commitment,1
1748,"Japfa berkomitmen menyediakan produk yang aman, terjangkau, dan bernutrisi bagi konsumen.","produk aman, terjangkau, dan bernutrisi",s,positive,commitment,2
1749,"Japfa berkomitmen menyediakan produk yang aman, terjangkau, dan bernutrisi bagi konsumen.","safe, affordable, and nutritious products",e,positive,commitment,1
1750,Japfa berkomitmen untuk meminimalisasi dampak lingkungan dari kegiatan usaha kami dan secara aktif berpartisipasi dalam upaya keberlanjutan global.,environmental impact minimization,s,positive,commitment,1
1751,Japfa berkomitmen untuk tetap menjadi bagian dari kehidupan sehari-hari masyarakat Indonesia dengan berpegang teguh pada misi Japfa untuk menjadi penyedia terkemuka dan terpercaya di bidang produk pangan berprotein terjangkau di Indonesia.,affordable nutrition,none,positive,commitment,2
1752,Japfa does not have part-time employees during the reporting period.,part-time employment,e-s-g,neutral,outcome,2
1753,Japfa has constructed three additional water recycling facilities in poultry operational units.,water stewardship,,positive,outcome,1
1754,"Japfa has enhanced the Japfa Sustainability Reporting System (JSRS) expanding the coverage of JSRS, significantly improving data completeness and accuracy.",sustainability reporting,s,positive,action,1
1755,"Japfa has integrated operations from upstream to downstream, covering feed production, breeding, livestock, aquaculture and processing of livestock as well as aquaculture products.",integrated agricultural operations,none,neutral,outcome,1
1756,"Japfa has integrated operations from upstream to downstream, covering feed production, breeding, livestock, aquaculture and processing of livestock as well as aquaculture products.",integrated operations,e-s-g,neutral,outcome,1
1757,Japfa has managed to stay resilient and record a positive economic performance.,economic performance,none,positive,outcome,1
1758,Japfa has prepared a structured action plan to reduce greenhouse gas emissions and contribute to climate change mitigation.,greenhouse gas emissions reduction,e,positive,commitment,1
1759,Japfa implements an integrated production chain to continuously improve performance and efficiency.,integrated production chain,s,neutral,outcome,2
1760,Japfa ingin berkontribusi dalam menghadapi tantangan pasokan pangan saat ini.,food security,,positive,commitment,1
1761,Japfa ingin berkontribusi dalam menghadapi tantangan pasokan pangan saat ini.,food supply,none,positive,commitment,1
1762,Japfa ingin berkontribusi dalam menghadapi tantangan pasokan pangan saat ini.,kontribusi pada ketahanan pangan,,positive,commitment,1
1763,Japfa is committed to minimising the environmental impact of our business activities and actively participate in global sustainability efforts.,environmental impact minimization,e,positive,commitment,1
1764,"Japfa memiliki model bisnis terintegrasi secara vertikal yang meliputi hulu, tengah, dan hilir",vertically integrated business model,,neutral,outcome,1
1765,"Japfa memiliki model bisnis terintegrasi secara vertikal yang meliputi hulu, tengah, dan hilir.",business model,e,neutral,outcome,1
1766,"Japfa memiliki model bisnis terintegrasi secara vertikal yang meliputi hulu, tengah, dan hilir.",model bisnis,s,neutral,outcome,1
1767,"Japfa memiliki model bisnis terintegrasi secara vertikal yang meliputi hulu, tengah, dan hilir.",model bisnis terintegrasi,none,neutral,outcome,1
1768,Japfa memperoleh Sustainability-linked Loan (SLL) dari PT Bank Negara Indonesia (BNI) yang menjadi langkah penting untuk mendorong perekonomian berkelanjutan.,sustainability-linked loan,none,positive,action,1
1769,Japfa memperoleh Sustainability-linked Loan (SLL) dari PT Bank Negara Indonesia (Persero) Tbk (BNI).,sustainable finance,e,positive,action,1
1770,Japfa menerapkan rantai produksi yang terintegrasi untuk meningkatkan kinerja dan efisiensi secara terus menerus,integrated production chain,,neutral,outcome,1
1771,Japfa menerapkan rantai produksi yang terintegrasi untuk meningkatkan kinerja dan efisiensi secara terus menerus,integrated production chain for efficiency,e-s-g,neutral,outcome,1
1772,Japfa menerapkan rantai produksi yang terintegrasi untuk meningkatkan kinerja dan efisiensi secara terus menerus.,vertically integrated production system,s,neutral,outcome,1
1773,Japfa menyusun rencana aksi yang terstruktur untuk mengurangi emisi gas rumah kaca,ghg emissions,g,positive,commitment,1
1774,Japfa menyusun rencana aksi yang terstruktur untuk mengurangi emisi gas rumah kaca dan berkontribusi dalam mitigasi perubahan iklim.,environmental protection,s,positive,commitment,1
1775,Japfa menyusun rencana aksi yang terstruktur untuk mengurangi emisi gas rumah kaca dan berkontribusi dalam mitigasi perubahan iklim.,greenhouse gas emissions,s,positive,commitment,1
1776,Japfa secara aktif berkontribusi dalam mengatasi masalah kerawanan pangan di Indonesia.,food security,none,positive,action,2
1777,Japfa secara aktif berkontribusi dalam mengatasi masalah kerawanan pangan di Indonesia.,food security initiatives,e,positive,action,1
1778,Japfa secara aktif berkontribusi dalam mengatasi masalah kerawanan pangan di Indonesia.,nutrition access,s,positive,action,2
1779,Japfa successfully exported live bird to Singapore for the first time.,animal welfare and product safety,none,positive,outcome,1
1780,Japfa telah berhasil membangun delapan dari sembilan fasilitas daur ulang air pada tahun 2023.,pengelolaan air,s,positive,outcome,1
1781,Japfa telah berhasil membangun delapan dari sembilan fasilitas daur ulang air pada tahun 2023.,water stewardship,none,positive,outcome,1
1782,Japfa terpilih masuk dalam Indeks IDX LQ45 Low Carbon Leaders untuk periode 11 November 2022 - 31 Januari 2023.,carbon emissions,none,positive,outcome,1
1783,Japfa terpilih masuk dalam Indeks IDX LQ45 Low Carbon Leaders untuk periode 11 November 2022 - 31 Januari 2023.,carbon emissions reduction,none,positive,outcome,1
1784,Japfa terpilih masuk dalam Indeks IDX LQ45 Low Carbon Leaders untuk periode 11 November 2022 - 31 Januari 2023.,carbon performance,none,positive,outcome,1
1785,Japfa terpilih masuk dalam Indeks IDX LQ45 Low Carbon Leaders untuk periode 11 November 2022 - 31 Januari 2023.,inclusion in idx lq45 low carbon leaders index,none,positive,outcome,1
1786,Japfa terpilih masuk dalam Indeks IDX LQ45 Low Carbon Leaders untuk periode 11 November 2022 - 31 Januari 2023.,indeks idx lq45 low carbon leaders,s,positive,outcome,1
1787,Japfa terpilih masuk dalam Indeks IDX LQ45 Low Carbon Leaders yang menunjukkan komitmen kuat kami terhadap keberlanjutan.,carbon performance recognition,e-s-g,positive,outcome,1
1788,Japfa tetap mampu menjaga kelangsungan usahanya dan membukukan kinerja ekonomi yang positif.,economic performance,e,positive,outcome,1
1789,Japfa tidak memiliki karyawan paruh waktu pada periode pelaporan.,employment practices,e-s,neutral,outcome,1
1790,Japfa upholds food safety and food product tracking as our main concern.,food safety,e,positive,commitment,1
1791,Jasa Marga always takes advantage of opportunities from the rapid development of digital technology to continue to innovate in improving services amidst the challenges of the COVID-19 pandemic.,innovation,e,positive,action,1
1792,Jasa Marga always takes advantage of opportunities from the rapid development of digital technology to continue to innovate in improving services amidst the challenges of the COVID-19 pandemic.,technological innovation,s,positive,action,1
1793,Jasa Marga ber komitmen untuk terus berkontribusi dalam upaya mengkonversi penggunaan bahan bakar berbasis fosil menuju bahan bakar berbasis baterai dan listrik.,fossil fuel conversion commitment,g,positive,commitment,2
1794,Jasa Marga berkomitmen untuk terus berkontribusi dalam upaya mengkonversi penggunaan bahan bakar berbasis fosil menuju bahan bakar berbasis baterai dan listrik.,komitmen lingkungan,e-s-g,positive,commitment,1
1795,Jasa Marga continuously developed new toll roads to support the achievement of Indonesian economic growth acceleration and distribution.,economic growth support,none,positive,action,1
1796,Jasa Marga continuously developed new toll roads to support the achievement of Indonesian economic growth acceleration and distribution.,infrastructure development,e-s-g,positive,action,3
1797,Jasa Marga contributes to the inter-region connectivity strengthening while developing and doubling the Company's business growth.,connectivity strengthening,e,positive,action,1
1798,Jasa Marga contributes to the inter-region connectivity strengthening while developing and doubling the Company's business growth.,regional connectivity,s,positive,action,1
1799,Jasa Marga has more than 40 years of experience in the field of toll road construction and operation in various regions of Indonesia.,business experience and operations,s,neutral,outcome,1
1800,Jasa Marga senantiasa memanfaatkan peluang dari perkembangan teknologi digital yang begitu pesat untuk terus berinovasi dalam meningkatkan pelayanan di tengah tantangan pandemi COVID-19.,innovation,e-s-g,positive,action,1
1801,Jasa Marga senantiasa memanfaatkan peluang dari perkembangan teknologi digital yang begitu pesat untuk terus berinovasi dalam meningkatkan pelayanan di tengah tantangan pandemi COVID-19.,inovasi teknologi,e,positive,action,1
1802,Jasa Marga terus mengembangkan ruas-ruas tol baru dalam rangka mendukung tercapainya percepatan pertumbuhan dan pemerataan ekonomi Indonesia.,infrastructure investment,e,positive,action,1
1803,Jasa Marga terus mengembangkan ruas-ruas tol baru dalam rangka mendukung tercapainya percepatan pertumbuhan dan pemerataan ekonomi Indonesia.,pengembangan infrastruktur,s,positive,action,1
1804,Jasa Marga's sustainability focus on building sustainable operations and business is realized through competitive capabilities.,business sustainability strategy,g,positive,commitment,1
1805,Jasa Marga's sustainability focus on building sustainable operations and business is realized through competitive capabilities.,sustainability strategy,none,positive,commitment,2
1806,Jasa Marga's sustainability focus on building sustainable operations and business is realized through competitive capabilities.,sustainable operations,none,positive,action,2
1807,Jasa Marga's sustainability focus on building sustainable operations and business is realized through competitive capabilities.,sustainable operations and competitiveness,none,positive,action,1
1808,"Jauh sebelum konsep bangunan hijau populer seperti saat ini, Pendiri dan Direktur Utama Intiland Bapak Hendro S. Gondokusumo telah memiliki visi untuk membangun gedung perkantoran berkonsep hemat energi.",environmental innovation,e-g,positive,commitment,1
1809,"Jauh sebelum konsep bangunan hijau populer seperti saat ini, Pendiri dan Direktur Utama Intiland Bapak Hendro S. Gondokusumo telah memiliki visi untuk membangun gedung perkantoran berkonsep hemat energi.",sustainable building,e-s,positive,commitment,1
1810,"Jumlah Audience Share meningkat dari 25,6% (2021) ke 34,9% (2023)",market leadership,g,positive,outcome,1
1811,Jumlah Karyawan (Orang) 4.519,employee count,s,neutral,outcome,1
1812,Jumlah Karyawan (Orang) 4.519.,total employees 2022,none,neutral,outcome,1
1813,Jumlah Karyawan Perempuan dalam Struktur Manajemen Senior Number of Female Employees in Senior Management Structure Orang/Person - 4 - 4 - 4,gender diversity in management,g,positive,outcome,1
1814,Jumlah Karyawan yang Meninggalkan Perseroan [404-1],employee turnover,none,neutral,outcome,1
1815,Jumlah Perempuan dalam Struktur Manajemen Senior: 4 orang (2023),gender diversity,e-s,positive,outcome,1
1816,Jumlah UMKM Rumah BUMN 13.969 Total MSMEs Rumah BUMN 13.969,msme support,,positive,action,1
1817,Jumlah ini menurun dibandingkan dengan tahun 2022 yang tercatat sebesar 198.429 ton Dissolving Pulp karena berkurangnya pasokan bahan baku (kayu) dari sebagian wilayah kegiatan operasional PBPH Perusahaan akibat adanya klaim-klaim tanah yang dilakukan oleh sekelompok masyarakat di wilayah operasional PBPH Perusahaan.,supply chain disruption,s,negative,outcome,1
1818,Jumlah karyawan (Orang) # 4.223,employee count,s,neutral,outcome,1
1819,Jumlah karyawan perempuan dalam struktur manajemen senior mencapai 31 orang pada tahun 2024.,gender equality,e,positive,outcome,1
1820,Jumlah total karyawan berdasarkan jenis kontrak dan jenis kelamin menunjukkan komposisi 24.996 pekerja.,employment data,none,neutral,outcome,1
1821,KARYAWAN TERDAFTAR DI SAFETY COMMITTEE 16%,occupational health & safety,e-s-g,neutral,outcome,1
1822,KARYAWAN TERDAFTAR DI SAFETY COMMITTEE EMPLOYEE REPRESENTATIVES AT SAFETY COMMITTEE,employee representatives at safety committee,s,neutral,outcome,2
1823,KARYAWAN TERDAFTAR DI SAFETY COMMITTEE EMPLOYEE REPRESENTATIVES AT SAFETY COMMITTEE 16%,occupational health and safety committee representation,g,neutral,outcome,1
1824,KARYAWAN TERDAFTAR DI SAFETY COMMITTEE EMPLOYEE REPRESENTATIVES AT SAFETY COMMITTEE 16%,safety committee representation,s,neutral,outcome,1
1825,"KARYAWAN TINGKAT PERPUTARAN 2,7% KARYAWAN EMPLOYEE TURNOVER",employee turnover rate,e,neutral,outcome,1
1826,KEANGGOTAAN DALAM ASOSIASI Membership in Associations,membership in associations,s,neutral,outcome,1
1827,KEBIJAKAN PERLINDUNGAN DAN PENGELOLAAN LINGKUNGAN HIDUP Environmental Protection and Management Policy,environmental protection and management policy,,positive,commitment,1
1828,KERANGKA KERJA PENGEMBANGAN DAN PEMBERDAYAAN MASYARAKAT Community Development and Empowerment Framework,community development and empowerment framework,s,positive,commitment,1
1829,KERANGKA KERJA PENGEMBANGAN DAN PEMBERDAYAAN MASYARAKAT Community Development and Empowerment Framework,community development framework,e-s-g,positive,commitment,1
1830,KINERJA K3 OHS Performance,occupational health and safety performance,none,positive,outcome,1
1831,KINERJA K3 OHS Performance,ohs performance,none,positive,outcome,1
1832,KINERJA PENGEMBANGAN SUMBER DAYA MANUSIA Human Resource Development Performance,human resource development performance,none,positive,outcome,1
1833,KODE ETIK (Code of Conduct),ethical compliance,e-s-g,positive,commitment,1
1834,KODE ETIK Code of Conduct,code of conduct,e-s-g,positive,commitment,1
1835,KOMITE KESELAMATAN PERTAMBANGAN DAN LINGKUNGAN Mining and Environment Safety Committee,mining and environment safety committee,none,positive,action,1
1836,KOMITMEN DALAM MENGEMBANGKAN SUMBER DAYA MANUSIA,commitment to human resource development,e,positive,commitment,1
1837,KOMITMEN DALAM MENGEMBANGKAN SUMBER DAYA MANUSIA,human resource development,none,positive,action,1
1838,KOMITMEN DALAM MENGEMBANGKAN SUMBER DAYA MANUSIA 78 COMMITMENT IN HUMAN RESOURCE DEVELOPMENT,commitment to human resource development,s,positive,commitment,1
1839,KOMITMEN DALAM MENGEMBANGKAN SUMBER DAYA MANUSIA 78 COMMITMENT IN HUMAN RESOURCE DEVELOPMENT,human resource development,e-s-g,positive,action,1
1840,KOMITMEN DALAM MENGEMBANGKAN SUMBER DAYA MANUSIA COMMITMENT IN HUMAN RESOURCE DEVELOPMENT,human resource development commitment,s,positive,commitment,1
1841,KOMITMEN DALAM MENINGKATKAN KINERJA KESELAMATAN DAN KESEHATAN KERJA,commitment to occupational health and safety,s,positive,commitment,1
1842,KOMITMEN DALAM MENINGKATKAN KINERJA KESELAMATAN DAN KESEHATAN KERJA,occupational health and safety performance,e,positive,outcome,1
1843,KOMITMEN DALAM MENINGKATKAN KINERJA KESELAMATAN DAN KESEHATAN KERJA 92 COMMITMENT IN IMPROVING OCCUPATIONAL HEALTH AND SAFETY PERFORMANCE,commitment to improving occupational health and safety performance,e,positive,commitment,1
1844,KOMITMEN DALAM MENINGKATKAN KINERJA KESELAMATAN DAN KESEHATAN KERJA 92 COMMITMENT IN IMPROVING OCCUPATIONAL HEALTH AND SAFETY PERFORMANCE,occupational health and safety,e,positive,action,1
1845,KOMITMEN DALAM MENINGKATKAN KINERJA KESELAMATAN DAN KESEHATAN KERJA COMMITMENT IN IMPROVING OCCUPATIONAL HEALTH AND SAFETY PERFORMANCE,occupational health and safety commitment,,positive,commitment,1
1846,KOMITMEN DALAM MENINGKATKAN KINERJA PENGELOAAN LINGKUNGAN HIDUP,environmental protection and management,e,positive,action,1
1847,KOMITMEN DALAM MENINGKATKAN KINERJA PENGELOAAN LINGKUNGAN HIDUP 114 COMMITMENT TO ENVIRONMENTAL PROTECTION AND MANAGEMENT,commitment to environmental protection and management,none,positive,commitment,1
1848,KOMITMEN DALAM MENINGKATKAN KINERJA PENGELOAAN LINGKUNGAN HIDUP 114 COMMITMENT TO ENVIRONMENTAL PROTECTION AND MANAGEMENT,environmental protection and management,e,positive,action,1
1849,KOMITMEN DALAM MENINGKATKAN KINERJA PENGELOAAN LINGKUNGAN HIDUP COMMITMENT TO ENVIRONMENTAL PROTECTION AND MANAGEMENT,environmental protection and management commitment,none,positive,commitment,1
1850,KOMITMEN DALAM MENINGKATKAN KINERJA PENGELOLAAN LINGKUNGAN HIDUP,commitment to environmental protection and management,e,positive,commitment,1
1851,KOMITMEN LINGKUNGAN DALAM RANTAI PASOKAN (Environmental Commitments in the Supply Chain),supply chain management,s,positive,commitment,1
1852,KOMITMEN LINGKUNGAN DALAM RANTAI PASOKAN Environmental Commitments in the Supply Chain,environmental commitments in the supply chain,e,positive,commitment,1
1853,KOMITMEN LINGKUNGAN DALAM RANTAI PASOKAN Environmental Commitments in the Supply Chain,supply chain environmental commitment,s,positive,commitment,1
1854,KOMITMEN MENGEDEPANKAN KESELAMATAN DAN KESEHATAN BEKERJA COMMITMENT TO PRESERVING OCCUPATION HEALTH AND SAFETY,commitment to occupational health and safety,,positive,commitment,1
1855,KOMITMEN MENGEDEPANKAN KESELAMATAN DAN KESEHATAN BEKERJA COMMITMENT TO PRESERVING OCCUPATION HEALTH AND SAFETY,occupational health and safety,e,positive,action,1
1856,KOMITMEN MENJAGA KEBERLANJUTAN LINGKUNGAN,environmental sustainability,e-s-g,positive,commitment,1
1857,KOMITMEN PADA LINGKUNGAN # SOSIAL DAN TATA KELOLA # UNTUK NILAI TAMBAH YANG BERKELANJUTAN,"commitment to environmental, social and governance",g,positive,commitment,1
1858,"KOMITMEN PADA LINGKUNGAN # SOSIAL DAN TATA KELOLA # UNTUK NILAI TAMBAH YANG BERKELANJUTAN COMMITMENT TO ENVIRONMENTAL, SOCIAL AND GOVERNANCE FOR SUSTAINABLE ADDED VALUE",commitment to sustainability,e,positive,commitment,1
1859,"KOMITMEN PADA LINGKUNGAN # SOSIAL DAN TATA KELOLA # UNTUK NILAI TAMBAH YANG BERKELANJUTAN COMMITMENT TO ENVIRONMENTAL, SOCIAL AND GOVERNANCE FOR SUSTAINABLE ADDED VALUE","environmental, social and governance commitment",e,positive,commitment,1
1860,KOMITMEN PADA LINGKUNGAN SOSIAL DAN TATA KELOLA UNTUK NILAI TAMBAH YANG BERKELANJUTAN,esg commitment,none,positive,commitment,1
1861,"KOMITMEN PADA LINGKUNGAN, SOSIAL DAN TATA KELOLA UNTUK NILAI TAMBAH YANG BERKELANJUTAN","commitment to environmental, social and governance",s,positive,commitment,1
1862,"KONSUMSI ENERGI 12,236",energy consumption,e-s-g,neutral,outcome,1
1863,"KONSUMSI ENERGI 12,236 ENERGY CONSUMPTION 01GAJGULE",energy consumption,e,neutral,outcome,3
1864,"KONSUMSI ENERGI 12,236 GJ",energy consumption,g,neutral,outcome,1
1865,"KONSUMSI ENERGI 12,236 GJ ENERGY CONSUMPTION",energy consumption,e,neutral,outcome,1
1866,"KONSUMSI ENERGI 2021: 45.018,41 GJ (meningkat dari 27.209,6 GJ di 2020)",energy consumption,g,neutral,outcome,1
1867,KONSUMSI ENERGI Energy Consumption,energy consumption,e,neutral,outcome,1
1868,KONTRIBUSI BAGI KEBERLANJUTAN LINGKUNGAN CONTRIBUTION TO ENVIRONMENTAL SUSTAINABILITY,contribution to environmental sustainability,none,positive,outcome,1
1869,KONTRIBUSI BAGI KEBERLANJUTAN LINGKUNGAN CONTRIBUTION TO ENVIRONMENTAL SUSTAINABILITY,environmental sustainability,e-s-g,positive,outcome,1
1870,KONTRIBUSI BAGI PEMBANGUNAN EKONOMI DAN PRODUKSI BERKELANJUTAN CONTRIBUTION TO SUSTAINABLE ECONOMIC DEVELOPMENT AND PRODUCTION,contribution to sustainable economic development,s,positive,outcome,1
1871,KONTRIBUSI BAGI PEMBANGUNAN EKONOMI DAN PRODUKSI BERKELANJUTAN CONTRIBUTION TO SUSTAINABLE ECONOMIC DEVELOPMENT AND PRODUCTION,sustainable economic development,e-s-g,positive,outcome,1
1872,KONTRIBUSI BAGI PEMBANGUNAN SOSIAL CONTRIBUTION TO SOCIAL DEVELOPMENT,social development,g,positive,outcome,1
1873,"KONTRIBUSI KEPADA NEGARA CONTRIBUTION TO THE COUNTRY | US$ 338,592",contribution to country,e-s-g,positive,outcome,1
1874,KONTRIBUSI TERBAIK UNTUK PEMBANGUNAN BERKELANJUTAN OPTIMUM CONTRIBUTION TO SUSTAINABLE DEVELOPMENT,contribution to sustainable development,none,positive,outcome,1
1875,KONTRIBUSI TERBAIK UNTUK PEMBANGUNAN BERKELANJUTAN OPTIMUM CONTRIBUTION TO SUSTAINABLE DEVELOPMENT,sustainable development contribution,e,positive,outcome,1
1876,KPMG Norway is part of the global KPMG network.,company structure,e-s-g,neutral,outcome,1
1877,"KPMG Norway's travel policy was updated in 2023 and ensures that all business travel is done in a sustainable, efficient and safe manner.",sustainable travel policy,none,positive,commitment,1
1878,KPMG has been a certified Eco Lighthouse since 2011.,environmental certification,s,positive,outcome,1
1879,KPMG has been registered with EcoVadis since 2019.,sustainability ratings and assessments,s,positive,outcome,1
1880,KPMG has started this journey by performing a double materiality assessment in accordance with the European Sustainability Reporting Standards (ESRS).,materiality assessment,s,positive,outcome,1
1881,KPMG must dare to be proactive towards clients and our greater network.,proactive sustainability,g,positive,commitment,1
1882,KPMG's Sustainability Plan for 2020 – 2025 has been guiding KPMG Norway's work on sustainability for the last few years.,sustainability plan,none,positive,commitment,1
1883,Kami adalah penghasil protein hewani berkualitas dan terpercaya,animal protein production,e,positive,commitment,1
1884,Kami adalah penghasil protein hewani berkualitas dan terpercaya,quality and reliable animal protein production,none,positive,commitment,1
1885,Kami adalah penghasil protein hewani berkualitas dan terpercaya,quality animal protein production,,positive,commitment,1
1886,Kami adalah penghasil protein hewani berkualitas dan terpercaya sejak tahun 1971.,product quality,none,positive,outcome,1
1887,"Kami akan senantiasa berperan aktif dalam mengembangkan produk dan layanan keuangan yang mendukung transisi ekonomi rendah karbon, yang sesuai dengan prinsip-prinsip lingkungan, sosial, dan tata kelola (LST atau ESG), agar kami dapat memberikan manfaat terbaik bagi pemangku kepentingan, lingkungan, serta menjamin masa depan yang baik untuk generasi mendatang.",developing financial products and services supporting the transition to a low-carbon economy,none,positive,commitment,1
1888,"Kami akan senantiasa berperan aktif dalam mengembangkan produk dan layanan keuangan yang mendukung transisi ekonomi rendah karbon, yang sesuai dengan prinsip-prinsip lingkungan, sosial, dan tata kelola (LST atau ESG), agar kami dapat memberikan manfaat terbaik bagi pemangku kepentingan, lingkungan, serta menjamin masa depan yang baik untuk generasi mendatang.",produk dan layanan keuangan,none,positive,commitment,1
1889,Kami akan terus bekerja sama dengan seluruh pemangku kepentingan untuk memproduksi secara lokal.,kerja sama dengan pemangku kepentingan,e-s-g,positive,commitment,1
1890,Kami akan terus bekerja sama dengan seluruh pemangku kepentingan untuk memproduksi secara lokal.,local production,e,positive,commitment,2
1891,"Kami akan terus melangkah untuk hadir di tengah masyarakat dan menjangkau berbagai lapisan agar dapat meningkatkan pendidikan, pengetahuan, serta hiburan yang bermanfaat.",community engagement,e,positive,commitment,1
1892,"Kami akan terus mendukung manajemen dalam mengembangkan strategi dan inisiatif yang tidak hanya memberikan manfaat ekonomi, tetapi juga memberikan dampak positif bagi masyarakat dan lingkungan.",strategic support,s,positive,commitment,1
1893,"Kami akan terus meningkatkan pengelolaan aspek keberlanjutan, tidak hanya aspek ekonomi namun mengintegrasikan aspek Lingkungan, Sosial, dan Tata kelola (LST) yang lebih seimbang.",integrated esg management,e-s,positive,commitment,1
1894,Kami bangga berpartisipasi sebagai road tester di proyek LCA Sosial yang diprakarsai oleh Program Lingkungan PBB Life Cycle Initiative dan Social LC Alliance untuk mengukur kinerja sosial dari kemitraan peternakan komersial perunggasan.,kemitraan sosial,e-s,positive,outcome,1
1895,Kami bangga berpartisipasi sebagai road tester di proyek LCA Sosial yang diprakarsai oleh Program Lingkungan PBB Life Cycle Initiative dan Social LC Alliance untuk mengukur kinerja sosial dari kemitraan peternakan komersial perunggasan.,kinerja sosial,s,positive,outcome,1
1896,Kami bangga berpartisipasi sebagai road tester di proyek LCA Sosial yang diprakarsai oleh Program Lingkungan PBB Life Cycle Initiative dan Social LC Alliance untuk mengukur kinerja sosial dari kemitraan peternakan komersial perunggasan.,social life cycle assessment participation,e-s-g,positive,outcome,1
1897,Kami bangga berpartisipasi sebagai road tester di proyek LCA Sosial yang diprakarsai oleh Program Lingkungan PBB.,social impact measurement,,positive,outcome,1
1898,Kami bekerja dengan peternak melalui program kemitraan dan pendampingan.,pengembangan peternak,none,positive,action,1
1899,"Kami beradaptasi dengan pesatnya perkembangan teknologi informasi dan komunikasi, guna memberikan pelayanan terbaik bagi pemirsa, sebagai salah satu pemangku kepentingan utama kami.",innovation,e-s-g,positive,action,1
1900,"Kami beradaptasi dengan pesatnya perkembangan teknologi informasi dan komunikasi, guna memberikan pelayanan terbaik bagi pemirsa, sebagai salah satu pemangku kepentingan utama kami.",technology adaptation,e-s-g,positive,action,1
1901,Kami berambisi untuk menerapkan hierarki pengelolaan limbah sebagai upaya menguatkan tujuan untuk menjadi lebih berkelanjutan dalam semua properti dan praktik bisnis.,pengelolaan limbah,e-s,positive,commitment,1
1902,Kami berambisi untuk menerapkan hierarki pengelolaan limbah sebagai upaya menguatkan tujuan untuk menjadi lebih berkelanjutan dalam semua properti dan praktik bisnis.,waste management hierarchy implementation,e,positive,commitment,1
1903,Kami berambisi untuk menerapkan hierarki pengelolaan limbah sebagai upaya menguatkan tujuan untuk menjadi lebih berkelanjutan dalam semua properti dan praktik bisnis.,waste management strategy,s,positive,commitment,1
1904,"Kami berfokus pada industri televisi free-to-air (FTA); produksi konten dan inisiatif media digital, termasuk layanan over-the-top (OTT), daring, dan out-of-home (OOH); dan meningkatkan kemampuan untuk terus mengembangkan bisnis media yang lebih luas.",strategi bisnis,,positive,commitment,1
1905,Kami berfokus pada perbaikan pengolahan air limbah untuk peningkatan sirkularitas air,water stewardship,e-s-g,positive,action,1
1906,Kami berhasil mempertahankan intensitas energi di dua gedung perkantoran dan empat gedung apartemen di bawah 200 kWh/m2 pada tahun 2023.,energy consumption performance,e,positive,outcome,1
1907,Kami berhasil mempertahankan intensitas energi di dua gedung perkantoran dan empat gedung apartemen di bawah 200 kWh/m2 pada tahun 2023.,energy efficiency,s,positive,outcome,1
1908,Kami berhasil mempertahankan intensitas energi di dua gedung perkantoran dan empat gedung apartemen di bawah 200 kWh/m2 pada tahun 2023.,energy intensity reduction,none,positive,outcome,1
1909,Kami berhasil mempertahankan intensitas energi di dua gedung perkantoran dan empat gedung apartemen di bawah 200 kWh/m2 pada tahun 2023.,energy performance,none,positive,outcome,1
1910,Kami berhasil mempertahankan intensitas energi di dua gedung perkantoran dan empat gedung apartemen di bawah 200 kWh/m2 pada tahun 2023.,intensitas energi,g,positive,outcome,1
1911,"Kami berhasil mengurangi emisi karbon sebesar 24,3% dari 16.758 ton CO2eq pada tahun 2022 menjadi 12.684 ton CO2eq pada tahun 2023.",carbon emission reduction,e,positive,outcome,1
1912,"Kami berkomitmen menyediakan produk yang aman, terjangkau, dan bernutrisi bagi konsumen.",produk aman dan bernutrisi,e,positive,commitment,1
1913,"Kami berkomitmen menyediakan produk yang aman, terjangkau, dan bernutrisi bagi konsumen.","produk aman, terjangkau, dan bernutrisi",s,positive,commitment,1
1914,"Kami berkomitmen selalu meminimalkan dampak negatif dari aktivitas bisnis serta properti yang kami kelola, sebagaimana tercermin dalam prinsip keberlanjutan utama kami yaitu hidup sehat dan berkualitas, juga berkontribusi untuk perkembangan kota.",environmental impact,none,positive,commitment,1
1915,"Kami berkomitmen terhadap lingkungan untuk menghilangkan deforestasi termasuk segala bentuk konversi hutan, dan tidak mengambil kayu yang dipanen secara ilegal, serta meningkatkan penyerapan karbon melalui konservasi dengan menerapkan praktik pengelolaan hutan berkelanjutan.",deforestation commitment,e-s-g,positive,commitment,2
1916,Kami berkomitmen untuk berperan serta dalam gerakan global ini dengan cara berkontribusi demi mencapai realisasi tujuan pembangunan berkelanjutan tersebut.,commitment to participating in this global movement by contributing to the realization of these sustainable development goals,e,positive,commitment,1
1917,Kami berkomitmen untuk berperan serta dalam gerakan global ini dengan cara berkontribusi demi mencapai realisasi tujuan pembangunan berkelanjutan tersebut.,commitment to sustainable development goals,e,positive,commitment,2
1918,"Kami berkomitmen untuk memastikan bahwa setiap langkah yang kami ambil dalam proses bisnis kami tidak hanya berkelanjutan secara lingkungan dan ekonomi, tetapi juga memastikan pemenuhan hak asasi manusia (HAM) setiap individu yang terlibat dalam kegiatan kami.",human rights commitment,g,positive,commitment,2
1919,"Kami berkomitmen untuk memberikan makna di setiap kehadiran kami di masyarakat melalui semangat berbagi, peduli, dan berbagai kontribusi kegiatan tanggung jawab sosial perseroan (CSR).",tanggung jawab sosial,e,positive,commitment,1
1920,"Kami berkomitmen untuk memberikan manfaat terbaik bagi pemangku kepentingan, lingkungan, dan menjamin masa depan yang berkelanjutan untuk generasi mendatang.",stakeholder benefit and sustainability,none,positive,commitment,1
1921,"Kami berkomitmen untuk memimpin transisi Indonesia menuju ekonomi rendah karbon, mencapai Net Zero Emissions dari kegiatan operasional pada 2030, dan mengatalisasi berbagai pertumbuhan dengan dampak sosial untuk mencapai Tujuan Pembangunan Berkelanjutan.",net zero emissions commitment,none,positive,commitment,1
1922,Kami berkomitmen untuk meminimalisasi dampak lingkungan,environmental impact,e-s-g,positive,commitment,1
1923,Kami berkomitmen untuk meminimalisasi dampak lingkungan dari kegiatan usaha kami dan secara aktif berpartisipasi dalam upaya keberlanjutan global.,environmental impact and sustainable growth,e,positive,commitment,2
1924,Kami berkomitmen untuk meminimalisasi dampak lingkungan dari kegiatan usaha kami.,pengelolaan lingkungan,e-s-g,positive,commitment,1
1925,"Kami berkomitmen untuk memproduksi protein yang aman dan terjangkau untuk menutrisi jutaan orang, bahkan pada masa sulit seperti pandemi Covid-19.",komitmen,g,positive,commitment,1
1926,"Kami berkomitmen untuk mencapai Net Zero Emissions dari kegiatan operasional pada 2030, dan dari pembiayaan pada 2060 atau lebih cepat.",net zero emissions target,e-s-g,positive,commitment,1
1927,"Kami berkomitmen untuk mencapai Net-Zero Emission dari kegiatan operasional pada 2030, dan dari pembiayaan pada 2060 atau lebih cepat.",commitment to achieving net-zero emission,s,positive,commitment,1
1928,"Kami berkomitmen untuk mencapai Net-Zero Emission dari kegiatan operasional pada 2030, dan dari pembiayaan pada 2060 atau lebih cepat.",komitmen net-zero emission,e-s-g,positive,commitment,1
1929,"Kami berkomitmen untuk mencapai Net-Zero Emission dari kegiatan operasional pada 2030, dan dari pembiayaan pada 2060 atau lebih cepat.",net zero emissions commitment,none,positive,commitment,1
1930,"Kami berkomitmen untuk mencapai Net-Zero Emission dari kegiatan operasional pada 2030, dan dari pembiayaan pada 2060 atau lebih cepat.",net-zero emission,e,positive,commitment,2
1931,Kami berkomitmen untuk menciptakan lingkungan kerja di mana keberlanjutan bukan hanya sekadar kata-kata tetapi merupakan prinsip panduan yang tercerahkan dalam etos kolektif kami.,lingkungan kerja,e,positive,commitment,1
1932,Kami berkomitmen untuk menciptakan lingkungan kerja di mana keberlanjutan bukan hanya sekadar kata-kata tetapi merupakan prinsip panduan yang tercerahkan dalam etos kolektif kami.,sustainability in workplace,s,positive,commitment,1
1933,Kami berkomitmen untuk menciptakan lingkungan kerja yang bebas diskriminasi maupun perbuatan tidak etis lainnya.,lingkungan kerja bebas diskriminasi,s,positive,commitment,1
1934,Kami berkomitmen untuk menciptakan lingkungan kerja yang bebas diskriminasi maupun perbuatan tidak etis lainnya.,non-discrimination,none,positive,commitment,1
1935,Kami berkomitmen untuk menciptakan lingkungan kerja yang bebas diskriminasi maupun perbuatan tidak etis lainnya.,workplace ethics and non-discrimination,s,positive,commitment,1
1936,"Kami berkomitmen untuk mendapatkan bahan baku dari sumber yang berisiko rendah, termasuk mendapatkan bahan baku dari pemasok yang mematuhi praktik kehutanan yang bertanggung jawab, dan memastikan bahwa rantai pasokan kami bertanggung jawab secara sosial dan lingkungan.",responsible sourcing,none,positive,commitment,1
1937,"Kami berkomitmen untuk menerapkan strategi yang inovatif dan terintegrasi dalam setiap aspek operasi, mulai dari pengembangan produk sampai dengan pelaksanaan kebijakan demi mencapai tujuan keberlanjutan.",innovative and integrated strategy,s,positive,commitment,1
1938,Kami berkomitmen untuk mengatasi berbagai pertumbuhan dengan dampak sosial untuk mencapai Tujuan Pembangunan Berkelanjutan.,social impact commitment,e-s-g,positive,commitment,1
1939,Kami berkomitmen untuk menghasilkan protein hewani yang aman dan terjangkau untuk menutrisi jutaan orang.,komitmen,e-s-g,positive,commitment,1
1940,"Kami berkomitmen untuk meningkatkan akses terhadap layanan keuangan kepada masyarakat, khususnya mereka yang termasuk dalam kriteria masyarakat prioritas yang telah ditetapkan oleh pemerintah, memberdayakan UMKM melalui Digiprenewership, serta melaksanakan kajian terkait keberlanjutan untuk mengakselerasi ekonomi rendah karbon di Indonesia.",financial inclusion and sustainable research,none,positive,commitment,1
1941,Kami berkomitmen untuk meningkatkan kesejahteraan masyarakat sekitar.,masyarakat,none,positive,commitment,1
1942,"Kami berkomitmen untuk menjadi tempat kerja pilihan bagi Mandirian, khususnya perempuan.",kesempatan kerja,g,positive,commitment,1
1943,Kami berkomitmen untuk menjaga keseimbangan antara pertumbuhan kinerja keuangan dengan upaya dalam mengurangi dampak negatif terhadap lingkungan dan sosial.,balance between financial and sustainability performance,e-s-g,positive,commitment,1
1944,Kami berkomitmen untuk menjaga keseimbangan antara pertumbuhan kinerja keuangan dengan upaya dalam mengurangi dampak negatif terhadap lingkungan dan sosial.,balanced growth,none,positive,commitment,1
1945,Kami berkomitmen untuk menjaga keseimbangan antara pertumbuhan kinerja keuangan dengan upaya dalam mengurangi dampak negatif terhadap lingkungan dan sosial.,balancing financial and environmental performance,e-s-g,positive,commitment,1
1946,Kami berkomitmen untuk menjaga keseimbangan antara pertumbuhan kinerja keuangan dengan upaya dalam mengurangi dampak negatif terhadap lingkungan dan sosial.,esg strategy integration,,positive,commitment,1
1947,Kami berkomitmen untuk menjaga keseimbangan antara pertumbuhan kinerja keuangan dengan upaya dalam mengurangi dampak negatif terhadap lingkungan dan sosial.,sustainable growth strategy,g,positive,commitment,1
1948,Kami berkomitmen untuk menjaga standar tertinggi dalam keamanan data dan privasi dengan secara proaktif memastikan bahwa informasi nasabah dikelola dengan aman sesuai dengan peraturan perundangan yang berlaku.,data security and privacy,none,positive,commitment,1
1949,Kami berkomitmen untuk menjaga standar tertinggi dalam keamanan data dan privasi dengan secara proaktif memastikan bahwa informasi nasabah dikelola dengan aman sesuai dengan peraturan perundangan yang berlaku.,keamanan data dan privasi,none,positive,commitment,1
1950,Kami berkomitmen untuk menjunjung tinggi keamanan pangan dan pelacakan produk makanan sebagai perhatian utama kami.,food safety,s,positive,commitment,1
1951,Kami berkomitmen untuk menyediakan protein bergizi yang terjangkau bagi masyarakat luas.,ketahanan pangan,none,positive,commitment,1
1952,"Kami berkomitmen untuk menyediakan tempat kerja yang aman dan inklusif, mendorong pengembangan pribadi dan profesional, serta memastikan perlakuan dan peluang yang adil bagi semua.",diversity and inclusion,,positive,commitment,1
1953,"Kami berkomitmen untuk menyediakan tempat kerja yang aman dan inklusif, mendorong pengembangan pribadi dan profesional, serta memastikan perlakuan dan peluang yang adil bagi semua.",employee well-being and development,e,positive,commitment,1
1954,Kami berkomitmen untuk terus menerapkan praktik berkelanjutan menuju masa depan bersama dengan seluruh pemangku kepentingan kami,commitment to sustainability with stakeholders,e,positive,commitment,1
1955,Kami berkomitmen untuk terus menerapkan praktik berkelanjutan menuju masa depan bersama dengan seluruh pemangku kepentingan kami,community engagement,e-s-g,positive,commitment,1
1956,Kami berkomitmen untuk terus menerapkan praktik berkelanjutan menuju masa depan bersama dengan seluruh pemangku kepentingan kami,sustainability commitment,s,positive,commitment,1
1957,Kami berkomitmen untuk terus menerapkan praktik berkelanjutan menuju masa depan bersama dengan seluruh pemangku kepentingan kami.,komitmen keberlanjutan,none,positive,commitment,1
1958,Kami berkomitmen untuk terus menerapkan praktik berkelanjutan menuju masa depan bersama dengan seluruh pemangku kepentingan kami.,komitmen terhadap keberlanjutan,e,positive,commitment,1
1959,Kami berkomitmen untuk terus menerapkan praktik berkelanjutan menuju masa depan bersama dengan seluruh pemangku kepentingan kami.,sustainability commitment,e,positive,commitment,4
1960,"Kami berkomitmen untuk terus mengembangkan produk dan layanan keuangan yang mendukung transisi ekonomi rendah karbon, yang sesuai dengan prinsip-prinsip lingkungan, sosial, dan tata kelola (LST atau ESG), agar kami dapat memberikan manfaat terbaik bagi pemangku kepentingan, lingkungan, serta menjamin masa depan yang baik untuk generasi mendatang.",produk dan layanan keuangan berkelanjutan,,positive,commitment,1
1961,"Kami berkomitmen untuk terus mengembangkan produk dan layanan keuangan yang mendukung transisi ke ekonomi rendah karbon, dengan mematuhi prinsip-prinsip Lingkungan, Sosial, dan Tata Kelola (LST).",development of financial products supporting the transition to a low-carbon economy,g,positive,commitment,1
1962,"Kami berkomitmen untuk terus menjalankan bisnis dengan standar kualitas tertinggi sambil memberikan kontribusi nyata terhadap agenda perubahan iklim global dan nasional untuk mendorong rehabilitasi, menggunakan energi terbarukan, dan mengelola limbah dengan mengikuti praktik terbaik industri.",environmental protection,none,positive,commitment,2
1963,"Kami berkomitmen untuk tetap menjadi bagian dari kehidupan sehari-hari masyarakat Indonesia dengan berpegang teguh pada misi Japfa untuk ""Menjadi penyedia terkemuka dan terpercaya di bidang produk pangan berprotein terjangkau di Indonesia berlandaskan kerja sama dan pengalaman teruji, dalam upaya memberikan manfaat bagi seluruh pihak terkait.""",corporate mission,none,positive,commitment,1
1964,Kami berkomitmen untuk tetap menjadi bagian dari kehidupan sehari-hari masyarakat Indonesia dengan berpegang teguh pada misi Japfa untuk 'Menjadi penyedia terkemuka dan terpercaya di bidang produk pangan berprotein terjangkau di Indonesia'.,corporate mission,,positive,commitment,1
1965,"Kami beroperasi dengan cara di atas untuk mencapai KEUNGGULAN dalam semua usaha kami dan dengan demikian, memperkuat peran kami dalam kehidupan orang.",excellence in operations,e-s,positive,commitment,1
1966,"Kami beroperasi dengan cara di atas untuk mencapai KEUNGGULAN dalam semua usaha kami dan dengan demikian, memperkuat peran kami dalam kehidupan orang.",operational excellence,none,positive,commitment,1
1967,Kami beroperasi dengan model bisnis terintegrasi vertikal yang mencakup seluruh rantai nilai untuk produk protein kami.,model bisnis,e,positive,outcome,1
1968,Kami beroperasi di Indonesia dengan unit operasional di seluruh negeri.,operasional,s,neutral,outcome,3
1969,Kami beroperasi di Indonesia dengan unit operasional di seluruh negeri.,operasional nasional,s,neutral,outcome,1
1970,Kami beroperasi di Indonesia dengan unit operasional di seluruh negeri.,operasional perusahaan,e-s-g,neutral,outcome,1
1971,Kami beroperasi sebagai satu kesatuan dengan koordinasi sempurna dan kerja sama tim yang baik.,organizational culture,none,positive,commitment,1
1972,Kami berpartisipasi dalam proyek Social LCA untuk mengukur kinerja sosial kemitraan peternakan.,kinerja sosial,none,positive,outcome,1
1973,Kami berpartisipasi sebagai road tester di proyek LCA Sosial untuk mengukur kinerja sosial dari kemitraan peternakan komersial perunggasan.,social impact measurement,none,positive,outcome,1
1974,Kami berpartisipasi sebagai road tester di proyek LCA Sosial yang diprakarsai oleh Program Lingkungan PBB Life Cycle Initiative dan Social LC Alliance untuk mengukur kinerja sosial dari kemitraan peternakan komersial perunggasan.,social life cycle assessment (slca) participation,,positive,outcome,1
1975,Kami berperan untuk mendidik generasi yang akan datang melalui pemberitaan yang seimbang dan pemberian informasi yang tepat dan independen.,education and training,,positive,commitment,1
1976,"Kami beruntung menjadi bagian dari industri pertambangan mineral, karena sektor ini tidak hanya berkontribusi signifikan terhadap perekonomian negara, tetapi juga memiliki dampak iklim yang relatif lebih rendah dibandingkan industri ekstraktif lainnya.",mining industry impact,none,positive,outcome,1
1977,"Kami beruntung menjadi bagian dari industri pertambangan mineral, karena sektor ini tidak hanya berkontribusi signifikan terhadap perekonomian negara, tetapi juga memiliki dampak iklim yang relatif lebih rendah dibandingkan industri ekstraktif lainnya.",mining sector's lower climate impact,g,positive,outcome,1
1978,Kami berupaya mengurangi emisi dan memanfaatkan limbah dari aktivitas produksi.,pengurangan emisi,none,positive,action,1
1979,"Kami berupaya untuk mengintegrasikan keduanya sebagai bagian dari business as usual, agar seluruh keluarga besar Bank Mandiri dapat memahami urgensi dan mengimplementasikan aspek-aspek LST dalam kegiatan sehari-hari.",integrating esg aspects into daily activities,none,positive,commitment,1
1980,"Kami berupaya untuk meningkatkan akses terhadap layanan keuangan kepada masyarakat, khususnya mereka yang termasuk dalam kriteria masyarakat prioritas yang telah ditetapkan oleh pemerintah, memberdayakan UMKM melalui Digiprenewership, serta melaksanakan kajian terkait keberlanjutan untuk mengakselerasi ekonomi rendah karbon di Indonesia.",financial inclusion and umkm empowerment,none,positive,commitment,1
1981,"Kami berusaha menggunakan material ramah lingkungan dalam kegiatan produksi, termasuk mengurangi penggunaan plastik dan menggunakan kembali semua material yang dapat dipakai ulang.",penggunaan material ramah lingkungan,e,positive,commitment,1
1982,"Kami berusaha menggunakan material ramah lingkungan dalam kegiatan produksi, termasuk mengurangi penggunaan plastik.",sustainable materials,g,positive,commitment,1
1983,Kami berusaha untuk melakukan efisiensi energi melalui perawatan dan modernisasi peralatan serta pengelolaan limbah melalui kontraktor yang terdaftar.,energy efficiency,e-s-g,positive,action,7
1984,Kami berusaha untuk melakukan efisiensi energi melalui perawatan dan modernisasi peralatan serta pengelolaan limbah melalui kontraktor yang terdaftar.,energy efficiency and waste management,s,positive,action,1
1985,Kami berusaha untuk mengurangi kelaparan dan mencukupi kebutuhan protein bagi masyarakat Indonesia secara efisien.,food security,e-s,positive,commitment,1
1986,Kami dapat memanfaatkan operasional produksi protein premium kami melalui bisnis makanan konsumen hilir kami.,pemanfaatan operasional,,positive,outcome,1
1987,"Kami dapat tetap teguh pada inti bisnis kami, yaitu menyediakan protein hewani yang bergizi dan terjangkau bagi masyarakat Indonesia.",nutrition access,e,positive,commitment,1
1988,"Kami dapat tetap teguh pada inti bisnis kami, yaitu menyediakan protein hewani yang bergizi dan terjangkau bagi masyarakat Indonesia.",nutritional products,e,positive,commitment,1
1989,Kami dapat turut andil dengan memperkuat sistem pangan domestik sehingga dapat berkontribusi bagi ketahanan pangan di Indonesia.,food security contribution,e,positive,commitment,1
1990,Kami dapat turut andil dengan memperkuat sistem pangan domestik sehingga dapat berkontribusi bagi ketahanan pangan di Indonesia.,sistem pangan domestik,,positive,commitment,1
1991,"Kami dengan penuh kesadaran menyadari betapa pentingnya upaya untuk memberikan kontribusi positif dan mengurangi dampak negatif terhadap lingkungan dan masyarakat, sembari memastikan kelangsungan dan profitabilitas operasional jangka panjang.",environmental and social impact,,positive,commitment,1
1992,"Kami dengan penuh kesadaran menyadari betapa pentingnya upaya untuk memberikan kontribusi positif dan mengurangi dampak negatif terhadap lingkungan dan masyarakat, sembari memastikan kelangsungan dan profitabilitas operasional jangka panjang.",environmental impact & social responsibility,s,positive,commitment,1
1993,"Kami dengan penuh kesadaran menyadari betapa pentingnya upaya untuk memberikan kontribusi positif dan mengurangi dampak negatif terhadap lingkungan dan masyarakat, sembari memastikan kelangsungan dan profitabilitas operasional jangka panjang.",environmental impact and sustainable growth,e-s,positive,commitment,1
1994,Kami fokus meningkatkan efisiensi dan menjaga biaya operasi tetap rendah melalui penerapan teknologi digital.,operational efficiency,e,positive,action,1
1995,Kami fokus meningkatkan efisiensi dan menjaga biaya operasi tetap rendah.,efisiensi operasional,,positive,action,2
1996,Kami fokus meningkatkan efisiensi dan menjaga biaya operasi tetap rendah.,operational efficiency and cost management,s,positive,action,1
1997,Kami fokus pada efisiensi dan menjaga biaya operasi tetap rendah.,efisiensi operasional,g,positive,action,1
1998,"Kami hanya dapat berkembang jika kami tumbuh bersama dengan seluruh pemangku kepentingan, yaitu karyawan, mitra bisnis, pemegang saham, petani dan peternak, serta pemasok.",community engagement,e-s-g,positive,commitment,1
1999,"Kami juga akan terus meningkatkan pengelolaan aspek keberlanjutan, tidak hanya aspek ekonomi namun mengintegrasikan aspek Lingkungan, Sosial, dan Tata kelola (LST) yang lebih seimbang.",esg integration,none,positive,commitment,1
2000,"Kami juga akan terus meningkatkan pengelolaan aspek keberlanjutan, tidak hanya aspek ekonomi namun mengintegrasikan aspek Lingkungan, Sosial, dan Tata kelola (LST) yang lebih seimbang.",integrated esg management,e,positive,commitment,3
2001,"Kami juga akan terus meningkatkan pengelolaan aspek keberlanjutan, tidak hanya aspek ekonomi namun mengintegrasikan aspek Lingkungan, Sosial, dan Tata kelola (LST) yang lebih seimbang.",integrated sustainability management,e-s-g,positive,commitment,1
2002,Kami juga bangga melihat komitmen Perseroan dalam mengurangi jejak lingkungan melalui berbagai program dan kebijakan yang sejalan dengan tujuan global terkait penanganan perubahan iklim dan perlindungan ekosistem.,environmental footprint reduction,e,positive,outcome,1
2003,Kami juga berkomitmen untuk mendukung peta jalan Ekonomi Hijau dan Pembangunan Berkelanjutan serta Net Zero Emission (NZE) Indonesia sebagai bagian dari upaya nasional dalam menghadapi tantangan perubahan iklim.,green economy roadmap,e,positive,commitment,1
2004,Kami juga berkomitmen untuk meningkatkan kesadaran masyarakat terkait pengelolaan keuangan pribadi melalui kegiatan literasi keuangan yang rutin kami laksanakan setiap tahunnya.,increasing public awareness of personal financial management,s,positive,commitment,1
2005,"Kami juga berusaha menggunakan material ramah lingkungan dalam kegiatan produksi, termasuk mengurangi penggunaan plastik dan menggunakan kembali semua material yang dapat dipakai ulang.",environmentally friendly materials,g,positive,commitment,1
2006,"Kami juga berusaha menggunakan material ramah lingkungan dalam kegiatan produksi, termasuk mengurangi penggunaan plastik dan menggunakan kembali semua material yang dapat dipakai ulang.",penggunaan material ramah lingkungan,s,positive,commitment,1
2007,"Kami juga berusaha menggunakan material ramah lingkungan dalam kegiatan produksi, termasuk mengurangi penggunaan plastik dan menggunakan kembali semua material yang dapat dipakai ulang.",sustainable materials,none,positive,commitment,3
2008,"Kami juga berusaha menggunakan material ramah lingkungan dalam kegiatan produksi, termasuk mengurangi penggunaan plastik.",sustainable materials,s,positive,commitment,1
2009,"Kami juga melakukan berbagai investasi untuk mendapatkan berbagai platform teknologi, yang memungkinkan kolaborasi dan",technology investment,g,positive,action,1
2010,"Kami juga melakukan berbagai investasi untuk mendapatkan berbagai platform teknologi, yang memungkinkan kolaborasi dan pelaksanaan berbagai kegiatan dapat berjalan secara ""seamless"".",digital transformation,e,positive,action,1
2011,"Kami juga melakukan berbagai investasi untuk mendapatkan berbagai platform teknologi, yang memungkinkan kolaborasi dan pelaksanaan berbagai kegiatan dapat berjalan secara ""seamless"".",investasi dalam platform teknologi,e,positive,action,1
2012,"Kami juga melakukan berbagai investasi untuk mendapatkan berbagai platform teknologi, yang memungkinkan kolaborasi dan pelaksanaan berbagai kegiatan dapat berjalan secara ""seamless"".",technology investment,g,positive,action,1
2013,Kami juga memanfaatkan energi terbarukan bersumber dari panel surya yang terpasang di tiga gedung dengan jumlah 727 unit.,renewable energy usage,e-s-g,positive,outcome,1
2014,Kami juga memanfaatkan energi terbarukan bersumber dari panel surya yang terpasang di tiga gedung dengan jumlah 727 unit.,use of renewable energy from solar panels,e-s-g,positive,outcome,1
2015,"Kami juga memanfaatkan penggunaan teknologi dan platform yang tepat untuk tetap dapat menjangkau semua lapisan masyarakat, terlebih di saat mereka harus banyak beraktivitas di rumah.",pemanfaatan teknologi untuk menjangkau masyarakat,e,positive,action,1
2016,"Kami juga memiliki Green Bond, ESG Repo, dan Sustainability Bond.",sustainable financial instruments,e,positive,outcome,1
2017,Kami juga memiliki strategi keberlanjutan yang menjadi dasar kegiatan usaha kami,sustainability strategy,s,positive,commitment,1
2018,Kami juga memperhatikan kesejahteraan pekerjaan pada masa yang sulit ini.,employee welfare,g,positive,commitment,1
2019,Kami juga memperhatikan kesejahteraan pekerjaan pada masa yang sulit ini.,employee welfare during difficult times,e-s-g,positive,commitment,1
2020,Kami juga memperhatikan kesejahteraan pekerjaan pada masa yang sulit ini.,kesejahteraan pekerja,e,positive,commitment,2
2021,Kami juga mendapatkan Sustainability-linked Loan/SLL dari PT Bank Negara Indonesia (Persero) Tbk (BNI).,sustainable finance,s,positive,outcome,1
2022,Kami juga mendapatkan Sustainability-linked Loan/SLL dari PT Bank Negara Indonesia (Persero) Tbk (BNI).,sustainable financing,s,positive,outcome,1
2023,"Kami juga mendirikan usaha patungan dengan divisi budidaya perairan Hendrix Genetics untuk membangun pusat pembiakan induk (BMC) udang di Indonesia, yang akan meningkatkan efisiensi dan logistik dengan memproduksi induk udang secara lokal.",efisiensi dan logistik,s,positive,outcome,1
2024,"Kami juga mendirikan usaha patungan dengan divisi budidaya perairan Hendrix Genetics untuk membangun pusat pembiakan induk (BMC) udang di Indonesia, yang akan meningkatkan efisiensi dan logistik dengan memproduksi induk udang secara lokal.",joint venture for shrimp breeding center development,none,positive,outcome,1
2025,"Kami juga mendirikan usaha patungan dengan divisi budidaya perairan Hendrix Genetics untuk membangun pusat pembiakan induk (BMC) udang di Indonesia, yang akan meningkatkan efisiensi dan logistik dengan memproduksi induk udang secara lokal.",kemitraan dan efisiensi,e-s,positive,outcome,1
2026,Kami juga mendukung upaya pemerintah dalam penanganan COVID-19 dengan turut serta memberikan berbagai bantuan kepada masyarakat melalui serangkaian program CSR.,government support,g,positive,outcome,1
2027,Kami juga mengadopsi protokol kesehatan yang ketat. Screening test COVID-19 berupa antigen dan swab PCR juga kami lakukan secara berkala bagi karyawan yang Hal ini juga menjadi bentuk tanggung jawab sosial kami dalam menjamin keselamatan dan kesehatan kerja (K3) para karyawan maupun pemangku kepentingan yang lain.,occupational health and safety,e-s-g,positive,action,1
2028,"Kami juga mengelola limbah padat non-B3 sesuai prinsip 3R; reduce (mengurangi), reuse (memanfaatkan kembali), dan recycle (daur ulang).",waste management,e-s,positive,action,1
2029,Kami juga mengembangkan berbagai tayangan dan layanan berbasis teknologi berupa perubahan sistem analog menjadi digital.,technology adoption,e,positive,action,1
2030,Kami juga menggunakan kembali limbah yang memang dapat dimanfaatkan lagi untuk kegiatan produksi.,penggunaan kembali limbah produksi,g,positive,action,1
2031,Kami juga menggunakan kembali limbah yang memang dapat dimanfaatkan lagi untuk kegiatan produksi.,waste management,e-s-g,positive,action,2
2032,Kami juga menggunakan kembali limbah yang memang dapat dimanfaatkan lagi untuk kegiatan produksi.,waste recycling,e,positive,action,1
2033,Kami juga menggunakan kembali limbah yang memang dapat dimanfaatkan lagi untuk kegiatan produksi.,waste reuse,g,positive,action,1
2034,Kami juga meningkatkan teknik beternak kami untuk menghasilkan ternak yang lebih sehat dan terus memperluas jaringan distribusi sebagai bagian dari upaya kami untuk menghasilkan pangan yang terjangkau.,kesehatan ternak,e,positive,action,1
2035,Kami juga meningkatkan teknik beternak kami untuk menghasilkan ternak yang lebih sehat dan terus memperluas jaringan distribusi sebagai bagian dari upaya kami untuk menghasilkan pangan yang terjangkau.,livestock health and distribution expansion,e,positive,action,1
2036,Kami juga mensyaratkan bagi seluruh karyawan untuk menandatangani perjanjian integritas dan kerahasiaan sebagai upaya untuk memastikan terciptanya tranparansi dan kepercayaan para pemangku kepentingan yang berhubungan dengan Perusahaan.,employee integrity agreements,e,positive,outcome,1
2037,Kami juga mensyaratkan bagi seluruh karyawan untuk menandatangani perjanjian integritas dan kerahasiaan sebagai upaya untuk memastikan terciptanya tranparansi dan kepercayaan para pemangku kepentingan yang berhubungan dengan Perusahaan.,integrity agreements,none,positive,outcome,1
2038,Kami juga mensyaratkan bagi seluruh karyawan untuk menandatangani perjanjian integritas dan kerahasiaan sebagai upaya untuk memastikan terciptanya tranparansi dan kepercayaan para pemangku kepentingan.,employee ethics,s,positive,outcome,1
2039,Kami juga mensyaratkan bagi seluruh karyawan untuk menandatangani perjanjian integritas dan kerahasiaan sebagai upaya untuk memastikan terciptanya transparansi dan kepercayaan para pemangku kepentingan yang berhubungan dengan Perusahaan.,ethics and compliance,e,positive,outcome,1
2040,Kami juga terlibat dalam pembelian kredit karbon melalui Bursa Karbon Indonesia yang telah diluncurkan pada 2023 sebagai bentuk dukungan kami terhadap implementasi carbon trading di Indonesia.,involvement in carbon credit purchases,none,positive,action,1
2041,Kami juga terus berupaya mengganti material yang lebih ramah lingkungan kepada penggunakan teknologi yang lebih efisien.,resource efficiency,none,positive,commitment,1
2042,"Kami juga terus melakukan pengembangan produk berkelanjutan sebagai upaya mendukung nasabah khususnya pada high carbon intensive sectors, melalui solusi keuangan seperti Green Loan, Sustainability-Linked Loan, serta Corporate in Transition Financing.",sustainable product development,e-s-g,positive,commitment,1
2043,"Kami juga turut membagi nilai bersama pada 250 perusahaan hiburan lokal yang menjadi bagian dari rantai pasok SCM dengan nilai total kontrak naik 13,12% dari tahun sebelumnya.",supply chain value,e,positive,outcome,1
2044,"Kami kembali memenuhi komitmen dari Sustainability-linked Bond (SLB) yang terbit pada tahun 2021, dengan membangun tiga fasilitas daur ulang sebagai Target Performa Keberlanjutan.",sustainable finance instruments,e-s-g,positive,outcome,1
2045,Kami mampu beradaptasi dan tetap berkomitmen untuk menyediakan protein bergizi yang terjangkau bagi masyarakat luas.,adaptasi dan komitmen,none,positive,outcome,1
2046,Kami mampu beradaptasi dan tetap berkomitmen untuk menyediakan protein bergizi yang terjangkau bagi masyarakat luas.,food security,,positive,commitment,1
2047,Kami mampu beradaptasi dan tetap berkomitmen untuk menyediakan protein bergizi yang terjangkau bagi masyarakat luas.,komitmen protein bergizi,none,positive,commitment,1
2048,"Kami melaksanakan inisiatif digitalisasi melalui aplikasi Livin' untuk nasabah ritel dan Kopra untuk nasabah wholesale, serta mengoperasikan smart branch yang merupakan transformasi digital dari kantor cabang bank sehingga nasabah dapat merasakan layanan keuangan yang cepat, mudah, dan aman.",digitalization initiatives,none,positive,outcome,1
2049,"Kami melaksanakan inisiatif digitalisasi melalui aplikasi Livin' untuk nasabah ritel dan Kopra untuk nasabah wholesale, serta mengoperasikan smart branch yang merupakan transformasi digital dari kantor cabang bank sehingga nasabah dapat merasakan layanan keuangan yang cepat, mudah, dan aman.",inisiatif digitalisasi,s,positive,outcome,1
2050,Kami melakukan Life Cycle Assessment untuk memahami potensi dampak lingkungan dari produk dan proses kami,analisis dampak lingkungan,s,neutral,outcome,1
2051,Kami melakukan Life Cycle Assessment untuk memahami potensi dampak lingkungan dari produk dan proses kami,dampak lingkungan,none,neutral,outcome,1
2052,Kami melakukan Life Cycle Assessment untuk memahami potensi dampak lingkungan dari produk dan proses kami,life cycle assessment,s,neutral,outcome,2
2053,"Kami melakukan Penilaian Daur Hidup (Life Cycle Assessment/LCA) untuk beberapa unit operasional perunggasan, mulai dari produksi pakan ternak sampai produk akhir.",life cycle assessment (lca),g,neutral,outcome,1
2054,Kami melakukan digitalisasi data dan melaksanakan Employee Engagement Survey guna mendapatkan masukan dari karyawan.,employee engagement,e-s-g,positive,action,1
2055,Kami melakukan pengelolaan air limbah dan efisiensi energi sebagai bagian dari upaya keberlanjutan.,pengelolaan lingkungan,e-s-g,positive,action,1
2056,Kami melakukan pengelolaan limbah melalui kontraktor terdaftar dan mengubah kotoran ternak menjadi pupuk.,waste management,s,positive,action,1
2057,Kami melakukan penilaian daur hidup (Life Cycle Assessment / LCA) secara intensif selama dua tahun silam terhadap operasi perunggasan.,life cycle assessment,g,neutral,outcome,1
2058,Kami melakukan peningkatan biosekuriti untuk menjamin kesejahteraan ayam sehingga kami dapat menjaga kestabilan pasekan ayam dalam memenuhi kebutuhan masyarakat.,animal welfare and product safety,s,positive,action,1
2059,Kami melakukan peningkatan biosekuriti untuk menjamin kesejahteraan ayam sehingga kami dapat menjaga kestabilan pasokan ayam dalam memenuhi kebutuhan masyarakat.,animal welfare and product safety,e,positive,action,1
2060,Kami melakukan peningkatan biosekuriti untuk menjamin kesejahteraan ayam.,animal welfare and product safety,g,positive,action,1
2061,Kami melakukan peningkatan efisiensi energi melalui perawatan dan modernisasi peralatan serta mengelola limbah melalui kontraktor yang terdaftar.,energy efficiency,g,positive,action,1
2062,Kami melakukan perbaikan sistem dengan melakukan inovasi digitalisasi data dan melaksanakan Employee Engagement Survey guna mendapatkan masukan dari karyawan mengenai isu-isu yang perlu diperbaiki oleh Perseroan.,employee engagement,s,positive,action,1
2063,Kami melakukan perbaikan sistem dengan melakukan inovasi digitalisasi data dan melaksanakan Employee Engagement Survey.,employee engagement,e-s-g,positive,action,1
2064,Kami melakukan perbaikan sistem melalui inovasi digitalisasi data dan melaksanakan Employee Engagement Survey guna mendapatkan masukan dari karyawan.,employee engagement,none,positive,action,1
2065,Kami melakukan proyek percontohan rainwater harvesting di beberapa unit operasi untuk menghadapi dampak keterbatasan pasokan air.,water stewardship,s,positive,outcome,1
2066,Kami melakukan proyek percontohan rainwater harvesting di beberapa unit operasi.,water stewardship,g,positive,outcome,1
2067,Kami melakukan upaya untuk menjadi warga dunia usaha yang bertanggung jawab terhadap masyarakat di sekitarnya.,corporate social responsibility,e,positive,commitment,1
2068,Kami melakukan wastewater treatment plants di banyak operasional kami untuk meningkatkan kualitas air yang dibuang,pengelolaan limbah,e-s-g,positive,action,1
2069,Kami melaporkan Indeks GRI dan Indeks POJK 51 sebagai bagian dari transparansi laporan keberlanjutan.,transparency and reporting indices,e,positive,action,1
2070,"Kami melaporkan peningkatan penjualan bersih sebesar 21,4% menjadi Rp44,9 triliun.",economic performance,e-s,positive,outcome,1
2071,"Kami melihat bahwa mereka percaya mereka dapat melakukan perubahan dengan memahami dampak lingkungan, sosial dan ekonomi dari kegiatan operasional kami.",dampak operasional,s,positive,commitment,1
2072,"Kami melihat bahwa mereka percaya mereka dapat melakukan perubahan dengan memahami dampak lingkungan, sosial dan ekonomi dari kegiatan operasional kami.","understanding environmental, social and economic impact",s,positive,commitment,1
2073,Kami meluncurkan Sustainability Linked-Bond (SLB) sebesar 350 juta dolar AS pada Maret 2021.,peluncuran sustainability linked-bond,e,positive,action,1
2074,Kami meluncurkan Sustainability-Linked Bond (SLB) pertama di industri agri-food dunia,sustainable financing,e,positive,action,1
2075,"Kami meluncurkan obligasi berbasis keberlanjutan yang memiliki nilai sebesar 350 juta dolar AS dengan tingkat bunga sebesar 5,375% yang akan jatuh tempo pada tahun 2026.",sustainability-linked bond issuance (350 million usd),e,positive,action,1
2076,"Kami memahami bahwa keberlanjutan tidak hanya berfokus pada lingkungan, tetapi juga pada manusia dan kesejahteraan mereka.",keberlanjutan,e,positive,commitment,1
2077,"Kami memahami bahwa media memiliki peran penting dalam memberikan pengetahuan dan penyampaian informasi, termasuk memberikan hiburan yang menyegarkan.",peran media,e-s-g,positive,commitment,1
2078,Kami memahami bahwa protein yang aman dan terjangkau merupakan bagian penting dari pola makan yang sehat.,protein aman dan terjangkau,e,positive,commitment,1
2079,"Kami memandang setiap pencapaian yang tercantum dalam laporan ini merupakan hasil kerja sama antara BRMS dan unit usahanya serta para pemangku kepentingan, yang senantiasa mengintegrasikan nilai-nilai keberlanjutan dalam setiap langkah sepanjang tahun 2024.",stakeholder collaboration,s,positive,outcome,3
2080,Kami memanfaatkan energi terbarukan bersumber dari panel surya yang terpasang di tiga gedung dengan jumlah 727 unit.,pemanfaatan energi terbarukan,g,positive,action,1
2081,Kami memanfaatkan energi terbarukan bersumber dari panel surya yang terpasang di tiga gedung dengan jumlah 727 unit.,renewable energy use,none,positive,action,1
2082,Kami memanfaatkan penggunaan teknologi dan platform yang tepat untuk tetap dapat menjangkau semua lapisan masyarakat.,technology utilization,s,positive,action,1
2083,Kami membangun KEPERCAYAAN dengan menjunjung tinggi komitmen kami untuk membawa diri kami dengan integritas dan rasa tanggung jawab.,ethical business practices,e,positive,commitment,1
2084,Kami membangun KEPERCAYAAN dengan menjunjung tinggi komitmen kami untuk membawa diri kami dengan integritas dan rasa tanggung jawab.,integrity,e,positive,commitment,2
2085,Kami membangun kepercayaan dengan menjunjung tinggi komitmen kami untuk membawa diri kami dengan integritas dan rasa tanggung jawab.,kepercayaan,s,positive,commitment,1
2086,Kami membangun pabrik pengolahan air limbah di unit operasional kami untuk meningkatkan kualitas air yang dibuang,pengolahan air limbah,e-s-g,positive,action,1
2087,Kami membangun pabrik pengolahan air limbah di unit operasional kami untuk meningkatkan kualitas air yang dibuang,wastewater treatment,e,positive,action,2
2088,Kami membantu para korban bencana alam serta terus berkontribusi dalam penanggulangan pandemi Covid-19,community support,g,positive,action,1
2089,"Kami membantu para korban bencana alam serta terus berkontribusi dalam penanggulangan pandemi Covid-19 dalam negeri, di antaranya dengan penyediaan vaksin.",disaster relief and pandemic response,e,positive,action,1
2090,Kami membentuk kerja sama dengan Himpunan Kerukunan Tani Indonesia (HKTI) untuk memperoleh sumber bahan baku berkelanjutan dan traceable.,sustainable and traceable sourcing,s,positive,action,1
2091,Kami membentuk kerja sama dengan Himpunan Kerukunan Tani Indonesia (HKTI) untuk memperoleh sumber bahan baku berkelanjutan dan traceable.,sustainable sourcing,e-s-g,positive,action,6
2092,Kami membentuk kerja sama dengan Himpunan Kerukunan Tani Indonesia (HKTI) untuk memperoleh sumber bahan baku berkelanjutan dan traceable.,sustainable sourcing partnerships,g,positive,action,1
2093,Kami memberikan apresiasi setinggi-tingginya kepada seluruh pemangku kepentingan atas dukungan dan kepercayaannya selama ini.,stakeholder appreciation,e-s,positive,action,1
2094,"Kami memberikan bantuan untuk Covid-19, termasuk penyediaan makanan dan dukungan kesehatan bagi masyarakat yang terdampak.",community health support,e,positive,action,1
2095,Kami memelopori konsep live streaming event untuk mengurangi kesenjangan masyarakat dalam mengakses tayangan hiburan dan informasi.,accessibility,e-s-g,positive,action,1
2096,Kami memfasilitasi donasi dari pemirsa untuk beberapa kegiatan tanggung jawab sosial.,donasi untuk kegiatan tanggung jawab sosial,e-s-g,positive,action,1
2097,Kami memfokuskan diri untuk memberikan atau menghasilkan produk unggulan dan pelayanan yang sangat berasing dan membina hubungan yang saling menguntungkan.,customer satisfaction,none,positive,commitment,1
2098,"Kami memfokuskan strategi keberlanjutan kami dalam tiga pilar, yaitu sistem produksi yang efisien melalui operasi berskala besar dan teknologi mutakhir, pengelolaan sumber daya manusia dan pengetahuan, dan perbaikan nutrisi.",sustainability strategy,g,positive,commitment,5
2099,Kami memiliki 30.995 karyawan penuh waktu yang terdiri dari karyawan tetap dan kontrak.,workforce composition,none,neutral,outcome,1
2100,Kami memiliki Komite Keberlanjutan untuk mengawasi praktik ESG.,tata kelola perusahaan,e,positive,action,1
2101,Kami memiliki Komite Keberlanjutan yang mengawasi implementasi strategi keberlanjutan.,sustainability committee governance,e,positive,action,1
2102,Kami memiliki Pedoman Pelaksanaan TJSL yang menjadi panduan dalam melakukan kegiatan tanggung jawab sosial dan lingkungan.,corporate social responsibility,s,positive,action,1
2103,Kami memiliki Pedoman Pelaksanaan TJSL yang menjadi panduan dalam melakukan kegiatan.,pedoman pelaksanaan tjsl,none,positive,action,1
2104,"Kami memiliki Women Leadership Program dan Program Srikandi Mandiri, di mana kami memberikan pelatihan terkait kepemimpinan dan mentoring kepada pegawai perempuan.",program kepemimpinan perempuan,s,positive,action,1
2105,"Kami memiliki Women Leadership Program dan Program Srikandi Mandiri, di mana kami memberikan pelatihan terkait kepemimpinan dan mentoring kepada pegawai perempuan.",women leadership program,e,positive,action,1
2106,"Kami memiliki Women Leadership Program dan Program Srikandi Mandiri, di mana kami memberikan pelatihan terkait kepemimpinan dan mentoring kepada pegawai perempuan.",women leadership programs,,positive,action,1
2107,Kami memiliki berbagai program untuk melibatkan mereka agar dapat berkembang menuju kesejahteraan bersama.,community development,e-s-g,positive,commitment,1
2108,Kami memiliki empat gedung yang ramah lingkungan dan satu gedung yang tersertifikasi Green Building.,gedung ramah lingkungan,e,positive,outcome,1
2109,Kami memiliki empat gedung yang ramah lingkungan dan satu gedung yang tersertifikasi Green Building.,green buildings,g,positive,outcome,1
2110,Kami memiliki komitmen untuk mengurangi dampak lingkungan dari operasional kami.,lingkungan,e-s-g,positive,commitment,1
2111,Kami memiliki lebih dari 30.000 karyawan yang tersebar di seluruh Indonesia,employee base,g,neutral,outcome,1
2112,Kami memiliki misi untuk menjadi penyedia terkemuka dan terpercaya di bidang produk pangan berprotein terjangkau di Indonesia.,misi,s,positive,commitment,1
2113,"Kami memiliki model bisnis terintegrasi secara vertikal yang meliputi hulu, tengah, dan hilir.",model bisnis,e-s-g,positive,outcome,1
2114,"Kami memiliki model bisnis terintegrasi vertikal yang mencakup seluruh rantai nilai untuk produk protein kami, mulai dari produksi pakan dan pembibitan, hingga peternakan dan pengolahan komersial.",bisnis terintegrasi,e,positive,outcome,1
2115,"Kami memiliki model bisnis terintegrasi vertikal yang mencakup seluruh rantai nilai untuk produk protein kami, mulai dari produksi pakan dan pembibitan, hingga peternakan dan pengolahan komersial.",model bisnis,none,positive,outcome,2
2116,"Kami memiliki model bisnis terintegrasi vertikal yang mencakup seluruh rantai nilai untuk produk protein kami, mulai dari produksi pakan dan pembibitan, hingga peternakan dan pengolahan komersial.",model bisnis terintegrasi,e-s-g,positive,outcome,2
2117,"Kami memiliki model bisnis terintegrasi vertikal yang mencakup seluruh rantai nilai untuk produk protein kami, mulai dari produksi pakan dan pembibitan, hingga peternakan dan pengolahan komersial.",vertically integrated business model,e,positive,outcome,1
2118,Kami memiliki pengalaman teruji di bidang perlemakan dan di kawasan berkembang Asia.,industry experience,,positive,outcome,1
2119,Kami memiliki sistem pelaporan pelanggaran (Whistleblowing System).,anti-corruption policy,e,positive,action,1
2120,Kami memiliki strategi keberlanjutan yang menjadi dasar kegiatan usaha kami: Terus berkembang dan meningkatkan produktivitas tim serta berkomitmen untuk berinvestasi dalam program pelatihan dan pendidikan di dalam perseroan.,strategi keberlanjutan,none,positive,commitment,1
2121,Kami memiliki visi untuk menjadi penyedia terkemuka dan terpercaya di bidang produk pangan berprotein terjangkau di Indonesia.,visi,e,positive,commitment,2
2122,Kami memperhatikan kesejahteraan pekerja pada masa sulit ini.,kesejahteraan pekerja,s,positive,action,1
2123,Kami memperhatikan kesejahteraan pekerja pada masa yang sulit ini.,employee welfare,g,positive,action,1
2124,Kami memperkuat komitmen kami untuk kegiatan berkelanjutan dengan membentuk Komite Keberlanjutan selama periode pelaporan ini,komitmen keberlanjutan,e,positive,action,1
2125,Kami memperkuat komitmen kami untuk kegiatan berkelanjutan dengan membentuk Komite Keberlanjutan selama periode pelaporan ini,sustainability commitment,e-s-g,positive,action,1
2126,Kami memperkuat komitmen kami untuk kegiatan berkelanjutan dengan membentuk Komite Keberlanjutan selama periode pelaporan ini.,komitmen keberlanjutan,s,positive,action,1
2127,Kami memperoleh data kepegawaian kami dengan dua sistem yang berkesinambungan guna mendapatkan masukan dari karyawan.,employee data digitalization,e-s-g,positive,action,2
2128,Kami memperoleh data kepegawaian kami dengan dua sistem yang berkesinambungan guna mendapatkan masukan dari karyawan.,employee feedback,,positive,action,1
2129,Kami mempertahankan seluruh pekerja yang ada dan memberikan seluruh imbal jasa pekerjaan yang menjadi hak karyawan.,employment,e,positive,action,1
2130,Kami mempertahankan seluruh pekerja yang ada dan tetap memberikan seluruh imbal jasa pekerjaan yang menjadi hak karyawan.,employment retention,e-s-g,positive,action,1
2131,Kami mempertahankan seluruh pekerja yang ada selama pandemi.,employee retention,s,positive,action,1
2132,Kami mempertahankan seluruh pekerja yang ada. Kami tetap memberikan seluruh imbal jasa pekerjaan yang menjadi hak karyawan.,employment stability,s,positive,action,1
2133,Kami memprakarsai rainwater harvesting system di beberapa unit operasional untuk mengurangi ketergantungan kami terhadap air tanah,pengelolaan air,e,positive,action,1
2134,Kami memprakarsai rainwater harvesting system di beberapa unit operasional untuk mengurangi ketergantungan kami terhadap air tanah,water conservation,e-s-g,positive,action,1
2135,Kami memprakasai rainwater harvesting system di beberapa unit operasional untuk mengurangi ketergantungan kami terhadap air tanah,penggunaan air hujan,e-s,positive,action,1
2136,Kami memprakasai rainwater harvesting system di beberapa unit operasional untuk mengurangi ketergantungan kami terhadap air tanah,rainwater harvesting system,,positive,action,1
2137,Kami memproduksi pakan dengan kualitas terbaik melalui sistem produksi yang efisien.,feed quality,none,positive,outcome,2
2138,Kami memproduksi pakan dengan kualitas terbaik melalui sistem produksi yang efisien.,high-quality feed production,s,positive,outcome,1
2139,Kami memproduksi pakan dengan kualitas terbaik melalui sistem produksi yang efisien.,product quality,s,positive,outcome,2
2140,Kami memulai Penilaian Daur Hidup (LCA) untuk menentukan dampak lingkungan dari produk kami.,penilaian dampak lingkungan,none,positive,action,1
2141,Kami memulai Penilaian Daur Hidup (LCA) untuk menentukan potensi dampak lingkungan dari seluruh daur hidup produk kami.,environmental impact assessment,e,positive,action,1
2142,Kami memulai Penilaian Daur Hidup (Life Cycle Assessment/LCA) untuk menentukan potensi dampak lingkungan dari seluruh daur hidup produk kami.,environmental impact assessment,none,positive,action,1
2143,Kami memulai tahun 2018 ini dengan menyelaraskan kegiatan bisnis kami dengan tujuan pembangunan berkelanjutan.,sustainable development,none,positive,commitment,3
2144,"Kami menanamkan empati dalam tindakan PEDULI kami, baik itu melalui pelayanan yang tulus maupun bantuan kepada mereka yang membutuhkan bantuan.",social care,none,positive,action,1
2145,Kami menaruh hormat kepada pemangku kepentingan kami serta lingkungan di mana kami beroperasi.,stakeholder respect,e-s-g,positive,commitment,1
2146,Kami mencatat sejumlah isu utama dan harapan pemangku kepentingan yang perlu mendapatkan perhatian besar dari manajemen dikarenakan potensi dampaknya yang dapat menghambat upaya Perseroan dan entitas anaknya untuk mempertahankan keberlanjutan usahanya dalam jangka panjang.,community engagement,e-s,neutral,outcome,1
2147,Kami mencatat sejumlah isu utama dan harapan pemangku kepentingan yang perlu mendapatkan perhatian besar dari manajemen dikarenakan potensi dampaknya yang dapat menghambat upaya Perseroan dan entitas anaknya untuk mempertahankan keberlanjutan usahanya dalam jangka panjang.,keberlanjutan usaha,e-s-g,neutral,outcome,1
2148,Kami mencatatkan 0 (nol) kecelakaan kerja yang mengakibatkan hilangnya hari kerja (Lost Time Injury Frequency Rate/LTIFR) pada tahun 2023.,workplace safety,s,positive,outcome,1
2149,"Kami mencatatkan beberapa pencapaian selama periode pelaporan, termasuk mempertahankan kepemirsaan tinggi untuk SCTV dan Indosiar.",economic performance,none,positive,outcome,1
2150,Kami mendorong pemanfaatan 136 unit kendaraan listrik sebagai kendaraan operasional.,electric vehicle adoption,s,positive,action,1
2151,Kami mendorong pemanfaatan 136 unit kendaraan listrik sebagai kendaraan operasional.,pemanfaatan kendaraan listrik,e,positive,action,1
2152,Kami mendukung komunitas lokal melalui berbagai program pengembangan masyarakat.,community development,none,positive,action,1
2153,Kami mendukung pendidikan melalui program Japfa for Education.,pendidikan masyarakat,s-g,positive,action,1
2154,"Kami menekuni nilai keberlanjutan untuk “Berkembang Menuju Kesejahteraan Bersama”, yang sudah ditanamkan oleh ayah saya sejak saat mendirikan Japfa pada 50 tahun silam.",core sustainability vision,e,positive,commitment,1
2155,"Kami menerapkan Kode Etik Pemasok Japfa untuk mewujudkan praktik pengadaan yang etis, bertanggung jawab, dan berkelanjutan.",ethical supply chain practices,none,positive,action,1
2156,Kami menerapkan kebijakan bekerja dari rumah dan protokol kesehatan yang ketat untuk menjamin keselamatan dan kesehatan kerja (K3) para karyawan.,occupational health and safety,s,positive,action,1
2157,Kami menerapkan rantai produksi terintegrasi untuk meningkatkan kinerja dan efisiensi,operational efficiency,s,positive,action,1
2158,Kami menerapkan rantai produksi yang terintegrasi untuk meningkatkan kinerja dan efisiensi secara terus menerus.,integrated production chain,g,positive,action,1
2159,Kami menerapkan sistem traceability sampai ke peternakan untuk menjamin keamanan pangan.,supply chain transparency,,positive,action,1
2160,Kami menerapkan teknologi digital untuk menjaga operasi yang aman dan efektif.,inovasi teknologi,none,positive,action,1
2161,"Kami menerapkan tiga pilar keberlanjutan Japfa yaitu, sistem produksi yang efisien, pengembangan sumber daya manusia dan peningkatan nutrisi bagi masyarakat.",sustainability pillars,s,positive,commitment,1
2162,"Kami menerapkan tiga pilar keberlanjutan: sistem produksi efisien, pengembangan SDM, dan peningkatan nutrisi",sustainability strategy,none,positive,commitment,1
2163,Kami menetapkan target untuk menggunakan teknologi yang lebih hemat energi dan mengurangi pemakaian kertas.,sustainable technology,e,positive,commitment,1
2164,Kami mengacu pada POJK 51/2017 tentang Penerapan Keuangan Berkelanjutan yang memberikan kerangka kerja bagi sektor jasa keuangan untuk mengintegrasikan aspek LST dalam praktik bisnis.,regulatory compliance,,positive,action,1
2165,Kami mengadopsi protokol kesehatan yang ketat bagi tim yang bekerja di kantor/studio.,workplace safety,s,positive,action,1
2166,Kami mengadopsi protokol kesehatan yang ketat dan melakukan screening test COVID-19 secara berkala bagi karyawan.,occupational health & safety,s,positive,action,1
2167,Kami mengadopsi protokol kesehatan yang ketat untuk melindungi karyawan dan pemangku kepentingan lainnya.,protokol kesehatan,s,positive,action,1
2168,Kami mengadopsi protokol kesehatan yang ketat. Screening test COVID-19 [...] kami lakukan secara berkala bagi karyawan.,occupational health & safety,e,positive,action,1
2169,"Kami mengatur proses produksi konten, termasuk pembuatan sinetron, film layar lebar, serta berbagai jenis pertunjukan hiburan lain.",content production,e,positive,action,1
2170,Kami mengatur strategi produksi dan terus menjaga kepercayaan semua pemirsa dengan menyajikan informasi yang memiliki kredibilitas.,media ethics,e,positive,commitment,1
2171,Kami mengatur strategi produksi dan terus menjaga kepercayaan semua pemirsa dengan menyajikan informasi yang memiliki kredibilitas.,production strategy,none,positive,commitment,1
2172,Kami mengatur strategi produksi dan terus menjaga kepercayaan semua pemirsa dengan menyajikan informasi yang memiliki kredibilitas.,strategi produksi,e,positive,commitment,1
2173,"Kami mengembangkan Japfa Sustainability Reporting System (""JSRS"") untuk mengumpulkan data lingkungan dan sumber daya manusia untuk memantau dan meningkatkan kegiatan keberlanjutan kami",japfa sustainability reporting system,none,positive,action,1
2174,Kami mengembangkan Japfa Sustainability Reporting System (ISRS) untuk mengumpulkan data lingkungan dan sumber daya manusia untuk memantau dan meningkatkan kegiatan keberlanjutan kami,sistem pelaporan keberlanjutan,s,positive,action,1
2175,Kami mengembangkan Japfa Sustainability Reporting System (JSRS) untuk mengumpulkan data lingkungan dan sumber daya manusia untuk memantau dan meningkatkan kegiatan keberlanjutan kami,pelaporan keberlanjutan,e,positive,action,1
2176,Kami mengembangkan Japfa Sustainability Reporting System (JSRS) untuk mengumpulkan data lingkungan dan sumber daya manusia untuk memantau dan meningkatkan kegiatan keberlanjutan kami,sustainability reporting,none,positive,action,1
2177,Kami mengembangkan berbagai platform digital untuk merespon tantangan perubahan iklim.,digital innovation,e,positive,action,1
2178,"Kami mengembangkan dan menerapkan kebijakan kredit yang mengintegrasikan aspek-aspek LST di dalamnya, serta memberikan kebijakan kredit sektoral sebagai ketentuan yang mengikat bagi kegiatan usaha yang dipertimbangkan memiliki risiko LST tinggi.",esg-integrated credit policy,s,positive,action,1
2179,Kami mengembangkan platform digital dan virtual event yang membantu mengurangi kesenjangan akses informasi sekaligus menghemat energi.,digital innovation for sustainability,none,positive,action,1
2180,Kami menggunakan kembali limbah yang memang dapat dimanfaatkan lagi untuk kegiatan produksi.,waste management,e-s,positive,action,1
2181,Kami menghadirkan konser virtual menggunakan virtual set untuk terus dapat memuaskan penonton karena tidak adanya on the ground event selama pandemi.,inovasi teknologi,e-s-g,positive,action,1
2182,Kami mengidentifikasinya secara periodik dan menggulirkan inisiatif-inisiatif untuk memitigasi risiko perubahan iklim.,environmental protection,e,positive,action,1
2183,"Kami menginvestasikan USD 487.338 dalam program pengembangan masyarakat, yang mencakup pendidikan, kesehatan, dan pemberdayaan ekonomi.",community development investment,none,positive,action,1
2184,"Kami meningkatkan pengelolaan limbah dengan menerapkan prinsip reduce, reuse, dan recycle.",waste management,none,positive,action,1
2185,Kami meningkatkan teknik beternak kami untuk menghasilkan ternak yang lebih sehat.,kesejahteraan hewan,none,positive,action,1
2186,Kami meningkatkan teknik beternak untuk menghasilkan ternak yang lebih sehat.,animal welfare and product safety,s,positive,action,1
2187,Kami menjaga kepercayaan semua pemirsa kami dengan mengelola informasi yang kredibel.,informasi kredibel,e,positive,commitment,1
2188,Kami menjaga kepercayaan semua pemirsa kami dengan mengelola informasi yang kredibel.,information credibility,s,positive,commitment,2
2189,Kami menjaga kepercayaan semua pemirsa kami dengan mengelola informasi yang kredibel.,kepercayaan pemirsa melalui informasi kredibel,e-s-g,positive,commitment,1
2190,Kami menjaga kepercayaan semua pemirsa kami dengan mengelola informasi yang kredibel.,kredibilitas informasi,s-g,positive,commitment,1
2191,Kami menjaga kepercayaan semua pemirsa kami dengan mengelola informasi yang kredibel.,media ethics,e,positive,commitment,4
2192,Kami menjalankan program JAPFA for Kids untuk pendidikan gizi seimbang bagi anak-anak dan guru.,community engagement,e,positive,action,1
2193,Kami menjunjung tinggi etika dan nilai perusahaan dari generasi ke generasi sebagai warisan yang selalu kami pertahankan dan pelihara.,business ethics and transparency,s,positive,commitment,1
2194,Kami menjunjung tinggi etika dan nilai perusahaan dari generasi ke generasi sebagai warisan yang selalu kami pertahankan dan pelihara.,corporate ethics,none,positive,commitment,2
2195,Kami menjunjung tinggi etika dan nilai perusahaan dari generasi ke generasi sebagai warisan yang selalu kami pertahankan dan pelihara.,ethical values,none,positive,commitment,1
2196,"Kami menyadari adanya risiko perubahan iklim yang ekstrem, yang dapat memengaruhi semua aspek kehidupan manusia, termasuk dunia usaha.",climate change awareness,s,neutral,commitment,1
2197,Kami menyadari bahwa selama ini usaha yang kami lakukan sebenarnya juga telah memberikan kontribusi bagi pembangunan berkelanjutan dengan berusaha untuk mengurangi kelaparan dan mencukupi kebutuhan protein bagi masyarakat Indonesia secara efisien (50% ns. 2).,contribution to sustainable development,e,positive,outcome,1
2198,Kami menyadari bahwa selama ini usaha yang kami lakukan sebenarnya juga telah memberikan kontribusi bagi pembangunan berkelanjutan dengan berusaha untuk mengurangi kelaparan dan mencukupi kebutuhan protein bagi masyarakat Indonesia secara efisien (50% ns. 2).,sustainable development,e,positive,outcome,1
2199,Kami menyadari bahwa selama ini usaha yang kami lakukan sebenarnya juga telah memberikan kontribusi bagi pembangunan berkelanjutan dengan berusaha untuk mengurangi kelaparan dan mencukupi kebutuhan protein bagi masyarakat Indonesia secara efisien.,food security,e,positive,outcome,1
2200,Kami menyadari bahwa selama ini usaha yang kami lakukan sebenarnya juga telah memberikan kontribusi bagi pembangunan berkelanjutan dengan berusaha untuk mengurangi kelaparan dan mencukupi kebutuhan protein bagi masyarakat Indonesia secara efisien.,sustainable development goals,none,positive,outcome,2
2201,"Kami menyadari pentingnya keseimbangan aspek lingkungan, sosial, dan tata kelola (LST).",keseimbangan lst,e-s-g,positive,commitment,1
2202,"Kami menyadari pentingnya keseimbangan aspek lingkungan, sosial, dan tata kelola (LST).",sustainability governance,e,positive,commitment,1
2203,"Kami menyadari, perubahan akan selalu terjadi dengan cepat dan kami harus mampu beradaptasi dengan tepat.",adaptability,e,positive,commitment,1
2204,Kami menyajikan program yang menyenangkan dan mengembangkan platform digital over-the-top (OTT).,digital platform development,e,positive,action,1
2205,"Kami menyediakan produk dan layanan keuangan yang telah disesuaikan dengan kebutuhan masyarakat, serta dapat diakses melalui kantor-kantor cabang Bank, layanan digital, Agen Mandiri, serta pihak-pihak lainnya yang bekerja sama dengan Bank untuk menyediakan layanan keuangan.",akses layanan keuangan,none,positive,action,1
2206,"Kami menyediakan produk dan layanan keuangan yang telah disesuaikan dengan kebutuhan masyarakat, serta dapat diakses melalui kantor-kantor cabang Bank, layanan digital, Agen Mandiri, serta pihak-pihak lainnya yang bekerja sama dengan Bank untuk menyediakan layanan keuangan.",financial product accessibility,none,positive,action,1
2207,Kami menyelaraskan upaya-upaya ini dengan pilar keberlanjutan Japfa untuk memberikan arah yang jelas menuju target kami.,alignment with sustainability pillars,e,positive,commitment,1
2208,Kami menyempurnakan Japfa Sustainability Reporting System (JSRS) dengan menambahkan cakupan yang relevan.,sustainability reporting,e-s-g,positive,action,1
2209,"Kami menyertakan 283 karyawan pada program pelatihan dengan total jam pelatihan sebanyak 757,5 jam",employee training,e-s-g,positive,action,1
2210,"Kami menyertakan 283 karyawan pada program pelatihan dengan total jam pelatihan sebanyak 757,5 jam.",employee training,,positive,action,1
2211,Kami menyusun rencana aksi dalam aspek sosial karena keberlanjutan menuntut kesiapan semua orang.,social sustainability,none,positive,commitment,1
2212,Kami menyusun rencana aksi yang terstruktur untuk mengurangi emisi gas rumah kaca dan berkontribusi dalam mitigasi perubahan iklim.,ghg emissions reduction,s,positive,commitment,1
2213,Kami merasa bangga dengan kemajuan yang telah dicapai sejauh ini.,progress,e,positive,outcome,1
2214,Kami merespon tantangan perubahan iklim dengan mengembangkan berbagai platform digital.,climate change adaptation,s,positive,action,1
2215,Kami merespons isu dan harapan tersebut dengan merumuskan strategi dan kebijakan untuk memenuhi tanggung jawab kami untuk menciptakan keberlanjutan usaha,sustainability strategy,e,positive,commitment,1
2216,Kami merespons isu dan harapan tersebut dengan merumuskan strategi dan kebijakan untuk memenuhi tanggung jawab kami untuk menciptakan keberlanjutan usaha.,strategic response to stakeholder expectations,s-g,positive,commitment,1
2217,Kami merespons isu dan harapan tersebut dengan merumuskan strategi dan kebijakan untuk memenuhi tanggung jawab kami untuk menciptakan keberlanjutan usaha.,sustainability strategy and policy formulation,none,positive,commitment,1
2218,Kami mewujudkan kepedulian kami pada pelanggan dengan memberikan layanan yang komprehensif,customer service,s,positive,action,1
2219,Kami mewujudkan kepedulian kami pada pelanggan dengan memberikan layanan yang komprehensif,kepuasan pelanggan,e,positive,action,1
2220,Kami mewujudkan kepedulian kami pada pelanggan dengan memberikan layanan yang komprehensif,layanan pelanggan,s,positive,action,1
2221,Kami mulai menulis laporan keberlanjutan sejak tahun 2015 dan kami sadar bahwa nilai inti dari keberlanjutan sebenarnya selalu tertanam dalam kegiatan operasi kami sehari-hari dari sejak awal.,sustainability reporting,none,positive,commitment,4
2222,"Kami optimis bahwa melalui model bisnis yang terintegrasi vertikal, disertai inovasi, riset dan praktik bisnis yang bertanggung jawab, kami dapat terus melanjutkan perjalanan kami",sustainable business model,g,positive,commitment,1
2223,"Kami optimis bahwa melalui model bisnis yang terintegrasi vertikal, disertai inovasi, riset dan praktik bisnis yang bertanggung jawab, kami dapat terus melanjutkan perjalanan kami",vertically integrated business model with innovation,e,positive,commitment,1
2224,"Kami optimis bahwa melalui model bisnis yang terintegrasi vertikal, disertai inovasi, riset dan praktik bisnis yang bertanggung jawab, kami dapat terus melanjutkan perjalanan kami.",business model,none,positive,commitment,1
2225,"Kami optimis bahwa melalui model bisnis yang terintegrasi vertikal, disertai inovasi, riset dan praktik bisnis yang bertanggung jawab, kami dapat terus melanjutkan perjalanan kami.",sustainable business model,s,positive,commitment,1
2226,"Kami percaya aspek lingkungan, sosial dan tata kelola (ESG) bersama dengan kinerja ekonomi perusahaan adalah pendorong utama untuk membangun bisnis yang berkelanjutan.",esg dan kinerja ekonomi,e,positive,commitment,2
2227,"Kami percaya aspek lingkungan, sosial dan tata kelola (ESG) bersama dengan kinerja ekonomi perusahaan adalah pendorong utama untuk membangun bisnis yang berkelanjutan.",esg integration,e-s-g,positive,commitment,1
2228,"Kami percaya aspek lingkungan, sosial dan tata kelola (ESG) bersama dengan kinerja ekonomi perusahaan adalah pendorong utama untuk membangun bisnis yang berkelanjutan.",integrated esg approach,none,positive,commitment,1
2229,"Kami percaya bahwa melalui kolaborasi yang erat dengan pemangku kepentingan, termasuk nasabah, mitra bisnis, dan komunitas lokal, kita dapat menciptakan dampak yang signifikan.",stakeholder collaboration,,positive,commitment,1
2230,"Kami percaya komitmen dan upaya kami akan berkontribusi pada pembangunan berkelanjutan, terutama dalam mengurangi kelaparan dengan menyediakan makanan protein hewani yang terjangkau dan bergizi, serta melestarikan bumi melalui sistem produksi yang efisien, yang selaras dengan Tujuan Pembangunan Keberlanjutan PBB ke-2.",kontribusi pembangunan berkelanjutan,,positive,commitment,1
2231,Kami reduced Scope 1 emisi oleh 15% pada tahun 2023.,emisi reduction,none,positive,outcome,1
2232,"Kami sangat gembira melihat bahwa orang-orang benar-benar termotivasi untuk melakukan ini, dari dalam hati mereka.",motivasi karyawan,none,positive,outcome,1
2233,Kami sangat percaya kepada INOVASI yang mengagumkan yang hanya dapat berkembang di dalam budaya yang mendukung keterbukaan dan keberanian untuk mencoba.,innovation,g,positive,commitment,1
2234,Kami sangat percaya kepada INOVASI yang mengagumkan yang hanya dapat berkembang di dalam budaya yang mendukung keterbukaan dan keberanian untuk mencoba.,innovation culture,s,positive,commitment,1
2235,Kami secara konsisten berupaya untuk melakukan pengelolaan lingkungan sesuai dengan ketentuan peraturan perundang-undang yang berlaku.,environmental compliance,e,positive,commitment,1
2236,Kami secara konsisten berupaya untuk melakukan pengelolaan lingkungan sesuai dengan ketentuan peraturan perundang-undangan yang berlaku.,environmental compliance,g,positive,commitment,2
2237,Kami secara konsisten berupaya untuk melakukan pengelolaan lingkungan sesuai dengan ketentuan peraturan perundang-undangan yang berlaku.,regulatory compliance,s,positive,commitment,1
2238,"Kami secara konsisten mendukung para peternak dan petambak sebagai bagian penting dari operasional kami, di antaranya dengan memberikan program pendidikan dan pelatihan, pendampingan teknis, serta pengembangan di pusat-pusat penelitian yang berdampak positif pada penghidupan mereka.",community development,e-s-g,positive,action,1
2239,"Kami secara konsisten mendukung para peternak dan petambak sebagai bagian penting dari operasional kami, di antaranya dengan memberikan program pendidikan dan pelatihan, pendampingan teknis, serta pengembangan di pusat-pusat penelitian yang berdampak positif pada penghidupan mereka.",dukungan terhadap peternak dan petambak,none,positive,action,1
2240,"Kami secara konsisten mendukung para peternak dan petambak sebagai bagian penting dari operasional kami, di antaranya dengan memberikan program pendidikan dan pelatihan, pendampingan teknis, serta pengembangan di pusat-pusat penelitian yang berdampak positif pada penghidupan mereka.",farmer support,e-s,positive,action,1
2241,"Kami secara konsisten mendukung para peternak dan petambak sebagai bagian penting dari operasional kami, di antaranya dengan memberikan program pendidikan dan pelatihan, pendampingan teknis, serta pengembangan di pusat-pusat penelitian yang berdampak positif pada penghidupan mereka.",support for farmers and fish farmers,e-s-g,positive,action,1
2242,Kami secara konsisten mendukung para peternak dan petambak sebagai bagian penting dari operasional kami.,peternak dan petambak,e,positive,action,1
2243,Kami secara terus menerus berupaya untuk selalu meningkatkan kinerja kami sebagai penghasil protein di Indonesia.,performance improvement,,positive,commitment,3
2244,Kami secara terus menerus berupaya untuk selalu meningkatkan kinerja kami sebagai penghasil protein di Indonesia.,protein production,g,positive,commitment,3
2245,Kami semakin memperkuat tata kelola Perusahaan dengan mengadopsi kemajuan teknologi serta mendigitalisasi proses-proses di Perusahaan.,corporate governance,s,positive,action,1
2246,Kami senantiasa bersikap independen serta berimbang.,independence and balance,e,positive,commitment,1
2247,Kami senantiasa bersikap independen serta berimbang.,independensi dan keseimbangan media,s,positive,commitment,1
2248,Kami senantiasa bersikap independen serta berimbang.,kemandirian dan keseimbangan,g,positive,commitment,2
2249,Kami senantiasa bersikap independen serta berimbang.,media ethics,none,positive,commitment,4
2250,Kami senantiasa bertujuan meraih imbal hasil investasi yang lebih baik.,investment returns,e,positive,commitment,2
2251,"Kami senantiasa berupaya untuk menjadi tempat kerja pilihan bagi Mandirian, khususnya perempuan.",gender diversity and inclusion,s,positive,commitment,1
2252,"Kami senantiasa berupaya untuk menjadi tempat kerja pilihan bagi Mandirian, khususnya perempuan.",kesetaraan gender di tempat kerja,e,positive,commitment,1
2253,"Kami senantiasa berupaya untuk menjadi tempat kerja pilihan bagi Mandirian, khususnya perempuan.",workplace of choice,e,positive,commitment,1
2254,Kami senantiasa berupaya untuk menjalankan usaha dengan standar kualitas tertinggi dengan penerapan teknologi dan praktik tata kelola perusahaan terbaik dengan tetap berkontribusi nyata pada agenda lingkungan - perubahan iklim melalui pengelolaan hutan lestari dan agenda sosial dan budaya - pengembangan sumber daya manusia dan masyarakat sekitar.,environmental and social contribution,e,positive,commitment,1
2255,Kami senantiasa berupaya untuk menjalankan usaha dengan standar kualitas tertinggi dengan penerapan teknologi dan praktik tata kelola perusahaan terbaik dengan tetap berkontribusi nyata pada agenda lingkungan - perubahan iklim melalui pengelolaan hutan lestari dan agenda sosial dan budaya - pengembangan sumber daya manusia dan masyarakat sekitar.,environmental management & social responsibility,,positive,commitment,1
2256,Kami senantiasa berupaya untuk menjalankan usaha dengan standar kualitas tertinggi dengan penerapan teknologi dan praktik tata kelola perusahaan terbaik dengan tetap berkontribusi nyata pada agenda lingkungan - perubahan iklim melalui pengelolaan hutan lestari dan agenda sosial dan budaya - pengembangan sumber daya manusia dan masyarakat sekitar.,operational standards & contributions,e-s,positive,commitment,1
2257,"Kami senantiasa menciptakan dan memberikan nilai tambah melalui kekuatan rantai bisnis yang terintegrasi, mulai dari produksi pakan ternak yang berkualitas, bibit ternak unggul, peternakan ayam, ikan, udang, dan sapi potong, hingga produk makanan olahan secara menyeluruh.",integrated value chain,,positive,outcome,5
2258,"Kami senantiasa menciptakan dan memberikan nilai tambah melalui kekuatan rantai bisnis yang terintegrasi, mulai dari produksi pakan ternak yang berkualitas, bibit ternak unggul, peternakan ayam, ikan, udang, dan sapi potong, hingga produk makanan olahan secara menyeluruh.",value chain,e-s-g,positive,outcome,1
2259,"Kami senantiasa menciptakan dan memberikan nilai tambah melalui kekuatan rantai bisnis yang terintegrasi, mulai dari produksi pakan ternak yang berkualitas, bibit ternak unggul, peternakan ayam, ikan, udang, dan sapi potong, hingga produk makanan olahan secara menyeluruh.",value chain integration,e-s-g,positive,outcome,1
2260,Kami senantiasa menciptakan dan memberikan nilai tambah melalui kekuatan rantai bisnis yang terintegrasi.,integrated business model,s,positive,outcome,1
2261,Kami senantiasa menerapkan bisnis yang beretika dengan memastikan perlindungan dan keamanan data pengiklan dan pemirsa.,customer privacy,e-s-g,positive,action,1
2262,Kami senantiasa menerapkan bisnis yang beretika dengan memastikan perlindungan dan keamanan data pengiklan dan pemirsa.,data privacy,s,positive,action,1
2263,"Kami senantiasa menerapkan bisnis yang beretika dengan memastikan perlindungan dan keamanan data pengiklan dan pemirsa. Atas upaya ini, hingga akhir tahun 2021, Perseroan tidak menerima pengaduan mengenai pelanggaran privasi pelanggan, baik terkait kebocoran, pencurian, atau kehilangan data.",customer privacy protection,e,positive,outcome,1
2264,"Kami senantiasa menjunjung tinggi keamanan pangan dan pelacakan produk makanan sebagai perhatian utama kami, dan melakukannya dengan Tata Kelola Perusahaan yang Baik.",food safety,g,positive,action,1
2265,"Kami telah berhasil membangun delapan dari sembilan fasilitas daur ulang air pada tahun 2023, sebagai bentuk komitmen Sustainability-Linked Bond kami.",water recycling facility,g,positive,outcome,1
2266,"Kami telah melakukan LCA sosial atas program kemitraan ayam kami, yang terdiri dari kurang lebih 10.000 peternak mitra yang tersebar hampir di seluruh Indonesia.",lca sosial program kemitraan ayam,none,positive,action,1
2267,Kami telah melakukan LCA sosial atas program kemitraan ini untuk mengetahui kinerja sosialnya berdasarkan pendekatan ilmiah.,social life cycle assessment,e-s-g,positive,outcome,1
2268,Kami telah melakukan penilaian daur hidup (Life Cycle Assessment / LCA) secara intensif selama dua tahun silam terhadap operasi perunggasan.,life cycle assessment of operations,e-s-g,positive,action,1
2269,"Kami telah melaporkan dan mengawasi kegiatan-kegiatan berkelanjutan yang mencakup aspek ekonomi, lingkungan dan sosial sejak 2014.",governance,s,positive,outcome,1
2270,Kami telah melewati perjalanan dalam menyediakan protein bergizi yang terjangkau melalui praktik bisnis yang berkelanjutan,sustainable business practices,e-s,positive,outcome,1
2271,Kami telah melewati perjalanan dalam menyediakan protein bergizi yang terjangkau melalui praktik bisnis yang berkelanjutan,sustainable business practices for protein supply,none,positive,outcome,1
2272,Kami telah melewati perjalanan dalam menyediakan protein bergizi yang terjangkau melalui praktik bisnis yang berkelanjutan,sustainable protein provision,e,positive,outcome,1
2273,Kami telah melewati perjalanan dalam menyediakan protein bergizi yang terjangkau melalui praktik bisnis yang berkelanjutan.,sustainable business practices,,positive,outcome,2
2274,"Kami telah meluncurkan Sustainability-Linked Bond (SLB) pertama di industri agri-food dunia, yang juga merupakan SLB berbasis Dolar AS pertama dari Asia Tenggara.",sustainability-linked bond issuance,e-s,positive,action,1
2275,"Kami telah meluncurkan Sustainability-Linked Bond (SLB) pertama di industri agri-food dunia, yang juga merupakan SLB berbasis Dolar AS pertama dari Asia Tenggara.",sustainability-linked financing,e-s,positive,action,1
2276,"Kami telah membangun operasi berskala besar yang telah terstandarisasi dengan memanfaatkan teknologi terdepan dalam hal pakan ternak dan peternakan, biosekuriti serta kesejahteraan ternak.",operational excellence,e,positive,outcome,1
2277,Kami telah memiliki Pedoman Pelaksanaan TJSL yang menjadi panduan dalam melakukan kegiatan.,csr governance,s,positive,outcome,1
2278,Kami telah memiliki Pedoman Pelaksanaan TJSL yang menjadi panduan dalam melakukan kegiatan.,csr guidelines,none,positive,outcome,2
2279,Kami telah memiliki Pedoman Pelaksanaan TJSL yang menjadi panduan dalam melakukan kegiatan.,csr policy,g,positive,outcome,1
2280,Kami telah memiliki Pedoman Pelaksanaan TJSL yang menjadi panduan dalam melakukan kegiatan.,csr strategy,s,positive,outcome,1
2281,Kami telah memiliki Pedoman Pelaksanaan TJSL yang menjadi panduan dalam melakukan kegiatan.,ketersediaan pedoman tjsl,e,positive,outcome,1
2282,"Kami telah mencatatkan Social Portfolio sebesar Rp135 triliun, dengan penyaluran KUR sebesar Rp62,3 triliun yang terdiri dari 2,88 juta peminjam.",social financing,e,positive,outcome,1
2283,"Kami telah menetapkan indikator TPB yang sesuai dengan tujuan keberlanjutan Perseroan, sebagaimana diuraikan sebagai berikut:",sdg alignment,e-s-g,positive,commitment,1
2284,"Kami telah menetapkan komitmen dan target menuju TPL 2030 yang mencakup aspek ekonomi, lingkungan, dan sosial.",long-term sustainability goals,s,positive,commitment,1
2285,"Kami telah menetapkan komitmen dan target menuju TPL 2030 yang mencakup aspek ekonomi, lingkungan, dan sosial.",sustainability targets,none,positive,commitment,1
2286,"Kami telah menetapkan strategi jangka menengah dan jangka panjang dalam upaya pencapaian target tersebut, yang ditunjukkan sebagai berikut:",long-term sustainability strategy,none,positive,commitment,1
2287,"Kami telah mengelola portofolio berkelanjutan, termasuk produk Sustainability Linked Loan dan Corporate in Transition Financing.",sustainable financing products,e,positive,action,1
2288,Kami telah mengembangkan kebijakan kredit yang mengintegrasikan prinsip-prinsip LST dan menilai risiko LST dalam pembiayaan.,esg-integrated credit policy,,positive,action,1
2289,Kami telah menghitung emisi cakupan 3 yaitu emisi tidak langsung dari aktivitas pembiayaan (financed emissions) berdasarkan pedoman Partnership for Carbon Accounting Financials (PCAF).,financed emissions calculation,e,positive,outcome,1
2290,Kami telah menghitung emisi cakupan 3 yaitu emisi tidak langsung dari aktivitas pembiayaan (financed emissions) berdasarkan pedoman Partnership for Carbon Accounting Financials (PCAF).,perhitungan emisi cakupan 3,e,positive,outcome,1
2291,Kami telah mengikuti praktik keberlanjutan di seluruh operasi kami sejak Perusahaan didirikan pada tahun 1971,sustainability practices,s,positive,outcome,1
2292,Kami telah mengikuti praktik keberlanjutan di seluruh operasi kami sejak Perusahaan didirikan pada tahun 1971,sustainability practices since company establishment,,positive,outcome,1
2293,Kami telah mengikuti praktik keberlanjutan di seluruh operasi kami sejak Perusahaan didirikan pada tahun 1971,sustainable business practices,e,positive,outcome,1
2294,Kami telah mengikuti praktik keberlanjutan di seluruh operasi kami sejak Perusahaan didirikan pada tahun 1971.,sustainability practices,e-s,positive,outcome,2
2295,Kami telah menjadi mitra pemerintah Indonesia dalam menciptakan dampak ekonomi dan sosial yang positif selama lebih dari 25 tahun dengan menyediakan produk dan layanan keuangan untuk seluruh lapisan masyarakat.,dampak ekonomi dan sosial,s,positive,outcome,1
2296,"Kami telah menunjukkan ketangguhan kami dalam menghadapi siklus agri-bisnis selama 50 tahun terakhir, termasuk pandemi Covid-19",business resilience,e-s-g,positive,outcome,1
2297,"Kami telah menunjukkan ketangguhan kami dalam menghadapi siklus agri-bisnis selama 50 tahun terakhir, termasuk pandemi Covid-19",resilience in agri-business cycles,e,positive,outcome,1
2298,"Kami telah menunjukkan ketangguhan kami dalam menghadapi siklus agri-bisnis selama 50 tahun terakhir, termasuk pandemi Covid-19.",ketangguhan dalam menghadapi siklus agri-bisnis,none,positive,outcome,1
2299,"Kami telah menunjukkan ketangguhan kami dalam menghadapi siklus agri-bisnis selama 50 tahun terakhir, termasuk pandemi Covid-19.",ketangguhan perusahaan,s,positive,outcome,1
2300,"Kami telah menunjukkan ketangguhan kami dalam menghadapi siklus agri-bisnis selama 50 tahun terakhir, termasuk pandemi Covid-19.",resilience,s,positive,outcome,1
2301,"Kami telah menunjukkan ketangguhan kami dalam menghadapi siklus agri-bisnis selama 50 tahun terakhir, termasuk pandemi Covid-19.",resilience in business operations,g,positive,outcome,1
2302,"Kami telah menunjukkan ketangguhannya dalam menghadapi siklus agri-bisnis selama 50 tahun terakhir, termasuk pandemi Covid-19. Kami berkomitmen untuk terus menerapkan praktik berkelanjutan menuju masa depan bersama dengan seluruh pemangku kepentingan.",governance,e,positive,commitment,1
2303,"Kami telah menyalurkan Sustainable Financing sesuai Kategori Kegiatan Usaha Berkelanjutan (KKUB) dalam POJK 51/2017 sebesar Rp264,08 triliun, meningkat 15,4% secara YoY.",sustainable financing growth,e-s,positive,outcome,1
2304,"Kami telah menyelesaikan kajian LCA sosial atas program kemitraan ayam kami, yang terdiri dari kurang lebih 10.000 peternak mitra yang tersebar hampir di seluruh Indonesia.",kemitraan ayam,e,positive,outcome,1
2305,Kami telah menyelesaikan kajian tersebut dan hasil penilaian menunjukkan kinerja sosial yang relatif positif,social life cycle assessment,s,positive,outcome,1
2306,Kami telah menyelesaikan penilaian daur hidup sosial (SLCA) atas kemitraan ayam kami,social impact assessment,g,positive,outcome,1
2307,Kami telah menyelesaikan penilaian daur hidup sosial (SLCA) atas kemitraan ayam kami,social life cycle assessment,,positive,outcome,1
2308,"Kami telah menyelesaikan penilaian daur hidup sosial (SLCA) atas kemitraan ayam kami, yang merupakan bagian dari proyek road tester yang diprakarsai oleh Program Lingkungan PBB - Life Cycle Initiative dan Social LC Alliance",social life cycle assessment,g,positive,outcome,1
2309,"Kami telah menyelesaikan penilaian daur hidup sosial (SLCA) atas kemitraan ayam kami, yang merupakan bagian dari proyek road tester yang diprakarsai oleh Program Lingkungan PBB - Life Cycle Initiative dan Social LC Alliance",social life cycle assessment of poultry partnership,s,positive,outcome,1
2310,"Kami telah menyelesaikan penilaian daur hidup sosial (SLCA) atas kemitraan ayam kami, yang merupakan bagian dari proyek road tester yang diprakarsai oleh Program Lingkungan PBB - Life Cycle Initiative dan Social LC Alliance.",social life cycle assessment (slca),none,positive,outcome,1
2311,"Kami telah menyelesaikan penilaian daur hidup sosial (SLCA) atas kemitraan ayam kami, yang merupakan bagian dari proyek road tester yang diprakarsai oleh Program Lingkungan PBB - Life Cycle Initiative dan Social LC Alliance.",social life cycle assessment of farmer partnership,e,positive,outcome,1
2312,"Kami telah menyusun Respectful Workplace Policy yang implementasinya diawasi oleh Dewan Komisaris sebagai bagian dari fungsi pengawasan, dan dilaporkan setiap semester kepada Menteri BUMN.",respectful workplace policy,g,positive,outcome,1
2313,Kami telah menyusun dan menerapkan sistem manajemen untuk menilai risiko LST dalam pembiayaan yang dituangkan dalam petunjuk teknis Industry Acceptance Criteria (IAC) edisi III tahun 2022 (Ketentuan internal No.B3.P1.T16.IAC) dalam Pemberian Kredit.,esg risk management,,positive,action,1
2314,Kami terlibat dalam pembelian kredit karbon melalui Bursa Karbon Indonesia yang telah diluncurkan pada 2023 sebagai bentuk dukungan kami terhadap implementasi carbon trading di Indonesia.,carbon credit trading,s,positive,action,1
2315,Kami terlibat dalam pembelian kredit karbon melalui Bursa Karbon Indonesia yang telah diluncurkan pada 2023 sebagai bentuk dukungan kami terhadap implementasi carbon trading di Indonesia.,pembelian kredit karbon,none,positive,action,1
2316,"Kami terus beradaptasi dengan teknologi informasi dan komunikasi yang berkembang cepat, untuk memberikan layanan terbaik serta perlindungan maksimal kepada pemirsa sebagai pemangku kepentingan utama.",adaptasi terhadap teknologi informasi dan komunikasi,,positive,action,1
2317,"Kami terus beradaptasi dengan teknologi informasi dan komunikasi yang berkembang cepat, untuk memberikan layanan terbaik serta perlindungan maksimal kepada pemirsa sebagai pemangku kepentingan utama.",inovasi teknologi,e-s-g,positive,action,1
2318,"Kami terus beradaptasi dengan teknologi informasi dan komunikasi yang berkembang cepat, untuk memberikan layanan terbaik serta perlindungan maksimal kepada pemirsa sebagai pemangku kepentingan utama.",technology adaptation,s,positive,action,1
2319,Kami terus berinovasi melalui penelitian dan teknologi untuk meningkatkan efisiensi penggunaan sumber daya sekaligus meminimalkan limbah dan emisi dari aktivitas kami.,efisiensi sumber daya,none,positive,action,1
2320,Kami terus berinovasi melalui penelitian dan teknologi untuk meningkatkan efisiensi penggunaan sumber daya sekaligus meminimalkan limbah dan emisi dari aktivitas kami.,environmental performance,,positive,action,1
2321,Kami terus berinovasi melalui penelitian dan teknologi untuk meningkatkan efisiensi penggunaan sumber daya sekaligus meminimalkan limbah dan emisi dari aktivitas kami.,inovasi dan teknologi,s,positive,action,2
2322,Kami terus berinovasi melalui penelitian dan teknologi untuk meningkatkan efisiensi penggunaan sumber daya sekaligus meminimalkan limbah dan emisi dari aktivitas kami.,research and technology for resource efficiency and waste minimization,,positive,action,1
2323,Kami terus berinovasi melalui penelitian dan teknologi untuk meningkatkan efisiensi penggunaan sumber daya sekaligus meminimalkan limbah dan emisi dari aktivitas kami.,resource efficiency and emissions reduction,s,positive,action,1
2324,Kami terus berinovasi melalui penelitian dan teknologi untuk meningkatkan efisiensi penggunaan sumber daya sekaligus meminimalkan limbah dan emisi.,resource efficiency,s,positive,action,2
2325,Kami terus berinovasi untuk memastikan bahwa produk kami memenuhi kebutuhan konsumen yang terus berubah dan melakukan perbaikan untuk menjaga keterjangkauan produk kami,product innovation and affordability,none,positive,action,1
2326,Kami terus berinovasi untuk memastikan bahwa produk kami memenuhi kebutuhan konsumen yang terus berubah dan melakukan perbaikan untuk menjaga keterjangkauan produk kami.,innovation,e-s-g,positive,action,1
2327,Kami terus berinovasi untuk memastikan bahwa produk kami memenuhi kebutuhan konsumen yang terus berubah dan melakukan perbaikan untuk menjaga keterjangkauan produk kami.,innovation and affordability,s,positive,action,1
2328,Kami terus berinovasi untuk memastikan bahwa produk kami memenuhi kebutuhan konsumen yang terus berubah dan melakukan perbaikan untuk menjaga keterjangkauan produk kami.,inovasi produk,e,positive,action,3
2329,Kami terus berkembang dan meningkatkan produktivitas tim serta berkomitmen untuk berinvestasi dalam program pelatihan dan pendidikan di dalam perseroan.,employee development,none,positive,commitment,1
2330,Kami terus berkembang dan meningkatkan produktivitas tim serta berkomitmen untuk berinvestasi dalam program pelatihan dan pendidikan di dalam perusahaan.,employee development,,positive,commitment,1
2331,Kami terus berkembang dan meningkatkan produktivitas tim serta berkomitmen untuk berinvestasi dalam program pelatihan dan pendidikan di dalam perusahaan.,employee training and education,s,positive,commitment,1
2332,"Kami terus berupaya mengendalikan pemakaian energi [...] Secara bertahap, kami menerapkan konsep perkantoran hijau.",energy efficiency,g,positive,action,1
2333,Kami terus berupaya mengendalikan pemakaian energi dan menerapkan konsep perkantoran hijau.,energy efficiency,s,positive,action,1
2334,"Kami terus berupaya mengendalikan pemakaian energi, baik di kantor pusat, studio, maupun unit pendukung operasional lain.",energy efficiency,e,positive,action,2
2335,"Kami terus berupaya mengendalikan pemakaian energi, baik di kantor pusat, studio, maupun unit pendukung operasional lain.",pengendalian pemakaian energi,s,positive,action,1
2336,"Kami terus melakukan berbagai inovasi untuk menghadirkan beragam konten dan hiburan ke masyarakat, di antaranya memelopori konsep live streaming event.",innovation,e,positive,action,1
2337,"Kami terus melakukan berbagai inovasi untuk menghadirkan beragam konten dan hiburan ke masyarakat, di antaranya memelopori konsep live streaming event.",inovasi konten dan hiburan,e-s-g,positive,action,1
2338,Kami terus melakukan berbagai inovasi untuk menghadirkan beragam konten dan hiburan ke masyarakat.,innovation,none,positive,action,1
2339,"Kami terus memperkuat perjalanan ESG, menekankan komitmennya untuk mencapai hasil ESG yang unggul.",esg,e-s,positive,commitment,1
2340,"Kami terus memperkuat perjalanan ESG, menekankan komitmennya untuk mencapai hasil ESG yang unggul.",esg commitment,none,positive,commitment,2
2341,"Kami terus memperkuat perjalanan ESG, menekankan komitmennya untuk mencapai hasil ESG yang unggul.",esg journey and commitment,s,positive,commitment,1
2342,"Kami terus memperkuat perjalanan ESG, menekankan komitmennya untuk mencapai hasil ESG yang unggul.",esg performance,e-s,positive,commitment,2
2343,"Kami terus memperkuat praktik keberlanjutan di seluruh aspek lingkungan, sosial, dan tata kelola (ESG).",esg integration,e,positive,commitment,2
2344,"Kami terus memperkuat praktik keberlanjutan di seluruh aspek lingkungan, sosial, dan tata kelola (ESG).",praktik keberlanjutan,,positive,commitment,1
2345,Kami terus menetapkan target untuk menggunakan teknologi [...] yang lebih hemat energi.,resource efficiency,s,positive,commitment,1
2346,"Kami terus menetapkan target untuk menggunakan teknologi, baik untuk mengurangi pemakaian kertas atau meningkatkan penerapan teknologi terkini yang lebih hemat energi.",energy efficiency,s,positive,action,1
2347,"Kami terus menetapkan target untuk menggunakan teknologi, baik untuk mengurangi pemakaian kertas atau meningkatkan penerapan teknologi terkini yang lebih hemat energi.",paper reduction,e,positive,action,1
2348,"Kami terus menetapkan target untuk menggunakan teknologi, baik untuk mengurangi pemakaian kertas atau meningkatkan penerapan teknologi terkini yang lebih hemat energi.",penggunaan teknologi ramah lingkungan,e-s-g,positive,action,1
2349,"Kami terus menetapkan target untuk menggunakan teknologi, baik untuk mengurangi pemakaian kertas atau meningkatkan penerapan teknologi terkini yang lebih hemat energi.",sustainable technology,e,positive,action,1
2350,"Kami terus menjalankan komitmen untuk membantu dan mengembangkan masyarakat dengan berbagai kegiatan, termasuk bantuan korban bencana alam dan penyediaan vaksin selama pandemi Covid-19.",community support and disaster response,s,positive,action,1
2351,Kami terus menjalankan komitmen untuk membantu dan mengembangkan masyarakat dengan berbagai kegiatan.,community development,g,positive,action,1
2352,Kami terus menjalankan komitmen untuk membantu dan mengembangkan masyarakat dengan berbagai kegiatan.,kontribusi sosial,s,positive,action,1
2353,"Kami tetap berkomitmen menghadirkan tayangan yang menghibur dan mendidik, serta informasi yang akurat, faktual, berimbang dan terpercaya bagi pemirsa.",media ethics,none,positive,commitment,2
2354,Kami tetap fokus memproduksi secara efisien dengan menerapkan teknologi digital untuk menjaga operasi yang aman dan efektif.,digitalization for safe operations,e,positive,action,1
2355,"Kami tetap fokus menjaga kinerja operasional dan melanjutkan komitmen terhadap keberlanjutan, khususnya dalam mencapai Tujuan Pembangunan Berkelanjutan Perserikatan Bangsa Bangsa (UN SDG) ke-2: Mengakhiri Kelaparan",sustainable development goals,s,positive,commitment,1
2356,"Kami tetap fokus pada identifikasi dan pemanfaatan peluang bisnis baru, termasuk eksplorasi pasar, pengembangan proyek-proyek inovatif, serta kemitraan strategis dengan pemangku kepentingan lainnya.",business development,none,positive,action,1
2357,Kami tetap memberikan seluruh imbal jasa pekerjaan yang menjadi hak karyawan.,employee compensation,,positive,outcome,4
2358,Kami tetap memberikan seluruh imbal jasa pekerjaan yang menjadi hak karyawan.,fair compensation,s,positive,outcome,1
2359,Kami tetap memberikan seluruh imbal jasa pekerjaan yang menjadi hak karyawan.,pemberian hak karyawan,s,positive,outcome,1
2360,Kami tidak akan berhenti mempelajari berbagai teknologi dalam menciptakan berbagai inovasi dan meningkatkan layanan kami.,innovation,none,positive,action,1
2361,"Kami turut membagi nilai bersama pada 250 perusahaan hiburan lokal yang menjadi bagian dari rantai pasok SCM dengan nilai total kontrak naik 13,12% dari tahun sebelumnya.",economic value distribution,none,positive,outcome,1
2362,Kami turut memegang peranan penting dalam mewujudkan target pemerintah untuk mencapai Net-Zero Emission pada 2060 atau lebih cepat serta mendukung transisi menuju ekonomi rendah karbon melalui penerapan keuangan berkelanjutan dengan mendorong pembiayaan terhadap kegiatan usaha berwawasan lingkungan.,net-zero emission,e,positive,commitment,1
2363,Kami turut memegang peranan penting dalam mewujudkan target pemerintah untuk mencapai Net-Zero Emission pada 2060 atau lebih cepat serta mendukung transisi menuju ekonomi rendah karbon melalui penerapan keuangan berkelanjutan dengan mendorong pembiayaan terhadap kegiatan usaha berwawasan lingkungan.,net-zero emission dan keuangan berkelanjutan,e-s-g,positive,commitment,1
2364,Kami turut memegang peranan penting dalam mewujudkan target pemerintah untuk mencapai Net-Zero Emission pada 2060 atau lebih cepat serta mendukung transisi menuju ekonomi rendah karbon melalui penerapan keuangan berkelanjutan dengan mendorong pembiayaan terhadap kegiatan usaha berwawasan lingkungan.,supporting the government's net-zero emission target,s,positive,commitment,1
2365,"Kami turut mengakselerasi ekonomi rendah karbon di Indonesia melalui kajian terkait keberlanjutan yang dilaksanakan oleh Mandiri Institute, yang mendorong implementasi nilai-nilai keberlanjutan melalui policy advocacy dan policy research yang terkait dengan sektor keuangan, tren sektoral, dan standar regional serta global.",accelerating the low-carbon economy through sustainability studies,e-s-g,positive,action,1
2366,"Kami turut menyalurkan kredit sebesar Rp3,58 triliun melalui Fintech yang berfokus terhadap sustainable financing di mana, 245 ribu orang perempuan mendapatkan manfaat dari pembiayaan ini.",financial inclusion for women,s,positive,outcome,1
2367,"Kami turut menyalurkan kredit sebesar Rp3,58 triliun melalui Fintech yang berfokus terhadap sustainable financing di mana, 245 ribu orang perempuan mendapatkan manfaat dari pembiayaan ini.",financing through fintech focused on sustainable financing,s,positive,outcome,1
2368,Kami yakin bahwa prospek usaha di bidang media berbasis konten akan terus meningkat seiring naiknya kebutuhan pendidikan dan hiburan.,business prospects,e,positive,none,1
2369,"Kami yakin dengan kemilmen dan integritas untuk mengusung keberlanjutan, kami dapat mencapai motto untuk Berkembang Menuju Kesejahteraan Bersama seraya menjaga warisan dan berkontribusi untuk pembangunan yang berkelanjutan.",commitment to sustainability,e-s-g,positive,commitment,1
2370,"Kami yakin dengan kemilmen dan integritas untuk mengusung keberlanjutan, kami dapat mencapai motto untuk Berkembang Menuju Kesejahteraan Bersama seraya menjaga warisan dan berkontribusi untuk pembangunan yang berkelanjutan.",sustainability,none,positive,commitment,3
2371,"Kami yakin dengan komitmen dan integritas untuk mengusung keberlanjutan, kami dapat mencapai motto untuk Berkembang Menuju Kesejahteraan Bersama seraya menjaga warisan dan berkontribusi untuk pembangunan yang berkelanjutan.",commitment to sustainability,e-s-g,positive,commitment,1
2372,"Kami yakin dengan komitmen dan integritas untuk mengusung keberlanjutan, kami dapat mencapai motto untuk Berkembang Menuju Kesejahteraan Bersama seraya menjaga warisan dan berkontribusi untuk pembangunan yang berkelanjutan.",sustainability commitment,none,positive,commitment,2
2373,"Kami yakin dengan potensi yang kami miliki, dan dengan kebijakan dan strategi yang tepat, maka Perseroan mampu kembali meraih pertumbuhan bisnis di masa depan.",business growth,none,positive,none,1
2374,"Kami yakin dengan potensi yang kami miliki, dan dengan kebijakan dan strategi yang tepat, maka Perseroan mampu kembali meraih pertumbuhan bisnis di masa depan.",business growth potential,none,positive,none,1
2375,"Karyawan kami adalah aset berharga untuk perusahaan kami, dan kesejahteraan mereka adalah yang paling penting bagi kami.",employee well-being,none,positive,commitment,1
2376,Kategori Penghargaan Terbaik Jalan Tol Panjang &lt; 15 KM - Ruas Jalan Tol Gempol-Pandaan PT Jasamarga Pandaan Tol - Peringkat ke 3,sustainability award,g,positive,outcome,1
2377,Kategori Penghargaan Terbaik Jalan Tol Panjang 15 - 50 KM Ruas Pandaan-Malang PT Jasamarga Pandaan Malang - Peringkat 1,sustainability award,none,positive,outcome,1
2378,Kebebasan berserikat melalui adanya serikat pekerja dan Perjanjian Kerja Bersama (PKB).,freedom of association,none,positive,outcome,1
2379,Keberagaman Komposisi Pekerja,workforce diversity,s,positive,outcome,1
2380,Keberagaman Komposisi Pekerja Employees' Composition Diversity,workforce diversity,e-s,positive,outcome,1
2381,"Keberagaman gender di tingkat direksi mencapai 12,5% perempuan dan 47,6% perempuan dari total pegawai.",gender diversity,s,positive,outcome,1
2382,Keberhasilan Perseroan membukukan pencapaian kinerja yang kuat menunjukkan bahwa strategi bisnis yang kami terapkan berjalan dengan sangat baik.,business performance,s,positive,none,1
2383,Keberhasilan Perseroan membukukan pencapaian kinerja yang kuat menunjukkan bahwa strategi bisnis yang kami terapkan berjalan dengan sangat baik.,keberhasilan perseroan,none,positive,none,1
2384,"Keberhasilan kami dalam menjaga kinerja operasional yang baik dicerminkan dengan penjualan neto tahun 2021 yang meningkat sebesar 21,4% menjadi Rp44,9 triliun.",economic performance,e-s-g,positive,outcome,1
2385,"Keberhasilan pada tahun 2020 dalam mengintegrasikan aspek ekonomi, lingkungan, dan sosial telah diterapkan sepanjang perusahaan beroperasi dan berhasil melaksanakan pemenuhan peraturan perundangan lingkungan hidup dan pemenuhan kewajiban pengelolaan lingkungan lainnya sebesar 100%.","integrasi aspek ekonomi, lingkungan, dan sosial",g,positive,outcome,1
2386,"Keberhasilan pada tahun 2020 dalam mengintegrasikan aspek ekonomi, lingkungan, dan sosial telah diterapkan sepanjang perusahaan beroperasi dan berhasil melaksanakan pemenuhan peraturan perundangan lingkungan hidup dan pemenuhan kewajiban pengelolaan lingkungan lainnya sebesar 100%.",pemenuhan peraturan perundangan lingkungan hidup,e,positive,outcome,1
2387,"Keberhasilan pada tahun 2020 dalam mengintegrasikan aspek ekonomi, lingkungan, dan sosial telah diterapkan sepanjang perusahaan beroperasi dan berhasil melaksanakan pemenuhan peraturan perundangan lingkungan hidup dan pemenuhan kewajiban pengelolaan lingkungan lainnya sebesar 100%.",regulatory compliance,e-s-g,positive,outcome,1
2388,"Keberhasilan peningkatan kinerja ekonomi didapatkan dengan berbagai cara, antara lain: Memaksimalkan pendapatan periklanan, Mengembangkan platform digital over-the-top (OTT) Vidio dan KLY, Mengendalikan biaya program dan operasional, termasuk memanfaatkan konten dari pustaka untuk tayangan ulang program.",economic performance improvement,s,positive,outcome,2
2389,"Keberhasilan peningkatan kinerja ekonomi didapatkan dengan berbagai cara, antara lain: Memaksimalkan pendapatan periklanan, Mengembangkan platform digital over-the-top (OTT) Vidio dan KLY, Mengendalikan biaya program dan operasional, termasuk memanfaatkan konten dari pustaka untuk tayangan ulang program.",economic performance improvement strategies,,positive,outcome,1
2390,Keberlanjutan adalah sebuah perjalanan yang harus dicapai bersama-sama.,sustainability,s,positive,commitment,1
2391,"Keberlanjutan adalah upaya untuk menyeimbangkan pertumbuhan ekonomi, dengan inklusi sosial, budaya, pendidikan dan upaya pelestarian lingkungan sehingga dapat menjamin keberlanjutan usaha dalam jangka panjang.",overall sustainability definition,none,positive,commitment,1
2392,"Keberlanjutan adalah upaya untuk menyeimbangkan pertumbuhan ekonomi, dengan inklusi sosial, budaya, pendidikan dan upaya pelestarian lingkungan sehingga dapat menjamin keberlanjutan usaha dalam jangka panjang.",sustainable development,e-s,positive,commitment,1
2393,"Keberlanjutan adalah upaya untuk menyeimbangkan pertumbuhan ekonomi, dengan inklusi sosial, budaya, pendidikan dan upaya pelestarian lingkungan sehingga dapat menjamin keberlanjutan usaha dalam jangka panjang.",sustainable development definition,g,positive,commitment,1
2394,Keberlanjutan selalu menjadi prioritas kami dan sekaligus wujud kontribusi nyata dalam mencapai tujuan United Nations Sustainable Development Goals (UN SDGs).,sustainability commitment,s,positive,commitment,1
2395,Keberlanjutan telah tertanam dalam operasional kami sejak perusahaan kami berdiri.,keberlanjutan,e,positive,commitment,1
2396,"Kebijakan ini bertujuan untuk mengelola lingkungan dengan bertanggung jawab, mempromosikan tanggung jawab sosial, dan meningkatkan standar tata kelola.",responsible environmental management,s,positive,commitment,2
2397,"Kebijakan ini bertujuan untuk mengelola lingkungan dengan bertanggung jawab, mempromosikan tanggung jawab sosial, dan meningkatkan standar tata kelola.","responsible environmental management, social responsibility, governance standards",g,positive,commitment,1
2398,Kebijakan pemerintah merelaksasi pembatasan aktivitas masyarakat dan bisnis setelah dua tahun pandemi telah mendorong konsumsi masyarakat dengan sangat kuat dan menghasilkan perputaran ekonomi yang merata di seluruh wilayah Indonesia.,economic recovery,s,positive,none,1
2399,Kebijakan pemerintah merelaksasi pembatasan aktivitas masyarakat dan bisnis setelah dua tahun pandemi telah mendorong konsumsi masyarakat dengan sangat kuat dan menghasilkan perputaran ekonomi yang merata di seluruh wilayah Indonesia.,economic resilience,s,positive,none,1
2400,Kebijakan pemerintah merelaksasi pembatasan aktivitas masyarakat dan bisnis setelah dua tahun pandemi telah mendorong konsumsi masyarakat dengan sangat kuat dan menghasilkan perputaran ekonomi yang merata di seluruh wilayah Indonesia.,kebijakan pemerintah,s,positive,none,2
2401,Kegiatan Media Literacy kepada Anak-anak.,media literacy,e-s-g,positive,action,2
2402,Kegiatan ini dilakukan untuk memastikan bahwa Kelangsungan Usaha dan Kepatuhan Perseroan terhadap peraturan terkait di bidang Pasar Modal dilaksanakan sesuai dengan prinsip Tata Kelola Perusahaan Yang Baik.,business continuity and compliance with capital market regulations,e-s-g,positive,outcome,1
2403,Kegiatan ini dilakukan untuk memastikan bahwa Kelangsungan Usaha dan Kepatuhan Perseroan terhadap peraturan terkait di bidang Pasar Modal dilaksanakan sesuai dengan prinsip Tata Kelola Perusahaan Yang Baik.,regulatory compliance,e-s-g,positive,outcome,2
2404,Kegiatan ini dilakukan untuk memastikan bahwa Kelangsungan Usaha dan Kepatuhan Perseroan terhadap peraturan terkait di bidang Pasar Modal dilaksanakan sesuai dengan prinsip Tata Kelola Perusahaan Yang Baik.,regulatory compliance and corporate governance,none,positive,outcome,1
2405,"Kegiatan ini melibatkan internal karyawan Perseroan yang berlokasi kerja di Kantor Pusat, Jakarta Utara untuk berpartisipasi dalam program Donor Darah.",employee participation in blood donation program,e-s-g,positive,action,1
2406,"Kegiatan ini melibatkan internal karyawan Perseroan yang berlokasi kerja di Kantor Pusat, Jakarta Utara untuk berpartisipasi dalam program Donor Darah.",employee participation in csr,s,positive,action,1
2407,"Kegiatan operasional PERTAMINA berdampak pada perubahan iklim, sehingga Perseroan turut serta mendukung upaya Pemerintah dalam merespons perubahan iklim bersama masyarakat internasional.",climate change impact,e,positive,commitment,3
2408,Kegiatan reklamasi yang terprogram pada area terdampak.,reklamasi,,positive,action,1
2409,"Kegiatan usaha SCM secara umum bergerak pada bidang jasa penyiaran yang menyediakan konten, program maupun tayangan yang berkualitas dan bukan manufaktur atau perdagangan produk atau barang tertentu.",business operations,e,neutral,none,1
2410,"Kegiatan usaha SCM secara umum bergerak pada bidang jasa penyiaran yang menyediakan konten, program maupun tayangan yang berkualitas dan bukan manufaktur atau perdagangan produk atau barang tertentu. Namun demikian, kami senantiasa berkomitmen untuk memberikan dukungan melalui berbagai bentuk inisiatif dalam konteks produk ramah lingkungan sepanjang tahun 2023 antara lain imbauan untuk mengurangi penggunaan kertas untuk keperluan mencetak dokumen dalam kegiatan operasional sehari-hari dan imbauan untuk mengurangi penggunaan plastik untuk dan mendorong penggunaan wadah makan/minum dari material non-plastik.",eco-friendly initiatives,g,positive,action,1
2411,"Kegiatan usaha SCM secara umum bergerak pada bidang jasa penyiaran yang menyediakan konten, program maupun tayangan yang berkualitas dan bukan manufaktur atau perdagangan produk atau barang tertentu. Namun demikian, kami senantiasa berkomitmen untuk memberikan dukungan melalui berbagai bentuk inisiatif dalam konteks produk ramah lingkungan sepanjang tahun 2023 antara lain imbauan untuk mengurangi penggunaan kertas untuk keperluan mencetak dokumen dalam kegiatan operasional sehari-hari dan imbauan untuk mengurangi penggunaan plastik untuk dan mendorong penggunaan wadah makan/minum dari material non-plastik.",environmentally friendly initiatives,s,positive,action,1
2412,Kehadiran pesaing global pada pasar OTT di Indonesia juga menjadi tantangan baru yang perlu dihadapi dan direspons oleh Perseroan.,competitive challenges,s,neutral,none,1
2413,Kemudahan yang ditawarkan oleh media OTT membawa tantangan bagi Perseroan untuk mempertahankan eksistensinya.,challenges from ott media,e-s-g,neutral,none,1
2414,"Kepedulian kami terhadap keberlanjutan juga dilakukan dengan melibatkan para pemasok melalui penerapan Kode Etik Pemasok Japfa untuk mewujudkan praktik pengadaan yang etis, bertanggung jawab, dan berkelanjutan.",ethical and sustainable procurement practices,e-s-g,positive,action,1
2415,"Kepedulian kami terhadap keberlanjutan juga dilakukan dengan melibatkan para pemasok melalui penerapan Kode Etik Pemasok Japfa untuk mewujudkan praktik pengadaan yang etis, bertanggung jawab, dan berkelanjutan.",supplier ethics,e,positive,action,2
2416,"Kerangka kerja ini menjadi panduan strategis untuk mendukung pembiayaan proyek-proyek berkelanjutan yang berdampak besar, sekaligus memperkuat tata kelola lingkungan dan sosial di setiap aspek operasional.",governance and operational impact,g,positive,commitment,1
2417,"Kerangka kerja ini menjadi panduan strategis untuk mendukung pembiayaan proyek-proyek berkelanjutan yang berdampak besar, sekaligus memperkuat tata kelola lingkungan dan sosial di setiap aspek operasional.",governance and sustainability,e-s-g,positive,commitment,1
2418,"Kerangka kerja ini menjadi panduan strategis untuk mendukung pembiayaan proyek-proyek berkelanjutan yang berdampak besar, sekaligus memperkuat tata kelola lingkungan dan sosial di setiap aspek operasional.",sustainable finance framework,s,positive,commitment,1
2419,Kerawanan pangan yang semakin meningkat karena adanya pertumbuhan populasi dan sumber daya yang menipis dapat mengancam ketahanan pangan dan menghambat pembangunan Indonesia.,kerawanan pangan,,neutral,none,1
2420,"Kerja sama dengan prinsipal, dan mitra bisnis lainnya pun ditempuh untuk menciptakan program-program khusus yang berkesinambungan.",partnerships and collaborations,,positive,action,1
2421,Kesehatan,employee health,g,positive,commitment,1
2422,"Kesehatan, Keselamatan Kerja, Lingkungan Hidup",occupational health & safety,g,positive,commitment,1
2423,Keseimbangan kinerja LST merupakan wujud tanggung jawab kami guna mendukung keberlanjutan seluruh lini bisnis Perseroan agar dapat terus hadir di tengah masyarakat.,sustainability balance,none,positive,commitment,1
2424,Keseimbangan kinerja LST merupakan wujud tanggung jawab kami guna mendukung keberlanjutan seluruh lini bisnis Perseroan agar dapat terus hadir di tengah masyarakat.,sustainability commitment,s,positive,commitment,1
2425,Keseimbangan kinerja LST merupakan wujud tanggung jawab kami guna mendukung keberlanjutan seluruh lini bisnis Perseroan agar dapat terus hadir di tengah masyarakat.,sustainability governance,s,positive,commitment,1
2426,Keselamatan Kerja,occupational safety,,positive,commitment,1
2427,"Kesempatan ini kami implementasikan melalui cara kami melayani pemirsa dan juga cara kami dalam menghemat energi, serta mengelola limbah produksi.",energy efficiency,e,positive,action,1
2428,"Kesempatan ini kami implementasikan melalui cara kami melayani pemirsa dan juga cara kami dalam menghemat energi, serta mengelola limbah produksi.",energy efficiency and waste management,g,positive,action,1
2429,"Kesempatan ini kami implementasikan melalui cara kami melayani pemirsa dan juga cara kami dalam menghemat energi, serta mengelola limbah produksi.",penerapan efisiensi energi dan pengelolaan limbah,e-s-g,positive,action,1
2430,"Ketika ayah saya mendirikan Perusahaan ini pada tahun 1971, beliau memulai dan menanamkan keberlanjutan ke dalam pemikiran dan kegiatan bisnis kami sehari-hari dijiwai dengan nilai untuk Berkembang Menuju Kesejahteraan Bersama.",corporate governance philosophy,e,positive,commitment,1
2431,Kinerja 100% untuk Service Level Agreement (SLA) Operations,service level agreement performance,e-s-g,positive,outcome,1
2432,Kinerja Ekonomi (2-6),economic performance,e,positive,outcome,1
2433,Kinerja Perseroan didukung oleh kondisi ekonomi yang baik selama tahun 2018.,economic conditions,none,positive,none,4
2434,Kinerja Perseroan didukung oleh kondisi ekonomi yang baik selama tahun 2018.,kinerja keuangan,none,positive,none,1
2435,"Kinerja Perseroan didukung oleh kondisi ekonomi yang baik selama tahun 2018. Pertumbuhan ekonomi tercatat sebesar 5,17% dibandingkan 5,07% pada tahun sebelumnya. Inflasi Indeks Harga Konsumen tetap rendah dan terkendali dalam kisaran sasaran 3,13% dibandingkan 3,61% pada tahun 2017.",economic conditions,g,positive,none,1
2436,"Kiprahnya sebagai pencipta tren dalam pengembangan properti Tanah Air membuatnya mampu mengembangkan lebih dari 65 proyek, dengan lebih dari 1.981 hektare cadangan lahan dan memiliki 1.288 karyawan yang tersebar di Jakarta, Tangerang, Surabaya, Mojokerto, dan Batang.",project development,e-s-g,positive,none,1
2437,Kisah ini menyoroti tantangan kerawanan pangan yang lazim dihadapi oleh keluarga-keluarga di Indonesia.,food insecurity,e-s-g,neutral,none,1
2438,Kisah ini menyoroti tantangan kerawanan pangan yang lazim dihadapi oleh keluarga-keluarga di Indonesia.,food security,e-s-g,neutral,none,1
2439,"Kode Etik Pemasok menjadi wujud komitmen untuk memastikan bahwa pemasok kami menerapkan praktik-praktik yang etis, bertanggung jawab, dan berkelanjutan.",kode etik pemasok,s,positive,commitment,1
2440,"Kode Etik Pemasok menjadi wujud komitmen untuk memastikan bahwa pemasok kami menerapkan praktik-praktik yang etis, bertanggung jawab, dan berkelanjutan.",supplier ethics,e-s-g,positive,commitment,1
2441,"Kolaborasi dengan mitra bisnis dan perusahaan FMCG, khususnya dalam upaya mendaur naik bahan pembungkus sekali pakai yang sangat sulit untuk didaur naik dengan inovasi teknologi, sebagai bagian dari tanggung jawab dari produsen (EPR).",extended producer responsibility,none,positive,action,2
2442,"Kolaborasi dengan mitra bisnis dan perusahaan FMCG, khususnya dalam upaya mendaur naik bahan pembungkus sekali pakai yang sangat sulit untuk didaur naik dengan inovasi teknologi, sebagai bagian dari tanggung jawab dari produsen (EPR).",extended producer responsibility (epr),g,positive,action,1
2443,"Komitmen Bank Mandiri terhadap ESG telah ditetapkan sejak awal melalui keterlibatannya sebagai satu dari delapan bank yang membentuk inisiatif keuangan berkelanjutan di Indonesia, atau 'The first movers on sustainable banking.'",esg commitment,none,positive,commitment,1
2444,"Komitmen Bank Mandiri terhadap ESG telah ditetapkan sejak awal melalui keterlibatannya sebagai satu dari delapan bank yang membentuk inisiatif keuangan berkelanjutan di Indonesia, atau 'The first movers on sustainable banking.'",sustainable finance initiative,g,positive,commitment,1
2445,Komitmen Bank Mandiri terhadap Net Zero Emission dengan menetapkan target untuk mencapai Net Zero Emission dalam operasional pada tahun 2030 dan dalam pembiayaan pada tahun 2060.,emisi karbon,e-s,positive,commitment,1
2446,Komitmen Mengedepan Kesehatan dan Keselamatan Kerja [K3],occupational health and safety,s,positive,commitment,1
2447,Komitmen Mengedepankan Keselamatan dan Kesehatan Bekerja,occupational health & safety,e-s-g,positive,commitment,1
2448,Komitmen dan Strategi Keberlanjutan Mendukung Ambisi Keberlanjutan Indonesia,sustainability strategy,e,positive,commitment,2
2449,Komitmen kami ditunjukkan dengan sertifikasi Best Aquaculture Practice (BAP) untuk operasi budidaya perairan kami.,best aquaculture practice certification,s,positive,outcome,1
2450,Komitmen kami diwujudkan melalui implementasi berkelanjutan Peraturan Presiden No. 111 Tahun 2022 yang merupakan penyempurnaan Peraturan Presiden No. 59 Tahun 2017.,regulatory implementation,,positive,action,1
2451,"Komitmen keberlanjutan ini juga merupakan salah satu wujud dukungan kami terhadap upaya pemerintah untuk mencapai Tujuan Pembangunan Berkelanjutan (TPB) di Indonesia, terutama terkait: TPB 3: Kehidupan Sehat dan Sejahtera; TPB 4: Pendidikan Berkualitas; TPB 7: Energi Bersih dan Terjangkau; TPB 8: Pekerjaan Layak dan Pertumbuhan Ekonomi; TPB 12: Konsumsi dan Produksi yang Bertanggung Jawab; TPB 13: Penanganan Perubahan Iklim; serta TPB 15: Ekosistem Daratan.",support for sustainable development goals (sdgs),none,positive,commitment,1
2452,Komitmen keberlanjutan ini juga merupakan salah satu wujud dukungan kami terhadap upaya pemerintah untuk mencapai Tujuan Pembangunan Berkelanjutan (TPB) di Indonesia.,support for sdgs,s,positive,commitment,1
2453,Komitmen mencapai Net Zero Emission dalam pembiayaan pada tahun 2060.,financed emissions target,e,positive,commitment,1
2454,"Komitmen tersebut berhasil membuat Perusahaan kembali mempertahankan pencapaian PROPER Emas untuk Area Kamojang selama tujuh tahun berturut-turut, PROPER Hijau untuk Area Ulubelu, dan PROPER Biru untuk Area Lahendong dan Area Sibayak.",environmental award,e-s-g,positive,outcome,1
2455,"Komitmen tersebut berhasil membuat Perusahaan kembali mempertahankan pencapaian PROPER Emas untuk Area Kamojang selama tujuh tahun berturut-turut, PROPER Hijau untuk Area Ulubelu, dan PROPER Biru untuk Area Lahendong dan Area Sibayak.",environmental awards,s-e,positive,outcome,1
2456,"Komitmen tersebut diwujudkan dengan adanya kebijakan transisi energi PERTAMINA, inisiatif menurunkan emisi GRK, pengembangan energi terbarukan, serta produk bersih dan ramah lingkungan.",emission reduction targets,none,positive,action,1
2457,"Komitmen tersebut diwujudkan dengan adanya kebijakan transisi energi PERTAMINA, inisiatif menurunkan emisi GRK, pengembangan energi terbarukan, serta produk bersih dan ramah lingkungan.",environmental protection,e-s,positive,action,1
2458,Komitmen tersebut juga ditujukan untuk menciptakan nilai tambah bagi kami dalam persaingan usaha di industri sejenis yang semakin ketat.,creating added value through sustainability,e,positive,commitment,1
2459,Komitmen untuk menghasilkan profitabilitas merupakan bagian dari tujuan perumusan strategi keberlanjutan kami untuk memberikan nilai tambah atas investasi yang diberikan investor maupun pemegang saham Perseroan serta memberikan manfaat yang berkelanjutan bagi pemangku kepentingan kami.,profitability commitment,e,positive,commitment,3
2460,"Komitmen yang berkelanjutan terhadap masyarakat, karyawan dan mitra usaha berakar pada Falsafah Tiga Tangan Perseroan.",community engagement,e-s-g,positive,commitment,2
2461,"Komitmen yang berkelanjutan terhadap masyarakat, karyawan dan mitra usaha berakar pada Falsafah Tiga Tangan Perseroan.",social responsibility,e,positive,commitment,1
2462,Komitmen yang kuat dari segenap insan BRMS untuk mewujudkan keberlanjutan perusahaan menjadi kunci utama kesuksesan dalam menjaga performa yang baik dalam pengelolaan pertambangan mineral.,commitment to sustainability,s,positive,commitment,1
2463,Komitmen yang kuat dari segenap insan BRMS untuk mewujudkan keberlanjutan perusahaan menjadi kunci utama kesuksesan dalam menjaga performa yang baik dalam pengelolaan pertambangan mineral.,corporate commitment,e-s-g,positive,commitment,2
2464,Komitmen yang kuat dari segenap insan BRMS untuk mewujudkan keberlanjutan perusahaan menjadi kunci utama kesuksesan dalam menjaga performa yang baik dalam pengelolaan pertambangan mineral.,corporate sustainability commitment,s,positive,commitment,1
2465,Komitmen yang kuat dari segenap insan BRMS untuk mewujudkan keberlanjutan perusahaan menjadi kunci utama kesuksesan dalam menjaga performa yang baik dalam pengelolaan pertambangan mineral.,keberlanjutan perusahaan,none,positive,commitment,2
2466,Komitmen yang kuat dari segenap insan BRMS untuk mewujudkan keberlanjutan perusahaan menjadi kunci utama kesuksesan dalam menjaga performa yang baik dalam pengelolaan pertambangan mineral.,sustainability commitment,e-s,positive,commitment,1
2467,"Kompleks perkantoran terpadu kami, South Quarter, menerima Gold Rating for Existing Building – Greenship V1.1 dari Green Building Council Indonesia.",gold rating for existing building,e,positive,outcome,1
2468,"Kompleks perkantoran terpadu kami, South Quarter, menerima Gold Rating for Existing Building – Greenship V1.1 dari Green Building Council Indonesia.",green building certification,none,positive,outcome,2
2469,"Kompleks perkantoran terpadu kami, South Quarter, menerima Gold Rating for Existing Building – Greenship V1.1 dari Green Building Council Indonesia.",green building certification achievement,s,positive,outcome,1
2470,"Kompleks perkantoran terpadu kami, South Quarter, menerima Gold Rating for Existing Building – Greenship V1.1 dari Green Building Council Indonesia.",sustainability certification,s,positive,outcome,1
2471,Kondisi makroekonomi yang penuh tantangan dan disertai penurunan daya beli turut memberikan tekanan pada para pengiklan.,kondisi makroekonomi,none,neutral,none,1
2472,Kondisi makroekonomi yang penuh tantangan dan disertai penurunan daya beli turut memberikan tekanan pada para pengiklan.,market conditions,none,neutral,none,1
2473,"Konsisten, dapat dipercaya, aman, berkualitas baik, produk higienis",product safety and quality,e,positive,outcome,1
2474,Konsumsi Energi Energy Consumption (Gj),energy consumption,none,neutral,none,1
2475,"Konsumsi Energi Energy Consumption | 2020 27,209.6 GJ | 2019 12,236.25 GJ",energy consumption,none,neutral,outcome,1
2476,"Konsumsi Energi Energy Consumption | 2020 27.209,6 GJ",energy consumption,g,neutral,outcome,1
2477,"Konsumsi Energi Energy Consumption | 2020 27.209,6 GJ | 2019 12.236,25 GJ",energy consumption,e-s-g,neutral,outcome,3
2478,Konsumsi swasta diprakirakan tetap baik seiring terjaganya daya beli dan keyakinan konsumen serta dampak positif persiapan pemilu.,consumer confidence,,positive,none,3
2479,Konsumsi swasta diprakirakan tetap baik seiring terjaganya daya beli dan keyakinan konsumen serta dampak positif persiapan pemilu.,konsumsi swasta,none,positive,none,1
2480,Konsumsi swasta diprakirakan tetap baik seiring terjaganya daya beli dan keyakinan konsumen serta dampak positif persiapan pemilu.,private consumption,none,positive,none,2
2481,Kontribusi Perusahaan Kepada Negara Company's Contribution to the State,state contribution,none,positive,outcome,1
2482,Kontribusi kepada Komunitas,community contribution,s,positive,action,1
2483,Koordinasi yang sempurna,operational coordination,e-s-g,positive,none,1
2484,Kualitas produk dalam portofolio properti terus kami jaga dengan mengadopsi praktik terbaik dalam semua aspek aktivitas bisnis.,product quality,none,positive,outcome,1
2485,Kualitas produk dalam portofolio properti terus kami jaga dengan mengadopsi praktik terbaik dalam semua aspek aktivitas bisnis.,property portfolio quality management,s,positive,outcome,1
2486,"LABA BERSIH NET INCOME | US$ 1,264,725",net income,none,neutral,outcome,1
2487,"LCA memberikan wawasan terhadap hotspot lingkungan dan mendasari upaya kami dalam mengelola air dan air limbah, efisiensi energi, meminimalkan limbah dan perbaikan proses.",environmental hotspot identification and resource management,s,positive,action,1
2488,"LCA memberikan wawasan terhadap hotspot lingkungan dan mendasari upaya kami dalam mengelola air dan air limbah, efisiensi energi, meminimalkan limbah dan perbaikan proses.",manajemen lingkungan,none,positive,action,2
2489,"Laba Usaha Operating Profit Rp (miliar)/Rp (billion) 339,03 1.101,83 1.752,42",operating profit,none,neutral,outcome,1
2490,"Laba komprehensif tahun berjalan yang dapat diatribusikan kepada pemilik entitas induk Perseroan turun sebesar 66,78% dari Rp869,92 miliar pada tahun 2018 menjadi Rp289,03 miliar pada tahun 2019.",profitability,e-s,negative,outcome,1
2491,"Laba komprehensif tahun berjalan yang dapat diatribusikan kepada pemilik entitas induk Perseroan yang turun sebesar 66,78% dari Rp869,92 miliar pada tahun 2018 menjadi Rp289,03 miliar pada tahun 2019.",profit,none,negative,outcome,1
2492,"Laba tahun berjalan sebesar Rp1,08 triliun dibandingkan Rp1,12 triliun di tahun sebelumnya.",laba,e,neutral,outcome,2
2493,"Laba tahun berjalan sebesar Rp1,08 triliun dibandingkan Rp1,12 triliun di tahun sebelumnya.",laba tahun berjalan,e-s-g,neutral,outcome,1
2494,"Laba usaha Perseroan tahun ini tercatat sebesar Rp339,03 miliar, atau menurun dibandingkan Rp1,10 triliun di tahun 2022",profitability,none,negative,outcome,1
2495,Labor Practices and People Development,labor practices,e-s-g,neutral,none,1
2496,Langkah ini merupakan salah satu upaya kami bermitra dengan Pemerintah untuk mengedukasi masyarakat dan memerangi hoaks atau berita bohonyang kerap beredar.,combating misinformation,s,positive,action,2
2497,Langkah ini merupakan salah satu upaya kami bermitra dengan Pemerintah untuk mengedukasi masyarakat dan memerangi hoaks atau berita bohonyang kerap beredar.,media ethics,e,positive,action,2
2498,Langkah ini merupakan salah satu upaya kami bermitra dengan Pemerintah untuk mengedukasi masyarakat dan memerangi hoaks atau berita bohonyang kerap beredar.,pemberantasan hoaks dan edukasi masyarakat,none,positive,action,1
2499,"Langkah tersebut akan meningkatkan sinergi yang sejalan dengan strategi kami untuk ""memproduksi dan mengkonsumsi secara lokal"".",local production and consumption strategy,s,positive,commitment,1
2500,Langkah tersebut akan meningkatkan sinergi yang sejalan dengan strategi kami untuk “memproduksi dan mengkonsumsi secara lokal”.,strategi lokal,e,positive,commitment,1
2501,"Langkah-langkah konkret yang diambil dapat terwujud melalui adanya investasi yang signifikan dalam penelitian dan pengembangan untuk menciptakan produk bangunan baru, inovatif, serta berkelanjutan.",r&d investment,g,positive,action,1
2502,"Langkah-langkah konkret yang diambil dapat terwujud melalui adanya investasi yang signifikan dalam penelitian dan pengembangan untuk menciptakan produk bangunan baru, inovatif, serta berkelanjutan.",r&d investment for sustainability,g,positive,action,1
2503,"Langkah-langkah konkret yang diambil dapat terwujud melalui adanya investasi yang signifikan dalam penelitian dan pengembangan untuk menciptakan produk bangunan baru, inovatif, serta berkelanjutan.",r&d investment in sustainability,s,positive,action,1
2504,Lanskap bisnis media terus bergerak dinamis yang ditandai oleh peningkatan konsumsi video streaming melalui platform media digital dan media sosial.,industry trends,none,neutral,none,1
2505,Lanskap bisnis media terus bergerak dinamis yang ditandai oleh peningkatan konsumsi video streaming melalui platform media digital dan media sosial.,lanskap bisnis media,e-s-g,neutral,none,1
2506,Laporan Keberlanjutan 252 Sustainability Report,laporan keberlanjutan,e-s-g,neutral,none,1
2507,"Laporan Keberlanjutan PT Bursa Efek Indonesia (BEI) tahun 2023 adalah laporan yang disusun dengan mengacu pada Peraturan Otoritas Jasa Keuangan (POJK) Nomor 51/POJK.03/2017 tentang Penerapan Keuangan Berkelanjutan Bagi Lembaga Jasa Keuangan, Emiten, dan Perusahaan Publik, serta turunannya yaitu SEOJK No 16/POJK.04/2021 tentang Bentuk dan Isi Laporan Tahunan Emiten atau Perusahaan Publik.",regulatory compliance,none,positive,outcome,1
2508,"Laporan Keberlanjutan PT Bursa Efek Indonesia (BEI) tahun 2023 adalah laporan yang disusun dengan mengacu pada Peraturan Otoritas Jasa Keuangan (POJK) Nomor 51/POJK.03/2017 tentang Penerapan Keuangan Berkelanjutan Bagi Lembaga Jasa Keuangan, Emiten, dan Perusahaan Publik, serta turunannya yaitu SEOJK No 16/POJK.04/2021 tentang Bentuk dan Isi Laporan Tahunan Emiten atau Perusahaan Publik.",regulatory compliance - sustainable finance,e,positive,outcome,1
2509,Laporan Keberlanjutan Sustainability Report,laporan keberlanjutan,e-s-g,neutral,none,1
2510,"Laporan Keberlanjutan ini disusun sesuai dengan Global Reporting Initiative (GRI) Standard 2021 dan GRI Sector Disclosure Standard (Agriculture) 2022, Peraturan Otoritas Jasa Keuangan No. 51/POJK.03/2017, Tentang Penerapan Keuangan Berkelanjutan bagi Lembaga Jasa Keuangan, Emiten dan Perusahaan Publik, dan Surat Edaran Otoritas Jasa Keuangan (SEOJK) No. 16/SEOJK.04/2021.",reporting standards,g,positive,outcome,1
2511,"Laporan Keberlanjutan ini juga merujuk pada (with reference) standar internasional yaitu Consolidated GRI Standards 2021, G4 Sector Disclosures Financial Services, dan Task Force on Climate-related Financial Disclosures (TCFD).",reporting standards,e,positive,outcome,1
2512,"Laporan Keberlanjutan ini memuat pernyataan kondisi keuangan, hasil operasi, proyeksi, rencana, strategi, kebijakan, serta tujuan Perseroan, yang digolongkan sebagai pernyataan ke depan dalam pelaksanaan perundang-undangan yang berlaku, kecuali hal-hal yang bersifat historis.",financial disclosure,,neutral,none,1
2513,"Laporan Keberlanjutan ini memuat pernyataan kondisi keuangan, hasil operasi, proyeksi, rencana, strategi, kebijakan, serta tujuan Perseroan, yang digolongkan sebagai pernyataan ke depan dalam pelaksanaan perundang-undangan yang berlaku, kecuali hal-hal yang bersifat historis.",forward-looking statements,e-s,neutral,none,1
2514,"Laporan Manajemen: PT Erajaya Swasembada Tbk. (""Perseroan"") berhasil menjalankan rangkaian program meliputi restrukturisasi organisasi, re-engineering bisnis proses serta diversifikasi produk dan jasa selama tahun 2018, sebagai bagian dari transformasi lima tahun ke depan.",company transformation,none,positive,outcome,1
2515,"Laporan Tahunan dan Keberlanjutan 2023 PT Galva Technologies Tbk (yang selanjutnya disebut ""Perseroan"") ini disusun untuk memenuhi ketentuan pelaporan hasil kinerja Perseroan pada periode 1 Januari 2023 sampai dengan 31 Desember 2023 kepada regulator dan pemangku kepentingan.",regulatory compliance,s,positive,outcome,1
2516,Laporan Tahunan dan Keberlanjutan 2023 PT Galva Technologies Tbk disusun untuk memenuhi ketentuan pelaporan hasil kinerja Perseroan pada periode 1 Januari 2023 sampai dengan 31 Desember 2023 kepada regulator dan pemangku kepentingan.,reporting and transparency,s,positive,outcome,1
2517,Laporan Tahunan dan Keberlanjutan 2023 PT Galva Technologies Tbk disusun untuk memenuhi ketentuan pelaporan hasil kinerja Perseroan pada periode 1 Januari 2023 sampai dengan 31 Desember 2023 kepada regulator dan pemangku kepentingan.,sustainability reporting,e-s-g,positive,outcome,1
2518,"Laporan Tahunan dan Keberlanjutan ini antara lain disusun berdasarkan Peraturan Otoritas Jasa Keuangan No. 29/POJK.04/2016 tentang Laporan Tahunan Emiten atau Perusahaan Publik dan Peraturan Otoritas Jasa Keuangan No. 51/POJK.03/2017 tentang Penerapan Keuangan Berkelanjutan bagi Lembaga Jasa Keuangan, Emiten, dan Perusahaan Publik, dengan muatan konten sesuai Surat Edaran Otoritas Jasa Keuangan No. 16/SEOJK.04/2021 tentang Bentuk dan Isi Laporan Tahunan Emiten atau Perusahaan Publik.",sustainable finance,none,positive,outcome,1
2519,"Laporan Tahunan dan Keberlanjutan ini antara lain disusun berdasarkan Peraturan Otoritas Jasa Keuangan No. 29/POJK.04/2016 tentang Laporan Tahunan Emiten atau Perusahaan Publik dan Peraturan Otoritas Jasa Keuangan No. 51/POJK.03/2017 tentang Penerapan Keuangan Berkelanjutan bagi Lembaga Jasa Keuangan, Emiten, dan Perusahaan Publik.",sustainable finance compliance,none,positive,outcome,2
2520,"Laporan Tahunan dan Keberlanjutan ini memuat pernyataan terkait tujuan, kebijakan, rencana, strategi, serta hasil operasi dan keuangan yang disusun berdasarkan data faktual yang dapat dipertanggungjawabkan kebenarannya.",data accuracy and accountability,,positive,outcome,1
2521,"Laporan Tahunan dan Keberlanjutan ini memuat pernyataan terkait tujuan, kebijakan, rencana, strategi, serta hasil operasi dan keuangan yang disusun berdasarkan data faktual yang dapat dipertanggungjawabkan kebenarannya.",transparency and accountability,s,positive,outcome,1
2522,"Laporan Tahunan dan Keberlanjutan ini memuat pernyataan terkait tujuan, kebijakan, rencana, strategi, serta hasil operasi dan keuangan yang disusun berdasarkan data faktual yang dapat dipertanggungjawabkan kebenarannya.",transparency and reporting,e-s-g,positive,outcome,1
2523,"Laporan ini disusun dengan mengacu kepada Peraturan Otoritas Jasa Keuangan (OJK) Nomor 51 Tahun 2017 Tentang Penerapan Keuangan Berkelanjutan bagi Lembaga Jasa Keuangan, Emiten, dan Perusahaan Publik serta Global Reporting Initiative (GRI): With Reference Option.",regulatory compliance,none,positive,outcome,1
2524,"Laporan ini disusun sesuai dengan Global Reporting Initiative (GRI) Standard 2021 dan GRI Sector Disclosure Standard (Agriculture) 2022, Peraturan Otoritas Jasa Keuangan No. 51/POJK.03/2017, Tentang Penerapan Keuangan Berkelanjutan bagi Lembaga Jasa Keuangan, Emiten dan Perusahaan Publik, dan Surat Edaran Otoritas Jasa Keuangan (SEOJK) No. 16/SEOJK.04/2021.",reporting standards compliance,none,positive,outcome,1
2525,Laporan ini mencakup kegiatan Intiland terkait keberlanjutan untuk tahun buku 1 Januari - 31 Desember 2023.,sustainability reporting period,none,neutral,none,1
2526,"Laporan ini merangkum berbagai upaya dan pencapaian kami dalam bidang lingkungan, sosial, dan tata kelola (environment, social and governance/ESG) serta ekonomi.",esg efforts and achievements,s,positive,outcome,1
2527,Laporan ini merupakan bagian yang tidak terpisahkan dengan Laporan Tahunan.,report integration,e-s-g,neutral,none,1
2528,"Laporan ini merupakan edisi keenam yang menandai enam tahun konsistensi kami dalam menerapkan prinsip keterbukaan informasi, terutama dalam perjalanan menuju perusahaan yang berkelanjutan.",transparency and sustainability,none,positive,outcome,3
2529,Laporan ini telah diverifikasi melalui proses penjaminan lembaga independen eksternal.,external assurance,e-s-g,positive,outcome,1
2530,Laporan keberlanjutan ini memfokuskan pada upaya perusahaan dalam mengoptimalisasi kinerja mereka menuju masa depan yang berkelanjutan.,keberlanjutan,e,positive,commitment,1
2531,Laporan keberlanjutan ini memfokuskan pada upaya perusahaan dalam mengoptimalisasi kinerja mereka menuju masa depan yang berkelanjutan.,sustainability performance,,positive,commitment,1
2532,Laporan keberlanjutan ini memfokuskan pada upaya perusahaan dalam mengoptimalisasi kinerja mereka menuju masa depan yang berkelanjutan.,sustainability performance optimization,e-s-g,positive,commitment,2
2533,Laporan keberlanjutan ini memfokuskan pada upaya perusahaan dalam mengoptimalisasi kinerja mereka menuju masa depan yang berkelanjutan.,sustainability reporting,e-s-g,positive,commitment,1
2534,Last year BNI issued green bonds and in 2023 the funds from the green bonds were channeled to finance environmentally friendly projects.,green bonds,g,positive,action,1
2535,Launching ERP program ini merupakan migrasi dari sistem ERP lama yaitu ERP SAP R3 ke sistem ERP terbaru yakni ERP SAP S4 Hana.,erp system migration to latest technology,none,neutral,action,1
2536,"Launching ERP program ini merupakan migrasi dari sistem ERP lama yaitu ERP SAP R3 ke sistem ERP terbaru yakni ERP SAP S4 Hana. ERP sendiri merupakan sebuah program integrasi bisnis perusahaan yang dirancang khusus untuk meningkatkan kinerja bisnis agar lebih efektif, efisien dan terpusat pada satu sistem data tertentu.",operational efficiency,s,positive,outcome,1
2537,Layanan Perseroan dapat memberikan akses yang lebih luas ke pelosok Indonesia serta dapat diakses secara digital dan memberikan kemudahan bagi masyarakat Indonesia untuk mengakses tayangan-tayangan kami dari manapun mereka berada.,accessibility and digital services,e-s,positive,outcome,1
2538,Layanan Perseroan dapat memberikan akses yang lebih luas ke pelosok Indonesia serta dapat diakses secara digital dan memberikan kemudahan bagi masyarakat Indonesia untuk mengakses tayangan-tayangan kami dari manapun mereka berada.,digital accessibility,g,positive,outcome,1
2539,Learning wihtout limits Continuously learning to develops ourselves,corporate values - learning,e,positive,commitment,1
2540,Learning without limits - Continuously learning to develop ourselves.,continuous learning and development,,positive,commitment,1
2541,Learning without limits Continuously learning to develop ourselves,employee development,s,positive,commitment,1
2542,Learning without limits Continuously learning to develops ourselves,employee development,s,positive,commitment,1
2543,Learning without limits: Continuously learning to develop ourselves,employee development,e,positive,commitment,2
2544,"Lebih dari sekadar keberhasilan finansial, kami terus memperkuat praktik keberlanjutan di seluruh aspek lingkungan, sosial, dan tata kelola (ESG).",esg practices,e,positive,action,7
2545,"Lebih dari sekadar keberhasilan finansial, kami terus memperkuat praktik keberlanjutan di seluruh aspek lingkungan, sosial, dan tata kelola (ESG).",praktik keberlanjutan,e-s-g,positive,action,1
2546,"Lebih lanjut, dengan melakukan berbagai upaya tersebut Perseroan berhasil meningkatkan pendapatan usaha yang lebih baik dibandingkan periode tahun sebelumnya.",increased revenue,e-s-g,positive,outcome,1
2547,"Lebih lanjut, dengan melakukan berbagai upaya tersebut Perseroan berhasil meningkatkan pendapatan usaha yang lebih baik dibandingkan periode tahun sebelumnya.",revenue growth,s,positive,outcome,2
2548,Lebih rendah dari 2021 karena ada beberapa project kerjasama CSR yang di carry over ke 2023 sesuai dengan penyesuaian oleh pihak eksternal.,csr funding,s,negative,outcome,1
2549,Lentera Erajaya Peduli,community investment,e,positive,commitment,1
2550,Level 4 IT Maturity COBIT 19 for APO13 & DSS05,it governance,e,positive,outcome,1
2551,Level 4 IT Maturity COBIT 19 untuk APO13 & DSS05,it maturity level,e,positive,outcome,1
2552,"Likewise, the Company's profit from operations this year was recorded at Rp339.03 billion, or a decrease compared to Rp1.10 trillion in 2022.",profit decline,e,negative,outcome,1
2553,Limbah B3 Cair Liquid B3 Waste (Ton),liquid b3 waste,s,neutral,action,1
2554,Limbah B3 Padat Solid B3 Waste (Ton),solid b3 waste,e,neutral,action,1
2555,Limbah Non-B3 Non-B3 Waste (Ton),non-b3 waste,none,neutral,action,1
2556,Lingkungan Hidup,environmental management,s,neutral,action,1
2557,Linking The SDGs and GRI Standards,sdg and gri standards,e-s-g,neutral,action,1
2558,Liputan6.com telah bergabung dalam Jaringan Periksa Fakta Internasional (IFCN) dan menjadi partner Facebook untuk memerangi hoaks.,media ethics,none,positive,action,1
2559,"Liputan6.com telah bergabung dalam Jaringan Periksa Fakta Internasional (International Fact Checking network atau IFC), dan menjadi partner Facebook.",media ethics,g,positive,action,1
2560,"Liputan6.com, juga telah bergabung dalam Jaringan Periksa Fakta Internasional (International Fact Checking network atau IFC), dan menjadi partner Facebook.",kolaborasi dengan jaringan periksa fakta internasional,,positive,action,1
2561,"Liputan6.com, juga telah bergabung dalam Jaringan Periksa Fakta Internasional (International Fact Checking network atau IFC), dan menjadi partner Facebook. Langkah ini merupakan salah satu upaya kami bermitra dengan Pemerintah untuk mengedukasi masyarakat dan memerangi hoaks atau berita bohon.",anti-misinformation,e,positive,action,1
2562,"Livin' Planet adalah fitur di Livin' SUKHA yang dirancang untuk meningkatkan kesadaran dan keterlibatan nasabah terhadap lingkungan melalui kalkulator jejak karbon, kontribusi penanaman pohon, konten edukasi, dan laporan perkembangan kontribusi tersebut.",kesadaran lingkungan,e-s-g,positive,action,1
2563,"Livin' by Mandiri menjangkau ±1,47 juta pengguna di area non-urban untuk mendukung inklusi keuangan UMKM.",financial inclusion,e,positive,outcome,1
2564,Local production of Venera mobile phones at PT Sat Nusapersada Tbk in Batam.,local economic impact,s,positive,action,1
2565,Local production of Venera mobile phones in Batam through PT Sat Nusapersada,supply chain management,s,positive,action,1
2566,Lokasi operasi kami yang lebih rinci dapat dilihat pada Laporan Tahunan 2020 kami.,laporan tahunan,e,neutral,outcome,1
2567,"Lokasi | Location: Baru/Wake Village, Batu Benawa, Hulu Sungai Tengah, South Borneo",geographic focus,s,none,neutral,1
2568,"Looking back at our achievements in sustainability over the past 50 years, we are inspired to carry on the mission started by our founders.",corporate values,e,positive,commitment,1
2569,Lower than 2021 because there are several CSR cooperation projects that are carried over to 2023 in accordance with adjustments by external parties.,csr funding,s,negative,outcome,1
2570,Lower than 2021 because there are several CSR cooperation projects that are carried over to 2023 in accordance with adjustments by external parties.,csr project management,e,negative,outcome,1
2571,MAINTAINING ECONOMIC PERFORMANCE TO DEVELOP INDEPENDENT AND SUSTAINABLE SOCIETY,economic performance,s,positive,commitment,2
2572,MAP Retail Academy External Training Program,education program,e,neutral,action,1
2573,MAP Retail Academy External Training Program.,education and training,e,neutral,action,1
2574,"MAP Retail Academy delivered 6,379 hybrid training sessions and 79,252 digital platform accesses",employee development,e-s-g,positive,outcome,1
2575,"MAP Retail Academy provides 79,252 learning platform accesses and 6,379 hybrid training participations",employee development,s,positive,outcome,1
2576,"MAP Retail Academy signed partnerships with the University of Indonesia, LaSalle College Jakarta, Prasetiya Mulya University, and London School of Public Relations.",education collaboration,e,positive,action,2
2577,"MAP also built one water tower at SDN Panundaan, Bandung Regency this year, to increase the community access to clean water.",community development,none,positive,outcome,1
2578,"MAP also built one water tower at SDN Panundaan, Bandung Regency this year, to increase the community access to clean water.",community water access,s,positive,outcome,2
2579,"MAP also built one water tower at SDN Panundaan, Bandung Regency this year, to increase the community access to clean water.",community water access improvement,s,positive,outcome,1
2580,"MAP also built one water tower at SDN Panundaan, Bandung Regency this year, to increase the community access to clean water.",water access,g,positive,outcome,2
2581,MAP also built one water tower... to increase the community access to clean water.,community infrastructure,s,positive,outcome,1
2582,"MAP believes that the awareness of sustainability continues to grow and has become a shared journey, we will strive to improve sustainability practices in our business activities.",sustainability awareness,s,positive,commitment,5
2583,"MAP believes that the awareness of sustainability continues to grow and has become a shared journey, we will strive to improve sustainability practices in our business activities.",sustainability awareness and improvement commitment,e,positive,commitment,1
2584,"MAP believes that the awareness of sustainability continues to grow and has become a shared journey, we will strive to improve sustainability practices in our business activities.",sustainability commitment,e,positive,commitment,1
2585,"MAP believes that the awareness of sustainability continues to grow and has become a shared journey, we will strive to improve sustainability practices in our business activities.",sustainability practices,e,positive,commitment,1
2586,"MAP built one water tower at SDN Panundaan, Bandung Regency this year, to increase the community access to clean water.",water access,g,positive,outcome,1
2587,"MAP continued our single-use plastic reduction initiatives, achieving almost 100% of shopping bags being paper or spun bonded.",single-use plastic reduction,s,positive,outcome,1
2588,MAP continued our single-use plastic reduction initiatives.,plastic reduction,e,positive,action,4
2589,"MAP continued to implement social initiatives throughout 2023, such as maintaining the Rumah Belajar Anak Bintang (RAJAB), book donations, sports coaching clinics, sports facility revamp, recycled products activities and providing various quality trainings to the surrounding community.",social initiatives,s,positive,action,2
2590,MAP continues to strive for providing a safe and conducive working environment for its employees,workplace safety,none,positive,commitment,1
2591,"MAP continues to strive for providing a safe and conducive working environment for its employees, exceptional shopping experiences for customers, and positive contributions to the surrounding community.",employee safety,none,positive,commitment,1
2592,"MAP continues to strive for providing a safe and conducive working environment for its employees, exceptional shopping experiences for customers, and positive contributions to the surrounding community.",working environment,none,positive,commitment,1
2593,MAP continues to strive for providing a safe and conducive working environment for its employees.,employee welfare,e,positive,commitment,1
2594,MAP ensured that all products have undergone evaluation processes and obtained the necessary licenses such as Indonesian National Standards (SNI) for all kids' products and distribution licenses from Indonesian Food and Drug Authority (BPOM) for all food and cosmetic products.,product safety,e,positive,outcome,3
2595,MAP established MAP Retail Academy (MRA) as a center for retail training in Indonesia.,education and training,s,positive,action,1
2596,MAP has made 4 murals using special paint that could absorb air pollution and was equal to planting 700 trees.,air pollution reduction,s,positive,outcome,1
2597,"MAP is committed to be responsible in the environmental, social, and governance (ESG) management in our business operations.",esg commitment,none,positive,commitment,2
2598,MAP maintained our BBB rating from the MSCI ESG Rating and our Medium ESG Risk rating from Sustainalytics.,esg ratings,e,positive,outcome,1
2599,"MAPI aims to run an inclusive business through partnership with local micro, small and medium enterprises (MSMEs).",inclusive business,s,positive,commitment,3
2600,"MAPI aims to run an inclusive business through partnership with local micro, small and medium enterprises (MSMEs).",msme partnership,e,positive,commitment,4
2601,"MAPI aims to run an inclusive business through partnership with local micro, small and medium enterprises (MSMEs).",msme partnerships,e,positive,commitment,1
2602,"MAPI aims to run an inclusive business through partnership with local micro, small and medium enterprises (MSMEs).",partnership with msmes,e,positive,commitment,1
2603,"MAPI aims to run an inclusive business through partnership with local micro, small and medium enterprises (MSMEs).",support for local msmes,e,positive,commitment,1
2604,"MAPI bertujuan untuk menjalankan bisnis yang inklusif melalui kerja sama dengan usaha mikro, kecil dan menengah (UMKM) lokal.",inclusive business,e-s-g,positive,commitment,1
2605,MAPI has identify the sources and calculate our greenhouse gas (GHG) emissions.,ghg emissions,s,neutral,action,2
2606,MAPI has identify the sources and calculate our greenhouse gas (GHG) emissions.,ghg emissions measurement,e,neutral,action,1
2607,MAPI has identify the sources and calculate our greenhouse gas (GHG) emissions.,ghg emissions tracking,none,neutral,action,2
2608,MAPI has identify the sources and calculate our greenhouse gas (GHG) emissions.,greenhouse gas emissions,s,neutral,action,1
2609,MAPI increased its MSCI ESG Rating from BB to BBB,esg performance,g,positive,outcome,2
2610,MAPI increased its MSCI ESG Rating from BB to BBB.,governance,e,positive,outcome,1
2611,MAPI provides a safe and conducive workplace for its employees,workplace safety,e,positive,outcome,1
2612,"MAPI provides a safe and conducive workplace for its employees, a great shopping experience to customers, and deliver positive contributions to surrounding communities.",social responsibility,g,positive,outcome,1
2613,"MAPI provides a safe and conducive workplace for its employees, a great shopping experience to customers, and deliver positive contributions to surrounding communities.",stakeholder value creation,s,positive,outcome,1
2614,"MAPI provides a safe and conducive workplace for its employees, a great shopping experience to customers, and deliver positive contributions to surrounding communities.",workplace and community,e,positive,outcome,1
2615,"MAPI provides a safe and conducive workplace for its employees, a great shopping experience to customers, and deliver positive contributions to surrounding communities.",workplace safety,none,positive,outcome,2
2616,MAPI provides a safe and conducive workplace for its employees.,workplace safety,g,positive,outcome,1
2617,"MAPI will always care for Environment, Social and Governance and apply them throughout the Company's business aspects to support the achievement of the Sustainable Development Goals.",commitment to esg and sdgs,e-s,positive,commitment,1
2618,"MAPI will always care for Environment, Social and Governance and apply them throughout the Company's business aspects to support the achievement of the Sustainable Development Goals.",esg commitment,e-s-g,positive,commitment,1
2619,"MAPI will always care for Environment, Social and Governance and apply them throughout the Company's business aspects to support the achievement of the Sustainable Development Goals.",esg integration,,positive,commitment,4
2620,"MAPI will always care for Environment, Social and Governance and apply them throughout the Company's business aspects to support the achievement of the Sustainable Development Goals.",esg integration and sdg commitment,,positive,commitment,1
2621,"MAPI will always care for Environment, Social and Governance and apply them throughout the Company's business aspects to support the achievement of the Sustainable Development Goals.",esg integration for sdgs,e,positive,commitment,1
2622,"MAPI will always care for Environment, Social and Governance and apply them throughout the Company's business aspects to support the achievement of the Sustainable Development Goals.",esg strategy,e,positive,commitment,1
2623,"MAPI will always care for Environment, Social and Governance and apply them throughout the Company's business aspects to support the achievement of the Sustainable Development Goals.",sustainability strategy,e-s-g,positive,commitment,1
2624,"MAPI will always care for Environment, Social and Governance and apply them throughout the Company's business aspects to support the achievement of the Sustainable Development Goals.",sustainable development goals,s,positive,commitment,5
2625,MAPI will endeavor to improve its sustainability performance.,governance,e-s,positive,commitment,1
2626,"MAPI's initiatives in managing sustainability performance during 2022 has resulted in an improvement of MSCI ESG Rating, from BB to BBB.",esg rating,none,positive,outcome,2
2627,"MAPI's initiatives in managing sustainability performance during 2022 has resulted in an improvement of MSCI ESG Rating, from BB to BBB.",esg rating improvement,e,positive,outcome,2
2628,"MAPI's initiatives in managing sustainability performance during 2022 has resulted in an improvement of MSCI ESG Rating, from BB to BBB.",msci esg rating,none,positive,outcome,2
2629,MEKANISME KELUHAN MASYARAKAT Community Grievance Mechanism,community grievance mechanism,e,neutral,action,2
2630,MEKANISME PENANGANAN KELUHAN TERKAIT LINGKUNGAN Environmental Complaints Handling Mechanism,environmental complaints handling mechanism,none,neutral,action,1
2631,MEMASTIKAN KREDIBILITAS PELAPORAN,reporting credibility,,neutral,commitment,1
2632,MEMASTIKAN KREDIBILITAS PELAPORAN Ensuring Reporting Credibility,reporting credibility,none,neutral,commitment,2
2633,MEMBERDAYAKAN PEMASOK LOKAL,empowering local suppliers,e-s-g,positive,action,1
2634,MEMBERDAYAKAN PEMASOK LOKAL (Empowering Local Suppliers),local sourcing,none,positive,action,1
2635,MEMBERDAYAKAN PEMASOK LOKAL Empowering Local Suppliers,empowering local suppliers,e-s-g,positive,action,1
2636,MEMBERDAYAKAN PEMASOK LOKAL Empowering Local Suppliers,local supplier empowerment,,positive,action,1
2637,MEMBINA HUBUNGAN INDUSTRIAL YANG SELARAS,harmonious industrial relations,none,positive,action,1
2638,MEMBINA HUBUNGAN INDUSTRIAL YANG SELARAS (Fostering Harmonious Industrial Relations),labor relations,e,positive,action,1
2639,MEMBINA HUBUNGAN INDUSTRIAL YANG SELARAS Fostering Harmonious Industrial Relations,fostering harmonious industrial relations,s,positive,action,1
2640,MEMBINA HUBUNGAN INDUSTRIAL YANG SELARAS Fostering Harmonious Industrial Relations,industrial relations,none,positive,action,1
2641,MEMFASILITASI KARYAWAN DENGAN PELATIHAN,employee training,none,positive,action,1
2642,MEMFASILITASI KARYAWAN DENGAN PELATIHAN Facilitating Employees with Training,employee training facilitation,e,positive,action,1
2643,MEMFASILITASI KARYAWAN DENGAN PELATIHAN Facilitating Employees with Training,facilitating employees with training,g,positive,action,1
2644,MENJAGA KINERJA EKONOMI DEMI MENGEMBANGKAN MASYARAKAT MANDIRI DAN BERKELANJUTAN,economic performance and community development,e-s,positive,commitment,2
2645,MENJAGA KINERJA EKONOMI DEMI MENGEMBANGKAN MASYARAKAT MANDIRI DAN BERKELANJUTAN 60 MAINTAINING ECONOMIC PERFORMANCE TO DEVELOP INDEPENDENT AND SUSTAINABLE SOCIETY,economic performance,e-s,positive,commitment,1
2646,MENJAGA KINERJA EKONOMI DEMI MENGEMBANGKAN MASYARAKAT MANDIRI DAN BERKELANJUTAN 60 MAINTAINING ECONOMIC PERFORMANCE TO DEVELOP INDEPENDENT AND SUSTAINABLE SOCIETY,maintaining economic performance to develop independent and sustainable society,e-s-g,positive,commitment,1
2647,MENJAGA PERFORMA EKONOMI DEMI MENGEMBANGKAN MASYARAKAT MANDIRI DAN BERKELANJUTAN,keberlanjutan ekonomi,s-g,positive,commitment,1
2648,MENJAGA PERFORMA KESEHATAN DAN KESELAMATAN KERJA,kesehatan dan keselamatan kerja,,positive,commitment,1
2649,MENJAGA PERFORMA KESEHATAN DAN KESELAMATAN KERJA (Maintaining Occupational Health and Safety Performance),occupational health & safety,none,positive,commitment,1
2650,MENJAGA PERFORMA PENGELOLAAN LINGKUNGAN HIDUP,pengelolaan lingkungan,e,positive,commitment,1
2651,MENJAGA PERFORMA PENGELOLAAN LINGKUNGAN HIDUP (Maintaining Environmental Management Performance),environmental management,e,positive,commitment,1
2652,MENJAGA PERFORMA PENGEMBANGAN SUMBER DAYA MANUSIA,pengembangan sumber daya manusia,none,positive,commitment,1
2653,MENJAGA PERFORMA PENGEMBANGAN SUMBER DAYA MANUSIA (Maintaining the Performance of Human Resources Development),employee development,,positive,commitment,1
2654,"MRA also signed partnerships with the University of Indonesia, LaSalle College Jakarta, Prasetiya Mulya University, and London School of Public Relations.",educational partnerships,g,positive,action,3
2655,"MRA also signed partnerships with the University of Indonesia, LaSalle College Jakarta, Prasetiya Mulya University, and London School of Public Relations.",university partnerships,e,positive,action,1
2656,"MRA also signed partnerships with the University of Indonesia, LaSalle College Jakarta...",educational collaboration,none,positive,action,1
2657,MSCI ESG Rating improved from BB to BBB in 2022 with no governance-related sanctions,esg performance,s,positive,outcome,1
2658,Maintaining Economic Performance while Developing Self Sustained Society,economic performance,s,positive,commitment,2
2659,Maintaining Economic Performance while Developing Self Sustained Society,economic performance and community development,s,positive,commitment,1
2660,Maintaining Environmental Management Performance,environmental management,none,positive,commitment,3
2661,Maintaining Occupational Health and Safety Performance,occupational health and safety,e,positive,commitment,3
2662,"Maintaining a sustainable growth in the last few years, the Company closed 2017 with a satisfying achievement and is prepared to face the digital era.",sustainable growth,s,positive,outcome,5
2663,"Maintaining a sustainable growth in the last few years, the Company closed 2017 with a satisfying achievement and is prepared to face the digital era.",sustainable growth and digital readiness,,positive,outcome,2
2664,Maintaining the Performance of Human Resources Development,human resources development,e,positive,commitment,3
2665,Maintaining the performance of mineral mining business amid the business challenges in order to realize sustainability is the theme for BRMS in this 2020 Sustainability Report.,keberlanjutan perusahaan,s,positive,commitment,2
2666,Maintaining the performance of mineral mining business amid the business challenges in order to realize sustainability is the theme for BRMS in this 2020 Sustainability Report.,sustainability commitment,e-s-g,positive,commitment,2
2667,Maintaining the performance of mineral mining business amid the business challenges in order to realize sustainability is the theme for BRMS in this 2020 Sustainability Report.,sustainability strategy,s,positive,commitment,2
2668,"Maka untuk mewujudkan sasaran tersebut, Perseroan telah menggulirkan langkah transformasi di segenap aspek bisnisnya. Perseroan senantiasa menyelaraskan strategi operasional dengan prinsip keberlanjutan agar dampak yang dihasilkan dapat terukur bagi pemangku kepentingan, baik dari sisi aspek ekonomi, aspek lingkungan maupun aspek sosial yang merupakan 3 (tiga) aspek utama keberlanjutan.",business transformation alignment,none,neutral,action,1
2669,"Maka, sebagai perusahaan yang bergerak di bidang media, risiko perubahan iklim yang menjadi tantangan bersama, kami ubah menjadi kesempatan untuk berinovasi dengan berbagai teknologi.",climate change innovation,e,positive,action,1
2670,"Maka, sebagai perusahaan yang bergerak di bidang media, risiko perubahan iklim yang menjadi tantangan bersama, kami ubah menjadi kesempatan untuk berinovasi dengan berbagai teknologi.",environmental protection,s,positive,action,1
2671,"Maka, sebagai perusahaan yang bergerak di bidang media, risiko perubahan iklim yang menjadi tantangan bersama, kami ubah menjadi kesempatan untuk berinovasi dengan berbagai teknologi.",mengubah risiko iklim menjadi peluang inovasi,s,positive,action,1
2672,"Make cities inclusive, safe, resilient and sustainable",sustainable cities,e-s-g,positive,commitment,1
2673,"Management also continues to reorganize the organization to minimize bureaucracy in decision‑making, improve business process efficiency, and minimize resource duplication as part of the ongoing transformation program.",governance,none,positive,action,1
2674,Management has a firm commitment to ensure that the Company continuously stays ahead of its peers.,corporate commitment,s,positive,commitment,1
2675,"Management is committed to ensuring the Company remains a leader in the industry. Therefore, Management implements a five-year strategy to transform internally, making the Company more effective and efficient in serving consumer lifestyle needs, especially for telecommunications devices, gadgets, accessories, content and value‑added services.",corporate vision,e,positive,commitment,1
2676,Management of domestic wastewater.,wastewater management,e-s-g,neutral,action,1
2677,Management of in-migration to prevent slum settlements around mining areas.,preventing slum settlements,none,positive,action,1
2678,Manajemen berkomitmen untuk terus memastikan Perseroan terus menjadi yang terdepan di dalam industri.,company strategy,s,positive,commitment,1
2679,Manajemen berkomitmen untuk terus memastikan Perseroan terus menjadi yang terdepan di dalam industri.,corporate commitment,s,positive,commitment,1
2680,Manajemen berkomitmen untuk terus memastikan Perseroan terus menjadi yang terdepan di dalam industri.,corporate strategy,e,positive,commitment,1
2681,Manajemen berkomitmen untuk terus memastikan Perseroan terus menjadi yang terdepan di dalam industri.,industry leadership,s,positive,commitment,1
2682,Manajemen berkomitmen untuk terus memastikan Perseroan terus menjadi yang terdepan di dalam industri.,management commitment to industry leadership,g,positive,commitment,1
2683,Manajemen berkomitmen untuk terus memastikan Perseroan terus menjadi yang terdepan di dalam industri.,market leadership,,positive,commitment,1
2684,Manajemen berkomitmen untuk terus memastikan Perseroan terus menjadi yang terdepan di dalam industri.,strategi perusahaan,s,positive,commitment,1
2685,Manajemen berkomitmen untuk terus memastikan Perseroan terus menjadi yang terdepan di dalam industri.,strategic planning,none,positive,commitment,1
2686,"Manajemen berkomitmen untuk terus memastikan Perseroan terus menjadi yang terdepan di dalam industri. Oleh karena itu, Manajemen menerapkan strategi lima tahunnya untuk melakukan transformasi internal untuk membuat Perseroan lebih efektif dan efisien dalam melayani kebutuhan gaya hidup Konsumen, khususnya untuk kebutuhan perangkat telekomunikasi, gadget, aksesoris, konten dan layanan bernilai tambah lainnya.",corporate vision,,positive,commitment,1
2687,"Manajemen berkomitmen untuk terus memastikan Perseroan terus menjadi yang terdepan di dalam industri. Oleh karena itu, Manajemen menerapkan strategi lima tahunnya untuk melakukan transformasi internal untuk membuat Perseroan lebih efektif dan efisien dalam melayani kebutuhan gaya hidup Konsumen.",corporate strategy,e-s-g,positive,commitment,1
2688,"Manajemen berkomitmen untuk terus memastikan Perseroan terus menjadi yang terdepan di dalam industri. Oleh karena itu, Manajemen menerapkan strategi lima tahunnya untuk transformasi internal untuk membuat Perseroan lebih efektif dan efisien dalam melayani kebutuhan gaya hidup Konsumen, khususnya untuk kebutuhan perangkat telekomunikasi, gadget, aksesoris, konten dan layanan bernilai tambah lainnya.",commitment to industry leadership and customer-centric transformation,s,positive,commitment,1
2689,Manajemen gedung apartemen 1Park Avenue sukses mempertahankan skor audit 5S dalam dua tahun berturut-turut di atas 80%.,operational excellence,g,positive,outcome,2
2690,Manajemen gedung apartemen 1Park Avenue sukses mempertahankan skor audit 5S dalam dua tahun berturut-turut di atas 80%.,skor audit 5s,e-s-g,positive,outcome,1
2691,Manajemen juga terus melakukan restrukturisasi organisasi untuk meminimalisir birokrasi dalam proses pengambilan keputusan dan memperbaiki efisiensi proses bisnis serta meminimalisir duplikasi sumber daya sebagai bagian dari program transformasi yang dijalankan.,governance,none,positive,action,1
2692,Manajemen juga terus melakukan restrukturisasi organisasi untuk meminimalisir birokrasi dalam proses pengambilan keputusan dan memperbaiki efisiensi proses bisnis serta meminimalisir duplikasi sumber daya sebagai bagian dari program transformasi yang dijalankan.,organizational efficiency,none,positive,action,3
2693,Manajemen juga terus melakukan restrukturisasi organisasi untuk meminimalisir birokrasi dalam proses pengambilan keputusan dan memperbaiki efisiensi proses bisnis serta meminimalisir duplikasi sumber daya sebagai bagian dari program transformasi yang dijalankan.,organizational restructuring,,positive,action,2
2694,Manajemen juga terus melakukan restrukturisasi organisasi untuk meminimalisir birokrasi dalam proses pengambilan keputusan dan memperbaiki efisiensi proses bisnis serta meminimalisir duplikasi sumber daya sebagai bagian dari program transformasi yang dijalankan.,resource efficiency,none,positive,action,1
2695,Manajemen melakukan restrukturisasi organisasi untuk meminimalisir birokrasi dan memperbaiki efisiensi proses bisnis.,organizational restructuring,e-s-g,positive,action,1
2696,"Manajemen menerapkan strategi lima tahunnya untuk melakukan transformasi internal untuk membuat Perseroan lebih efektif dan efisien dalam melayani kebutuhan gaya hidup Konsumen, khususnya untuk kebutuhan perangkat telekomunikasi, gadget, aksesoris, konten dan layanan bernilai tambah lainnya.",internal transformation,e,positive,action,1
2697,"Manajemen menerapkan strategi lima tahunnya untuk melakukan transformasi internal untuk membuat Perseroan lebih efektif dan efisien dalam melayani kebutuhan gaya hidup Konsumen, khususnya untuk kebutuhan perangkat telekomunikasi, gadget, aksesoris, konten dan layanan bernilai tambah lainnya.",operational efficiency,e-s-g,positive,action,1
2698,Manajemen menerapkan strategi lima tahunnya untuk melakukan transformasi internal untuk membuat Perseroan lebih efektif dan efisien dalam melayani kebutuhan gaya hidup Konsumen.,internal transformation,e,positive,action,1
2699,Manajemen secara konsisten meneruskan proses transformasi sesuai dengan visi perusahaan hingga 5 (lima) tahun ke depan untuk tetap leading dan inovatif di sektor telekomunikasi ritel.,business transformation,none,positive,action,2
2700,Manajemen secara konsisten meneruskan proses transformasi sesuai dengan visi perusahaan hingga 5 (lima) tahun ke depan untuk tetap leading dan inovatif di sektor telekomunikasi ritel.,company strategy,e-s-g,positive,action,1
2701,Manajemen secara konsisten meneruskan proses transformasi sesuai dengan visi perusahaan hingga 5 (lima) tahun ke depan untuk tetap leading dan inovatif di sektor telekomunikasi ritel.,corporate strategy,,positive,action,2
2702,Manajemen secara konsisten meneruskan proses transformasi sesuai dengan visi perusahaan hingga 5 (lima) tahun ke depan untuk tetap leading dan inovatif di sektor telekomunikasi ritel.,strategi perusahaan,s,positive,action,1
2703,Manajemen secara konsisten meneruskan proses transformasi sesuai dengan visi perusahaan hingga 5 (lima) tahun ke depan untuk tetap leading dan inovatif di sektor telekomunikasi ritel.,strategic planning,s,positive,action,1
2704,Manajemen secara konsisten meneruskan proses transformasi sesuai dengan visi perusahaan hingga 5 (lima) tahun ke depan untuk tetap leading dan inovatif di sektor telekomunikasi ritel.,strategic transformation,e,positive,action,1
2705,Manajemen sumber air melalui pemanfaatan air AC untuk media tanam hidroponik,water resource management,e,positive,action,1
2706,Manajemen sumber air melalui pemanfaatan air AC untuk media tanam hidroponik.,manajemen sumber air,e-s-g,positive,action,1
2707,"Mangrove Planting: 353 Trees planted at Pantai Indah Kapuk, Jakarta.",environmental,none,positive,action,1
2708,"Mangrove planting program in 60 Ha Watershed in Langkat, North Sumatra",biodiversity conservation,s,positive,action,1
2709,Mangrove planting program in 60 Ha Watershed in Langkat.,biodiversity conservation,none,positive,action,1
2710,"Mangrove planting program in Karawang, West Java",biodiversity conservation,e,positive,action,1
2711,"Mangrove planting program in a 60 Ha Watershed (DAS) in Langkat, North Sumatra",biodiversity conservation,s,positive,action,1
2712,Mangrove planting... equivalent to 49K trees.,carbon sequestration,s,positive,outcome,1
2713,Mangrove untuk mendukung usaha dekarbonisasi.,mangrove,e-s-g,positive,action,1
2714,Many of the things we are testing to elevate and upgrade the presentation of our products are now being gradually rolled out to more markets in 2024.,product presentation upgrades,g,positive,action,1
2715,"Meanwhile, on the social aspect, the Company contributes to the welfare of the surrounding community through Corporate Social Responsibility (CSR) programs.",csr programs,none,positive,action,1
2716,Measurement of emission intensity using emission intensity parameters through a comparison between the total emission load and the company's total production.,emission intensity measurement,none,neutral,action,1
2717,Measurement of energy intensity is carried out in order to determine the level of energy consumption used for each production process carried out by the Company.,energy intensity measurement,,neutral,action,1
2718,Measurement of water consumption using the denominator of the amount of geothermal steam production equivalent to electricity.,water consumption measurement,e,neutral,action,1
2719,Melakukan digitalisasi dalam proses pencatatan produksi dan jalur distribusi untuk meningkatkan efisiensi operasional.,operational efficiency,s,positive,action,1
2720,Melakukan digitalisasi dalam proses pencatatan produksi dan jalur distribusi untuk meningkatkan efisiensi operasional.,operational efficiency through digitalization,e-s-g,positive,action,2
2721,Melakukan evaluasi kinerja karyawan dan memberikan penghargaan sesuai dengan performa/kinerja karyawan.,employee performance management,e,positive,action,1
2722,Melakukan evaluasi kinerja karyawan dan memberikan penghargaan sesuai dengan performa/kinerja karyawan.,performance management,s,positive,action,2
2723,Melakukan inovasi produk berkelanjutan dan terus bertumbuh untuk memenuhi kebutuhan pelanggan dan mengurangi emisi.,sustainable product innovation,g,positive,action,2
2724,Melakukan inovasi produk berkelanjutan dan terus bertumbuh untuk memenuhi kebutuhan pelanggan dan mengurangi emisi.,sustainable product innovation & emission reduction,,positive,action,1
2725,Melakukan pelatihan anti-korupsi kepada seluruh karyawan dan manajemen Perusahaan.,anti-corruption training,g,positive,action,3
2726,Melakukan pelatihan dan peningkatan kompetensi secara berkala kepada seluruh karyawan.,employee training,s,positive,action,1
2727,Melakukan pelatihan terkait HAM terhadap pasukan keamanan untuk mencegah terjadinya kekerasan terhadap pemangku kepentingan.,human rights training,s,positive,action,1
2728,Melakukan penilaian yang lebih baik untuk emisi GRK;,improved ghg emissions assessment,s,positive,action,1
2729,Melakukan perhitungan emisi GRK dan program pengurangan emisi GRK.,emisi grk,g,positive,action,1
2730,Melakukan regenerasi dengan karyawan yang berpotensi dan mempersiapkan untuk menjadi pemimpin baru di masa depan.,leadership development,e,positive,action,1
2731,Melakukan regenerasi dengan karyawan yang berpotensi dan mempersiapkan untuk menjadi pemimpin baru di masa depan.,succession planning,,positive,action,2
2732,Melakukan uji coba ketahanan dan keamanan produk baik secara mandiri maupun melalui pihak ketiga yang tersertifikasi.,product testing,g,neutral,action,1
2733,Melakukan uji coba ketahanan dan keamanan produk baik secara mandiri maupun melalui pihak ketiga yang tersertifikasi.,product testing and certification,e,neutral,action,1
2734,"Melalui Japfa Peduli, kami membantu para korban bencana alam serta terus berkontribusi dalam penanggulangan pandemi Covid-19",community development,,positive,action,1
2735,"Melalui Japfa Peduli, kami membantu para korban bencana alam serta terus berkontribusi dalam penanggulangan pandemi Covid-19 dalam negeri, di antaranya dengan penyediaan vaksin",community support,e,positive,action,1
2736,"Melalui Japfa Peduli, kami membantu para korban bencana alam serta terus berkontribusi dalam penanggulangan pandemi Covid-19 dalam negeri, di antaranya dengan penyediaan vaksin",community support and pandemic response,none,positive,action,1
2737,"Melalui Japfa Peduli, kami membantu para korban bencana alam serta terus berkontribusi dalam penanggulangan pandemi Covid-19 dalam negeri, di antaranya dengan penyediaan vaksin",corporate social responsibility,s,positive,action,1
2738,"Melalui Japfa Peduli, kami membantu para korban bencana alam serta terus berkontribusi dalam penanggulangan pandemi Covid-19 dalam negeri, di antaranya dengan penyediaan vaksin.",kontribusi kesehatan,e,positive,action,1
2739,"Melalui evaluasi berkelanjutan dan inovasi, BRMS memastikan bahwa praktiknya terus berkembang, mencerminkan perubahan dalam lingkungan dan masyarakat serta menghadapi tantangan masa depan.",continuous evaluation and innovation,e,positive,action,1
2740,"Melalui inovasi dan aksi konkret, Bank Mandiri terus menghadirkan pendekatan progresif dalam keuangan berkelanjutan, termasuk menjadi bank nasional pertama yang menerbitkan Sustainable Finance Framework dan Transition Finance Framework.",keuangan berkelanjutan,e-s-g,positive,action,2
2741,"Melalui inovasi dan aksi konkret, Bank Mandiri terus menghadirkan pendekatan progresif dalam keuangan berkelanjutan, termasuk menjadi bank nasional pertama yang menerbitkan Sustainable Finance Framework dan Transition Finance Framework.",sustainable finance framework,e-s-g,positive,action,2
2742,"Melalui inovasi dan aksi konkret, Bank Mandiri terus menghadirkan pendekatan progresif dalam keuangan berkelanjutan, termasuk menjadi bank nasional pertama yang menerbitkan Sustainable Finance Framework dan Transition Finance Framework.",sustainable finance innovation,e-s-g,positive,action,1
2743,"Melalui investasi pada sumber daya manusia, kami ingin meningkatkan kesejahteraan mereka sambil tetap memperhatikan dampaknya terhadap lingkungan.",employee welfare,none,positive,commitment,1
2744,"Melalui kerangka kerja ini, kami berkomitmen memimpin transisi Indonesia ke ekonomi rendah karbon, mencapai Net Zero Emissions dari kegiatan operasional pada 2030, dan mengatalisasi berbagai pertumbuhan dengan dampak sosial untuk mencapai Tujuan Pembangunan Berkelanjutan.",commitment to leading the transition to a low-carbon economy and achieving net zero emissions,g,positive,commitment,1
2745,"Melalui kerangka kerja tersebut, kami berkomitmen untuk memimpin transisi Indonesia menuju ekonomi rendah karbon, mencapai Net Zero Emissions kegiatan operasional Bank pada 2030 dan pembiayaan pada 2060 atau lebih cepat, dan mengatalisasi berbagai pertumbuhan dengan dampak sosial untuk mencapai Tujuan Pembangunan Berkelanjutan.",commitment to leading the transition to a low-carbon economy and achieving net zero emissions,g,positive,commitment,1
2746,"Melalui kesempatan ini kami mengukur kinerja sosial dari program kemitraan kami, yang tidak hanya melibatkan para mitra, tetapi juga pemangku kepentingan lain yang terkait seperti masyarakat lokal.",stakeholder engagement in social assessment,s,neutral,action,1
2747,"Melalui kolaborasi erat dengan pemangku kepentingan, kami optimis akan menciptakan nilai jangka panjang bagi seluruh pihak.",stakeholder collaboration,g,positive,commitment,3
2748,"Melalui konsep tersebut, event-event yang biasanya dilakukan secara on the ground, diubah menjadi virtual.",transformasi event menjadi virtual,g,neutral,action,1
2749,"Melalui langkah-langkah tersebut, Erajaya terus membangun keunggulan dan meningkatkan daya saing sebagai pemain yang dominan di pasarnya, dan dengan demikian mampu terus melayani permintaan pelanggan, memaksimalkan nilai bagi pemegang saham, dan memastikan momentum pertumbuhan bisnis yang berkelanjutan ke depan.",keunggulan,s,positive,outcome,1
2750,"Melalui model ini, kami dapat memberikan produk berkualitas tinggi ke pelanggan dan mereplikasikannya ke berbagai pasar dan protein yang berbeda",product quality and market replication,e-s-g,positive,outcome,1
2751,"Melalui model ini, kami dapat memberikan produk berkualitas tinggi ke pelanggan dan mereplikasikannya ke berbagai pasar dan protein yang berbeda.",kualitas produk,none,positive,outcome,1
2752,"Melalui model ini, kami dapat memberikan produk berkualitas tinggi ke pelanggan dan mereplikasikannya ke berbagai pasar dan protein yang berbeda.",product quality,none,positive,outcome,1
2753,"Melalui pelaksanaan berbagai inisiatif strategis di atas, Perseroan dapat menjaga prospek keberlangsungan usahanya untuk jangka panjang sehingga Perseroan dapat terus memberikan nilai tambah atas investasi yang diberikan investor maupun pemegang saham.",long-term business sustainability,e,positive,outcome,2
2754,"Melalui pemberitaan yang seimbang, pemberian informasi yang tepat dan independen, maka kami berperan untuk mendidik generasi yang akan datang.",balanced reporting,,positive,action,1
2755,"Melalui pemberitaan yang seimbang, pemberian informasi yang tepat dan independen, maka kami berperan untuk mendidik generasi yang akan datang.",educating future generations,s,positive,action,1
2756,"Melalui pemberitaan yang seimbang, pemberian informasi yang tepat dan independen, maka kami berperan untuk mendidik generasi yang akan datang.",media ethics,e,positive,action,2
2757,"Melalui pemberitaan yang seimbang, pemberian informasi yang tepat dan independen, maka kami berperan untuk mendidik generasi yang akan datang.",peran dalam pendidikan generasi melalui pemberitaan,e-s-g,positive,action,1
2758,"Melalui penciptaan dampak ini, kami berharap dapat mendukung pencapaian Tujuan Pembangunan Berkelanjutan 2030.",dukungan tujuan pembangunan berkelanjutan 2030,,positive,commitment,1
2759,"Melalui penciptaan dampak ini, kami berharap dapat mendukung pencapaian Tujuan Pembangunan Berkelanjutan 2030.",sdg alignment,e,positive,commitment,3
2760,"Melalui penciptaan dampak ini, kami berharap dapat mendukung pencapaian Tujuan Pembangunan Berkelanjutan 2030.",support for sustainable development goals,none,positive,commitment,1
2761,"Melalui penciptaan dampak ini, kami berharap dapat mendukung pencapaian Tujuan Pembangunan Berkelanjutan 2030.",sustainable development goals,none,positive,commitment,2
2762,"Melalui penciptaan dampak ini, kami berharap dapat mendukung pencapaian Tujuan Pembangunan Berkelanjutan 2030.",tujuan pembangunan berkelanjutan,none,positive,commitment,1
2763,"Melalui penerapan Sistem Manajemen Risiko, Perseroan dapat melakukan berbagai pengelolaan risiko termasuk risiko lingkungan, sosial, dan tata kelola (LST).",esg risk management,none,neutral,action,2
2764,"Melalui penerapan Sistem Manajemen Risiko, Perseroan dapat melakukan berbagai pengelolaan risiko termasuk risiko lingkungan, sosial, dan tata kelola (LST).",esg risk management system,none,neutral,action,1
2765,"Melalui penerapan Sistem Manajemen Risiko, Perseroan dapat melakukan berbagai pengelolaan risiko termasuk risiko lingkungan, sosial, dan tata kelola (LST).",risk management,e,neutral,action,2
2766,"Melalui penerapan Sistem Manajemen Risiko, Perseroan dapat melakukan berbagai pengelolaan risiko termasuk risiko lingkungan, sosial, dan tata kelola (LST).",risk management including esg risks,g,neutral,action,1
2767,"Melalui penerapan Sistem Manajemen Risiko, Perseroan dapat melakukan berbagai pengelolaan risiko termasuk risiko lingkungan, sosial, dan tata kelola (LST).",risk management system,e,neutral,action,1
2768,"Melalui penerapan nilai-nilai keberlanjutan, Perseroan berharap dapat memastikan bahwa keberadaan bisnisnya dapat membawa dampak positif bagi seluruh pemangku kepentingan melalui pelaksanaan kegiatan operasional yang berkelanjutan yang didukung oleh pemenuhan tanggung jawab terhadap 3 pilar utama keberlanjutan: aspek ekonomi, sosial, dan lingkungan.",dampak positif,e-s-g,positive,commitment,1
2769,"Melalui penerapan nilai-nilai keberlanjutan, Perseroan berharap dapat memastikan bahwa keberadaan bisnisnya dapat membawa dampak positif bagi seluruh pemangku kepentingan melalui pelaksanaan kegiatan operasional yang berkelanjutan yang didukung oleh pemenuhan tanggung jawab terhadap 3 pilar utama keberlanjutan: aspek ekonomi, sosial, dan lingkungan.",sustainability impact,s,positive,commitment,2
2770,"Melalui penerapan nilai-nilai keberlanjutan, Perseroan berharap dapat memastikan bahwa keberadaan bisnisnya dapat membawa dampak positif bagi seluruh pemangku kepentingan melalui pelaksanaan kegiatan operasional yang berkelanjutan yang didukung oleh pemenuhan tanggung jawab terhadap 3 pilar utama keberlanjutan: aspek ekonomi, sosial, dan lingkungan.",sustainability implementation,s,positive,action,1
2771,"Melalui penerapan nilai-nilai keberlanjutan, Perseroan berharap dapat memastikan bahwa keberadaan bisnisnya dapat membawa dampak positif bagi seluruh pemangku kepentingan melalui pelaksanaan kegiatan operasional yang berkelanjutan yang didukung oleh pemenuhan tanggung jawab terhadap 3 pilar utama keberlanjutan: aspek ekonomi, sosial, dan lingkungan.",sustainability strategy,s,positive,action,1
2772,"Melalui penerapan nilai-nilai keberlanjutan, Perseroan berharap dapat memastikan bahwa keberadaan bisnisnya dapat membawa dampak positif bagi seluruh pemangku kepentingan melalui pelaksanaan kegiatan operasional yang berkelanjutan.",dampak positif,s,positive,commitment,2
2773,"Melalui pengalaman kami sejak tahun 1971 di bidang produksi peternakan dan perikanan, kami menerapkan teknologi industri terkini untuk operasi yang berkelanjutan dan bertanggung jawab.",teknologi berkelanjutan,e-s-g,positive,action,1
2774,"Melalui pilar Sustainability Beyond Banking, Bank Mandiri menyalurkan kredit mikro produktif dan memperluas layanan keuangan melalui inovasi digital Livin', Livin' Merchant, KOPRA, dan Smart Branch.",expanding financial services through digital innovation,g,positive,action,1
2775,"Melalui strategi bisnis berkelanjutan, pengelolaan sumber daya yang efisien, keterlibatan pihak-pihak terkait, inovasi berkelanjutan, transparansi dalam pelaporan, pertumbuhan jangka panjang, pendidikan karyawan, dan kolaborasi industry.",sustainable business strategies,e,positive,commitment,3
2776,"Melalui strategi bisnis ini, Perseroan memastikan operasi bisnis yang berkelanjutan, mempertahankan tingkat kepemirsaan, serta mendukung Tujuan Pembangunan Berkelanjutan (TPB).",sustainable business operations,e,positive,action,1
2777,"Melalui strategi bisnis ini, Perseroan memastikan operasi bisnis yang berkelanjutan, mempertahankan tingkat kepemirsaan, serta mendukung Tujuan Pembangunan Berkelanjutan (TPB).",sustainable development goals alignment,e-s,positive,action,1
2778,"Melalui strategi keberlanjutan yang telah disusun dan diterapkan, Perseroan meyakini dapat menjalankan kegiatan operasional bisnis yang berkelanjutan, mempertahankan tingkat kepemirsaan, dan terutama dapat mendukung Tujuan Pembangunan Berkelanjutan (TPB).",sustainability strategy and sdgs support,s,positive,action,1
2779,"Melalui strategi keberlanjutan yang telah disusun dan diterapkan, Perseroan meyakini dapat menjalankan kegiatan operasional bisnis yang berkelanjutan, mempertahankan tingkat kepemirsaan, dan terutama dapat mendukung Tujuan Pembangunan Berkelanjutan (TPB).",sustainability strategy implementation,g,positive,action,1
2780,"Melalui strategi keberlanjutan yang telah disusun dan diterapkan, Perseroan meyakini dapat menjalankan kegiatan operasional bisnis yang berkelanjutan, mempertahankan tingkat kepemirsaan, dan terutama dapat mendukung Tujuan Pembangunan Berkelanjutan (TPB).",sustainable business operations and sdg support,e-s-g,positive,action,1
2781,"Melalui strategi kegiatan usaha tersebut, SCM dapat menjaga tingkat kepemirsaan, menjamin bisnis berkelanjutan, dan mendukung Tujuan Pembangunan Berkelanjutan (TPB).",keberlanjutan bisnis,e,positive,outcome,1
2782,"Melalui strategi kegiatan usaha tersebut, SCM dapat menjaga tingkat kepemirsaan, menjamin bisnis berkelanjutan, dan mendukung Tujuan Pembangunan Berkelanjutan (TPB).",strategi menjaga tingkat kepemirsaan dan mendukung tpb,none,positive,outcome,1
2783,"Melalui strategi kegiatan usaha tersebut, SCM dapat menjaga tingkat kepemirsaan, menjamin bisnis berkelanjutan, dan mendukung Tujuan Pembangunan Berkelanjutan (TPB).",sustainable business practices,e,positive,outcome,1
2784,"Melalui tayangan virtual ini, ternyata kami dapat menjangkau lebih banyak pemirsa [...] sehingga secara tidak langsung membantu mengurangi kesenjangan masyarakat dalam mengakses tayangan hiburan dan informasi.",digital inclusion,s,positive,outcome,1
2785,"Melalui tayangan virtual ini, ternyata kami dapat menjangkau lebih banyak pemirsa, dibandingkan sebelumnya, sehingga secara tidak langsung membantu mengurangi kesenjangan masyarakat dalam mengakses tayangan hiburan dan informasi.",digital inclusion,s,positive,outcome,1
2786,"Melalui tayangan virtual ini, ternyata kami dapat menjangkau lebih banyak pemirsa, dibandingkan sebelumnya, sehingga secara tidak langsung membantu mengurangi kesenjangan masyarakat dalam mengakses tayangan hiburan dan informasi.",pengurangan kesenjangan akses informasi melalui tayangan virtual,e-s-g,positive,outcome,1
2787,"Melalui tema ""Meningkatkan Kinerja Berkelanjutan Kami,"" kami menyoroti pencapaian tahun ini dimana peningkatan produksi dan hasil ekonomi yang solid diraih melalui praktik bisnis yang bertanggung jawab dan berkelanjutan.",kinerja berkelanjutan,,positive,outcome,2
2788,"Melalui tema ""Meningkatkan Kinerja Berkelanjutan Kami,"" kami menyoroti pencapaian tahun ini dimana peningkatan produksi dan hasil ekonomi yang solid diraih melalui praktik bisnis yang bertanggung jawab dan berkelanjutan.",sustainable business practices,e-s-g,positive,outcome,1
2789,"Melalui tema 'Meningkatkan Kinerja Berkelanjutan Kami,' kami menyoroti pencapaian tahun ini dimana peningkatan produksi dan hasil ekonomi yang solid diraih melalui praktik bisnis yang bertanggung jawab dan berkelanjutan.",sustainable business practices,e-s-g,positive,outcome,1
2790,"Melalui tema “Meningkatkan Kinerja Berkelanjutan Kami,” kami menyoroti pencapaian tahun ini dimana peningkatan produksi dan hasil ekonomi yang solid diraih melalui praktik bisnis yang bertanggung jawab dan berkelanjutan.",responsible and sustainable business practices,e-s-g,positive,outcome,1
2791,"Melalui tema “Meningkatkan Kinerja Berkelanjutan Kami,” kami menyoroti pencapaian tahun ini dimana peningkatan produksi dan hasil ekonomi yang solid diraih melalui praktik bisnis yang bertanggung jawab dan berkelanjutan.",sustainable business practices,,positive,outcome,3
2792,"Melalui visi keberlanjutan ""Becoming Indonesia's Sustainability Champion for a Better Future,"" Bank Mandiri bertekad untuk menjadi pelopor dalam transformasi menuju masa depan yang lebih hijau, inklusif, dan berkelanjutan.",sustainability vision,g,positive,commitment,1
2793,"Melibatkan pemasok dalam proyek keberlanjutan Perseroan, mempromosikan kolaborasi aktif untuk mencapai keberlanjutan dalam rantai pasok.",supply chain collaboration,none,positive,action,1
2794,"Melihat kembali perjalanan panjang selama lima puluh tahun, kami semakin termotivasi untuk melanjutkan nilai-nilai warisan pendiri kami",continuation of founder's values,,positive,commitment,1
2795,"Melihat kembali perjalanan panjang selama lima puluh tahun, kami semakin termotivasi untuk melanjutkan nilai-nilai warisan pendiri kami.",corporate values,e-s-g,positive,commitment,1
2796,Memanfaatkan peluang-peluang baru yang ada di Indonesia maupun negara-negara sekitar untuk selalu bisa meningkatkan nilai dan manfaat pada pemegang saham.,shareholder value,,positive,action,1
2797,Memanfaatkan peluang-peluang baru yang ada di Indonesia maupun negara-negara sekitar untuk selalu bisa meningkatkan nilai dan manfaat pada pemegang saham.,stakeholder value,none,positive,action,1
2798,Memanfaatkan solar photovoltaic (PV) di area penutupan tambang.,utilizing solar pv in mine closure areas,g,positive,action,1
2799,Memastikan budaya dan nilai-nilai Perusahaan tertanam dan diterapkan dalam aktivitas dan kehidupan kerja sehari-hari para karyawan menjadi faktor penting bagi Perusahaan.,corporate culture,e-s,neutral,action,1
2800,Memastikan budaya dan nilai-nilai Perusahaan tertanam dan diterapkan dalam aktivitas dan kehidupan kerja sehari-hari para karyawan menjadi faktor penting bagi Perusahaan.,corporate culture implementation,e-s-g,neutral,action,2
2801,"Memastikan kesehatan dan keselamatan kerja untuk karyawan, pekerja kontraktor, dan masyarakat di sekitar tambang.",health and safety,g,positive,commitment,1
2802,Mematuhi peraturan dan hukum yang berlaku di Indonesia.,compliance,e-s-g,neutral,commitment,1
2803,Membangun 3 Fasilitas Daur Ulang Air Baru,water stewardship,e,positive,outcome,1
2804,"Membangun budaya lingkungan kerja yang harmonis tanpa membedakan suku, agama, gender, ras, dan antar golongan.",harmonious work environment,e-s-g,positive,commitment,1
2805,Memberikan Manfaat Bagi Pertumbuhan Ekonomi,economic development,none,positive,outcome,1
2806,Memberikan Manfaat yang Optimal bagi Pemegang Saham,shareholder benefits,e,positive,outcome,1
2807,Memberikan Manfaat yang Optimal bagi Pemegang Saham Providing Optimal Benefits to Shareholders,manfaat pemegang saham,e-s-g,positive,outcome,1
2808,Memberikan economic value hingga ke 943 Nasabah,economic value creation,none,positive,outcome,1
2809,"Memberikan kesempatan yang sama kepada setiap karyawan tanpa memandang SARA, asal negara, dan gender dalam pengembangan karier, termasuk promosi, penghargaan, dan akses terhadap pelatihan.",diversity and inclusion,e,positive,commitment,3
2810,Memberikan pelatihan dan pendampingan kepada peternak susu lokal untuk meningkatkan keterampilan dan pengetahuan mereka dalam praktik peternakan yang berkelanjutan.,sustainable agriculture,s,positive,action,1
2811,Memberikan pelatihan dan pendampingan kepada peternak susu lokal untuk meningkatkan keterampilan dan pengetahuan mereka dalam praktik peternakan yang berkelanjutan.,sustainable farming practices,e,positive,action,2
2812,Membership in Associations,association membership,e,neutral,action,1
2813,Membuka Lembaran Baru Pertambangan Mineral di Indonesia demi Menyongsong Masa Depan yang Berkelanjutan,sustainable development,none,positive,commitment,1
2814,Membuka Lembaran Baru Pertambangan Mineral di Indonesia demi Menyongsong Masa Depan yang Berkelanjutan,sustainable mining practices,none,positive,commitment,1
2815,"Memilih pemasok dengan pertimbangan utama pada keberlanjutan, termasuk praktik lingkungan yang baik.",sustainable supplier selection,none,positive,action,1
2816,"Memilih pemasok dengan pertimbangan utama pada keberlanjutan, termasuk praktik lingkungan yang baik.",sustainable supply chain,none,positive,action,1
2817,Meminimalisir dampak negatif dari kegiatan operasional terhadap lingkungan sekitar,environmental impact and sustainable growth,e-s-g,positive,commitment,2
2818,Meminimalisir dampak negatif dari kegiatan operasional yang dilakukan oleh Perseroan dan entitas anaknya terhadap lingkungan sekitar;,dampak lingkungan,none,positive,commitment,1
2819,Meminimalisir dampak negatif dari kegiatan operasional yang dilakukan oleh Perseroan dan entitas anaknya terhadap lingkungan sekitar;,environmental impact,s,positive,commitment,1
2820,Meminimalisir dampak negatif dari kegiatan operasional yang dilakukan oleh Perseroan dan entitas anaknya terhadap lingkungan sekitar;,environmental impact minimization,none,positive,commitment,3
2821,Meminimalisir dampak negatif dari kegiatan operasional yang dilakukan oleh Perseroan dan entitas anaknya terhadap lingkungan sekitar;,environmental impact mitigation,none,positive,commitment,1
2822,Meminimalkan dampak negatif dari kegiatan operasional ... terhadap lingkungan sekitar;,environmental impact mitigation,s,positive,commitment,1
2823,Meminimalkan dampak negatif dari kegiatan operasional yang dilakukan oleh Perseroan dan entitas anaknya terhadap lingkungan sekitar;,environmental impact mitigation,e-s-g,positive,commitment,1
2824,"Memperkuat komitmen di bidang lingkungan, kami meluncurkan Sustainability Linked-Bond (SLB) sebesar 350 juta dolar AS pada Maret 2021",environmental commitment,g,positive,action,1
2825,"Memperkuat komitmen di bidang lingkungan, kami meluncurkan Sustainability Linked-Bond (SLB) sebesar 350 juta dolar AS pada Maret 2021",environmental sustainability commitment through slb,s,positive,action,1
2826,"Memperkuat komitmen di bidang lingkungan, kami meluncurkan Sustainability Linked-Bond (SLB) sebesar 350 juta dolar AS pada Maret 2021.",sustainability-linked bond,s,positive,action,2
2827,"Memperkuat komitmen di bidang lingkungan, kami meluncurkan Sustainability Linked-Bond (SLB) sebesar 350 juta dolar AS pada Maret 2021.",sustainability-linked financing,,positive,action,1
2828,"Mempertahankan pertumbuhan ekonomi per capita sesuai dengan kondisi nasional dan, khususnya, setidaknya 7 persen pertumbuhan produk domestik bruto per tahun di negara kurang berkembang.",sustaining economic growth,,neutral,commitment,1
2829,Menawarkan dan mengeksplorasi kesepakatan dalam bekerja sama.,ethical business practices,e,neutral,action,1
2830,Menawarkan dan mengeksplorasi kesepakatan dalam bekerja sama.,supplier relations,e,neutral,action,3
2831,"Mencapai cakupan kesehatan universal, termasuk perlindungan risiko keuangan, akses terhadap pelayanan kesehatan dasar yang baik, dan akses terhadap obat- obatan dan vaksin dasar yang aman, efektif, berkualitas, dan terjangkau bagi semua orang.",universal health coverage,e-s-g,positive,outcome,1
2832,"Mencapai tingkat produktivitas ekonomi yang lebih tinggi, melalui diversifikasi, peningkatan dan inovasi teknologi, termasuk melalui fokus pada sektor yang memberi nilai tambah tinggi dan padat karya.",achieving higher economic productivity,none,positive,outcome,1
2833,"Mencermati perkembangan tersebut, PT Erajaya Swasembada Tbk (""Erajaya"" atau ""Perseroan"") bergerak cepat melanjutkan strategi pertumbuhan yang telah mulai dirintis tahun sebelumnya, dengan fokus pada ekspansi jaringan ritel dari berbagai brand di bawah Erajaya Group.",strategi pertumbuhan,e-s-g,neutral,action,1
2834,"Menciptakan lapangan pekerjaan bagi 4 Desa sekitar (Kebraon, Wiyung, Bangkringan & Lakarsantri)",job creation in communities,s,positive,outcome,1
2835,Mendorong pengembangan teknologi untuk meningkatkan produktivitas dan memperpanjang umur fleet dan alat pertambangan lainnya.,technology development for productivity,e,positive,action,1
2836,Mendorong penggunaan energi secara bijak di lingkungan Perseroan,energy efficiency,e-s,positive,action,2
2837,Mendorong penggunaan energi secara bijak di lingkungan Perseroan;,energy efficiency,s,positive,action,7
2838,Mendorong penggunaan energi secara bijak di lingkungan Perseroan;,penggunaan energi,s,positive,action,1
2839,Mendorong penggunaan material ramah lingkungan dalam kegiatan operasional sehari-hari.,environmentally friendly materials,e,positive,action,1
2840,Mendorong pertumbuhan ekonomi nasional melalui kepatuhan pembayaran pajak dan nilai ekonomi yang didistribusikan kepada pemangku kepentingan.,economic growth through tax compliance,e-s-g,positive,action,1
2841,Mendukung 250 perusahaan hiburan lokal dalam rantai pasok,local economic impact,e-s,positive,outcome,1
2842,"Mendukung 250 perusahaan hiburan lokal dengan peningkatan nilai kontrak 13,12%",supply chain development,,positive,outcome,1
2843,Mendukung dan memperkuat partisipasi masyarakat lokal dalam meningkatkan pengelolaan air dan sanitasi.,local community participation in water management,e,positive,action,1
2844,"Mendukung penerapan prinsip-prinsip ESG (Environment, Social, and Governance) sehingga dapat membangun kompetitif yang akan mendukung pencapaian pertumbuhan bisnis yang berkualitas.",esg integration,s,positive,commitment,1
2845,"Menerapkan cara untuk menangkap dan memanfaatkan karbon, jika memungkinkan;",carbon capture and utilization,none,neutral,action,1
2846,Menerapkan efisiensi energi dan Natural Climate Solutions (NCS) secara cepat di seluruh Entitas Anak;,energy efficiency and ncs implementation,s,positive,action,1
2847,"Menerapkan ekonomi sirkular melalui reduce, reuse, recycle.",ekonomi sirkular,s,positive,action,1
2848,"Menerapkan prinsip inklusivitas dan kesetaraan dalam proses perekrutan, pemberian remunerasi, serta pelatihan dan pendidikan karyawan.",diversity & inclusion,none,positive,action,1
2849,"Menerapkan prinsip inklusivitas dan kesetaraan dalam proses perekrutan, pemberian remunerasi, serta pelatihan dan pendidikan karyawan.",inclusivity and equality,e,positive,action,1
2850,"Menetapkan target konkret pengurangan emisi karbon, yang tercapai melalui transisi penggunaan energi terbarukan pada fasilitas Perseroan, baik fasilitas baru maupun fasilitas yang sudah ada.",carbon emission reduction,e-s-g,positive,commitment,1
2851,"Menetapkan target konkret pengurangan emisi karbon, yang tercapai melalui transisi penggunaan energi terbarukan pada fasilitas Perseroan, baik fasilitas baru maupun fasilitas yang sudah ada.",carbon emission reduction & renewable energy,s,positive,commitment,1
2852,"Menetapkan target konkret pengurangan emisi karbon, yang tercapai melalui transisi penggunaan energi terbarukan pada fasilitas Perseroan, baik fasilitas baru maupun fasilitas yang sudah ada.",carbon emission reduction target,e,positive,commitment,1
2853,Mengadopsi teknik pertanian organik dan ramah lingkungan untuk mengurangi penggunaan pestisida dan pupuk kimia yang dapat mencemari tanah dan air.,organic farming,s,positive,action,2
2854,Mengadopsi teknik pertanian organik dan ramah lingkungan untuk mengurangi penggunaan pestisida dan pupuk kimia yang dapat mencemari tanah dan air.,pollution prevention,none,positive,action,1
2855,Mengakhiri segala bentuk diskriminasi terhadap kaum perempuan dimanapun.,ending discrimination against women,none,positive,commitment,1
2856,Mengakhiri segala bentuk diskriminasi terhadap kaum perempuan dimanapun.,kesetaraan gender,e-s,positive,commitment,1
2857,"Mengedepankan Keberlanjutan Bisnis, Meningkatkan Daya Saing",keberlanjutan bisnis,e-s-g,positive,commitment,1
2858,"Mengelola Limbah Enceng Gondok menjadi kerajinan tangan (bags, sandals, kitchen utensils, chairs)",waste upcycling,s,positive,action,1
2859,"Mengelola limbah padat non-B3 sesuai prinsip 3R (reduce, reuse, recycle)",waste management,s,positive,action,1
2860,Mengembangkan 16.456 pekerja menjadi wirausaha,entrepreneurship development,g,positive,outcome,1
2861,"Mengembangkan 16.456 pekerja menjadi wirausaha (Developing 16,456 workers to become entrepreneurs)",social development,s,positive,outcome,1
2862,Mengembangkan 16.456 pekerja menjadi wirausaha Have developed Migrant workers to become entrepreneurs.,employee development,s,positive,outcome,1
2863,Mengembangkan platform OTT Vidio dengan 62 juta pengguna aktif bulanan,digital innovation,g,positive,outcome,1
2864,"Mengenali dan menghargai pekerjaan mengasuh dan pekerjaan rumah tangga yang tidak dibayar melalui penyediaan pelayanan publik, infrastruktur dan kebijakan perlindungan sosial, dan peningkatan tanggung jawab bersama dalam rumah tangga dan keluarga yang tepat secara nasional.",recognizing unpaid care work,g,positive,commitment,1
2865,"Menggalakkan kebijakan pembangunan yang mendukung kegiatan produktif, penciptaan lapangan kerja layak, kewirausahaan, kreativitas dan inovasi, dan mendorong formalisasi dan pertumbuhan usaha mikro, kecil, dan menengah, termasuk melalui akses terhadap jasa keuangan.",pembangunan berkelanjutan,,positive,action,1
2866,"Menggalakkan kebijakan pembangunan yang mendukung kegiatan produktif, penciptaan lapangan kerja layak, kewirausahaan, kreativitas dan inovasi, dan mendorong formalisasi dan pertumbuhan usaha mikro, kecil, dan menengah, termasuk melalui akses terhadap jasa keuangan.",promoting development-oriented policies,s,positive,action,1
2867,"Menggunakan lebih banyak sumber energi ramah lingkungan untuk armada, pembangkit listrik, dan tongkang;",use of environmentally friendly energy sources,g,positive,action,1
2868,Mengimbau penggunaan material ramah lingkungan dalam kegiatan operasional sehari-hari,sustainable materials,e-s-g,positive,action,1
2869,Mengimbau penggunaan material ramah lingkungan dalam kegiatan operasional sehari-hari.,eco-friendly materials,s,positive,action,5
2870,Mengimbau penggunaan material ramah lingkungan dalam kegiatan operasional sehari-hari.,material ramah lingkungan,none,positive,action,1
2871,Mengimbau penggunaan material ramah lingkungan dalam kegiatan operasional sehari-hari.,sustainable materials,s,positive,action,1
2872,Mengoptimalkan penggunaan energi dengan beralih ke sumber energi terbarukan dan efisiensi energi di seluruh operasi perusahaan.,renewable energy & energy efficiency,e-s-g,positive,action,1
2873,Mengurangi angka kemiskinan dengan memastikan karyawan menerima upah sesuai dengan UMR dan melalui program pengembangan masyarakat di Pilar Pendapatan dan Ekonomi.,poverty reduction and community development,g,positive,action,1
2874,Mengurangi angka kemiskinan dengan memastikan karyawan menerima upah sesuai dengan UMR dan melalui program pengembangan masyarakat.,living wage & community development,g,positive,action,1
2875,"Mengusung tema ""Nurturing Success Amidst Challenges"", Perseroan memberikan aksi nyata untuk terus mendorong pencapaian Tujuan Pembangunan Berkelanjutan (TPB) di tengah beragam tantangan yang ada agar dapat tumbuh bersama dengan seluruh pemangku kepentingan untuk membangun perkebunan terbaik bagi dunia dan mengembangkan perkebunan ramah lingkungan yang mampu memperbaiki taraf hidup orang banyak.",sustainable development goals,e-s-g,positive,action,1
2876,"Mengusung tema ""Nurturing Success Amidst Challenges"", Perseroan memberikan aksi nyata untuk terus mendorong pencapaian Tujuan Pembangunan Berkelanjutan (TPB) di tengah beragam tantangan yang ada agar dapat tumbuh bersama dengan seluruh pemangku kepentingan untuk membangun perkebunan terbaik bagi dunia dan mengembangkan perkebunan ramah lingkungan yang mampu memperbaiki taraf hidup orang banyak.",sustainable development goals (sdgs),e-s-g,positive,action,1
2877,Meningkatkan Kualitas Japfa Sustainability Reporting System,sustainability reporting,e-s-g,positive,action,1
2878,Meningkatkan efisiensi penggunaan energi melalui penerapan teknologi terkini.,energy efficiency,e-s-g,positive,action,3
2879,Meningkatkan kapabilitas entitas anak yang tergabung dalam ekosistemnya dalam rangka memperkuat go-to-market alliance untuk mengoptimalkan peluang bisnis yang ada;,kapabilitas entitas anak,none,positive,action,1
2880,"Meningkatkan kontribusinya untuk mewujudkan masyarakat yang sejahtera, di antaranya melalui peningkatan kualitas pendidikan",community development,e,positive,action,1
2881,"Meningkatkan kontribusinya untuk mewujudkan masyarakat yang sejahtera, di antaranya melalui peningkatan kualitas pendidikan",education quality improvement,e,positive,action,1
2882,"Meningkatkan kontribusinya untuk mewujudkan masyarakat yang sejahtera, di antaranya melalui peningkatan kualitas pendidikan, yang merupakan bagian dari upaya Perseroan untuk menjamin ketersediaan tenaga kerja yang kompeten di masa datang;",education and workforce development,,positive,action,1
2883,"Meningkatkan kontribusinya untuk mewujudkan masyarakat yang sejahtera, di antaranya melalui peningkatan kualitas pendidikan, yang merupakan bagian dari upaya Perseroan untuk menjamin ketersediaan tenaga kerja yang kompeten di masa datang;",social contribution,g,positive,action,3
2884,"Meningkatkan kontribusinya untuk mewujudkan masyarakat yang sejahtera, di antaranya melalui peningkatan kualitas pendidikan, yang merupakan bagian dari upaya Perseroan untuk menjamin ketersediaan tenaga kerja yang kompeten di masa depan;",education and workforce development,s,positive,action,1
2885,"Meningkatkan kontribusinya untuk mewujudkan masyarakat yang sejahtera, di antaranya melalui peningkatan kualitas pendidikan, yang merupakan bagian dari upaya Perseroan untuk menjamin ketersediaan tenaga kerja yang kompeten di masa depan;",social development,e-s-g,positive,action,1
2886,Meningkatkan pemanfaatan biodiesel.,increased biodiesel utilization,e-s-g,positive,action,1
2887,Meningkatkan persentase penggunaan biodiesel sesuai kewajiban atau menggunakan Hydrotreated Vegetable Oil (HVO);,increasing biodiesel/hvo usage,e-s-g,positive,action,1
2888,"Meningkatkan secara progresif, hingga 2030, efisiensi sumber daya global dalam konsumsi dan produksi, serta usaha melepas kaitan pertumbuhan ekonomi dari degradasi lingkungan, sesuai dengan the 10-Year Framework of Programs on Sustainable Consumption and Production, dengan negara-negara maju sebagai pengarah.",improving global resource efficiency,none,positive,commitment,1
2889,Meningkatkan solusi pengendalian iklim alami untuk emisi yang sulit dikurangi;,improving natural climate control solutions,,positive,action,1
2890,Menjadi penyedia terkemuka dan terpercaya di bidang produk pangan berprotein terjangkau di Indonesia,affordable protein products,e-s-g,positive,commitment,1
2891,"Menjadi penyedia terkemuka dan terpercaya di bidang produk pangan berprotein terjangkau di Indonesia, berlandaskan kerjasama dan pengalaman teruji, dalam upaya memberikan manfaat bagi seluruh pihak terkait.",corporate mission,none,positive,commitment,2
2892,"Menjadi penyedia terkemuka dan terpercaya di bidang produk pangan berprotein terjangkau di Indonesia, berlandaskan kerjasama dan pengalaman teruji, dalam upaya memberikan manfaat bagi seluruh pihak terkait.",produk pangan berprotein terjangkau,none,positive,commitment,1
2893,Menjadi tangguh merupakan salah satu kunci untuk keberlanjutan bisnis dan operasional kami.,business resilience and sustainability,e,positive,commitment,1
2894,Menjaga performa bisnis pertambangan mineral di tengah tantangan bisnis demi mewujudkan keberlanjutan perusahaan menjadi tema pilihan BRMS dalam Laporan Keberlanjutan periode tahun 2020 ini.,keberlanjutan perusahaan,e-s-g,positive,commitment,2
2895,Menjaga performa bisnis pertambangan mineral di tengah tantangan bisnis demi mewujudkan keberlanjutan perusahaan menjadi tema pilihan BRMS dalam Laporan Keberlanjutan periode tahun 2020 ini.,sustainability commitment,s,positive,commitment,1
2896,Menjaga performa bisnis pertambangan mineral di tengah tantangan bisnis demi mewujudkan keberlanjutan perusahaan menjadi tema pilihan BRMS dalam Laporan Keberlanjutan periode tahun 2020 ini.,sustainability performance,e-s-g,positive,commitment,2
2897,Menjaga performa bisnis pertambangan mineral di tengah tantangan bisnis demi mewujudkan keberlanjutan perusahaan menjadi tema pilihan BRMS dalam Laporan Keberlanjutan periode tahun 2020 ini.,sustainability strategy,e,positive,commitment,1
2898,Menjamin bahwa proses produksi memenuhi standar kualitas sesuai dengan ISO 9001:2015.,quality management system,e,positive,action,2
2899,Menjamin produk yang dipasarkan kepada masyarakat telah lulus uji kualitas dan keamanan oleh Impack Research and Innovation Center (IRIC).,product quality and safety,none,positive,outcome,2
2900,Menjunjung Kesejahteraan Hewan,animal welfare and product safety,s,positive,commitment,1
2901,Mentari TV berhasil menduduki posisi ke-7 di antara Free-to-air (FTA) TV lain.,market performance,e,positive,outcome,1
2902,Mentoring yang memberi inspirasi & support dari top woman management menjalani tantangan personal/karir sebagai perempuan.,women mentoring,none,positive,action,1
2903,"Menurut Program Pangan Dunia (WFP), 22,9 juta penduduk Indonesia menghadapi kendala dalam memenuhi kebutuhan gizi mereka.",nutrition,e,negative,none,1
2904,"Menurut Voluntary National Review 2021 Indonesia yang dirilis PBB, pandemi COVID-19 telah menyebabkan gangguan rantai pasokan pangan dan berkurangnya pendapatan, sehingga mengakibatkan peningkatan angka kekurangan gizi di Indonesia.",food security,e-s-g,negative,none,1
2905,"Menurut data Nielsen, hanya dalam kurun 6 (enam) bulan sejak penerapan fase pertama kebijakan ASO, penetrasi Digital Terrestrial Television (DTT) kami mencapai lebih dari 90%. Saat ini, penetrasi DTT telah mencapai 97% di seluruh Indonesia. Data Nielsen juga menunjukkan bahwa average time viewing pada tahun 2023 mengalami peningkatan dibandingkan tahun 2022. Indikasi ini menandakan bahwa masyarakat Indonesia masih sangat menggemari menonton televisi sebagai hiburan utama.",market penetration,,positive,outcome,1
2906,"Menyadari hal tersebut, PT Toba Pulp Lestari, Tbk, (Toba Pulp Lestari, Kami, dan/atau Perusahaan) telah melakukan sejumlah inisiatif sebagai investasi dalam aspek keberlanjutan utama yakni Ekonomi, Lingkungan, Sosial, dan Tata Kelola Perusahaan yang baik untuk tumbuh menjadi produsen pulp yang berkelanjutan.",esg initiatives,g,positive,action,1
2907,"Menyadari hal tersebut, PT Toba Pulp Lestari, Tbk, (Toba Pulp Lestari, Kami, dan/atau Perusahaan) telah melakukan sejumlah inisiatif sebagai investasi dalam aspek keberlanjutan utama yakni Ekonomi, Lingkungan, Sosial, dan Tata Kelola Perusahaan yang baik untuk tumbuh menjadi produsen pulp yang berkelanjutan.",science-based targets and sustainability initiatives,s,positive,action,1
2908,"Menyediakan nutrisi susu UHT dan minuman kesehatan UHT yang dibuat dari bahan baku alami yang diolah tanpa bahan pengawet dan pemanis buatan, sehingga cocok untuk dikonsumsi konsumen dengan usia di atas 2 tahun.",healthy products,none,positive,action,2
2909,"Menyediakan nutrisi susu UHT dan minuman kesehatan UHT yang dibuat dari bahan baku alami yang diolah tanpa bahan pengawet dan pemanis buatan, sehingga cocok untuk dikonsumsi konsumen dengan usia di atas 2 tahun.",product health and safety,e,positive,action,1
2910,"Menyediakan pelatihan dan mendukung petani di Kebumen dan Pamarican membangun ekosistem bersama yang cerdas, untuk menjadi lebih produktif, efektif dan memiliki nilai jual yang lebih tinggi.",agricultural development,g,positive,action,1
2911,"Menyediakan pelatihan dan mendukung petani di Kebumen dan Pamarican membangun ekosistem bersama yang cerdas, untuk menjadi lebih produktif, efektif dan memiliki nilai jual yang lebih tinggi.",farmer training and support,none,positive,action,1
2912,"Menyelenggarakan dan mengikutsertakan karyawan dalam pelatihan secara berkala untuk meningkatkan keterampilan dan kompetensi karyawan, baik dalam hard skills maupun soft skills.",employee training,s,positive,action,1
2913,"Menyelenggarakan dan mengikutsertakan karyawan dalam pelatihan secara berkala untuk meningkatkan keterampilan dan kompetensi karyawan, baik dalam hard skills maupun soft skills.",employee training and development,none,positive,action,2
2914,Merangkul Keberlanjutan adalah tema laporan keberlanjutan tahun ini karena kami melihat semakin banyak sumber daya manusia kami yang melakukan kegiatan yang mendukung keberlanjutan dalam kehidupan mereka sehari-hari.,sustainability theme driven by employee sustainability activities,none,positive,commitment,1
2915,Merged with PT Multi Agro Persada (MAP) Tbk which focuses on the feed distribution and production on 1 December.,corporate restructuring,s,neutral,action,1
2916,"Merupakan kehormatan bagi PT Bumi Resources Minerals Tbk (BRMS) untuk membagikan Laporan Keberlanjutan 2024, yang mencerminkan komitmen kami dalam mengelola risiko terkait aspek lingkungan, sosial, dan tata kelola (LST).",sustainability report,e-s-g,positive,commitment,1
2917,"Merupakan kehormatan bagi PT Bumi Resources Minerals Tbk (BRMS) untuk membagikan Laporan Keberlanjutan 2024, yang mencerminkan komitmen kami dalam mengelola risiko terkait aspek lingkungan, sosial, dan tata kelola (LST).",sustainability reporting,g,positive,commitment,2
2918,"Meski demikian, Dewan Komisaris melihat eskalasi perang dagang Amerika Serikat dan Cina, stagnasi harga komoditas dunia, serta konflik politik turut memengaruhi lambatnya pertumbuhan kinerja Perseroan sepanjang tahun 2019.",external economic factors,g,negative,none,1
2919,"Meski demikian, Dewan Komisaris melihat eskalasi perang dagang Amerika Serikat dan Cina, stagnasi harga komoditas dunia, serta konflik politik turut memengaruhi lambatnya pertumbuhan kinerja Perseroan sepanjang tahun 2019.",trade war,e,negative,none,1
2920,"Meski demikian, Dewan Komisaris melihat eskalasi perang dagang Amerika Serikat dan Cina, stagnasi harga komoditas dunia, serta konflik politik turut memengaruhi lambatnya pertumbuhan kinerja Perseroan sepanjang tahun 2019.",trade war and global economic conditions,s,negative,none,1
2921,"Meskipun belum melibatkan Penjaminan Eksternal, namun kami telah dibantu konsultan dalam mempersiapkan dan menganalisis data lingkungan.",environmental data management,e-s,neutral,action,1
2922,"Meskipun demikian, kami tetap fokus menjaga kinerja operasional dan melanjutkan komitmen terhadap keberlanjutan, khususnya dalam mencapai Tujuan Pembangunan Berkelanjutan Perserikatan Bangsa Bangsa (UN SDG) ke-2: Mengakhiri Kelaparan.",sustainable development goals,e-s-g,positive,commitment,1
2923,"Meskipun demikian, kami tetap fokus menjaga kinerja operasional dan melanjutkan komitmen terhadap keberlanjutan, khususnya dalam mencapai Tujuan Pembangunan Berkelanjutan Perserikatan Bangsa Bangsa (UN SDG) ke-2: Mengakhiri Kelaparan¹",commitment to un sdg 2 - zero hunger,e-s-g,positive,commitment,1
2924,"Meskipun demikian, kami tetap fokus menjaga kinerja operasional dan melanjutkan komitmen terhadap keberlanjutan, khususnya dalam mencapai Tujuan Pembangunan Berkelanjutan Perserikatan Bangsa Bangsa (UN SDG) ke-2: Mengakhiri Kelaparan¹.",contribution to sdg 2,none,positive,commitment,1
2925,"Meskipun demikian, manajemen Perseroan memberikan apresiasi atas pencapaian di tahun 2023, di mana hal tersebut menunjukkan kemampuan Perseroan dalam mengantisipasi dampak dari penerapan kebijakan ASO sekaligus membuktikan dominasi dari TV FTA yang dimiliki oleh Perseroan.",achievement appreciation,s,positive,outcome,2
2926,"Meskipun demikian, manajemen Perseroan memberikan apresiasi atas pencapaian di tahun 2023, di mana hal tersebut menunjukkan kemampuan Perseroan dalam mengantisipasi dampak dari penerapan kebijakan ASO sekaligus membuktikan dominasi dari TV FTA yang dimiliki oleh Perseroan.",management appreciation,e-s-g,positive,outcome,2
2927,"Meskipun kegiatan operasional tidak terkait langsung oleh perubahan iklim, namun peran Perseroan cukup signifikan dalam memberikan edukasi mengenai pelestarian lingkungan kepada masyarakat.",environmental education,,positive,action,1
2928,"Meskipun kegiatan operasional tidak terkait langsung oleh perubahan iklim, namun peran Perseroan cukup signifikan dalam memberikan edukasi mengenai pelestarian lingkungan kepada masyarakat.",environmental preservation education,e,positive,action,1
2929,"Mewujudkan keberlanjutan menjadi hal penting dalam meningkatkan nilai Perseroan, yang pada akhirnya akan mampu memberikan nilai tambah bagi daya saing Jasa Marga.",business continuity and competitiveness,e,positive,commitment,1
2930,"Mewujudkan keberlanjutan menjadi hal penting dalam meningkatkan nilai Perseroan, yang pada akhirnya akan mampu memberikan nilai tambah bagi daya saing Jasa Marga.",competitive positioning,e,positive,commitment,1
2931,Mineral Reserves and Resources,mineral reserves,none,neutral,none,1
2932,Mineral Resources 2 Million Tons of Zinc Ore and Lead Tin,mineral resources,e-s-g,neutral,none,1
2933,"Mineral Resources 392.3 Million Tons of Gold, Silver & Copper Ore",mineral resources,none,neutral,none,1
2934,Minimizing the negative impact of operational activities carried out by the Company and its subsidiaries on the surrounding environment;,environmental impact and sustainable growth,none,positive,commitment,1
2935,Minimizing the negative impact of operational activities carried out by the Company and its subsidiaries on the surrounding environment;,environmental impact minimization,e-s-g,positive,commitment,1
2936,Minimizing the negative impact of operational activities carried out by the Company and its subsidiaries on the surrounding environment;,environmental impact mitigation,,positive,commitment,1
2937,Mining and Environment Safety Committee,safety committee,e,neutral,action,1
2938,"Misi kami tidak hanya untuk berkontribusi terhadap pencapaian Tujuan Pembangunan Berkelanjutan (TPB), tetapi juga untuk memberikan dampak positif bagi masyarakat dan lingkungan, serta menciptakan nilai yang berkelanjutan bagi seluruh pemangku kepentingan.",sdg contribution,g,positive,commitment,2
2939,Mission Becoming a leading distribution company with integrated direct access to consumers and retailers that offer a complete range of mobile products and solutions,corporate mission,none,positive,commitment,1
2940,Mission: Becoming a leading distribution company with integrated direct access to consumers and retailers that offer a complete range of mobile products and solutions.,customer access and distribution network,none,positive,commitment,1
2941,"Model bisnis terintegrasi kami dapat menjangkau beragam pelanggan, seperti peternak ayam, petambak ikan dan udang, agen distribusi, penyedia layanan siap saji, dan restoran",market reach and customer diversity,,positive,outcome,1
2942,"Model bisnis terintegrasi secara vertikal yang meliputi hulu, tengah, dan hilir memungkinkan kami memberikan produk berkualitas tinggi.",vertical integration efficiency,e-s-g,positive,outcome,1
2943,Model bisnis terintegrasi vertikal kami memungkinkan produksi protein berkualitas tinggi secara konsisten.,sustainable supply chain,,positive,outcome,1
2944,More information about our company can be found in our Annual Report.,corporate transparency,none,neutral,action,1
2945,"More than 10,000 books were donated to children in need.",community education,e,positive,outcome,1
2946,"More than 10,000 books were donated to children in need.",community support,,positive,outcome,1
2947,"Moreover, BNI became Indonesia's first bank to implement the Public Electric Vehicles Charging Station (SPKLU) Partnership Investor Own Investor Operate (IO2) from PLN.",electric vehicle infrastructure,s,positive,action,2
2948,"Moreover, BNI became Indonesia's first bank to implement the Public Electric Vehicles Charging Station (SPKLU) Partnership Investor Own Investor Operate (IO2) from PLN.",sustainable transportation,e-s-g,positive,action,1
2949,"Moreover, BNI firmly supports environmental preservation by implementing programs to conserve Javan rhinoceros (Rhinoceros sondaicus) and Orangutans (Pongo pymgaeus), and planting 88,023 trees.",biodiversity conservation,none,positive,action,1
2950,"Moreover, SCMA is also able to anticipate and utilize Artificial Intelligence (AI) technology to create more creative content innovations and personalized services for each market segment.",ai technology adoption,e-s,positive,action,1
2951,"Moreover, the SLL disbursements have reached Rp4.6 trillion.",sustainability linked loans,none,positive,outcome,2
2952,"Moreover, the SLL disbursements have reached Rp4.6 trillion.",sustainable finance,s,positive,outcome,1
2953,"Moreover, this policy reinforces transparency and accountability, fostering trust with stakeholders.",transparency and accountability,s,positive,commitment,3
2954,"Most Admired Companies 2014 - The Thrid Winner in Trade, Services, and Investment Industry dari Fortune Indonesia.",awards,e-s-g,positive,outcome,1
2955,"Most Admired Companies 2014 – The Third Winner in Trade, Services, and Investment Industry dari Fortune Indonesia.",corporate reputation,e-s-g,positive,outcome,1
2956,"Most Admired Companies 2014 – The Third Winner in Trade, Services, and Investment Industry dari Fortune Indonesia.",industry recognition and award,none,positive,outcome,1
2957,"Most of the sustainability data and performance are compared to 2018 as a base year, considering that Indofood had begun mapping out all relevant data and strengthening their quality in 2018.",data governance,s,neutral,action,1
2958,"Most of the sustainability profile and performance data are benchmarked against a base year of 2018, in line with Indofood's effort to thoroughly catalog and improve the quality of pertinent data since concerted efforts to collect this information began in 2018.",data quality and benchmarking,e,neutral,action,1
2959,Most of the sustainability profile and performance data are benchmarked against a base year of 2018.,data benchmarking,e-s-g,neutral,action,1
2960,Movement restrictions and pricing fluctuations were a few of the many challenges that tested our ability to consistently provide affordable and nutritious animal proteins to the community.,supply chain challenges,g,negative,none,1
2961,"Mulai dari pengelolaan lahan yang bertanggung jawab, pengurangan emisi, pemberdayaan masyarakat sekitar, hingga penerapan prinsip-prinsip hak asasi manusia, kami berupaya menciptakan nilai jangka panjang bagi seluruh pemangku kepentingan.",pengelolaan lahan,s,positive,action,2
2962,"Mulai dari pengelolaan lahan yang bertanggung jawab, pengurangan emisi, pemberdayaan masyarakat sekitar, hingga penerapan prinsip-prinsip hak asasi manusia, kami berupaya menciptakan nilai jangka panjang bagi seluruh pemangku kepentingan.",responsible land management and emissions reduction,g,positive,action,2
2963,"Mulai dari pengelolaan lahan yang bertanggung jawab, pengurangan emisi, pemberdayaan masyarakat sekitar, hingga penerapan prinsip-prinsip hak asasi manusia, kami berupaya menciptakan nilai jangka panjang bagi seluruh pemangku kepentingan.","responsible land management, emissions reduction, community empowerment, human rights",e,positive,action,2
2964,"Mulai dari pengelolaan lahan yang bertanggung jawab, pengurangan emisi, pemberdayaan masyarakat sekitar, hingga penerapan prinsip-prinsip hak asasi manusia, kami berupaya menciptakan nilai jangka panjang bagi seluruh pemangku kepentingan.",stakeholder value creation,e-s-g,positive,action,1
2965,"Mulai dari penyaluran kredit yang mendukung kegiatan ekonomi hijau, hingga inisiatif pengembangan kapasitas sumber daya manusia yang berfokus pada inklusi dan pemberdayaan.",green credit and human capital development,s,positive,action,1
2966,NILAI EKONOMI BAGI PARA PEMANGKU KEPENTINGAN Economic Value for Stakeholders,economic value for stakeholders,none,neutral,outcome,1
2967,"Namun demikian, hal ini tidak mengurangi semangat dan usaha BRMS untuk tetap meningkatkan upayanya dalam mengurangi dampak iklim.",climate impact reduction,s,positive,commitment,1
2968,"Namun demikian, hal ini tidak mengurangi semangat dan usaha BRMS untuk tetap meningkatkan upayanya dalam mengurangi dampak iklim.",commitment to reducing climate impact,e,positive,commitment,1
2969,"Namun demikian, kami senantiasa berkomitmen untuk memberikan dukungan melalui berbagai bentuk inisiatif dalam konteks produk ramah lingkungan sepanjang tahun 2023 antara lain imbauan untuk mengurangi penggunaan kertas untuk keperluan mencetak dokumen dalam kegiatan operasional sehari-hari dan imbauan untuk mengurangi penggunaan plastik untuk dan mendorong penggunaan wadah makan/minum dari material non-plastik.",eco-friendly initiatives,s,positive,action,1
2970,"Namun demikian, seluruh proses kegiatan operasional harus efisien sehingga tidak banyak mengeluarkan emisi yang berasal dari pemakaian energi dalam proses multimedia.",emissions,e,positive,commitment,1
2971,"Namun, inovasi tidak akan berarti tanpa sentuhan manusia dan inilah alasan mengapa kami menanamkan empati dalam tindakan PEDULI kami, baik itu melalui pelayanan yang tulus maupun bantuan kepada mereka yang membutuhkan bantuan.",community engagement,e-s-g,positive,action,1
2972,Net Income (USD) | 69.782.445 | 4.038.209 | 1.264.725,economic performance,e-s-g,neutral,outcome,1
2973,Net Income (USD) | 69.782.445 | 4.038.209 | 1.264.725 |,profitability,g,neutral,outcome,1
2974,"Net Income US$ 1,264,725",net income,g,neutral,outcome,1
2975,"Net Revenue 18,423.8",economic performance - revenue,none,neutral,outcome,1
2976,"Net Revenue: 18,423.8 billion Rupiah (2021)",economic performance,none,neutral,outcome,1
2977,"Net revenue reached 18,423.8 billion Rupiah in 2021, with operating income of 490.2 billion Rupiah.",financial performance,e-s-g,neutral,outcome,1
2978,Net sales in 2022 increased by 13.81% compared to the previous year which amounted to Rp49.47 trillion.,revenue growth,none,positive,outcome,1
2979,"Nevertheless, the Company's management appreciates the achievement in 2023, which demonstrates the Company's ability to anticipate the impact of implementing the ASO policy while proving the dominance of the FTA TV owned by the Company.",management appreciation of achievements,e-s-g,positive,outcome,1
2980,"Nevertheless, we don't want to be complacent with the results achieved this year.",commitment to continuous improvement,s,positive,commitment,1
2981,"Nevertheless, we don't want to be complacent with the results achieved this year.",continuous improvement,s,positive,commitment,1
2982,Nielsen data also shows that average time viewing in 2023 increased compared to 2022.,increased average viewing time,e,positive,outcome,1
2983,Nilai inilah yang mampu membuat kami terus berkembang dan berkontribusi untuk kehidupan yang lebih baik bagi masyarakat dan lingkungan.,corporate values,none,positive,commitment,1
2984,"Nilai inilah yang menjadi landasan dalam setiap pengambilan keputusan, perencanaan bisnis, dan operasional BRMS yang sejalan dengan Kebijakan Keberlanjutan 1.0 yang telah kami tetapkan sejak 2023.",sustainability policy,none,positive,commitment,2
2985,"Nilai inilah yang menjadi landasan dalam setiap pengambilan keputusan, perencanaan bisnis, dan operasional BRMS yang sejalan dengan Kebijakan Keberlanjutan 1.0 yang telah kami tetapkan sejak 2023.",sustainability policy alignment,e,positive,commitment,1
2986,Nilai keberlanjutan bagi Perseroan kami wujudkan melalui strategi dalam mendukung kinerja operasional dan finansial PT Surya Citra Media Tbk.,sustainability value,e-s-g,positive,action,1
2987,Non-hazardous waste recycled increased by 7.3% compared to our 2018 baseline.,waste management,s,positive,outcome,1
2988,"Not only did this results form the foundation for our Sustainability-Linked Financing Framework, it also provided a metric for us in setting the key performance indicators.",sustainability-linked financing framework,s,positive,outcome,1
2989,"Number of employees was 3,786 in 2020, up from 3,529 in 2019",number of employees,g,neutral,outcome,1
2990,"Number of employees was 4,223 in 2020, up from 3,529 in 2019.",employee count,,neutral,outcome,1
2991,OHS Performance,safety performance,none,neutral,outcome,1
2992,OSH Program and Training,safety training,s,positive,action,1
2993,OSH Risk Identification,risk identification,e,neutral,action,1
2994,Obligasi global tersebut dijamin oleh Credit Guarantee and Investment Facility (CGIF) dan penjamin pelaksana efek dalam penerbitan global bond ini adalah Morgan Stanley Asia (Singapore) Pte. dan DBS Bank Ltd.,financial risk management,g,neutral,action,1
2995,Obligasi global tersebut dijamin oleh Credit Guarantee and Investment Facility (CGIF) dan penjamin pelaksana efek dalam penerbitan global bond ini adalah Morgan Stanley Asia (Singapore) Pte. dan DBS Bank Ltd.,guarantee and underwriting of global bonds,none,neutral,action,1
2996,"Obligasi global yang diterbitkan oleh Erajaya Digital telah mendapat peringkat ""AA"" dari Standard & Poor's (S&P).",credit rating,,positive,outcome,1
2997,"Obligasi global yang diterbitkan oleh Erajaya Digital telah mendapat peringkat ""AA"" dari Standard & Poor's (S&P).",credit rating of global bonds,e,positive,outcome,1
2998,Obligasi ini merupakan yang pertama untuk jenisnya pada industri agri-food global serta obligasi berwawasan lingkungan pertama dalam mata uang Dolar AS di Asia Tenggara,first environmental bond in agri-food industry,s,positive,outcome,1
2999,Obligasi ini merupakan yang pertama untuk jenisnya pada industri agri-food global serta obligasi berwawasan lingkungan pertama dalam mata uang Dolar AS di Asia Tenggara,innovative financing,e-g,positive,outcome,1
3000,Obligasi ini merupakan yang pertama untuk jenisnya pada industri agri-food global serta obligasi berwawasan lingkungan pertama dalam mata uang Dolar AS di Asia Tenggara.,innovation in sustainable financing,e-s-g,positive,outcome,1
3001,Obtained a committed unsecured bank term-loan worth Rp3.0 trillion.,financial strategy,s,positive,outcome,1
3002,"Oleh karena itu, Manajemen menerapkan strategi lima tahunnya untuk melakukan transformasi internal untuk membuat Perseroan lebih efektif dan efisien dalam melayani kebutuhan gaya hidup Konsumen, khususnya untuk kebutuhan perangkat telekomunikasi, gadget, aksesoris, konten dan layanan bernilai tambah lainnya.",company transformation,g,positive,action,1
3003,"Oleh karena itu, Manajemen menerapkan strategi lima tahunnya untuk melakukan transformasi internal untuk membuat Perseroan lebih efektif dan efisien dalam melayani kebutuhan gaya hidup Konsumen, khususnya untuk kebutuhan perangkat telekomunikasi, gadget, aksesoris, konten dan layanan bernilai tambah lainnya.",internal transformation strategy,e,positive,action,1
3004,"Oleh karena itu, Manajemen menerapkan strategi lima tahunnya untuk melakukan transformasi internal untuk membuat Perseroan lebih efektif dan efisien dalam melayani kebutuhan gaya hidup Konsumen, khususnya untuk kebutuhan perangkat telekomunikasi, gadget, aksesoris, konten dan layanan bernilai tambah lainnya.",strategic planning,e-s-g,positive,action,1
3005,"Oleh karena itu, Manajemen menerapkan strategi lima tahunnya untuk melakukan transformasi internal untuk membuat Perseroan lebih efektif dan efisien dalam melayani kebutuhan gaya hidup Konsumen, khususnya untuk kebutuhan perangkat telekomunikasi, gadget, aksesoris, konten dan layanan bernilai tambah lainnya.",transformasi perusahaan,,positive,action,1
3006,"Oleh sebab itu, kami senantiasa membangun ESG Expertise dan green business mindset untuk mempercepat terbentuknya ekosistem bisnis rendah karbon.",building esg expertise and a green business mindset,e,positive,action,1
3007,"On #GivingTuesday, GoTo hosted a virtual experience with Girls Friendly Society and Visit.org during which GoTo Gives volunteers attended a workshop to take on the vital task of writing inspirational letters to young girls.",community engagement,none,positive,action,1
3008,"On #GivingTuesday, GoTo hosted a virtual experience with Girls Friendly Society and Visit.org during which GoTo Gives volunteers attended a workshop to take on the vital task of writing inspirational letters to young girls.",gender equality initiatives,none,positive,action,1
3009,"On #GivingTuesday, GoTo hosted a virtual experience with Girls Friendly Society and Visit.org during which GoTo Gives volunteers attended a workshop to take on the vital task of writing inspirational letters to young girls.",philanthropy and volunteering,e,positive,action,1
3010,"On 30 April 2018, PT Multi Makanan Permai (MMP) and CIOMAS acquired the shares of PT Santosa Utama Lestari (SUL).",business expansion,e,neutral,action,1
3011,"On the environmental aspect, SCM has made various internal efforts to support the achievement of more environmentally friendly operations, such as reducing fuel consumption, electricity usage, and waste management according to 3R principle (reuse, reduce, recycle).",environmental initiatives,s,positive,action,1
3012,"On the other hand, We have successfully completed internal consolidation after couple of years and generated solid support from internal aspect, both in terms of personnel and infrastructure.",internal operations,none,positive,outcome,1
3013,"On the other hand, the Company shows its commitment to support the achievement of Sustainable Development Goals through sustainable operations for the environment through various innovation, efficiency, and conservation programs related to the environment.",sustainable development goals,none,positive,commitment,1
3014,"On the other hand, the Company shows its commitment to support the achievement of Sustainable Development Goals through sustainable operations for the environment through various innovation, efficiency, and conservation programs related to the environment.",sustainable development goals support,,positive,commitment,1
3015,"On the other hand, we are aware of the risks of extreme climate change, which can affect all aspects of human life, including the business world.",climate risk awareness,e,neutral,none,1
3016,"On this basis, in accordance with the Financial Services Authority (OJK) directives for KBMI 3 and 4, BNI initiated the Initial Phase of Climate Risk Stress Test (CRST) to evaluate the climate-related impacts of financial risks, whether short-, medium-, and long-term in June 2023.",climate risk management,s,neutral,action,1
3017,"Once again, we matched our global electricity usage with 100% renewable energy through the purchase of Energy Attribute Certificates (EACs), including Green-e certified Renewable Energy Credits (RECs) in the relevant geographies.",renewable energy,e,positive,outcome,1
3018,"Once again, we matched our global electricity usage with 100% renewable energy through the purchase of Energy Attribute Certificates (EACs), including Green-e certified Renewable Energy Credits (RECs) in the relevant geographies.",renewable energy procurement,e-s,positive,outcome,1
3019,"Once again, we matched our global electricity usage with 100% renewable energy through the purchase of Energy Attribute Certificates (EACs), including Green-e certified Renewable Energy Credits (RECs) in the relevant geographies.",renewable energy usage,e-g,positive,outcome,3
3020,"One longtime partner, Amazon Web Services (AWS), plans to achieve net-zero carbon emissions by 2040, and 'is on a path to power its operations, including AWS data centers, with 100% renewable energy by 2025.'",aws sustainability commitments,e-s-g,positive,commitment,1
3021,"One longtime partner, Amazon Web Services (AWS), plans to achieve net-zero carbon emissions by 2040, and 'is on a path to power its operations, including AWS data centers, with 100% renewable energy by 2025.'",net-zero carbon emissions,s,positive,commitment,1
3022,"One longtime partner, Amazon Web Services (AWS), plans to achieve net-zero carbon emissions by 2040, and 'is on a path to power its operations, including AWS data centers, with 100% renewable energy by 2025.'",supplier sustainability (aws),none,positive,commitment,1
3023,"One needs to understand its impacts, risks, and opportunities and to develop a strategy to manage the sustainability matters that are found to be material.",risk management,e,neutral,commitment,1
3024,One of the activities carried out is programmed reclamation in the affected area.,land rehabilitation,none,positive,action,1
3025,One of the challenges widely and globally attracting the attention of all parties is climate change.,climate change,e-s-g,neutral,none,1
3026,One of the programs that MRA implemented in 2023 was the Management Trainee program for the Assistant Manager position.,management trainee program,e-s-g,positive,action,3
3027,One of the programs that MRA implemented in 2023 was the Management Trainee program for the Assistant Manager position.,management trainee program implementation,e,positive,action,1
3028,"Opening of Erafone Megastore Outlets Bengkulu, Sumatra",business expansion,none,neutral,action,1
3029,"Opening of Erafone Megastore Outlets Bengkulu, Sumatra.",retail expansion,none,neutral,action,2
3030,"Opening of Erafone Megastore outlet in Banjarmasin, South Kalimantan",business expansion,e-s-g,neutral,action,1
3031,"Opening of Erafone Megastore outlet in Banjarmasin, South Kalimantan.",retail expansion,g,neutral,action,2
3032,"Opening of Erafone Megastore outlet in Palu, Central Sulawesi",business expansion,none,neutral,action,1
3033,"Opening of Erafone Megastore outlet in Palu, Central Sulawesi.",retail expansion,s,neutral,action,2
3034,Operating Income (Loss) 490.2,economic performance - profitability,e,neutral,outcome,1
3035,"Operating Income excluding Construction Income Rp15,565.9 Billion",operating income,s,neutral,outcome,1
3036,Operating profit in 2023 increased 17.2% from 2022 to reach IDR3.6 trillion.,operating profit,e,positive,outcome,1
3037,Operating profit in 2023 increased 17.2% from 2022 to reach IDR3.6 trillion.,profit growth,none,positive,outcome,1
3038,Operating profit in 2023 increased 17.2% from 2022 to reach IDR3.6 trillion. Our net profit in 2023 was IDR2.4 trillion,profit growth,g,positive,outcome,1
3039,Operating profit in 2023 increased 17.2% from 2022 to reach IDR3.6 trillion. Our net profit in 2023 was IDR2.4 trillion,profitability,s,positive,outcome,1
3040,"Operating profit totaled IDR3,069.5 billion, an increase from 2021 at IDR1,221.7 billion.",operating profit,,positive,outcome,1
3041,"Operational Toll Road 1,264 KM",operational toll roads,s,neutral,outcome,1
3042,"Operational wise, the Company improves supply chain management in 2018 to be more efficient and to support our business growth.",supply chain management,s,positive,action,2
3043,Organizational Structure includes Audit Committee and Internal Audit,corporate governance structure,s,neutral,none,1
3044,"Organizational Structure including Board of Commissioners, Audit Committee, and Corporate Secretary",governance structure,none,neutral,none,1
3045,Organizational structure includes Audit Committee and Internal Audit functions.,governance structure,none,neutral,none,1
3046,"Originating as a copra pellet producer in Surabaya back in 1971, PT Japfa Comfeed Indonesia Tbk has evolved into one of the leading agri-food companies in Indonesia.",company evolution,s,positive,outcome,1
3047,"Originating as a copra pellet producer in Surabaya back in 1971, PT Japfa Comfeed Indonesia Tbk has evolved into one of the leading agri-food companies in Indonesia.",company evolution and growth,e,positive,outcome,1
3048,Our Agribusiness Group is on track to achieve 100% ISPO certification for all mills and nucleus estates by the end of 2024.,certification target,s,positive,action,1
3049,Our Annual and Sustainability Report complies with the applicable Swedish and EU legislation and the International Financial Reporting Standards (IFRS) adopted by the EU and is prepared in accordance with the Swedish Annual Accounts Act.,compliance with reporting standards,s,neutral,outcome,1
3050,"Our BOD provides robust oversight of both ESG performance and climate-related risk governance, ensuring accountability at the highest levels of our organization.",board governance,,positive,commitment,1
3051,"Our BOD provides robust oversight of both ESG performance and climate-related risk governance, ensuring accountability at the highest levels of our organization.",board oversight of esg,e-s-g,positive,commitment,1
3052,"Our BOD provides robust oversight of both ESG performance and climate-related risk governance, ensuring accountability at the highest levels of our organization.",board oversight of sustainability,,positive,commitment,2
3053,"Our BOD provides robust oversight of both ESG performance and climate-related risk governance, ensuring accountability at the highest levels of our organization.",esg performance and climate-related risk governance oversight,e,positive,commitment,1
3054,"Our BOD provides robust oversight of both ESG performance and climate-related risk governance, ensuring accountability at the highest levels of our organization.",governance oversight,e-s-g,positive,commitment,1
3055,"Our Board of Directors (""BOD""), of which I am a part, acknowledges the importance of effective governance in executing sustainability and takes overall responsibility and accountability for the Company's sustainability strategy and performance.",board governance,s,positive,commitment,1
3056,"Our Board of Directors (""BOD""), of which I am a part, acknowledges the importance of effective governance in executing sustainability and takes overall responsibility and accountability for the Company's sustainability strategy and performance.",governance,e,positive,commitment,2
3057,Our Board of Directors acknowledges the importance of effective governance in executing sustainability and takes overall responsibility and accountability for the Company's sustainability strategy and performance.,governance,e-s-g,positive,commitment,1
3058,Our Board of Directors... takes overall responsibility and accountability for the Company's sustainability strategy and performance.,governance responsibility,e,positive,commitment,1
3059,"Our ESG principles are integrated into all of GoTo's business functions, giving us a guided path to follow as we grow and keeping us accountable to all stakeholders.",esg integration,e-s-g,positive,action,1
3060,"Our ESG principles are integrated into all of GoTo's business functions, giving us a guided path to follow as we grow and keeping us accountable to all stakeholders.",esg integration in business functions,e,positive,action,1
3061,"Our ESG strategy focuses on the well-being of our planet, our employees, and our corporation.",esg strategy,e,positive,commitment,1
3062,"Our Portfolio Brands - COS, Monki, Weekday, & Other Stories and ARKET - continued to develop well.",brand development,none,positive,outcome,1
3063,"Our Portfolio Brands - COS, Monki, Weekday, & Other Stories and ARKET - continued to develop well.",portfolio brand development,e-s,positive,outcome,2
3064,"Our Portfolio Brands - COS, Monki, Weekday, & Other Stories and ARKET - continued to develop well.",portfolio brand performance,e,positive,outcome,1
3065,Our Sustainability Disclosure complies with external reporting frameworks such as the Global Reporting Initiative (GRI) and the UN Guiding Principles Reporting Framework.,compliance with gri and un guiding principles,s,positive,outcome,1
3066,"Our Sustainability Framework continues to serve as the cornerstone of our approach to managing economic, environmental, and social impacts across and beyond our operations.",sustainability framework,none,positive,commitment,6
3067,"Our Sustainability Framework continues to serve as the cornerstone of our approach to managing economic, environmental, and social impacts across and beyond our operations.",sustainability strategy,e-s-g,positive,commitment,1
3068,"Our Sustainability Framework of the Company is based on our mission and values, and guides policy conception and procedural implementation to achieve the best results for the environment, and for economies and the communities where we operate.",sustainability framework,e,positive,commitment,1
3069,"Our Sustainability Framework of the Company is based on our mission and values, and guides policy conception and procedural implementation to achieve the best results for the environment, and for economies and the communities where we operate.",sustainability governance,none,positive,commitment,1
3070,"Our Sustainability Framework stems directly from our mission and values, and shapes our approach to managing economy, environmental, and social impacts.",sustainability framework,g,positive,commitment,5
3071,"Our Sustainability Framework... guides policy conception and procedural implementation to achieve the best results for the environment, and for economies and the communities where we operate.",sustainability strategy,e-s-g,positive,commitment,1
3072,"Our Sustainability Report is prepared in accordance with the Global Reporting Initiatives (""GRI"") Sustainability Reporting Standards and its latest GRI Universal Standards 2021.",reporting compliance,s,neutral,outcome,1
3073,"Our Sustainability Report is published annually and is prepared in accordance with the Financial Services Authority Regulation (Peraturan Otoritas Jasa Keuangan or ""POJK"") No. 51/POJK.03/2017 regarding the Implementation of Sustainable Finance for Financial Services Institutions, Issuers, and Public Companies",sustainability reporting,e-s-g,neutral,outcome,2
3074,"Our Sustainability Report is published annually and is prepared in accordance with the Financial Services Authority Regulation (Peraturan Otoritas Jasa Keuangan or ""POJK"") No. 51/POJK.03/2017 regarding the Implementation of Sustainable Finance for Financial Services Institutions, Issuers, and Public Companies and in accordance with the criteria in the Circular Letter of the Financial Services Authority (Surat Edaran Otoritas Jasa Keuangan or ""SEOJK"") No. 16/SEOJK.04/2021 concerning the Form and Contents of the Annual Report of Issuers or Public Companies.",regulatory compliance,s,neutral,outcome,2
3075,"Our Sustainability Report will be published annually and is prepared according to the Financial Services Authority Regulation (Peraturan Otoritas Jasa Keuangan or ""POJK"") No. 51/POJK.03/2017 concerning the Implementation of Sustainable Finance.",regulatory compliance,g,neutral,outcome,1
3076,"Our Sustainability Report will be published annually and is prepared according to the Financial Services Authority Regulation (Peraturan Otoritas Jasa Keuangan or ""POJK"") No. 51/POJK.03/2017 concerning the Implementation of Sustainable Finance.",reporting standards compliance,e,neutral,outcome,1
3077,"Our Sustainability Report will be published annually and is prepared according to the Financial Services Authority Regulation (Peraturan Otoritas Jasa Keuangan or ""POJK"") No. 51/POJK.03/2017 concerning the Implementation of Sustainable Finance.",sustainability reporting,g,neutral,outcome,2
3078,"Our accomplishments in maintaining good operational performance are reflected by our FY2021 net sales, which increased 21.4% to Rp44.9 trillion.",economic performance,e,positive,outcome,1
3079,"Our accomplishments in maintaining good operational performance are reflected by our FY2021 net sales, which increased 21.4% to Rp44.9 trillion.",operational performance,none,positive,outcome,1
3080,Our achievement in social sustainability performance was our ability to retain all existing employees.,employee retention,g,positive,outcome,1
3081,Our annual Sustainability Report is created in compliance with [...] GRI Sustainability Reporting Standards and TCFD recommendations.,sustainability reporting compliance,none,neutral,outcome,1
3082,"Our annual Sustainability Report is created in compliance with the Financial Services Authority Regulation (Peraturan Otoritas Jasa Keuangan or ""POJK"") No. 51/POJK.03/2017, which outlines the implementation of Sustainable Finance for Financial Services Institutions, Issuers, and Public Companies.",regulatory compliance,s,neutral,outcome,4
3083,"Our annual Sustainability Report is created in compliance with the Financial Services Authority Regulation (Peraturan Otoritas Jasa Keuangan or ""POJK"") No. 51/POJK.03/2017.",regulatory compliance,none,neutral,outcome,1
3084,Our annual Sustainability Report is created in compliance with the Financial Services Authority Regulation (Peraturan Otoritas Jasa Keuangan or 'POJK') No. 51/POJK.03/2017.,regulatory compliance,none,neutral,outcome,1
3085,Our annual Sustainability Report is prepared in accordance with the Financial Services Authority Regulation (POJK) No. 51/POJK.03/2017.,regulatory compliance,e-s-g,neutral,outcome,1
3086,"Our annual Sustainability Report is prepared in accordance with the Financial Services Authority Regulation (Peraturan Otoritas Jasa Keuangan or ""POJK"") No. 51/POJK.03/2017, outlining the Implementation of Sustainable Finance for Financial Services Institutions, Issuers, and Public Companies.",regulatory compliance,e-s-g,neutral,outcome,2
3087,Our annual Sustainability Report is prepared in accordance with the Financial Services Authority Regulation... and adheres to criteria specified in the Circular Letter...,reporting compliance,s,neutral,outcome,1
3088,"Our annual Sustainability Report is prepared in accordance with the Global Reporting Initiatives (""GRI"") Sustainability Reporting Standards, incorporating the latest GRI Universal Standards of 2021.",gri standards compliance,e-s-g,neutral,outcome,1
3089,Our aquaculture operation received Best Aquaculture Practice (BAP) certification,sustainable aquaculture,s,positive,outcome,1
3090,"Our areas of focus are sustainable consumption and production, animal welfare, supporting our farmers and community development.",esg focus areas,e,positive,commitment,1
3091,"Our areas of focus are sustainable consumption and production, animal welfare, supporting our farmers and community development.",sustainability focus areas,none,positive,commitment,1
3092,Our areas of focus are sustainable consumption and production.,sustainable consumption and production,e-s-g,positive,commitment,1
3093,"Our business concept is to offer the best combination of fashion, quality, price and sustainability.",business concept,none,positive,commitment,1
3094,Our climate goals are set high and results show that we reduced greenhouse gas emissions by 22 percent in 2023.,climate goals,,positive,outcome,1
3095,Our climate goals are set high and results show that we reduced greenhouse gas emissions by 22 percent in 2023.,greenhouse gas emission reduction,e,positive,outcome,1
3096,Our climate goals are set high and results show that we reduced greenhouse gas emissions by 22 percent in 2023.,greenhouse gas emissions,s,positive,outcome,1
3097,Our climate goals are set high and results show that we reduced greenhouse gas emissions by 22 percent in 2023.,greenhouse gas emissions reduction,e,positive,outcome,1
3098,Our climate goals are set high and results show that we reduced greenhouse gas emissions by 22 percent in 2023.,greenhouse gas reduction,none,positive,outcome,1
3099,Our commitment is reflected by being certified for Best Aquaculture Practice in our aquaculture operations,best aquaculture practice certification,e-s-g,positive,outcome,1
3100,Our commitment is reflected by being certified for Best Aquaculture Practice in our aquaculture operations.,certification,s,positive,outcome,2
3101,Our commitment is reflected by being certified for Best Aquaculture Practice in our aquaculture operations.,environmental certification,e,positive,outcome,1
3102,Our commitment is reflected by being certified for Best Aquaculture Practice in our aquaculture operations.,sustainable aquaculture certification,g,positive,outcome,1
3103,"Our commitment to ESG drives us to innovate responsibly, create thriving and safe work environments, and uphold the highest standards of integrity.",esg commitment,none,positive,commitment,1
3104,"Our commitment to sustainably managed, long-term partnerships with a variety of suppliers contributed to the resilience of our supply chain and enabled us to cope effectively with the disruption.",responsible sourcing,s,positive,action,1
3105,"Our commitment to sustainably managed, long-term partnerships with a variety of suppliers contributed to the resilience of our supply chain and enabled us to cope effectively with the disruption.",supply chain management,g,positive,action,1
3106,"Our commitment to sustainably managed, long-term partnerships with a variety of suppliers contributed to the resilience of our supply chain and enabled us to cope effectively with the disruption.",sustainable supply chain,e-s-g,positive,action,1
3107,"Our commitment to sustainably managed, long-term partnerships with a variety of suppliers contributed to the resilience of our supply chain and enabled us to cope effectively with the disruption.",sustainable supply chain management,g,positive,action,3
3108,"Our commitment to sustainably managed, long-term partnerships with a variety of suppliers contributed to the resilience of our supply chain.",responsible sourcing,e-s,positive,action,1
3109,"Our commitment to sustainably managed, long-term partnerships with a variety of suppliers contributed to the resilience of our supply chain.",supply chain management,g,positive,action,1
3110,"Our commitment to sustainably managed, long-term partnerships with a variety of suppliers contributed to the resilience of our supply chain.",sustainable sourcing,none,positive,action,1
3111,Our community development programs include high-quality education to the community through Rumah Belajar Anak Bintang (RAJAB),community education,e,positive,action,1
3112,"Our community development programs include high-quality education to the community through Rumah Belajar Anak Bintang (RAJAB), MAPI Retail Academy External Training, and Youth Entrepreneurship.",community development,s,positive,action,6
3113,"Our community development programs include high-quality education to the community through Rumah Belajar Anak Bintang (RAJAB), MAPI Retail Academy External Training, and Youth Entrepreneurship.",community education,g,positive,action,1
3114,"Our community development programs include high-quality education to the community through Rumah Belajar Anak Bintang (RAJAB), MAPI Retail Academy External Training, and Youth Entrepreneurship.",community education programs,e-s-g,positive,action,2
3115,Our comprehensive approach to environmental stewardship extends to innovative water efficiency upgrades and resource conservation.,environmental stewardship,e,positive,action,5
3116,Our comprehensive approach to environmental stewardship extends to innovative water efficiency upgrades and resource conservation.,water efficiency,s,positive,action,1
3117,Our comprehensive approach to environmental stewardship extends to innovative water efficiency upgrades and resource conservation.,water efficiency and resource conservation,s,positive,action,2
3118,Our comprehensive approach to environmental stewardship extends to innovative water efficiency upgrades and resource conservation.,water efficiency upgrades,e,positive,action,2
3119,Our continued focus on cost control and profitability resulted in strong cash flow.,cost control and profitability,none,positive,outcome,2
3120,Our continued focus on cost control and profitability resulted in strong cash flow.,financial performance,s,positive,outcome,2
3121,"Our crucial environmental, social, and governance (""ESG"") material topics then dictate our key performance indicators (""KPI""), which enable us to execute our strategy and achieve measurable results across all of our Strategic Business Groups.",esg integration,none,positive,action,1
3122,"Our crucial environmental, social, and governance (""ESG"") material topics then dictate our key performance indicators (""KPI""), which enable us to execute our strategy and achieve measurable results across all of our Strategic Business Groups.",esg material topics,,positive,action,3
3123,Our cumulative average growth rate (CAGR) of net sales over the last 10 years is around 42.3%.,economic performance,e,positive,outcome,1
3124,Our cumulative average growth rate (CAGR) of net sales over the last 10 years is around 42.3%.,financial performance,e-s-g,positive,outcome,1
3125,Our cumulative average growth rate (CAGR) of net sales over the last 10 years is around 42.3%.,growth rate,g,positive,outcome,1
3126,Our customer offering - fashion and quality at the best price in a sustainable way - is more relevant than ever.,customer offering,none,positive,commitment,1
3127,"Our dedication is exemplified through the ongoing implementation of Presidential Regulation no. 111 of 2022, which focuses on the achievement of Sustainable Development Goals and represents an advancement from Presidential Regulation no. 59 of 2017.",regulatory compliance,g,positive,action,1
3128,"Our dedication is exemplified through the ongoing implementation of Presidential Regulation no. 111 of 2022, which focuses on the achievement of Sustainable Development Goals and represents an advancement from Presidential Regulation no. 59 of 2017.",regulatory implementation,e-s-g,positive,action,1
3129,Our focus extends beyond short-term profits to long-term business prospects aligned with sustainability.,keuntungan jangka panjang,e,positive,commitment,1
3130,Our focus extends beyond short-term profits to long-term business prospects aligned with sustainability.,long-term business prospects,g,positive,commitment,1
3131,Our focus extends beyond short-term profits to long-term business prospects aligned with sustainability.,long-term business sustainability,g,positive,commitment,1
3132,Our focus extends beyond short-term profits to long-term business prospects aligned with sustainability.,long-term sustainability,g,positive,commitment,1
3133,Our focus extends beyond short-term profits to long-term business prospects aligned with sustainability.,long-term sustainability focus,e,positive,commitment,1
3134,Our focus extends beyond short-term profits to long-term business prospects aligned with sustainability.,sustainability,none,positive,commitment,1
3135,"Our focus is on creating further conditions for increased sales, for example through our increased initiatives in respect of the store portfolio and the supply chain.",sales growth initiatives,e-s-g,positive,action,1
3136,"Our formal ESG disclosures provide GoTo stakeholders and the public with transparent, detailed information about how we are addressing critical material areas.",esg disclosure,e-s-g,positive,outcome,1
3137,"Our formal ESG disclosures provide GoTo stakeholders and the public with transparent, detailed information about how we are addressing critical material areas.",esg transparency and disclosure,none,positive,outcome,1
3138,Our goal is for 100 percent of our materials to be made from recycled or sustainably sourced materials by 2030.,material sustainability target,none,positive,commitment,1
3139,Our goal is for 100 percent of our materials to be made from recycled or sustainably sourced materials by 2030.,sustainable materials,e,positive,commitment,1
3140,Our goal is for 100 percent of our materials to be made from recycled or sustainably sourced materials by 2030.,sustainable materials goal,s,positive,commitment,2
3141,Our goal is for 100 percent of our materials to be made from recycled or sustainably sourced materials by 2030.,sustainable materials target,e,positive,commitment,2
3142,Our greatest potential for positive change across all ESG categories comes from our work with clients.,esg impact through client work,s,positive,commitment,2
3143,Our greatest potential for positive change across all ESG categories comes from our work with clients.,esg integration,none,positive,commitment,1
3144,Our initiatives in areas such as tech and AI are a significant factor in our work to always have the right product in the right place at the right time and at the right price.,technology and ai initiatives,e,positive,action,3
3145,Our initiatives in areas such as tech and AI are a significant factor in our work to always have the right product in the right place at the right time and at the right price.,technology innovation,e-s-g,positive,action,1
3146,"Our integrated business model links four distinct stages of the production chain ranging from animal feed production, breeding, commercial farming, to food processing.",business model,none,positive,outcome,1
3147,"Our integrated business model links four distinct stages of the production chain ranging from animal feed production, breeding, commercial farming, to food processing.",integrated business model,g,positive,outcome,2
3148,"Our internal policies stipulate that illegal or unethical behavior is not tolerated by anyone, and we assess our bribery and corruption environment annually.",ethical conduct,e-s-g,positive,commitment,1
3149,"Our internal policies stipulate that illegal or unethical behavior is not tolerated by anyone, and we assess our bribery and corruption environment annually.",ethical conduct and risk assessment,g,positive,commitment,1
3150,Our investments in innovation mean we are taking important steps on our journey towards circularity.,circularity innovation investments,e-s-g,positive,action,1
3151,Our investments in innovation mean we are taking important steps on our journey towards circularity.,innovation investments for circularity,none,positive,action,1
3152,Our leadership in the Halal ecosystem has been recognized through three prestigious awards.,halal certification,,positive,outcome,3
3153,Our leadership in the Halal ecosystem has been recognized through three prestigious awards.,halal certification and recognition,g,positive,outcome,1
3154,Our leadership in the Halal ecosystem has been recognized through three prestigious awards.,halal ecosystem leadership,none,positive,outcome,2
3155,Our leadership in the Halal ecosystem has been recognized through three prestigious awards.,halal leadership,e-s-g,positive,outcome,1
3156,Our leadership in the Halal ecosystem has been recognized through three prestigious certifications.,halal ecosystem leadership,,positive,outcome,1
3157,Our leadership in the Halal ecosystem has been recognized through three prestigious certifications.,product compliance standards,,positive,outcome,1
3158,Our material ESG topics inform our policies and implementation.,esg integration,e-s-g,positive,action,1
3159,Our material ESG topics inform our policies and implementation.,esg policy integration,g,positive,action,1
3160,Our material ESG topics inform our policies and implementation.,material esg topics,s,positive,action,2
3161,"Our media, Liputan6.com, has also joined the International Fact Checking Network (IFC), and has become a Facebook partner.",fact-checking partnership,s,positive,action,1
3162,"Our media, Liputan6.com, has also joined the International Fact Checking Network (IFC), and has become a Facebook partner.",media ethics,e,positive,action,4
3163,Our mission of being a force for positive change is what motivates me to work for KPMG.,corporate purpose,s,positive,commitment,1
3164,Our mission of being a force for positive change is what motivates me to work for KPMG.,positive impact,none,positive,commitment,1
3165,Our mission of being a force for positive change is what motivates me to work for KPMG.,positive impact commitment,e-s,positive,commitment,1
3166,Our net profit in 2023 was IDR2.4 trillion,net profit,s,positive,outcome,1
3167,Our net profit in 2023 was IDR2.4 trillion.,net profit,none,positive,outcome,1
3168,Our policies and procedures ensure that we produce palm oil responsibly.,responsible palm oil production,g,positive,commitment,4
3169,Our policies and procedures ensure that we produce palm oil responsibly.,responsible production,e-s-g,positive,commitment,1
3170,Our policies and procedures ensure that we produce palm oil responsibly.,sustainable sourcing,e,positive,commitment,2
3171,Our policies and procedures ensure that we produce palm oil responsibly. We fully comply with the ISPO standards certification and assist our suppliers in doing the same.,sustainable agribusiness,e-s-g,positive,commitment,1
3172,Our policy on environmental management ensures systematic efforts to reduce waste and energy-use and more as part of the environmental management system.,environmental management system,g,positive,commitment,1
3173,"Our portfolio of products helps Businesses, by guaranteeing continuity in the face of disruptions, while also reducing costs and contributing to environmental goals",business continuity and environmental goals,s,positive,outcome,1
3174,"Our portfolio of products, including GoTo Connect, GoTo Resolve, and LogMeIn Rescue, helps: Employees, by enabling them to work securely and flexibly to best suit their lifestyle",employee work flexibility,e,positive,outcome,1
3175,Our position as a leading telecommunication retail and distribution Company has enforced us to continuously improve and enhance all of our operational lines in order to maintain our performance.,operational improvement,s,positive,action,1
3176,Our position as a leading telecommunication retail and distribution Company has enforced us to continuously improve and enhance all of our operational lines in order to maintain our performance.,telecommunication retail and distribution,e,positive,action,1
3177,Our poultry farmers partnership programme has been established for decades.,poultry partnership program,none,positive,outcome,1
3178,"Our production output showed a positive trajectory, supported by enhanced operational efficiency, a strong commitment to safety and environmental stewardship.",environmental stewardship,e-s-g,positive,outcome,1
3179,"Our production output showed a positive trajectory, supported by enhanced operational efficiency, a strong commitment to safety and environmental stewardship.",occupational safety,e-s-g,positive,outcome,1
3180,"Our production output showed a positive trajectory, supported by enhanced operational efficiency, a strong commitment to safety and environmental stewardship.",operational efficiency,e-s-g,positive,outcome,1
3181,"Our production output showed a positive trajectory, supported by enhanced operational efficiency, a strong commitment to safety and environmental stewardship.",operational efficiency & safety,none,positive,outcome,1
3182,"Our production output showed a positive trajectory, supported by enhanced operational efficiency, a strong commitment to safety and environmental stewardship.",operational efficiency and environmental stewardship,,positive,outcome,1
3183,"Our production output showed a positive trajectory, supported by enhanced operational efficiency, a strong commitment to safety and environmental stewardship.",operational efficiency and safety,s,positive,outcome,2
3184,"Our production output showed a positive trajectory, supported by enhanced operational efficiency, a strong commitment to safety and environmental stewardship.",production efficiency and environmental management,,positive,outcome,1
3185,"Our production output showed a positive trajectory, supported by enhanced operational efficiency, a strong commitment to safety and environmental stewardship.",production output,s,positive,outcome,1
3186,"Our production output showed a positive trajectory, supported by enhanced operational efficiency, a strong commitment to safety and environmental stewardship.",produksi,e,positive,outcome,1
3187,"Our products make IT easy so that you can focus on the things that matter most throughout the day like your projects, your professions, and even your personal passions.",customer experience,e-s-g,positive,outcome,1
3188,Our remote-centric workforce and core business of technology solutions keep our environmental footprint small.,environmental footprint,e,positive,outcome,3
3189,"Our report is prepared in accordance with the Global Reporting Initiatives (""GRI"") Sustainability Reporting Standards, incorporating the latest GRI Universal Standards of 2021.",reporting standards,s,neutral,outcome,1
3190,"Our report is prepared in accordance with the Global Reporting Initiatives (""GRI"") Sustainability Reporting Standards, incorporating the latest GRI Universal Standards of 2021.",sustainability reporting,e-s,neutral,outcome,1
3191,Our report reflects both firms' ongoing dedication to creating long-term value for our stakeholders.,stakeholder value,s,positive,commitment,1
3192,"Our stores, which are in prime locations, are a major asset where we meet our customers every day.",store location asset,e-s-g,positive,outcome,1
3193,"Our stores, which are in prime locations, are a major asset where we meet our customers every day.",store network,s,positive,outcome,1
3194,Our strategy centers on aligning products with local market needs and tailoring store offerings to match dynamic consumer demands.,aligning products,e,positive,action,1
3195,Our strategy centers on aligning products with local market needs and tailoring store offerings to match dynamic consumer demands.,market alignment,,positive,action,1
3196,Our strategy centers on aligning products with local market needs and tailoring store offerings to match dynamic consumer demands.,market alignment and consumer demand,e-s,positive,action,1
3197,Our strict biosecurity protocols worked well to not only protect our livestock but also our people in this pandemic.,employee health and safety,e,positive,outcome,1
3198,Our strong culture with our shared values has been an important factor in our ability to drive improvements within the business.,corporate culture and values,e,positive,outcome,1
3199,Our subsidiary Out of Asia works with thousands of local artists and distribute their exquisite craftmanship to more than 20 countries.,local artisan support,e,positive,action,2
3200,"Our sustainability efforts transcend across our operations from feedmills to farms, and across our departments from human resources to information technology and finance.",sustainability efforts,e-s,positive,action,1
3201,"Our sustainability efforts transcend across our operations from feedmills to farms, and across our departments from human resources to information technology and finance.",sustainability integration,,positive,action,2
3202,Our sustainability initiatives also provide the group with long-term business opportunities.,science-based targets and sustainability initiatives,s,positive,outcome,2
3203,Our sustainability initiatives also provide the group with long-term business opportunities.,sustainability business opportunities,e,positive,action,3
3204,"Our sustainability processes and practices have continued to evolve and mature, resulting in our report theme of ""Persevering Sustainably in the Midst of Global Challenges"".",sustainability strategy and governance,e,neutral,outcome,1
3205,Our vertically integrated business model allows us to implement sustainability practices throughout our operations and to make a positive impact,sustainability practices implementation,s,positive,action,1
3206,Our vertically integrated business model allows us to implement sustainability practices throughout our operations and to make a positive impact,sustainable business model,e-s-g,positive,action,1
3207,Our vertically integrated business model allows us to implement sustainability practices throughout our operations and to make a positive impact.,sustainability integration,none,positive,action,2
3208,Our vertically integrated business model allows us to implement sustainability practices throughout our operations and to make a positive impact.,sustainability practices,e-s-g,positive,action,1
3209,Our work was carried out in accordance with ISAE3000 'Assurance Engagements other than Audits or Reviews of Historical Financial Information' issued by the International Auditing and Assurance Standards Board.,assurance standards compliance,none,neutral,action,1
3210,Our work was carried out in accordance with ISAE3000 'Assurance Engagements other than Audits or Reviews of Historical Financial Information' issued by the International Auditing and Assurance Standards Board.,reporting standards,none,neutral,action,1
3211,Our work was carried out in accordance with ISAE3000 'Assurance Engagements other than Audits or Reviews of Historical Financial Information' issued by the International Auditing and Assurance Standards Board.,reporting standards compliance,none,neutral,action,1
3212,Our work was carried out in accordance with ISAE3000 'Assurance Engagements other than Audits' or Reviews of Historical Financial Information issued by the International Auditing and Assurance Standards Board.,assurance standards compliance,e-s-g,neutral,action,1
3213,Over the years we continually strive to improve our performance and our efficiency to provide affordable nutritious proteins.,efficiency improvement,e,positive,action,1
3214,Over the years we continually strive to improve our performance and our efficiency to provide affordable nutritious proteins.,performance improvement,s,positive,action,2
3215,PELAKSANAAN PROGRAM PENGEMBANGAN DAN PEMBERDAYAAN MASYARAKAT TAHUN 2021 Implementing 2021 Community Development and Empowerment Programs,community development program implementation,e,positive,action,1
3216,PELAKSANAAN PROGRAM PENGEMBANGAN DAN PEMBERDAYAAN MASYARAKAT TAHUN 2021 Implementing 2021 Community Development and Empowerment Programs,implementing community development and empowerment programs,s,positive,action,1
3217,PELESTARIAN KEANEKARAGAMAN HAYATI,biodiversity conservation,none,positive,commitment,1
3218,PELESTARIAN KEANEKARAGAMAN HAYATI (Biodiversity Conservation),biodiversity protection,g,positive,commitment,1
3219,PELESTARIAN KEANEKARAGAMAN HAYATI Biodiversity Conservation,biodiversity conservation,s,positive,commitment,1
3220,PEMBELIAN PADA PEMASOK LOKAL 2021: 2.809.956 USD (meningkat dari 855.297 USD di 2020),local supplier empowerment,g,positive,outcome,1
3221,PEMBENTUKAN TIM PELAPORAN KEBERLANJUTAN BRMS Formation of BRMS Sustainability Reporting Team,formation of brms sustainability reporting team,e,neutral,action,1
3222,"PEMBERDAYAAN PEMASOK LOKAL US$ 408,355",local supplier development,none,positive,outcome,1
3223,"PEMBERDAYAAN PEMASOK LOKAL US$ 408,355",local supplier empowerment,s,positive,outcome,1
3224,"PEMBERDAYAAN PEMASOK LOKAL | US$ 408,355",local supplier development,e,positive,outcome,1
3225,"PEMBERDAYAAN PEMASOK LOKAL | US$ 408,355",local supplier empowerment,s,positive,outcome,2
3226,"PENANAMAN MANGROVE DI PESISIR PANTURA, JAWA TENGAH",mangrove planting,e,positive,action,1
3227,"PENDAPATAN REVENUE | US$ 4,460,530",revenue,s,neutral,outcome,1
3228,PENENTUAN TOPIK MATERIAL DAN BATASAN LAPORAN Determination of Material Topics and Report Boundaries,determination of material topics and report boundaries,s,neutral,action,1
3229,PENGELOLAAN LIMBAH,waste management,g,neutral,action,1
3230,PENGELOLAAN LIMBAH Waste Management,waste management,none,neutral,action,1
3231,PENGELOLAAN SUMBER DAYA AIR,water resources management,e-s-g,neutral,action,1
3232,PENGELOLAAN SUMBER DAYA AIR Water Resources Management,water resources management,e,neutral,action,1
3233,PENGELOLAAN SUMBER DAYA MANUSIA INOVATIF INNOVATIVE HUMAN RESOURCES MANAGEMENT,human resources management,s,neutral,action,1
3234,PENGEMBANGAN DAN PEMBERDAYAAN MASYARAKAT,community development and empowerment,,positive,action,1
3235,PENGEMBANGAN DAN PEMBERDAYAAN MASYARAKAT (Community Development and Empowerment),community engagement,none,positive,action,1
3236,PENGEMBANGAN DAN PEMBERDAYAAN MASYARAKAT Community Development and Empowerment,community development and empowerment,none,positive,action,2
3237,PENGEMBANGAN POTENSI MASYARAKAT BERKELANJUTAN DEVELOPMENT OF SUSTAINABLE COMMUNITY POTENTIALS,community development,none,positive,action,1
3238,PENGEMBANGAN POTENSI MASYARAKAT BERKELANJUTAN DEVELOPMENT OF SUSTAINABLE COMMUNITY POTENTIALS,development of sustainable community potentials,g,positive,action,1
3239,PENGENDALIAN PERUBAHAN IKLIM MELALUI INVENTARISASI GAS RUMAH KACA,climate change control through ghg inventory,none,neutral,action,1
3240,PENGENDALIAN PERUBAHAN IKLIM MELALUI INVENTARISASI GAS RUMAH KACA Climate Change Control through Greenhouse Gas (GHG) Inventory,climate change control through ghg inventory,e,neutral,action,1
3241,PENGGUNAAN AIR 2021: 48.273 m³ (meningkat dari 12.356 m³ di 2020),water resources management,e-s-g,neutral,action,1
3242,"PENGGUNAAN AIR 3,3",water usage,s,neutral,action,1
3243,"PENGGUNAAN AIR 3,3 JUTA LITER",water usage,s,neutral,action,1
3244,"PENGGUNAAN AIR 3,3 JUTA LITER MILLION LITER",water usage,g,neutral,action,1
3245,"PENGGUNAAN AIR 3,3 WATER USAGE 3,3 JUTA LITER MILLION LITER",water usage,e,neutral,action,2
3246,PENGGUNAAN PENEBANGAN,tree conservation,s,neutral,action,1
3247,PENGHARGAAN PERUSAHAAN Awards,awards,none,positive,outcome,1
3248,PERLINDUNGAN TERHADAP WABAH COVID-19,protection against covid-19,e-s-g,positive,action,1
3249,PERLINDUNGAN TERHADAP WABAH COVID-19 (Protection Against the COVID-19 Outbreak),occupational health & safety,e-s-g,positive,action,1
3250,PERLINDUNGAN TERHADAP WABAH COVID-19 Protection Against the COVID-19 Outbreak,covid-19 protection,g,positive,action,1
3251,PERLINDUNGAN TERHADAP WABAH COVID-19 Protection Against the COVID-19 Outbreak,protection against covid-19 outbreak,g,positive,action,1
3252,"PERTAMINA akan selalu hadir untuk Indonesia dalam memberikan energi untuk bangsa serta mendukung terwujudnya ketahanan energi nasional yang inklusif dengan mengacu pada lima prinsip utama, yaitu availability, accessibility, affordability, acceptability, dan sustainability.",energy access and security,e-s-g,positive,commitment,1
3253,"PERTAMINA akan selalu hadir untuk Indonesia dalam memberikan energi untuk bangsa serta mendukung terwujudnya ketahanan energi nasional yang inklusif dengan mengacu pada lima prinsip utama, yaitu availability, accessibility, affordability, acceptability, dan sustainability.",energy security,e-s-g,positive,commitment,1
3254,"PERTAMINA akan selalu hadir untuk Indonesia dalam memberikan energi untuk bangsa serta mendukung terwujudnya ketahanan energi nasional yang inklusif dengan mengacu pada lima prinsip utama, yaitu availability, accessibility, affordability, acceptability, dan sustainability.",energy security & sustainability,e,positive,commitment,1
3255,"PERTAMINA is unwavering in supplying energy for Indonesia and supporting the realization of inclusive national energy resilience by referring to the five main principles, namely availability, accessibility, affordability, acceptability, and sustainability.",energy security,s-g,positive,commitment,1
3256,"PERTAMINA is unwavering in supplying energy for Indonesia and supporting the realization of inclusive national energy resilience by referring to the five main principles, namely availability, accessibility, affordability, acceptability, and sustainability.",energy security & sustainability,e,positive,commitment,1
3257,PERUBAHAN TERKAIT PELAPORAN DAN PERNYATAAN ULANG Changes Regarding Reporting and Restatement,changes in reporting and restatement,g,neutral,action,1
3258,PROGRAM DAN PELATIHAN K3 OSH Program and Training,occupational safety training program,,neutral,action,1
3259,PROGRAM DAN PELATIHAN K3 OSH Program and Training,program and training,none,neutral,action,1
3260,PROSES PENENTUAN TOPIK MATERIAL Process to Determine Material Topics,process to determine material topics,e,neutral,action,1
3261,"PT Bumi Resources Minerals Tbk (BRMS) dengan sepenuh hati mendukung pembangunan berkelanjutan, dengan berusaha menggapai masa depan pertambangan emas melalui praktik yang bertanggung jawab.",sustainable development support,e-s-g,positive,commitment,1
3262,PT Bumi Resources Minerals Tbk melalui entitas anak usahanya selalu berkomitmen dalam pengolahan lingkungan berkelanjut.,environmental management,,positive,commitment,1
3263,PT Bumi Resources Minerals Tbk melalui entitas anak usahanya selalu berkomitmen dalam pengolahan lingkungan berkelanjut. Salah satu aktifitas yang dilakukan adalah reklamasi yang terprogram pada area terdampak.,land rehabilitation,e-s-g,positive,action,1
3264,PT Bumi Resources Minerals Tbk melalui entitas anak usahanya selalu berkomitmen dalam pengolahan lingkungan berkelanjutan.,commitment to sustainable environmental management,e-s-g,positive,commitment,1
3265,PT Bumi Resources Minerals Tbk melalui entitas anak usahanya selalu berkomitmen dalam pengolahan lingkungan berkelanjutan.,environmental management,g,positive,commitment,2
3266,PT Bumi Resources Minerals Tbk melalui entitas anak usahanya selalu berkomitmen dalam pengolahan lingkungan berkelanjutan.,environmental sustainability,e,positive,commitment,1
3267,PT Bumi Resources Minerals Tbk through its subsidiaries has always been committed to sustainable environmental management.,environmental management,s,positive,commitment,1
3268,PT Bumi Resources Minerals berkomitmen untuk senantiasa memberikan dampak positif dan berkelanjutan kepada pemangku kepentingan.,commitment to stakeholders,s,positive,commitment,1
3269,PT Bumi Resources Minerals berkomitmen untuk senantiasa memberikan dampak positif dan berkelanjutan kepada pemangku kepentingan.,community engagement,s,positive,commitment,3
3270,PT Bumi Resources Minerals berkomitmen untuk senantiasa memberikan dampak positif dan berkelanjutan kepada pemangku kepentingan.,general sustainability commitment,none,positive,commitment,1
3271,PT Bumi Resources Minerals berkomitmen untuk senantiasa memberikan dampak positif dan berkelanjutan kepada pemangku kepentingan.,komitmen berkelanjutan,s,positive,commitment,1
3272,PT Bumi Resources Minerals berkomitmen untuk senantiasa memberikan dampak positif dan berkelanjutan kepada pemangku kepentingan.,komitmen dampak positif,s,positive,commitment,1
3273,PT Bumi Resources Minerals berkomitmen untuk senantiasa memberikan dampak positif dan berkelanjutan kepada pemangku kepentingan.,stakeholder impact,none,positive,commitment,2
3274,PT Bumi Resources Minerals is committed to providing positive and sustainable impact for our stakeholders.,commitment to stakeholders,e,positive,commitment,1
3275,PT Bumi Resources Minerals is committed to providing positive and sustainable impact for our stakeholders.,community engagement,g,positive,commitment,1
3276,PT Bumi Resources Minerals is committed to providing positive and sustainable impact for our stakeholders.,general sustainability commitment,s,positive,commitment,1
3277,PT Bumi Resources Minerals is committed to providing positive and sustainable impact for our stakeholders.,komitmen berkelanjutan,none,positive,commitment,1
3278,PT Bumi Resources Minerals is committed to providing positive and sustainable impact for our stakeholders.,komitmen dampak positif,e,positive,commitment,1
3279,PT Bumi Resources Minerals is committed to providing positive and sustainable impact for our stakeholders.,stakeholder impact,none,positive,commitment,1
3280,PT Bumi Resources Minerals is committed to providing positive and sustainable impact for our stakeholders.,sustainability commitment,e,positive,commitment,1
3281,"PT Bursa Efek Indonesia (BEI) atau Perusahaan memiliki peran besar dalam menyelenggarakan dan menyediakan sistem, sarana perdagangan efek serta regulasi pendukungnya untuk mendukung terciptanya transaksi perdagangan efek yang wajar, teratur, efisien dan mudah diakses oleh seluruh pemangku kepentingan.",market facilitation,e,positive,action,1
3282,"PT Bursa Efek Indonesia (BEI) atau Perusahaan memiliki peran besar dalam menyelenggarakan dan menyediakan sistem, sarana perdagangan efek serta regulasi pendukungnya untuk mendukung terciptanya transaksi perdagangan efek yang wajar, teratur, efisien dan mudah diakses oleh seluruh pemangku kepentingan.",market integrity,e,positive,action,1
3283,PT CPM applies a hydroponic system as a medium for growing vegetables which are used for employee consumption.,employee welfare,e-s-g,positive,action,1
3284,PT CPM becomes the first mining company in Indonesia to use Filter Press (dry tailing).,waste management technology,e-s-g,positive,outcome,1
3285,PT CPM has implemented a solar panel system as a power source for hauling road lighting.,renewable energy,none,positive,action,1
3286,PT CPM mengaplikasikan sistem hidroponik sebagai media tanam sayur mayur yang dimanfaatkan untuk konsumsi karyawan.,employee welfare,none,positive,action,1
3287,PT CPM mengaplikasikan sistem hidroponik sebagai media tanam sayur mayur yang dimanfaatkan untuk konsumsi karyawan.,hydroponic system for employee consumption,g,positive,action,1
3288,PT CPM mengaplikasikan sistem hidroponik sebagai media tanam sayur mayur yang dimanfaatkan untuk konsumsi karyawan.,sustainable agriculture,s,positive,action,1
3289,PT CPM mengaplikasikan sistem hidroponik sebagai media tanam sayur mayur yang dimanfaatkan untuk konsumsi karyawan.,water stewardship,e-s-g,positive,action,1
3290,"PT CPM mengaplikasikan sistem hidroponik sebagai media tanam sayur mayur yang dimanfaatkan untuk konsumsi karyawan. Inovasi dari sistem ini yaitu dengan memanfaatkan air buangan AC internal maupun external disekitar kantor PT CPM yang kemudian tersirkulasi di sistem hidroponik tersebut, sehingga penggunaan air menjadi optimal.",water stewardship,e,positive,action,1
3291,PT CPM merupakan perusahan tambang yang memanfaatkan teknologi Filter Press (dry tailing) untuk penanganan limbah dari pabrik pengolahan emas nya.,dry tailing management,e-s,positive,action,1
3292,PT CPM merupakan perusahan tambang yang memanfaatkan teknologi Filter Press (dry tailing) untuk penanganan limbah dari pabrik pengolahan emas nya.,waste management,none,positive,action,3
3293,PT CPM merupakan perusahan tambang yang memanfaatkan teknologi Filter Press (dry tailing) untuk penanganan limbah dari pabrik pengolahan emas nya.,waste management technology,none,positive,action,1
3294,PT CPM telah mengimplementasikan pemanfaatan sistem solar panel sebagai sumber tenaga penerangan jalan tambang.,renewable energy,e,positive,action,4
3295,PT CPM telah mengimplementasikan pemanfaatan sistem solar panel sebagai sumber tenaga penerangan jalan tambang.,renewable energy utilization,g,positive,action,2
3296,"PT Data Citra Mandiri (""DCM"") acquired the rights of iBox brand and retail business.",brand acquisition,e-s-g,neutral,action,1
3297,PT Ekagrata Data Gemilang acquired credit facilities from Bank BCA of Rp2.7 trillion and working capital credit of Rp100 billion which will be used to fund the expansion of the data center by finishing EDGE1 and constructing EDGE2.,capital investment,none,neutral,action,1
3298,PT Ekagrata Data Gemilang acquired credit facilities from Bank BCA of Rp2.7 trillion and working capital credit of Rp100 billion which will be used to fund the expansion of the data center by finishing EDGE1 and constructing EDGE2.,capital investment for expansion,e,neutral,action,1
3299,PT Ekagrata Data Gemilang acquired credit facilities from Bank BCA of Rp2.7 trillion and working capital credit of Rp100 billion which will be used to fund the expansion of the data center by finishing EDGE1 and constructing EDGE2.,data center expansion financing,e,neutral,action,1
3300,PT Ekagrata Data Gemilang menerima Renewable Energy Certificate dan menjadi pusat data pertama di Jakarta yang memanfaatkan inisiatif energi berkelanjutan dari Perusahaan Listrik Negara (PLN).,renewable energy usage,e-s-g,positive,outcome,1
3301,PT Ekagrata Data Gemilang received a Renewable Energy Certificate and became the first data center in Jakarta that utilizes sustainable energy initiatives from the State Electricity Company (PLN).,renewable energy,,positive,outcome,1
3302,PT Ekagrata Data Gemilang received a Renewable Energy Certificate and became the first data center in Jakarta that utilizes sustainable energy initiatives from the State Electricity Company (PLN).,renewable energy certificate,none,positive,outcome,1
3303,"PT Ekagrata Data Gemilang, a subsidiary of the Company, signed a strategic partnership with the Indonesian Internet Service Providers Association (""APJII"") to launch Point of Presence (""PoP"") Indonesia Internet Exchange (""IIX"").",strategic partnership with apjii,s,positive,action,1
3304,"PT Ekagrata Data Gemilang, a subsidiary of the Company, signed a strategic partnership with the Indonesian Internet Service Providers Association (""APJII"") to launch Point of Presence (""PoP"") Indonesia Internet Exchange (""IIX"").",strategic partnerships,e-s-g,positive,action,1
3305,"PT Erajaya Swasembada Tbk (""Perseroan"") berhasil menjalankan rangkaian program meliputi restrukturisasi organisasi, re-engineering bisnis proses serta diversifikasi produk dan jasa selama tahun 2018, sebagai bagian dari transformasi lima tahun ke depan.",organizational restructuring,e-s-g,positive,action,1
3306,PT Erajaya Swasembada Tbk 23,financial performance,none,neutral,outcome,1
3307,PT Erajaya Swasembada Tbk was appointed as distributor of Lenovo mobile phone,business partnership,none,neutral,action,1
3308,"PT Erajaya Swasembada Tbk. (""Perseroan"") berhasil menjalankan rangkaian program meliputi restrukturisasi organisasi, re-engineering bisnis proses serta diversifikasi produk dan jasa selama tahun 2018, sebagai bagian dari transformasi lima tahun ke depan.",business process re-engineering,none,positive,action,1
3309,"PT Erajaya Swasembada Tbk. (""Perseroan"") berhasil menjalankan rangkaian program meliputi restrukturisasi organisasi, re-engineering bisnis proses serta diversifikasi produk dan jasa selama tahun 2018, sebagai bagian dari transformasi lima tahun ke depan.",organizational restructuring,e,positive,action,6
3310,"PT Erajaya Swasembada Tbk. (""Perseroan"") berhasil menjalankan rangkaian program meliputi restrukturisasi organisasi, re-engineering bisnis proses serta diversifikasi produk dan jasa selama tahun 2018, sebagai bagian dari transformasi lima tahun ke depan.",product and service diversification,e,positive,action,1
3311,"PT Erajaya Swasembada Tbk. (""Perseroan"") berhasil menjalankan rangkaian program meliputi restrukturisasi organisasi, re-engineering bisnis proses serta diversifikasi produk dan jasa selama tahun 2018, sebagai bagian dari transformasi lima tahun ke depan.",transformasi perusahaan,s,positive,action,1
3312,PT Japfa Comfeed Indonesia Tbk Laporan Keberlanjutan | Sustainability Report 2023,sustainability report,e,neutral,outcome,1
3313,"PT Japfa Comfeed Indonesia Tbk adalah produsen protein hewani (unggas, sapi, dan budidaya perairan) dan pakan ternak berkualitas tinggi yang beroperasi di seluruh Indonesia.",produk,e-s-g,neutral,outcome,2
3314,PT Japfa Comfeed Indonesia Tbk adalah salah satu perusahaan agri-food terbesar dan terkemuka di tanah air,leading agri-food company position,e,positive,outcome,1
3315,PT Japfa Comfeed Indonesia Tbk adalah salah satu perusahaan agri-food terbesar dan terkemuka di tanah air,market position,none,positive,outcome,1
3316,PT Japfa Comfeed Indonesia Tbk adalah salah satu perusahaan agri-food terbesar dan terkemuka di tanah air.,market position,s,positive,outcome,1
3317,"PT Japfa Comfeed Indonesia Tbk is a leading agri-food company, producing staple animal proteins in Indonesia.",animal protein production,e,positive,outcome,2
3318,PT Japfa Comfeed Indonesia Tbk is one of the largest and leading agri-food companies in Indonesia,company profile,,positive,outcome,1
3319,"PT Japfa Comfeed Indonesia Tbk specialises in producing quality protein staples (poultry, beef and aquaculture) and animal feed across Indonesia.",product quality,s,positive,outcome,2
3320,"PT Japfa Comfeed Indonesia Tbk specialises in producing quality protein staples (poultry, beef and aquaculture) and animal feed across Indonesia.",quality protein production,e-s,positive,outcome,1
3321,PT Japfa Tbk delivered a solid EBITDA of Rp 3.9 trillion in a challenging year due to Covid-19 pandemic that affected consumer demand in Indonesia.,financial performance,none,positive,outcome,1
3322,"PT Japfa Tbk menghasilkan EBITDA yang solid sebesar Rp 3,9 triliun di tahun yang penuh tantangan akibat pandemi Covid-19 yang mempengaruhi permintaan konsumen di Indonesia.",economic performance,s,positive,outcome,1
3323,"PT Japfa Tbk menghasilkan EBITDA yang solid sebesar Rp 3,9 triliun di tahun yang penuh tantangan akibat pandemi Covid-19 yang mempengaruhi permintaan konsumen di Indonesia.",financial performance during pandemic,s,positive,outcome,1
3324,"PT Japfa Tbk menghasilkan EBITDA yang solid sebesar Rp 3,9 triliun di tahun yang penuh tantangan akibat pandemi Covid-19 yang mempengaruhi permintaan konsumen di Indonesia.",kinerja ekonomi,e,positive,outcome,2
3325,PT Japfa Tbk mewakili sektor pangan dan pertanian secara global serta mewakili Asia Tenggara.,global representation in food and agriculture sector,none,positive,outcome,1
3326,PT Jasa Marga (Persero) Tbk is the first and largest toll road operator in Indonesia.,market position,g,positive,outcome,2
3327,PT Maruwai Coal received a Blue PROPER rating from the Ministry of Environment and Forestry,environmental performance,e-s-g,positive,outcome,2
3328,"PT Maruwai Coal received a certificate of merit at Temu Pendidik Nusantara event, Dewi Sartika appreciation, on the category of Pemimpin Merdeka Belajar.",education and training,none,positive,outcome,1
3329,"PT Maruwai Coal received a certificate of merit of Gold category at Indonesia Sustainable Development Goals Award 2023, for the contribution to SDGs number 4.c – Capacity Improvement for Educators at All Levels.",human capital development,none,positive,outcome,1
3330,"PT Maruwai Coal received a certificate of merit of Gold category at Indonesia Sustainable Development Goals Award 2023, for the contribution to SDGs number 4.c – Capacity Improvement for Educators at All Levels.",social impact - education,e,positive,outcome,1
3331,"PT Maruwai Coal received a certificate of merit of Silver category at Indonesia Sustainable Development Goals Award 2023, for the contribution to SDGs 15.3 – Land Conservation.",biodiversity conservation,s,positive,outcome,1
3332,"PT Maruwai Coal received a certificate of merit of Silver category at Indonesia Sustainable Development Goals Award 2023, for the contribution to SDGs 15.3 – Land Conservation.",environmental impact - land conservation,g,positive,outcome,1
3333,"PT Maruwai Coal received an ""Pratama"" rating from the Ministry of Energy and Mineral Resources in Good Mining Practices Award in Mineral and Coal Mining for Standardization Management and Mining Services Aspect.",operational efficiency,s,positive,outcome,1
3334,"PT Maruwai Coal received an ""Utama"" rating from the Ministry of Energy and Mineral Resources in Good Mining Practices (GMP) Award on Mineral and Coal Mining Environmental Management aspect.",environmental management,s,positive,outcome,2
3335,"PT Maruwai Coal received an award at La Tofi Nusantara CSR Award 2023, on the category of SDGs Number 8 – Decent Work and Economic Growth.",social impact,e-s,positive,outcome,1
3336,"PT Maruwai Coal received an award at La Tofi Nusantara CSR Award 2023, on the category of SDGs Number 8 – Decent Work and Economic Growth.",social impact - decent work & economic growth,e-s-g,positive,outcome,1
3337,"PT Maruwai Coal received an award at ajang La Tofi Nusantara CSR Award 2023, on the category of SDGs Number 2 – Zero Hunger.",community development,e-s-g,positive,outcome,1
3338,"PT Maruwai Coal received an award at ajang La Tofi Nusantara CSR Award 2023, on the category of SDGs Number 2 – Zero Hunger.",social impact - zero hunger,e-s-g,positive,outcome,1
3339,PT Maruwai Coal successfully received two Gold trophies at the National Productivity and Quality Convention (TKMPN) XXVII.,quality management,e-s,positive,outcome,1
3340,"PT Mitra Adiperkasa Tbk (MAP) is committed to be responsible in the environmental, social, and governance (ESG) management in our business operations.",corporate governance,s,positive,commitment,1
3341,"PT Mitra Adiperkasa Tbk (MAP) is committed to be responsible in the environmental, social, and governance (ESG) management in our business operations.",esg commitment,e,positive,commitment,2
3342,"PT Mitra Adiperkasa Tbk (MAP) is committed to be responsible in the environmental, social, and governance (ESG) management in our business operations.",esg management,none,positive,commitment,1
3343,"PT Mitra Adiperkasa Tbk (MAPI) consider ESG as an inseparable aspect from our business, it must be managed in a holistic and integrated manner throughout the organization.",esg integration,s,positive,commitment,5
3344,"PT Mitra Adiperkasa Tbk (MAPI) consider ESG as an inseparable aspect from our business, it must be managed in a holistic and integrated manner throughout the organization.",esg management,e,positive,commitment,1
3345,PT Mitra Adiperkasa Tbk has been a part of Indonesian society for 26 years.,community engagement,e,neutral,outcome,2
3346,PT Mitra Adiperkasa Tbk has been a part of Indonesian society for 26 years.,company age,e-s-g,neutral,outcome,1
3347,PT Mitra Adiperkasa Tbk has been a part of Indonesian society for 26 years.,company history,e-s-g,neutral,outcome,2
3348,PT Mitra Adiperkasa Tbk has been a part of Indonesian society for 26 years.,corporate history,none,neutral,outcome,1
3349,PT Mitra Adiperkasa Tbk has been a part of Indonesian society for 26 years.,corporate longevity and social integration,s,neutral,outcome,1
3350,PT Mitra Adiperkasa Tbk has been a part of Indonesian society for 26 years.,corporate longevity and societal integration,s,neutral,outcome,1
3351,PT Mitra Adiperkasa Tbk has been a part of Indonesian society for 26 years.,societal presence,none,neutral,outcome,1
3352,"PT Mitra Adiperkasa Tbk has been a part of Indonesian society for 26 years. Good relationships with stakeholders, such as the principals, customers, employees, shareholders, the communities, and mall management have helped the Company to be able to develop its business in a sustainable manner.",community engagement,g,positive,outcome,3
3353,PT Mitra Adiperkasa Tbk has made 4 murals using special paint that could absorb air pollution and was equal to planting 700 trees.,environmental initiative,e-s-g,positive,outcome,2
3354,"PT Mitra Belanja Anda (MBA) secara resmi membuka gerai GrandLucky Superstore kedua di Pulau Bali, yang terletak di kawasan Udayana, Denpasar.",retail expansion,e,neutral,action,3
3355,"PT Moores Rowland Indonesia did not participate in the preparation of this sustainability report, and there are no declared conflicts of interest.",assurance independence,none,neutral,action,1
3356,PT Moores Rowland Indonesia was not involved in the process of drafting this sustainability report and no conflict of interest is declared.,assurance and verification,e,neutral,action,1
3357,PT Moores Rowland Indonesia was not involved in the process of drafting this sustainability report and no conflict of interest is declared.,conflict of interest,e,neutral,action,2
3358,"PT Pertamina (Persero) atau PERTAMINA menyusun dan menerbitkan Laporan Keberlanjutan sebagai dokumen untuk mengomunikasikan kinerja Perseroan mengelola dampak operasi terhadap lingkungan, sosial, dan tata kelola (LST/ESG), serta dukungan pada Tujuan Pembangunan Berkelanjutan (TPB/SDGs).",esg performance,s,neutral,action,1
3359,"PT Pertamina (Persero) atau PERTAMINA menyusun dan menerbitkan Laporan Keberlanjutan sebagai dokumen untuk mengomunikasikan kinerja Perseroan mengelola dampak operasi terhadap lingkungan, sosial, dan tata kelola (LST/ESG), serta dukungan pada Tujuan Pembangunan Berkelanjutan (TPB/SDGs).",esg reporting,e-s,neutral,action,1
3360,"PT Pertamina (Persero) atau PERTAMINA menyusun dan menerbitkan Laporan Keberlanjutan sebagai dokumen untuk mengomunikasikan kinerja Perseroan mengelola dampak operasi terhadap lingkungan, sosial, dan tata kelola (LST/ESG), serta dukungan pada Tujuan Pembangunan Berkelanjutan (TPB/SDGs).",sustainability reporting,e-s-g,neutral,action,1
3361,PT Pertamina (Persero) memiliki peran penting dalam memimpin dan memastikan transisi industri energi Indonesia ke dalam target bauran energi dan pengurangan emisi dalam memastikan keberlanjutan.,energy transition,e-s-g,positive,commitment,3
3362,"PT Pertamina Geothermal Energy (PGE) selaku perusahaan yang menjalankan kegiatan usaha di bidang dan/atau berkaitan dengan sumber daya alam, berkomitmen untuk melaksanakan Tanggung Jawab Sosial dan Lingkungan (TJSL) di antaranya mengelola aspek ekonomi, lingkungan, dan sosial dalam rangka menciptakan pembangunan yang berkelanjutan.",sustainability commitment,e,positive,commitment,1
3363,"PT Pertamina Geothermal Energy (PGE) selaku perusahaan yang menjalankan kegiatan usaha di bidang dan/atau berkaitan dengan sumber daya alam, berkomitmen untuk melaksanakan Tanggung Jawab Sosial dan Lingkungan (TJSL) di antaranya mengelola aspek ekonomi, lingkungan, dan sosial dalam rangka menciptakan pembangunan yang berkelanjutan.",tanggung jawab sosial dan lingkungan,e,positive,commitment,1
3364,"PT Pertamina Geothermal Energy (PGE) selaku perusahaan yang menjalankan kegiatan usaha di bidang dan/atau berkaitan dengan sumber daya alam, berkomitmen untuk melaksanakan Tanggung Jawab Sosial dan Lingkungan (TJSL) di antaranya mengelola aspek ekonomi, lingkungan, dan sosial dalam rangka menciptakan pembangunan yang berkelanjutan.",tanggung jawab sosial dan lingkungan (tjsl),e,positive,commitment,1
3365,"PT Pertamina Geothermal Energy continues to prove the consistency of the clean energy acceleration, i.e. geothermal energy in Indonesia by conducting geothermal activities in 12 Geothermal Working Area (WKP), two Geothermal Working Areas, managing four geothermal areas, managing four geothermal development projects, and managing three geothermal exploration fields.",geothermal energy activities,s,positive,action,1
3366,"PT Pertamina Geothermal Energy continues to prove the consistency of the clean energy acceleration, i.e. geothermal energy in Indonesia by conducting geothermal activities in 12 Geothermal Working Area (WKP), two Geothermal Working Areas, managing four geothermal areas, managing four geothermal development projects, and managing three geothermal exploration fields.",renewable energy development,e,positive,action,1
3367,"PT Pertamina Geothermal Energy terus membuktikan konsistensi akselerasi pemanfaatan energi panas bumi di Indonesia dengan melakukan kegiatan pengusahaan panas bumi di 12 Wilayah Kuasa Pengusahaan (WKP), dan dua Wilayah Kerja Ijin Panas Bumi, serta mengelola empat area panas bumi, empat proyek pengembangan panas bumi, dan tiga lapangan eksplorasi panas bumi.",geothermal energy development,e-s-g,positive,action,1
3368,"PT Pertamina Geothermal Energy terus membuktikan konsistensi akselerasi pemanfaatan energi panas bumi di Indonesia dengan melakukan kegiatan pengusahaan panas bumi di 12 Wilayah Kuasa Pengusahaan (WKP), dan dua Wilayah Kerja Ijin Panas Bumi, serta mengelola empat area panas bumi, empat proyek pengembangan panas bumi, dan tiga lapangan eksplorasi panas bumi.",geothermal energy utilization,none,positive,action,2
3369,"PT SURYA CITRA MEDIA TBK - Laporan Keberlanjutan 2021 mencatatkan pendapatan usaha sebesar Rp5.930,26 miliar, dari sebelumnya Rp5.101,11 miliar pada tahun 2020 dan laba usaha mencapai Rp1.752,42 miliar dari sebelumnya Rp1.459,48 miliar.",kinerja ekonomi,s,positive,outcome,1
3370,"PT Surya Citra Media Tbk (SCM) is engaged in media sector which provides meaningful, educational and informative shows, programs, content and services to its viewers.",media content quality,e,positive,action,1
3371,"PT Surya Citra Media Tbk (SCM) memberikan tayangan, program, konten, dan layanan di bidang media, yang bermakna, mengedukasi dan memberi informasi kepada pemirsanya.",meaningful and educational content,s,positive,action,1
3372,"PT Surya Citra Media Tbk (SCM) memberikan tayangan, program, konten, dan layanan di bidang media, yang bermakna, mengedukasi dan memberi informasi kepada pemirsanya.",penyediaan konten media bermakna dan edukatif,s,positive,action,1
3373,"PT Surya Citra Media Tbk (SCM) merupakan perusahaan holding dengan berbagai bidang usaha, yang bergerak di industri jasa penyiaran, konten, dan multimedia.",business operations,e-s-g,neutral,outcome,1
3374,"PT Surya Citra Media Tbk (“SCM”) bertumbuh dan mempertahankan eksistensinya melalui program, konten, tayangan, dan layanan yang berkualitas dan informatif.",content quality,e,positive,action,1
3375,"PT Surya Citra Media Tbk received the ""Best Listed Company in Media and Entertainment"" award from Harian Bisnis Indonesia.",industry award for corporate governance,s,positive,outcome,1
3376,"PT Teletama Artha Mandiri (""TAM""), a subsidiary of PT Erajaya Swasembada Tbk (the ""Company"") was appointed by PT Lenovo Indonesia as distributor of Lenovo mobile phones.",partnerships and collaborations,none,neutral,action,1
3377,PT Teletama Artha Mandiri was appointed as distributor of Lenovo mobile phone.,new distribution partnership,e,neutral,action,1
3378,PT Teletama Artha Mandiri was appointed as distributor of Lenovo mobile phone.,partnerships and collaborations,s,neutral,action,1
3379,"PT Toba Pulp Lestari, Tbk, merupakan perusahaan Perizinan Berusaha Pemanfaatan Hutan (PBPH) dan produsen pulp Eucalyptus terkemuka yang senantiasa berupaya untuk melampaui komitmennya untuk melakukan pengelolaan hutan secara berkelanjutan yang memadukan pembangunan ekonomi dan sosial dengan perlindungan lingkungan hidup, selaras dengan roadmap Keuangan Berkelanjutan Otoritas Jasa Keuangan (OJK) Indonesia, peraturan perundang-undangan yang berlaku, serta Tujuan Pembangunan Berkelanjutan (TPB).",sustainable forest management,s,positive,commitment,2
3380,"PT Ultrajaya Milk Industry & Trading Company Tbk menerapkan strategi keberlanjutan berdasarkan tiga pilar utama, yaitu Ekonomi, Sosial, dan Lingkungan.",esg pillars,none,positive,action,1
3381,"PT Ultrajaya Milk Industry &amp; Trading Company Tbk menerapkan strategi keberlanjutan berdasarkan tiga pilar utama, yaitu Ekonomi, Sosial, dan Lingkungan.",esg strategy,g,positive,action,1
3382,"PT Ultrajaya Milk Industry &amp; Trading Company Tbk menerapkan strategi keberlanjutan berdasarkan tiga pilar utama, yaitu Ekonomi, Sosial, dan Lingkungan.",sustainability strategy,e,positive,action,1
3383,"PT. ERAJAYA SWASEMBADA Tbk PT. TELETAMA ARTHA MANDIRI PT. DATA CITRA MANDIRI PT. DATA MEDIA TELEKOMUNIKASI # 2014 Most Admired Companies 2014 - The Thrid Winner in Trade, Services, and Investment Industry dari Fortune Indonesia.",industry recognition,none,positive,outcome,1
3384,"Pabrik produk bebas asap di Karawang, Jawa Barat merupakan investasi terkini Perseroan dengan nilai investasi lebih dari 186 juta USD.",investment & environmental impact,e-s-g,positive,action,1
3385,"Pabrik produk bebas asap di Karawang, Jawa Barat merupakan investasi terkini Perseroan dengan nilai investasi lebih dari 186 juta USD.",investment in smoke-free products,none,positive,action,1
3386,Packaging and Plastic Waste Management,packaging waste,e-s,neutral,action,1
3387,"Pada 2023, BRMS menetapkan Kebijakan Keberlanjutan 1.0 sebagai langkah penting dalam mengintegrasikan praktik berkelanjutan ke dalam operasi perusahaan.",sustainability policy,none,positive,action,1
3388,Pada Laporan Keberlanjutan 2023 ini ada pernyataan kembali.,data accuracy,g,neutral,action,1
3389,"Pada Maret 2021, kami meluncurkan Sustainability-Linked Bond (SLB) pertama di industri agri-food dunia",sustainable finance,,positive,action,1
3390,"Pada Maret 2021, kami meluncurkan Sustainability-Linked Bond (SLB) pertama di industri agri-food dunia, yang juga merupakan SLB berbasis Dolar AS pertama dari Asia Tenggara",issuance of first sustainability-linked bond,s,positive,action,1
3391,"Pada Maret 2021, kami meluncurkan Sustainability-Linked Bond (SLB) pertama di industri agri-food dunia, yang juga merupakan SLB berbasis Dolar AS pertama dari Asia Tenggara",sustainability-linked bond,none,positive,action,2
3392,"Pada acara ini, Perseroan juga berkesempatan mengajak beberapa customer loyal untuk mengunjungi pabrik pembuatan LiuGong di China serta melihat sejumlah unit baru dengan teknologi mutakhir dan berbasis listrik atau *Electrical Vehicle (EV)*.",clean technology,e-s-g,positive,action,1
3393,"Pada acara ini, Perseroan juga berkesempatan mengajak beberapa customer loyal untuk mengunjungi pabrik pembuatan LiuGong di China serta melihat sejumlah unit baru dengan teknologi mutakhir dan berbasis listrik atau Electrical Vehicle (EV).",sustainable products,e,positive,action,1
3394,"Pada akhir tahun 2017, total kapasitas terpasang Perusahaan sebesar 617 MW.",installed capacity,,neutral,outcome,2
3395,"Pada akhir tahun 2021, kami bekerja sama dengan kurang lebih dari 10.000 peternak rakyat di Indonesia",partnership with smallholder farmers,g,positive,action,1
3396,"Pada akhir tahun 2021, kami bekerja sama dengan kurang lebih dari 10.000 peternak rakyat di Indonesia.",farmer partnerships,e-s-g,positive,action,1
3397,"Pada aspek lingkungan, SCM telah melakukan berbagai upaya internal untuk mendukung tercapainya operasional yang lebih ramah lingkungan, seperti mengurangi konsumsi BBM, pemakaian listrik, dan pengelolaan limbah sesuai prinsip 3R (reuse, reduce, recycle).",environmental initiatives,s,positive,action,1
3398,"Pada aspek lingkungan, SCM telah melakukan berbagai upaya internal untuk mendukung tercapainya operasional yang lebih ramah lingkungan, seperti mengurangi konsumsi BBM, pemakaian listrik, dan pengelolaan limbah sesuai prinsip 3R (reuse, reduce, recycle).",environmental management,e,,,1
3399,"Pada aspek lingkungan, SCM telah melakukan berbagai upaya internal untuk mendukung tercapainya operasional yang lebih ramah lingkungan, seperti mengurangi konsumsi BBM, pemakaian listrik, dan pengelolaan limbah sesuai prinsip 3R (reuse, reduce, recycle).",environmentally friendly operations,none,,,1
3400,"Pada aspek sosial, Perseroan berkontribusi terhadap kesejahteraan masyarakat sekitar melalui program tanggung jawab sosial (CSR).",social welfare programs,e,,,1
3401,"Pada bulan September 2015, 193 negara mengadopsi Agenda 2030 untuk Pembangunan Berkelanjutan dan 17 Tujuan Pembangunan Berkelanjutan (SDGs) sebagai kerangka kerja umum bagi pemerintah, bisnis dan masyarakat sipil untuk menghubungkan tindakan mereka dengan prioritas global dan menilai kemajuannya.",sdgs adoption,e,,,1
3402,"Pada kinerja ekonomi, Perseroan mencatatkan pendapatan usaha sebesar Rp5.930,26 miliar, dari sebelumnya Rp5.101,11 miliar pada tahun 2020 dan laba usaha mencapai Rp1.752,42 miliar dari sebelumnya Rp1.459,48 miliar.",economic performance,e,,,1
3403,"Pada kinerja lingkungan, kami terus berupaya mengendalikan pemakaian energi, baik di kantor pusat, studio, maupun unit pendukung operasional lain.",energy consumption control,none,,,1
3404,"Pada kinerja lingkungan, kami terus berupaya mengendalikan pemakaian energi, baik di kantor pusat, studio, maupun unit pendukung operasional lain.",energy efficiency,none,,,1
3405,"Pada pengelolaan sosial, kami menyadari pentingnya pelaksanaan tanggung jawab sosial dan lingkungan (TJSL).",kesadaran pentingnya tjsl,e,,,1
3406,"Pada pilar Sustainable Banking, kami telah mengelola portofolio berkelanjutan, termasuk produk Sustainability Linked Loan dan Corporate in Transition Financing.",sustainable banking portfolio management,e-s,,,1
3407,"Pada tahun 1983, Perseroan memulai pembangunan Gedung Wisma Dharmala Sakti di Jalan Jenderal Sudirman, Jakarta Pusat sekarang berganti nama menjadi Intiland Tower dengan pendekatan hemat energi, antara lain menggunakan teritis atau kanopi di fasad gedung untuk mengurangi pemanasan di dalam ruangan.",energy efficiency,s,,,1
3408,"Pada tahun 1983, Perseroan memulai pembangunan Gedung Wisma Dharmala Sakti di Jalan Jenderal Sudirman, Jakarta Pusat sekarang berganti nama menjadi Intiland Tower dengan pendekatan hemat energi, antara lain mengunakan teritis atau kanopi di fasad gedung untuk mengurangi pemanasan di dalam ruangan.",energy efficiency,none,,,1
3409,"Pada tahun 1983, Perseroan memulai pembangunan Gedung Wisma Dharmala Sakti di Jalan Jenderal Sudirman, Jakarta Pusat sekarang berganti nama menjadi Intiland Tower dengan pendekatan hemat energi, antara lain mengunakan teritis atau kanopi di fasad gedung untuk mengurangi pemanasan di dalam ruangan.",energy-efficient building design,s,,,1
3410,"Pada tahun 2020, kami melakukan kajian SLCA atas program kemitraan ini untuk mengetahui kinerja sosialnya berdasarkan pendekatan ilmiah.",social performance assessment,s,,,1
3411,"Pada tahun 2020, melindungi dan merestorasi ekosistem terkait sumber daya air, termasuk pegunungan, hutan, lahan basah, sungai, air tanah, dan danau.",protecting and restoring water ecosystems,e-s-g,,,1
3412,"Pada tahun 2020, secara substansial mengurangi proporsi usia muda yang tidak bekerja, tidak menempuh pendidikan atau pelatihan.",reducing youth unemployment,none,,,1
3413,"Pada tahun 2021, kami merayakan lima dekade perjalanan dalam menyediakan protein bergizi yang terjangkau bagi masyarakat melalui praktik bisnis yang berkelanjutan",nutrition access,g,,,1
3414,"Pada tahun 2021, kami merayakan lima dekade perjalanan dalam menyediakan protein bergizi yang terjangkau bagi masyarakat melalui praktik bisnis yang berkelanjutan",sustainability commitment,s,,,1
3415,"Pada tahun 2021, kami merayakan lima dekade perjalanan dalam menyediakan protein bergizi yang terjangkau bagi masyarakat melalui praktik bisnis yang berkelanjutan",sustainable business practices,s,,,4
3416,"Pada tahun 2021, kami merayakan lima dekade perjalanan dalam menyediakan protein bergizi yang terjangkau bagi masyarakat melalui praktik bisnis yang berkelanjutan",sustainable business practices for nutritious protein,,,,1
3417,"Pada tahun 2022 kami kembali memenuhi komitmen dari Sustainability-linked Bond (SLB) yang terbit pada tahun 2021, dengan membangun tiga fasilitas daur ulang sebagai Target Performa Keberlanjutan (Sustainability Performance Target/SPT).",sustainability-linked bond,e-s,,,1
3418,"Pada tahun 2022, kami kembali memenuhi komitmen dari Sustainability-linked Bond (SLB) yang terbit pada tahun 2021, dengan membangun tiga fasilitas daur ulang sebagai Target Performa Keberlanjutan (Sustainability Performance Target/SPT).",sustainable finance,g,,,1
3419,"Pada tahun 2022, kami kembali memenuhi komitmen dari Sustainability-linked Bond (SLB) yang terbit pada tahun 2021, dengan membangun tiga fasilitas daur ulang sebagai Target Performa Keberlanjutan.",sustainable financing,e-s-g,,,1
3420,"Pada tahun 2022, kami mulai menggunakan Japfa The Learning Center (JTLC) sebagai pusat pendidikan dan pelatihan.",japfa the learning center (jtlc),g,,,1
3421,"Pada tahun 2022, seluruh atau 100% karyawan telah mendapatkan tinjauan kinerja dan mengikuti seluruh kegiatan pengembangan karier.",employee development,g,,,1
3422,"Pada tahun 2022, seluruh atau 100% karyawan telah mendapatkan tinjauan kinerja dan mengikuti seluruh kegiatan pengembangan karier.",training and development,e-s-g,,,1
3423,"Pada tahun 2022, terdapat 4.519 karyawan yang terdiri dari 3.838 karyawan tetap dan 681 karyawan kontrak dengan tingkat perputaran karyawan (turnover rate) sebesar 12,99%.",workforce demographics,e,,,1
3424,Pada tahun 2023 Bank Mandiri juga kembali meluncurkan instrumen penghimpunan dana berkelanjutan yaitu Obligasi Hijau Tahap 1 sebesar Rp5 triliun.,green bond issuance,e,,,1
3425,Pada tahun 2023 Bank Mandiri juga kembali meluncurkan instrumen penghimpunan dana berkelanjutan yaitu Obligasi Hijau Tahap 1 sebesar Rp5 triliun.,peluncuran obligasi hijau,s,,,1
3426,"Pada tahun 2023, 85% limbah kami berhasil didaur ulang atau digunakan kembali.",waste recycling rate,e,,,1
3427,"Pada tahun 2023, Bank Mandiri melakukan penerbitan Penawaran Umum Berkelanjutan (PUB) Obligasi Berwawasan Lingkungan Berkelanjutan atau Green Bond dengan target Rp10 triliun.",green bond,e-s-g,,,1
3428,"Pada tahun 2023, Bank Mandiri melakukan penerbitan Penawaran Umum Berkelanjutan (PUB) Obligasi Berwawasan Lingkungan Berkelanjutan atau Green Bond dengan target Rp10 triliun.",green bond issuance,e-s-g,,,1
3429,"Pada tahun 2023, Bank Mandiri melakukan penerbitan Penawaran Umum Berkelanjutan (PUB) Obligasi Berwawasan Lingkungan Berkelanjutan atau Green Bond dengan target Rp10 triliun.",issuance of green bonds,s,,,1
3430,"Pada tahun 2023, Bank Mandiri melakukan penerbitan Penawaran Umum Berkelanjutan (PUB) Obligasi Berwawasan Lingkungan Berkelanjutan atau Green Bond dengan target Rp10 triliun.",penerbitan green bond,none,,,2
3431,"Pada tahun 2023, Perusahaan menjalankan 43 kegiatan CSR yang memberikan nilai rata-rata Social Return on Investment sebesar 1,11.",corporate social responsibility performance,none,,,1
3432,"Pada tahun 2023, Perusahaan menjalankan 43 kegiatan CSR yang memberikan nilai rata-rata Social Return on Investment sebesar 1,11.",csr impact,e-s-g,,,1
3433,"Pada tahun 2023, Perusahaan menjalankan 43 kegiatan CSR yang memberikan nilai rata-rata Social Return on Investment sebesar 1,11.",social investment,none,,,1
3434,"Pada tahun 2023, Perusahaan menjalankan 43 kegiatan CSR yang memberikan nilai rata-rata Social Return on Investment sebesar 1,11.",social return on investment,none,,,1
3435,"Pada tahun 2023, kami berhasil menurunkan jumlah limbah organik sebesar 300 ton dari seluruh properti yang disebabkan oleh adanya sejumlah inisiatif dari proyek-proyek.",waste management,e-s-g,,,2
3436,"Pada tahun 2023, kami berhasil menurunkan jumlah limbah organik sebesar 300 ton dari seluruh properti yang disebabkan oleh adanya sejumlah inisiatif dari proyek-proyek.",waste reduction,none,,,1
3437,"Pada tahun 2023, kami berhasil menurunkan jumlah limbah organik sebesar 300 ton dari seluruh properti yang disebabkan oleh adanya sejumlah inisiatif dari proyek-proyek.",waste reduction initiative,e-s-g,,,1
3438,"Pada tahun 2023, perusahaan telah memproduksi 153.624 ton Dissolving Pulp.",dissolving pulp production,s,,,1
3439,"Pada tahun 2024 Perseroan tidak melakukan aksi korporasi yang berpengaruh pada jumlah saham, harga saham, dan kepentingan pemegang saham.",corporate action,e,,,1
3440,"Pada tahun 2024, Perseroan tidak pernah dikenakan sanksi terkait penghentian sementara perdagangan saham maupun penghapusan pencatatan saham di bursa efek yang diakibatkan pelanggaran ketentuan yang berlaku di bursa.",regulatory compliance,,,,1
3441,"Pada tahun 2024, kami membuktikan bahwa kinerja operasional yang kuat dapat selaras dengan praktik keberlanjutan.",kinerja operasional,e-s-g,,,2
3442,"Pada tahun 2024, kami membuktikan bahwa kinerja operasional yang kuat dapat selaras dengan praktik keberlanjutan.",operational performance aligned with sustainability,s,,,1
3443,"Pada tahun 2024, kami membuktikan bahwa kinerja operasional yang kuat dapat selaras dengan praktik keberlanjutan.",operational performance and sustainability,g,,,2
3444,"Pada tahun 2024, kami membuktikan bahwa kinerja operasional yang kuat dapat selaras dengan praktik keberlanjutan.",operational performance and sustainability alignment,e,,,1
3445,"Pada tahun 2024, kami membuktikan bahwa kinerja operasional yang kuat dapat selaras dengan praktik keberlanjutan.",sustainability integration,,,,1
3446,"Pada tahun 2024, kami membuktikan bahwa kinerja operasional yang kuat dapat selaras dengan praktik keberlanjutan.",sustainability practices,g,,,2
3447,"Pada tahun 2024, kami membuktikan bahwa kinerja operasional yang kuat dapat selaras dengan praktik keberlanjutan.",sustainable business practices,none,,,1
3448,"Pada tahun 2030, melakukan perbaikan efisiensi energi di tingkat global sebanyak dua kali lipat.",improving energy efficiency,e-s-g,,,1
3449,"Pada tahun 2030, memperluas kerjasama dan dukungan internasional dalam hal pembangunan kapasitas bagi negara-negara berkembang, dalam program dan kegiatan terkait air dan sanitasi, termasuk pemanenan air, desalinasi, efisiensi air, pengolahan air limbah, daur ulang dan teknologi daur ulang.",international cooperation on water and sanitation,,,,1
3450,"Pada tahun 2030, mencapai pekerjaan tetap dan produktif dan pekerjaan yang layak bagi semua perempuan dan laki-laki, termasuk bagi pemuda dan penyandang difabilitas, dan upah yang sama untuk pekerjaan yang sama nilainya.",achieving full and productive employment,e-s-g,,,1
3451,"Pada tahun 2030, mengakhiri kematian bayi baru lahir dan balita yang dapat dicegah, dengan seluruh negara berusaha menurunkan Angka Kematian Neonatal setidaknya hingga 12 per 1000 KH (Kelahiran Hidup) dan Angka Kematian Balita 25 per 1000.",reducing child mortality,s,,,1
3452,"Pada tahun 2030, mengurangi setidaknya setengah proporsi laki-laki, perempuan dan anak-anak dari semua usia, yang hidup dalam kemiskinan di semua dimensi, sesuai dengan definisi nasional.",reducing poverty,none,,,1
3453,"Pada tahun 2030, meningkat secara substansial pangsa energi terbarukan dalam bauran energi global.",increasing renewable energy,e,,,1
3454,"Pada tahun 2030, meningkatkan kualitas air dengan mengurangi polusi, menghilangkan pembuangan, dan meminimalkan pelepasan material dan bahan kimia berbahaya, mengurangi setengah proporsi air limbah yang tidak diolah, dan secara signifikan meningkatkan daur ulang, serta penggunaan kembali barang daur ulang yang aman secara global.",improving water quality,s,,,1
3455,"Pada tahun 2030, meningkatkan kualitas air dengan mengurangi polusi, menghilangkan pembuangan, dan meminimalkan pelepasan material dan bahan kimia berbahaya, mengurangi setengah proporsi air limbah yang tidak diolah, dan secara signifikan meningkatkan daur ulang, serta penggunaan kembali barang daur ulang yang aman secara global.",kualitas air,e,,,1
3456,"Pada tahun 2030, menjamin bahwa semua laki-laki dan perempuan, khususnya masyarakat miskin dan rentan, memiliki hak yang sama terhadap sumber daya ekonomi, serta akses terhadap pelayanan dasar, kepemilikan dan kontrol atas tanah dan bentuk kepemilikan lain, warisan, sumber daya alam, teknologi baru, dan jasa keuangan yang tepat, termasuk keuangan mikro.",equal rights to economic resources,none,,,1
3457,"Pada tahun 2030, secara signifikan mengurangi jumlah kematian dan kesakitan akibat bahan kimia berbahaya, serta polusi dan kontaminasi udara, air, dan tanah.",kesehatan lingkungan,e,,,1
3458,"Pada tahun 2030, secara signifikan mengurangi jumlah kematian dan kesakitan akibat bahan kimia berbahaya, serta polusi dan kontaminasi udara, air, dan tanah.",reducing pollution,,,,1
3459,"Pada tahun 2030, secara signifikan meningkatkan efisiensi penggunaan air di semua sektor, dan menjamin penggunaan dan pasokan air tawar yang berkelanjutan untuk mengatasi kelangkaan air, dan secara signifikan mengurangi jumlah orang yang menderita akibat kelangkaan air.",increasing water efficiency,s,,,1
3460,"Pada tahun ini, enam produk inovatif baru telah diperkenalkan, sehingga membuka akses ke lebih banyak lapisan masyarakat.",new sustainable products,,,,1
3461,"Pada waktu bersamaan, kami juga meningkatkan teknik beternak kami untuk menghasilkan ternak yang lebih sehat",animal welfare and product safety,,,,1
3462,"Pak Han berusaha untuk mendorong pertumbuhan profesional dan peningkatan individual dengan mendirikan Japfa The Learning Center (JTLC) baru-baru ini, sebagai tempat khusus bagi karyawan untuk bertemu, berlatih, dan berbagi pengetahuan.",employee development,g,,,2
3463,"Pak Han berusaha untuk mendorong pertumbuhan profesional dan peningkatan individual dengan mendirikan Japfa The Learning Center (JTLC) baru-baru ini, sebagai tempat khusus bagi karyawan untuk bertemu, berlatih, dan berbagi pengetahuan.",employee development programs,none,,,1
3464,"Pak Han berusaha untuk mendorong pertumbuhan profesional dan peningkatan individual dengan mendirikan Japfa The Learning Center (JTLC) baru-baru ini, sebagai tempat khusus bagi karyawan untuk bertemu, berlatih, dan berbagi pengetahuan.",pengembangan profesional karyawan,,,,1
3465,"Pak Han berusaha untuk mendorong pertumbuhan profesional dan peningkatan individual dengan mendirikan Japfa The Learning Center (JTLC) baru-baru ini, sebagai tempat khusus bagi karyawan untuk bertemu, berlatih, dan berbagi pengetahuan.",pengembangan sumber daya manusia,none,,,1
3466,Pak Han memperjuangkan nilai Growing Towards Mutual Prosperity dengan semua pemangku kepentingan.,community engagement,e-s-g,,,2
3467,Pak Han memperjuangkan nilai Growing Towards Mutual Prosperity dengan semua pemangku kepentingan.,nilai growing towards mutual prosperity,e-s-g,,,1
3468,Pak Han memperjuangkan nilai Growing Towards Mutual Prosperity dengan semua pemangku kepentingan.,nilai perusahaan,e-s-g,,,2
3469,"Pandemi Covid-19 yang masih berlangsung masih menjadi tantangan bagi kita semua, khususnya saat gelombang kedua terbesar terjadi pada pertengahan tahun 2021",covid-19 pandemic,g,,,1
3470,"Pandemi Covid-19 yang masih berlangsung masih menjadi tantangan bagi kita semua, khususnya saat gelombang kedua terbesar terjadi pada pertengahan tahun 2021.",dampak pandemi,e,,,1
3471,"Pandemi Covid-19 yang masih berlangsung masih menjadi tantangan bagi kita semua, khususnya saat gelombang kedua terbesar terjadi pada pertengahan tahun 2021.",dampak pandemi covid-19,none,,,1
3472,"Pandemi Covid-19 yang masih berlangsung masih menjadi tantangan bagi kita semua, khususnya saat gelombang kedua terbesar terjadi pada pertengahan tahun 2021.",pandemic challenges,e,,,1
3473,"Paralel dengan pengembangan gerai fisik, Perseroan juga mengembangkan layanan kanal distribusi online melalui platform e-commerce Eraspace, dan membangun strategi omnichannel yang menggabungkan pengalaman berbelanja offline dan online secara seamless.",e-commerce,none,,,1
3474,Participants of Kampus Merdeka Program,education program,e,,,1
3475,Participants of Kampus Merdeka Program.,education and training,none,,,2
3476,Participants of MAP Retail Academy External Training Program.,education and training,e-s-g,,,1
3477,Payment of Community Development Program,community development payment,e-s-g,,,1
3478,"Payment of Community Development Program (USD 340,908 in 2022).",community investment,e-s,,,1
3479,"Payment of Community Development Program (USD) | 223,770 | 207,351 | 64,199",community investment,e-s-g,,,1
3480,Payment of Community Development Program (USD) | 223.770 | 207.351 | 64.199,community development,,,,1
3481,Payment of Community Development Program (USD) | 223.770 | 207.351 | 64.199 |,community development spending,g,,,1
3482,"Payment of Community Development Program increased to USD 340,908 in 2022",social investment,none,,,1
3483,Payments to Government,government payments,g,,,1
3484,Payments to Government (USD) | 83.844 | 476.296 | 338.592,tax contribution,e-s-g,,,1
3485,Payments to Government (USD) | 83.844 | 476.296 | 338.592 |,government payments,,,,1
3486,Pelaksanaan Women Leadership Program dan Program Srikandi Mandiri untuk pengembangan kepemimpinan perempuan.,gender empowerment,g,,,1
3487,Pelaksanaan berbagai inisiatif strategis di atas turut memperkuat prospek keberlangsungan usaha Perseroan dan entitas anaknya sehingga Perseroan dapat terus memberikan manfaat yang berdampak bagi pemangku kepentingan internal maupun eksternal Perseroan.,strategic initiatives and stakeholder impact,e,,,1
3488,Pelaksanaan penghormatan HAM sesuai dengan UNGPs.,human rights,e-s,,,2
3489,Pelaksanaan program Pengembangan dan Pemberdayaan Masyarakat (PPM) sesuai dengan kebutuhan masyarakat lokal dan dengan orientasi dampak yang dihasilkan.,community development and empowerment (cde) programs,s-g,,,1
3490,"Pelaksanaan program TJSL di Perusahaan dilakukan melalui konsep triple bottom line (people, profit, dan planet) yang diintegrasikan dengan 7 (tujuh) subjek inti ISO 26000.",sustainability framework,g,,,1
3491,"Pelaksanaan program TJSL di Perusahaan dilakukan melalui konsep triple bottom line (people, profit, dan planet) yang diintegrasikan dengan 7 (tujuh) subjek inti ISO 26000.",triple bottom line,s,,,2
3492,Pelatihan & Pengembangan Karyawan,employee training & development,s,,,1
3493,Pelatihan dilakukan di >100 kota,community development,e,,,1
3494,Pelatihan keuangan dan wirausaha untuk Pekerja Migran Indonesia (PMI).,financial training for migrant workers,none,,,1
3495,Pelatihan pembuatan pupuk organik kepada Petani.,sustainable agriculture,e-s-g,,,1
3496,Pelatihan pembuatan pupuk organik kepada Petani.,sustainable agriculture support,s,,,1
3497,Peluncuran Rokok Elektronik Merek JUUL di Indonesia.,product health impact,none,,,2
3498,Pemakaian energi turun sekitar 2% dari tahun lalu,energy efficiency,e,,,1
3499,Pemakaian energi turun sekitar 2% dari tahun lalu yang berasal dari pengurangan konsumsi BBM untuk kendaraan dan pemakaian listrik.,energy efficiency,none,,,4
3500,Pemakaian energi turun sekitar 2% dari tahun lalu yang berasal dari pengurangan konsumsi BBM untuk kendaraan dan pemakaian listrik.,pengelolaan energi,e-s,,,1
3501,Pemanfaatan 727 unit panel surya di tiga gedung dan 136 unit kendaraan listrik operasional.,renewable energy adoption,e,,,1
3502,Pemanfaatan energy terbarukan melalui sistem solar panel sebagai sumber tenaga penerangan jalan tambang.,pemanfaatan energy terbarukan,g,,,1
3503,Pemanfaatan peluang-peluang baru yang ada di Indonesia maupun negara-negara sekitar untuk selalu bisa meningkatkan nilai dan manfaat pada pemegang saham.,business expansion and value creation,s,,,1
3504,Pemanfaatan sistem solar panel sebagai sumber tenaga penerangan jalan tambang.,renewable energy adoption,none,,,1
3505,"Pemangku Kepentingan yang Terhormat, Dear Stakeholders, Selamat datang di Laporan Keberlanjutan PT Japfa Comfeed Indonesia Tbk tahun 2023.",sustainability report,none,,,1
3506,Pemasok Lokal 471 (SCTV dan IVM),local supplier engagement,none,,,1
3507,Pembangunan Jembatan oleh CSR SCM,community development,g,,,4
3508,Pembangunan Jembatan oleh CSR SCM,infrastructure development,e-s-g,,,1
3509,Pembangunan Jembatan oleh CSR SCM di Baru/Wake Village,community infrastructure development,g,,,1
3510,Pembangunan pusat pembiakan induk udang secara lokal akan meningkatkan efisiensi dan logistik.,sustainable aquaculture,e-s,,,1
3511,Pembangunan tambahan tiga fasilitas daur ulang air,water stewardship,e,,,1
3512,Pembangunan tambahan tiga fasilitas daur ulang air di unit-unit operasional perunggasan menandai dedikasi kami untuk memiliki sistem produksi yang efisien sekaligus mendukung upaya pemerintah mendorong keuangan berkelanjutan.,water stewardship,e-s-g,,,1
3513,Pembangunan tambahan tiga fasilitas daur ulang air di unit-unit operasional perunggasan menandai dedikasi kami untuk memiliki sistem produksi yang efisien.,water resource management,e-s,,,1
3514,Pembangunan tambahan tiga fasilitas daur ulang air di unit-unit operasional perunggasan menandai dedikasi kami untuk memiliki sistem produksi yang efisien.,water stewardship,e,,,1
3515,Pembatasan pergerakan dan fluktuasi harga adalah beberapa dari sekian hal yang menguji konsistensi kami dalam menyediakan protein hewani bergizi yang terjangkau untuk masyarakat.,supply chain challenges,none,,,1
3516,"Pembelian Pada Pemasok Lokal Purchase on Local Supplier | 2020 USD 855,297 | 2019 USD 408,355",local economic impact,g,,,1
3517,Pembelian Pada Pemasok Lokal Purchase on Local Supplier | 2020 USD 855.297,local community development,e,,,1
3518,"Pembelian Pada Pemasok Lokal Purchase on Local Supplier | 2020 USD 855.297 | 2019 USD 408,355",local procurement,e-s-g,,,1
3519,"Pembelian Pada Pemasok Lokal Purchase on Local Supplier | 2020 USD 855.297 | 2019 USD 408,355",local supplier,e-s,,,1
3520,"Pembelian Pada Pemasok Lokal Purchase on Local Supplier | 2020 USD 855.297 | 2019 USD 408,355",local supplier spending,e,,,1
3521,Pembelian Pada Pemasok Lokal Purchasing From Local Suppliers (USD),local suppliers,,,,1
3522,Pembentukan Komite Keberlanjutan untuk mengelola risiko LST,sustainability governance,e,,,2
3523,"Pembiayaan Berkelanjutan dari Total Pinjaman mencapai Rp293 triliun dengan pertumbuhan portofolio hijau 15,2% YoY dan sosial 6,5% YoY.",sustainable financing growth,s,,,1
3524,"Pemenuhan TJSL juga menjadi bentuk dukungan Perusahaan pada pencapaian Tujuan Pembangunan Berkelanjutan, yang mencakup tanggung jawab di bidang kemanusiaan, sosial, pendidikan, lingkungan, komunitas, ketenagakerjaan, kesehatan dan keselamatan kerja, konsumen, serta pemirsa.",dukungan pada tujuan pembangunan berkelanjutan,g,,,1
3525,"Pemenuhan TJSL juga menjadi bentuk dukungan Perusahaan pada pencapaian Tujuan Pembangunan Berkelanjutan, yang mencakup tanggung jawab di bidang kemanusiaan, sosial, pendidikan, lingkungan, komunitas, ketenagakerjaan, kesehatan dan keselamatan kerja, konsumen, serta pemirsa.",support for sustainable development goals,s-g,,,2
3526,"Pemenuhan TJSL juga menjadi bentuk dukungan Perusahaan pada pencapaian Tujuan Pembangunan Berkelanjutan, yang mencakup tanggung jawab di bidang kemanusiaan, sosial, pendidikan, lingkungan, komunitas, ketenagakerjaan, kesehatan dan keselamatan kerja, konsumen, serta pemirsa.",sustainable development goals,g,,,1
3527,Pemenuhan TJSL juga menjadi bentuk dukungan Perusahaan pada pencapaian Tujuan Pembangunan Berkelanjutan.,sdg alignment,e,,,1
3528,Pemenuhan TJSL juga menjadi bentuk dukungan Perusahaan pada pencapaian Tujuan Pembangunan Berkelanjutan.,sustainable development goals,e-s,,,1
3529,"Pendapatan Revenue Rp (miliar)/Rp (billion) 6.513,20 7.132,53 5.930,26",revenue,e-s,,,1
3530,"Pendapatan penjualan neto Perseroan mengalami penurunan sebesar 5,18% dari Rp34,74 triliun pada tahun 2018 menjadi Rp32,94 triliun pada tahun 2019.",net sales revenue,s,,,3
3531,"Pendapatan penjualan neto Perseroan mengalami penurunan sebesar 5,18% dari Rp34,74 triliun pada tahun 2018 menjadi Rp32,94 triliun pada tahun 2019.",revenue,e-s-g,,,3
3532,"Pendapatan penjualan neto Perseroan mengalami penurunan sebesar 5,18% dari Rp34,74 triliun pada tahun 2018 menjadi Rp32,94 triliun pada tahun 2019.",revenue decline,g,,,2
3533,"Pendapatan tahun ini tercatat sebesar Rp6,51 triliun, atau menurun dibandingkan pencapaian tahun 2022 sebesar Rp7,13 triliun",economic performance,none,,,1
3534,"Pendapatan tahun ini tercatat sebesar Rp6,51 triliun, atau menurun dibandingkan pencapaian tahun 2022 sebesar Rp7,13 triliun",revenue performance,s,,,1
3535,"Pendapatan usaha konsolidasi tahun 2023 sebesar Rp3,91 triliun.",pendapatan usaha,s,,,1
3536,"Pendapatan usaha meningkat menjadi Rp5.930,26 miliar",economic performance,none,,,1
3537,Pendekatan holistik ini tidak hanya mendorong pertumbuhan ekonomi yang inklusif tetapi juga memperkuat ketahanan nasional dalam menghadapi tantangan global seperti perubahan iklim dan transisi menuju ekonomi rendah karbon.,climate resilience,e,,,1
3538,Pendekatan holistik ini tidak hanya mendorong pertumbuhan ekonomi yang inklusif tetapi juga memperkuat ketahanan nasional dalam menghadapi tantangan global seperti perubahan iklim dan transisi menuju ekonomi rendah karbon.,holistic approach,none,,,1
3539,Pendekatan holistik ini tidak hanya mendorong pertumbuhan ekonomi yang inklusif tetapi juga memperkuat ketahanan nasional dalam menghadapi tantangan global seperti perubahan iklim dan transisi menuju ekonomi rendah karbon.,holistic sustainability approach,g,,,1
3540,Pendekatan keberlanjutan terkait aspek lingkungan dilakukan dengan meningkatkan kontribusinya pada penurunan emisi gas rumah kaca (Green House Gas/GHG).,emisi gas rumah kaca,s,,,1
3541,Pendekatan keberlanjutan terkait aspek lingkungan dilakukan dengan meningkatkan kontribusinya pada penurunan emisi gas rumah kaca (Green House Gas/GHG).,ghg emissions reduction,e-s-g,,,2
3542,Pendekatan keberlanjutan terkait aspek lingkungan dilakukan dengan meningkatkan kontribusinya pada penurunan emisi gas rumah kaca (Green House Gas/GHG).,greenhouse gas emissions reduction,e,,,2
3543,Pendekatan keberlanjutan terkait aspek lingkungan dilakukan dengan meningkatkan kontribusinya pada penurunan emisi gas rumah kaca (Green House Gas/GHG). Sejumlah inisiatif yang diterapkan oleh Perseroan termasuk membangun studio yang ramah lingkungan dan menyiapkan tempat tinggal bagi kru dalam rangka menekan penggunaan transportasi yang dapat meningkatkan polusi.,emissions reduction,g,,,1
3544,Pendiri dan Direktur Utama Intiland Bapak Hendro S. Gondokusumo menerima penghargaan sebagai Tokoh Perumahan Nasional Terfavorit dari Himpunan Pengembang Permukiman dan Perumahan Rakyat (HIMPERRA).,industry recognition,e-s-g,,,1
3545,Pendiri dan Direktur Utama Intiland Bapak Hendro S. Gondokusumo menerima penghargaan sebagai Tokoh Perumahan Nasional Terfavorit.,industry recognition,g,,,1
3546,Pendirian Rumah Baca untuk mendukung peningkatan budaya literasi siswa,education infrastructure,none,,,1
3547,Penerapan Biosecurity yg sesuai mampu mengurangi potensi dari berbagai ancaman penyakit.,biosecurity measures,s-g,,,2
3548,"Penerapan Kebijakan Pelindungan Data Pribadi (PDP) dan Kebijakan Privasi sesuai dengan ketentuan internal yang tertuang dalam Memorandum Prosedur tentang Pelindungan Data Pribadi, mencakup seluruh operasi, termasuk kantor cabang luar negeri, perusahaan anak, nasabah, dan vendor.",data privacy policy,s,,,1
3549,"Penerapan Kebijakan Pelindungan Data Pribadi (PDP) dan Kebijakan Privasi sesuai dengan ketentuan internal yang tertuang dalam Memorandum Prosedur tentang Pelindungan Data Pribadi, mencakup seluruh operasi, termasuk kantor cabang luar negeri, perusahaan anak, nasabah, dan vendor.",data protection policy,,,,1
3550,"Penerapan Kebijakan Pelindungan Data Pribadi (PDP) dan Kebijakan Privasi sesuai dengan ketentuan internal yang tertuang dalam Memorandum Prosedur tentang Pelindungan Data Pribadi, mencakup seluruh operasi, termasuk kantor cabang luar negeri, perusahaan anak, nasabah, dan vendor.",privacy policy,s,,,1
3551,"Penerapan Kebijakan Pelindungan Data Pribadi (PDP) dan Kebijakan Privasi sesuai dengan ketentuan internal yang tertuang dalam Memorandum Prosedur tentang Pelindungan Data Pribadi, mencakup seluruh operasi, termasuk kantor cabang luar negeri, perusahaan anak, nasabah, dan vendor.",privasi data,s,,,1
3552,Penerapan Kebijakan Pelindungan Data Pribadi sesuai standar UU PDP.,data privacy governance,none,,,1
3553,Penerapan Respectful Workplace Policy yang diawasi Dewan Komisaris.,workplace ethics,e,,,1
3554,Penerapan atas Pedoman Tata Kelola Perusahaan,corporate governance,,,,1
3555,"Penerapan keuangan berkelanjutan berdampak positif pada keberlangsungan usaha Perusahaan yang mengedepankan aspek lingkungan, sosial dan tata kelola.",sustainable finance,e-s-g,,,1
3556,"Penerapan keuangan berkelanjutan berdampak positif pada keberlangsungan usaha Perusahaan yang mengedepankan aspek lingkungan, sosial dan tata kelola.",sustainable finance - business continuity,e-s-g,,,1
3557,Penerapan keuangan berkelanjutan juga akan meminimalkan risiko perubahan iklim yang berasal dari aktivitas operasional Perusahaan.,climate change,,,,1
3558,Penerapan keuangan berkelanjutan juga akan meminimalkan risiko perubahan iklim yang berasal dari aktivitas operasional Perusahaan.,climate risk mitigation,none,,,2
3559,Penerapan prinsip keberlanjutan merupakan salah satu wujud komitmen kami dalam pengelolaan emisi menuju ekonomi rendah karbon.,commitment to emissions management for a low-carbon economy,e-s,,,1
3560,Penerapan prinsip keberlanjutan merupakan salah satu wujud komitmen kami dalam pengelolaan emisi menuju ekonomi rendah karbon.,commitment to low-carbon economy,s,,,1
3561,Penerapan sistem manajemen K3 dan lingkungan melalui sertifikasi OHSAS 18001 dan ISO 14001.,occupational health & safety,none,,,1
3562,"Penetrasi Digital Terrestrial Television (DTT) kami mencapai lebih dari 90% di seluruh Indonesia, dan average time viewing pada tahun 2023 mengalami peningkatan dibandingkan tahun 2022.",dtt penetration and viewership increase,none,,,1
3563,Pengaduan terkait Masalah Lingkungan Nihil,environmental complaints,,,,1
3564,Pengaduan terkait Masalah Lingkungan Nihil,environmental grievances,e-s,,,2
3565,"Pengelolaan 1.473,7 kg sampah botol plastik melalui Reverse Vending Machine.",waste management,none,,,1
3566,Pengelolaan 78.811 botol plastik melalui Reverse Vending Machine.,waste management,s,,,1
3567,Pengelolaan Dampak Lingkungan,environmental impact management,s,,,1
3568,Pengelolaan Limbah,waste management,s,,,1
3569,Pengelolaan Lingkungan,environmental management,e,,,1
3570,Pengelolaan Sumber Daya Air,water stewardship,e,,,1
3571,Pengelolaan Tailing Kering dengan teknologi Filter Press menghasilkan tailing kering (80% padat).,waste management,s,,,1
3572,Pengelolaan dampak lingkungan di Perseroan menjadi tanggung jawab Fungsi HSSE,environmental management,s,,,1
3573,Pengelolaan dan pemantauan kinerja ekonomi merupakan tanggung jawab Direktur Keuangan.,economic performance management,s,,,3
3574,Pengelolaan energi menjadi tanggung jawab Unit Pemeliharaan Gedung (Building Management) dan dievaluasi melalui mekanisme penilaian pelaporan berkala oleh Direksi.,energy management,s,,,1
3575,"Pengelolaan energi panas bumi yang dilakukan Perusahaan tersebut merupakan bentuk kontribusi dalam mewujudkan ketahanan energi nasional yang sejalan dengan Undang-undang Nomor 30 Tahun 2007 tentang Energi yang menegaskan bahwa energi dikelola berdasarkan asas kemanfaatan, rasionalitas, efisiensi, berkeadilan, peningkatan nilai tambah, keberlanjutan, kesejahteraan masyarakat, pelestarian fungsi lingkungan hidup, ketahanan nasional, dan keterpaduan dengan mengutamakan kemampuan nasional.",energy management,s,,,1
3576,"Pengelolaan energi panas bumi yang dilakukan Perusahaan tersebut merupakan bentuk kontribusi dalam mewujudkan ketahanan energi nasional yang sejalan dengan Undang-undang Nomor 30 Tahun 2007 tentang Energi yang menegaskan bahwa energi dikelola berdasarkan asas kemanfaatan, rasionalitas, efisiensi, berkeadilan, peningkatan nilai tambah, keberlanjutan, kesejahteraan masyarakat, pelestarian fungsi lingkungan hidup, ketahanan nasional, dan keterpaduan dengan mengutamakan kemampuan nasional.",national energy resilience,g,,,1
3577,"Pengelolaan finansial Perseroan menjadi tanggung jawab Fungsi Keuangan, dan dilakukan dengan menerapkan manajemen risiko",financial risk management,s,,,1
3578,Pengelolaan limbah padat non-B3 sesuai prinsip 3R,waste management,,,,2
3579,Pengelolaan lingkungan hidup yang baik,environmental management,e-s-g,,,1
3580,"Pengelolaan sampah botol plastik melalui Reverse Vending Machine (RVM) sebanyak 1.473,7 kg atau 78.811 botol plastik.",pengelolaan sampah,none,,,1
3581,"Pengelolaan sampah di Desa Pencer, Banyuwangi periode Maret - Desember 2022",waste management,s,,,1
3582,"Pengelolaan sampah di Desa Pencer, Banyuwangi periode Maret - Desember 2022",waste management in communities,e,,,1
3583,"Pengelolaan sampah di Desa Pencer, Banyuwangi periode Maret - Desember 2022 (Waste management at Desa Pencer, Banyuwangi as of March - December 2022)",waste management,e,,,1
3584,Pengelolaan tailing kering melalui teknologi Filter Press (dry tailing) untuk penanganan limbah dari pabrik pengolahan emas.,pengelolaan tailing kering,s,,,1
3585,Pengelolaan terhadap air limbah domestik.,pengelolaan air limbah,e-s-g,,,1
3586,Pengelolaan terhadap air limbah domestik.,wastewater management,s,,,1
3587,Pengembangan Potensi Masyarakat Berkelanjutan,community development,e,,,1
3588,"Pengembangan dan pemberdayaan masyarakat melalui program ""BRMS go to school"", SDN 04 Desa Lumut, Aceh Tengah.",pengembangan masyarakat,g,,,1
3589,Pengembangan kebijakan kredit yang mengintegrasikan prinsip-prinsip LST dan penilaian risiko LST.,esg risk integration,e,,,1
3590,Penggunaan Air,water usage,none,,,1
3591,"Penggunaan Air (Purchased Water) 2022 328.129 m³, 2021 190.206 m³, 2020 352.299 m³, 2019 410.316 m³ (baseline)",water usage,s,,,1
3592,Penggunaan Air (Water Usage) [OJK F.8] Pengurangan Pengunaan Kertas (Reduce Used of Paper),water conservation,s,,,1
3593,Penggunaan Air Water Usage (m³),water usage,,,,1
3594,"Penggunaan Air Water Usage | 2020 12,356 m³ | 2019 3,300 m³",water resource management,e-s,,,1
3595,Penggunaan Air Water Usage | 2020 12.356 m³,water usage,e-s-g,,,1
3596,Penggunaan Air Water Usage | 2020 12.356 m³ | 2019 3.300 m³,water usage,none,,,3
3597,"Penggunaan Energi (dalam GJI) 68.896,53",energy consumption,e-s-g,,,1
3598,"Penggunaan Energi (dalam GJI) 68.896,53.",energy consumption 2022,e-s,,,1
3599,Penggunaan Energi dan Sumber Daya yang Efisien,resource efficiency,none,,,1
3600,Penggunaan Livin' Planet untuk edukasi jejak karbon nasabah.,environmental awareness,g,,,1
3601,Penggunaan air daur ulang dalam sistem hidroponik untuk optimalisasi sumber daya air.,water stewardship,none,,,1
3602,"Penggunaan energi (GJ) # 70.435,89",energy consumption,,,,1
3603,Penggunaan energi di lingkungan Perseroan berasal dari bahan bakar minyak (BBM) dan listrik.,energy sources,e,,,1
3604,Penggunaan energi turun sekitar 2% dari tahun lalu,energy efficiency,g,,,1
3605,Penghargaan ini merupakan bukti atas pencapaian dan komitmen seluruh insan Perseroan untuk selalu memberikan yang terbaik kepada pelanggan.,service quality commitment,s,,,1
3606,"Penghargaan tersebut antara lain, Penghargaan Safety Culture level 4 (proactive) dari World Safety Organization (WSO) Indonesia Tahun 2020 untuk PGE Area Karaha dan Zero Accident Award dari Menteri Tenaga Kerja tahun 2020 untuk PGE Area Lahendong.",penghargaan safety culture,s,,,1
3607,"Penghematan energi melalui efisiensi bahan bakar dan listrik untuk operasional, dan mengganti dengan energi terbarukan seperti Biodiesel.",energy conservation,none,,,1
3608,"Penghematan energi melalui efisiensi bahan bakar dan listrik untuk operasional, dan mengganti dengan energi terbarukan seperti Biodiesel.",energy efficiency and renewable energy,none,,,1
3609,Penguatan 17 kebijakan kredit sektoral yang mengintegrasikan aspek LST ke dalam pedoman teknis Industry Acceptance Criteria.,esg integration in credit policies,none,,,1
3610,Penguatan 17 kebijakan kredit sektoral yang mengintegrasikan aspek LST.,esg risk integration,e,,,1
3611,"Penguatan 17 kebijakan kredit sektoral yang mengintegrasikan aspek lingkungan, sosial, dan tata kelola (LST) ke dalam pedoman teknis Industry Acceptance Criteria (IAC).",policy integration,none,,,1
3612,"Penguatan 17 kebijakan kredit sektoral yang mengintegrasikan aspek lingkungan, sosial, dan tata kelola (LST) ke dalam pedoman teknis Industry Acceptance Criteria (IAC).",sustainable credit policies,s,,,2
3613,Penguatan kapasitas skill dan knowledge terkait keberlanjutan dan perubahan iklim kepada badan tata kelola dan karyawan Perusahaan.,sustainability and climate change training,s,,,1
3614,Penguatan kapasitas skill dan knowledge terkait keberlanjutan dan perubahan iklim kepada badan tata kelola dan karyawan Perusahaan.,sustainability capacity building,e-s-g,,,1
3615,Pengukuran dampak terhadap Program TJSL yang dilakukan dengan menggunakan metode Social Return on Investment (SROI),impact measurement,e,,,1
3616,Pengukuran dampak terhadap Program TJSL yang dilakukan dengan menggunakan metode Social Return on Investment (SROI) berdasarkan KPI TJSL dari kementerian BUMN dan Aspirasi Pemegang Saham Penyusunan RKAP,pengukuran dampak tjsl,e-s,,,1
3617,Pengukuran intensitas emisi dengan menggunakan parameter intensitas emisi melalui perbandingan antara total beban emisi dengan total produksi perusahaan.,emissions management,e,,,1
3618,Pengukuran intensitas energi yang dilakukan dalam rangka mengetahui tingkat konsumsi energi yang digunakan untuk setiap proses produksi yang dilakukan oleh Perusahaan.,energy efficiency,e,,,1
3619,Pengukuran pemakaian air dengan menggunakan denominator jumlah produksi uap panas bumi setara listrik.,water stewardship,g,,,1
3620,Pengungkapan Disclosure | Air Bersih dan Sanitasi Layak Menjamin Ketersediaan serta Pengelolaan Air Bersih dan Sanitasi yang Berkelanjutan untuk,water and sanitation,none,,,1
3621,"Pengungkapan Disclosure | Energi Bersih dan Terjangkau Mergamin Akses Energi yang Terjangkau, Andal, Berkelanjutan dan Modern untuk Semua",renewable energy,e,,,1
3622,Pengungkapan Disclosure | Kesetaraan gender Mencapai kesetaraan gender dan memberdayakan perempuan.,gender equality,s,,,1
3623,"Pengungkapan Disclosure | Pekerjaan layak dan pertumbuhan ekonomi Mempromosikan pertumbuhan ekonomi berkelanjutan dan inklusif, lapangan pekerjaan yang layak untuk semua.",decent work and economic growth,s,,,1
3624,Pengungkapan Disclosure | Tanpa Kemiskinan Mengantas segala bentuk kemiskinan di seluruh tempat.,poverty eradication,g,,,1
3625,Pengungkapan emisi GRK dari aktivitas pembiayaan dan investasi yang didukung oleh komitmen keanggotaan dalam Partnership for Carbon Accounting Financials (PCAF).,carbon accounting,g,,,2
3626,Pengungkapan emisi GRK dari aktivitas pembiayaan dan investasi yang didukung oleh komitmen keanggotaan dalam Partnership for Carbon Accounting Financials (PCAF).,carbon emissions disclosure,none,,,1
3627,Pengurangan 300 Ton Limbah pada tahun 2023.,pengurangan limbah,e-s-g,,,1
3628,Pengurangan 33% emisi cakupan 1 dan 2 dari baseline tahun 2019.,emissions reduction,e,,,1
3629,"Pengurangan Emisi (Ton CO₁eq) 15,55",emission reduction,e,,,1
3630,"Pengurangan Emisi (Ton CO₁eq) 15,55.",emission reduction 2022,e,,,1
3631,"Pengurangan Emisi 15,55 Ton CO₁eq",emissions reduction,g,,,1
3632,Pengurangan Emisi dari Tahun Baseline 2019 (TonCO₃eq),emissions reduction,s,,,1
3633,"Pengurangan Emisi dari Tahun Baseline 2019 (TonCO₃eq) 59.076 2022, 47.328 2021, 46.262 2020",greenhouse gas emissions,s,,,1
3634,Pengurangan Limbah,waste management,e-s,,,1
3635,Pengurangan Limbah (Waste Reduction) [OJK B.2.c] 3R Reduce Reuse Recycle,waste management,e-s-g,,,1
3636,Pengurangan Pengunaan Kertas,paper usage reduction,g,,,1
3637,"Pengurangan emisi (Ton CO₂eq) # 108,98",greenhouse gas emissions,e-s-g,,,1
3638,"Pengurangan emisi (Ton CO₂eq) 108,98",emission reduction,e-s-g,,,1
3639,"Pengurangan emisi 108,98 Ton CO₂eq",emission reduction,g,,,1
3640,"Pengurangan emisi 108,98 Ton CO₂eq",emissions reduction,s,,,1
3641,Pengurangan emisi karbon,carbon emission reduction,s,,,1
3642,Pengurangan limbah air (m³) # 590,wastewater reduction,e-s-g,,,1
3643,Pengurangan limbah air 590 m³,wastewater management,none,,,1
3644,"Penilaian risiko kredit kami lakukan dengan menggunakan four-eyes principles yang melibatkan Business Unit, Credit Risk Management Unit, bersama Legal and Compliance Group.",credit risk assessment using four-eyes principles,,,,1
3645,Peningkatan kontribusi terhadap pemberdayaan masyarakat,community development,none,,,1
3646,"Peningkatan volume produksi dan penjualan batu bara meningkat 28,9% dan 41,2% dari tahun 2022;",production volume,s,,,1
3647,Penjualan Bersih (dalam jutaan) pada tahun 2020 adalah Rp 36.964.948.,penjualan bersih,e-s-g,,,1
3648,"Penjualan bersih tahun 2021 meningkat 21,4% menjadi Rp44,9 triliun, dan laba tahun berjalan mencapai Rp2,1 triliun, meningkat 74,4% dibandingkan tahun sebelumnya.",financial performance growth,s,,,1
3649,"Penjualan neto tahun 2021 meningkat 21,4% menjadi Rp44,9 triliun",economic performance,e-s-g,,,1
3650,"Penjualan neto tahun 2021 meningkat sebesar 21,4% menjadi Rp44,9 triliun",economic performance,s,,,1
3651,"Penjualan neto tahun 2022 naik 13,81% dibandingkan tahun sebelumnya menjadi sebesar Rp49,47 triliun.",penjualan,g,,,2
3652,"Penjualan neto tahun 2022 naik 13,81% dibandingkan tahun sebelumnya menjadi sebesar Rp49,47 triliun.",penjualan neto,e,,,1
3653,Penunjukan Pejabat Pelindung Data Pribadi (PPDP) atau Data Protection Officer (DPO) serta pembentukan unit Data Protection & Fraud Risk Group dalam mendukung implementasi UU PDP di Bank Mandiri.,data privacy,e-s-g,,,1
3654,Penunjukan Pejabat Pelindung Data Pribadi (PPDP) atau Data Protection Officer (DPO) serta pembentukan unit Data Protection & Fraud Risk Group dalam mendukung implementasi UU PDP di Bank Mandiri.,data protection,s,,,1
3655,Penunjukan Pejabat Pelindung Data Pribadi (PPDP) atau Data Protection Officer (DPO) serta pembentukan unit Data Protection & Fraud Risk Group dalam mendukung implementasi UU PDP di Bank Mandiri.,data protection governance,e,,,1
3656,Penurunan emisi mencapai 295.713 ton CO₂e (18% dari baseline 2019).,emissions reduction,e-s-g,,,1
3657,Penurunan emisi pada tahun 2023 mencapai 295.713 ton CO₂e atau menurun 18% dari baseline pada tahun 2019.,emission reduction,e-s-g,,,1
3658,Penurunan emisi pada tahun 2023 mencapai 295.713 ton CO₂e atau menurun 18% dari baseline pada tahun 2019.,emissions reduction,none,,,2
3659,Penurunan emisi pada tahun 2023 mencapai 295.713 ton CO₂e atau menurun 18% dari baseline pada tahun 2019.,penurunan emisi,e,,,1
3660,"Penyaluran KUR sebesar Rp62,3 triliun kepada 2,88 juta peminjam.",financial inclusion,s,,,1
3661,Penyediaan infrastruktur dan operasional Data Center serta Disaster Recovery Center.,it infrastructure,e,,,1
3662,Penyediaan pengembangan aplikasi dan operasi TI terkait dengan Kopra by Mandiri.,it development,e-s-g,,,1
3663,Penyediaan pengembangan aplikasi dan operasi TI terkait dengan Livin' by Mandiri.,it development,e-s-g,,,1
3664,"Penyusunan laporan berdasarkan standar tersebut telah diverifikasi oleh pihak internal, tanpa proses penjaminan oleh pihak eksternal yang independen.",internal verification of sustainability report,s,,,1
3665,"Per 31 December 2023, total green loan (Eco-friendly Business Activities/KUBL) reached Rp67.8 trillion or 9.8% of the total credit.",green finance,e-s-g,,,3
3666,Peran Perusahaan dalam Pencapaian Tujuan Pembangunan Berkelanjutan,sustainable development,g,,,1
3667,Percentage of Non Plastic Shopping Bags in 2021.,plastic reduction,g,,,1
3668,Percentage of Non Plastic Shopping Bags in 2021.,sustainable packaging,e,,,1
3669,Percentage of Non Plastic Shopping Bags in 2021: 98.9%,single-use plastic reduction,e-s-g,,,1
3670,Perekrutan karyawan baru dan pergantian karyawan New employee hires and employee turnover,employee recruitment and turnover,none,,,1
3671,Perhatian kami pada aspek keberlanjutan senantiasa kami perkuat dengan dibentuknya Komite Keberlanjutan yang memegang peran penting dalam mengelola risiko LST di masa depan.,sustainability committee,e-s-g,,,1
3672,"Perhitungan emisi cakupan 3 (financed emissions) sebesar 18,1 juta tCO₂e berdasarkan standar PCAF.",carbon accounting,e-s-g,,,1
3673,Perjalanan kami menuju keberlanjutan bukanlah tanpa tantangan.,sustainability challenges,e,,,1
3674,"Perjalanan keberlanjutan Perseroan di tahun 2023 terus berlanjut dengan beragam upaya dan inisiatif untuk memberikan kontribusi positif terhadap aspek ekonomi, sosial dan lingkungan dengan tetap menerapkan prinsip-prinsip governansi korporat yang baik.",sustainability journey,none,,,1
3675,"Perkembangan nilai keberlanjutan akan berpengaruh pada pemangku kepentingan, sehingga penting bagi kami untuk menunjukkan kinerja yang terbaik melalui strategi dan berbagai inovasi.",community engagement,e-s,,,1
3676,"Perkembangan nilai keberlanjutan akan berpengaruh pada pemangku kepentingan, sehingga penting bagi kami untuk menunjukkan kinerja yang terbaik melalui strategi dan berbagai inovasi.",stakeholder impact,g,,,1
3677,Perlindungan terhadap ekosistem dan keanekaragaman hayati.,biodiversity conservation,,,,1
3678,"Pernyataan prospektif dalam Laporan Keberlanjutan ini dibuat berdasarkan berbagai asumsi mengenai kondisi terkini dan kondisi mendatang dari Perseroan, serta lingkungan bisnis, tempat Perseroan menjalankan kegiatan usaha.",pernyataan prospektif,none,,,1
3679,"Pernyataan-pernyataan tersebut memiliki prospek risiko, ketidakpastian, serta dapat mengakibatkan perkembangan aktual secara material berbeda dari yang dilaporkan.",risk and uncertainty,none,neutral,none,1
3680,"Pernyataan-pernyataan tersebut memiliki prospek risiko, ketidakpastian, serta dapat mengakibatkan perkembangan aktual secara material berbeda dari yang dilaporkan.",risk management,s,neutral,none,1
3681,"Persentase Karyawan Wanita Dibandingkan Total Karyawan 32,20%",gender diversity,s,positive,outcome,3
3682,Perseroan aktif mencari strategi diversifikasi serta menjajaki lini produk dan pasar baru untuk mengurangi ketergantungan pada segmen/lini produk yang telah ada.,diversification,e,positive,action,1
3683,Perseroan aktif mencari strategi diversifikasi serta menjajaki lini produk dan pasar baru untuk mengurangi ketergantungan pada segmen/lini produk yang telah ada.,diversification for resilience,none,positive,action,1
3684,Perseroan aktif mencari strategi diversifikasi serta menjajaki lini produk dan pasar baru untuk mengurangi ketergantungan pada segmen/lini produk yang telah ada.,diversification strategy,g,positive,action,1
3685,Perseroan bekerja sama dalam menekan persaingan yang tidak sehat.,business competition ethics,e-s-g,positive,action,1
3686,Perseroan bekerja sama dalam menekan persaingan yang tidak sehat.,business cooperation,g,positive,action,1
3687,Perseroan bekerja sama dalam menekan persaingan yang tidak sehat.,business ethics and transparency,e,positive,action,1
3688,Perseroan bekerja sama dalam menekan persaingan yang tidak sehat.,fair competition,e,positive,action,1
3689,Perseroan berharap Laporan Keberlanjutan ini dapat menjadi saluran komunikasi kami untuk menyampaikan dukungan kami terhadap Tujuan Pembangunan Berkelanjutan.,dukungan tujuan pembangunan berkelanjutan,e,positive,commitment,1
3690,Perseroan berharap Laporan Keberlanjutan ini dapat menjadi saluran komunikasi kami untuk menyampaikan dukungan kami terhadap Tujuan Pembangunan Berkelanjutan.,support for sdgs,e,positive,commitment,1
3691,Perseroan berharap Laporan Keberlanjutan ini dapat menjadi saluran komunikasi kami untuk menyampaikan dukungan kami terhadap Tujuan Pembangunan Berkelanjutan.,support for sustainable development goals,e-s-g,positive,commitment,1
3692,Perseroan berharap Laporan Keberlanjutan ini dapat menjadi saluran komunikasi kami untuk menyampaikan dukungan kami terhadap Tujuan Pembangunan Berkelanjutan.,sustainability reporting,e,positive,commitment,1
3693,"Perseroan berharap dapat memastikan bahwa keberadaan bisnisnya dapat membawa dampak positif bagi seluruh pemangku kepentingan melalui pelaksanaan kegiatan operasional yang berkelanjutan yang didukung oleh pemenuhan tanggung jawab terhadap 3 pilar utama keberlanjutan: aspek ekonomi, sosial, dan lingkungan.",sustainability impact,e-s-g,positive,commitment,1
3694,Perseroan berharap pengelolaan risiko yang komprehensif akan turut memastikan seluruh kegiatan operasional berjalan sesuai ketentuan peraturan hukum dan perundang-undangan yang berlaku sehingga Perseroan dapat terus menghasilkan pertumbuhan bisnis dan profitabilitas yang positif.,comprehensive risk management,e,positive,commitment,1
3695,Perseroan berharap pengelolaan risiko yang komprehensif akan turut memastikan seluruh kegiatan operasional berjalan sesuai ketentuan peraturan hukum dan perundang-undangan yang berlaku.,pengelolaan risiko,none,positive,commitment,2
3696,Perseroan berhasil beradaptasi dan memaksimalkan peluang dengan berbagai adaptasi perubahan.,adaptability,e-s-g,positive,outcome,1
3697,"Perseroan berhasil meningkatkan kembali kinerja penjualan di tahun 2023 ini dengan mencatatkan penjualan sebesar Rp1,08 triliun, naik 63,58% dibandingkan dengan penjualan tahun 2022 yang sebesar Rp661,31 miliar.",financial performance,e,positive,outcome,2
3698,"Perseroan berhasil meraih posisi pertama dalam pangsa pasar pemirsa untuk FTA, dan juga mengembangkan bisnis digital dengan menambah sumber pendapatan baru dari bisnis influencer dan affiliate marketing.",business performance,e,positive,outcome,1
3699,Perseroan berhasil meresmikan 1.134 gerai di seluruh Indonesia.,expansion,e-s-g,positive,outcome,1
3700,Perseroan berkolaborasi dengan Kementerian Koperasi dan UKM dalam program pengembangan rantai pasok di bidang perdagangan ritel dan aksesoris bagi mitra usaha mikro.,collaboration with ministry of cooperatives and smes,none,positive,action,1
3701,Perseroan berkolaborasi dengan Kementerian Koperasi dan UKM dalam program pengembangan rantai pasok di bidang perdagangan ritel dan aksesoris bagi mitra usaha mikro.,community development,e-s-g,positive,action,1
3702,Perseroan berkolaborasi dengan Kementerian Koperasi dan UKM dalam program pengembangan rantai pasok di bidang perdagangan ritel dan aksesoris bagi mitra usaha mikro.,kolaborasi,none,positive,action,1
3703,Perseroan berkolaborasi dengan Kementerian Koperasi dan UKM dalam program pengembangan rantai pasok di bidang perdagangan ritel dan aksesoris bagi mitra usaha mikro.,supply chain development,s,positive,action,1
3704,Perseroan berkomitmen pada prinsip-prinsip GCG dalam pengelolaan perusahaan.,corporate governance,e,positive,commitment,1
3705,"Perseroan berkomitmen untuk memaknai kehadiran kami di tengah masyarakat melalui kepedulian, semangat untuk berbagi, dan kontribusi untuk kesejahteraan sosial.",community engagement and social welfare,e-s-g,positive,commitment,1
3706,"Perseroan berkomitmen untuk memaknai kehadiran kami di tengah masyarakat melalui kepedulian, semangat untuk berbagi, dan kontribusi untuk kesejahteraan sosial.",kepedulian sosial,e-s-g,positive,commitment,1
3707,"Perseroan berkomitmen untuk memaknai kehadiran kami di tengah masyarakat melalui kepedulian, semangat untuk berbagi, dan kontribusi untuk kesejahteraan sosial.",social contribution,none,positive,commitment,1
3708,"Perseroan berkomitmen untuk memaknai kehadiran kami di tengah masyarakat melalui kepedulian, semangat untuk berbagi, dan kontribusi untuk kesejahteraan sosial.",social responsibility commitment,e-s-g,positive,commitment,1
3709,"Perseroan berkomitmen untuk memaknai kehadiran kami di tengah masyarakat melalui kepedulian, semangat untuk berbagi, dan kontribusi untuk kesejahteraan sosial.",social value creation,e,positive,commitment,1
3710,"Perseroan berkomitmen untuk memaknai kehadiran kami di tengah masyarakat melalui kepedulian, semangat untuk berbagi, dan kontribusi untuk kesejahteraan sosial.",social welfare,e,positive,commitment,1
3711,"Perseroan berkomitmen untuk memaknai kehadiran kami di tengah masyarakat melalui kepedulian, semangat untuk berbagi, dan kontribusi untuk kesejahteraan sosial.",social welfare commitment,s,positive,commitment,1
3712,"Perseroan berkomitmen untuk memaknai kehadiran kami di tengah masyarakat melalui kepedulian, semangat untuk berbagi, dan kontribusi untuk kesejahteraan sosial.",social welfare contribution,e-s-g,positive,commitment,1
3713,"Perseroan berkomitmen untuk memberikan manfaat kepada seluruh masyarakat melalui semangat berbagi, peduli, dan berbagai kontribusi kegiatan tanggung jawab sosial Perseroan (CSR)",community benefits through csr,none,positive,action,1
3714,"Perseroan berkomitmen untuk memberikan manfaat kepada seluruh masyarakat melalui semangat berbagi, peduli, dan berbagai kontribusi kegiatan tanggung jawab sosial Perseroan (CSR)",csr activities,e,positive,action,1
3715,"Perseroan berkomitmen untuk memberikan manfaat kepada seluruh masyarakat melalui semangat berbagi, peduli, dan berbagai kontribusi kegiatan tanggung jawab sosial Perseroan (CSR)",social responsibility commitment,e-s-g,positive,commitment,1
3716,"Perseroan berkomitmen untuk memberikan manfaat kepada seluruh masyarakat melalui semangat berbagi, peduli, dan berbagai kontribusi kegiatan tanggung jawab sosial Perseroan (CSR).",community benefits and csr contributions,e-s-g,positive,commitment,1
3717,"Perseroan berkomitmen untuk memberikan manfaat kepada seluruh masyarakat melalui semangat berbagi, peduli, dan berbagai kontribusi kegiatan tanggung jawab sosial Perseroan (CSR).",csr commitment statement,e,positive,commitment,1
3718,"Perseroan berkomitmen untuk memberikan manfaat kepada seluruh masyarakat melalui semangat berbagi, peduli, dan berbagai kontribusi kegiatan tanggung jawab sosial Perseroan (CSR).",manfaat masyarakat,none,positive,commitment,1
3719,"Perseroan berkomitmen untuk memberikan manfaat kepada seluruh masyarakat melalui semangat berbagi, peduli, dan berbagai kontribusi kegiatan tanggung jawab sosial Perseroan (CSR).",social contribution through csr,e-s-g,positive,commitment,1
3720,"Perseroan berkomitmen untuk mempertahankan tingkat pangsa pasar kepemirsaan, serta terutama dapat mendukung Tujuan Pembangunan Berkelanjutan (TPB).",pangsa pasar kepemirsaan,s,positive,commitment,1
3721,"Perseroan berkomitmen untuk meningkatkan kualitas hidup masyarakat di sekitar area konsesi dan area operasional melalui program CSR di berbagai bidang seperti kesehatan untuk mencegah stunting, pendidikan melalui program pelatihan bagi masyarakat sekitar, infrastruktur, budaya, dan ekonomi.",community development,s,positive,commitment,2
3722,Perseroan berkomitmen untuk menjaga kelestarian lingkungan dan memberikan kontribusi positif terhadap masyarakat sekitar.,community development,g,positive,commitment,1
3723,Perseroan berkomitmen untuk menjaga kelestarian lingkungan dan memberikan kontribusi positif terhadap masyarakat sekitar.,environmental conservation & community contribution,e-s-g,positive,commitment,1
3724,Perseroan berkomitmen untuk menjaga kelestarian lingkungan dan memberikan kontribusi positif terhadap masyarakat sekitar.,environmental conservation and community contribution,s,positive,commitment,2
3725,Perseroan berkomitmen untuk menjaga kelestarian lingkungan dan memberikan kontribusi positif terhadap masyarakat sekitar.,environmental conservation commitment,e,positive,commitment,1
3726,Perseroan berkomitmen untuk menjaga kelestarian lingkungan dan memberikan kontribusi positif terhadap masyarakat sekitar.,environmental preservation & community contribution,e-s-g,positive,commitment,1
3727,Perseroan berkomitmen untuk menjaga kelestarian lingkungan dan memberikan kontribusi positif terhadap masyarakat sekitar.,environmental protection,s,positive,commitment,2
3728,Perseroan berkomitmen untuk menjaga kelestarian lingkungan dan memberikan kontribusi positif terhadap masyarakat sekitar.,environmental stewardship,e,positive,commitment,1
3729,Perseroan berkomitmen untuk menjaga kelestarian lingkungan dan memberikan kontribusi positif terhadap masyarakat sekitar.,environmental sustainability and community contribution,e,positive,commitment,2
3730,"Perseroan berkomitmen untuk menjaga keseimbangan antara kinerja ekonomi, sosial, lingkungan dan implementasi tata kelola yang baik.",integrated sustainability performance,s,positive,commitment,2
3731,"Perseroan berkomitmen untuk menjaga keseimbangan antara kinerja ekonomi, sosial, lingkungan dan implementasi tata kelola yang baik.",sustainability governance,,positive,commitment,1
3732,"Perseroan berkomitmen untuk menjaga kinerja positif dengan memastikan program, konten, serta layanan yang diberikan berkualitas dan mudah diakses sampai ke pelosok Indonesia.",community access,e,positive,commitment,1
3733,"Perseroan berkomitmen untuk menjaga kinerja positif dengan memastikan program, konten, serta layanan yang diberikan berkualitas dan mudah diakses sampai ke pelosok Indonesia.",kinerja positif,g,positive,commitment,1
3734,"Perseroan berkomitmen untuk menjaga kinerja positif dengan memastikan program, konten, serta layanan yang diberikan berkualitas dan mudah diakses sampai ke pelosok Indonesia.",kualitas program dan layanan,none,positive,commitment,1
3735,"Perseroan berkomitmen untuk menjaga kinerja positif dengan memastikan program, konten, serta layanan yang diberikan berkualitas dan mudah diakses sampai ke pelosok Indonesia.",positive performance commitment,g,positive,commitment,1
3736,"Perseroan berkomitmen untuk menjaga kinerja positif dengan memastikan program, konten, serta layanan yang diberikan berkualitas dan mudah diakses sampai ke pelosok Indonesia.",quality and accessibility of programs and content,e,positive,commitment,1
3737,"Perseroan berkomitmen untuk menjaga kinerja positif dengan memastikan program, konten, serta layanan yang diberikan berkualitas dan mudah diakses sampai ke pelosok Indonesia.",quality and accessibility of programs and services,,positive,commitment,2
3738,"Perseroan berkomitmen untuk menjaga kinerja positif dengan memastikan program, konten, serta layanan yang diberikan berkualitas dan mudah diakses sampai ke pelosok Indonesia.",service accessibility and quality,,positive,commitment,1
3739,"Perseroan berkomitmen untuk menjaga kinerja positif dengan memastikan program, konten, serta layanan yang diberikan berkualitas dan mudah diakses sampai ke pelosok Indonesia.",service quality,none,positive,action,1
3740,Perseroan berkontribusi terhadap kesejahteraan masyarakat sekitar melalui program tanggung jawab sosial (CSR).,community welfare,g,positive,action,1
3741,Perseroan berkontribusi terhadap kesejahteraan masyarakat sekitar melalui program tanggung jawab sosial (CSR).,community welfare programs,e,positive,action,1
3742,Perseroan berkontribusi terhadap kesejahteraan masyarakat sekitar melalui program tanggung jawab sosial (CSR).,community welfare through csr,s,positive,action,1
3743,Perseroan berkontribusi terhadap kesejahteraan masyarakat sekitar melalui program tanggung jawab sosial (CSR).,corporate social responsibility,e,positive,action,3
3744,Perseroan berkontribusi terhadap kesejahteraan masyarakat sekitar melalui program tanggung jawab sosial (CSR).,corporate social responsibility (csr),,positive,action,1
3745,Perseroan berkontribusi terhadap kesejahteraan masyarakat sekitar melalui program tanggung jawab sosial (CSR).,csr programs,s,positive,action,1
3746,Perseroan berkontribusi terhadap kesejahteraan masyarakat sekitar melalui program tanggung jawab sosial (CSR).,kontribusi sosial,e,positive,action,1
3747,Perseroan berkontribusi terhadap kesejahteraan masyarakat sekitar melalui program tanggung jawab sosial (CSR).,tanggung jawab sosial,e,positive,action,1
3748,"Perseroan bersama LiuGong menggelar kegiatan customer gathering dengan tema ""Solution to Your Business"" di Balikpapan, Kalimantan Timur.",customer engagement,e,positive,action,1
3749,"Perseroan bersama LiuGong menggelar kegiatan customer gathering dengan tema “Solution to Your Business” di Balikpapan, Kalimantan Timur.",customer gathering,none,positive,action,1
3750,"Perseroan bersama LiuGong menggelar kegiatan customer gathering dengan tema “Solution to Your Business” di Balikpapan, Kalimantan Timur. Perseroan sekaligus melakukan peresmian fasilitas Component Rebuild Center (CRC) khusus untuk produk LiuGong asal China. Di mana, fasilitas CRC ini adalah yang pertama di dunia bagi LiuGong di Indonesia, sekaligus dengan adanya fasilitas CRC ini dapat semakin meningkatkan produktivitas customer loyal INTA dengan meminimalisir waktu henti mesin karena komponen rusak.",component rebuild center (crc) inauguration,s,positive,outcome,1
3751,"Perseroan bersama Techking Tires Indonesia melakukan kegiatan customer gathering bertemakan *Winning Together Techking Gathering* ke Bangkok, Thailand.",community engagement,e,positive,action,1
3752,"Perseroan bersama dengan para partner leasing dan perbankan berkumpul dalam acara Financial Partner Gathering yang diadakan di Hotel Four Point by Sheraton, Makassar.",supply chain management,e-s-g,positive,action,1
3753,"Perseroan bersama-sama dengan entitas anaknya memiliki peran dan kontribusi yang penting untuk menghasilkan manfaat yang berdampak bagi para penggunanya, tanpa mengabaikan tujuan perusahaan untuk menciptakan pertumbuhan bisnis yang berkualitas dan berkelanjutan.",sustainable business practices,e,positive,action,1
3754,"Perseroan berupaya menyediakan produk dan layanan yang lebih beragam bagi para pelanggan, sehingga dapat meningkatkan nilai bagi para pemangku kepentingan.",produk dan layanan,,positive,action,3
3755,"Perseroan berupaya menyediakan produk dan layanan yang lebih beragam bagi para pelanggan, sehingga dapat meningkatkan nilai bagi para pemangku kepentingan.",stakeholder value,none,positive,action,1
3756,Perseroan dalam hal ini meningkatkan kualitas produk dan layanan pada berbagai unit usaha dalam ekosistemnya melalui akselerasi investasi dan inovasi di beberapa konten digital.,product quality improvement,none,positive,action,1
3757,"Perseroan dalam hal ini telah menunjuk Komite Lingkungan, Sosial, dan Tata Kelola (ESG Committee) sebagai penanggung jawab penerapan kebijakan keberlanjutan.",esg committee,s,positive,outcome,2
3758,"Perseroan dan entitas anak memiliki inisiatif untuk mendorong penggunaan produk ramah lingkungan untuk mendukung proses bisnisnya, antara lain memanfaatkan teknologi digital untuk menekan penggunaan kertas dalam mencetak dokumen di samping mengkampanyekan pengurangan penggunaan plastik dalam kegiatan operasional sehari-hari.",environmentally friendly products and practices,e-s-g,positive,action,1
3759,"Perseroan dan entitas anak memiliki inisiatif untuk mendorong penggunaan produk ramah lingkungan untuk mendukung proses bisnisnya, antara lain memanfaatkan teknologi digital untuk menekan penggunaan kertas dalam mencetak dokumen di samping mengkampanyekan pengurangan penggunaan plastik dalam kegiatan operasional sehari-hari.",paper and plastic consumption reduction,none,positive,action,1
3760,"Perseroan dan entitas anak memiliki inisiatif untuk mendorong penggunaan produk ramah lingkungan untuk mendukung proses bisnisnya, antara lain memanfaatkan teknologi digital untuk menekan penggunaan kertas dalam mencetak dokumen di samping mengkampanyekan pengurangan penggunaan plastik dalam kegiatan operasional sehari-hari.",sustainable operations,s,positive,action,1
3761,"Perseroan dan entitas anak memiliki inisiatif untuk mendorong penggunaan produk ramah lingkungan untuk mendukung proses bisnisnya, antara lain memanfaatkan teknologi digital untuk menekan penggunaan kertas dalam mencetak dokumen di samping mengkampanyekan pengurangan penggunaan plastik.",waste reduction,e,positive,action,1
3762,Perseroan dapat menjaga prospek keberlangsungan usahanya untuk jangka panjang sehingga Perseroan dapat terus memberikan nilai tambah atas investasi yang diberikan investor maupun pemegang saham.,keberlangsungan usaha,e-s,positive,outcome,1
3763,Perseroan dapat menjaga prospek keberlangsungan usahanya untuk jangka panjang sehingga Perseroan dapat terus memberikan nilai tambah atas investasi yang diberikan investor maupun pemegang saham.,long-term business sustainability,s,positive,outcome,1
3764,"Perseroan hadir di Mining Expo 2023, dengan memperkenalkan salah satu produk unggulannya yakni Techking Tire Solutions, Ban dengan tipe 14.00R25, 29.5R25 dan 27.00R49 untuk kebutuhan ban alat berat pertambangan.",product innovation for mining sector,s,positive,action,1
3765,Perseroan harus terus merekrut dan membangun personil secara tepat untuk menjawab kebutuhan pengembangan bisnis dan operasional Perseroan yang terus meningkat.,recruitment and personnel development,none,positive,action,1
3766,Perseroan harus terus merekrut dan membangun personil secara tepat untuk menjawab kebutuhan pengembangan bisnis dan operasional Perseroan yang terus meningkat.,workforce development,s,positive,action,1
3767,Perseroan juga berkesempatan mengajak beberapa customer loyal untuk mengunjungi pabrik pembuatan LiuGong di China serta melihat sejumlah unit baru dengan teknologi mutakhir dan berbasis listrik atau *Electrical Vehicle (EV)*.,electric vehicle technology and innovation,none,positive,action,1
3768,"Perseroan juga memastikan keseimbangan antara kinerja ekonomi, sosial, lingkungan dan implementasi tata kelola yang baik.",balance of esg performance,g,positive,commitment,1
3769,"Perseroan juga memastikan keseimbangan antara kinerja ekonomi, sosial, lingkungan dan implementasi tata kelola yang baik.",balanced esg performance,s,positive,commitment,1
3770,"Perseroan juga memastikan keseimbangan antara kinerja ekonomi, sosial, lingkungan dan implementasi tata kelola yang baik.",balanced performance across esg aspects,e,positive,commitment,1
3771,"Perseroan juga memastikan keseimbangan antara kinerja ekonomi, sosial, lingkungan dan implementasi tata kelola yang baik.",esg integration,,positive,commitment,1
3772,"Perseroan juga memastikan keseimbangan antara kinerja ekonomi, sosial, lingkungan dan implementasi tata kelola yang baik.",keseimbangan,s,positive,commitment,1
3773,"Perseroan juga memastikan keseimbangan antara kinerja ekonomi, sosial, lingkungan dan implementasi tata kelola yang baik.",keseimbangan aspek keberlanjutan,e-s-g,positive,commitment,1
3774,"Perseroan juga memastikan keseimbangan antara kinerja ekonomi, sosial, lingkungan dan implementasi tata kelola yang baik.",sustainability balance,e-s-g,positive,commitment,1
3775,"Perseroan juga memastikan pengelolaan dampak kegiatan bisnis sesuai dengan aspek lingkungan, sosial, dan tata kelola (LST).",esg risk management,e-s,positive,action,3
3776,"Perseroan juga membangun sinergi di antara portofolio medianya, termasuk stasiun televisi Free-To-Air (FTA) nasional milik Perseroan maupun platform Over-The-Top (OTT), untuk memperkuat go-to-market alliance untuk mengoptimalkan peluang bisnis yang ada sehingga Perseroan dapat mempertahankan pendapatan iklan dan tingkat kepemirsaan.",business model innovation and market competitiveness,e-s-g,positive,action,1
3777,"Perseroan juga membangun sinergi di antara portofolio medianya, termasuk stasiun televisi Free-To-Air (FTA) nasional milik Perseroan maupun platform Over-The-Top (OTT), untuk memperkuat go-to-market alliance untuk mengoptimalkan peluang bisnis yang ada sehingga Perseroan dapat mempertahankan pendapatan iklan dan tingkat kepemirsaan.",business synergy and optimization,e,positive,action,1
3778,"Perseroan juga membangun sinergi di antara portofolio medianya, termasuk stasiun televisi Free-To-Air (FTA) nasional milik Perseroan maupun platform Over-The-Top (OTT), untuk memperkuat go-to-market alliance untuk mengoptimalkan peluang bisnis yang ada sehingga Perseroan dapat mempertahankan pendapatan iklan dan tingkat kepemirsaan.",synergy and market optimization,s,positive,action,1
3779,"Perseroan juga mendorong penerapan prinsip-prinsip ESG (Environment, Social, and Governance) sehingga dapat membangun keunggulan kompetitif yang akan mendukung pencapaian pertumbuhan bisnis yang berkualitas.",esg principles implementation,,positive,commitment,1
3780,Perseroan juga mendukung komitmen terhadap mitigasi perubahan iklim Indonesia dengan menetapkan target menjadi Perusahaan Netral Karbon pada 2036.,carbon neutrality,,positive,commitment,1
3781,"Perseroan juga mengembangkan layanan kanal distribusi online melalui platform e-commerce Eraspace, dan membangun strategi omnichannel yang menggabungkan pengalaman berbelanja offline dan online secara seamless.",layanan kanal distribusi online,g,positive,action,1
3782,Perseroan juga mengimbau penggunaan energi secara bijak di lingkungan perusahaan.,energy conservation,,positive,action,2
3783,Perseroan juga mengimbau penggunaan wadah makan/minum dari material non-plastik untuk menekan volume limbah plastik yang dihasilkan dari kegiatan operasional Perseroan.,plastic waste reduction,none,positive,action,1
3784,Perseroan juga mengimbau penggunaan wadah makan/minum dari material non-plastik untuk menekan volume limbah plastik yang dihasilkan dari kegiatan operasional Perseroan.,reduction of plastic waste,s,positive,action,1
3785,"Perseroan juga menjalankan manajemen risiko secara hatihati untuk mengidentifikasi, mengevaluasi, dan mengelola risiko yang terkait dengan kegiatan operasional.",operational risk management,none,positive,action,1
3786,"Perseroan juga menjalankan manajemen risiko secara hatihati untuk mengidentifikasi, mengevaluasi, dan mengelola risiko yang terkait dengan kegiatan operasional.",risk management,e,positive,action,1
3787,"Perseroan juga menyusun pelaporan ini sesuai dengan Standar GRI, dengan GRI 1 yang digunakan adalah GRI 1: Landasan 2021.",sustainability reporting standards,e,positive,outcome,1
3788,"Perseroan juga meyakini bahwa keberadaan masyarakat memiliki arti penting bagi keberlanjutan usaha, baik di masa kini maupun di masa depan.",community engagement,none,positive,commitment,3
3789,Perseroan juga senantiasa mengikuti perkembangan dunia internasional serta melakukan identifikasi dan mitigasi risiko untuk menjaga stabilitas operasionalnya.,risk management,e-s-g,positive,action,1
3790,Perseroan juga telah melakukan pembaharuan penilaian NKT dan SKT yang terintegrasi di seluruh anak perusahaan.,biodiversity conservation,,positive,action,1
3791,"Perseroan juga telah meluncurkan New Journey of TAPG Sustainability, sebuah rumusan kebijakan keberlanjutan terbaru sebagai komitmennya untuk menjadi green company, yang memiliki kontribusi pada lingkungan, sosial dan ekonomi sehingga dapat meningkatkan kualitas kehidupan masyarakat yang lebih baik.",sustainability policy,e,positive,commitment,1
3792,Perseroan juga telah membangun kerja sama dengan petani kelapa sawit dan juga membentuk program kemitraan dengan koperasi perkebunan plasma.,smallholder engagement,e-s,positive,action,1
3793,Perseroan juga telah membangun kerja sama dengan petani kelapa sawit dan juga membentuk program kemitraan dengan koperasi perkebunan plasma.,smallholder support,s,positive,action,1
3794,"Perseroan juga telah menerapkan sejumlah inisiatif strategis lainnya, yaitu: - Meningkatkan kontribusinya untuk mewujudkan masyarakat yang sejahtera, di antaranya melalui peningkatan kualitas pendidikan, yang merupakan bagian dari upaya Perseroan untuk menjamin ketersediaan tenaga kerja yang kompeten di masa datang;",kontribusi sosial,none,positive,action,1
3795,"Perseroan juga telah menerapkan sejumlah inisiatif strategis lainnya, yaitu: - Meningkatkan kontribusinya untuk mewujudkan masyarakat yang sejahtera, di antaranya melalui peningkatan kualitas pendidikan.",kontribusi sosial,e-s-g,positive,action,2
3796,"Perseroan juga telah menerapkan sejumlah inisiatif strategis lainnya, yaitu: Meningkatkan kontribusinya untuk mewujudkan masyarakat yang sejahtera, di antaranya melalui peningkatan kualitas pendidikan, yang merupakan bagian dari upaya Perseroan untuk menjamin ketersediaan tenaga kerja yang kompeten di masa datang;",social contribution,g,positive,action,1
3797,Perseroan juga telah mengembangkan program DMPA – sebuah program pengembangan masyarakat yang mengintegrasikan program pemberdayaan ekonomi dan pencegahan kebakaran hutan dan lahan.,community empowerment and fire prevention,g,positive,action,1
3798,Perseroan juga telah mengembangkan program DMPA – sebuah program pengembangan masyarakat yang mengintegrasikan program pemberdayaan ekonomi dan pencegahan kebakaran hutan dan lahan.,social and environmental programs,e-s-g,positive,action,1
3799,"Perseroan juga terus beradaptasi seiring berkembangnya teknologi informasi dan komunikasi, untuk dapat memberikan pelayanan terbaik bagi pemirsa.",adaptation to technological advancements,none,positive,action,1
3800,"Perseroan juga terus beradaptasi seiring berkembangnya teknologi informasi dan komunikasi, untuk dapat memberikan pelayanan terbaik bagi pemirsa.",technology adaptation,e,positive,action,1
3801,"Perseroan juga terus memperkuat fundamentalnya melalui serangkaian upaya pengembangan bisnis, optimalisasi biaya, penguatan pendanaan, peningkatan kapabilitas, modal insani serta pengembangan teknologi.",operational efficiency,,positive,action,1
3802,Perseroan juga tidak menerima bantuan finansial apapun yang berasal dari Pemerintah.,government financial assistance,none,neutral,none,1
3803,Perseroan juga tidak menerima bantuan finansial apapun yang berasal dari Pemerintah.,government subsidies,e,neutral,none,2
3804,"Perseroan kembali membuktikan keberhasilannya dalam mempertahankan kinerja positifnya dengan mencatatkan pendapatan bersih sebesar Rp7,06 triliun, meningkat 8,36% dibandingkan tahun sebelumnya yaitu Rp6,51 triliun.",financial performance,e-s-g,positive,outcome,1
3805,"Perseroan kembali membuktikan keberhasilannya dalam mempertahankan kinerja positifnya dengan mencatatkan pendapatan bersih sebesar Rp7,06 triliun, meningkat 8,36% dibandingkan tahun sebelumnya yaitu Rp6,51 triliun.",pendapatan bersih,e-s-g,positive,outcome,2
3806,"Perseroan kembali membuktikan keberhasilannya dalam mempertahankan kinerja positifnya dengan mencatatkan pendapatan bersih sebesar Rp7,06 triliun, meningkat 8,36% dibandingkan tahun sebelumnya.",net revenue growth,s,positive,outcome,1
3807,Perseroan kemudian semakin berkembang dalam berbagai pengelolaan usaha dan bertransformasi melahirkan beragam portfolio dengan sejumlah anak usaha serta berbagai Perseroan afiliasi lainnya.,business transformation and portfolio diversification,s,positive,outcome,1
3808,Perseroan mampu mempertahankan pendapatan iklan dan tingkat kepemirsaan melalui sinergi portofolio media.,market position,s,positive,outcome,1
3809,"Perseroan melaksanakan Gebyar 17 with Perseroan Group yang diadakan di workshop Cakung, kantor HO Jakarta Utara untuk memperingati hari kemerdekaan RI yang ke 78 tahun.",employee engagement,e,positive,action,1
3810,Perseroan melaksanakan kegiatan Corporate Social Responsibility (CSR) berupa Donor Darah yang berkolaborasi bersama Palang Merah Indonesia.,community health and social responsibility,e-s,positive,action,1
3811,Perseroan melaksanakan kegiatan Corporate Social Responsibility (CSR) berupa Donor Darah yang berkolaborasi bersama Palang Merah Indonesia.,community investment,e-s-g,positive,action,2
3812,"Perseroan melaksanakan kegiatan Gebyar 17 with Perseroan Group yang diadakan di workshop Cakung, kantor HO Jakarta Utara untuk memperingati hari kemerdekaan RI yang ke 78 tahun.",employee engagement,e-s-g,positive,action,1
3813,"Perseroan melakukan National Conference Kick Off di Bali, dengan bertemakan ""Winning Together with CINTA"".",corporate events,e,positive,action,1
3814,"Perseroan melakukan National Conference Kick Off di Bali, dengan bertemakan “Winning Together with CINTA”.",employee engagement,e-s-g,positive,action,2
3815,"Perseroan melakukan National Conference Kick Off di Bali, dengan bertemakan “Winning Together with CINTA”.",employee engagement and strategy alignment,none,positive,action,1
3816,Perseroan melakukan kegiatan Corporate Social Responsibility (CSR) berupa Donor Darah yang berkolaborasi bersama Palang Merah Indonesia.,blood donation corporate social responsibility activity,e-s-g,positive,action,1
3817,Perseroan melakukan kegiatan Corporate Social Responsibility (CSR) berupa Donor Darah yang berkolaborasi bersama Palang Merah Indonesia.,community engagement,e-s,positive,action,1
3818,Perseroan melakukan kegiatan Corporate Social Responsibility (CSR) berupa Donor Darah yang berkolaborasi bersama Palang Merah Indonesia.,corporate social responsibility,none,positive,action,1
3819,Perseroan melakukan kegiatan Corporate Social Responsibility (CSR) berupa Donor Darah yang berkolaborasi bersama Palang Merah Indonesia.,corporate social responsibility (csr) blood donation,e-s-g,positive,action,1
3820,"Perseroan melakukan kegiatan buka Puasa bersama seluruh karyawan INTA Group yang berlokasi kerja di HQ Cakung, dengan bertemakan ""Tebarkan Semangat CINTA di bulan Ramadhan yang Penuh berkah"".",employee engagement,e-s-g,positive,action,1
3821,"Perseroan melakukan kegiatan buka Puasa bersama seluruh karyawan INTA Group yang berlokasi kerja di HQ Cakung, dengan bertemakan 'Tebarkan Semangat CINTA di bulan Ramadhan yang Penuh berkah'.",employee engagement,e,positive,action,1
3822,Perseroan melakukan pembelian kembali saham Perseroan yang telah dikeluarkan dan tercatat di Bursa Efek Indonesia (BEI) dengan jumlah sebanyak-banyaknya Rp300.000.000.000 atau sebanyak-banyak 3.000.000.000 lembar saham Perseroan.,pembelian kembali saham,e-s-g,neutral,action,3
3823,Perseroan melakukan penandatanganan Green Alliance LOI di hadapan jajaran top level LiuGong dan disaksikan oleh perwakilan Duta Besar Indonesia.,environmental alliance and green initiatives,e,positive,commitment,1
3824,Perseroan melakukan penandatanganan Green Alliance LOI di hadapan jajaran top level LiuGong dan disaksikan oleh perwakilan Duta Besar Indonesia.,environmental commitment through green alliance partnership,,positive,commitment,1
3825,Perseroan melakukan penandatanganan Green Alliance LOI di hadapan jajaran top level LiuGong dan disaksikan oleh perwakilan Duta Besar Indonesia.,environmental partnership,g,positive,action,1
3826,Perseroan melakukan penandatanganan Green Alliance LOI di hadapan jajaran top level LiuGong dan disaksikan oleh perwakilan Duta Besar Indonesia.,sustainability,e-s-g,positive,action,1
3827,Perseroan melakukan upaya untuk menjadi warga dunia usaha yang bertanggung jawab terhadap masyarakat di sekitarnya.,community responsibility,none,positive,commitment,2
3828,Perseroan melakukan upaya untuk menjadi warga dunia usaha yang bertanggung jawab terhadap masyarakat di sekitarnya.,corporate social responsibility,e,positive,commitment,2
3829,Perseroan melalui anak usahanya Erajaya Digital Pte. Ltd. telah menerbitkan obligasi global senilai SG$50 juta di Singapura.,financial transparency,e,neutral,action,1
3830,Perseroan melalui anak usahanya Erajaya Digital Pte. Ltd. telah menerbitkan obligasi global senilai SG$50 juta di Singapura.,issuance of global bonds,e-s-g,neutral,action,1
3831,Perseroan melalui anak usahanya Erajaya Digital Pte. Ltd. telah menerbitkan obligasi global senilai SG$50 juta di Singapura.,obligasi global,e,neutral,action,1
3832,Perseroan melihat pentingnya Big Data Management sebagai salah satu kunci sukses dalam melakukan ekspansi dan diversifikasi usaha.,big data management for business expansion,e-s-g,positive,commitment,1
3833,Perseroan melindungi kesehatan karyawan dan semua pihak yang terlibat dalam kegiatan bisnis dengan kebijakan protokol kesehatan yang ketat.,employee health and safety,e,positive,action,2
3834,Perseroan melindungi kesehatan karyawan dan semua pihak yang terlibat dalam kegiatan bisnis dengan kebijakan protokol kesehatan yang ketat.,employee health protection,none,positive,action,1
3835,Perseroan melindungi kesehatan karyawan dan semua pihak yang terlibat dalam kegiatan bisnis dengan kebijakan protokol kesehatan yang ketat.,occupational health and safety,e-s-g,positive,action,2
3836,Perseroan memandang sangatlah penting untuk memberikan tontonan yang mendidik bagi anak-anak,educational content development,,positive,commitment,1
3837,Perseroan memandang sangatlah penting untuk memberikan tontonan yang mendidik bagi anak-anak yang akan menjadi akar dalam pertumbuhan Indonesia di masa mendatang.,educational content,e-s-g,positive,commitment,2
3838,Perseroan memandang sangatlah penting untuk memberikan tontonan yang mendidik bagi anak-anak yang akan menjadi akar dalam pertumbuhan Indonesia di masa mendatang.,educational content development,e-s-g,positive,commitment,1
3839,Perseroan memandang sangatlah penting untuk memberikan tontonan yang mendidik bagi anak-anak yang akan menjadi akar dalam pertumbuhan Indonesia di masa mendatang.,educational content for children,s,positive,commitment,1
3840,Perseroan memanfaatkan teknologi Artificial Intelligence (AI) untuk membantu membuat produk dan layanan yang terpersonalisasi bagi setiap segmen pasar dan meraih efisiensi dalam proses bisnis.,digital innovation and efficiency,none,positive,action,1
3841,Perseroan memanfaatkan teknologi Artificial Intelligence (AI) untuk membantu membuat produk dan layanan yang terpersonalisasi bagi setiap segmen pasar dan meraih efisiensi dalam proses bisnis.,inovasi teknologi,e-s-g,positive,action,1
3842,Perseroan memanfaatkan teknologi Artificial Intelligence (AI) untuk membantu membuat produk dan layanan yang terpersonalisasi bagi setiap segmen pasar dan meraih efisiensi dalam proses bisnis.,technological innovation,e-s-g,positive,action,2
3843,Perseroan memanfaatkan teknologi Artificial Intelligence (AI) untuk membantu membuat produk dan layanan yang terpersonalisasi bagi setiap segmen pasar dan meraih efisiensi dalam proses bisnis.,use of ai technology,s,positive,action,1
3844,"Perseroan memastikan kehadiran bisnisnya dapat memberikan dampak positif bagi masyarakat dalam bentuk ketersediaan lapangan kerja, memberikan bantuan sosial kemanusiaan serta menjaga kualitas konten yang ditayangkan pada berbagai media yang dimilikinya dalam rangka memberikan informasi yang tepat dan akurat bagi para pemirsanya sesuai dengan etika media.",community impact and employment,none,positive,action,1
3845,"Perseroan memastikan kehadiran bisnisnya dapat memberikan dampak positif bagi masyarakat dalam bentuk ketersediaan lapangan kerja, memberikan bantuan sosial kemanusiaan serta menjaga kualitas konten yang ditayangkan pada berbagai media yang dimilikinya dalam rangka memberikan informasi yang tepat dan akurat bagi para pemirsanya sesuai dengan etika media.",dampak sosial,e,positive,action,1
3846,"Perseroan memastikan kehadiran bisnisnya dapat memberikan dampak positif bagi masyarakat dalam bentuk ketersediaan lapangan kerja, memberikan bantuan sosial kemanusiaan serta menjaga kualitas konten yang ditayangkan pada berbagai media yang dimilikinya dalam rangka memberikan informasi yang tepat dan akurat bagi para pemirsanya sesuai dengan etika media.",social impact and community support,g,positive,action,1
3847,"Perseroan memastikan kehadiran bisnisnya dapat memberikan dampak positif bagi masyarakat dalam bentuk ketersediaan lapangan kerja, memberikan bantuan sosial kemanusiaan serta menjaga kualitas konten yang ditayangkan.",community impact,e,positive,action,1
3848,"Perseroan memastikan kehadiran bisnisnya dapat memberikan dampak positif bagi masyarakat dalam bentuk ketersediaan lapangan kerja, memberikan bantuan sosial kemanusiaan serta menjaga kualitas konten yang ditayangkan.",social impact,,positive,action,1
3849,"Perseroan membangun budaya keberlanjutan melalui imbuan perilaku ramah lingkungan, baik dari penghematan energi, air, dan meminimalkan penggunaan botol kemasan.",budaya keberlanjutan,e,positive,action,1
3850,"Perseroan membangun sinergi di antara portofolio medianya, termasuk stasiun televisi Free-To-Air (FTA) nasional milik Perseroan maupun platform Over-The-Top (OTT), untuk memperkuat go-to-market alliance untuk mengoptimalkan peluang bisnis yang ada.",strategic partnerships,e,positive,action,1
3851,Perseroan memberikan kesempatan kepada setiap masyarakat yang telah memasuki usia untuk bekerja di Perseroan sesuai dengan bidang keahliannya.,diversity and inclusion,g,positive,action,1
3852,Perseroan memfokuskan diri untuk memberikan atau menghasilkan produk unggulan dan pelayanan yang sangat berasing dan membina hubungan yang saling menguntungkan.,customer satisfaction,none,positive,commitment,2
3853,Perseroan memfokuskan diri untuk memberikan atau menghasilkan produk unggulan dan pelayanan yang sangat berasing dan membina hubungan yang saling menguntungkan.,product quality and customer service,e,positive,commitment,2
3854,Perseroan memiliki Peraturan Perusahaan yang disepakati bersama dengan karyawan yang sesuai dengan ketentuan Peraturan Perundang-undangan yang berlaku sehingga menjadi sarana guna menjamin hak dan kewajiban masing-masing demi terciptanya hubungan kerja yang selaras dan seimbang.,employee rights and welfare,s,positive,action,1
3855,Perseroan memiliki Peraturan Perusahaan yang disepakati bersama dengan karyawan yang sesuai dengan ketentuan Peraturan Perundang-undangan yang berlaku sehingga menjadi sarana guna menjamin hak dan kewajiban masing-masing demi terciptanya hubungan kerja yang selaras dan seimbang.,labor practices,none,positive,action,1
3856,Perseroan memiliki Peraturan Perusahaan yang disepakati bersama dengan karyawan yang sesuai dengan ketentuan Peraturan Perundang-undangan yang berlaku sehingga menjadi sarana guna menjamin hak dan kewajiban masing-masing demi terciptanya hubungan kerja yang selaras dan seimbang.,labor standards,s,positive,action,1
3857,Perseroan memiliki komitmen untuk menerapkan nilai-nilai keberlanjutan di segenap aspek usaha dan di seluruh ekosistem bisnisnya.,commitment to sustainability,,positive,commitment,2
3858,Perseroan memiliki komitmen untuk menerapkan nilai-nilai keberlanjutan di segenap aspek usaha dan di seluruh ekosistem bisnisnya.,keberlanjutan,e,positive,commitment,1
3859,Perseroan memiliki komitmen untuk menerapkan nilai-nilai keberlanjutan di segenap aspek usaha dan di seluruh ekosistem bisnisnya.,komitmen keberlanjutan,none,positive,commitment,2
3860,Perseroan memiliki komitmen untuk menerapkan nilai-nilai keberlanjutan di segenap aspek usaha dan di seluruh ekosistem bisnisnya.,sustainability commitment,s,positive,commitment,5
3861,Perseroan memiliki komitmen untuk menerapkan nilai-nilai keberlanjutan di segenap aspek usaha dan di seluruh ekosistem bisnisnya.,sustainability strategy,g,positive,commitment,1
3862,"Perseroan memiliki produk platform TV berlangganan satelit (DTH) Nex Parabola yang dapat memperluas jangkauan siaran ke daerah pedesaan dan terpencil serta platform streaming Over-The-Top (""OTT"") yaitu Vidio yang menayangkan sejumlah channel FTA yang dapat diakses secara live dan gratis.",expansion of broadcast coverage,e-s-g,positive,action,1
3863,Perseroan memiliki produk platform TV berlangganan satelit (DTH) Nex Parabola yang dapat memperluas jangkauan siaran ke daerah pedesaan dan terpencil serta platform streaming Over-The-Top (OTT) yaitu Vidio yang menayangkan sejumlah channel FTA yang dapat diakses secara live dan gratis.,broadcast expansion,none,positive,action,1
3864,Perseroan memiliki produk platform TV berlangganan satelit (DTH) Nex Parabola yang dapat memperluas jangkauan siaran ke daerah pedesaan dan terpencil.,digital inclusion,g,positive,action,1
3865,Perseroan memiliki produk platform streaming Over-The-Top (OTT) yaitu Vidio yang dapat diakses secara live dan gratis,digital accessibility,g,positive,action,1
3866,"Perseroan memiliki strategi keberlanjutan yang menjadi dasar kegiatan usaha kami, di antaranya yaitu: 1. Terus berkembang dan meningkatkan produktivitas tim serta berkomitmen untuk berinvestasi dalam program pelatihan dan pendidikan di dalam Perseroan.",strategi keberlanjutan,g,positive,commitment,1
3867,"Perseroan memiliki strategi keberlanjutan yang menjadi dasar kegiatan usaha kami, di antaranya yaitu: [2-17] [2-22] [2-23] [2-24]",strategi keberlanjutan,e,positive,commitment,1
3868,Perseroan memulai usahanya sebagai Perusahaan distributor alat berat pada tahun 1970.,company history and longevity,none,neutral,outcome,1
3869,"Perseroan mencatatkan pendapatan bersih sebesar Rp7,06 triliun, meningkat 8,36% dibandingkan tahun sebelumnya yaitu Rp6,51 triliun.",financial performance,e-s-g,positive,outcome,1
3870,"Perseroan mencatatkan pendapatan bersih sebesar Rp7,06 triliun, meningkat 8,36% dibandingkan tahun sebelumnya.",financial performance,e,positive,outcome,1
3871,Perseroan mendorong penggunaan energi secara bijak di lingkungan perusahaan.,energy efficiency,s,positive,action,4
3872,Perseroan mendorong penggunaan energi secara bijak di lingkungan perusahaan.,penggunaan energi,none,positive,action,1
3873,Perseroan menerapkan praktik perkebunan terbaik untuk meminimalisir dampak dari kegiatan operasional utamanya yang berkaitan dengan keanekaragaman hayati.,sustainable agriculture,none,positive,action,1
3874,Perseroan menerapkan strategi jangka panjang yang berfokus pada 8 fondasi keunggulan:,competitive advantage,g,positive,commitment,2
3875,Perseroan menerapkan strategi jangka panjang yang berfokus pada 8 fondasi keunggulan:,strategic pillars,s,positive,commitment,1
3876,"Perseroan menerima dan menyambut dengan baik kunjungan lapangan dari OJK Pasar Modal dalam rangka memberikan data dan informasi, mengumpulkan alat bukti, dan keterangan yang dibutuhkan oleh OJK.",regulatory compliance,none,positive,action,2
3877,"Perseroan menerima dan menyambut dengan baik kunjungan lapangan dari OJK Pasar Modal dalam rangka memberikan data dan informasi, mengumpulkan alat bukti, dan keterangan yang dibutuhkan oleh OJK.",regulatory compliance and cooperation with financial authority,e,positive,action,1
3878,"Perseroan menerima dan menyambut dengan baik kunjungan lapangan dari OJK Pasar Modal dalam rangka memberikan data dan informasi, mengumpulkan alat bukti, dan keterangan yang dibutuhkan oleh OJK.",regulatory oversight and transparency,e-s-g,positive,action,1
3879,"Perseroan menerima dan menyambut dengan baik kunjungan lapangan dari OJK Pasar Modal dalam rangka memberikan data dan informasi, mengumpulkan alat bukti, dan keterangan yang dibutuhkan oleh OJK.",transparency,e,positive,action,2
3880,"Perseroan menerima dan menyambut dengan baik kunjungan lapangan dari OJK Pasar Modal dalam rangka memberikan data dan informasi, mengumpulkan alat bukti, dan keterangan yang dibutuhkan oleh OJK. Kegiatan ini dilakukan untuk memastikan bahwa Kelangsungan Usaha dan Kepatuhan Perseroan terhadap peraturan terkait di bidang Pasar Modal dilaksanakan sesuai dengan prinsip Tata Kelola Perusahaan Yang Baik.",ojk field visit and compliance,e,positive,action,1
3881,"Perseroan mengadakan Customer Gathering yang diadakan di Kendari dengan tema ""Solusi Bisnis Untuk Anda"".",customer engagement,s,positive,action,1
3882,Perseroan mengadakan Customer Gathering yang diadakan di Kendari dengan tema “Solusi Bisnis Untuk Anda”,customer relationship management,e,positive,action,1
3883,"Perseroan mengambil momentum ini untuk menayangkan channel TV digital yaitu Mentari TV dengan pangsa pasar anak-anak dan para ibu, pangsa pasar yang belum terjangkau secara optimal sebelumnya melalui channel TV kami lainnya seperti SCTV dan Indosiar.",market expansion,e-s-g,positive,action,1
3884,"Perseroan mengganti kabel listrik berbahan aluminium menjadi tembaga yang mampu mengurangi hambatan arus listrik, sehingga penggunaan listrik dapat berkurang.",resource efficiency,e-s-g,positive,action,1
3885,Perseroan menggunakan lampu LED untuk perlengkapan produksi di studio yang lebih efisien dalam penggunaan listrik.,resource efficiency,,positive,action,1
3886,Perseroan menggunakan system otomasi untuk mengontrol pendingin ruangan (AC) di beberapa area kantor.,resource efficiency,,positive,action,1
3887,"Perseroan menggunakan tim kecil untuk kegiatan produksi program, sehingga mengurangi pemakaian jumlah kendaraan operasional.",resource efficiency,none,positive,action,1
3888,Perseroan menghadapi tantangan tersendiri sebagai dampak volatilitas Rupiah selama tahun 2018 yang sempat mencapai level Rp15.000 per Dolar Amerika Serikat pada bulan Oktober 2018 dan baru mulai membaik menjelang akhir tahun.,currency exchange risk,none,negative,outcome,1
3889,Perseroan menghadapi tantangan tersendiri sebagai dampak volatilitas Rupiah selama tahun 2018 yang sempat mencapai level Rp15.000 per Dolar Amerika Serikat pada bulan Oktober 2018 dan baru mulai membaik menjelang akhir tahun.,currency volatility,e-s-g,negative,outcome,5
3890,Perseroan menghadapi tantangan tersendiri sebagai dampak volatilitas Rupiah selama tahun 2018 yang sempat mencapai level Rp15.000 per Dolar Amerika Serikat pada bulan Oktober 2018 dan baru mulai membaik menjelang akhir tahun.,foreign exchange volatility,none,negative,outcome,1
3891,Perseroan menghadapi tantangan tersendiri sebagai dampak volatilitas Rupiah selama tahun 2018 yang sempat mencapai level Rp15.000 per Dolar Amerika Serikat pada bulan Oktober 2018 dan baru mulai membaik menjelang akhir tahun.,volatilitas rupiah,e-s,negative,outcome,1
3892,"Perseroan menghadapi tantangan tersendiri sebagai dampak volatilitas Rupiah selama tahun 2018 yang sempat mencapai level Rp15.000 per Dolar Amerika Serikat pada bulan Oktober 2018 dan baru mulai membaik menjelang akhir tahun. Sekalipun demikian, Perseroan berhasil menutup tahun 2018 dengan hasil yang positif melalui pengamatan pasar yang hati-hati serta implementasi strategi dan perencanaan, khususnya di bidang keuangan dan teknis.",resilient financial performance amid currency volatility,g,positive,outcome,1
3893,"Perseroan menghargai keberagaman dan kesetaraan gender, suku, agama, ras dan antar golongan (SARA), dengan memberikan kesempatan kepada setiap karyawan dengan hak yang sama untuk maju dan diberikan kesempatan dalam berkarya.",diversity and inclusion,e-s-g,positive,commitment,1
3894,Perseroan menghasilkan produk dan jasa yang memiliki dampak lingkungan yang minimal.,environmental footprint,e,positive,outcome,1
3895,Perseroan menghasilkan produk dan jasa yang memiliki dampak lingkungan yang minimal.,environmental impact of products,g,positive,outcome,2
3896,Perseroan mengimbau penggunaan wadah makan/minum dari material non-plastik untuk menekan volume limbah plastik yang dihasilkan dari kegiatan operasional Perseroan.,plastic waste reduction,e-s-g,positive,action,1
3897,Perseroan mengonsolidasikan keunggulan dari masing-masing portofolio dalam ekosistemnya dengan mendorong inovasi dan investasi pada teknologi terkini.,business innovation,none,positive,action,1
3898,"Perseroan meningkatkan kontribusinya pada penurunan emisi gas rumah kaca (Green House Gas/GHG) melalui sejumlah inisiatif yang diterapkan, termasuk membangun studio yang ramah lingkungan dan menyiapkan tempat tinggal bagi kru dalam rangka menekan penggunaan transportasi yang dapat meningkatkan polusi.",emisi gas rumah kaca,e-s-g,positive,action,1
3899,"Perseroan menjalankan kegiatan usaha ke dalam empat segmen portofolio utama yaitu pengembangan mixed-use dan high-rise, kawasan perumahan, kawasan industri, dan properti investasi di sekitar wilayah Jabodetabek (Jakarta, Bogor, Depok, Tangerang, Bekasi), serta di Surabaya dan sekitarnya dan Batang, Jawa Tengah.",business operations,e,neutral,outcome,1
3900,"Perseroan menjalankan kegiatan usaha ke dalam empat segmen portofolio utama yaitu pengembangan mixed-use dan high-rise, kawasan perumahan, kawasan industri, dan properti investasi di sekitar wilayah Jabodetabek (Jakarta, Bogor, Depok, Tangerang, Bekasi), serta di Surabaya dan sekitarnya dan Batang, Jawa Tengah.",business portfolio diversification,,neutral,outcome,1
3901,Perseroan menjunjung tinggi penegakan HAM dan menentang segala bentuk dan tindakan diskriminasi maupun kekerasan.,human rights,e,positive,commitment,3
3902,Perseroan menunjukkan Divisi Audit Internal yang dibantu oleh fungsi manajemen risiko pada setiap unit untuk melakukan pengawasan kinerja manajemen risiko.,internal audit,none,positive,action,1
3903,Perseroan menunjukkan Divisi Audit Internal yang dibantu oleh fungsi manajemen risiko pada setiap unit untuk melakukan pengawasan kinerja manajemen risiko.,internal audit and risk management,g,positive,action,1
3904,Perseroan menutup tahun 2018 dengan kinerja yang memuaskan melalui transformasi lima tahun untuk tetap leading dan inovatif.,business transformation,s,positive,outcome,1
3905,Perseroan menutup tahun 2018 dengan kinerja yang memuaskan.,company performance,e,positive,outcome,1
3906,Perseroan menutup tahun 2018 dengan kinerja yang memuaskan.,financial performance,e-s-g,positive,outcome,3
3907,Perseroan menutup tahun 2018 dengan kinerja yang memuaskan.,kinerja keuangan,s,positive,outcome,1
3908,Perseroan menutup tahun 2018 dengan kinerja yang memuaskan.,overall business performance,none,positive,outcome,1
3909,Perseroan menutup tahun 2018 dengan kinerja yang memuaskan.,overall company performance,s,positive,outcome,2
3910,Perseroan menutup tahun 2018 dengan kinerja yang memuaskan. Manajemen secara konsisten meneruskan proses transformasi sesuai dengan visi perusahaan hingga 5 (lima) tahun ke depan untuk tetap leading dan inovatif di sektor telekomunikasi ritel.,business transformation,none,positive,commitment,1
3911,Perseroan menutup tahun 2018 dengan kinerja yang memuaskan. Manajemen secara konsisten meneruskan proses transformasi sesuai dengan visi perusahaan hingga 5 (lima) tahun ke depan untuk tetap leading dan inovatif di sektor telekomunikasi ritel.,long-term strategic commitment to transformation,e-s,positive,commitment,1
3912,Perseroan menutup tahun 2018 dengan kinerja yang memuaskan. Manajemen secara konsisten meneruskan proses transformasi sesuai dengan visi perusahaan hingga 5 (lima) tahun ke depan untuk tetap leading dan inovatif di sektor telekomunikasi ritel.,strategic management,e,positive,commitment,1
3913,Perseroan menutup tahun 2018 dengan kinerja yang memuaskan. Manajemen secara konsisten meneruskan proses transformasi sesuai dengan visi perusahaan hingga 5 (lima) tahun ke depan untuk tetap leading dan inovatif di sektor telekomunikasi ritel.,strategic transformation,s,positive,commitment,1
3914,Perseroan menyadari adanya risiko signifikan yang ditimbulkan oleh perubahan iklim terhadap kondisi global.,climate change risk,e-s-g,neutral,commitment,1
3915,"Perseroan menyadari bahwa adanya perubahan iklim dapat berpengaruh pada kegiatan operasional mitra usaha kami, sehingga diperlukan adanya strategi khusus untuk memitigasi potensi dampak negatif dengan menerapkan Business Continuity and Contingency Plan.",climate change awareness and mitigation strategy,s,positive,commitment,1
3916,"Perseroan menyadari bahwa adanya perubahan iklim dapat berpengaruh pada kegiatan operasional mitra usaha kami, sehingga diperlukan adanya strategi khusus untuk memitigasi potensi dampak negatif dengan menerapkan Business Continuity and Contingency Plan.",climate change impact and mitigation strategies,s-g,positive,commitment,1
3917,"Perseroan menyadari bahwa adanya perubahan iklim dapat berpengaruh pada kegiatan operasional mitra usaha kami, sehingga diperlukan adanya strategi khusus untuk memitigasi potensi dampak negatif dengan menerapkan Business Continuity and Contingency Plan.",climate change impact mitigation,e-s-g,positive,commitment,2
3918,"Perseroan menyadari bahwa adanya perubahan iklim dapat berpengaruh pada kegiatan operasional mitra usaha kami, sehingga diperlukan adanya strategi khusus untuk memitigasi potensi dampak negatif dengan menerapkan Business Continuity and Contingency Plan.",climate change risk mitigation,none,positive,commitment,2
3919,"Perseroan menyadari bahwa adanya perubahan iklim dapat berpengaruh pada kegiatan operasional mitra usaha kami, sehingga diperlukan adanya strategi khusus untuk memitigasi potensi dampak negatif dengan menerapkan Business Continuity and Contingency Plan.",climate risk management,none,positive,commitment,2
3920,"Perseroan menyadari bahwa adanya perubahan iklim dapat berpengaruh pada kegiatan operasional mitra usaha kami, sehingga diperlukan adanya strategi khusus untuk memitigasi potensi dampak negatif dengan menerapkan Business Continuity and Contingency Plan.",climate risk mitigation,g,positive,commitment,1
3921,"Perseroan menyadari bahwa adanya perubahan iklim dapat berpengaruh pada kegiatan operasional mitra usaha kami, sehingga diperlukan adanya strategi khusus untuk memitigasi potensi dampak negatif dengan menerapkan Business Continuity and Contingency Plan.",environmental protection,s,positive,commitment,1
3922,Perseroan menyadari bahwa aspek Sumber Daya Manusia adalah faktor yang sangat penting untuk mencapai keberlanjutan usaha.,importance of human resources for business sustainability,,positive,commitment,1
3923,Perseroan menyadari bahwa aspek Sumber Daya Manusia adalah faktor yang sangat penting untuk mencapai keberlanjutan usaha. (The Company realizes that Human Capital aspect is a crucial factor for business sustainability),human capital importance,g,positive,commitment,1
3924,"Perseroan merayakan hari jadi Perseroan ke 53 tahun, pada ulang tahun ke 53 Tahun ini, Perseroan membuat tagline ""Komitmen dan Dedikasi"" yang bertujuan untuk memberikan komitmen & dedikasi Perseroan kepada seluruh customer loyal kami.",corporate social responsibility,e,positive,commitment,1
3925,"Perseroan merayakan hari jadi Perseroan ke 53 tahun, pada ulang tahun ke 53 Tahun ini, Perseroan membuat tagline ""Komitmen dan Dedikasi"" yang bertujuan untuk memberikan komitmen &amp; dedikasi Perseroan kepada seluruh customer loyal kami.",customer relations,none,positive,commitment,1
3926,"Perseroan merayakan hari jadi Perseroan ke 53 tahun, pada ulang tahun ke 53 Tahun ini, Perseroan membuat tagline 'Komitmen dan Dedikasi' yang bertujuan untuk memberikan komitmen & dedikasi Perseroan kepada seluruh customer loyal kami.",community engagement,s,positive,commitment,1
3927,Perseroan meresmikan pembangunan distribution center yang akan menjadi ujung tombak dari strategi,construction of distribution center,e-s-g,positive,action,1
3928,Perseroan meresmikan pembangunan distribution center yang akan menjadi ujung tombak dari strategi,infrastructure development,s,positive,action,1
3929,"Perseroan merespons dengan cara terus melakukan inovasi agar dapat mempertahankan eksistensinya melalui program, konten, tayangan, dan layanan yang berkualitas kepada seluruh pemirsa.",innovation and quality content,none,positive,action,1
3930,"Perseroan merespons dengan cara terus melakukan inovasi agar dapat mempertahankan eksistensinya melalui program, konten, tayangan, dan layanan yang berkualitas kepada seluruh pemirsa.",innovation in content,s,positive,action,1
3931,"Perseroan merespons dengan cara terus melakukan inovasi agar dapat mempertahankan eksistensinya melalui program, konten, tayangan, dan layanan yang berkualitas kepada seluruh pemirsa.",innovation in content and services,e-s,positive,action,1
3932,"Perseroan merupakan Dealer dengan peraih penghargaan terbanyak dari semua kategori, dengan penghargaan ini Perseroan akan terus memberikan dukungan dan solusi terbaik untuk para pelanggan dalam menunjang produktifitas bisnis.",customer satisfaction,g,positive,commitment,1
3933,Perseroan meyakini bahwa visi dan misi yang ada saat ini masih relevan dengan kondisi Perseroaan saat ini.,relevance of current vision and mission,none,positive,commitment,1
3934,"Perseroan meyakini dapat menjalankan seluruh kegiatan operasional bisnis yang berkelanjutan, dengan cara mempertahankan pangsa pasar kepemirsaan dan mendukung Tujuan Pembangunan Berkelanjutan (TPB).",sustainable business operations,e,positive,commitment,2
3935,"Perseroan meyakini dapat menjalankan seluruh kegiatan operasional bisnis yang berkelanjutan, dengan cara mempertahankan pangsa pasar kepemirsaan dan mendukung Tujuan Pembangunan Berkelanjutan (TPB).",sustainable business operations and sdg support,none,positive,commitment,2
3936,"Perseroan meyakini dapat menjalankan seluruh kegiatan operasional bisnis yang berkelanjutan, dengan cara mempertahankan pangsa pasar kepemirsaan dan mendukung Tujuan Pembangunan Berkelanjutan (TPB).",sustainable business operations and sdgs,e-s,positive,commitment,1
3937,"Perseroan meyakini dapat menjalankan seluruh kegiatan operasional bisnis yang berkelanjutan, dengan cara mempertahankan pangsa pasar kepemirsaan dan mendukung Tujuan Pembangunan Berkelanjutan (TPB).",sustainable business operations and sdgs support,e-s,positive,commitment,1
3938,"Perseroan meyakini dapat menjalankan seluruh kegiatan operasional bisnis yang berkelanjutan, dengan cara mempertahankan pangsa pasar kepemirsaan dan mendukung Tujuan Pembangunan Berkelanjutan (TPB).",sustainable operations,e-s,positive,commitment,1
3939,"Perseroan meyakini melalui upaya tersebut dapat menjalankan kegiatan operasional bisnis yang berkelanjutan, mempertahankan tingkat pangsa pasar kepemirsaan, serta terutama dapat mendukung Tujuan Pembangunan Berkelanjutan (TPB).",sustainable business operations,none,positive,commitment,1
3940,"Perseroan meyakini melalui upaya tersebut dapat menjalankan kegiatan operasional bisnis yang berkelanjutan, mempertahankan tingkat pangsa pasar kepemirsaan, serta terutama dapat mendukung Tujuan Pembangunan Berkelanjutan (TPB).",sustainable business operations and sdg support,s,positive,commitment,1
3941,"Perseroan meyakini melalui upaya tersebut dapat menjalankan kegiatan operasional bisnis yang berkelanjutan, mempertahankan tingkat pangsa pasar kepemirsaan, serta terutama dapat mendukung Tujuan Pembangunan Berkelanjutan (TPB).",sustainable business operations and sdgs support,,positive,commitment,1
3942,"Perseroan meyakini melalui upaya tersebut dapat menjalankan kegiatan operasional bisnis yang berkelanjutan, mempertahankan tingkat pangsa pasar kepemirsaan, serta terutama dapat mendukung Tujuan Pembangunan Berkelanjutan (TPB).",sustainable operations,e,positive,commitment,1
3943,Perseroan mulai menyediakan smart connected devices yang tengah diminati masyarakat beberapa tahun belakangan.,innovation,none,positive,action,2
3944,Perseroan optimis akan menjadi pemain utama ritel lifestyle terdepan dengan jaringan omnichannel terluas di masa mendatang.,business growth,s,positive,commitment,1
3945,Perseroan optimis akan menjadi pemain utama ritel lifestyle terdepan dengan jaringan omnichannel terluas di masa mendatang.,pemain utama ritel lifestyle,none,positive,commitment,1
3946,"Perseroan percaya bahwa keberlanjutan berarti secara konsisten menciptakan nilai jangka panjang dalam kegiatan operasional kami, sebagai kontribusi terhadap lingkungan dan masyarakat sekitar.",commitment to sustainability,s,positive,commitment,1
3947,"Perseroan percaya bahwa keberlanjutan berarti secara konsisten menciptakan nilai jangka panjang dalam kegiatan operasional kami, sebagai kontribusi terhadap lingkungan dan masyarakat sekitar.",sustainability commitment,s,positive,commitment,1
3948,Perseroan pun membangun jaringan omni-channel di seluruh wilayah Indonesia.,market expansion,none,positive,action,1
3949,Perseroan pun membangun jaringan omni-channel di seluruh wilayah Indonesia.,omni-channel strategy,e-s-g,positive,action,1
3950,Perseroan secara aktif menginisiasi dan mendukung program konservasi.,biodiversity conservation,s,positive,action,1
3951,Perseroan secara berkesinambungan melakukan upaya konservasi terhadap area yang teridentifikasi memiliki NKT dan SKT.,biodiversity conservation,none,positive,action,2
3952,Perseroan sekaligus melakukan peresmian fasilitas Component Rebuild Center (CRC) khusus untuk produk LiuGong asal China.,circular economy,s,positive,action,1
3953,Perseroan sekaligus melakukan peresmian fasilitas Component Rebuild Center (CRC) khusus untuk produk LiuGong asal China.,component rebuild center (crc),s,positive,action,1
3954,Perseroan sekaligus melakukan peresmian fasilitas Component Rebuild Center (CRC) khusus untuk produk LiuGong asal China.,service infrastructure,s,positive,action,1
3955,Perseroan sekaligus melakukan peresmian fasilitas Component Rebuild Center (CRC) khusus untuk produk LiuGong asal China.,service infrastructure development,e-s-g,positive,action,1
3956,"Perseroan sekaligus melakukan peresmian fasilitas Component Rebuild Center (CRC) khusus untuk produk LiuGong asal China. Di mana, fasilitas CRC ini adalah yang pertama di dunia bagi LiuGong di Indonesia, sekaligus dengan adanya fasilitas CRC ini dapat semakin meningkatkan produktivitas customer loyal INTA dengan meminimalisir waktu henti mesin karena komponen rusak.",operational efficiency,s,positive,outcome,1
3957,Perseroan senantiasa bertujuan meraih imbal hasil investasi yang lebih baik.,investment returns,e-s-g,positive,commitment,2
3958,Perseroan senantiasa berusaha untuk menciptakan sinergi dan hubungan yang harmonis baik dengan seluruh pekerja maupun dengan masyarakat sekitar.,community relations,e,positive,commitment,2
3959,"Perseroan senantiasa menyelaraskan strategi operasional dengan prinsip keberlanjutan agar dampak yang dihasilkan dapat terukur bagi pemangku kepentingan, baik dari sisi aspek ekonomi, aspek lingkungan maupun aspek sosial yang merupakan 3 (tiga) aspek utama keberlanjutan.",sustainability alignment,e,positive,commitment,2
3960,"Perseroan senantiasa menyelaraskan strategi operasional dengan prinsip keberlanjutan agar dampak yang dihasilkan dapat terukur bagi pemangku kepentingan, baik dari sisi aspek ekonomi, aspek lingkungan maupun aspek sosial yang merupakan 3 (tiga) aspek utama keberlanjutan.",sustainability principles integration,,positive,commitment,1
3961,"Perseroan telah melakukan berbagai upaya internal untuk mendukung tercapainya operasional yang lebih ramah lingkungan, seperti mengurangi konsumsi BBM, pemakaian listrik, dan pengelolaan limbah sesuai prinsip 3R (reuse, reduce, recycle).",operasional ramah lingkungan,g,positive,action,1
3962,Perseroan telah melakukan serangkaian program yang dapat mengurangi dampak yang ditimbulkan terhadap perubahan iklim.,environmental protection,e,positive,action,1
3963,Perseroan telah memiliki Kerangka Keberlanjutan yang menggambarkan pendekatan untuk mengatasi tantangan yang berkaitan dengan permasalahan aspek keberlanjutan.,sustainability framework,,positive,action,3
3964,Perseroan telah memiliki kebijakan untuk memastikan pemenuhan hak terhadap seluruh pekerja dan masyarakat sekitar.,human rights,,positive,action,1
3965,Perseroan telah memiliki kebijakan untuk memastikan pemenuhan hak terhadap seluruh pekerja dan masyarakat sekitar.,labor rights,e,positive,action,1
3966,"Perseroan telah memiliki strategi keberlanjutan yang menjadi dasar kegiatan usaha kami, di antaranya yaitu: [2-17] [2-22] [2-23] [2-24]",sustainability strategy,e,positive,commitment,1
3967,Perseroan telah memiliki strategi keberlanjutan yang menjadi dasar kegiatan usaha kami.,sustainability strategy,s,positive,commitment,1
3968,"Perseroan telah menggulirkan transformasi di segenap aspek bisnis, termasuk memperkuat ekosistem, mendorong inovasi dan investasi untuk menghasilkan konten berkualitas untuk mempertahankan tingkat kepemirsaan, baik pada stasiun televisi Free-To-Air (FTA) nasional milik Perseroan, maupun platform Over-The-Top (OTT).",business transformation,g,positive,action,4
3969,"Perseroan telah menggulirkan transformasi di segenap aspek bisnis, termasuk memperkuat ekosistem, mendorong inovasi dan investasi untuk menghasilkan konten berkualitas untuk mempertahankan tingkat kepemirsaan, baik pada stasiun televisi Free-To-Air (FTA) nasional milik Perseroan, maupun platform Over-The-Top (OTT).",transformasi bisnis,s,positive,action,1
