:ID,:LABEL,name,text,timestamp,target,mapped_to_ontology,records
record:r000_000,ESGRecord,r000_000,"As a pioneer among industrial estate developers in Indonesia, BeFa is at the forefront of creating a green and eco-friendly industrial zone. This transformative initiative aims to minimize environmental impact while promoting a sustainable economic model. It includes prioritizing renewable energy sources, implementing waste management systems, and ensuring efficient resource utilization.",2026-04-08T02:40:23.506816Z,BEST-SR_2024_pdf/batch_8,,
company:best_sr_2024,Company,BEST-SR_2024,,,,,
model:arcee_ai_trinity_large_preview_free,Model,arcee-ai/trinity-large-preview:free,,,,,
prompt:tone_zero_shot_english_md,Prompt,tone_zero_shot_english.md,,,,,
aspect:environmental_claims,Aspect,environmental-claims,,,,,
esgpillar:e,ESGPillar,e,,,,,
tone:commitment,Tone,commitment,,,,,
sentiment:neutral,Sentiment,neutral,,,,,
climatelabel:climate_detection,ClimateLabel,climate-detection,,,,,
climatelabel:climate_d,ClimateLabel,climate-d,,,,,
climatelabel:climate_d_s,ClimateLabel,climate-d-s,,,,,
climatelabel:climate_specificity,ClimateLabel,climate-specificity,,,,,
climatelabel:environmental_claims,ClimateLabel,environmental-claims,,,,,
record:r000_001,ESGRecord,r000_001,"The Company is dedicated to continuous innovation and excellence within the realm of ESG, striving to create spaces that harmoniously blend industry with ecological sustainability. In its pursuit of this vision, BeFa is evolving into a Smart Eco-Industrial Park. This initiative focuses on promoting sustainable development through the incorporation of advanced technologies, smart infrastructure, and environmentally friendly practices that benefit both the community and the ecosystem. By fostering collaboration among tenants and other stakeholders, BeFa aims to set a precedent for responsible industrial growth while addressing global environmental challenges.",2026-04-08T02:40:23.506816Z,BEST-SR_2024_pdf/batch_8,,
record:r000_002,ESGRecord,r000_002,BeFa reaffirms its dedication to leadership excellence by promoting the professional development of its Board of Directors. Each board member is given the opportunity to participate in a specialized competency enhancement program designed to provide them with the latest industry knowledge and strategic insights.,2026-04-08T02:40:23.506816Z,BEST-SR_2024_pdf/batch_8,,
aspect:governance,Aspect,governance,,,,,
esgpillar:g,ESGPillar,g,,,,,
tone:action,Tone,action,,,,,
climatelabel:governance,ClimateLabel,governance,,,,,
record:r006_000,ESGRecord,r006_000,"Sepanjang tahun 2024, VKTR mengukuhkan peran strategisnya dalam membentuk lanskap baru transportasi berkelanjutan di Indonesia. Tidak hanya sebagai perintis, VKTR kini hadir sebagai arsitek utama yang merancang dan mewujudkan solusi mobilitas hijau yang adaptif dan menyeluruh. Melalui pengembangan kendaraan listrik komersial lintas sektor, mulai dari truk dan bus, hingga solusi logistik dan angkutan perkotaan, VKTR memperkenalkan model mobilitas yang tidak hanya efisien, tetapi juga berorientasi pada masa depan rendah emisi.",2026-04-08T02:41:29.425964Z,vktr_ar_sr_2024_pdf/batch_20,,
company:vktr_ar_sr_2024,Company,vktr_ar_sr_2024,,,,,
prompt:tone_chain_of_thought_english_md,Prompt,tone_chain_of_thought_english.md,,,,,
aspect:climate_detection,Aspect,climate-detection,,,,,
climatelabel:climate_commitment,ClimateLabel,climate-commitment,,,,,
climatelabel:climate_sentiment,ClimateLabel,climate-sentiment,,,,,
climatelabel:climate_s,ClimateLabel,climate-s,,,,,
climatelabel:climate_f,ClimateLabel,climate-f,,,,,
climatelabel:strategy,ClimateLabel,strategy,,,,,
record:r006_001,ESGRecord,r006_001,"Keberhasilan pembangunan fasilitas perakitan kendaraan listrik di Magelang menjadi tonggak penting yang mencerminkan langkah nyata industrialisasi hijau di tingkat nasional. Dengan mengedepankan standar lokal dan pemberdayaan rantai pasok dalam negeri, VKTR memperluas cakupan dampak transformasi, dari aspek teknologi hingga penciptaan nilai ekonomi dan sosial.",2026-04-08T02:41:29.425964Z,vktr_ar_sr_2024_pdf/batch_20,,
tone:outcome,Tone,outcome,,,,,
sentiment:positive,Sentiment,positive,,,,,
climatelabel:climate_tcfd,ClimateLabel,climate-tcfd,,,,,
record:r006_002,ESGRecord,r006_002,Komitmen ini diperkuat melalui pengembangan beragam prototipe dan kolaborasi lintas industri yang mendukung kecepatan adopsi serta kustomisasi kendaraan sesuai kebutuhan sektor-sektor strategis.,2026-04-08T02:41:29.425964Z,vktr_ar_sr_2024_pdf/batch_20,,
record:r006_003,ESGRecord,r006_003,"VKTR terus menjadi bagian penting dari solusi nasional menuju masa depan transportasi rendah karbon. Perjalanan ini bukan sekadar menghadirkan produk, tetapi membentuk sistem, sebuah ekosistem yang menjawab kebutuhan zaman dengan teknologi, tanggung jawab lingkungan, dan tekad kolektif membangun Indonesia yang lebih hijau dan tangguh.",2026-04-08T02:41:29.425964Z,vktr_ar_sr_2024_pdf/batch_20,,
record:r006_004,ESGRecord,r006_004,"Pada tanggal 10 Oktober 2023, Perusahaan dan MB menandatangani perjanjian kerja sama antara BA, Entitas Anak, dan MB, dimana Perusahaan akan menyediakan jasa perawatan, perbaikan dan penyediaan suku cadang untuk BYD yang dibutuhkan oleh Kendaraan Bus Listrik BYD K9 LF milik MB. Perusahaan menyatakan bersedia untuk bekerja sama dengan MB dalam hal perawatan, perbaikan, dan penyediaan suku cadang untuk Kendaraan Bus Listrik BYD K9 LF.",2026-04-08T02:41:29.425964Z,vktr_ar_sr_2024_pdf/batch_20,,
record:r006_005,ESGRecord,r006_005,"Pada tanggal 27 September 2024, Perusahaan menandatangani Surat Perjanjian Kerahasiaan (NDA) dengan PT Agro Multi Persada. NDA tersebut berisi bahwa kedua perusahaan sepakat sehubungan adanya kemungkinan kerja sama dalam penggunaan truk dan bus listrik milik perusahaan oleh AMP untuk tujuan uji coba kendaraan listrik Perusahaan.",2026-04-08T02:41:29.425964Z,vktr_ar_sr_2024_pdf/batch_20,,
record:r006_006,ESGRecord,r006_006,"Pada tanggal 1 Juni 2024, Perusahaan menandatangani Memorandum of Understanding dengan WBKM. Perusahaan, sebagai perusahaan yang bergerak di bidang perdagangan dan manufaktur kendaraan listrik, dan WBKM, sebagai Perusahaan yang menyediakan angkutan umum, ingin mengeksplorasi dan mempertimbangkan peluang untuk melakukan kerjasama timbal balik yang lebih luas pada proyek di Indonesia.",2026-04-08T02:41:29.425964Z,vktr_ar_sr_2024_pdf/batch_20,,
record:r006_007,ESGRecord,r006_007,"Pada tanggal 15 Februari 2024, Perusahaan membuat Memorandum of Understanding (""MOU"") dengan MHN. Perusahaan dan MHN ingin mengeksplorasi dan mempertimbangkan peluang untuk bekerja sama satu sama lain dan mengembangkan bersama dengan bidang yang lebih luas dari kerja sama timbal balik pada proyek di Indonesia. Jangka waktunya adalah dua (2) tahun sejak tanggal efektif.",2026-04-08T02:41:29.425964Z,vktr_ar_sr_2024_pdf/batch_20,,
record:r006_008,ESGRecord,r006_008,"Pada tanggal 16 Februari 2024, Perusahaan menandatangani Perjanjian Kerahasiaan dengan MHN. Perusahaan dan MHN sepakat bahwa Perusahaan akan bekerjasama dengan MHN untuk mendiskusikan peluang bisnis atas proyek kendaraan listrik.",2026-04-08T02:41:29.425964Z,vktr_ar_sr_2024_pdf/batch_20,,
record:r006_009,ESGRecord,r006_009,"Pada tanggal 15 November 2024, Perusahaan dan AMP menandatangani Perjanjian Uji Coba Truk Listrik untuk menguji coba satu (1) unit Truk Listrik tipe VKTR Light Duty Truck TLD080F dengan karoseri Hook Lift di lokasi kebun yang disepakati oleh Perusahan dan AMP. Uji coba ini dilakukan untuk mengevaluasi kinerja Truk Listrik dalam operasional di area kerja AMP, dengan periode uji coba selama satu (1) bulan. Kesuksesan uji coba akan ditentukan berdasarkan parameter kinerja yang telah disepakati, dan jika hasil uji coba memuaskan, AMP berpotensi untuk melakukan pembelian lebih lanjut sesuai dengan kesepakatan tertulis.",2026-04-08T02:41:29.425964Z,vktr_ar_sr_2024_pdf/batch_20,,
record:r006_010,ESGRecord,r006_010,"Pada tanggal 5 Agustus 2024, VSI dan BYD telah mengadakan Perjanjian Lisensi Teknis Perakitan KD. Berdasarkan Perjanjian tersebut, VSI sebagai Penerima Lisensi dan BYD sebagai Pemberi Lisensi yang dimana mengatur tentang pemberian Hak Produksi.",2026-04-08T02:41:29.425964Z,vktr_ar_sr_2024_pdf/batch_20,,
record:r006_011,ESGRecord,r006_011,"Pada tanggal 30 April 2022, Perusahaan dan Anhui mengadakan perjanjian negosiasi terhadap JAC Electric Vehicle Chassis. Jangka waktu perjanjian ini adalah lima (5) tahun.",2026-04-08T02:41:29.425964Z,vktr_ar_sr_2024_pdf/batch_20,,
record:r007_000,ESGRecord,r007_000,Dalam jutaan Rupiah,2026-04-08T02:44:38.216582Z,AR SR GTRA 2024___pdf/batch_4,,
company:ar_sr_gtra_2024,Company,AR SR GTRA 2024,,,,,
prompt:tone_zero_shot_indonesian_md,Prompt,tone_zero_shot_indonesian.md,,,,,
aspect:none,Aspect,none,,,,,
esgpillar:none,ESGPillar,none,,,,,
tone:none,Tone,none,,,,,
sentiment:none,Sentiment,none,,,,,
climatelabel:none,ClimateLabel,none,,,,,
record:r007_001,ESGRecord,r007_001,Pendapatan,2026-04-08T02:44:38.216582Z,AR SR GTRA 2024___pdf/batch_4,,
record:r007_002,ESGRecord,r007_002,Beban Pokok Pendapatan,2026-04-08T02:44:38.216582Z,AR SR GTRA 2024___pdf/batch_4,,
record:r007_003,ESGRecord,r007_003,Laba Bruto,2026-04-08T02:44:38.216582Z,AR SR GTRA 2024___pdf/batch_4,,
record:r007_004,ESGRecord,r007_004,Laba Sebelum Beban Pajak Penghasilan,2026-04-08T02:44:38.216582Z,AR SR GTRA 2024___pdf/batch_4,,
record:r007_005,ESGRecord,r007_005,Laba Neto,2026-04-08T02:44:38.216582Z,AR SR GTRA 2024___pdf/batch_4,,
record:r007_006,ESGRecord,r007_006,Rugi Komprehensif Lain - Neto,2026-04-08T02:44:38.216582Z,AR SR GTRA 2024___pdf/batch_4,,
record:r007_007,ESGRecord,r007_007,Kerugian kredit ekspektasian adalah perkiraan probabilitas-tertimbang dari kerugian kredit.,2026-04-08T02:44:38.216582Z,AR SR GTRA 2024___pdf/batch_4,,
record:r007_008,ESGRecord,r007_008,Kerugian kredit diukur sebagai nilai sekarang dari semua kekurangan penerimaan kas (yaitu perbedaan antara arus kas terutang dari suatu entitas berdasarkan kontrak dan arus kas yang diharapkan untuk diterima).,2026-04-08T02:44:38.216582Z,AR SR GTRA 2024___pdf/batch_4,,
record:r007_009,ESGRecord,r007_009,Kerugian kredit ekspektasian didiskontokan pada tingkat bunga efektif dari aset keuangan tersebut.,2026-04-08T02:44:38.216582Z,AR SR GTRA 2024___pdf/batch_4,,
record:r007_010,ESGRecord,r007_010,"Pada saat pengakuan awal, Grup mengukur liabilitas keuangan pada nilai wajar ditambah atau dikurangi, biaya transaksi yang terkait langsung dengan perolehan atau penerbitan liabilitas keuangan.",2026-04-08T02:44:38.216582Z,AR SR GTRA 2024___pdf/batch_4,,
record:r007_011,ESGRecord,r007_011,Grup mengklasifikasikan semua liabilitas keuangannya ke dalam kategori liabilitas keuangan yang diukur pada biaya perolehan diamortisasi.,2026-04-08T02:44:38.216582Z,AR SR GTRA 2024___pdf/batch_4,,
record:r007_012,ESGRecord,r007_012,"Setelah pengakuan awal, liabilitas keuangan selanjutnya diukur pada biaya perolehan diamortisasi dengan menggunakan metode suku bunga efektif.",2026-04-08T02:44:38.216582Z,AR SR GTRA 2024___pdf/batch_4,,
record:r007_013,ESGRecord,r007_013,"Keuntungan atau kerugian diakui dalam laba rugi ketika liabilitas keuangan tersebut dihentikan pengakuannya atau mengalami penurunan nilai, dan melalui proses amortisasi.",2026-04-08T02:44:38.216582Z,AR SR GTRA 2024___pdf/batch_4,,
record:r007_014,ESGRecord,r007_014,"Grup mengeluarkan liabilitas keuangan dari laporan posisi keuangan konsolidasiannya jika, dan hanya jika, kewajiban yang ditetapkan dalam kontrak dilepaskan atau dibatalkan atau kedaluwarsa.",2026-04-08T02:44:38.216582Z,AR SR GTRA 2024___pdf/batch_4,,
record:r007_015,ESGRecord,r007_015,"Selisih antara jumlah tercatat liabilitas keuangan yang berakhir atau yang dialihkan ke pihak lain, dan imbalan yang dibayarkan, termasuk aset nonkas yang dialihkan atau liabilitas yang ditanggung diakui dalam laba rugi.",2026-04-08T02:44:38.216582Z,AR SR GTRA 2024___pdf/batch_4,,
record:r007_016,ESGRecord,r007_016,"Aset keuangan dan liabilitas keuangan saling hapus dan jumlah netonya dilaporkan dalam laporan posisi keuangan konsolidasian jika, dan hanya jika, saat ini memiliki hak yang berkekuatan hukum untuk melakukan saling hapus atas jumlah yang telah diakui dan terdapat niat untuk menyelesaikannya secara neto, atau untuk merealisasikan aset dan menyelesaikan liabilitasnya secara simultan.",2026-04-08T02:44:38.216582Z,AR SR GTRA 2024___pdf/batch_4,,
record:r007_017,ESGRecord,r007_017,"Nilai wajar instrumen keuangan yang diperdagangkan di pasar aktif pada setiap tanggal pelaporan ditentukan dengan mengacu pada kuotasi harga pasar atau kuotasi harga pedagang efek (harga penawaran untuk posisi beli dan harga permintaan untuk posisi jual), tidak termasuk pengurangan apapun untuk biaya transaksi.",2026-04-08T02:44:38.216582Z,AR SR GTRA 2024___pdf/batch_4,,
record:r007_018,ESGRecord,r007_018,"Untuk instrumen keuangan yang tidak memiliki pasar aktif, nilai wajar ditentukan dengan menggunakan teknik penilaian.",2026-04-08T02:44:38.216582Z,AR SR GTRA 2024___pdf/batch_4,,
record:r007_019,ESGRecord,r007_019,"Teknik penilaian mencakup penggunaan transaksi pasar terkini yang dilakukan secara wajar oleh pihak-pihak yang berkeinginan dan memahami (recent arm's length market transactions), penggunaan nilai wajar terkini instrumen lain yang secara substansial sama, analisa arus kas yang didiskonto, atau model penilaian lain.",2026-04-08T02:44:38.216582Z,AR SR GTRA 2024___pdf/batch_4,,
record:r007_020,ESGRecord,r007_020,"Imbalan kerja jangka pendek merupakan kompensasi yang diberikan oleh Grup seperti gaji, tunjangan, bonus dan pembayaran manfaat pensiun, yang diakui pada saat terutang kepada karyawan.",2026-04-08T02:44:38.216582Z,AR SR GTRA 2024___pdf/batch_4,,
record:r012_000,ESGRecord,r012_000,"PTBA berkomitmen mendukung target Pemerintah mencapai nol emisi. PTBA juga berkomitmen untuk menjalankan bisnis berkelanjutan dengan menerapkan keselarasan antara aspek Environmental, Social, and Governance (ESG).",2026-04-08T02:44:57.770079Z,20250526113828-2025-05-26ptba_laporan_berkelanjutan113825_pdf/batch_4,,
company:20250526113828_2025_05_26ptba_laporan_berkelanjutan113825,Company,20250526113828-2025-05-26ptba_laporan_berkelanjutan113825,,,,,
aspect:climate_commitment,Aspect,climate-commitment,,,,,
record:r012_001,ESGRecord,r012_001,"Untuk mendukung itu, Perseroan senantiasa melakukan berbagai optimasi menuju pertambangan yang lebih ramah lingkungan. Langkah nyata yang diambil antara lain menerapkan eco, mechanized mining yaitu mengganti peralatan pertambangan yang menggunakan bahan bakar fosil menjadi elektrik, e-mining reporting system yaitu, system pelaporan produksi secara real time dan daring dan berbagai program manajemen karbon di area operasional penambangan.",2026-04-08T02:44:57.770079Z,20250526113828-2025-05-26ptba_laporan_berkelanjutan113825_pdf/batch_4,,
record:r012_002,ESGRecord,r012_002,"Perseroan juga menciptakan sinergi dan kerja sama dengan berbagai mitra strategis dalam mewujudkan energi bersih seperti pengembangan PLTS, PLTB, tanaman Kaliandra untuk mengurangi emisi karbon dan menjadi simpanan biomassa untuk diolah menjadi wood pellet sebagai bahan campuran co-firing di PLTU serta Carbon Capture, Utilization (CCU) atau penangkapan karbon dioksida dan dikonversi menjadi methanol.",2026-04-08T02:44:57.770079Z,20250526113828-2025-05-26ptba_laporan_berkelanjutan113825_pdf/batch_4,,
aspect:climate_action,Aspect,climate-action,,,,,
climatelabel:climate_action,ClimateLabel,climate-action,,,,,
record:r012_003,ESGRecord,r012_003,"PTBA berkomitmen mendukung target Pemerintah mencapai Emisi Nol Bersih atau Net Zero Emission pada 2060. Dengan visi menjadi perusahaan energi kelas dunia, PTBA telah memiliki roadmap manajemen karbon hingga 2050, baik bersifat pengurangan emisi (reducing emission sources/ maupun peningkatan penyerapan emisi (increase carbon sinks).",2026-04-08T02:44:57.770079Z,20250526113828-2025-05-26ptba_laporan_berkelanjutan113825_pdf/batch_4,,
aspect:netzero_reduction,Aspect,netzero-reduction,,,,,
climatelabel:netzero_reduction,ClimateLabel,netzero-reduction,,,,,
record:r012_004,ESGRecord,r012_004,"Berdasarkan manajemen karbon hingga 2050, terdapat 3 (tiga) pendekatan yang dilakukan PTBA, yaitu dekarbonisasi operasi, reklamasi, dan studi CCU (carbon capture, and utilization). Dengan langkah ini, PTBA optimis dapat menjadi Perusahaan yang berkelanjutan dan terus berkontribusi dalam pencapaian Net Zero Emission.",2026-04-08T02:44:57.770079Z,20250526113828-2025-05-26ptba_laporan_berkelanjutan113825_pdf/batch_4,,
record:r012_005,ESGRecord,r012_005,"PTBA secara aktif telah memberikan pengetahuan kepada karyawan terkait SPP/WBS yang disalurkan melalui medial email serta dipublikasikan melalui sosial media perusahaan. Sejalan dengan hal tersebut, untuk mendukung pemanfaatan SPP/WBS secara optimal, PTBA berkomitmen untuk melindungi pelapor pelanggaran yang beritikad baik.",2026-04-08T02:44:57.770079Z,20250526113828-2025-05-26ptba_laporan_berkelanjutan113825_pdf/batch_4,,
record:r012_006,ESGRecord,r012_006,"Sebaliknya, Perusahaan akan memberikan sanksi bagi pelapor yang membuka kerahasiaan komunikasi dan informasi yang timbul dalam proses penanganan pelaporan dan pelapor yang menyampaikan laporan yang tidak benar kepada laporan yang bersifat fitnah kepada palsu.",2026-04-08T02:44:57.770079Z,20250526113828-2025-05-26ptba_laporan_berkelanjutan113825_pdf/batch_4,,
record:r012_007,ESGRecord,r012_007,"Untuk mendukung proses penanganan laporan pengaduan dan mendapatkan hasil yang maksimal, pelapor wajib menandatangani pakta integritas yang menyatakan akan menjaga kerahasiaan informasi yang timbul dalam proses penanganan pelaporan dan kebenaran atas laporan.",2026-04-08T02:44:57.770079Z,20250526113828-2025-05-26ptba_laporan_berkelanjutan113825_pdf/batch_4,,
record:r012_008,ESGRecord,r012_008,"Pelaporan Pelanggaran dapat disampaikan kepada Perusahaan melalui media yang telah disediakan, yaitu: Website : http://www.ptba.co.id Email : spp@bukitasam.co.id Telepon : +62 21 527 4635",2026-04-08T02:44:57.770079Z,20250526113828-2025-05-26ptba_laporan_berkelanjutan113825_pdf/batch_4,,
record:r012_009,ESGRecord,r012_009,"Selama tahun 2024, terdapat 5 (lima) laporan dugaan pelanggaran yang masuk melalui SPP/WBS, baik yang disampaikan melalui email, surat, telepon, faksimile, ataupun website Perusahaan.",2026-04-08T02:44:57.770079Z,20250526113828-2025-05-26ptba_laporan_berkelanjutan113825_pdf/batch_4,,
record:r012_010,ESGRecord,r012_010,"Berdasarkan laporan pengaduan pelanggaran yang masuk ke Perusahaan yaitu sebanyak 5 (lima) pengaduan sampai akhir tahun 2024, seluruh laporan yang masuk tersebut telah selesai ditindaklanjuti.",2026-04-08T02:44:57.770079Z,20250526113828-2025-05-26ptba_laporan_berkelanjutan113825_pdf/batch_4,,
record:r014_000,ESGRecord,r014_000,"The ICR has set an ambitious target of achieving net zero across all three scopes by 2040, and achieving an interim reduction of 42% by 2030.",2026-04-08T02:44:58.986814Z,icr-sustainability-23-24_pdf/batch_6,,
company:icr_sustainability_23_24,Company,icr-sustainability-23-24,,,,,
prompt:tone_chain_of_thought_indonesian_md,Prompt,tone_chain_of_thought_indonesian.md,,,,,
record:r014_001,ESGRecord,r014_001,"Thanks to activities such as a new energy management system and research led energy saving behaviours, the ICR's emissions from direct sources (Scope 1) and indirect sources (Scope 2) have decreased by 16% since 2018/19.",2026-04-08T02:44:58.986814Z,icr-sustainability-23-24_pdf/batch_6,,
climatelabel:metrics,ClimateLabel,metrics,,,,,
record:r014_002,ESGRecord,r014_002,"Business travel has seen a further bounce back this year, with increased travel to conferences the ICR has implemented a new policy of no domestic UK flights where a better sustainable alternative is available.",2026-04-08T02:44:58.986814Z,icr-sustainability-23-24_pdf/batch_6,,
record:r014_003,ESGRecord,r014_003,"There has been small decrease in waste emissions compared to the baseline year of 2018/29, with fluctuations in waste volumes in the intervening years due to the pandemic and large construction projects.",2026-04-08T02:44:58.986814Z,icr-sustainability-23-24_pdf/batch_6,,
esgpillar:missing,ESGPillar,missing,,,,,
tone:missing,Tone,missing,,,,,
sentiment:missing,Sentiment,missing,,,,,
record:r014_004,ESGRecord,r014_004,The ICR continues to be zero waste directly to landfill and is going out to tender for a new waste contract in 2025.,2026-04-08T02:44:58.986814Z,icr-sustainability-23-24_pdf/batch_6,,
record:r014_005,ESGRecord,r014_005,Carbon emissions from purchased goods and services have decreased by 6% compared to the baseline year of 2018/19.,2026-04-08T02:44:58.986814Z,icr-sustainability-23-24_pdf/batch_6,,
record:r014_006,ESGRecord,r014_006,"The ICR has successfully retained certification to ISO14001, an international standard that sets out the requirements for an environmental management system, since 2013 as part of our integrated management system.",2026-04-08T02:44:58.986814Z,icr-sustainability-23-24_pdf/batch_6,,
record:r014_007,ESGRecord,r014_007,The ICR is proud to be a signatory to this Concordat.,2026-04-08T02:44:58.986814Z,icr-sustainability-23-24_pdf/batch_6,,
record:r014_008,ESGRecord,r014_008,"The ICR has set an ambitious target of achieving net zero across all three scopes by 2040, and achieving an interim reduction of 42% by 2030.",2026-04-08T02:44:58.986814Z,icr-sustainability-23-24_pdf/batch_6,,
record:r014_009,ESGRecord,r014_009,"Thanks to activities such as a new energy management system and research led energy saving behaviours, the ICR's emissions from direct sources (Scope 1) and indirect sources (Scope 2) have decreased by 16% since 2018/19.",2026-04-08T02:44:58.986814Z,icr-sustainability-23-24_pdf/batch_6,,
record:r014_010,ESGRecord,r014_010,"Business travel has seen a further bounce back this year, with increased travel to conferences the ICR has implemented a new policy of no domestic UK flights where a better sustainable alternative is available.",2026-04-08T02:44:58.986814Z,icr-sustainability-23-24_pdf/batch_6,,
record:r014_011,ESGRecord,r014_011,"There has been small decrease in waste emissions compared to the baseline year of 2018/29, with fluctuations in waste volumes in the intervening years due to the pandemic and large construction projects.",2026-04-08T02:44:58.986814Z,icr-sustainability-23-24_pdf/batch_6,,
record:r014_012,ESGRecord,r014_012,The ICR continues to be zero waste directly to landfill and is going out to tender for a new waste contract in 2025.,2026-04-08T02:44:58.986814Z,icr-sustainability-23-24_pdf/batch_6,,
record:r014_013,ESGRecord,r014_013,Carbon emissions from purchased goods and services have decreased by 6% compared to the baseline year of 2018/19.,2026-04-08T02:44:58.986814Z,icr-sustainability-23-24_pdf/batch_6,,
record:r014_014,ESGRecord,r014_014,"The ICR has successfully retained certification to ISO14001, an international standard that sets out the requirements for an environmental management system, since 2013 as part of our integrated management system.",2026-04-08T02:44:58.986814Z,icr-sustainability-23-24_pdf/batch_6,,
record:r014_015,ESGRecord,r014_015,The ICR is proud to be a signatory to this Concordat.,2026-04-08T02:44:58.986814Z,icr-sustainability-23-24_pdf/batch_6,,
record:r014_016,ESGRecord,r014_016,"The ICR has set an ambitious target of achieving net zero across all three scopes by 2040, and achieving an interim reduction of 42% by 2030.",2026-04-08T02:44:58.986814Z,icr-sustainability-23-24_pdf/batch_6,,
record:r014_017,ESGRecord,r014_017,"Thanks to activities such as a new energy management system and research led energy saving behaviours, the ICR's emissions from direct sources (Scope 1) and indirect sources (Scope 2) have decreased by 16% since 2018/19.",2026-04-08T02:44:58.986814Z,icr-sustainability-23-24_pdf/batch_6,,
record:r014_018,ESGRecord,r014_018,"Business travel has seen a further bounce back this year, with increased travel to conferences the ICR has implemented a new policy of no domestic UK flights where a better sustainable alternative is available.",2026-04-08T02:44:58.986814Z,icr-sustainability-23-24_pdf/batch_6,,
record:r014_019,ESGRecord,r014_019,"There has been small decrease in waste emissions compared to the baseline year of 2018/29, with fluctuations in waste volumes in the intervening years due to the pandemic and large construction projects.",2026-04-08T02:44:58.986814Z,icr-sustainability-23-24_pdf/batch_6,,
record:r014_020,ESGRecord,r014_020,The ICR continues to be zero waste directly to landfill and is going out to tender for a new waste contract in 2025.,2026-04-08T02:44:58.986814Z,icr-sustainability-23-24_pdf/batch_6,,
record:r014_021,ESGRecord,r014_021,Carbon emissions from purchased goods and services have decreased by 6% compared to the baseline year of 2018/19.,2026-04-08T02:44:58.986814Z,icr-sustainability-23-24_pdf/batch_6,,
record:r014_022,ESGRecord,r014_022,"The ICR has successfully retained certification to ISO14001, an international standard that sets out the requirements for an environmental management system, since 2013 as part of our integrated management system.",2026-04-08T02:44:58.986814Z,icr-sustainability-23-24_pdf/batch_6,,
record:r014_023,ESGRecord,r014_023,The ICR is proud to be a signatory to this Concordat.,2026-04-08T02:44:58.986814Z,icr-sustainability-23-24_pdf/batch_6,,
record:r025_000,ESGRecord,r025_000,"PTBA berkomitmen mendukung target Pemerintah mencapai nol emisi. PTBA juga berkomitmen untuk menjalankan bisnis berkelanjutan dengan menerapkan keselarasan antara aspek Environmental, Social, and Governance (ESG).",2026-04-08T02:46:34.453805Z,20250526113828-2025-05-26ptba_laporan_berkelanjutan113825_pdf/batch_5,,
aspect:komitmen_esg,Aspect,komitmen esg,,,,,
record:r025_001,ESGRecord,r025_001,Perseroan senantiasa melakukan berbagai optimasi menuju pertambangan yang lebih ramah lingkungan.,2026-04-08T02:46:34.453805Z,20250526113828-2025-05-26ptba_laporan_berkelanjutan113825_pdf/batch_5,,
aspect:optimasi_lingkungan,Aspect,optimasi lingkungan,,,,,
record:r025_002,ESGRecord,r025_002,"Langkah nyata yang diambil antara lain menerapkan eco, mechanized mining yaitu mengganti peralatan pertambangan yang menggunakan bahan bakar fosil menjadi elektrik, e-mining reporting system yaitu, system pelaporan produksi secara real time dan daring dan berbagai program manajemen karbon di area operasional penambangan.",2026-04-08T02:46:34.453805Z,20250526113828-2025-05-26ptba_laporan_berkelanjutan113825_pdf/batch_5,,
aspect:teknologi_ramah_lingkungan,Aspect,teknologi ramah lingkungan,,,,,
record:r025_003,ESGRecord,r025_003,"Perseroan juga menciptakan sinergi dan kerja sama dengan berbagai mitra strategis dalam mewujudkan energi bersih seperti pengembangan PLTS, PLTB, tanaman Kaliandra untuk mengurangi emisi karbon dan menjadi simpanan biomassa untuk diolah menjadi wood pellet sebagai bahan campuran co-firing di PLTU serta Carbon Capture, Utilization (CCU) atau penangkapan karbon dioksida dan dikonversi menjadi methanol.",2026-04-08T02:46:34.453805Z,20250526113828-2025-05-26ptba_laporan_berkelanjutan113825_pdf/batch_5,,
aspect:kerja_sama_energi_bersih,Aspect,kerja sama energi bersih,,,,,
climatelabel:opportunity,ClimateLabel,opportunity,,,,,
record:r025_004,ESGRecord,r025_004,PTBA berkomitmen mendukung target Pemerintah mencapai Emisi Nol Bersih atau Net Zero Emission pada 2060.,2026-04-08T02:46:34.453805Z,20250526113828-2025-05-26ptba_laporan_berkelanjutan113825_pdf/batch_5,,
aspect:komitmen_net_zero,Aspect,komitmen net zero,,,,,
record:r025_005,ESGRecord,r025_005,"Dengan visi menjadi perusahaan energi kelas dunia, PTBA telah memiliki roadmap manajemen karbon hingga 2050, baik bersifat pengurangan emisi (reducing emission sources/ maupun peningkatan penyerapan emisi (increase carbon sinks).",2026-04-08T02:46:34.453805Z,20250526113828-2025-05-26ptba_laporan_berkelanjutan113825_pdf/batch_5,,
aspect:roadmap_karbon,Aspect,roadmap karbon,,,,,
record:r025_006,ESGRecord,r025_006,"Berdasarkan manajemen karbon hingga 2050, terdapat 3 (tiga) pendekatan yang dilakukan PTBA, yaitu dekarbonisasi operasi, reklamasi, dan studi CCU (carbon capture, utilization, and utilization).",2026-04-08T02:46:34.453805Z,20250526113828-2025-05-26ptba_laporan_berkelanjutan113825_pdf/batch_5,,
aspect:pendekatan_karbon,Aspect,pendekatan karbon,,,,,
record:r025_007,ESGRecord,r025_007,"Konflik atau benturan kepentingan merupakan salah satu ancaman serius bagi keberlangsungan dan keberlanjutan usaha, termasuk bagi PTBA.",2026-04-08T02:46:34.453805Z,20250526113828-2025-05-26ptba_laporan_berkelanjutan113825_pdf/batch_5,,
aspect:konflik_kepentingan,Aspect,konflik kepentingan,,,,,
sentiment:negative,Sentiment,negative,,,,,
record:r025_008,ESGRecord,r025_008,PTBA merumuskan benturan kepentingan sebagai pertentangan kepentingan ekonomis pribadi dengan kepentingan ekonomis Perusahaan yang berdampak pada Objektivitas serta pertimbangan komersial.,2026-04-08T02:46:34.453805Z,20250526113828-2025-05-26ptba_laporan_berkelanjutan113825_pdf/batch_5,,
aspect:definisi_konflik_kepentingan,Aspect,definisi konflik kepentingan,,,,,
record:r025_009,ESGRecord,r025_009,Setiap individu jajaran PTBA dilarang berada dalam situasi yang menimbulkan benturan kepentingan.,2026-04-08T02:46:34.453805Z,20250526113828-2025-05-26ptba_laporan_berkelanjutan113825_pdf/batch_5,,
aspect:kebijakan_konflik_kepentingan,Aspect,kebijakan konflik kepentingan,,,,,
record:r025_010,ESGRecord,r025_010,"PTBA memiliki sikap tegas terhadap korupsi sebagai bagian dari komitmen Perusahaan dalam menjalankan bisnis yang bersih, transparan, dan berintegritas.",2026-04-08T02:46:34.453805Z,20250526113828-2025-05-26ptba_laporan_berkelanjutan113825_pdf/batch_5,,
aspect:antikorupsi,Aspect,antikorupsi,,,,,
record:r025_011,ESGRecord,r025_011,"Perusahaan menolak segala bentuk praktik korupsi, kolusi, dan nepotisme, baik dalam hubungan internal maupun eksternal perusahaan.",2026-04-08T02:46:34.453805Z,20250526113828-2025-05-26ptba_laporan_berkelanjutan113825_pdf/batch_5,,
aspect:penolakan_korupsi,Aspect,penolakan korupsi,,,,,
record:r025_012,ESGRecord,r025_012,"Sikap ini diwujudkan melalui penerapan kode etik yang ketat, pengawasan internal yang kuat, serta implementasi whistleblowing system yang memungkinkan karyawan dan pemangku kepentingan melaporkan dugaan tindak korupsi secara aman.",2026-04-08T02:46:34.453805Z,20250526113828-2025-05-26ptba_laporan_berkelanjutan113825_pdf/batch_5,,
aspect:implementasi_antikorupsi,Aspect,implementasi antikorupsi,,,,,
record:r025_013,ESGRecord,r025_013,"Merujuk Undang-Undang No. 31 Tahun 1999 jo. Undang-Undang No. 20 Tahun 2001 tentang Pemberantasan Tindak Pidana Korupsi, pengertian korupsi mencakup perbuatan melawan hukum, memperkaya diri orang/badan lain yang merugikan keuangan/perekonomian negara (pasal 2); menyalahgunakan kewenangan karena jabatan/kedudukan yang dapat merugikan keuangan/kedudukan yang dapat merugikan keuangan/perekonomian negara (pasal 3); kelompok delik penyuapan (pasal 5,6, dan 11); kelompok delik penggelapan dalam jabatan (pasal 8, 9, dan 10); delik pemerasan dalam jabatan (pasal 12); delik yang berkaitan dengan pemborongan (pasal 7); hingga delik gratifikasi (pasal 12B dan 12C).",2026-04-08T02:46:34.453805Z,20250526113828-2025-05-26ptba_laporan_berkelanjutan113825_pdf/batch_5,,
aspect:definisi_hukum_korupsi,Aspect,definisi hukum korupsi,,,,,
record:r025_014,ESGRecord,r025_014,"Ketegasan terhadap antikorupsi diimplementasikan Perusahaan antara lain dengan tidak memberi dan menerima hadiah serta gratifikasi yang diperkirakan akan memengaruhi independensi dalam proses pengambilan keputusan, serta bertentangan dengan etika bisnis yang sehat dan/atau bertentangan dengan hukum yang berlaku.",2026-04-08T02:46:34.453805Z,20250526113828-2025-05-26ptba_laporan_berkelanjutan113825_pdf/batch_5,,
aspect:kebijakan_antigratifikasi,Aspect,kebijakan antigratifikasi,,,,,
record:r025_015,ESGRecord,r025_015,Komitmen antikorupsi tersebut dikukuhkan dengan beberapa kebijakan di PTBA di antaranya Keputusan Bersama Dewan Komisaris dan Direksi PTBA Nomor:10/SK/PTBA-DEKOM/IX/2020 dan Nomor:400/0100/2020 tentang Penerapan Prinsip dan Praktik Good Corporate Governance Untuk Kebijakan Anti Gratifikasi di PT Bukit Asam Tbk dan Pedoman Pengendalian Gratifikasi BAAGM:03 Nomor Revisi 1 tahun 2024.,2026-04-08T02:46:34.453805Z,20250526113828-2025-05-26ptba_laporan_berkelanjutan113825_pdf/batch_5,,
aspect:kebijakan_antikorupsi,Aspect,kebijakan antikorupsi,,,,,
record:r025_016,ESGRecord,r025_016,"Sejak tahun 2020, PTBA telah mengadopsi sertifikasi Sistem Manajemen Anti Penyuapan (SMAP) ISO 37001:2016.",2026-04-08T02:46:34.453805Z,20250526113828-2025-05-26ptba_laporan_berkelanjutan113825_pdf/batch_5,,
aspect:sertifikasi_smap,Aspect,sertifikasi smap,,,,,
record:r025_017,ESGRecord,r025_017,"Untuk SMAP sendiri pun, PTBA telah memiliki pedoman tersendiri yang dimuat pada Pedoman Sistem Anti Penyuapan PTBA Nomor BAMSP.",2026-04-08T02:46:34.453805Z,20250526113828-2025-05-26ptba_laporan_berkelanjutan113825_pdf/batch_5,,
aspect:pedoman_smap,Aspect,pedoman smap,,,,,
record:r025_018,ESGRecord,r025_018,"Lebih lanjut, untuk memperkecil, bahkan menutup peluang terjadinya korupsi, PTBA telah melakukan pemetaan dan pengkajian risiko dalam mata rantai dan operasional usaha yang berpotensi besar terjadi korupsi.",2026-04-08T02:46:34.453805Z,20250526113828-2025-05-26ptba_laporan_berkelanjutan113825_pdf/batch_5,,
aspect:pemetaan_risiko_korupsi,Aspect,pemetaan risiko korupsi,,,,,
record:r025_019,ESGRecord,r025_019,"Berdasarkan pemetaan tersebut, diidentifikasi 82% dari operasi memiliki risiko terkait korupsi.",2026-04-08T02:46:34.453805Z,20250526113828-2025-05-26ptba_laporan_berkelanjutan113825_pdf/batch_5,,
aspect:identifikasi_risiko_korupsi,Aspect,identifikasi risiko korupsi,,,,,
record:r025_020,ESGRecord,r025_020,"Untuk mencegah terjadinya korupsi di bagian tersebut, Perseroan telah melakukan mitigasi berupa penerapan prinsip dan",2026-04-08T02:46:34.453805Z,20250526113828-2025-05-26ptba_laporan_berkelanjutan113825_pdf/batch_5,,
aspect:mitigasi_korupsi,Aspect,mitigasi korupsi,,,,,
record:r027_000,ESGRecord,r027_000,"As a pioneer among industrial estate developers in Indonesia, BeFa is at the forefront of creating a green and eco-friendly industrial zone. This transformative initiative aims to minimize environmental impact while promoting a sustainable economic model. It includes prioritizing renewable energy sources, implementing waste management systems, and ensuring efficient resource utilization.",2026-04-08T02:47:30.399111Z,BEST-SR_2024_pdf/batch_9,,
record:r027_001,ESGRecord,r027_001,"The Company is dedicated to continuous innovation and excellence within the realm of ESG, striving to create spaces that harmoniously blend industry with ecological sustainability. In its pursuit of this vision, BeFa is evolving into a Smart Eco-Industrial Park. This initiative focuses on promoting sustainable development through the incorporation of advanced technologies, smart infrastructure, and environmentally friendly practices that benefit both the community and the ecosystem. By fostering collaboration among tenants and other stakeholders, BeFa aims to set a precedent for responsible industrial growth while addressing global environmental challenges.",2026-04-08T02:47:30.399111Z,BEST-SR_2024_pdf/batch_9,,
record:r027_002,ESGRecord,r027_002,"The issuance of the report is also an effort of BeFa to comply with the provisions of Article 66 paragraph 2c, Law No. 40 of 2007 concerning Limited Liability Companies (Company Law), which requires companies to submit report on the implementation of Social and Environmental Responsibility in the Annual Report.",2026-04-08T02:47:30.399111Z,BEST-SR_2024_pdf/batch_9,,
record:r027_003,ESGRecord,r027_003,"In addition to compliance with the Company Law, the issuance of this report is also an effort of BeFa to comply with the provisions of the Financial Services Authority Regulation No.51/POJK.03/2017 (POJK 51/2017) concerning the Implementation of Sustainable Finance for Financial Service Institutions, Issuers, and Public Companies.",2026-04-08T02:47:30.399111Z,BEST-SR_2024_pdf/batch_9,,
record:r027_004,ESGRecord,r027_004,"BeFa prepared this report by referring to POJK No.51/2017 and combined with the Global Reporting Initiatives (GRI), with the choice of material topics determined according to the materiality principle.",2026-04-08T02:47:30.399111Z,BEST-SR_2024_pdf/batch_9,,
record:r027_005,ESGRecord,r027_005,"The Company's nomination policy aims to ensure that the Company is led, managed and supervised by individuals who have high capability, experience and integrity. The following are nomination policies: 1. To prepare and provide recommendations on the system and procedures for the selection and/or replacement of members of the Board of Commissioners and Board of Directors to the Board of Commissioners to be submitted to the General Meeting of Shareholders. 2. To provide recommendations on the candidates for the Board of Commissioners and/or Board of Directors to the Board of Commissioners to be submitted to the General Meeting of Shareholders. 3. To provide recommendations concerning the Independent Party who will become members of Audit Committee and other Committee (if any) to the Board of Commissioners and Board of Directors of the Company. 4. To carry out other duties assigned by the Board of Commissioners.",2026-04-08T02:47:30.399111Z,BEST-SR_2024_pdf/batch_9,,
record:r027_006,ESGRecord,r027_006,"The specific criteria taken into consideration in selecting members of the Board of Commissioners and Board of Directors include: 1. Demonstrating good morals, ethics, and integrity to support the company's tasks. 2. Considering a diverse range of skills, knowledge, and experience that the company requires. 3. Being able to perform self-assessments to evaluate performance and showing a commitment to comply with laws and regulations.",2026-04-08T02:47:30.399111Z,BEST-SR_2024_pdf/batch_9,,
record:r027_007,ESGRecord,r027_007,The members of the Board of Commissioners and Board of Directors receive salary and benefits based on their performance and roles.,2026-04-08T02:47:30.399111Z,BEST-SR_2024_pdf/batch_9,,
record:r027_008,ESGRecord,r027_008,"To support the Nomination and Remuneration policy, the Company has a Nomination and Remuneration Committee that is responsible for assisting the Board of Commissioners duties to realize good corporate governance (GCG). This is also in line with the Financial Services Authority Regulation No.34/POJK.04/2014 dated December 8, 20214 (POJK 34) concerning the Nomination and Remuneration Committee of Issuers or Public Companies.",2026-04-08T02:47:30.399111Z,BEST-SR_2024_pdf/batch_9,,
record:r027_009,ESGRecord,r027_009,"Performance assessment of the Nomination and Remuneration Committee is carried out by self-assessment, and the results are then reported to the Board of Commissioners as the direct supervisor. Some aspects that form the basis of the assessment include the following: 1. Attendance Rate. 2. Commitment to prioritize the Company's interests. 3. Compliance with the prevailing law and regulations.",2026-04-08T02:47:30.399111Z,BEST-SR_2024_pdf/batch_9,,
record:r027_010,ESGRecord,r027_010,"BeFa conducts a structured and periodic assessment of the performance of both the Board of Commissioners and the Board of Directors to ensure alignment with the Company's strategic objectives and operational targets. The evaluation process is guided by clear criteria designed to measure effectiveness, accountability, and",2026-04-08T02:47:30.399111Z,BEST-SR_2024_pdf/batch_9,,
record:r035_000,ESGRecord,r035_000,"The ICR has set an ambitious target of achieving net zero across all three scopes by 2040, and achieving an interim reduction of 42% by 2030.",2026-04-08T02:51:21.226367Z,icr-sustainability-23-24_pdf/batch_7,,
record:r035_001,ESGRecord,r035_001,"Thanks to activities such as a new energy management system and research led energy saving behaviours, the ICR's emissions from direct sources (Scope 1) and indirect sources (Scope 2) have decreased by 16% since 2018/19.",2026-04-08T02:51:21.226367Z,icr-sustainability-23-24_pdf/batch_7,,
aspect:climate_d,Aspect,climate-d,,,,,
record:r035_002,ESGRecord,r035_002,"Business travel has seen a further bounce back this year, with increased travel to conferences the ICR has implemented a new policy of no domestic UK flights where a better sustainable alternative is available.",2026-04-08T02:51:21.226367Z,icr-sustainability-23-24_pdf/batch_7,,
record:r035_003,ESGRecord,r035_003,"There has been small decrease in waste emissions compared to the baseline year of 2018/29, with fluctuations in waste volumes in the intervening years due to the pandemic and large construction projects.",2026-04-08T02:51:21.226367Z,icr-sustainability-23-24_pdf/batch_7,,
record:r035_004,ESGRecord,r035_004,The ICR continues to be zero waste directly to landfill and is going out to tender for a new waste contract in 2025.,2026-04-08T02:51:21.226367Z,icr-sustainability-23-24_pdf/batch_7,,
record:r035_005,ESGRecord,r035_005,Carbon emissions from purchased goods and services have decreased by 6% compared to the baseline year of 2018/19.,2026-04-08T02:51:21.226367Z,icr-sustainability-23-24_pdf/batch_7,,
record:r035_006,ESGRecord,r035_006,"The ICR has successfully retained certification to ISO14001, an international standard that sets out the requirements for an environmental management system, since 2013 as part of our integrated management system.",2026-04-08T02:51:21.226367Z,icr-sustainability-23-24_pdf/batch_7,,
record:r035_007,ESGRecord,r035_007,"The new Concordat for the Environmental Sustainability of Research and Innovation Practice primary aims are to promote environmentally responsible practices in research and innovation, reducing negative environmental impacts and emissions associated with these activities.",2026-04-08T02:51:21.226367Z,icr-sustainability-23-24_pdf/batch_7,,
record:r035_008,ESGRecord,r035_008,The ICR is proud to be a signatory to this Concordat.,2026-04-08T02:51:21.226367Z,icr-sustainability-23-24_pdf/batch_7,,
record:r035_009,ESGRecord,r035_009,"Due to cultural change, ActNow and our energy manager the ICR has continued to achieve substantial savings of nearly a quarter of a million pounds on its 2023/24 bills compared to predicted usage.",2026-04-08T02:51:21.226367Z,icr-sustainability-23-24_pdf/batch_7,,
record:r035_010,ESGRecord,r035_010,"These initiatives were monitored by the Sustainability Advisory Group, resulting in a 7% reduction in electricity consumption and a 4% decrease in gas usage compared to the previous academic year.",2026-04-08T02:51:21.226367Z,icr-sustainability-23-24_pdf/batch_7,,
record:r035_011,ESGRecord,r035_011,In 2023/24 our overall waste total in tonnes generated increased by 41.22 tonnes compared to 2022/23.,2026-04-08T02:51:21.226367Z,icr-sustainability-23-24_pdf/batch_7,,
record:r035_012,ESGRecord,r035_012,The overall weight of waste decreased by 1.35% (3.5 tonnes) when compared to the baseline year 2018/19.,2026-04-08T02:51:21.226367Z,icr-sustainability-23-24_pdf/batch_7,,
record:r035_013,ESGRecord,r035_013,Our total waste in tCO₂e increased to 73.05 tonnes.,2026-04-08T02:51:21.226367Z,icr-sustainability-23-24_pdf/batch_7,,
record:r041_000,ESGRecord,r041_000,"PTBA berkomitmen mendukung target Pemerintah mencapai nol emisi. PTBA juga berkomitmen untuk menjalankan bisnis berkelanjutan dengan menerapkan keselarasan antara aspek Environmental, Social, and Governance (ESG).",2026-04-08T02:51:48.065874Z,20250526113828-2025-05-26ptba_laporan_berkelanjutan113825_pdf/batch_6,,
record:r041_001,ESGRecord,r041_001,"Perseroan senantiasa melakukan berbagai optimasi menuju pertambangan yang lebih ramah lingkungan. Langkah nyata yang diambil antara lain menerapkan eco, mechanized mining yaitu mengganti peralatan pertambangan yang menggunakan bahan bakar fosil menjadi elektrik, e-mining reporting system yaitu, system pelaporan produksi secara real time dan daring dan berbagai program manajemen karbon di area operasional penambangan.",2026-04-08T02:51:48.065874Z,20250526113828-2025-05-26ptba_laporan_berkelanjutan113825_pdf/batch_6,,
record:r041_002,ESGRecord,r041_002,"Perseroan juga menciptakan sinergi dan kerja sama dengan berbagai mitra strategis dalam mewujudkan energi bersih seperti pengembangan PLTS, PLTB, tanaman Kaliandra untuk mengurangi emisi karbon dan menjadi simpanan biomassa untuk diolah menjadi wood pellet sebagai bahan campuran co-firing di PLTU serta Carbon Capture, Utilization (CCU) atau penangkapan karbon dioksida dan dikonversi menjadi methanol.",2026-04-08T02:51:48.065874Z,20250526113828-2025-05-26ptba_laporan_berkelanjutan113825_pdf/batch_6,,
record:r041_003,ESGRecord,r041_003,"PTBA berkomitmen mendukung target Pemerintah mencapai Emisi Nol Bersih atau Net Zero Emission pada 2060. Dengan visi menjadi perusahaan energi kelas dunia, PTBA telah memiliki roadmap manajemen karbon hingga 2050, baik bersifat pengurangan emisi (reducing emission sources/ maupun peningkatan penyerapan emisi (increase carbon sinks).",2026-04-08T02:51:48.065874Z,20250526113828-2025-05-26ptba_laporan_berkelanjutan113825_pdf/batch_6,,
record:r041_004,ESGRecord,r041_004,"Berdasarkan manajemen karbon hingga 2050, terdapat 3 (tiga) pendekatan yang dilakukan PTBA, yaitu dekarbonisasi operasi, reklamasi, dan studi CCU (carbon capture, and utilization). Dengan langkah ini, PTBA optimis dapat menjadi Perusahaan yang berkelanjutan dan terus berkontribusi dalam pencapaian Net Zero Emission.",2026-04-08T02:51:48.065874Z,20250526113828-2025-05-26ptba_laporan_berkelanjutan113825_pdf/batch_6,,
record:r041_005,ESGRecord,r041_005,"Upaya lain yang dilakukan PTBA untuk mengukuhkan sikap antikorupsi adalah secara berkesinambungan melakukan sosialisasi kebijakan dan prosedur antikorupsi di lingkungan Perusahaan. Merujuk sosialisasi yang sudah terselenggara, per 31 Desember 2024, anggota Dewan Komisaris dan Direksi yang telah mendapatkan sosialisasi dan prosedur antikorupsi tercatat sebanyak 11 orang, atau 100% dari total Dewan Komisaris dan Direksi. Adapun karyawan yang telah mendapatkan sosialisasi kebijakan dan prosedur antikorupsi sebanyak 1.679 orang atau 100% dari total karyawan.",2026-04-08T02:51:48.065874Z,20250526113828-2025-05-26ptba_laporan_berkelanjutan113825_pdf/batch_6,,
record:r041_006,ESGRecord,r041_006,Sedangkan mitra atau vendor yang telah mendapatkan sosialisasi kebijakan dan prosedur antikorupsi adalah seluruh vendor ditandai dengan penandatanganan pakta integritas.,2026-04-08T02:51:48.065874Z,20250526113828-2025-05-26ptba_laporan_berkelanjutan113825_pdf/batch_6,,
record:r041_007,ESGRecord,r041_007,"Selain sosialisasi kebijakan dan prosedur antikorupsi, PTBA juga memberi kesempatan kepada Dewan Komisaris, Direksi dan karyawan untuk mengikuti pelatihan tentang antikorupsi. Hingga akhir tahun 2024, jumlah anggota Dewan Komisaris dan Direksi yang telah mengikuti pelatihan antikorupsi tercatat sebanyak 11 orang, atau 100% dari total Dewan Komisaris dan Direksi. Sedangkan karyawan yang telah mengikuti pelatihan antikorupsi sebanyak 372 orang atau 22% dari total karyawan.",2026-04-08T02:51:48.065874Z,20250526113828-2025-05-26ptba_laporan_berkelanjutan113825_pdf/batch_6,,
record:r043_000,ESGRecord,r043_000,"Sepanjang tahun 2024, VKTR mengukuhkan peran strategisnya dalam membentuk lanskap baru transportasi berkelanjutan di Indonesia. Tidak hanya sebagai perintis, VKTR kini hadir sebagai arsitek utama yang merancang dan mewujudkan solusi mobilitas hijau yang adaptif dan menyeluruh. Melalui pengembangan kendaraan listrik komersial lintas sektor, mulai dari truk dan bus, hingga solusi logistik dan angkutan perkotaan, VKTR memperkenalkan model mobilitas yang tidak hanya efisien, tetapi juga berorientasi pada masa depan rendah emisi.",2026-04-08T02:53:20.718700Z,vktr_ar_sr_2024_pdf/batch_20,,
record:r043_001,ESGRecord,r043_001,"Keberhasilan pembangunan fasilitas perakitan kendaraan listrik di Magelang menjadi tonggak penting yang mencerminkan langkah nyata industrialisasi hijau di tingkat nasional. Dengan mengedepankan standar lokal dan pemberdayaan rantai pasok dalam negeri, VKTR memperluas cakupan dampak transformasi, dari aspek teknologi hingga penciptaan nilai ekonomi dan sosial.",2026-04-08T02:53:20.718700Z,vktr_ar_sr_2024_pdf/batch_20,,
record:r043_002,ESGRecord,r043_002,"VKTR terus menjadi bagian penting dari solusi nasional menuju masa depan transportasi rendah karbon. Perjalanan ini bukan sekadar menghadirkan produk, tetapi membentuk sistem, sebuah ekosistem yang menjawab kebutuhan zaman dengan teknologi, tanggung jawab lingkungan, dan tekad kolektif membangun Indonesia yang lebih hijau dan tangguh.",2026-04-08T02:53:20.718700Z,vktr_ar_sr_2024_pdf/batch_20,,
record:r043_003,ESGRecord,r043_003,"Pada tanggal 10 Oktober 2023, Perusahaan dan MB menandatangani perjanjian kerja sama antara BA, Entitas Anak, dan MB, dimana Perusahaan akan menyediakan jasa perawatan, perbaikan dan penyediaan suku cadang untuk BYD yang dibutuhkan oleh Kendaraan Bus Listrik BYD K9 LF milik MB. Perusahaan menyatakan bersedia untuk bekerja sama dengan MB dalam hal perawatan, perbaikan, dan penyediaan suku cadang untuk Kendaraan Bus Listrik BYD K9 LF.",2026-04-08T02:53:20.718700Z,vktr_ar_sr_2024_pdf/batch_20,,
record:r043_004,ESGRecord,r043_004,"Pada tanggal 27 September 2024, Perusahaan menandatangani Surat Perjanjian Kerahasiaan (NDA) dengan PT Agro Multi Persada. NDA tersebut berisi bahwa kedua perusahaan sepakat sehubungan adanya kemungkinan kerja sama dalam penggunaan truk dan bus listrik milik perusahaan oleh AMP untuk tujuan uji coba kendaraan listrik Perusahaan.",2026-04-08T02:53:20.718700Z,vktr_ar_sr_2024_pdf/batch_20,,
record:r043_005,ESGRecord,r043_005,"Pada tanggal 1 Juni 2024, Perusahaan menandatangani Memorandum of Understanding dengan WBKM. Perusahaan, sebagai perusahaan yang bergerak di bidang perdagangan dan manufaktur kendaraan listrik, dan WBKM, sebagai Perusahaan yang menyediakan angkutan umum, ingin mengeksplorasi dan mempertimbangkan peluang untuk melakukan kerjasama timbal balik yang lebih luas pada proyek di Indonesia.",2026-04-08T02:53:20.718700Z,vktr_ar_sr_2024_pdf/batch_20,,
record:r043_006,ESGRecord,r043_006,"Pada tanggal 15 Februari 2024, Perusahaan membuat Memorandum of Understanding (""MOU"") dengan MHN. Perusahaan dan MHN ingin mengeksplorasi dan mempertimbangkan peluang untuk bekerja sama satu sama lain dan mengembangkan bersama dengan bidang yang lebih luas dari kerja sama timbal balik pada proyek di Indonesia. Jangka waktunya adalah dua (2) tahun sejak tanggal efektif.",2026-04-08T02:53:20.718700Z,vktr_ar_sr_2024_pdf/batch_20,,
record:r043_007,ESGRecord,r043_007,"Pada tanggal 16 Februari 2024, Perusahaan menandatangani Perjanjian Kerahasiaan dengan MHN. Perusahaan dan MHN sepakat bahwa Perusahaan akan bekerjasama dengan MHN untuk mendiskusikan peluang bisnis atas proyek kendaraan listrik.",2026-04-08T02:53:20.718700Z,vktr_ar_sr_2024_pdf/batch_20,,
record:r043_008,ESGRecord,r043_008,"Pada tanggal 15 Februari 2024, Perusahaan menandatangani Perjanjian Kerahasiaan dengan BTN. Perusahaan dan BTN sepakat untuk mendiskusikan peluang bisnis atas proyek Modal Kerja Usaha untuk sektor Kendaraan Listrik. Dalam hal ini, kedua pihak setuju untuk melakukan analisa atas data-data yang diberikan oleh pihak lainnya yang dianggap diperlukan berkaitan dengan pelaksanaan proyek.",2026-04-08T02:53:20.718700Z,vktr_ar_sr_2024_pdf/batch_20,,
record:r043_009,ESGRecord,r043_009,"Pada tanggal 15 November 2024, Perusahaan dan AMP menandatangani Perjanjian Uji Coba Truk Listrik untuk menguji coba satu (1) unit Truk Listrik tipe VKTR Light Duty Truck TLD080F dengan karoseri Hook Lift di lokasi kebun yang disepakati oleh Perusahan dan AMP. Uji coba ini dilakukan untuk mengevaluasi kinerja Truk Listrik dalam operasional di area kerja AMP, dengan periode uji coba selama satu (1) bulan. Kesuksesan uji coba akan ditentukan berdasarkan parameter kinerja yang telah disepakati, dan jika hasil uji coba memuaskan, AMP berpotensi untuk melakukan pembelian lebih lanjut sesuai dengan kesepakatan tertulis.",2026-04-08T02:53:20.718700Z,vktr_ar_sr_2024_pdf/batch_20,,
record:r043_010,ESGRecord,r043_010,"Pada tanggal 5 Agustus 2024, VSI dan BYD telah mengadakan Perjanjian Lisensi Teknis Perakitan KD. Berdasarkan Perjanjian tersebut, VSI sebagai Penerima Lisensi dan BYD sebagai Pemberi Lisensi yang dimana mengatur tentang pemberian Hak Produksi.",2026-04-08T02:53:20.718700Z,vktr_ar_sr_2024_pdf/batch_20,,
record:r043_011,ESGRecord,r043_011,"Pada tanggal 30 April 2022, Perusahaan dan Anhui mengadakan perjanjian negosiasi terhadap JAC Electric Vehicle Chassis. Jangka waktu perjanjian ini adalah lima (5) tahun.",2026-04-08T02:53:20.718700Z,vktr_ar_sr_2024_pdf/batch_20,,
record:r048_000,ESGRecord,r048_000,"PTBA berkomitmen mendukung target Pemerintah mencapai nol emisi. PTBA juga berkomitmen untuk menjalankan bisnis berkelanjutan dengan menerapkan keselarasan antara aspek Environmental, Social, and Governance (ESG).",2026-04-08T02:53:38.374726Z,20250526113828-2025-05-26ptba_laporan_berkelanjutan113825_pdf/batch_5,,
record:r048_001,ESGRecord,r048_001,Perseroan senantiasa melakukan berbagai optimasi menuju pertambangan yang lebih ramah lingkungan.,2026-04-08T02:53:38.374726Z,20250526113828-2025-05-26ptba_laporan_berkelanjutan113825_pdf/batch_5,,
record:r048_002,ESGRecord,r048_002,"Langkah nyata yang diambil antara lain menerapkan eco, mechanized mining yaitu mengganti peralatan pertambangan yang menggunakan bahan bakar fosil menjadi elektrik, e-mining reporting system yaitu, system pelaporan produksi secara real time dan daring dan berbagai program manajemen karbon di area operasional penambangan.",2026-04-08T02:53:38.374726Z,20250526113828-2025-05-26ptba_laporan_berkelanjutan113825_pdf/batch_5,,
aspect:climate_d_s,Aspect,climate-d-s,,,,,
record:r048_003,ESGRecord,r048_003,"Perseroan juga menciptakan sinergi dan kerja sama dengan berbagai mitra strategis dalam mewujudkan energi bersih seperti pengembangan PLTS, PLTB, tanaman Kaliandra untuk mengurangi emisi karbon dan menjadi simpanan biomassa untuk diolah menjadi wood pellet sebagai bahan campuran co-firing di PLTU serta Carbon Capture, Utilization (CCU) atau penangkapan karbon dioksida dan dikonversi menjadi methanol.",2026-04-08T02:53:38.374726Z,20250526113828-2025-05-26ptba_laporan_berkelanjutan113825_pdf/batch_5,,
record:r048_004,ESGRecord,r048_004,PTBA berkomitmen mendukung target Pemerintah mencapai Emisi Nol Bersih atau Net Zero Emission pada 2060.,2026-04-08T02:53:38.374726Z,20250526113828-2025-05-26ptba_laporan_berkelanjutan113825_pdf/batch_5,,
record:r048_005,ESGRecord,r048_005,"Dengan visi menjadi perusahaan energi kelas dunia, PTBA telah memiliki roadmap manajemen karbon hingga 2050, baik bersifat pengurangan emisi (reducing emission sources/ maupun peningkatan penyerapan emisi (increase carbon sinks).",2026-04-08T02:53:38.374726Z,20250526113828-2025-05-26ptba_laporan_berkelanjutan113825_pdf/batch_5,,
record:r048_006,ESGRecord,r048_006,"Berdasarkan manajemen karbon hingga 2050, terdapat 3 (tiga) pendekatan yang dilakukan PTBA, yaitu dekarbonisasi operasi, reklamasi, dan studi CCU (carbon capture, utilization, and utilization).",2026-04-08T02:53:38.374726Z,20250526113828-2025-05-26ptba_laporan_berkelanjutan113825_pdf/batch_5,,
record:r048_007,ESGRecord,r048_007,"PTBA memiliki sikap tegas terhadap korupsi sebagai bagian dari komitmen Perusahaan dalam menjalankan bisnis yang bersih, transparan, dan berintegritas.",2026-04-08T02:53:38.374726Z,20250526113828-2025-05-26ptba_laporan_berkelanjutan113825_pdf/batch_5,,
record:r048_008,ESGRecord,r048_008,"Perusahaan menolak segala bentuk praktik korupsi, kolusi, dan nepotisme, baik dalam hubungan internal maupun eksternal perusahaan.",2026-04-08T02:53:38.374726Z,20250526113828-2025-05-26ptba_laporan_berkelanjutan113825_pdf/batch_5,,
record:r048_009,ESGRecord,r048_009,"Sikap ini diwujudkan melalui penerapan kode etik yang ketat, pengawasan internal yang kuat, serta implementasi whistleblowing system yang memungkinkan karyawan dan pemangku kepentingan melaporkan dugaan tindak korupsi secara aman.",2026-04-08T02:53:38.374726Z,20250526113828-2025-05-26ptba_laporan_berkelanjutan113825_pdf/batch_5,,
record:r048_010,ESGRecord,r048_010,"Merujuk Undang-Undang No. 31 Tahun 1999 jo. Undang-Undang No. 20 Tahun 2001 tentang Pemberantasan Tindak Pidana Korupsi, pengertian korupsi mencakup perbuatan melawan hukum, memperkaya diri orang/badan lain yang merugikan keuangan/perekonomian negara (pasal 2); menyalahgunakan kewenangan karena jabatan/kedudukan yang dapat merugikan keuangan/kedudukan yang dapat merugikan keuangan/perekonomian negara (pasal 3); kelompok delik penyuapan (pasal 5,6, dan 11); kelompok delik penggelapan dalam jabatan (pasal 8, 9, dan 10); delik pemerasan dalam jabatan (pasal 12); delik yang berkaitan dengan pemborongan (pasal 7); hingga delik gratifikasi (pasal 12B dan 12C).",2026-04-08T02:53:38.374726Z,20250526113828-2025-05-26ptba_laporan_berkelanjutan113825_pdf/batch_5,,
record:r048_011,ESGRecord,r048_011,"Ketegasan terhadap antikorupsi diimplementasikan Perusahaan antara lain dengan tidak memberi dan menerima hadiah serta gratifikasi yang diperkirakan akan memengaruhi independensi dalam proses pengambilan keputusan, serta bertentangan dengan etika bisnis yang sehat dan/atau bertentangan dengan hukum yang berlaku.",2026-04-08T02:53:38.374726Z,20250526113828-2025-05-26ptba_laporan_berkelanjutan113825_pdf/batch_5,,
record:r048_012,ESGRecord,r048_012,Komitmen antikorupsi tersebut dikukuhkan dengan beberapa kebijakan di PTBA di antaranya Keputusan Bersama Dewan Komisaris dan Direksi PTBA Nomor:10/SK/PTBA-DEKOM/IX/2020 dan Nomor:400/0100/2020 tentang Penerapan Prinsip dan Praktik Good Corporate Governance Untuk Kebijakan Anti Gratifikasi di PT Bukit Asam Tbk dan Pedoman Pengendalian Gratifikasi BAAGM:03 Nomor Revisi 1 tahun 2024.,2026-04-08T02:53:38.374726Z,20250526113828-2025-05-26ptba_laporan_berkelanjutan113825_pdf/batch_5,,
record:r048_013,ESGRecord,r048_013,"Selaras dengan itu, sejak tahun 2020, PTBA telah mengadopsi sertifikasi Sistem Manajemen Anti Penyuapan (SMAP) ISO 37001:2016.",2026-04-08T02:53:38.374726Z,20250526113828-2025-05-26ptba_laporan_berkelanjutan113825_pdf/batch_5,,
record:r048_014,ESGRecord,r048_014,"Lebih lanjut, untuk memperkecil, bahkan menutup peluang terjadinya korupsi, PTBA telah melakukan pemetaan dan pengkajian risiko dalam mata rantai dan operasional usaha yang berpotensi besar terjadi korupsi.",2026-04-08T02:53:38.374726Z,20250526113828-2025-05-26ptba_laporan_berkelanjutan113825_pdf/batch_5,,
record:r048_015,ESGRecord,r048_015,"Berdasarkan pemetaan tersebut, diidentifikasi 82% dari operasi memiliki risiko terkait korupsi.",2026-04-08T02:53:38.374726Z,20250526113828-2025-05-26ptba_laporan_berkelanjutan113825_pdf/batch_5,,
record:r048_016,ESGRecord,r048_016,"Untuk mencegah terjadinya korupsi di bagian tersebut, Perseroan telah melakukan mitigasi berupa penerapan prinsip dan",2026-04-08T02:53:38.374726Z,20250526113828-2025-05-26ptba_laporan_berkelanjutan113825_pdf/batch_5,,
record:r049_000,ESGRecord,r049_000,"Global dynamics in 2024 remained complex and uncertain, driven by rising geopolitical tensions and disruptions in commodity supply chains.",2026-04-08T02:55:09.053205Z,AR SR GTRA 2024___pdf/batch_6,,
record:r049_001,ESGRecord,r049_001,"Conflicts in Eastern Europe and the Middle East triggered supply chain instability and price surges across key commodities, prompting central banks around the world to raise benchmark interest rates in an effort to control inflation.",2026-04-08T02:55:09.053205Z,AR SR GTRA 2024___pdf/batch_6,,
record:r049_002,ESGRecord,r049_002,"Indonesia, however, demonstrated consistent economic resilience, posting 5.03% GDP growth in 2024.",2026-04-08T02:55:09.053205Z,AR SR GTRA 2024___pdf/batch_6,,
record:r049_003,ESGRecord,r049_003,"Within this environment, the transport and warehousing sector stood out with 8.69% growth, driven by increased activity in manufacturing and trade.",2026-04-08T02:55:09.053205Z,AR SR GTRA 2024___pdf/batch_6,,
record:r049_004,ESGRecord,r049_004,"Against this backdrop, Grahatrans pursued a clear and deliberate strategy: Achieving Growth Through Improvement.",2026-04-08T02:55:09.053205Z,AR SR GTRA 2024___pdf/batch_6,,
record:r049_005,ESGRecord,r049_005,The Company proactively responded to global and domestic uncertainties by diversifying its client base and focusing on sectors less reliant on import-export activities.,2026-04-08T02:55:09.053205Z,AR SR GTRA 2024___pdf/batch_6,,
record:r049_006,ESGRecord,r049_006,"This strategic shift not only strengthened Grahatrans's operational resilience, but also allowed it to align with broader national growth trends.",2026-04-08T02:55:09.053205Z,AR SR GTRA 2024___pdf/batch_6,,
record:r049_007,ESGRecord,r049_007,"By enhancing internal capabilities and improving service efficiencies, Grahatrans is better positioned to meet rising demand, manage external risks, and build a foundation for sustainable expansion in the years ahead.",2026-04-08T02:55:09.053205Z,AR SR GTRA 2024___pdf/batch_6,,
record:r049_008,ESGRecord,r049_008,"In the case of sale and leaseback results in a finance lease, this is to be treated as two separate transactions, i.e. sale and lease.",2026-04-08T02:55:09.053205Z,AR SR GTRA 2024___pdf/batch_6,,
record:r049_009,ESGRecord,r049_009,"Provisions are recognized when the Group has a present obligation (legal or constructive) where, as a result of a past event, it is probable that an outflow of resources embodying economic benefits will be required to settle the obligation and a reliable estimate can be made of the amount of the obligation.",2026-04-08T02:55:09.053205Z,AR SR GTRA 2024___pdf/batch_6,,
record:r049_010,ESGRecord,r049_010,Provisions are reviewed at each end of reporting period and adjusted to reflect the current best estimate.,2026-04-08T02:55:09.053205Z,AR SR GTRA 2024___pdf/batch_6,,
record:r049_011,ESGRecord,r049_011,"If it is no longer probable that an outflow of resources embodying economic benefits will be required to settle the obligation, the provision is reversed.",2026-04-08T02:55:09.053205Z,AR SR GTRA 2024___pdf/batch_6,,
record:r049_012,ESGRecord,r049_012,"The Group disclose information that enable users of the financial statements to evaluate the nature and financial effects of the business activities and use ""management approach"" under which segment information is presented on the same basis as that used for internal reporting purposes.",2026-04-08T02:55:09.053205Z,AR SR GTRA 2024___pdf/batch_6,,
record:r049_013,ESGRecord,r049_013,Operating segment is reported in a manner consistent with the internal reporting provided to the chief operating decision-maker.,2026-04-08T02:55:09.053205Z,AR SR GTRA 2024___pdf/batch_6,,
record:r049_014,ESGRecord,r049_014,The chief operating decision-maker has been identified as the Board of Directors that makes strategic decisions.,2026-04-08T02:55:09.053205Z,AR SR GTRA 2024___pdf/batch_6,,
record:r049_015,ESGRecord,r049_015,"The preparation of consolidated financial statements, in conformity with Indonesian Financial Accounting Standards, requires management to make estimations and judgments that affect amounts reported therein.",2026-04-08T02:55:09.053205Z,AR SR GTRA 2024___pdf/batch_6,,
record:r049_016,ESGRecord,r049_016,"Due to the inherent uncertainty in making estimates, actual results reported in future periods may differ from those estimates.",2026-04-08T02:55:09.053205Z,AR SR GTRA 2024___pdf/batch_6,,
record:r049_017,ESGRecord,r049_017,The Group based its estimations and judgments on parameters available when the consolidated financial statements were prepared.,2026-04-08T02:55:09.053205Z,AR SR GTRA 2024___pdf/batch_6,,
record:r049_018,ESGRecord,r049_018,Existing circumstances about future developments may change due to market changes or circumstances arising beyond the control of the Group.,2026-04-08T02:55:09.053205Z,AR SR GTRA 2024___pdf/batch_6,,
record:r049_019,ESGRecord,r049_019,Such changes are reflected in the judgments as they occur.,2026-04-08T02:55:09.053205Z,AR SR GTRA 2024___pdf/batch_6,,
record:r049_020,ESGRecord,r049_020,The following estimations and judgments made by management in the process of applying the Group's accounting policies have the most significant effects on the amounts recognized in the consolidated financial statements:,2026-04-08T02:55:09.053205Z,AR SR GTRA 2024___pdf/batch_6,,
record:r049_021,ESGRecord,r049_021,Determining functional currency,2026-04-08T02:55:09.053205Z,AR SR GTRA 2024___pdf/batch_6,,
record:r049_022,ESGRecord,r049_022,"The factors considered in determining the functional currency of the Company and Subsidiary include, among others, the currency:",2026-04-08T02:55:09.053205Z,AR SR GTRA 2024___pdf/batch_6,,
record:r049_023,ESGRecord,r049_023,that mainly influences sales prices for goods and services;,2026-04-08T02:55:09.053205Z,AR SR GTRA 2024___pdf/batch_6,,
record:r049_024,ESGRecord,r049_024,"that mainly influences labor, material and other costs of providing goods or services; and",2026-04-08T02:55:09.053205Z,AR SR GTRA 2024___pdf/batch_6,,
record:r073_000,ESGRecord,r073_000,"The ICR has set an ambitious target of achieving net zero across all three scopes by 2040, and achieving an interim reduction of 42% by 2030.",2026-04-08T02:57:17.427643Z,icr-sustainability-23-24_pdf/batch_8,,
record:r073_001,ESGRecord,r073_001,"Thanks to activities such as a new energy management system and research led energy saving behaviours, the ICR's emissions from direct sources (Scope 1) and indirect sources (Scope 2) have decreased by 16% since 2018/19.",2026-04-08T02:57:17.427643Z,icr-sustainability-23-24_pdf/batch_8,,
record:r073_002,ESGRecord,r073_002,"Business travel has seen a further bounce back this year, with increased travel to conferences the ICR has implemented a new policy of no domestic UK flights where a better sustainable alternative is available.",2026-04-08T02:57:17.427643Z,icr-sustainability-23-24_pdf/batch_8,,
record:r073_003,ESGRecord,r073_003,"There has been small decrease in waste emissions compared to the baseline year of 2018/29, with fluctuations in waste volumes in the intervening years due to the pandemic and large construction projects.",2026-04-08T02:57:17.427643Z,icr-sustainability-23-24_pdf/batch_8,,
record:r073_004,ESGRecord,r073_004,Carbon emissions from purchased goods and services have decreased by 6% compared to the baseline year of 2018/19.,2026-04-08T02:57:17.427643Z,icr-sustainability-23-24_pdf/batch_8,,
record:r073_005,ESGRecord,r073_005,"The ICR has successfully retained certification to ISO14001, an international standard that sets out the requirements for an environmental management system, since 2013 as part of our integrated management system.",2026-04-08T02:57:17.427643Z,icr-sustainability-23-24_pdf/batch_8,,
record:r073_006,ESGRecord,r073_006,"The new Concordat for the Environmental Sustainability of Research and Innovation Practice primary aims are to promote environmentally responsible practices in research and innovation, reducing negative environmental impacts and emissions associated with these activities.",2026-04-08T02:57:17.427643Z,icr-sustainability-23-24_pdf/batch_8,,
record:r073_007,ESGRecord,r073_007,The ICR is proud to be a signatory to this Concordat.,2026-04-08T02:57:17.427643Z,icr-sustainability-23-24_pdf/batch_8,,
record:r073_008,ESGRecord,r073_008,The climate crisis stands as one of today's most fundamental global challenges.,2026-04-08T02:57:17.427643Z,icr-sustainability-23-24_pdf/batch_8,,
climatelabel:risk,ClimateLabel,risk,,,,,
record:r073_009,ESGRecord,r073_009,The Climate Change Act 2008 mandates that greenhouse gas emissions must reach net zero by 2050.,2026-04-08T02:57:17.427643Z,icr-sustainability-23-24_pdf/batch_8,,
record:r073_010,ESGRecord,r073_010,"In a determined effort to lead by example, the ICR has set an ambitious goal to achieve net zero emissions by 2040, requiring a reduction of emissions by a minimum of 90% by that deadline.",2026-04-08T02:57:17.427643Z,icr-sustainability-23-24_pdf/batch_8,,
record:r073_011,ESGRecord,r073_011,"We have established an interim target based on the methodology from the Science Based Targets Initiative, aiming for a 42% reduction in our carbon footprint across scopes 1, 2, and 3 by 2029/30.",2026-04-08T02:57:17.427643Z,icr-sustainability-23-24_pdf/batch_8,,
record:r073_012,ESGRecord,r073_012,"Water consumption has continued to reduce since the opening of our new research building in 2020/21, the Centre for Cancer Drug Discovery (CCDD) when water consumption peaked.",2026-04-08T02:57:17.427643Z,icr-sustainability-23-24_pdf/batch_8,,
record:r073_013,ESGRecord,r073_013,"In 2023/24 our water consumption dropped by 2.5% against our baseline water consumption in 2019/20, and this is a drop of 26.5% against our peak consumption in 2020/21.",2026-04-08T02:57:17.427643Z,icr-sustainability-23-24_pdf/batch_8,,
record:r073_014,ESGRecord,r073_014,"The ICR's new Energy Management System also monitors water usage across all ICR buildings and provides alerts if the anticipated consumption changes, allowing our Building and Maintenance team to identify and investigate leaks and increased usage.",2026-04-08T02:57:17.427643Z,icr-sustainability-23-24_pdf/batch_8,,
aspect:strategy,Aspect,strategy,,,,,
record:r073_015,ESGRecord,r073_015,The carbon emissions from commuter travel for 2024 were calculated to be 568 tonnes of CO₂e. This has increased from the previous report of 539.,2026-04-08T02:57:17.427643Z,icr-sustainability-23-24_pdf/batch_8,,
record:r073_016,ESGRecord,r073_016,The majority of personnel use Petrol vehicles and the take up of electric vehicles using the site EV points is only 46 cars.,2026-04-08T02:57:17.427643Z,icr-sustainability-23-24_pdf/batch_8,,
record:r073_017,ESGRecord,r073_017,ICR recently launched a new electric vehicle scheme in partnership with Octopus EV to provide salary sacrifice EV options to staff.,2026-04-08T02:57:17.427643Z,icr-sustainability-23-24_pdf/batch_8,,
record:r079_000,ESGRecord,r079_000,PTBA berkomitmen mendukung target Pemerintah mencapai nol emisi.,2026-04-08T02:57:57.544080Z,20250526113828-2025-05-26ptba_laporan_berkelanjutan113825_pdf/batch_6,,
prompt:tone_few_shot_indonesian_md,Prompt,tone_few_shot_indonesian.md,,,,,
aspect:komitmen_net_zero_emission,Aspect,komitmen net zero emission,,,,,
record:r079_001,ESGRecord,r079_001,"PTBA juga berkomitmen untuk menjalankan bisnis berkelanjutan dengan menerapkan keselarasan antara aspek Environmental, Social, and Governance (ESG).",2026-04-08T02:57:57.544080Z,20250526113828-2025-05-26ptba_laporan_berkelanjutan113825_pdf/batch_6,,
aspect:komitmen_bisnis_berkelanjutan,Aspect,komitmen bisnis berkelanjutan,,,,,
record:r079_002,ESGRecord,r079_002,"Langkah nyata yang diambil antara lain menerapkan eco, mechanized mining yaitu mengganti peralatan pertambangan yang menggunakan bahan bakar fosil menjadi elektrik, e-mining reporting system yaitu, system pelaporan produksi secara real time dan daring dan berbagai program manajemen karbon di area operasional penambangan.",2026-04-08T02:57:57.544080Z,20250526113828-2025-05-26ptba_laporan_berkelanjutan113825_pdf/batch_6,,
aspect:implementasi_eco_mechanized_mining,Aspect,implementasi eco-mechanized mining,,,,,
climatelabel:action,ClimateLabel,action,,,,,
record:r079_003,ESGRecord,r079_003,"Perseroan juga menciptakan sinergi dan kerja sama dengan berbagai mitra strategis dalam mewujudkan energi bersih seperti pengembangan PLTS, PLTB, tanaman Kaliandra untuk mengurangi emisi karbon dan menjadi simpanan biomassa untuk diolah menjadi wood pellet sebagai bahan campuran co-firing di PLTU serta Carbon Capture, Utilization (CCU) atau penangkapan karbon dioksida dan dikonversi menjadi methanol.",2026-04-08T02:57:57.544080Z,20250526113828-2025-05-26ptba_laporan_berkelanjutan113825_pdf/batch_6,,
aspect:sinergi_pengembangan_energi_bersih,Aspect,sinergi pengembangan energi bersih,,,,,
record:r079_004,ESGRecord,r079_004,PTBA berkomitmen mendukung target Pemerintah mencapai Emisi Nol Bersih atau Net Zero Emission pada 2060.,2026-04-08T02:57:57.544080Z,20250526113828-2025-05-26ptba_laporan_berkelanjutan113825_pdf/batch_6,,
aspect:komitmen_net_zero_emission_2060,Aspect,komitmen net zero emission 2060,,,,,
record:r079_005,ESGRecord,r079_005,"Dengan visi menjadi perusahaan energi kelas dunia, PTBA telah memiliki roadmap manajemen karbon hingga 2050, baik bersifat pengurangan emisi (reducing emission sources/ maupun peningkatan penyerapan emisi (increase carbon sinks).",2026-04-08T02:57:57.544080Z,20250526113828-2025-05-26ptba_laporan_berkelanjutan113825_pdf/batch_6,,
aspect:roadmap_manajemen_karbon_2050,Aspect,roadmap manajemen karbon 2050,,,,,
record:r079_006,ESGRecord,r079_006,"Berdasarkan manajemen karbon hingga 2050, terdapat 3 (tiga) pendekatan yang dilakukan PTBA, yaitu dekarbonisasi operasi, reklamasi, dan studi CCU (carbon capture, utilization, and utilization).",2026-04-08T02:57:57.544080Z,20250526113828-2025-05-26ptba_laporan_berkelanjutan113825_pdf/batch_6,,
aspect:pendekatan_manajemen_karbon,Aspect,pendekatan manajemen karbon,,,,,
record:r079_007,ESGRecord,r079_007,Upaya lain yang dilakukan PTBA untuk mengukuhkan sikap antikorupsi adalah secara berkesinambungan melakukan sosialisasi kebijakan dan prosedur antikorupsi di lingkungan Perusahaan.,2026-04-08T02:57:57.544080Z,20250526113828-2025-05-26ptba_laporan_berkelanjutan113825_pdf/batch_6,,
aspect:sosialisasi_kebijakan_antikorupsi,Aspect,sosialisasi kebijakan antikorupsi,,,,,
record:r079_008,ESGRecord,r079_008,"Merujuk sosialisasi yang sudah terselenggara, per 31 Desember 2024, anggota Dewan Komisaris dan Direksi yang telah mendapatkan sosialisasi dan prosedur antikorupsi tercatat sebanyak 11 orang, atau 100% dari total Dewan Komisaris dan Direksi.",2026-04-08T02:57:57.544080Z,20250526113828-2025-05-26ptba_laporan_berkelanjutan113825_pdf/batch_6,,
aspect:sosialisasi_antikorupsi_untuk_komisaris_dan_direksi,Aspect,sosialisasi antikorupsi untuk komisaris dan direksi,,,,,
record:r079_009,ESGRecord,r079_009,Adapun karyawan yang telah mendapatkan sosialisasi kebijakan dan prosedur antikorupsi sebanyak 1.679 orang atau 100% dari total karyawan.,2026-04-08T02:57:57.544080Z,20250526113828-2025-05-26ptba_laporan_berkelanjutan113825_pdf/batch_6,,
aspect:sosialisasi_antikorupsi_untuk_karyawan,Aspect,sosialisasi antikorupsi untuk karyawan,,,,,
record:r079_010,ESGRecord,r079_010,Sedangkan mitra atau vendor yang telah mendapatkan sosialisasi kebijakan dan prosedur antikorupsi adalah seluruh vendor ditandai dengan penandatanganan pakta integritas.,2026-04-08T02:57:57.544080Z,20250526113828-2025-05-26ptba_laporan_berkelanjutan113825_pdf/batch_6,,
aspect:sosialisasi_antikorupsi_untuk_vendor,Aspect,sosialisasi antikorupsi untuk vendor,,,,,
record:r079_011,ESGRecord,r079_011,"Selain sosialisasi kebijakan dan prosedur antikorupsi, PTBA juga memberi kesempatan kepada Dewan Komisaris, Direksi dan karyawan untuk mengikuti pelatihan tentang antikorupsi.",2026-04-08T02:57:57.544080Z,20250526113828-2025-05-26ptba_laporan_berkelanjutan113825_pdf/batch_6,,
aspect:pelatihan_antikorupsi,Aspect,pelatihan antikorupsi,,,,,
record:r079_012,ESGRecord,r079_012,"Hingga akhir tahun 2024, jumlah anggota Dewan Komisaris dan Direksi yang telah mengikuti pelatihan antikorupsi tercatat sebanyak 11 orang, atau 100% dari total Dewan Komisaris dan Direksi.",2026-04-08T02:57:57.544080Z,20250526113828-2025-05-26ptba_laporan_berkelanjutan113825_pdf/batch_6,,
aspect:pelatihan_antikorupsi_untuk_komisaris_dan_direksi,Aspect,pelatihan antikorupsi untuk komisaris dan direksi,,,,,
record:r079_013,ESGRecord,r079_013,Sedangkan karyawan yang telah mengikuti pelatihan antikorupsi sebanyak 372 orang atau 22% dari total karyawan.,2026-04-08T02:57:57.544080Z,20250526113828-2025-05-26ptba_laporan_berkelanjutan113825_pdf/batch_6,,
aspect:pelatihan_antikorupsi_untuk_karyawan,Aspect,pelatihan antikorupsi untuk karyawan,,,,,
record:r080_000,ESGRecord,r080_000,"Throughout 2024, VKTR reinforced its strategic role in shaping a new landscape for sustainable transportation in Indonesia. No longer merely a pioneer, VKTR has emerged as a principal architect, designing and implementing adaptive and comprehensive green transport solutions. Through the development of commercial electric vehicles across various sectors, from trucks and buses to logistics and urban transport solutions, VKTR is introducing a new model of mobility that emphasizes both efficiency and a low-emission future.",2026-04-08T02:57:58.925003Z,vktr_ar_sr_2024_pdf/batch_21,,
record:r080_001,ESGRecord,r080_001,"The successful completion of VKTR's commercial electric vehicle assembly facility in Magelang marked a milestone in advancing national green industrialization. By prioritizing local standards and empowering domestic supply chains, VKTR has broadened the scope of its transformative impact, from technological advancement to the creation of economic and social value.",2026-04-08T02:57:58.925003Z,vktr_ar_sr_2024_pdf/batch_21,,
record:r080_002,ESGRecord,r080_002,This commitment is further reinforced through the development of diverse prototypes and cross-industry collaborations that accelerate adoption and enable vehicle customization tailored to the needs of strategic sectors.,2026-04-08T02:57:58.925003Z,vktr_ar_sr_2024_pdf/batch_21,,
record:r080_003,ESGRecord,r080_003,"VKTR continues to serve a vital role in the national effort toward a low-carbon transportation future. This journey goes beyond delivering products, it is about building a system, an ecosystem that responds to the demands of the times with technology, environmental responsibility, and a collective determination to shape a greener and more resilient Indonesia.",2026-04-08T02:57:58.925003Z,vktr_ar_sr_2024_pdf/batch_21,,
record:r080_004,ESGRecord,r080_004,"On August 2022, the Company and PMC entered into a Confidentiality Agreement to analyse the data provided by the other party as deemed necessary in connection with the implementation of the project of retrofit/repowering chasis of fuel motorized buses to battery-based electric motorized bus (the ""Project"").",2026-04-08T02:57:58.925003Z,vktr_ar_sr_2024_pdf/batch_21,,
record:r080_005,ESGRecord,r080_005,"On February 16, 2023, the Company signed a Cooperation Agreement with GZXT to produce two wheel electric vehicles and the retrofit is carried out under the Joint Operation and conversion of non-electrical vehicles into battery-based electric motor vehicles whose components will be supplied by the Parties.",2026-04-08T02:57:58.925003Z,vktr_ar_sr_2024_pdf/batch_21,,
record:r080_006,ESGRecord,r080_006,"On January 23, 2024, the Company and TIFA entered into a Cooperation Agreement to assist the Company customers who require financing facilities in obtaining goods sold by the Company. This Cooperation Agreement is valid for an indefinite period of time, unless terminated with the consent of the Parties.",2026-04-08T02:57:58.925003Z,vktr_ar_sr_2024_pdf/batch_21,,
record:r080_007,ESGRecord,r080_007,"On January 26, 2024, PT Sarana Ekomobilitas Indonesia (""SEI""), a Subsidiary, and Bank DKI entered into a Non-Disclosure Agreement regarding the plan to provide credit facilities. This agreement will be in effect continuously from the date of delivery or disclosure of Confidential Information relating to the Project, unless terminated with the consent of the Parties.",2026-04-08T02:57:58.925003Z,vktr_ar_sr_2024_pdf/batch_21,,
record:r080_008,ESGRecord,r080_008,"On January 30, 2024, VSI, a Subsidiary, and GEI entered into a Non-Disclosure Agreement regarding business opportunities for project of Preparation of Environmental Impact Assessment (AMDAL) and Administration of Online Single Submission. The term of this agreement is three (3) years after the date of the execution of this Agreement.",2026-04-08T02:57:58.925003Z,vktr_ar_sr_2024_pdf/batch_21,,
record:r081_000,ESGRecord,r081_000,"Global dynamics in 2024 remained complex and uncertain, driven by rising geopolitical tensions and disruptions in commodity supply chains. Conflicts in Eastern Europe and the Middle East triggered supply chain instability and price surges across key commodities, prompting central banks around the world to raise benchmark interest rates in an effort to control inflation. Amid these pressures, many developing nations faced a tightening of financial conditions, making cost-efficiency and strategic adaptation essential for business continuity.",2026-04-08T02:58:28.918823Z,AR SR GTRA 2024___pdf/batch_10,,
record:r081_001,ESGRecord,r081_001,"Indonesia, however, demonstrated consistent economic resilience, posting 5.03% GDP growth in 2024. This marked the third consecutive year of growth above 5%, supported by robust domestic consumption and a low inflation rate of 1.57%. With a 2025 national growth target of 5.2%, the government is focused on maintaining economic stability while enhancing industrial productivity.",2026-04-08T02:58:28.918823Z,AR SR GTRA 2024___pdf/batch_10,,
aspect:economic_resilience,Aspect,economic resilience,,,,,
esgpillar:s,ESGPillar,s,,,,,
record:r081_002,ESGRecord,r081_002,"Within this environment, the transport and warehousing sector stood out with 8.69% growth, driven by increased activity in manufacturing and trade. As a result, logistics and transportation services continued to gain relevance as essential pillars of the national economy.",2026-04-08T02:58:28.918823Z,AR SR GTRA 2024___pdf/batch_10,,
aspect:economic_growth,Aspect,economic growth,,,,,
record:r081_003,ESGRecord,r081_003,"Against this backdrop, Grahatrans pursued a clear and deliberate strategy: Achieving Growth Through Improvement. The Company proactively responded to global and domestic uncertainties by diversifying its client base and focusing on sectors less reliant on import-export activities. This strategic shift not only strengthened Grahatrans's operational resilience, but also allowed it to align with broader national growth trends.",2026-04-08T02:58:28.918823Z,AR SR GTRA 2024___pdf/batch_10,,
aspect:strategic_adaptation,Aspect,strategic adaptation,,,,,
record:r081_004,ESGRecord,r081_004,"By enhancing internal capabilities and improving service efficiencies, Grahatrans is better positioned to meet rising demand, manage external risks, and build a foundation for sustainable expansion in the years ahead.",2026-04-08T02:58:28.918823Z,AR SR GTRA 2024___pdf/batch_10,,
aspect:sustainable_expansion,Aspect,sustainable expansion,,,,,
record:r084_000,ESGRecord,r084_000,"As a pioneer among industrial estate developers in Indonesia, BeFa is at the forefront of creating a green and eco-friendly industrial zone. This transformative initiative aims to minimize environmental impact while promoting a sustainable economic model. It includes prioritizing renewable energy sources, implementing waste management systems, and ensuring efficient resource utilization.",2026-04-08T02:59:48.386540Z,BEST-SR_2024_pdf/batch_11,,
record:r084_001,ESGRecord,r084_001,"The Company is dedicated to continuous innovation and excellence within the realm of ESG, striving to create spaces that harmoniously blend industry with ecological sustainability.",2026-04-08T02:59:48.386540Z,BEST-SR_2024_pdf/batch_11,,
record:r084_002,ESGRecord,r084_002,"In its pursuit of this vision, BeFa is evolving into a Smart Eco-Industrial Park. This initiative focuses on promoting sustainable development through the incorporation of advanced technologies, smart infrastructure, and environmentally friendly practices that benefit both the community and the ecosystem.",2026-04-08T02:59:48.386540Z,BEST-SR_2024_pdf/batch_11,,
record:r084_003,ESGRecord,r084_003,"BeFa is dedicated to a comprehensive Corporate Social Responsibility (CSR) strategy aimed at creating a balanced synergy between economic performance, social well-being, and environmental sustainability.",2026-04-08T02:59:48.386540Z,BEST-SR_2024_pdf/batch_11,,
record:r084_004,ESGRecord,r084_004,"As an integral part of BeFa's corporate strategy, CSR initiatives span multiple focus areas, including: Environmental conservation through wastewater treatment and pollution control.",2026-04-08T02:59:48.386540Z,BEST-SR_2024_pdf/batch_11,,
record:r084_005,ESGRecord,r084_005,Education and workforce training programs aimed at enhancing skills and employability.,2026-04-08T02:59:48.386540Z,BEST-SR_2024_pdf/batch_11,,
record:r084_006,ESGRecord,r084_006,Development and enhancement of public infrastructure to support community growth.,2026-04-08T02:59:48.386540Z,BEST-SR_2024_pdf/batch_11,,
record:r084_007,ESGRecord,r084_007,Aid and assistance for communities affected by natural disasters.,2026-04-08T02:59:48.386540Z,BEST-SR_2024_pdf/batch_11,,
record:r084_008,ESGRecord,r084_008,Health programs designed to improve public access to essential medical services.,2026-04-08T02:59:48.386540Z,BEST-SR_2024_pdf/batch_11,,
record:r084_009,ESGRecord,r084_009,"BeFa's approach to Strategic Social Responsibility (SR) is anchored in its commitment to sustainable economic, social, and environmental development.",2026-04-08T02:59:48.386540Z,BEST-SR_2024_pdf/batch_11,,
record:r084_010,ESGRecord,r084_010,"Guided by the ISO 26000 standards on Social Responsibility and Law No. 40 of 2007 on Limited Liability Companies, BeFa aims to enhance both corporate and societal well-being by fostering long-term positive impacts.",2026-04-08T02:59:48.386540Z,BEST-SR_2024_pdf/batch_11,,
record:r084_011,ESGRecord,r084_011,The Company's SR policy is built on two fundamental principles: Ensuring continuous economic growth by integrating responsible and sustainable business practices.,2026-04-08T02:59:48.386540Z,BEST-SR_2024_pdf/batch_11,,
record:r084_012,ESGRecord,r084_012,"Strengthening community welfare through initiatives focused on environmental preservation, education, health, and spiritual development.",2026-04-08T02:59:48.386540Z,BEST-SR_2024_pdf/batch_11,,
record:r084_013,ESGRecord,r084_013,"As a company engaged in the management and development of industrial estates, BeFa remains committed to upholding environmental sustainability.",2026-04-08T02:59:48.386540Z,BEST-SR_2024_pdf/batch_11,,
record:r084_014,ESGRecord,r084_014,"This is achieved through initiatives such as pollution prevention, responsible resource utilization, and strict adherence to environmental protection measures in all operational activities.",2026-04-08T02:59:48.386540Z,BEST-SR_2024_pdf/batch_11,,
record:r084_015,ESGRecord,r084_015,BeFa prioritizes the well-being of its workforce by implementing a robust Occupational Health and Safety (OHS) framework.,2026-04-08T02:59:48.386540Z,BEST-SR_2024_pdf/batch_11,,
record:r084_016,ESGRecord,r084_016,"This includes risk mitigation strategies, the provision of personal protective equipment, regular workplace safety assessments, and structured OHS training programs.",2026-04-08T02:59:48.386540Z,BEST-SR_2024_pdf/batch_11,,
record:r084_017,ESGRecord,r084_017,"These efforts are designed to prevent workplace accidents, promote a safety-first culture, and ensure compliance with industry best practices.",2026-04-08T02:59:48.386540Z,BEST-SR_2024_pdf/batch_11,,
record:r084_018,ESGRecord,r084_018,"In alignment with national labor laws and corporate policies outlined in the Letter of Agreement (LOA), BeFa upholds the principles of fairness, inclusivity, and non-discrimination.",2026-04-08T02:59:48.386540Z,BEST-SR_2024_pdf/batch_11,,
record:r084_019,ESGRecord,r084_019,"The Company ensures equal employment opportunities, fosters a positive work environment, and promotes diversity across all levels of the organization.",2026-04-08T02:59:48.386540Z,BEST-SR_2024_pdf/batch_11,,
record:r084_020,ESGRecord,r084_020,BeFa's commitment to social welfare is reflected in its active contributions to local communities.,2026-04-08T02:59:48.386540Z,BEST-SR_2024_pdf/batch_11,,
record:r084_021,ESGRecord,r084_021,"This includes initiatives such as hiring local workers, supporting religious and cultural programs, and engaging in various social development activities that foster stronger community relationships.",2026-04-08T02:59:48.386540Z,BEST-SR_2024_pdf/batch_11,,
record:r084_022,ESGRecord,r084_022,BeFa is dedicated to delivering high-quality products and services while maintaining strong customer relations.,2026-04-08T02:59:48.386540Z,BEST-SR_2024_pdf/batch_11,,
record:r084_023,ESGRecord,r084_023,"The Company actively works to enhance customer satisfaction by providing value-driven solutions, fostering collaboration, and upholding the highest standards of integrity.",2026-04-08T02:59:48.386540Z,BEST-SR_2024_pdf/batch_11,,
record:r084_024,ESGRecord,r084_024,"Through these commitments, BeFa aims to generate sustainable benefits for all stakeholders and contribute to long-term business success.",2026-04-08T02:59:48.386540Z,BEST-SR_2024_pdf/batch_11,,
record:r084_025,ESGRecord,r084_025,"At present, BeFa does not have a designated team exclusively responsible for sustainability management.",2026-04-08T02:59:48.386540Z,BEST-SR_2024_pdf/batch_11,,
record:r084_026,ESGRecord,r084_026,"However, sustainability considerations are embedded within the Company's broader governance framework.",2026-04-08T02:59:48.386540Z,BEST-SR_2024_pdf/batch_11,,
record:r084_027,ESGRecord,r084_027,"Various business units integrate sustainable practices into their respective operations, ensuring that environmental, social, and financial responsibilities are managed holistically across the organization.",2026-04-08T02:59:48.386540Z,BEST-SR_2024_pdf/batch_11,,
record:r084_028,ESGRecord,r084_028,"In 2024, the person in charge of sustainability did not participate in various training and/or competency improvement programs related to sustainability.",2026-04-08T02:59:48.386540Z,BEST-SR_2024_pdf/batch_11,,
record:r084_029,ESGRecord,r084_029,"However, such programs have been scheduled for the Community Relations (CSR) Department in 2025.",2026-04-08T02:59:48.386540Z,BEST-SR_2024_pdf/batch_11,,
record:r085_000,ESGRecord,r085_000,"Sepanjang tahun 2024, VKTR mengukuhkan peran strategisnya dalam membentuk lanskap baru transportasi berkelanjutan di Indonesia. Tidak hanya sebagai perintis, VKTR kini hadir sebagai arsitek utama yang merancang dan mewujudkan solusi mobilitas hijau yang adaptif dan menyeluruh. Melalui pengembangan kendaraan listrik komersial lintas sektor, mulai dari truk dan bus, hingga solusi logistik dan angkutan perkotaan, VKTR memperkenalkan model mobilitas yang tidak hanya efisien, tetapi juga berorientasi pada masa depan rendah emisi.",2026-04-08T03:02:43.232206Z,vktr_ar_sr_2024_pdf/batch_21,,
aspect:climate,Aspect,climate,,,,,
record:r085_001,ESGRecord,r085_001,"Keberhasilan pembangunan fasilitas perakitan kendaraan listrik di Magelang menjadi tonggak penting yang mencerminkan langkah nyata industrialisasi hijau di tingkat nasional. Dengan mengedepankan standar lokal dan pemberdayaan rantai pasok dalam negeri, VKTR memperluas cakupan dampak transformasi, dari aspek teknologi hingga penciptaan nilai ekonomi dan sosial.",2026-04-08T03:02:43.232206Z,vktr_ar_sr_2024_pdf/batch_21,,
record:r085_002,ESGRecord,r085_002,"VKTR terus menjadi bagian penting dari solusi nasional menuju masa depan transportasi rendah karbon. Perjalanan ini bukan sekadar menghadirkan produk, tetapi membentuk sistem, sebuah ekosistem yang menjawab kebutuhan zaman dengan teknologi, tanggung jawab lingkungan, dan tekad kolektif membangun Indonesia yang lebih hijau dan tangguh.",2026-04-08T03:02:43.232206Z,vktr_ar_sr_2024_pdf/batch_21,,
record:r085_003,ESGRecord,r085_003,"Pada tanggal 16 Februari 2023, Perusahaan menandatangani Perjanjian Kerjasama dengan GZXT untuk memproduksi kendaraan listrik roda dua dan retrofitnya dilakukan dengan skema Joint Operation dan konversi kendaraan non-listrik menjadi kendaraan bermotor listrik berbasis listrik yang komponennya akan diproduksi oleh Para Pihak.",2026-04-08T03:02:43.232206Z,vktr_ar_sr_2024_pdf/batch_21,,
record:r088_000,ESGRecord,r088_000,"PTBA berkomitmen mendukung target Pemerintah mencapai nol emisi. PTBA juga berkomitmen untuk menjalankan bisnis berkelanjutan dengan menerapkan keselarasan antara aspek Environmental, Social, and Governance (ESG).",2026-04-08T03:03:36.232065Z,20250526113828-2025-05-26ptba_laporan_berkelanjutan113825_pdf/batch_5,,
record:r088_001,ESGRecord,r088_001,"Perseroan senantiasa melakukan berbagai optimasi menuju pertambangan yang lebih ramah lingkungan. Langkah nyata yang diambil antara lain menerapkan eco, mechanized mining yaitu mengganti peralatan pertambangan yang menggunakan bahan bakar fosil menjadi elektrik, e-mining reporting system yaitu, system pelaporan produksi secara real time dan daring dan berbagai program manajemen karbon di area operasional penambangan.",2026-04-08T03:03:36.232065Z,20250526113828-2025-05-26ptba_laporan_berkelanjutan113825_pdf/batch_5,,
record:r088_002,ESGRecord,r088_002,"Perseroan juga menciptakan sinergi dan kerja sama dengan berbagai mitra strategis dalam mewujudkan energi bersih seperti pengembangan PLTS, PLTB, tanaman Kaliandra untuk mengurangi emisi karbon dan menjadi simpanan biomassa untuk diolah menjadi wood pellet sebagai bahan campuran co-firing di PLTU serta Carbon Capture, Utilization (CCU) atau penangkapan karbon dioksida dan dikonversi menjadi methanol.",2026-04-08T03:03:36.232065Z,20250526113828-2025-05-26ptba_laporan_berkelanjutan113825_pdf/batch_5,,
record:r088_003,ESGRecord,r088_003,"PTBA berkomitmen mendukung target Pemerintah mencapai Emisi Nol Bersih atau Net Zero Emission pada 2060. Dengan visi menjadi perusahaan energi kelas dunia, PTBA telah memiliki roadmap manajemen karbon hingga 2050, baik bersifat pengurangan emisi (reducing emission sources/ maupun peningkatan penyerapan emisi (increase carbon sinks).",2026-04-08T03:03:36.232065Z,20250526113828-2025-05-26ptba_laporan_berkelanjutan113825_pdf/batch_5,,
record:r088_004,ESGRecord,r088_004,"Berdasarkan manajemen karbon hingga 2050, terdapat 3 (tiga) pendekatan yang dilakukan PTBA, yaitu dekarbonisasi operasi, reklamasi, dan studi CCU (carbon capture, utilization, and utilization).",2026-04-08T03:03:36.232065Z,20250526113828-2025-05-26ptba_laporan_berkelanjutan113825_pdf/batch_5,,
aspect:climate_strategy,Aspect,climate-strategy,,,,,
climatelabel:climate_strategy,ClimateLabel,climate-strategy,,,,,
record:r088_005,ESGRecord,r088_005,"PTBA memiliki sikap tegas terhadap korupsi sebagai bagian dari komitmen Perusahaan dalam menjalankan bisnis yang bersih, transparan, dan berintegritas. Perusahan menolak segala bentuk praktik korupsi, kolusi, dan nepotisme, baik dalam hubungan internal maupun eksternal perusahaan.",2026-04-08T03:03:36.232065Z,20250526113828-2025-05-26ptba_laporan_berkelanjutan113825_pdf/batch_5,,
record:r088_006,ESGRecord,r088_006,PTBA merumuskan benturan kepentingan sebagai pertentangan kepentingan ekonomis pribadi dengan kepentingan ekonomis Perusahaan yang berdampak pada Objektivitas serta pertimbangan komersial. Setiap individu jajaran PTBA dilarang berada dalam situasi yang menimbulkan benturan kepentingan.,2026-04-08T03:03:36.232065Z,20250526113828-2025-05-26ptba_laporan_berkelanjutan113825_pdf/batch_5,,
record:r088_007,ESGRecord,r088_007,"Untuk menghindari terjadinya benturan kepentingan, Perusahaan menetapkan beberapa prinsip kebijakan sebagai berikut: 1. Anggota Dewan Komisaris dan Direksi harus mengungkapkan kepemilikan saham di Perseroan atau di perusahaan lain dalam daftar khusus sebagaimana jadi dipersyaratkan peraturan perundang-undangan yang berlaku. 2. Setiap individu jajaran Perseroan dilarang memanfaatkan jabatan untuk kepentingan pribadi atau untuk kepentingan orang lain atau pihak lain yang merugikan kepentingan Perseroan. 3. Setiap individu jajaran Perseroan dilarang menggunakan informasi penting dan rahasia bagi kepentingan pribadi atau untuk kepentingan orang lain, atau pihak lain yang merugikan kepentingan Perseroan. 4. Setiap individu jajaran Perseroan sebaiknya menghindari kepentingan ekonomi dalam perusahaan yang dapat menimbulkan benturan kepentingan ekonomi.",2026-04-08T03:03:36.232065Z,20250526113828-2025-05-26ptba_laporan_berkelanjutan113825_pdf/batch_5,,
record:r088_008,ESGRecord,r088_008,"PTBA memiliki sikap tegas terhadap korupsi sebagai bagian dari komitmen Perusahaan dalam menjalankan bisnis yang bersih, transparan, dan berintegritas. Perusahan menolak segala bentuk praktik korupsi, kolusi, dan nepotisme, baik dalam hubungan internal maupun eksternal perusahaan.",2026-04-08T03:03:36.232065Z,20250526113828-2025-05-26ptba_laporan_berkelanjutan113825_pdf/batch_5,,
record:r088_009,ESGRecord,r088_009,"Merujuk Undang-Undang No. 31 Tahun 1999 jo. Undang-Undang No. 20 Tahun 2001 tentang Pemberantasan Tindak Pidana Korupsi, pengertian korupsi mencakup perbuatan melawan hukum, memperkaya diri orang/badan lain yang merugikan keuangan/perekonomian negara (pasal 2); menyalahgunakan kewenangan karena jabatan/kedudukan yang dapat merugikan keuangan/kedudukan yang dapat merugikan keuangan/perekonomian negara (pasal 3); kelompok delik penyuapan (pasal 5,6, dan 11); kelompok delik penggelapan dalam jabatan (pasal 8, 9, dan 10); delik pemerasan dalam jabatan (pasal 12); delik yang berkaitan dengan pemborongan (pasal 7); hingga delik gratifikasi (pasal 12B dan 12C).",2026-04-08T03:03:36.232065Z,20250526113828-2025-05-26ptba_laporan_berkelanjutan113825_pdf/batch_5,,
record:r088_010,ESGRecord,r088_010,"Ketegasan terhadap antikorupsi diimplementasikan Perusahaan antara lain dengan tidak memberi dan menerima hadiah serta gratifikasi yang diperkirakan akan memengaruhi independensi dalam proses pengambilan keputusan, serta bertentangan dengan etika bisnis yang sehat dan/atau bertentangan dengan hukum yang berlaku.",2026-04-08T03:03:36.232065Z,20250526113828-2025-05-26ptba_laporan_berkelanjutan113825_pdf/batch_5,,
record:r088_011,ESGRecord,r088_011,Komitmen antikorupsi tersebut dikukuhkan dengan beberapa kebijakan di PTBA di antaranya Keputusan Bersama Dewan Komisaris dan Direksi PTBA Nomor:10/SK/PTBA-DEKOM/IX/2020 dan Nomor:400/0100/2020 tentang Penerapan Prinsip dan Praktik Good Corporate Governance Untuk Kebijakan Anti Gratifikasi di PT Bukit Asam Tbk dan Pedoman Pengendalian Gratifikasi BAAGM:03 Nomor Revisi 1 tahun 2024.,2026-04-08T03:03:36.232065Z,20250526113828-2025-05-26ptba_laporan_berkelanjutan113825_pdf/batch_5,,
record:r088_012,ESGRecord,r088_012,"Lebih lanjut, untuk memperkecil, bahkan menutup peluang terjadinya korupsi, PTBA telah melakukan pemetaan dan pengkajian risiko dalam mata rantai dan operasional usaha yang berpotensi besar terjadi korupsi. Berdasarkan pemetaan tersebut, diidentifikasi 82% dari operasi memiliki risiko terkait korupsi.",2026-04-08T03:03:36.232065Z,20250526113828-2025-05-26ptba_laporan_berkelanjutan113825_pdf/batch_5,,
record:r090_000,ESGRecord,r090_000,"With the Renewable Energy Certificate obtained by its subsidiary from PLN, the Company is able to realize its commitment to support the sustainability goals of its customers through the use of sustainable energy.",2026-04-23T03:59:04.359145Z,Indonet-Annual-Report-2022_pdf/batch_1,,
company:indonet_annual_report_2022,Company,Indonet-Annual-Report-2022,,,,,
model:openai_gpt_oss_120b_free,Model,openai/gpt-oss-120b:free,,,,,
prompt:data_md,Prompt,data.md,,,,,
aspect:missing,Aspect,missing,,,,,
sentiment:commitment,Sentiment,commitment,,,,,
record:r090_001,ESGRecord,r090_001,"The Company has also established numerous strategic partnerships which will support the business to expand services, enhance customer response times, and maximize its potential growth in Indonesia.",2026-04-23T03:59:04.359145Z,Indonet-Annual-Report-2022_pdf/batch_1,,
record:r091_000,ESGRecord,r091_000,"With the Renewable Energy Certificate obtained by its subsidiary from PLN, the Company is able to realize its commitment to support the sustainability goals of its customers through the use of sustainable energy.",2026-04-23T03:59:18.647532Z,Indonet-Annual-Report-2022_pdf/batch_2,,
record:r091_001,ESGRecord,r091_001,Based on Notarial Deed No. 122 dated 27 October 2020 ... the Company's shareholders has approved the following decisions: a. Approved the Company's plan to conduct an Initial Public Offering (IPO) ... b. Approved the change in status of the Company from a Private Company to a Public Company ...,2026-04-23T03:59:18.647532Z,Indonet-Annual-Report-2022_pdf/batch_2,,
record:r092_000,ESGRecord,r092_000,"With the Renewable Energy Certificate obtained by its subsidiary from PLN, the Company is able to realize its commitment to support the sustainability goals of its customers through the use of sustainable energy.",2026-04-23T03:59:31.098672Z,Indonet-Annual-Report-2022_pdf/batch_3,,
record:r092_001,ESGRecord,r092_001,The composition of the Company's Audit Committee as at 31 December 2022 and 2021 are as follows:,2026-04-23T03:59:31.098672Z,Indonet-Annual-Report-2022_pdf/batch_3,,
record:r093_000,ESGRecord,r093_000,"With the Renewable Energy Certificate obtained by its subsidiary from PLN, the Company is able to realize its commitment to support the sustainability goals of its customers through the use of sustainable energy.",2026-04-23T03:59:40.895877Z,Indonet-Annual-Report-2022_pdf/batch_4,,
record:r094_000,ESGRecord,r094_000,"Dengan adanya Sertifikat Energi Terbarukan yang diperoleh entitas anaknya dari PLN, Perseroan mampu mewujudkan komitmennya dalam mendukung tujuan keberlanjutan para pelanggan melalui penggunaan energi berkelanjutan.",2026-04-23T03:59:52.536695Z,Indonet-Annual-Report-2022_pdf/batch_5,,
record:r094_001,ESGRecord,r094_001,"Through various strategic moves taken to overcome the existing limitations, the Company will continue to seize existing opportunities in order to create added value and sustainable growth in the future.",2026-04-23T03:59:52.536695Z,Indonet-Annual-Report-2022_pdf/batch_5,,
record:r095_000,ESGRecord,r095_000,"With the Renewable Energy Certificate obtained by its subsidiary from PLN, the Company is able to realize its commitment to support the sustainability goals of its customers through the use of sustainable energy.",2026-04-23T04:00:06.410618Z,Indonet-Annual-Report-2022_pdf/batch_6,,
record:r095_001,ESGRecord,r095_001,"The Company has also established numerous strategic partnerships which will support the business to expand services, enhance customer response times, and maximize its potential growth in Indonesia.",2026-04-23T04:00:06.410618Z,Indonet-Annual-Report-2022_pdf/batch_6,,
record:r095_002,ESGRecord,r095_002,"Through various strategic moves taken to overcome the existing limitations, the Company will continue to seize existing opportunities in order to create added value and sustainable growth in the future.",2026-04-23T04:00:06.410618Z,Indonet-Annual-Report-2022_pdf/batch_6,,
record:r096_000,ESGRecord,r096_000,"With the Renewable Energy Certificate obtained by its subsidiary from PLN, the Company is able to realize its commitment to support the sustainability goals of its customers through the use of sustainable energy.",2026-04-23T04:00:22.574827Z,Indonet-Annual-Report-2022_pdf/batch_7,,
record:r096_001,ESGRecord,r096_001,"Through various strategic moves taken to overcome the existing limitations, the Company will continue to seize existing opportunities in order to create added value and sustainable growth in the future.",2026-04-23T04:00:22.574827Z,Indonet-Annual-Report-2022_pdf/batch_7,,
record:r096_002,ESGRecord,r096_002,"The Company has also established numerous strategic partnerships which will support the business to expand services, enhance customer response times, and maximize its potential growth in Indonesia.",2026-04-23T04:00:22.574827Z,Indonet-Annual-Report-2022_pdf/batch_7,,
record:r097_000,ESGRecord,r097_000,"With the Renewable Energy Certificate obtained by its subsidiary from PLN, the Company is able to realize its commitment to support the sustainability goals of its customers through the use of sustainable energy.",2026-04-23T04:00:33.979538Z,Indonet-Annual-Report-2022_pdf/batch_8,,
record:r098_000,ESGRecord,r098_000,"With the Renewable Energy Certificate obtained by its subsidiary from PLN, the Company is able to realize its commitment to support the sustainability goals of its customers through the use of sustainable energy.",2026-04-23T04:00:49.505609Z,Indonet-Annual-Report-2022_pdf/batch_9,,
record:r098_001,ESGRecord,r098_001,"The Company has also established numerous strategic partnerships which will support the business to expand services, enhance customer response times, and maximize its potential growth in Indonesia.",2026-04-23T04:00:49.505609Z,Indonet-Annual-Report-2022_pdf/batch_9,,
record:r098_002,ESGRecord,r098_002,"Management periodically evaluates its tax positions with respect to situations in which applicable tax regulation is subject to interpretation. Where appropriate, management establishes provisions based on the amounts expected to be paid to the tax authorities.",2026-04-23T04:00:49.505609Z,Indonet-Annual-Report-2022_pdf/batch_9,,
record:r098_003,ESGRecord,r098_003,The Group has defined benefit and defined contribution plans and is required to provide minimum pension benefits as stipulated in the Omnibus Law and related regulations.,2026-04-23T04:00:49.505609Z,Indonet-Annual-Report-2022_pdf/batch_9,,
record:r099_000,ESGRecord,r099_000,"With the Renewable Energy Certificate obtained by its subsidiary from PLN, the Company is able to realize its commitment to support the sustainability goals of its customers through the use of sustainable energy.",2026-04-23T04:01:06.456359Z,Indonet-Annual-Report-2022_pdf/batch_10,,
record:r099_001,ESGRecord,r099_001,"The Company has also established numerous strategic partnerships which will support the business to expand services, enhance customer response times, and maximize its potential growth in Indonesia.",2026-04-23T04:01:06.456359Z,Indonet-Annual-Report-2022_pdf/batch_10,,
record:r099_002,ESGRecord,r099_002,"Through various strategic moves taken to overcome the existing limitations, the Company will continue to seize existing opportunities in order to create added value and sustainable growth in the future.",2026-04-23T04:01:06.456359Z,Indonet-Annual-Report-2022_pdf/batch_10,,
climatelabel:commitment,ClimateLabel,commitment,,,,,
record:r099_003,ESGRecord,r099_003,The Group assesses whether a contract is or contains a lease and recognises right‑of‑use assets and lease liabilities in accordance with accounting standards.,2026-04-23T04:01:06.456359Z,Indonet-Annual-Report-2022_pdf/batch_10,,
record:r099_004,ESGRecord,r099_004,"The Group does not recognise right‑of‑use assets and lease liabilities for short‑term leases or low‑value assets, charging payments to profit or loss on a straight‑line basis.",2026-04-23T04:01:06.456359Z,Indonet-Annual-Report-2022_pdf/batch_10,,
record:r099_005,ESGRecord,r099_005,Actuarial gains and losses arising from experience adjustments and changes in actuarial assumptions are charged or credited to equity in other comprehensive income in the period in which they arise.,2026-04-23T04:01:06.456359Z,Indonet-Annual-Report-2022_pdf/batch_10,,
record:r100_000,ESGRecord,r100_000,"Dengan adanya Sertifikat Energi Terbarukan yang diperoleh entitas anaknya dari PLN, Perseroan mampu mewujudkan komitmennya dalam mendukung tujuan keberlanjutan para pelanggan melalui penggunaan energi berkelanjutan.",2026-04-23T04:01:19.655290Z,Indonet-Annual-Report-2022_pdf/batch_11,,
record:r100_001,ESGRecord,r100_001,"With the Renewable Energy Certificate obtained by its subsidiary from PLN, the Company is able to realize its commitment to support the sustainability goals of its customers through the use of sustainable energy.",2026-04-23T04:01:19.655290Z,Indonet-Annual-Report-2022_pdf/batch_11,,
record:r101_000,ESGRecord,r101_000,"With the Renewable Energy Certificate obtained by its subsidiary from PLN, the Company is able to realize its commitment to support the sustainability goals of its customers through the use of sustainable energy.",2026-04-23T04:01:38.082115Z,Indonet-Annual-Report-2022_pdf/batch_12,,
record:r101_001,ESGRecord,r101_001,"The Group's activities are exposed to a variety of financial risks such as foreign exchange risk, credit risk and liquidity risk.",2026-04-23T04:01:38.082115Z,Indonet-Annual-Report-2022_pdf/batch_12,,
record:r101_002,ESGRecord,r101_002,Risk management is carried out by the management of the Group under the direction of the Board of Directors. The Board of Directors identifies and evaluates financial risks.,2026-04-23T04:01:38.082115Z,Indonet-Annual-Report-2022_pdf/batch_12,,
record:r101_003,ESGRecord,r101_003,Final dividends distributions are recognised as a liability when the dividends are approved in the Company's General Meeting of Shareholders.,2026-04-23T04:01:38.082115Z,Indonet-Annual-Report-2022_pdf/batch_12,,
record:r102_000,ESGRecord,r102_000,The Group is exposed to credit risk arising from the credit granted to its customers.,2026-04-23T04:02:22.435200Z,Indonet-Annual-Report-2022_pdf/batch_13,,
record:r102_001,ESGRecord,r102_001,"To mitigate this risk, the Group sends the invoices at the beginning of the month and grants a term to personal and corporate customers up to the date of 20th of every month, respectively, to pay the invoice.",2026-04-23T04:02:22.435200Z,Indonet-Annual-Report-2022_pdf/batch_13,,
record:r102_002,ESGRecord,r102_002,"If up to those dates, the customers do not pay the invoice, the Group will hold the access given to customers, collection department or the sales representative will contact the corporate customer to ask the continuity of the service given by the Group.",2026-04-23T04:02:22.435200Z,Indonet-Annual-Report-2022_pdf/batch_13,,
record:r102_003,ESGRecord,r102_003,"In addition, receivable balances are monitored on an ongoing basis to reduce the Group's exposure to bad debts.",2026-04-23T04:02:22.435200Z,Indonet-Annual-Report-2022_pdf/batch_13,,
record:r102_004,ESGRecord,r102_004,"As at 31 December 2022, cash in bank and time deposits maintained with PT Bank China Construction Bank Indonesia Tbk, PT Bank Central Asia Tbk, PT Bank KEB Hana Indonesia, PT OCBC NISP Tbk and PT BPR Sarana Utama Multidana represent 36%, 31%, 16%, 4%, and 3% respectively, of total cash and cash equivalent also constitutes a concentration of credit risk.",2026-04-23T04:02:22.435200Z,Indonet-Annual-Report-2022_pdf/batch_13,,
record:r102_005,ESGRecord,r102_005,"As at 31 December 2021, cash in bank and time deposits maintained with PT Bank China Construction Bank Indonesia Tbk, PT Bank Central Asia Tbk, PT Bank KEB Hana Indonesia, PT Bank Sahabat Sampoerna and PT BPR Sarana Utama Multidana represent 54%, 22%, 13%, 3%, and 3% respectively, of total cash and cash equivalent also constitutes a concentration of credit risk.",2026-04-23T04:02:22.435200Z,Indonet-Annual-Report-2022_pdf/batch_13,,
record:r102_006,ESGRecord,r102_006,The Group maximum exposure to credit risk for each class of financial assets as at 31 December 2022 and 2021 is equal to the carrying amounts as presented in the consolidated statement of financial position.,2026-04-23T04:02:22.435200Z,Indonet-Annual-Report-2022_pdf/batch_13,,
record:r102_007,ESGRecord,r102_007,Liquidity risk is the risk that the Group will encounter difficulty in meeting financial obligations due to shortage of funds.,2026-04-23T04:02:22.435200Z,Indonet-Annual-Report-2022_pdf/batch_13,,
record:r102_008,ESGRecord,r102_008,"The Group manages its liquidity profile to be able to finance its business activities and capital expenditures and to settle its debts by maintaining sufficient cash and cash equivalents, and the availability of funding through an adequate amount of committed credit facilities.",2026-04-23T04:02:22.435200Z,Indonet-Annual-Report-2022_pdf/batch_13,,
record:r102_009,ESGRecord,r102_009,"The Group regularly evaluates its projected and actual cash flow information and continuously assesses conditions in the financial markets for opportunities to pursue fund‑raising initiatives, including bank loans and equity markets.",2026-04-23T04:02:22.435200Z,Indonet-Annual-Report-2022_pdf/batch_13,,
record:r103_000,ESGRecord,r103_000,"With the Renewable Energy Certificate obtained by its subsidiary from PLN, the Company is able to realize its commitment to support the sustainability goals of its customers through the use of sustainable energy.",2026-04-23T04:02:41.815725Z,Indonet-Annual-Report-2022_pdf/batch_14,,
record:r103_001,ESGRecord,r103_001,The Group performs a regular review of the impact of interest rate risk to manage the interest rate risk through preparation of regular cash flow projections to monitor the payment of borrowings principal and interest. Interest rates are monitored to minimise negative impact on the Group.,2026-04-23T04:02:41.815725Z,Indonet-Annual-Report-2022_pdf/batch_14,,
record:r103_002,ESGRecord,r103_002,"The Group's objectives when managing capital are to safeguard the Group's ability to continue as a going concern whilst seeking to maximise benefits to shareholders and other stakeholders. The Group periodically reviews and manages its optimal capital structure and shareholder returns, taking into consideration future capital requirements, profitability, operating cash flows, capital expenditure and strategic investment opportunities.",2026-04-23T04:02:41.815725Z,Indonet-Annual-Report-2022_pdf/batch_14,,
record:r104_000,ESGRecord,r104_000,"Dengan adanya Sertifikat Energi Terbarukan yang diperoleh entitas anaknya dari PLN, Perseroan mampu mewujudkan komitmennya dalam mendukung tujuan keberlanjutan para pelanggan melalui penggunaan energi berkelanjutan.",2026-04-23T04:02:55.647646Z,Indonet-Annual-Report-2022_pdf/batch_15,,
record:r104_001,ESGRecord,r104_001,"With the Renewable Energy Certificate obtained by its subsidiary from PLN, the Company is able to realize its commitment to support the sustainability goals of its customers through the use of sustainable energy.",2026-04-23T04:02:55.647646Z,Indonet-Annual-Report-2022_pdf/batch_15,,
record:r105_000,ESGRecord,r105_000,"With the Renewable Energy Certificate obtained by its subsidiary from PLN, the Company is able to realize its commitment to support the sustainability goals of its customers through the use of sustainable energy.",2026-04-23T04:03:08.801005Z,Indonet-Annual-Report-2022_pdf/batch_16,,
record:r105_001,ESGRecord,r105_001,"Through various strategic moves taken to overcome the existing limitations, the Company will continue to seize existing opportunities in order to create added value and sustainable growth in the future.",2026-04-23T04:03:08.801005Z,Indonet-Annual-Report-2022_pdf/batch_16,,
record:r106_000,ESGRecord,r106_000,"With the Renewable Energy Certificate obtained by its subsidiary from PLN, the Company is able to realize its commitment to support the sustainability goals of its customers through the use of sustainable energy.",2026-04-23T04:03:16.761314Z,Indonet-Annual-Report-2022_pdf/batch_17,,
record:r107_000,ESGRecord,r107_000,"With the Renewable Energy Certificate obtained by its subsidiary from PLN, the Company is able to realize its commitment to support the sustainability goals of its customers through the use of sustainable energy.",2026-04-23T04:03:35.644218Z,Indonet-Annual-Report-2022_pdf/batch_18,,
record:r107_001,ESGRecord,r107_001,Based on the Minister of Finance of the Republic of Indonesia regulation No. 150/PMK.010/2018 ... EDG applied for tax holiday facility through online single submission (OSS) on 18 December 2019.,2026-04-23T04:03:35.644218Z,Indonet-Annual-Report-2022_pdf/batch_18,,
record:r107_002,ESGRecord,r107_002,"On 30 December 2019, the Minister of Finance ... issued Decree ... regarding the granting of corporate income tax reduction facility to EDG ... Up to the completion date of these consolidated financial statements, the application for tax holiday facility is still in the process of review by DGT.",2026-04-23T04:03:35.644218Z,Indonet-Annual-Report-2022_pdf/batch_18,,
record:r107_003,ESGRecord,r107_003,"The Company received Underpayment Tax Assessment Letters ... for VAT and PPh 26, did not pay, filed objections and appeals, which were rejected, and later paid the underpayment with penalties.",2026-04-23T04:03:35.644218Z,Indonet-Annual-Report-2022_pdf/batch_18,,
record:r108_000,ESGRecord,r108_000,"With the Renewable Energy Certificate obtained by its subsidiary from PLN, the Company is able to realize its commitment to support the sustainability goals of its customers through the use of sustainable energy.",2026-04-23T04:03:57.337683Z,Indonet-Annual-Report-2022_pdf/batch_19,,
record:r108_001,ESGRecord,r108_001,"The Company has also established numerous strategic partnerships which will support the business to expand services, enhance customer response times, and maximize its potential growth in Indonesia.",2026-04-23T04:03:57.337683Z,Indonet-Annual-Report-2022_pdf/batch_19,,
record:r108_002,ESGRecord,r108_002,"On 15 December 2014, the Company filed a judicial review to the Supreme Court of the Republic of Indonesia. On 23 August 2021, the Company received a copy of Supreme Court Verdict that decided to reject the judicial review on the Tax Court decision letter related to PPh 26. The Company accepted the decision and recorded it as “Other operating expense” account amounted to Rp892 in 2021 consolidated statement of profit or loss and other comprehensive income.",2026-04-23T04:03:57.337683Z,Indonet-Annual-Report-2022_pdf/batch_19,,
record:r108_003,ESGRecord,r108_003,"On 30 November 2021, the Tax Court fully approved the Company’s appeal in the amount of Rp3,485 and subsequently received the cash refund on 27 January 2022.",2026-04-23T04:03:57.337683Z,Indonet-Annual-Report-2022_pdf/batch_19,,
record:r108_004,ESGRecord,r108_004,"The deferred tax assets for the years ended 31 December 2022 and 2021 are presented in the table, showing amounts related to employee benefits, long‑term liabilities, fixed assets, and other items.",2026-04-23T04:03:57.337683Z,Indonet-Annual-Report-2022_pdf/batch_19,,
record:r109_000,ESGRecord,r109_000,"With the Renewable Energy Certificate obtained by its subsidiary from PLN, the Company is able to realize its commitment to support the sustainability goals of its customers through the use of sustainable energy.",2026-04-23T04:04:07.243151Z,Indonet-Annual-Report-2022_pdf/batch_20,,
ontologypath:climatebert_climate_detection,OntologyPath,ClimateBERT -> climate-detection,,,,True,79
ontologypath:governance_general,OntologyPath,Governance -> General,,,,True,66
ontologypath:climatebert_climate_action,OntologyPath,ClimateBERT -> climate-action,,,,True,19
ontologypath:climatebert_climate_commitment,OntologyPath,ClimateBERT -> climate-commitment,,,,True,15
ontologypath:climatebert_environmental_claims,OntologyPath,ClimateBERT -> environmental-claims,,,,True,11
ontologypath:climatebert_climate_d,OntologyPath,ClimateBERT -> climate-d,,,,False,8
ontologypath:climatebert_climate_d_s,OntologyPath,ClimateBERT -> climate-d-s,,,,False,4
ontologypath:climatebert_netzero_reduction,OntologyPath,ClimateBERT -> netzero-reduction,,,,True,4
ontologypath:climatebert_climate,OntologyPath,ClimateBERT -> climate,,,,False,2
ontologypath:climatebert_climate_strategy,OntologyPath,ClimateBERT -> climate-strategy,,,,False,1
aspect:supply_chain,Aspect,Supply Chain,,,,,
ontologypath:economic_operational_supply_chain,OntologyPath,Economic -> Operational -> Supply Chain,,,,True,0
aspect:integrated_supply_chain,Aspect,Integrated Supply Chain,,,,,
ontologypath:economic_operational_integrated_supply_chain,OntologyPath,Economic -> Operational -> Integrated Supply Chain,,,,True,0
aspect:operational_efficiency,Aspect,Operational Efficiency,,,,,
ontologypath:economic_operational_efficiency,OntologyPath,Economic -> Operational -> Efficiency,,,,True,0
aspect:capacity_expansion,Aspect,Capacity Expansion,,,,,
ontologypath:economic_operational_capacity_expansion,OntologyPath,Economic -> Operational -> Capacity Expansion,,,,True,0
aspect:value_chain,Aspect,Value Chain,,,,,
ontologypath:economic_operational_value_chain,OntologyPath,Economic -> Operational -> Value Chain,,,,True,0
aspect:food_security,Aspect,Food Security,,,,,
ontologypath:economic_food_security,OntologyPath,Economic -> Food Security,,,,True,0
aspect:rural_economy,Aspect,Rural Economy,,,,,
ontologypath:economic_community_rural_economy,OntologyPath,Economic -> Community -> Rural Economy,,,,True,0
aspect:self_sufficiency,Aspect,Self-sufficiency,,,,,
aspect:local_partnership,Aspect,Local Partnership,,,,,
ontologypath:social_partnership,OntologyPath,Social -> Partnership,,,,True,0
aspect:community_welfare,Aspect,Community Welfare,,,,,
ontologypath:social_welfare,OntologyPath,Social -> Welfare,,,,True,0
aspect:education_support,Aspect,Education Support,,,,,
ontologypath:social_education,OntologyPath,Social -> Education,,,,True,0
aspect:worker_safety,Aspect,Worker Safety,,,,,
ontologypath:social_worker_safety,OntologyPath,Social -> Worker Safety,,,,True,0
aspect:energy_efficiency,Aspect,Energy Efficiency,,,,,
ontologypath:environmental_energy_efficiency,OntologyPath,Environmental -> Energy Efficiency,,,,True,0
aspect:environmental_preservation,Aspect,Environmental Preservation,,,,,
ontologypath:environmental_preservation,OntologyPath,Environmental -> Preservation,,,,True,0
aspect:emission_reduction,Aspect,Emission Reduction,,,,,
ontologypath:environmental_emission_reduction,OntologyPath,Environmental -> Emission Reduction,,,,True,0
aspect:governance_transparency,Aspect,Governance/Transparency,,,,,
ontologypath:governance_transparency,OntologyPath,Governance -> Transparency,,,,True,0
aspect:compliance,Aspect,Compliance,,,,,
ontologypath:governance_compliance,OntologyPath,Governance -> Compliance,,,,True,0
aspect:sustainability_strategy,Aspect,Sustainability Strategy,,,,,
ontologypath:governance_strategy,OntologyPath,Governance -> Strategy,,,,True,0
aspect:general,Aspect,General,,,,,
ontologypath:general_misc,OntologyPath,General -> Misc,,,,True,0
