:START_ID,:END_ID,:TYPE
record:r000_000,company:best_sr_2024,FROM_COMPANY
record:r000_000,model:arcee_ai_trinity_large_preview_free,GENERATED_BY_MODEL
record:r000_000,prompt:tone_zero_shot_english_md,USED_PROMPT
record:r000_000,aspect:environmental_claims,HAS_ASPECT
record:r000_000,esgpillar:e,HAS_PILLAR
record:r000_000,tone:commitment,HAS_TONE
record:r000_000,sentiment:neutral,HAS_SENTIMENT
record:r000_000,climatelabel:climate_detection,HAS_CLIMATE_LABEL
record:r000_000,climatelabel:climate_d,HAS_CLIMATE_LABEL
record:r000_000,climatelabel:climate_d_s,HAS_CLIMATE_LABEL
record:r000_000,climatelabel:climate_specificity,HAS_CLIMATE_LABEL
record:r000_000,climatelabel:environmental_claims,HAS_CLIMATE_LABEL
record:r000_001,company:best_sr_2024,FROM_COMPANY
record:r000_001,model:arcee_ai_trinity_large_preview_free,GENERATED_BY_MODEL
record:r000_001,prompt:tone_zero_shot_english_md,USED_PROMPT
record:r000_001,aspect:environmental_claims,HAS_ASPECT
record:r000_001,esgpillar:e,HAS_PILLAR
record:r000_001,tone:commitment,HAS_TONE
record:r000_001,sentiment:neutral,HAS_SENTIMENT
record:r000_001,climatelabel:climate_detection,HAS_CLIMATE_LABEL
record:r000_001,climatelabel:climate_d,HAS_CLIMATE_LABEL
record:r000_001,climatelabel:climate_d_s,HAS_CLIMATE_LABEL
record:r000_001,climatelabel:climate_specificity,HAS_CLIMATE_LABEL
record:r000_001,climatelabel:environmental_claims,HAS_CLIMATE_LABEL
record:r000_002,company:best_sr_2024,FROM_COMPANY
record:r000_002,model:arcee_ai_trinity_large_preview_free,GENERATED_BY_MODEL
record:r000_002,prompt:tone_zero_shot_english_md,USED_PROMPT
record:r000_002,aspect:governance,HAS_ASPECT
record:r000_002,esgpillar:g,HAS_PILLAR
record:r000_002,tone:action,HAS_TONE
record:r000_002,sentiment:neutral,HAS_SENTIMENT
record:r000_002,climatelabel:governance,HAS_CLIMATE_LABEL
record:r006_000,company:vktr_ar_sr_2024,FROM_COMPANY
record:r006_000,model:arcee_ai_trinity_large_preview_free,GENERATED_BY_MODEL
record:r006_000,prompt:tone_chain_of_thought_english_md,USED_PROMPT
record:r006_000,aspect:climate_detection,HAS_ASPECT
record:r006_000,esgpillar:e,HAS_PILLAR
record:r006_000,tone:commitment,HAS_TONE
record:r006_000,sentiment:neutral,HAS_SENTIMENT
record:r006_000,climatelabel:climate_commitment,HAS_CLIMATE_LABEL
record:r006_000,climatelabel:climate_specificity,HAS_CLIMATE_LABEL
record:r006_000,climatelabel:climate_sentiment,HAS_CLIMATE_LABEL
record:r006_000,climatelabel:climate_s,HAS_CLIMATE_LABEL
record:r006_000,climatelabel:climate_f,HAS_CLIMATE_LABEL
record:r006_000,climatelabel:strategy,HAS_CLIMATE_LABEL
record:r006_000,climatelabel:environmental_claims,HAS_CLIMATE_LABEL
record:r006_001,company:vktr_ar_sr_2024,FROM_COMPANY
record:r006_001,model:arcee_ai_trinity_large_preview_free,GENERATED_BY_MODEL
record:r006_001,prompt:tone_chain_of_thought_english_md,USED_PROMPT
record:r006_001,aspect:climate_detection,HAS_ASPECT
record:r006_001,esgpillar:e,HAS_PILLAR
record:r006_001,tone:outcome,HAS_TONE
record:r006_001,sentiment:positive,HAS_SENTIMENT
record:r006_001,climatelabel:climate_d,HAS_CLIMATE_LABEL
record:r006_001,climatelabel:climate_specificity,HAS_CLIMATE_LABEL
record:r006_001,climatelabel:climate_sentiment,HAS_CLIMATE_LABEL
record:r006_001,climatelabel:climate_s,HAS_CLIMATE_LABEL
record:r006_001,climatelabel:climate_tcfd,HAS_CLIMATE_LABEL
record:r006_001,climatelabel:strategy,HAS_CLIMATE_LABEL
record:r006_001,climatelabel:environmental_claims,HAS_CLIMATE_LABEL
record:r006_002,company:vktr_ar_sr_2024,FROM_COMPANY
record:r006_002,model:arcee_ai_trinity_large_preview_free,GENERATED_BY_MODEL
record:r006_002,prompt:tone_chain_of_thought_english_md,USED_PROMPT
record:r006_002,aspect:climate_detection,HAS_ASPECT
record:r006_002,esgpillar:e,HAS_PILLAR
record:r006_002,tone:commitment,HAS_TONE
record:r006_002,sentiment:neutral,HAS_SENTIMENT
record:r006_002,climatelabel:climate_commitment,HAS_CLIMATE_LABEL
record:r006_002,climatelabel:climate_specificity,HAS_CLIMATE_LABEL
record:r006_002,climatelabel:climate_sentiment,HAS_CLIMATE_LABEL
record:r006_002,climatelabel:climate_s,HAS_CLIMATE_LABEL
record:r006_002,climatelabel:climate_f,HAS_CLIMATE_LABEL
record:r006_002,climatelabel:strategy,HAS_CLIMATE_LABEL
record:r006_002,climatelabel:environmental_claims,HAS_CLIMATE_LABEL
record:r006_003,company:vktr_ar_sr_2024,FROM_COMPANY
record:r006_003,model:arcee_ai_trinity_large_preview_free,GENERATED_BY_MODEL
record:r006_003,prompt:tone_chain_of_thought_english_md,USED_PROMPT
record:r006_003,aspect:climate_detection,HAS_ASPECT
record:r006_003,esgpillar:e,HAS_PILLAR
record:r006_003,tone:commitment,HAS_TONE
record:r006_003,sentiment:neutral,HAS_SENTIMENT
record:r006_003,climatelabel:climate_commitment,HAS_CLIMATE_LABEL
record:r006_003,climatelabel:climate_specificity,HAS_CLIMATE_LABEL
record:r006_003,climatelabel:climate_sentiment,HAS_CLIMATE_LABEL
record:r006_003,climatelabel:climate_s,HAS_CLIMATE_LABEL
record:r006_003,climatelabel:climate_f,HAS_CLIMATE_LABEL
record:r006_003,climatelabel:strategy,HAS_CLIMATE_LABEL
record:r006_003,climatelabel:environmental_claims,HAS_CLIMATE_LABEL
record:r006_004,company:vktr_ar_sr_2024,FROM_COMPANY
record:r006_004,model:arcee_ai_trinity_large_preview_free,GENERATED_BY_MODEL
record:r006_004,prompt:tone_chain_of_thought_english_md,USED_PROMPT
record:r006_004,aspect:climate_detection,HAS_ASPECT
record:r006_004,esgpillar:e,HAS_PILLAR
record:r006_004,tone:action,HAS_TONE
record:r006_004,sentiment:neutral,HAS_SENTIMENT
record:r006_004,climatelabel:climate_d,HAS_CLIMATE_LABEL
record:r006_004,climatelabel:climate_specificity,HAS_CLIMATE_LABEL
record:r006_004,climatelabel:climate_sentiment,HAS_CLIMATE_LABEL
record:r006_004,climatelabel:climate_s,HAS_CLIMATE_LABEL
record:r006_004,climatelabel:climate_tcfd,HAS_CLIMATE_LABEL
record:r006_004,climatelabel:strategy,HAS_CLIMATE_LABEL
record:r006_004,climatelabel:environmental_claims,HAS_CLIMATE_LABEL
record:r006_005,company:vktr_ar_sr_2024,FROM_COMPANY
record:r006_005,model:arcee_ai_trinity_large_preview_free,GENERATED_BY_MODEL
record:r006_005,prompt:tone_chain_of_thought_english_md,USED_PROMPT
record:r006_005,aspect:climate_detection,HAS_ASPECT
record:r006_005,esgpillar:e,HAS_PILLAR
record:r006_005,tone:action,HAS_TONE
record:r006_005,sentiment:neutral,HAS_SENTIMENT
record:r006_005,climatelabel:climate_d,HAS_CLIMATE_LABEL
record:r006_005,climatelabel:climate_specificity,HAS_CLIMATE_LABEL
record:r006_005,climatelabel:climate_sentiment,HAS_CLIMATE_LABEL
record:r006_005,climatelabel:climate_s,HAS_CLIMATE_LABEL
record:r006_005,climatelabel:climate_tcfd,HAS_CLIMATE_LABEL
record:r006_005,climatelabel:strategy,HAS_CLIMATE_LABEL
record:r006_005,climatelabel:environmental_claims,HAS_CLIMATE_LABEL
record:r006_006,company:vktr_ar_sr_2024,FROM_COMPANY
record:r006_006,model:arcee_ai_trinity_large_preview_free,GENERATED_BY_MODEL
record:r006_006,prompt:tone_chain_of_thought_english_md,USED_PROMPT
record:r006_006,aspect:climate_detection,HAS_ASPECT
record:r006_006,esgpillar:e,HAS_PILLAR
record:r006_006,tone:commitment,HAS_TONE
record:r006_006,sentiment:neutral,HAS_SENTIMENT
record:r006_006,climatelabel:climate_commitment,HAS_CLIMATE_LABEL
record:r006_006,climatelabel:climate_specificity,HAS_CLIMATE_LABEL
record:r006_006,climatelabel:climate_sentiment,HAS_CLIMATE_LABEL
record:r006_006,climatelabel:climate_s,HAS_CLIMATE_LABEL
record:r006_006,climatelabel:climate_f,HAS_CLIMATE_LABEL
record:r006_006,climatelabel:strategy,HAS_CLIMATE_LABEL
record:r006_006,climatelabel:environmental_claims,HAS_CLIMATE_LABEL
record:r006_007,company:vktr_ar_sr_2024,FROM_COMPANY
record:r006_007,model:arcee_ai_trinity_large_preview_free,GENERATED_BY_MODEL
record:r006_007,prompt:tone_chain_of_thought_english_md,USED_PROMPT
record:r006_007,aspect:climate_detection,HAS_ASPECT
record:r006_007,esgpillar:e,HAS_PILLAR
record:r006_007,tone:commitment,HAS_TONE
record:r006_007,sentiment:neutral,HAS_SENTIMENT
record:r006_007,climatelabel:climate_commitment,HAS_CLIMATE_LABEL
record:r006_007,climatelabel:climate_specificity,HAS_CLIMATE_LABEL
record:r006_007,climatelabel:climate_sentiment,HAS_CLIMATE_LABEL
record:r006_007,climatelabel:climate_s,HAS_CLIMATE_LABEL
record:r006_007,climatelabel:climate_f,HAS_CLIMATE_LABEL
record:r006_007,climatelabel:strategy,HAS_CLIMATE_LABEL
record:r006_007,climatelabel:environmental_claims,HAS_CLIMATE_LABEL
record:r006_008,company:vktr_ar_sr_2024,FROM_COMPANY
record:r006_008,model:arcee_ai_trinity_large_preview_free,GENERATED_BY_MODEL
record:r006_008,prompt:tone_chain_of_thought_english_md,USED_PROMPT
record:r006_008,aspect:climate_detection,HAS_ASPECT
record:r006_008,esgpillar:e,HAS_PILLAR
record:r006_008,tone:action,HAS_TONE
record:r006_008,sentiment:neutral,HAS_SENTIMENT
record:r006_008,climatelabel:climate_d,HAS_CLIMATE_LABEL
record:r006_008,climatelabel:climate_specificity,HAS_CLIMATE_LABEL
record:r006_008,climatelabel:climate_sentiment,HAS_CLIMATE_LABEL
record:r006_008,climatelabel:climate_s,HAS_CLIMATE_LABEL
record:r006_008,climatelabel:climate_tcfd,HAS_CLIMATE_LABEL
record:r006_008,climatelabel:strategy,HAS_CLIMATE_LABEL
record:r006_008,climatelabel:environmental_claims,HAS_CLIMATE_LABEL
record:r006_009,company:vktr_ar_sr_2024,FROM_COMPANY
record:r006_009,model:arcee_ai_trinity_large_preview_free,GENERATED_BY_MODEL
record:r006_009,prompt:tone_chain_of_thought_english_md,USED_PROMPT
record:r006_009,aspect:climate_detection,HAS_ASPECT
record:r006_009,esgpillar:e,HAS_PILLAR
record:r006_009,tone:action,HAS_TONE
record:r006_009,sentiment:neutral,HAS_SENTIMENT
record:r006_009,climatelabel:climate_d,HAS_CLIMATE_LABEL
record:r006_009,climatelabel:climate_specificity,HAS_CLIMATE_LABEL
record:r006_009,climatelabel:climate_sentiment,HAS_CLIMATE_LABEL
record:r006_009,climatelabel:climate_s,HAS_CLIMATE_LABEL
record:r006_009,climatelabel:climate_tcfd,HAS_CLIMATE_LABEL
record:r006_009,climatelabel:strategy,HAS_CLIMATE_LABEL
record:r006_009,climatelabel:environmental_claims,HAS_CLIMATE_LABEL
record:r006_010,company:vktr_ar_sr_2024,FROM_COMPANY
record:r006_010,model:arcee_ai_trinity_large_preview_free,GENERATED_BY_MODEL
record:r006_010,prompt:tone_chain_of_thought_english_md,USED_PROMPT
record:r006_010,aspect:climate_detection,HAS_ASPECT
record:r006_010,esgpillar:e,HAS_PILLAR
record:r006_010,tone:action,HAS_TONE
record:r006_010,sentiment:neutral,HAS_SENTIMENT
record:r006_010,climatelabel:climate_d,HAS_CLIMATE_LABEL
record:r006_010,climatelabel:climate_specificity,HAS_CLIMATE_LABEL
record:r006_010,climatelabel:climate_sentiment,HAS_CLIMATE_LABEL
record:r006_010,climatelabel:climate_s,HAS_CLIMATE_LABEL
record:r006_010,climatelabel:climate_tcfd,HAS_CLIMATE_LABEL
record:r006_010,climatelabel:strategy,HAS_CLIMATE_LABEL
record:r006_010,climatelabel:environmental_claims,HAS_CLIMATE_LABEL
record:r006_011,company:vktr_ar_sr_2024,FROM_COMPANY
record:r006_011,model:arcee_ai_trinity_large_preview_free,GENERATED_BY_MODEL
record:r006_011,prompt:tone_chain_of_thought_english_md,USED_PROMPT
record:r006_011,aspect:climate_detection,HAS_ASPECT
record:r006_011,esgpillar:e,HAS_PILLAR
record:r006_011,tone:action,HAS_TONE
record:r006_011,sentiment:neutral,HAS_SENTIMENT
record:r006_011,climatelabel:climate_d,HAS_CLIMATE_LABEL
record:r006_011,climatelabel:climate_specificity,HAS_CLIMATE_LABEL
record:r006_011,climatelabel:climate_sentiment,HAS_CLIMATE_LABEL
record:r006_011,climatelabel:climate_s,HAS_CLIMATE_LABEL
record:r006_011,climatelabel:climate_tcfd,HAS_CLIMATE_LABEL
record:r006_011,climatelabel:strategy,HAS_CLIMATE_LABEL
record:r006_011,climatelabel:environmental_claims,HAS_CLIMATE_LABEL
record:r007_000,company:ar_sr_gtra_2024,FROM_COMPANY
record:r007_000,model:arcee_ai_trinity_large_preview_free,GENERATED_BY_MODEL
record:r007_000,prompt:tone_zero_shot_indonesian_md,USED_PROMPT
record:r007_000,aspect:none,HAS_ASPECT
record:r007_000,esgpillar:none,HAS_PILLAR
record:r007_000,tone:none,HAS_TONE
record:r007_000,sentiment:none,HAS_SENTIMENT
record:r007_000,climatelabel:none,HAS_CLIMATE_LABEL
record:r007_001,company:ar_sr_gtra_2024,FROM_COMPANY
record:r007_001,model:arcee_ai_trinity_large_preview_free,GENERATED_BY_MODEL
record:r007_001,prompt:tone_zero_shot_indonesian_md,USED_PROMPT
record:r007_001,aspect:none,HAS_ASPECT
record:r007_001,esgpillar:none,HAS_PILLAR
record:r007_001,tone:none,HAS_TONE
record:r007_001,sentiment:none,HAS_SENTIMENT
record:r007_001,climatelabel:none,HAS_CLIMATE_LABEL
record:r007_002,company:ar_sr_gtra_2024,FROM_COMPANY
record:r007_002,model:arcee_ai_trinity_large_preview_free,GENERATED_BY_MODEL
record:r007_002,prompt:tone_zero_shot_indonesian_md,USED_PROMPT
record:r007_002,aspect:none,HAS_ASPECT
record:r007_002,esgpillar:none,HAS_PILLAR
record:r007_002,tone:none,HAS_TONE
record:r007_002,sentiment:none,HAS_SENTIMENT
record:r007_002,climatelabel:none,HAS_CLIMATE_LABEL
record:r007_003,company:ar_sr_gtra_2024,FROM_COMPANY
record:r007_003,model:arcee_ai_trinity_large_preview_free,GENERATED_BY_MODEL
record:r007_003,prompt:tone_zero_shot_indonesian_md,USED_PROMPT
record:r007_003,aspect:none,HAS_ASPECT
record:r007_003,esgpillar:none,HAS_PILLAR
record:r007_003,tone:none,HAS_TONE
record:r007_003,sentiment:none,HAS_SENTIMENT
record:r007_003,climatelabel:none,HAS_CLIMATE_LABEL
record:r007_004,company:ar_sr_gtra_2024,FROM_COMPANY
record:r007_004,model:arcee_ai_trinity_large_preview_free,GENERATED_BY_MODEL
record:r007_004,prompt:tone_zero_shot_indonesian_md,USED_PROMPT
record:r007_004,aspect:none,HAS_ASPECT
record:r007_004,esgpillar:none,HAS_PILLAR
record:r007_004,tone:none,HAS_TONE
record:r007_004,sentiment:none,HAS_SENTIMENT
record:r007_004,climatelabel:none,HAS_CLIMATE_LABEL
record:r007_005,company:ar_sr_gtra_2024,FROM_COMPANY
record:r007_005,model:arcee_ai_trinity_large_preview_free,GENERATED_BY_MODEL
record:r007_005,prompt:tone_zero_shot_indonesian_md,USED_PROMPT
record:r007_005,aspect:none,HAS_ASPECT
record:r007_005,esgpillar:none,HAS_PILLAR
record:r007_005,tone:none,HAS_TONE
record:r007_005,sentiment:none,HAS_SENTIMENT
record:r007_005,climatelabel:none,HAS_CLIMATE_LABEL
record:r007_006,company:ar_sr_gtra_2024,FROM_COMPANY
record:r007_006,model:arcee_ai_trinity_large_preview_free,GENERATED_BY_MODEL
record:r007_006,prompt:tone_zero_shot_indonesian_md,USED_PROMPT
record:r007_006,aspect:none,HAS_ASPECT
record:r007_006,esgpillar:none,HAS_PILLAR
record:r007_006,tone:none,HAS_TONE
record:r007_006,sentiment:none,HAS_SENTIMENT
record:r007_006,climatelabel:none,HAS_CLIMATE_LABEL
record:r007_007,company:ar_sr_gtra_2024,FROM_COMPANY
record:r007_007,model:arcee_ai_trinity_large_preview_free,GENERATED_BY_MODEL
record:r007_007,prompt:tone_zero_shot_indonesian_md,USED_PROMPT
record:r007_007,aspect:none,HAS_ASPECT
record:r007_007,esgpillar:none,HAS_PILLAR
record:r007_007,tone:none,HAS_TONE
record:r007_007,sentiment:none,HAS_SENTIMENT
record:r007_007,climatelabel:none,HAS_CLIMATE_LABEL
record:r007_008,company:ar_sr_gtra_2024,FROM_COMPANY
record:r007_008,model:arcee_ai_trinity_large_preview_free,GENERATED_BY_MODEL
record:r007_008,prompt:tone_zero_shot_indonesian_md,USED_PROMPT
record:r007_008,aspect:none,HAS_ASPECT
record:r007_008,esgpillar:none,HAS_PILLAR
record:r007_008,tone:none,HAS_TONE
record:r007_008,sentiment:none,HAS_SENTIMENT
record:r007_008,climatelabel:none,HAS_CLIMATE_LABEL
record:r007_009,company:ar_sr_gtra_2024,FROM_COMPANY
record:r007_009,model:arcee_ai_trinity_large_preview_free,GENERATED_BY_MODEL
record:r007_009,prompt:tone_zero_shot_indonesian_md,USED_PROMPT
record:r007_009,aspect:none,HAS_ASPECT
record:r007_009,esgpillar:none,HAS_PILLAR
record:r007_009,tone:none,HAS_TONE
record:r007_009,sentiment:none,HAS_SENTIMENT
record:r007_009,climatelabel:none,HAS_CLIMATE_LABEL
record:r007_010,company:ar_sr_gtra_2024,FROM_COMPANY
record:r007_010,model:arcee_ai_trinity_large_preview_free,GENERATED_BY_MODEL
record:r007_010,prompt:tone_zero_shot_indonesian_md,USED_PROMPT
record:r007_010,aspect:none,HAS_ASPECT
record:r007_010,esgpillar:none,HAS_PILLAR
record:r007_010,tone:none,HAS_TONE
record:r007_010,sentiment:none,HAS_SENTIMENT
record:r007_010,climatelabel:none,HAS_CLIMATE_LABEL
record:r007_011,company:ar_sr_gtra_2024,FROM_COMPANY
record:r007_011,model:arcee_ai_trinity_large_preview_free,GENERATED_BY_MODEL
record:r007_011,prompt:tone_zero_shot_indonesian_md,USED_PROMPT
record:r007_011,aspect:none,HAS_ASPECT
record:r007_011,esgpillar:none,HAS_PILLAR
record:r007_011,tone:none,HAS_TONE
record:r007_011,sentiment:none,HAS_SENTIMENT
record:r007_011,climatelabel:none,HAS_CLIMATE_LABEL
record:r007_012,company:ar_sr_gtra_2024,FROM_COMPANY
record:r007_012,model:arcee_ai_trinity_large_preview_free,GENERATED_BY_MODEL
record:r007_012,prompt:tone_zero_shot_indonesian_md,USED_PROMPT
record:r007_012,aspect:none,HAS_ASPECT
record:r007_012,esgpillar:none,HAS_PILLAR
record:r007_012,tone:none,HAS_TONE
record:r007_012,sentiment:none,HAS_SENTIMENT
record:r007_012,climatelabel:none,HAS_CLIMATE_LABEL
record:r007_013,company:ar_sr_gtra_2024,FROM_COMPANY
record:r007_013,model:arcee_ai_trinity_large_preview_free,GENERATED_BY_MODEL
record:r007_013,prompt:tone_zero_shot_indonesian_md,USED_PROMPT
record:r007_013,aspect:none,HAS_ASPECT
record:r007_013,esgpillar:none,HAS_PILLAR
record:r007_013,tone:none,HAS_TONE
record:r007_013,sentiment:none,HAS_SENTIMENT
record:r007_013,climatelabel:none,HAS_CLIMATE_LABEL
record:r007_014,company:ar_sr_gtra_2024,FROM_COMPANY
record:r007_014,model:arcee_ai_trinity_large_preview_free,GENERATED_BY_MODEL
record:r007_014,prompt:tone_zero_shot_indonesian_md,USED_PROMPT
record:r007_014,aspect:none,HAS_ASPECT
record:r007_014,esgpillar:none,HAS_PILLAR
record:r007_014,tone:none,HAS_TONE
record:r007_014,sentiment:none,HAS_SENTIMENT
record:r007_014,climatelabel:none,HAS_CLIMATE_LABEL
record:r007_015,company:ar_sr_gtra_2024,FROM_COMPANY
record:r007_015,model:arcee_ai_trinity_large_preview_free,GENERATED_BY_MODEL
record:r007_015,prompt:tone_zero_shot_indonesian_md,USED_PROMPT
record:r007_015,aspect:none,HAS_ASPECT
record:r007_015,esgpillar:none,HAS_PILLAR
record:r007_015,tone:none,HAS_TONE
record:r007_015,sentiment:none,HAS_SENTIMENT
record:r007_015,climatelabel:none,HAS_CLIMATE_LABEL
record:r007_016,company:ar_sr_gtra_2024,FROM_COMPANY
record:r007_016,model:arcee_ai_trinity_large_preview_free,GENERATED_BY_MODEL
record:r007_016,prompt:tone_zero_shot_indonesian_md,USED_PROMPT
record:r007_016,aspect:none,HAS_ASPECT
record:r007_016,esgpillar:none,HAS_PILLAR
record:r007_016,tone:none,HAS_TONE
record:r007_016,sentiment:none,HAS_SENTIMENT
record:r007_016,climatelabel:none,HAS_CLIMATE_LABEL
record:r007_017,company:ar_sr_gtra_2024,FROM_COMPANY
record:r007_017,model:arcee_ai_trinity_large_preview_free,GENERATED_BY_MODEL
record:r007_017,prompt:tone_zero_shot_indonesian_md,USED_PROMPT
record:r007_017,aspect:none,HAS_ASPECT
record:r007_017,esgpillar:none,HAS_PILLAR
record:r007_017,tone:none,HAS_TONE
record:r007_017,sentiment:none,HAS_SENTIMENT
record:r007_017,climatelabel:none,HAS_CLIMATE_LABEL
record:r007_018,company:ar_sr_gtra_2024,FROM_COMPANY
record:r007_018,model:arcee_ai_trinity_large_preview_free,GENERATED_BY_MODEL
record:r007_018,prompt:tone_zero_shot_indonesian_md,USED_PROMPT
record:r007_018,aspect:none,HAS_ASPECT
record:r007_018,esgpillar:none,HAS_PILLAR
record:r007_018,tone:none,HAS_TONE
record:r007_018,sentiment:none,HAS_SENTIMENT
record:r007_018,climatelabel:none,HAS_CLIMATE_LABEL
record:r007_019,company:ar_sr_gtra_2024,FROM_COMPANY
record:r007_019,model:arcee_ai_trinity_large_preview_free,GENERATED_BY_MODEL
record:r007_019,prompt:tone_zero_shot_indonesian_md,USED_PROMPT
record:r007_019,aspect:none,HAS_ASPECT
record:r007_019,esgpillar:none,HAS_PILLAR
record:r007_019,tone:none,HAS_TONE
record:r007_019,sentiment:none,HAS_SENTIMENT
record:r007_019,climatelabel:none,HAS_CLIMATE_LABEL
record:r007_020,company:ar_sr_gtra_2024,FROM_COMPANY
record:r007_020,model:arcee_ai_trinity_large_preview_free,GENERATED_BY_MODEL
record:r007_020,prompt:tone_zero_shot_indonesian_md,USED_PROMPT
record:r007_020,aspect:none,HAS_ASPECT
record:r007_020,esgpillar:none,HAS_PILLAR
record:r007_020,tone:none,HAS_TONE
record:r007_020,sentiment:none,HAS_SENTIMENT
record:r007_020,climatelabel:none,HAS_CLIMATE_LABEL
record:r012_000,company:20250526113828_2025_05_26ptba_laporan_berkelanjutan113825,FROM_COMPANY
record:r012_000,model:arcee_ai_trinity_large_preview_free,GENERATED_BY_MODEL
record:r012_000,prompt:tone_zero_shot_english_md,USED_PROMPT
record:r012_000,aspect:climate_commitment,HAS_ASPECT
record:r012_000,esgpillar:e,HAS_PILLAR
record:r012_000,tone:commitment,HAS_TONE
record:r012_000,sentiment:neutral,HAS_SENTIMENT
record:r012_000,climatelabel:climate_commitment,HAS_CLIMATE_LABEL
record:r012_000,climatelabel:climate_d,HAS_CLIMATE_LABEL
record:r012_000,climatelabel:climate_specificity,HAS_CLIMATE_LABEL
record:r012_001,company:20250526113828_2025_05_26ptba_laporan_berkelanjutan113825,FROM_COMPANY
record:r012_001,model:arcee_ai_trinity_large_preview_free,GENERATED_BY_MODEL
record:r012_001,prompt:tone_zero_shot_english_md,USED_PROMPT
record:r012_001,aspect:environmental_claims,HAS_ASPECT
record:r012_001,esgpillar:e,HAS_PILLAR
record:r012_001,tone:action,HAS_TONE
record:r012_001,sentiment:positive,HAS_SENTIMENT
record:r012_001,climatelabel:environmental_claims,HAS_CLIMATE_LABEL
record:r012_001,climatelabel:climate_d,HAS_CLIMATE_LABEL
record:r012_001,climatelabel:climate_specificity,HAS_CLIMATE_LABEL
record:r012_002,company:20250526113828_2025_05_26ptba_laporan_berkelanjutan113825,FROM_COMPANY
record:r012_002,model:arcee_ai_trinity_large_preview_free,GENERATED_BY_MODEL
record:r012_002,prompt:tone_zero_shot_english_md,USED_PROMPT
record:r012_002,aspect:climate_action,HAS_ASPECT
record:r012_002,esgpillar:e,HAS_PILLAR
record:r012_002,tone:action,HAS_TONE
record:r012_002,sentiment:positive,HAS_SENTIMENT
record:r012_002,climatelabel:climate_action,HAS_CLIMATE_LABEL
record:r012_002,climatelabel:climate_d,HAS_CLIMATE_LABEL
record:r012_002,climatelabel:climate_specificity,HAS_CLIMATE_LABEL
record:r012_003,company:20250526113828_2025_05_26ptba_laporan_berkelanjutan113825,FROM_COMPANY
record:r012_003,model:arcee_ai_trinity_large_preview_free,GENERATED_BY_MODEL
record:r012_003,prompt:tone_zero_shot_english_md,USED_PROMPT
record:r012_003,aspect:netzero_reduction,HAS_ASPECT
record:r012_003,esgpillar:e,HAS_PILLAR
record:r012_003,tone:commitment,HAS_TONE
record:r012_003,sentiment:neutral,HAS_SENTIMENT
record:r012_003,climatelabel:netzero_reduction,HAS_CLIMATE_LABEL
record:r012_003,climatelabel:climate_commitment,HAS_CLIMATE_LABEL
record:r012_003,climatelabel:climate_d,HAS_CLIMATE_LABEL
record:r012_004,company:20250526113828_2025_05_26ptba_laporan_berkelanjutan113825,FROM_COMPANY
record:r012_004,model:arcee_ai_trinity_large_preview_free,GENERATED_BY_MODEL
record:r012_004,prompt:tone_zero_shot_english_md,USED_PROMPT
record:r012_004,aspect:climate_action,HAS_ASPECT
record:r012_004,esgpillar:e,HAS_PILLAR
record:r012_004,tone:action,HAS_TONE
record:r012_004,sentiment:positive,HAS_SENTIMENT
record:r012_004,climatelabel:climate_action,HAS_CLIMATE_LABEL
record:r012_004,climatelabel:climate_d,HAS_CLIMATE_LABEL
record:r012_004,climatelabel:climate_specificity,HAS_CLIMATE_LABEL
record:r012_005,company:20250526113828_2025_05_26ptba_laporan_berkelanjutan113825,FROM_COMPANY
record:r012_005,model:arcee_ai_trinity_large_preview_free,GENERATED_BY_MODEL
record:r012_005,prompt:tone_zero_shot_english_md,USED_PROMPT
record:r012_005,aspect:governance,HAS_ASPECT
record:r012_005,esgpillar:g,HAS_PILLAR
record:r012_005,tone:commitment,HAS_TONE
record:r012_005,sentiment:neutral,HAS_SENTIMENT
record:r012_005,climatelabel:governance,HAS_CLIMATE_LABEL
record:r012_005,climatelabel:climate_d,HAS_CLIMATE_LABEL
record:r012_006,company:20250526113828_2025_05_26ptba_laporan_berkelanjutan113825,FROM_COMPANY
record:r012_006,model:arcee_ai_trinity_large_preview_free,GENERATED_BY_MODEL
record:r012_006,prompt:tone_zero_shot_english_md,USED_PROMPT
record:r012_006,aspect:governance,HAS_ASPECT
record:r012_006,esgpillar:g,HAS_PILLAR
record:r012_006,tone:action,HAS_TONE
record:r012_006,sentiment:neutral,HAS_SENTIMENT
record:r012_006,climatelabel:governance,HAS_CLIMATE_LABEL
record:r012_006,climatelabel:climate_d,HAS_CLIMATE_LABEL
record:r012_007,company:20250526113828_2025_05_26ptba_laporan_berkelanjutan113825,FROM_COMPANY
record:r012_007,model:arcee_ai_trinity_large_preview_free,GENERATED_BY_MODEL
record:r012_007,prompt:tone_zero_shot_english_md,USED_PROMPT
record:r012_007,aspect:governance,HAS_ASPECT
record:r012_007,esgpillar:g,HAS_PILLAR
record:r012_007,tone:action,HAS_TONE
record:r012_007,sentiment:neutral,HAS_SENTIMENT
record:r012_007,climatelabel:governance,HAS_CLIMATE_LABEL
record:r012_007,climatelabel:climate_d,HAS_CLIMATE_LABEL
record:r012_008,company:20250526113828_2025_05_26ptba_laporan_berkelanjutan113825,FROM_COMPANY
record:r012_008,model:arcee_ai_trinity_large_preview_free,GENERATED_BY_MODEL
record:r012_008,prompt:tone_zero_shot_english_md,USED_PROMPT
record:r012_008,aspect:governance,HAS_ASPECT
record:r012_008,esgpillar:g,HAS_PILLAR
record:r012_008,tone:action,HAS_TONE
record:r012_008,sentiment:neutral,HAS_SENTIMENT
record:r012_008,climatelabel:governance,HAS_CLIMATE_LABEL
record:r012_008,climatelabel:climate_d,HAS_CLIMATE_LABEL
record:r012_009,company:20250526113828_2025_05_26ptba_laporan_berkelanjutan113825,FROM_COMPANY
record:r012_009,model:arcee_ai_trinity_large_preview_free,GENERATED_BY_MODEL
record:r012_009,prompt:tone_zero_shot_english_md,USED_PROMPT
record:r012_009,aspect:governance,HAS_ASPECT
record:r012_009,esgpillar:g,HAS_PILLAR
record:r012_009,tone:outcome,HAS_TONE
record:r012_009,sentiment:neutral,HAS_SENTIMENT
record:r012_009,climatelabel:governance,HAS_CLIMATE_LABEL
record:r012_009,climatelabel:climate_d,HAS_CLIMATE_LABEL
record:r012_010,company:20250526113828_2025_05_26ptba_laporan_berkelanjutan113825,FROM_COMPANY
record:r012_010,model:arcee_ai_trinity_large_preview_free,GENERATED_BY_MODEL
record:r012_010,prompt:tone_zero_shot_english_md,USED_PROMPT
record:r012_010,aspect:governance,HAS_ASPECT
record:r012_010,esgpillar:g,HAS_PILLAR
record:r012_010,tone:outcome,HAS_TONE
record:r012_010,sentiment:positive,HAS_SENTIMENT
record:r012_010,climatelabel:governance,HAS_CLIMATE_LABEL
record:r012_010,climatelabel:climate_d,HAS_CLIMATE_LABEL
record:r014_000,company:icr_sustainability_23_24,FROM_COMPANY
record:r014_000,model:arcee_ai_trinity_large_preview_free,GENERATED_BY_MODEL
record:r014_000,prompt:tone_chain_of_thought_indonesian_md,USED_PROMPT
record:r014_000,aspect:climate_commitment,HAS_ASPECT
record:r014_000,esgpillar:e,HAS_PILLAR
record:r014_000,tone:commitment,HAS_TONE
record:r014_000,sentiment:neutral,HAS_SENTIMENT
record:r014_000,climatelabel:climate_commitment,HAS_CLIMATE_LABEL
record:r014_000,climatelabel:netzero_reduction,HAS_CLIMATE_LABEL
record:r014_000,climatelabel:climate_f,HAS_CLIMATE_LABEL
record:r014_001,company:icr_sustainability_23_24,FROM_COMPANY
record:r014_001,model:arcee_ai_trinity_large_preview_free,GENERATED_BY_MODEL
record:r014_001,prompt:tone_chain_of_thought_indonesian_md,USED_PROMPT
record:r014_001,aspect:climate_action,HAS_ASPECT
record:r014_001,esgpillar:e,HAS_PILLAR
record:r014_001,tone:action,HAS_TONE
record:r014_001,sentiment:positive,HAS_SENTIMENT
record:r014_001,climatelabel:climate_action,HAS_CLIMATE_LABEL
record:r014_001,climatelabel:metrics,HAS_CLIMATE_LABEL
record:r014_001,climatelabel:climate_sentiment,HAS_CLIMATE_LABEL
record:r014_002,company:icr_sustainability_23_24,FROM_COMPANY
record:r014_002,model:arcee_ai_trinity_large_preview_free,GENERATED_BY_MODEL
record:r014_002,prompt:tone_chain_of_thought_indonesian_md,USED_PROMPT
record:r014_002,aspect:climate_action,HAS_ASPECT
record:r014_002,esgpillar:e,HAS_PILLAR
record:r014_002,tone:commitment,HAS_TONE
record:r014_002,sentiment:neutral,HAS_SENTIMENT
record:r014_002,climatelabel:climate_action,HAS_CLIMATE_LABEL
record:r014_002,climatelabel:climate_commitment,HAS_CLIMATE_LABEL
record:r014_003,company:icr_sustainability_23_24,FROM_COMPANY
record:r014_003,model:arcee_ai_trinity_large_preview_free,GENERATED_BY_MODEL
record:r014_003,prompt:tone_chain_of_thought_indonesian_md,USED_PROMPT
record:r014_003,aspect:climate_action,HAS_ASPECT
record:r014_003,esgpillar:missing,HAS_PILLAR
record:r014_003,tone:missing,HAS_TONE
record:r014_003,sentiment:missing,HAS_SENTIMENT
record:r014_004,company:icr_sustainability_23_24,FROM_COMPANY
record:r014_004,model:arcee_ai_trinity_large_preview_free,GENERATED_BY_MODEL
record:r014_004,prompt:tone_chain_of_thought_indonesian_md,USED_PROMPT
record:r014_004,aspect:climate_action,HAS_ASPECT
record:r014_004,esgpillar:e,HAS_PILLAR
record:r014_004,tone:commitment,HAS_TONE
record:r014_004,sentiment:neutral,HAS_SENTIMENT
record:r014_004,climatelabel:climate_action,HAS_CLIMATE_LABEL
record:r014_004,climatelabel:climate_commitment,HAS_CLIMATE_LABEL
record:r014_005,company:icr_sustainability_23_24,FROM_COMPANY
record:r014_005,model:arcee_ai_trinity_large_preview_free,GENERATED_BY_MODEL
record:r014_005,prompt:tone_chain_of_thought_indonesian_md,USED_PROMPT
record:r014_005,aspect:climate_action,HAS_ASPECT
record:r014_005,esgpillar:e,HAS_PILLAR
record:r014_005,tone:outcome,HAS_TONE
record:r014_005,sentiment:positive,HAS_SENTIMENT
record:r014_005,climatelabel:climate_action,HAS_CLIMATE_LABEL
record:r014_005,climatelabel:metrics,HAS_CLIMATE_LABEL
record:r014_005,climatelabel:climate_sentiment,HAS_CLIMATE_LABEL
record:r014_006,company:icr_sustainability_23_24,FROM_COMPANY
record:r014_006,model:arcee_ai_trinity_large_preview_free,GENERATED_BY_MODEL
record:r014_006,prompt:tone_chain_of_thought_indonesian_md,USED_PROMPT
record:r014_006,aspect:governance,HAS_ASPECT
record:r014_006,esgpillar:g,HAS_PILLAR
record:r014_006,tone:outcome,HAS_TONE
record:r014_006,sentiment:positive,HAS_SENTIMENT
record:r014_006,climatelabel:governance,HAS_CLIMATE_LABEL
record:r014_006,climatelabel:climate_sentiment,HAS_CLIMATE_LABEL
record:r014_007,company:icr_sustainability_23_24,FROM_COMPANY
record:r014_007,model:arcee_ai_trinity_large_preview_free,GENERATED_BY_MODEL
record:r014_007,prompt:tone_chain_of_thought_indonesian_md,USED_PROMPT
record:r014_007,aspect:governance,HAS_ASPECT
record:r014_007,esgpillar:g,HAS_PILLAR
record:r014_007,tone:outcome,HAS_TONE
record:r014_007,sentiment:positive,HAS_SENTIMENT
record:r014_007,climatelabel:governance,HAS_CLIMATE_LABEL
record:r014_007,climatelabel:climate_sentiment,HAS_CLIMATE_LABEL
record:r014_008,company:icr_sustainability_23_24,FROM_COMPANY
record:r014_008,model:arcee_ai_trinity_large_preview_free,GENERATED_BY_MODEL
record:r014_008,prompt:tone_chain_of_thought_indonesian_md,USED_PROMPT
record:r014_008,aspect:climate_commitment,HAS_ASPECT
record:r014_008,esgpillar:e,HAS_PILLAR
record:r014_008,tone:commitment,HAS_TONE
record:r014_008,sentiment:neutral,HAS_SENTIMENT
record:r014_008,climatelabel:climate_commitment,HAS_CLIMATE_LABEL
record:r014_008,climatelabel:netzero_reduction,HAS_CLIMATE_LABEL
record:r014_008,climatelabel:climate_f,HAS_CLIMATE_LABEL
record:r014_009,company:icr_sustainability_23_24,FROM_COMPANY
record:r014_009,model:arcee_ai_trinity_large_preview_free,GENERATED_BY_MODEL
record:r014_009,prompt:tone_chain_of_thought_indonesian_md,USED_PROMPT
record:r014_009,aspect:climate_action,HAS_ASPECT
record:r014_009,esgpillar:e,HAS_PILLAR
record:r014_009,tone:action,HAS_TONE
record:r014_009,sentiment:positive,HAS_SENTIMENT
record:r014_009,climatelabel:climate_action,HAS_CLIMATE_LABEL
record:r014_009,climatelabel:metrics,HAS_CLIMATE_LABEL
record:r014_009,climatelabel:climate_sentiment,HAS_CLIMATE_LABEL
record:r014_010,company:icr_sustainability_23_24,FROM_COMPANY
record:r014_010,model:arcee_ai_trinity_large_preview_free,GENERATED_BY_MODEL
record:r014_010,prompt:tone_chain_of_thought_indonesian_md,USED_PROMPT
record:r014_010,aspect:climate_action,HAS_ASPECT
record:r014_010,esgpillar:e,HAS_PILLAR
record:r014_010,tone:commitment,HAS_TONE
record:r014_010,sentiment:neutral,HAS_SENTIMENT
record:r014_010,climatelabel:climate_action,HAS_CLIMATE_LABEL
record:r014_010,climatelabel:climate_commitment,HAS_CLIMATE_LABEL
record:r014_011,company:icr_sustainability_23_24,FROM_COMPANY
record:r014_011,model:arcee_ai_trinity_large_preview_free,GENERATED_BY_MODEL
record:r014_011,prompt:tone_chain_of_thought_indonesian_md,USED_PROMPT
record:r014_011,aspect:climate_action,HAS_ASPECT
record:r014_011,esgpillar:e,HAS_PILLAR
record:r014_011,tone:outcome,HAS_TONE
record:r014_011,sentiment:positive,HAS_SENTIMENT
record:r014_011,climatelabel:climate_action,HAS_CLIMATE_LABEL
record:r014_011,climatelabel:metrics,HAS_CLIMATE_LABEL
record:r014_011,climatelabel:climate_sentiment,HAS_CLIMATE_LABEL
record:r014_012,company:icr_sustainability_23_24,FROM_COMPANY
record:r014_012,model:arcee_ai_trinity_large_preview_free,GENERATED_BY_MODEL
record:r014_012,prompt:tone_chain_of_thought_indonesian_md,USED_PROMPT
record:r014_012,aspect:climate_action,HAS_ASPECT
record:r014_012,esgpillar:e,HAS_PILLAR
record:r014_012,tone:commitment,HAS_TONE
record:r014_012,sentiment:neutral,HAS_SENTIMENT
record:r014_012,climatelabel:climate_action,HAS_CLIMATE_LABEL
record:r014_012,climatelabel:climate_commitment,HAS_CLIMATE_LABEL
record:r014_013,company:icr_sustainability_23_24,FROM_COMPANY
record:r014_013,model:arcee_ai_trinity_large_preview_free,GENERATED_BY_MODEL
record:r014_013,prompt:tone_chain_of_thought_indonesian_md,USED_PROMPT
record:r014_013,aspect:climate_action,HAS_ASPECT
record:r014_013,esgpillar:e,HAS_PILLAR
record:r014_013,tone:outcome,HAS_TONE
record:r014_013,sentiment:positive,HAS_SENTIMENT
record:r014_013,climatelabel:climate_action,HAS_CLIMATE_LABEL
record:r014_013,climatelabel:metrics,HAS_CLIMATE_LABEL
record:r014_013,climatelabel:climate_sentiment,HAS_CLIMATE_LABEL
record:r014_014,company:icr_sustainability_23_24,FROM_COMPANY
record:r014_014,model:arcee_ai_trinity_large_preview_free,GENERATED_BY_MODEL
record:r014_014,prompt:tone_chain_of_thought_indonesian_md,USED_PROMPT
record:r014_014,aspect:governance,HAS_ASPECT
record:r014_014,esgpillar:g,HAS_PILLAR
record:r014_014,tone:outcome,HAS_TONE
record:r014_014,sentiment:positive,HAS_SENTIMENT
record:r014_014,climatelabel:governance,HAS_CLIMATE_LABEL
record:r014_014,climatelabel:climate_sentiment,HAS_CLIMATE_LABEL
record:r014_015,company:icr_sustainability_23_24,FROM_COMPANY
record:r014_015,model:arcee_ai_trinity_large_preview_free,GENERATED_BY_MODEL
record:r014_015,prompt:tone_chain_of_thought_indonesian_md,USED_PROMPT
record:r014_015,aspect:governance,HAS_ASPECT
record:r014_015,esgpillar:g,HAS_PILLAR
record:r014_015,tone:outcome,HAS_TONE
record:r014_015,sentiment:positive,HAS_SENTIMENT
record:r014_015,climatelabel:governance,HAS_CLIMATE_LABEL
record:r014_015,climatelabel:climate_sentiment,HAS_CLIMATE_LABEL
record:r014_016,company:icr_sustainability_23_24,FROM_COMPANY
record:r014_016,model:arcee_ai_trinity_large_preview_free,GENERATED_BY_MODEL
record:r014_016,prompt:tone_chain_of_thought_indonesian_md,USED_PROMPT
record:r014_016,aspect:climate_commitment,HAS_ASPECT
record:r014_016,esgpillar:e,HAS_PILLAR
record:r014_016,tone:commitment,HAS_TONE
record:r014_016,sentiment:neutral,HAS_SENTIMENT
record:r014_016,climatelabel:climate_commitment,HAS_CLIMATE_LABEL
record:r014_016,climatelabel:netzero_reduction,HAS_CLIMATE_LABEL
record:r014_016,climatelabel:climate_f,HAS_CLIMATE_LABEL
record:r014_017,company:icr_sustainability_23_24,FROM_COMPANY
record:r014_017,model:arcee_ai_trinity_large_preview_free,GENERATED_BY_MODEL
record:r014_017,prompt:tone_chain_of_thought_indonesian_md,USED_PROMPT
record:r014_017,aspect:climate_action,HAS_ASPECT
record:r014_017,esgpillar:e,HAS_PILLAR
record:r014_017,tone:action,HAS_TONE
record:r014_017,sentiment:positive,HAS_SENTIMENT
record:r014_017,climatelabel:climate_action,HAS_CLIMATE_LABEL
record:r014_017,climatelabel:metrics,HAS_CLIMATE_LABEL
record:r014_017,climatelabel:climate_sentiment,HAS_CLIMATE_LABEL
record:r014_018,company:icr_sustainability_23_24,FROM_COMPANY
record:r014_018,model:arcee_ai_trinity_large_preview_free,GENERATED_BY_MODEL
record:r014_018,prompt:tone_chain_of_thought_indonesian_md,USED_PROMPT
record:r014_018,aspect:climate_action,HAS_ASPECT
record:r014_018,esgpillar:e,HAS_PILLAR
record:r014_018,tone:commitment,HAS_TONE
record:r014_018,sentiment:neutral,HAS_SENTIMENT
record:r014_018,climatelabel:climate_action,HAS_CLIMATE_LABEL
record:r014_018,climatelabel:climate_commitment,HAS_CLIMATE_LABEL
record:r014_019,company:icr_sustainability_23_24,FROM_COMPANY
record:r014_019,model:arcee_ai_trinity_large_preview_free,GENERATED_BY_MODEL
record:r014_019,prompt:tone_chain_of_thought_indonesian_md,USED_PROMPT
record:r014_019,aspect:climate_action,HAS_ASPECT
record:r014_019,esgpillar:e,HAS_PILLAR
record:r014_019,tone:outcome,HAS_TONE
record:r014_019,sentiment:positive,HAS_SENTIMENT
record:r014_019,climatelabel:climate_action,HAS_CLIMATE_LABEL
record:r014_019,climatelabel:metrics,HAS_CLIMATE_LABEL
record:r014_019,climatelabel:climate_sentiment,HAS_CLIMATE_LABEL
record:r014_020,company:icr_sustainability_23_24,FROM_COMPANY
record:r014_020,model:arcee_ai_trinity_large_preview_free,GENERATED_BY_MODEL
record:r014_020,prompt:tone_chain_of_thought_indonesian_md,USED_PROMPT
record:r014_020,aspect:climate_action,HAS_ASPECT
record:r014_020,esgpillar:e,HAS_PILLAR
record:r014_020,tone:commitment,HAS_TONE
record:r014_020,sentiment:neutral,HAS_SENTIMENT
record:r014_020,climatelabel:climate_action,HAS_CLIMATE_LABEL
record:r014_020,climatelabel:climate_commitment,HAS_CLIMATE_LABEL
record:r014_021,company:icr_sustainability_23_24,FROM_COMPANY
record:r014_021,model:arcee_ai_trinity_large_preview_free,GENERATED_BY_MODEL
record:r014_021,prompt:tone_chain_of_thought_indonesian_md,USED_PROMPT
record:r014_021,aspect:climate_action,HAS_ASPECT
record:r014_021,esgpillar:e,HAS_PILLAR
record:r014_021,tone:outcome,HAS_TONE
record:r014_021,sentiment:positive,HAS_SENTIMENT
record:r014_021,climatelabel:climate_action,HAS_CLIMATE_LABEL
record:r014_021,climatelabel:metrics,HAS_CLIMATE_LABEL
record:r014_021,climatelabel:climate_sentiment,HAS_CLIMATE_LABEL
record:r014_022,company:icr_sustainability_23_24,FROM_COMPANY
record:r014_022,model:arcee_ai_trinity_large_preview_free,GENERATED_BY_MODEL
record:r014_022,prompt:tone_chain_of_thought_indonesian_md,USED_PROMPT
record:r014_022,aspect:governance,HAS_ASPECT
record:r014_022,esgpillar:g,HAS_PILLAR
record:r014_022,tone:outcome,HAS_TONE
record:r014_022,sentiment:positive,HAS_SENTIMENT
record:r014_022,climatelabel:governance,HAS_CLIMATE_LABEL
record:r014_022,climatelabel:climate_sentiment,HAS_CLIMATE_LABEL
record:r014_023,company:icr_sustainability_23_24,FROM_COMPANY
record:r014_023,model:arcee_ai_trinity_large_preview_free,GENERATED_BY_MODEL
record:r014_023,prompt:tone_chain_of_thought_indonesian_md,USED_PROMPT
record:r014_023,aspect:governance,HAS_ASPECT
record:r014_023,esgpillar:g,HAS_PILLAR
record:r014_023,tone:outcome,HAS_TONE
record:r014_023,sentiment:positive,HAS_SENTIMENT
record:r014_023,climatelabel:governance,HAS_CLIMATE_LABEL
record:r014_023,climatelabel:climate_sentiment,HAS_CLIMATE_LABEL
record:r025_000,company:20250526113828_2025_05_26ptba_laporan_berkelanjutan113825,FROM_COMPANY
record:r025_000,model:arcee_ai_trinity_large_preview_free,GENERATED_BY_MODEL
record:r025_000,prompt:tone_zero_shot_indonesian_md,USED_PROMPT
record:r025_000,aspect:komitmen_esg,HAS_ASPECT
record:r025_000,esgpillar:g,HAS_PILLAR
record:r025_000,tone:commitment,HAS_TONE
record:r025_000,sentiment:neutral,HAS_SENTIMENT
record:r025_000,climatelabel:climate_commitment,HAS_CLIMATE_LABEL
record:r025_000,climatelabel:governance,HAS_CLIMATE_LABEL
record:r025_001,company:20250526113828_2025_05_26ptba_laporan_berkelanjutan113825,FROM_COMPANY
record:r025_001,model:arcee_ai_trinity_large_preview_free,GENERATED_BY_MODEL
record:r025_001,prompt:tone_zero_shot_indonesian_md,USED_PROMPT
record:r025_001,aspect:optimasi_lingkungan,HAS_ASPECT
record:r025_001,esgpillar:e,HAS_PILLAR
record:r025_001,tone:action,HAS_TONE
record:r025_001,sentiment:neutral,HAS_SENTIMENT
record:r025_001,climatelabel:environmental_claims,HAS_CLIMATE_LABEL
record:r025_002,company:20250526113828_2025_05_26ptba_laporan_berkelanjutan113825,FROM_COMPANY
record:r025_002,model:arcee_ai_trinity_large_preview_free,GENERATED_BY_MODEL
record:r025_002,prompt:tone_zero_shot_indonesian_md,USED_PROMPT
record:r025_002,aspect:teknologi_ramah_lingkungan,HAS_ASPECT
record:r025_002,esgpillar:e,HAS_PILLAR
record:r025_002,tone:action,HAS_TONE
record:r025_002,sentiment:neutral,HAS_SENTIMENT
record:r025_002,climatelabel:climate_specificity,HAS_CLIMATE_LABEL
record:r025_002,climatelabel:metrics,HAS_CLIMATE_LABEL
record:r025_003,company:20250526113828_2025_05_26ptba_laporan_berkelanjutan113825,FROM_COMPANY
record:r025_003,model:arcee_ai_trinity_large_preview_free,GENERATED_BY_MODEL
record:r025_003,prompt:tone_zero_shot_indonesian_md,USED_PROMPT
record:r025_003,aspect:kerja_sama_energi_bersih,HAS_ASPECT
record:r025_003,esgpillar:e,HAS_PILLAR
record:r025_003,tone:action,HAS_TONE
record:r025_003,sentiment:positive,HAS_SENTIMENT
record:r025_003,climatelabel:climate_specificity,HAS_CLIMATE_LABEL
record:r025_003,climatelabel:climate_d,HAS_CLIMATE_LABEL
record:r025_003,climatelabel:opportunity,HAS_CLIMATE_LABEL
record:r025_004,company:20250526113828_2025_05_26ptba_laporan_berkelanjutan113825,FROM_COMPANY
record:r025_004,model:arcee_ai_trinity_large_preview_free,GENERATED_BY_MODEL
record:r025_004,prompt:tone_zero_shot_indonesian_md,USED_PROMPT
record:r025_004,aspect:komitmen_net_zero,HAS_ASPECT
record:r025_004,esgpillar:e,HAS_PILLAR
record:r025_004,tone:commitment,HAS_TONE
record:r025_004,sentiment:neutral,HAS_SENTIMENT
record:r025_004,climatelabel:netzero_reduction,HAS_CLIMATE_LABEL
record:r025_004,climatelabel:climate_commitment,HAS_CLIMATE_LABEL
record:r025_005,company:20250526113828_2025_05_26ptba_laporan_berkelanjutan113825,FROM_COMPANY
record:r025_005,model:arcee_ai_trinity_large_preview_free,GENERATED_BY_MODEL
record:r025_005,prompt:tone_zero_shot_indonesian_md,USED_PROMPT
record:r025_005,aspect:roadmap_karbon,HAS_ASPECT
record:r025_005,esgpillar:e,HAS_PILLAR
record:r025_005,tone:commitment,HAS_TONE
record:r025_005,sentiment:neutral,HAS_SENTIMENT
record:r025_005,climatelabel:climate_f,HAS_CLIMATE_LABEL
record:r025_005,climatelabel:climate_specificity,HAS_CLIMATE_LABEL
record:r025_006,company:20250526113828_2025_05_26ptba_laporan_berkelanjutan113825,FROM_COMPANY
record:r025_006,model:arcee_ai_trinity_large_preview_free,GENERATED_BY_MODEL
record:r025_006,prompt:tone_zero_shot_indonesian_md,USED_PROMPT
record:r025_006,aspect:pendekatan_karbon,HAS_ASPECT
record:r025_006,esgpillar:e,HAS_PILLAR
record:r025_006,tone:commitment,HAS_TONE
record:r025_006,sentiment:neutral,HAS_SENTIMENT
record:r025_006,climatelabel:climate_specificity,HAS_CLIMATE_LABEL
record:r025_007,company:20250526113828_2025_05_26ptba_laporan_berkelanjutan113825,FROM_COMPANY
record:r025_007,model:arcee_ai_trinity_large_preview_free,GENERATED_BY_MODEL
record:r025_007,prompt:tone_zero_shot_indonesian_md,USED_PROMPT
record:r025_007,aspect:konflik_kepentingan,HAS_ASPECT
record:r025_007,esgpillar:g,HAS_PILLAR
record:r025_007,tone:none,HAS_TONE
record:r025_007,sentiment:negative,HAS_SENTIMENT
record:r025_007,climatelabel:governance,HAS_CLIMATE_LABEL
record:r025_008,company:20250526113828_2025_05_26ptba_laporan_berkelanjutan113825,FROM_COMPANY
record:r025_008,model:arcee_ai_trinity_large_preview_free,GENERATED_BY_MODEL
record:r025_008,prompt:tone_zero_shot_indonesian_md,USED_PROMPT
record:r025_008,aspect:definisi_konflik_kepentingan,HAS_ASPECT
record:r025_008,esgpillar:g,HAS_PILLAR
record:r025_008,tone:none,HAS_TONE
record:r025_008,sentiment:neutral,HAS_SENTIMENT
record:r025_008,climatelabel:governance,HAS_CLIMATE_LABEL
record:r025_009,company:20250526113828_2025_05_26ptba_laporan_berkelanjutan113825,FROM_COMPANY
record:r025_009,model:arcee_ai_trinity_large_preview_free,GENERATED_BY_MODEL
record:r025_009,prompt:tone_zero_shot_indonesian_md,USED_PROMPT
record:r025_009,aspect:kebijakan_konflik_kepentingan,HAS_ASPECT
record:r025_009,esgpillar:g,HAS_PILLAR
record:r025_009,tone:commitment,HAS_TONE
record:r025_009,sentiment:neutral,HAS_SENTIMENT
record:r025_009,climatelabel:governance,HAS_CLIMATE_LABEL
record:r025_010,company:20250526113828_2025_05_26ptba_laporan_berkelanjutan113825,FROM_COMPANY
record:r025_010,model:arcee_ai_trinity_large_preview_free,GENERATED_BY_MODEL
record:r025_010,prompt:tone_zero_shot_indonesian_md,USED_PROMPT
record:r025_010,aspect:antikorupsi,HAS_ASPECT
record:r025_010,esgpillar:g,HAS_PILLAR
record:r025_010,tone:commitment,HAS_TONE
record:r025_010,sentiment:neutral,HAS_SENTIMENT
record:r025_010,climatelabel:governance,HAS_CLIMATE_LABEL
record:r025_011,company:20250526113828_2025_05_26ptba_laporan_berkelanjutan113825,FROM_COMPANY
record:r025_011,model:arcee_ai_trinity_large_preview_free,GENERATED_BY_MODEL
record:r025_011,prompt:tone_zero_shot_indonesian_md,USED_PROMPT
record:r025_011,aspect:penolakan_korupsi,HAS_ASPECT
record:r025_011,esgpillar:g,HAS_PILLAR
record:r025_011,tone:commitment,HAS_TONE
record:r025_011,sentiment:neutral,HAS_SENTIMENT
record:r025_011,climatelabel:governance,HAS_CLIMATE_LABEL
record:r025_012,company:20250526113828_2025_05_26ptba_laporan_berkelanjutan113825,FROM_COMPANY
record:r025_012,model:arcee_ai_trinity_large_preview_free,GENERATED_BY_MODEL
record:r025_012,prompt:tone_zero_shot_indonesian_md,USED_PROMPT
record:r025_012,aspect:implementasi_antikorupsi,HAS_ASPECT
record:r025_012,esgpillar:g,HAS_PILLAR
record:r025_012,tone:action,HAS_TONE
record:r025_012,sentiment:positive,HAS_SENTIMENT
record:r025_012,climatelabel:governance,HAS_CLIMATE_LABEL
record:r025_013,company:20250526113828_2025_05_26ptba_laporan_berkelanjutan113825,FROM_COMPANY
record:r025_013,model:arcee_ai_trinity_large_preview_free,GENERATED_BY_MODEL
record:r025_013,prompt:tone_zero_shot_indonesian_md,USED_PROMPT
record:r025_013,aspect:definisi_hukum_korupsi,HAS_ASPECT
record:r025_013,esgpillar:g,HAS_PILLAR
record:r025_013,tone:none,HAS_TONE
record:r025_013,sentiment:neutral,HAS_SENTIMENT
record:r025_013,climatelabel:governance,HAS_CLIMATE_LABEL
record:r025_014,company:20250526113828_2025_05_26ptba_laporan_berkelanjutan113825,FROM_COMPANY
record:r025_014,model:arcee_ai_trinity_large_preview_free,GENERATED_BY_MODEL
record:r025_014,prompt:tone_zero_shot_indonesian_md,USED_PROMPT
record:r025_014,aspect:kebijakan_antigratifikasi,HAS_ASPECT
record:r025_014,esgpillar:g,HAS_PILLAR
record:r025_014,tone:commitment,HAS_TONE
record:r025_014,sentiment:neutral,HAS_SENTIMENT
record:r025_014,climatelabel:governance,HAS_CLIMATE_LABEL
record:r025_015,company:20250526113828_2025_05_26ptba_laporan_berkelanjutan113825,FROM_COMPANY
record:r025_015,model:arcee_ai_trinity_large_preview_free,GENERATED_BY_MODEL
record:r025_015,prompt:tone_zero_shot_indonesian_md,USED_PROMPT
record:r025_015,aspect:kebijakan_antikorupsi,HAS_ASPECT
record:r025_015,esgpillar:g,HAS_PILLAR
record:r025_015,tone:commitment,HAS_TONE
record:r025_015,sentiment:neutral,HAS_SENTIMENT
record:r025_015,climatelabel:governance,HAS_CLIMATE_LABEL
record:r025_016,company:20250526113828_2025_05_26ptba_laporan_berkelanjutan113825,FROM_COMPANY
record:r025_016,model:arcee_ai_trinity_large_preview_free,GENERATED_BY_MODEL
record:r025_016,prompt:tone_zero_shot_indonesian_md,USED_PROMPT
record:r025_016,aspect:sertifikasi_smap,HAS_ASPECT
record:r025_016,esgpillar:g,HAS_PILLAR
record:r025_016,tone:action,HAS_TONE
record:r025_016,sentiment:neutral,HAS_SENTIMENT
record:r025_016,climatelabel:governance,HAS_CLIMATE_LABEL
record:r025_017,company:20250526113828_2025_05_26ptba_laporan_berkelanjutan113825,FROM_COMPANY
record:r025_017,model:arcee_ai_trinity_large_preview_free,GENERATED_BY_MODEL
record:r025_017,prompt:tone_zero_shot_indonesian_md,USED_PROMPT
record:r025_017,aspect:pedoman_smap,HAS_ASPECT
record:r025_017,esgpillar:g,HAS_PILLAR
record:r025_017,tone:action,HAS_TONE
record:r025_017,sentiment:neutral,HAS_SENTIMENT
record:r025_017,climatelabel:governance,HAS_CLIMATE_LABEL
record:r025_018,company:20250526113828_2025_05_26ptba_laporan_berkelanjutan113825,FROM_COMPANY
record:r025_018,model:arcee_ai_trinity_large_preview_free,GENERATED_BY_MODEL
record:r025_018,prompt:tone_zero_shot_indonesian_md,USED_PROMPT
record:r025_018,aspect:pemetaan_risiko_korupsi,HAS_ASPECT
record:r025_018,esgpillar:g,HAS_PILLAR
record:r025_018,tone:action,HAS_TONE
record:r025_018,sentiment:neutral,HAS_SENTIMENT
record:r025_018,climatelabel:governance,HAS_CLIMATE_LABEL
record:r025_019,company:20250526113828_2025_05_26ptba_laporan_berkelanjutan113825,FROM_COMPANY
record:r025_019,model:arcee_ai_trinity_large_preview_free,GENERATED_BY_MODEL
record:r025_019,prompt:tone_zero_shot_indonesian_md,USED_PROMPT
record:r025_019,aspect:identifikasi_risiko_korupsi,HAS_ASPECT
record:r025_019,esgpillar:g,HAS_PILLAR
record:r025_019,tone:outcome,HAS_TONE
record:r025_019,sentiment:negative,HAS_SENTIMENT
record:r025_019,climatelabel:metrics,HAS_CLIMATE_LABEL
record:r025_019,climatelabel:governance,HAS_CLIMATE_LABEL
record:r025_020,company:20250526113828_2025_05_26ptba_laporan_berkelanjutan113825,FROM_COMPANY
record:r025_020,model:arcee_ai_trinity_large_preview_free,GENERATED_BY_MODEL
record:r025_020,prompt:tone_zero_shot_indonesian_md,USED_PROMPT
record:r025_020,aspect:mitigasi_korupsi,HAS_ASPECT
record:r025_020,esgpillar:g,HAS_PILLAR
record:r025_020,tone:action,HAS_TONE
record:r025_020,sentiment:neutral,HAS_SENTIMENT
record:r025_020,climatelabel:governance,HAS_CLIMATE_LABEL
record:r027_000,company:best_sr_2024,FROM_COMPANY
record:r027_000,model:arcee_ai_trinity_large_preview_free,GENERATED_BY_MODEL
record:r027_000,prompt:tone_zero_shot_english_md,USED_PROMPT
record:r027_000,aspect:environmental_claims,HAS_ASPECT
record:r027_000,esgpillar:e,HAS_PILLAR
record:r027_000,tone:commitment,HAS_TONE
record:r027_000,sentiment:neutral,HAS_SENTIMENT
record:r027_000,climatelabel:climate_detection,HAS_CLIMATE_LABEL
record:r027_000,climatelabel:climate_commitment,HAS_CLIMATE_LABEL
record:r027_000,climatelabel:environmental_claims,HAS_CLIMATE_LABEL
record:r027_001,company:best_sr_2024,FROM_COMPANY
record:r027_001,model:arcee_ai_trinity_large_preview_free,GENERATED_BY_MODEL
record:r027_001,prompt:tone_zero_shot_english_md,USED_PROMPT
record:r027_001,aspect:environmental_claims,HAS_ASPECT
record:r027_001,esgpillar:e,HAS_PILLAR
record:r027_001,tone:commitment,HAS_TONE
record:r027_001,sentiment:neutral,HAS_SENTIMENT
record:r027_001,climatelabel:climate_detection,HAS_CLIMATE_LABEL
record:r027_001,climatelabel:climate_commitment,HAS_CLIMATE_LABEL
record:r027_001,climatelabel:environmental_claims,HAS_CLIMATE_LABEL
record:r027_002,company:best_sr_2024,FROM_COMPANY
record:r027_002,model:arcee_ai_trinity_large_preview_free,GENERATED_BY_MODEL
record:r027_002,prompt:tone_zero_shot_english_md,USED_PROMPT
record:r027_002,aspect:governance,HAS_ASPECT
record:r027_002,esgpillar:g,HAS_PILLAR
record:r027_002,tone:action,HAS_TONE
record:r027_002,sentiment:neutral,HAS_SENTIMENT
record:r027_002,climatelabel:governance,HAS_CLIMATE_LABEL
record:r027_003,company:best_sr_2024,FROM_COMPANY
record:r027_003,model:arcee_ai_trinity_large_preview_free,GENERATED_BY_MODEL
record:r027_003,prompt:tone_zero_shot_english_md,USED_PROMPT
record:r027_003,aspect:governance,HAS_ASPECT
record:r027_003,esgpillar:g,HAS_PILLAR
record:r027_003,tone:action,HAS_TONE
record:r027_003,sentiment:neutral,HAS_SENTIMENT
record:r027_003,climatelabel:governance,HAS_CLIMATE_LABEL
record:r027_004,company:best_sr_2024,FROM_COMPANY
record:r027_004,model:arcee_ai_trinity_large_preview_free,GENERATED_BY_MODEL
record:r027_004,prompt:tone_zero_shot_english_md,USED_PROMPT
record:r027_004,aspect:governance,HAS_ASPECT
record:r027_004,esgpillar:g,HAS_PILLAR
record:r027_004,tone:action,HAS_TONE
record:r027_004,sentiment:neutral,HAS_SENTIMENT
record:r027_004,climatelabel:governance,HAS_CLIMATE_LABEL
record:r027_005,company:best_sr_2024,FROM_COMPANY
record:r027_005,model:arcee_ai_trinity_large_preview_free,GENERATED_BY_MODEL
record:r027_005,prompt:tone_zero_shot_english_md,USED_PROMPT
record:r027_005,aspect:governance,HAS_ASPECT
record:r027_005,esgpillar:g,HAS_PILLAR
record:r027_005,tone:commitment,HAS_TONE
record:r027_005,sentiment:neutral,HAS_SENTIMENT
record:r027_005,climatelabel:governance,HAS_CLIMATE_LABEL
record:r027_006,company:best_sr_2024,FROM_COMPANY
record:r027_006,model:arcee_ai_trinity_large_preview_free,GENERATED_BY_MODEL
record:r027_006,prompt:tone_zero_shot_english_md,USED_PROMPT
record:r027_006,aspect:governance,HAS_ASPECT
record:r027_006,esgpillar:g,HAS_PILLAR
record:r027_006,tone:commitment,HAS_TONE
record:r027_006,sentiment:neutral,HAS_SENTIMENT
record:r027_006,climatelabel:governance,HAS_CLIMATE_LABEL
record:r027_007,company:best_sr_2024,FROM_COMPANY
record:r027_007,model:arcee_ai_trinity_large_preview_free,GENERATED_BY_MODEL
record:r027_007,prompt:tone_zero_shot_english_md,USED_PROMPT
record:r027_007,aspect:governance,HAS_ASPECT
record:r027_007,esgpillar:g,HAS_PILLAR
record:r027_007,tone:action,HAS_TONE
record:r027_007,sentiment:neutral,HAS_SENTIMENT
record:r027_007,climatelabel:governance,HAS_CLIMATE_LABEL
record:r027_008,company:best_sr_2024,FROM_COMPANY
record:r027_008,model:arcee_ai_trinity_large_preview_free,GENERATED_BY_MODEL
record:r027_008,prompt:tone_zero_shot_english_md,USED_PROMPT
record:r027_008,aspect:governance,HAS_ASPECT
record:r027_008,esgpillar:g,HAS_PILLAR
record:r027_008,tone:action,HAS_TONE
record:r027_008,sentiment:neutral,HAS_SENTIMENT
record:r027_008,climatelabel:governance,HAS_CLIMATE_LABEL
record:r027_009,company:best_sr_2024,FROM_COMPANY
record:r027_009,model:arcee_ai_trinity_large_preview_free,GENERATED_BY_MODEL
record:r027_009,prompt:tone_zero_shot_english_md,USED_PROMPT
record:r027_009,aspect:governance,HAS_ASPECT
record:r027_009,esgpillar:g,HAS_PILLAR
record:r027_009,tone:action,HAS_TONE
record:r027_009,sentiment:neutral,HAS_SENTIMENT
record:r027_009,climatelabel:governance,HAS_CLIMATE_LABEL
record:r027_010,company:best_sr_2024,FROM_COMPANY
record:r027_010,model:arcee_ai_trinity_large_preview_free,GENERATED_BY_MODEL
record:r027_010,prompt:tone_zero_shot_english_md,USED_PROMPT
record:r027_010,aspect:governance,HAS_ASPECT
record:r027_010,esgpillar:g,HAS_PILLAR
record:r027_010,tone:action,HAS_TONE
record:r027_010,sentiment:neutral,HAS_SENTIMENT
record:r027_010,climatelabel:governance,HAS_CLIMATE_LABEL
record:r035_000,company:icr_sustainability_23_24,FROM_COMPANY
record:r035_000,model:arcee_ai_trinity_large_preview_free,GENERATED_BY_MODEL
record:r035_000,prompt:tone_chain_of_thought_english_md,USED_PROMPT
record:r035_000,aspect:climate_commitment,HAS_ASPECT
record:r035_000,esgpillar:e,HAS_PILLAR
record:r035_000,tone:commitment,HAS_TONE
record:r035_000,sentiment:neutral,HAS_SENTIMENT
record:r035_000,climatelabel:climate_commitment,HAS_CLIMATE_LABEL
record:r035_000,climatelabel:netzero_reduction,HAS_CLIMATE_LABEL
record:r035_000,climatelabel:climate_f,HAS_CLIMATE_LABEL
record:r035_001,company:icr_sustainability_23_24,FROM_COMPANY
record:r035_001,model:arcee_ai_trinity_large_preview_free,GENERATED_BY_MODEL
record:r035_001,prompt:tone_chain_of_thought_english_md,USED_PROMPT
record:r035_001,aspect:climate_d,HAS_ASPECT
record:r035_001,esgpillar:e,HAS_PILLAR
record:r035_001,tone:outcome,HAS_TONE
record:r035_001,sentiment:positive,HAS_SENTIMENT
record:r035_001,climatelabel:climate_d,HAS_CLIMATE_LABEL
record:r035_001,climatelabel:metrics,HAS_CLIMATE_LABEL
record:r035_001,climatelabel:climate_sentiment,HAS_CLIMATE_LABEL
record:r035_002,company:icr_sustainability_23_24,FROM_COMPANY
record:r035_002,model:arcee_ai_trinity_large_preview_free,GENERATED_BY_MODEL
record:r035_002,prompt:tone_chain_of_thought_english_md,USED_PROMPT
record:r035_002,aspect:climate_commitment,HAS_ASPECT
record:r035_002,esgpillar:e,HAS_PILLAR
record:r035_002,tone:commitment,HAS_TONE
record:r035_002,sentiment:neutral,HAS_SENTIMENT
record:r035_002,climatelabel:climate_commitment,HAS_CLIMATE_LABEL
record:r035_002,climatelabel:climate_d,HAS_CLIMATE_LABEL
record:r035_003,company:icr_sustainability_23_24,FROM_COMPANY
record:r035_003,model:arcee_ai_trinity_large_preview_free,GENERATED_BY_MODEL
record:r035_003,prompt:tone_chain_of_thought_english_md,USED_PROMPT
record:r035_003,aspect:climate_d,HAS_ASPECT
record:r035_003,esgpillar:e,HAS_PILLAR
record:r035_003,tone:outcome,HAS_TONE
record:r035_003,sentiment:neutral,HAS_SENTIMENT
record:r035_003,climatelabel:climate_d,HAS_CLIMATE_LABEL
record:r035_003,climatelabel:metrics,HAS_CLIMATE_LABEL
record:r035_004,company:icr_sustainability_23_24,FROM_COMPANY
record:r035_004,model:arcee_ai_trinity_large_preview_free,GENERATED_BY_MODEL
record:r035_004,prompt:tone_chain_of_thought_english_md,USED_PROMPT
record:r035_004,aspect:environmental_claims,HAS_ASPECT
record:r035_004,esgpillar:e,HAS_PILLAR
record:r035_004,tone:action,HAS_TONE
record:r035_004,sentiment:positive,HAS_SENTIMENT
record:r035_004,climatelabel:environmental_claims,HAS_CLIMATE_LABEL
record:r035_004,climatelabel:climate_d,HAS_CLIMATE_LABEL
record:r035_005,company:icr_sustainability_23_24,FROM_COMPANY
record:r035_005,model:arcee_ai_trinity_large_preview_free,GENERATED_BY_MODEL
record:r035_005,prompt:tone_chain_of_thought_english_md,USED_PROMPT
record:r035_005,aspect:climate_d,HAS_ASPECT
record:r035_005,esgpillar:e,HAS_PILLAR
record:r035_005,tone:outcome,HAS_TONE
record:r035_005,sentiment:positive,HAS_SENTIMENT
record:r035_005,climatelabel:climate_d,HAS_CLIMATE_LABEL
record:r035_005,climatelabel:metrics,HAS_CLIMATE_LABEL
record:r035_006,company:icr_sustainability_23_24,FROM_COMPANY
record:r035_006,model:arcee_ai_trinity_large_preview_free,GENERATED_BY_MODEL
record:r035_006,prompt:tone_chain_of_thought_english_md,USED_PROMPT
record:r035_006,aspect:governance,HAS_ASPECT
record:r035_006,esgpillar:g,HAS_PILLAR
record:r035_006,tone:outcome,HAS_TONE
record:r035_006,sentiment:positive,HAS_SENTIMENT
record:r035_006,climatelabel:governance,HAS_CLIMATE_LABEL
record:r035_006,climatelabel:climate_d,HAS_CLIMATE_LABEL
record:r035_007,company:icr_sustainability_23_24,FROM_COMPANY
record:r035_007,model:arcee_ai_trinity_large_preview_free,GENERATED_BY_MODEL
record:r035_007,prompt:tone_chain_of_thought_english_md,USED_PROMPT
record:r035_007,aspect:governance,HAS_ASPECT
record:r035_007,esgpillar:g,HAS_PILLAR
record:r035_007,tone:commitment,HAS_TONE
record:r035_007,sentiment:neutral,HAS_SENTIMENT
record:r035_007,climatelabel:governance,HAS_CLIMATE_LABEL
record:r035_007,climatelabel:climate_commitment,HAS_CLIMATE_LABEL
record:r035_008,company:icr_sustainability_23_24,FROM_COMPANY
record:r035_008,model:arcee_ai_trinity_large_preview_free,GENERATED_BY_MODEL
record:r035_008,prompt:tone_chain_of_thought_english_md,USED_PROMPT
record:r035_008,aspect:governance,HAS_ASPECT
record:r035_008,esgpillar:g,HAS_PILLAR
record:r035_008,tone:commitment,HAS_TONE
record:r035_008,sentiment:neutral,HAS_SENTIMENT
record:r035_008,climatelabel:governance,HAS_CLIMATE_LABEL
record:r035_008,climatelabel:climate_commitment,HAS_CLIMATE_LABEL
record:r035_009,company:icr_sustainability_23_24,FROM_COMPANY
record:r035_009,model:arcee_ai_trinity_large_preview_free,GENERATED_BY_MODEL
record:r035_009,prompt:tone_chain_of_thought_english_md,USED_PROMPT
record:r035_009,aspect:climate_d,HAS_ASPECT
record:r035_009,esgpillar:e,HAS_PILLAR
record:r035_009,tone:outcome,HAS_TONE
record:r035_009,sentiment:positive,HAS_SENTIMENT
record:r035_009,climatelabel:climate_d,HAS_CLIMATE_LABEL
record:r035_009,climatelabel:metrics,HAS_CLIMATE_LABEL
record:r035_010,company:icr_sustainability_23_24,FROM_COMPANY
record:r035_010,model:arcee_ai_trinity_large_preview_free,GENERATED_BY_MODEL
record:r035_010,prompt:tone_chain_of_thought_english_md,USED_PROMPT
record:r035_010,aspect:climate_d,HAS_ASPECT
record:r035_010,esgpillar:e,HAS_PILLAR
record:r035_010,tone:outcome,HAS_TONE
record:r035_010,sentiment:positive,HAS_SENTIMENT
record:r035_010,climatelabel:climate_d,HAS_CLIMATE_LABEL
record:r035_010,climatelabel:metrics,HAS_CLIMATE_LABEL
record:r035_011,company:icr_sustainability_23_24,FROM_COMPANY
record:r035_011,model:arcee_ai_trinity_large_preview_free,GENERATED_BY_MODEL
record:r035_011,prompt:tone_chain_of_thought_english_md,USED_PROMPT
record:r035_011,aspect:climate_d,HAS_ASPECT
record:r035_011,esgpillar:e,HAS_PILLAR
record:r035_011,tone:outcome,HAS_TONE
record:r035_011,sentiment:negative,HAS_SENTIMENT
record:r035_011,climatelabel:climate_d,HAS_CLIMATE_LABEL
record:r035_011,climatelabel:metrics,HAS_CLIMATE_LABEL
record:r035_012,company:icr_sustainability_23_24,FROM_COMPANY
record:r035_012,model:arcee_ai_trinity_large_preview_free,GENERATED_BY_MODEL
record:r035_012,prompt:tone_chain_of_thought_english_md,USED_PROMPT
record:r035_012,aspect:climate_d,HAS_ASPECT
record:r035_012,esgpillar:e,HAS_PILLAR
record:r035_012,tone:outcome,HAS_TONE
record:r035_012,sentiment:positive,HAS_SENTIMENT
record:r035_012,climatelabel:climate_d,HAS_CLIMATE_LABEL
record:r035_012,climatelabel:metrics,HAS_CLIMATE_LABEL
record:r035_013,company:icr_sustainability_23_24,FROM_COMPANY
record:r035_013,model:arcee_ai_trinity_large_preview_free,GENERATED_BY_MODEL
record:r035_013,prompt:tone_chain_of_thought_english_md,USED_PROMPT
record:r035_013,aspect:climate_d,HAS_ASPECT
record:r035_013,esgpillar:e,HAS_PILLAR
record:r035_013,tone:outcome,HAS_TONE
record:r035_013,sentiment:negative,HAS_SENTIMENT
record:r035_013,climatelabel:climate_d,HAS_CLIMATE_LABEL
record:r035_013,climatelabel:metrics,HAS_CLIMATE_LABEL
record:r041_000,company:20250526113828_2025_05_26ptba_laporan_berkelanjutan113825,FROM_COMPANY
record:r041_000,model:arcee_ai_trinity_large_preview_free,GENERATED_BY_MODEL
record:r041_000,prompt:tone_chain_of_thought_indonesian_md,USED_PROMPT
record:r041_000,aspect:climate_commitment,HAS_ASPECT
record:r041_000,esgpillar:e,HAS_PILLAR
record:r041_000,tone:commitment,HAS_TONE
record:r041_000,sentiment:neutral,HAS_SENTIMENT
record:r041_000,climatelabel:climate_commitment,HAS_CLIMATE_LABEL
record:r041_000,climatelabel:climate_d,HAS_CLIMATE_LABEL
record:r041_000,climatelabel:climate_specificity,HAS_CLIMATE_LABEL
record:r041_001,company:20250526113828_2025_05_26ptba_laporan_berkelanjutan113825,FROM_COMPANY
record:r041_001,model:arcee_ai_trinity_large_preview_free,GENERATED_BY_MODEL
record:r041_001,prompt:tone_chain_of_thought_indonesian_md,USED_PROMPT
record:r041_001,aspect:environmental_claims,HAS_ASPECT
record:r041_001,esgpillar:e,HAS_PILLAR
record:r041_001,tone:action,HAS_TONE
record:r041_001,sentiment:neutral,HAS_SENTIMENT
record:r041_001,climatelabel:environmental_claims,HAS_CLIMATE_LABEL
record:r041_001,climatelabel:climate_d,HAS_CLIMATE_LABEL
record:r041_001,climatelabel:climate_specificity,HAS_CLIMATE_LABEL
record:r041_002,company:20250526113828_2025_05_26ptba_laporan_berkelanjutan113825,FROM_COMPANY
record:r041_002,model:arcee_ai_trinity_large_preview_free,GENERATED_BY_MODEL
record:r041_002,prompt:tone_chain_of_thought_indonesian_md,USED_PROMPT
record:r041_002,aspect:environmental_claims,HAS_ASPECT
record:r041_002,esgpillar:e,HAS_PILLAR
record:r041_002,tone:action,HAS_TONE
record:r041_002,sentiment:neutral,HAS_SENTIMENT
record:r041_002,climatelabel:environmental_claims,HAS_CLIMATE_LABEL
record:r041_002,climatelabel:climate_d,HAS_CLIMATE_LABEL
record:r041_002,climatelabel:climate_specificity,HAS_CLIMATE_LABEL
record:r041_003,company:20250526113828_2025_05_26ptba_laporan_berkelanjutan113825,FROM_COMPANY
record:r041_003,model:arcee_ai_trinity_large_preview_free,GENERATED_BY_MODEL
record:r041_003,prompt:tone_chain_of_thought_indonesian_md,USED_PROMPT
record:r041_003,aspect:netzero_reduction,HAS_ASPECT
record:r041_003,esgpillar:e,HAS_PILLAR
record:r041_003,tone:commitment,HAS_TONE
record:r041_003,sentiment:neutral,HAS_SENTIMENT
record:r041_003,climatelabel:netzero_reduction,HAS_CLIMATE_LABEL
record:r041_003,climatelabel:climate_commitment,HAS_CLIMATE_LABEL
record:r041_003,climatelabel:climate_f,HAS_CLIMATE_LABEL
record:r041_004,company:20250526113828_2025_05_26ptba_laporan_berkelanjutan113825,FROM_COMPANY
record:r041_004,model:arcee_ai_trinity_large_preview_free,GENERATED_BY_MODEL
record:r041_004,prompt:tone_chain_of_thought_indonesian_md,USED_PROMPT
record:r041_004,aspect:climate_commitment,HAS_ASPECT
record:r041_004,esgpillar:e,HAS_PILLAR
record:r041_004,tone:commitment,HAS_TONE
record:r041_004,sentiment:neutral,HAS_SENTIMENT
record:r041_004,climatelabel:climate_commitment,HAS_CLIMATE_LABEL
record:r041_004,climatelabel:climate_f,HAS_CLIMATE_LABEL
record:r041_005,company:20250526113828_2025_05_26ptba_laporan_berkelanjutan113825,FROM_COMPANY
record:r041_005,model:arcee_ai_trinity_large_preview_free,GENERATED_BY_MODEL
record:r041_005,prompt:tone_chain_of_thought_indonesian_md,USED_PROMPT
record:r041_005,aspect:governance,HAS_ASPECT
record:r041_005,esgpillar:g,HAS_PILLAR
record:r041_005,tone:outcome,HAS_TONE
record:r041_005,sentiment:positive,HAS_SENTIMENT
record:r041_005,climatelabel:governance,HAS_CLIMATE_LABEL
record:r041_005,climatelabel:metrics,HAS_CLIMATE_LABEL
record:r041_006,company:20250526113828_2025_05_26ptba_laporan_berkelanjutan113825,FROM_COMPANY
record:r041_006,model:arcee_ai_trinity_large_preview_free,GENERATED_BY_MODEL
record:r041_006,prompt:tone_chain_of_thought_indonesian_md,USED_PROMPT
record:r041_006,aspect:governance,HAS_ASPECT
record:r041_006,esgpillar:g,HAS_PILLAR
record:r041_006,tone:outcome,HAS_TONE
record:r041_006,sentiment:positive,HAS_SENTIMENT
record:r041_006,climatelabel:governance,HAS_CLIMATE_LABEL
record:r041_006,climatelabel:metrics,HAS_CLIMATE_LABEL
record:r041_007,company:20250526113828_2025_05_26ptba_laporan_berkelanjutan113825,FROM_COMPANY
record:r041_007,model:arcee_ai_trinity_large_preview_free,GENERATED_BY_MODEL
record:r041_007,prompt:tone_chain_of_thought_indonesian_md,USED_PROMPT
record:r041_007,aspect:governance,HAS_ASPECT
record:r041_007,esgpillar:g,HAS_PILLAR
record:r041_007,tone:outcome,HAS_TONE
record:r041_007,sentiment:positive,HAS_SENTIMENT
record:r041_007,climatelabel:governance,HAS_CLIMATE_LABEL
record:r041_007,climatelabel:metrics,HAS_CLIMATE_LABEL
record:r043_000,company:vktr_ar_sr_2024,FROM_COMPANY
record:r043_000,model:arcee_ai_trinity_large_preview_free,GENERATED_BY_MODEL
record:r043_000,prompt:tone_chain_of_thought_indonesian_md,USED_PROMPT
record:r043_000,aspect:climate_detection,HAS_ASPECT
record:r043_000,esgpillar:e,HAS_PILLAR
record:r043_000,tone:commitment,HAS_TONE
record:r043_000,sentiment:neutral,HAS_SENTIMENT
record:r043_000,climatelabel:climate_d,HAS_CLIMATE_LABEL
record:r043_000,climatelabel:climate_specificity,HAS_CLIMATE_LABEL
record:r043_000,climatelabel:climate_commitment,HAS_CLIMATE_LABEL
record:r043_000,climatelabel:climate_sentiment,HAS_CLIMATE_LABEL
record:r043_000,climatelabel:climate_s,HAS_CLIMATE_LABEL
record:r043_001,company:vktr_ar_sr_2024,FROM_COMPANY
record:r043_001,model:arcee_ai_trinity_large_preview_free,GENERATED_BY_MODEL
record:r043_001,prompt:tone_chain_of_thought_indonesian_md,USED_PROMPT
record:r043_001,aspect:climate_detection,HAS_ASPECT
record:r043_001,esgpillar:e,HAS_PILLAR
record:r043_001,tone:action,HAS_TONE
record:r043_001,sentiment:positive,HAS_SENTIMENT
record:r043_001,climatelabel:climate_d,HAS_CLIMATE_LABEL
record:r043_001,climatelabel:climate_specificity,HAS_CLIMATE_LABEL
record:r043_001,climatelabel:climate_commitment,HAS_CLIMATE_LABEL
record:r043_001,climatelabel:climate_sentiment,HAS_CLIMATE_LABEL
record:r043_001,climatelabel:climate_s,HAS_CLIMATE_LABEL
record:r043_002,company:vktr_ar_sr_2024,FROM_COMPANY
record:r043_002,model:arcee_ai_trinity_large_preview_free,GENERATED_BY_MODEL
record:r043_002,prompt:tone_chain_of_thought_indonesian_md,USED_PROMPT
record:r043_002,aspect:climate_detection,HAS_ASPECT
record:r043_002,esgpillar:e,HAS_PILLAR
record:r043_002,tone:commitment,HAS_TONE
record:r043_002,sentiment:positive,HAS_SENTIMENT
record:r043_002,climatelabel:climate_d,HAS_CLIMATE_LABEL
record:r043_002,climatelabel:climate_specificity,HAS_CLIMATE_LABEL
record:r043_002,climatelabel:climate_commitment,HAS_CLIMATE_LABEL
record:r043_002,climatelabel:climate_sentiment,HAS_CLIMATE_LABEL
record:r043_002,climatelabel:climate_s,HAS_CLIMATE_LABEL
record:r043_003,company:vktr_ar_sr_2024,FROM_COMPANY
record:r043_003,model:arcee_ai_trinity_large_preview_free,GENERATED_BY_MODEL
record:r043_003,prompt:tone_chain_of_thought_indonesian_md,USED_PROMPT
record:r043_003,aspect:climate_detection,HAS_ASPECT
record:r043_003,esgpillar:e,HAS_PILLAR
record:r043_003,tone:action,HAS_TONE
record:r043_003,sentiment:neutral,HAS_SENTIMENT
record:r043_003,climatelabel:climate_d,HAS_CLIMATE_LABEL
record:r043_003,climatelabel:climate_specificity,HAS_CLIMATE_LABEL
record:r043_003,climatelabel:climate_commitment,HAS_CLIMATE_LABEL
record:r043_003,climatelabel:climate_sentiment,HAS_CLIMATE_LABEL
record:r043_003,climatelabel:climate_s,HAS_CLIMATE_LABEL
record:r043_004,company:vktr_ar_sr_2024,FROM_COMPANY
record:r043_004,model:arcee_ai_trinity_large_preview_free,GENERATED_BY_MODEL
record:r043_004,prompt:tone_chain_of_thought_indonesian_md,USED_PROMPT
record:r043_004,aspect:climate_detection,HAS_ASPECT
record:r043_004,esgpillar:e,HAS_PILLAR
record:r043_004,tone:commitment,HAS_TONE
record:r043_004,sentiment:neutral,HAS_SENTIMENT
record:r043_004,climatelabel:climate_d,HAS_CLIMATE_LABEL
record:r043_004,climatelabel:climate_specificity,HAS_CLIMATE_LABEL
record:r043_004,climatelabel:climate_commitment,HAS_CLIMATE_LABEL
record:r043_004,climatelabel:climate_sentiment,HAS_CLIMATE_LABEL
record:r043_004,climatelabel:climate_s,HAS_CLIMATE_LABEL
record:r043_005,company:vktr_ar_sr_2024,FROM_COMPANY
record:r043_005,model:arcee_ai_trinity_large_preview_free,GENERATED_BY_MODEL
record:r043_005,prompt:tone_chain_of_thought_indonesian_md,USED_PROMPT
record:r043_005,aspect:climate_detection,HAS_ASPECT
record:r043_005,esgpillar:e,HAS_PILLAR
record:r043_005,tone:commitment,HAS_TONE
record:r043_005,sentiment:neutral,HAS_SENTIMENT
record:r043_005,climatelabel:climate_d,HAS_CLIMATE_LABEL
record:r043_005,climatelabel:climate_specificity,HAS_CLIMATE_LABEL
record:r043_005,climatelabel:climate_commitment,HAS_CLIMATE_LABEL
record:r043_005,climatelabel:climate_sentiment,HAS_CLIMATE_LABEL
record:r043_005,climatelabel:climate_s,HAS_CLIMATE_LABEL
record:r043_006,company:vktr_ar_sr_2024,FROM_COMPANY
record:r043_006,model:arcee_ai_trinity_large_preview_free,GENERATED_BY_MODEL
record:r043_006,prompt:tone_chain_of_thought_indonesian_md,USED_PROMPT
record:r043_006,aspect:climate_detection,HAS_ASPECT
record:r043_006,esgpillar:e,HAS_PILLAR
record:r043_006,tone:commitment,HAS_TONE
record:r043_006,sentiment:neutral,HAS_SENTIMENT
record:r043_006,climatelabel:climate_d,HAS_CLIMATE_LABEL
record:r043_006,climatelabel:climate_specificity,HAS_CLIMATE_LABEL
record:r043_006,climatelabel:climate_commitment,HAS_CLIMATE_LABEL
record:r043_006,climatelabel:climate_sentiment,HAS_CLIMATE_LABEL
record:r043_006,climatelabel:climate_s,HAS_CLIMATE_LABEL
record:r043_007,company:vktr_ar_sr_2024,FROM_COMPANY
record:r043_007,model:arcee_ai_trinity_large_preview_free,GENERATED_BY_MODEL
record:r043_007,prompt:tone_chain_of_thought_indonesian_md,USED_PROMPT
record:r043_007,aspect:climate_detection,HAS_ASPECT
record:r043_007,esgpillar:e,HAS_PILLAR
record:r043_007,tone:commitment,HAS_TONE
record:r043_007,sentiment:neutral,HAS_SENTIMENT
record:r043_007,climatelabel:climate_d,HAS_CLIMATE_LABEL
record:r043_007,climatelabel:climate_specificity,HAS_CLIMATE_LABEL
record:r043_007,climatelabel:climate_commitment,HAS_CLIMATE_LABEL
record:r043_007,climatelabel:climate_sentiment,HAS_CLIMATE_LABEL
record:r043_007,climatelabel:climate_s,HAS_CLIMATE_LABEL
record:r043_008,company:vktr_ar_sr_2024,FROM_COMPANY
record:r043_008,model:arcee_ai_trinity_large_preview_free,GENERATED_BY_MODEL
record:r043_008,prompt:tone_chain_of_thought_indonesian_md,USED_PROMPT
record:r043_008,aspect:climate_detection,HAS_ASPECT
record:r043_008,esgpillar:e,HAS_PILLAR
record:r043_008,tone:commitment,HAS_TONE
record:r043_008,sentiment:neutral,HAS_SENTIMENT
record:r043_008,climatelabel:climate_d,HAS_CLIMATE_LABEL
record:r043_008,climatelabel:climate_specificity,HAS_CLIMATE_LABEL
record:r043_008,climatelabel:climate_commitment,HAS_CLIMATE_LABEL
record:r043_008,climatelabel:climate_sentiment,HAS_CLIMATE_LABEL
record:r043_008,climatelabel:climate_s,HAS_CLIMATE_LABEL
record:r043_009,company:vktr_ar_sr_2024,FROM_COMPANY
record:r043_009,model:arcee_ai_trinity_large_preview_free,GENERATED_BY_MODEL
record:r043_009,prompt:tone_chain_of_thought_indonesian_md,USED_PROMPT
record:r043_009,aspect:climate_detection,HAS_ASPECT
record:r043_009,esgpillar:e,HAS_PILLAR
record:r043_009,tone:action,HAS_TONE
record:r043_009,sentiment:neutral,HAS_SENTIMENT
record:r043_009,climatelabel:climate_d,HAS_CLIMATE_LABEL
record:r043_009,climatelabel:climate_specificity,HAS_CLIMATE_LABEL
record:r043_009,climatelabel:climate_commitment,HAS_CLIMATE_LABEL
record:r043_009,climatelabel:climate_sentiment,HAS_CLIMATE_LABEL
record:r043_009,climatelabel:climate_s,HAS_CLIMATE_LABEL
record:r043_010,company:vktr_ar_sr_2024,FROM_COMPANY
record:r043_010,model:arcee_ai_trinity_large_preview_free,GENERATED_BY_MODEL
record:r043_010,prompt:tone_chain_of_thought_indonesian_md,USED_PROMPT
record:r043_010,aspect:climate_detection,HAS_ASPECT
record:r043_010,esgpillar:e,HAS_PILLAR
record:r043_010,tone:action,HAS_TONE
record:r043_010,sentiment:neutral,HAS_SENTIMENT
record:r043_010,climatelabel:climate_d,HAS_CLIMATE_LABEL
record:r043_010,climatelabel:climate_specificity,HAS_CLIMATE_LABEL
record:r043_010,climatelabel:climate_commitment,HAS_CLIMATE_LABEL
record:r043_010,climatelabel:climate_sentiment,HAS_CLIMATE_LABEL
record:r043_010,climatelabel:climate_s,HAS_CLIMATE_LABEL
record:r043_011,company:vktr_ar_sr_2024,FROM_COMPANY
record:r043_011,model:arcee_ai_trinity_large_preview_free,GENERATED_BY_MODEL
record:r043_011,prompt:tone_chain_of_thought_indonesian_md,USED_PROMPT
record:r043_011,aspect:climate_detection,HAS_ASPECT
record:r043_011,esgpillar:e,HAS_PILLAR
record:r043_011,tone:commitment,HAS_TONE
record:r043_011,sentiment:neutral,HAS_SENTIMENT
record:r043_011,climatelabel:climate_d,HAS_CLIMATE_LABEL
record:r043_011,climatelabel:climate_specificity,HAS_CLIMATE_LABEL
record:r043_011,climatelabel:climate_commitment,HAS_CLIMATE_LABEL
record:r043_011,climatelabel:climate_sentiment,HAS_CLIMATE_LABEL
record:r043_011,climatelabel:climate_s,HAS_CLIMATE_LABEL
record:r048_000,company:20250526113828_2025_05_26ptba_laporan_berkelanjutan113825,FROM_COMPANY
record:r048_000,model:arcee_ai_trinity_large_preview_free,GENERATED_BY_MODEL
record:r048_000,prompt:tone_chain_of_thought_english_md,USED_PROMPT
record:r048_000,aspect:climate_commitment,HAS_ASPECT
record:r048_000,esgpillar:e,HAS_PILLAR
record:r048_000,tone:commitment,HAS_TONE
record:r048_000,sentiment:neutral,HAS_SENTIMENT
record:r048_000,climatelabel:climate_commitment,HAS_CLIMATE_LABEL
record:r048_000,climatelabel:climate_detection,HAS_CLIMATE_LABEL
record:r048_000,climatelabel:governance,HAS_CLIMATE_LABEL
record:r048_001,company:20250526113828_2025_05_26ptba_laporan_berkelanjutan113825,FROM_COMPANY
record:r048_001,model:arcee_ai_trinity_large_preview_free,GENERATED_BY_MODEL
record:r048_001,prompt:tone_chain_of_thought_english_md,USED_PROMPT
record:r048_001,aspect:environmental_claims,HAS_ASPECT
record:r048_001,esgpillar:e,HAS_PILLAR
record:r048_001,tone:action,HAS_TONE
record:r048_001,sentiment:neutral,HAS_SENTIMENT
record:r048_001,climatelabel:environmental_claims,HAS_CLIMATE_LABEL
record:r048_001,climatelabel:climate_detection,HAS_CLIMATE_LABEL
record:r048_002,company:20250526113828_2025_05_26ptba_laporan_berkelanjutan113825,FROM_COMPANY
record:r048_002,model:arcee_ai_trinity_large_preview_free,GENERATED_BY_MODEL
record:r048_002,prompt:tone_chain_of_thought_english_md,USED_PROMPT
record:r048_002,aspect:climate_d_s,HAS_ASPECT
record:r048_002,esgpillar:e,HAS_PILLAR
record:r048_002,tone:action,HAS_TONE
record:r048_002,sentiment:neutral,HAS_SENTIMENT
record:r048_002,climatelabel:climate_d_s,HAS_CLIMATE_LABEL
record:r048_002,climatelabel:climate_detection,HAS_CLIMATE_LABEL
record:r048_002,climatelabel:metrics,HAS_CLIMATE_LABEL
record:r048_003,company:20250526113828_2025_05_26ptba_laporan_berkelanjutan113825,FROM_COMPANY
record:r048_003,model:arcee_ai_trinity_large_preview_free,GENERATED_BY_MODEL
record:r048_003,prompt:tone_chain_of_thought_english_md,USED_PROMPT
record:r048_003,aspect:climate_d_s,HAS_ASPECT
record:r048_003,esgpillar:e,HAS_PILLAR
record:r048_003,tone:action,HAS_TONE
record:r048_003,sentiment:neutral,HAS_SENTIMENT
record:r048_003,climatelabel:climate_d_s,HAS_CLIMATE_LABEL
record:r048_003,climatelabel:climate_detection,HAS_CLIMATE_LABEL
record:r048_003,climatelabel:metrics,HAS_CLIMATE_LABEL
record:r048_003,climatelabel:strategy,HAS_CLIMATE_LABEL
record:r048_004,company:20250526113828_2025_05_26ptba_laporan_berkelanjutan113825,FROM_COMPANY
record:r048_004,model:arcee_ai_trinity_large_preview_free,GENERATED_BY_MODEL
record:r048_004,prompt:tone_chain_of_thought_english_md,USED_PROMPT
record:r048_004,aspect:netzero_reduction,HAS_ASPECT
record:r048_004,esgpillar:e,HAS_PILLAR
record:r048_004,tone:commitment,HAS_TONE
record:r048_004,sentiment:neutral,HAS_SENTIMENT
record:r048_004,climatelabel:netzero_reduction,HAS_CLIMATE_LABEL
record:r048_004,climatelabel:climate_commitment,HAS_CLIMATE_LABEL
record:r048_004,climatelabel:climate_detection,HAS_CLIMATE_LABEL
record:r048_005,company:20250526113828_2025_05_26ptba_laporan_berkelanjutan113825,FROM_COMPANY
record:r048_005,model:arcee_ai_trinity_large_preview_free,GENERATED_BY_MODEL
record:r048_005,prompt:tone_chain_of_thought_english_md,USED_PROMPT
record:r048_005,aspect:climate_d_s,HAS_ASPECT
record:r048_005,esgpillar:e,HAS_PILLAR
record:r048_005,tone:action,HAS_TONE
record:r048_005,sentiment:neutral,HAS_SENTIMENT
record:r048_005,climatelabel:climate_d_s,HAS_CLIMATE_LABEL
record:r048_005,climatelabel:climate_detection,HAS_CLIMATE_LABEL
record:r048_005,climatelabel:strategy,HAS_CLIMATE_LABEL
record:r048_005,climatelabel:metrics,HAS_CLIMATE_LABEL
record:r048_006,company:20250526113828_2025_05_26ptba_laporan_berkelanjutan113825,FROM_COMPANY
record:r048_006,model:arcee_ai_trinity_large_preview_free,GENERATED_BY_MODEL
record:r048_006,prompt:tone_chain_of_thought_english_md,USED_PROMPT
record:r048_006,aspect:climate_d_s,HAS_ASPECT
record:r048_006,esgpillar:e,HAS_PILLAR
record:r048_006,tone:action,HAS_TONE
record:r048_006,sentiment:missing,HAS_SENTIMENT
record:r048_006,climatelabel:climate_d_s,HAS_CLIMATE_LABEL
record:r048_006,climatelabel:climate_detection,HAS_CLIMATE_LABEL
record:r048_006,climatelabel:strategy,HAS_CLIMATE_LABEL
record:r048_007,company:20250526113828_2025_05_26ptba_laporan_berkelanjutan113825,FROM_COMPANY
record:r048_007,model:arcee_ai_trinity_large_preview_free,GENERATED_BY_MODEL
record:r048_007,prompt:tone_chain_of_thought_english_md,USED_PROMPT
record:r048_007,aspect:governance,HAS_ASPECT
record:r048_007,esgpillar:g,HAS_PILLAR
record:r048_007,tone:commitment,HAS_TONE
record:r048_007,sentiment:neutral,HAS_SENTIMENT
record:r048_007,climatelabel:governance,HAS_CLIMATE_LABEL
record:r048_007,climatelabel:none,HAS_CLIMATE_LABEL
record:r048_008,company:20250526113828_2025_05_26ptba_laporan_berkelanjutan113825,FROM_COMPANY
record:r048_008,model:arcee_ai_trinity_large_preview_free,GENERATED_BY_MODEL
record:r048_008,prompt:tone_chain_of_thought_english_md,USED_PROMPT
record:r048_008,aspect:governance,HAS_ASPECT
record:r048_008,esgpillar:g,HAS_PILLAR
record:r048_008,tone:commitment,HAS_TONE
record:r048_008,sentiment:neutral,HAS_SENTIMENT
record:r048_008,climatelabel:governance,HAS_CLIMATE_LABEL
record:r048_008,climatelabel:none,HAS_CLIMATE_LABEL
record:r048_009,company:20250526113828_2025_05_26ptba_laporan_berkelanjutan113825,FROM_COMPANY
record:r048_009,model:arcee_ai_trinity_large_preview_free,GENERATED_BY_MODEL
record:r048_009,prompt:tone_chain_of_thought_english_md,USED_PROMPT
record:r048_009,aspect:governance,HAS_ASPECT
record:r048_009,esgpillar:g,HAS_PILLAR
record:r048_009,tone:action,HAS_TONE
record:r048_009,sentiment:neutral,HAS_SENTIMENT
record:r048_009,climatelabel:governance,HAS_CLIMATE_LABEL
record:r048_009,climatelabel:none,HAS_CLIMATE_LABEL
record:r048_010,company:20250526113828_2025_05_26ptba_laporan_berkelanjutan113825,FROM_COMPANY
record:r048_010,model:arcee_ai_trinity_large_preview_free,GENERATED_BY_MODEL
record:r048_010,prompt:tone_chain_of_thought_english_md,USED_PROMPT
record:r048_010,aspect:governance,HAS_ASPECT
record:r048_010,esgpillar:g,HAS_PILLAR
record:r048_010,tone:none,HAS_TONE
record:r048_010,sentiment:neutral,HAS_SENTIMENT
record:r048_010,climatelabel:governance,HAS_CLIMATE_LABEL
record:r048_010,climatelabel:none,HAS_CLIMATE_LABEL
record:r048_011,company:20250526113828_2025_05_26ptba_laporan_berkelanjutan113825,FROM_COMPANY
record:r048_011,model:arcee_ai_trinity_large_preview_free,GENERATED_BY_MODEL
record:r048_011,prompt:tone_chain_of_thought_english_md,USED_PROMPT
record:r048_011,aspect:governance,HAS_ASPECT
record:r048_011,esgpillar:g,HAS_PILLAR
record:r048_011,tone:action,HAS_TONE
record:r048_011,sentiment:neutral,HAS_SENTIMENT
record:r048_011,climatelabel:governance,HAS_CLIMATE_LABEL
record:r048_011,climatelabel:none,HAS_CLIMATE_LABEL
record:r048_012,company:20250526113828_2025_05_26ptba_laporan_berkelanjutan113825,FROM_COMPANY
record:r048_012,model:arcee_ai_trinity_large_preview_free,GENERATED_BY_MODEL
record:r048_012,prompt:tone_chain_of_thought_english_md,USED_PROMPT
record:r048_012,aspect:governance,HAS_ASPECT
record:r048_012,esgpillar:g,HAS_PILLAR
record:r048_012,tone:action,HAS_TONE
record:r048_012,sentiment:neutral,HAS_SENTIMENT
record:r048_012,climatelabel:governance,HAS_CLIMATE_LABEL
record:r048_012,climatelabel:none,HAS_CLIMATE_LABEL
record:r048_013,company:20250526113828_2025_05_26ptba_laporan_berkelanjutan113825,FROM_COMPANY
record:r048_013,model:arcee_ai_trinity_large_preview_free,GENERATED_BY_MODEL
record:r048_013,prompt:tone_chain_of_thought_english_md,USED_PROMPT
record:r048_013,aspect:governance,HAS_ASPECT
record:r048_013,esgpillar:g,HAS_PILLAR
record:r048_013,tone:action,HAS_TONE
record:r048_013,sentiment:neutral,HAS_SENTIMENT
record:r048_013,climatelabel:governance,HAS_CLIMATE_LABEL
record:r048_013,climatelabel:none,HAS_CLIMATE_LABEL
record:r048_014,company:20250526113828_2025_05_26ptba_laporan_berkelanjutan113825,FROM_COMPANY
record:r048_014,model:arcee_ai_trinity_large_preview_free,GENERATED_BY_MODEL
record:r048_014,prompt:tone_chain_of_thought_english_md,USED_PROMPT
record:r048_014,aspect:governance,HAS_ASPECT
record:r048_014,esgpillar:g,HAS_PILLAR
record:r048_014,tone:action,HAS_TONE
record:r048_014,sentiment:neutral,HAS_SENTIMENT
record:r048_014,climatelabel:governance,HAS_CLIMATE_LABEL
record:r048_014,climatelabel:none,HAS_CLIMATE_LABEL
record:r048_015,company:20250526113828_2025_05_26ptba_laporan_berkelanjutan113825,FROM_COMPANY
record:r048_015,model:arcee_ai_trinity_large_preview_free,GENERATED_BY_MODEL
record:r048_015,prompt:tone_chain_of_thought_english_md,USED_PROMPT
record:r048_015,aspect:governance,HAS_ASPECT
record:r048_015,esgpillar:g,HAS_PILLAR
record:r048_015,tone:outcome,HAS_TONE
record:r048_015,sentiment:neutral,HAS_SENTIMENT
record:r048_015,climatelabel:governance,HAS_CLIMATE_LABEL
record:r048_015,climatelabel:none,HAS_CLIMATE_LABEL
record:r048_015,climatelabel:metrics,HAS_CLIMATE_LABEL
record:r048_016,company:20250526113828_2025_05_26ptba_laporan_berkelanjutan113825,FROM_COMPANY
record:r048_016,model:arcee_ai_trinity_large_preview_free,GENERATED_BY_MODEL
record:r048_016,prompt:tone_chain_of_thought_english_md,USED_PROMPT
record:r048_016,aspect:governance,HAS_ASPECT
record:r048_016,esgpillar:g,HAS_PILLAR
record:r048_016,tone:action,HAS_TONE
record:r048_016,sentiment:neutral,HAS_SENTIMENT
record:r048_016,climatelabel:governance,HAS_CLIMATE_LABEL
record:r048_016,climatelabel:none,HAS_CLIMATE_LABEL
record:r049_000,company:ar_sr_gtra_2024,FROM_COMPANY
record:r049_000,model:arcee_ai_trinity_large_preview_free,GENERATED_BY_MODEL
record:r049_000,prompt:tone_zero_shot_english_md,USED_PROMPT
record:r049_000,aspect:climate_detection,HAS_ASPECT
record:r049_000,esgpillar:e,HAS_PILLAR
record:r049_000,tone:none,HAS_TONE
record:r049_000,sentiment:negative,HAS_SENTIMENT
record:r049_000,climatelabel:climate_d,HAS_CLIMATE_LABEL
record:r049_000,climatelabel:climate_sentiment,HAS_CLIMATE_LABEL
record:r049_000,climatelabel:climate_s,HAS_CLIMATE_LABEL
record:r049_001,company:ar_sr_gtra_2024,FROM_COMPANY
record:r049_001,model:arcee_ai_trinity_large_preview_free,GENERATED_BY_MODEL
record:r049_001,prompt:tone_zero_shot_english_md,USED_PROMPT
record:r049_001,aspect:climate_detection,HAS_ASPECT
record:r049_001,esgpillar:e,HAS_PILLAR
record:r049_001,tone:none,HAS_TONE
record:r049_001,sentiment:negative,HAS_SENTIMENT
record:r049_001,climatelabel:climate_d,HAS_CLIMATE_LABEL
record:r049_001,climatelabel:climate_sentiment,HAS_CLIMATE_LABEL
record:r049_001,climatelabel:climate_s,HAS_CLIMATE_LABEL
record:r049_002,company:ar_sr_gtra_2024,FROM_COMPANY
record:r049_002,model:arcee_ai_trinity_large_preview_free,GENERATED_BY_MODEL
record:r049_002,prompt:tone_zero_shot_english_md,USED_PROMPT
record:r049_002,aspect:climate_detection,HAS_ASPECT
record:r049_002,esgpillar:e,HAS_PILLAR
record:r049_002,tone:outcome,HAS_TONE
record:r049_002,sentiment:positive,HAS_SENTIMENT
record:r049_002,climatelabel:climate_d,HAS_CLIMATE_LABEL
record:r049_002,climatelabel:climate_sentiment,HAS_CLIMATE_LABEL
record:r049_002,climatelabel:climate_s,HAS_CLIMATE_LABEL
record:r049_003,company:ar_sr_gtra_2024,FROM_COMPANY
record:r049_003,model:arcee_ai_trinity_large_preview_free,GENERATED_BY_MODEL
record:r049_003,prompt:tone_zero_shot_english_md,USED_PROMPT
record:r049_003,aspect:climate_detection,HAS_ASPECT
record:r049_003,esgpillar:e,HAS_PILLAR
record:r049_003,tone:outcome,HAS_TONE
record:r049_003,sentiment:positive,HAS_SENTIMENT
record:r049_003,climatelabel:climate_d,HAS_CLIMATE_LABEL
record:r049_003,climatelabel:climate_sentiment,HAS_CLIMATE_LABEL
record:r049_003,climatelabel:climate_s,HAS_CLIMATE_LABEL
record:r049_004,company:ar_sr_gtra_2024,FROM_COMPANY
record:r049_004,model:arcee_ai_trinity_large_preview_free,GENERATED_BY_MODEL
record:r049_004,prompt:tone_zero_shot_english_md,USED_PROMPT
record:r049_004,aspect:climate_detection,HAS_ASPECT
record:r049_004,esgpillar:e,HAS_PILLAR
record:r049_004,tone:commitment,HAS_TONE
record:r049_004,sentiment:neutral,HAS_SENTIMENT
record:r049_004,climatelabel:climate_commitment,HAS_CLIMATE_LABEL
record:r049_004,climatelabel:climate_d,HAS_CLIMATE_LABEL
record:r049_005,company:ar_sr_gtra_2024,FROM_COMPANY
record:r049_005,model:arcee_ai_trinity_large_preview_free,GENERATED_BY_MODEL
record:r049_005,prompt:tone_zero_shot_english_md,USED_PROMPT
record:r049_005,aspect:climate_detection,HAS_ASPECT
record:r049_005,esgpillar:e,HAS_PILLAR
record:r049_005,tone:action,HAS_TONE
record:r049_005,sentiment:neutral,HAS_SENTIMENT
record:r049_005,climatelabel:climate_commitment,HAS_CLIMATE_LABEL
record:r049_005,climatelabel:climate_d,HAS_CLIMATE_LABEL
record:r049_006,company:ar_sr_gtra_2024,FROM_COMPANY
record:r049_006,model:arcee_ai_trinity_large_preview_free,GENERATED_BY_MODEL
record:r049_006,prompt:tone_zero_shot_english_md,USED_PROMPT
record:r049_006,aspect:climate_detection,HAS_ASPECT
record:r049_006,esgpillar:e,HAS_PILLAR
record:r049_006,tone:outcome,HAS_TONE
record:r049_006,sentiment:positive,HAS_SENTIMENT
record:r049_006,climatelabel:climate_d,HAS_CLIMATE_LABEL
record:r049_006,climatelabel:climate_sentiment,HAS_CLIMATE_LABEL
record:r049_006,climatelabel:climate_s,HAS_CLIMATE_LABEL
record:r049_007,company:ar_sr_gtra_2024,FROM_COMPANY
record:r049_007,model:arcee_ai_trinity_large_preview_free,GENERATED_BY_MODEL
record:r049_007,prompt:tone_zero_shot_english_md,USED_PROMPT
record:r049_007,aspect:climate_detection,HAS_ASPECT
record:r049_007,esgpillar:e,HAS_PILLAR
record:r049_007,tone:commitment,HAS_TONE
record:r049_007,sentiment:neutral,HAS_SENTIMENT
record:r049_007,climatelabel:climate_commitment,HAS_CLIMATE_LABEL
record:r049_007,climatelabel:climate_d,HAS_CLIMATE_LABEL
record:r049_008,company:ar_sr_gtra_2024,FROM_COMPANY
record:r049_008,model:arcee_ai_trinity_large_preview_free,GENERATED_BY_MODEL
record:r049_008,prompt:tone_zero_shot_english_md,USED_PROMPT
record:r049_008,aspect:governance,HAS_ASPECT
record:r049_008,esgpillar:g,HAS_PILLAR
record:r049_008,tone:none,HAS_TONE
record:r049_008,sentiment:neutral,HAS_SENTIMENT
record:r049_008,climatelabel:governance,HAS_CLIMATE_LABEL
record:r049_009,company:ar_sr_gtra_2024,FROM_COMPANY
record:r049_009,model:arcee_ai_trinity_large_preview_free,GENERATED_BY_MODEL
record:r049_009,prompt:tone_zero_shot_english_md,USED_PROMPT
record:r049_009,aspect:governance,HAS_ASPECT
record:r049_009,esgpillar:g,HAS_PILLAR
record:r049_009,tone:none,HAS_TONE
record:r049_009,sentiment:neutral,HAS_SENTIMENT
record:r049_009,climatelabel:governance,HAS_CLIMATE_LABEL
record:r049_010,company:ar_sr_gtra_2024,FROM_COMPANY
record:r049_010,model:arcee_ai_trinity_large_preview_free,GENERATED_BY_MODEL
record:r049_010,prompt:tone_zero_shot_english_md,USED_PROMPT
record:r049_010,aspect:governance,HAS_ASPECT
record:r049_010,esgpillar:g,HAS_PILLAR
record:r049_010,tone:none,HAS_TONE
record:r049_010,sentiment:neutral,HAS_SENTIMENT
record:r049_010,climatelabel:governance,HAS_CLIMATE_LABEL
record:r049_011,company:ar_sr_gtra_2024,FROM_COMPANY
record:r049_011,model:arcee_ai_trinity_large_preview_free,GENERATED_BY_MODEL
record:r049_011,prompt:tone_zero_shot_english_md,USED_PROMPT
record:r049_011,aspect:governance,HAS_ASPECT
record:r049_011,esgpillar:g,HAS_PILLAR
record:r049_011,tone:none,HAS_TONE
record:r049_011,sentiment:neutral,HAS_SENTIMENT
record:r049_011,climatelabel:governance,HAS_CLIMATE_LABEL
record:r049_012,company:ar_sr_gtra_2024,FROM_COMPANY
record:r049_012,model:arcee_ai_trinity_large_preview_free,GENERATED_BY_MODEL
record:r049_012,prompt:tone_zero_shot_english_md,USED_PROMPT
record:r049_012,aspect:governance,HAS_ASPECT
record:r049_012,esgpillar:g,HAS_PILLAR
record:r049_012,tone:none,HAS_TONE
record:r049_012,sentiment:neutral,HAS_SENTIMENT
record:r049_012,climatelabel:governance,HAS_CLIMATE_LABEL
record:r049_013,company:ar_sr_gtra_2024,FROM_COMPANY
record:r049_013,model:arcee_ai_trinity_large_preview_free,GENERATED_BY_MODEL
record:r049_013,prompt:tone_zero_shot_english_md,USED_PROMPT
record:r049_013,aspect:governance,HAS_ASPECT
record:r049_013,esgpillar:g,HAS_PILLAR
record:r049_013,tone:none,HAS_TONE
record:r049_013,sentiment:neutral,HAS_SENTIMENT
record:r049_013,climatelabel:governance,HAS_CLIMATE_LABEL
record:r049_014,company:ar_sr_gtra_2024,FROM_COMPANY
record:r049_014,model:arcee_ai_trinity_large_preview_free,GENERATED_BY_MODEL
record:r049_014,prompt:tone_zero_shot_english_md,USED_PROMPT
record:r049_014,aspect:governance,HAS_ASPECT
record:r049_014,esgpillar:g,HAS_PILLAR
record:r049_014,tone:none,HAS_TONE
record:r049_014,sentiment:neutral,HAS_SENTIMENT
record:r049_014,climatelabel:governance,HAS_CLIMATE_LABEL
record:r049_015,company:ar_sr_gtra_2024,FROM_COMPANY
record:r049_015,model:arcee_ai_trinity_large_preview_free,GENERATED_BY_MODEL
record:r049_015,prompt:tone_zero_shot_english_md,USED_PROMPT
record:r049_015,aspect:governance,HAS_ASPECT
record:r049_015,esgpillar:g,HAS_PILLAR
record:r049_015,tone:none,HAS_TONE
record:r049_015,sentiment:neutral,HAS_SENTIMENT
record:r049_015,climatelabel:governance,HAS_CLIMATE_LABEL
record:r049_016,company:ar_sr_gtra_2024,FROM_COMPANY
record:r049_016,model:arcee_ai_trinity_large_preview_free,GENERATED_BY_MODEL
record:r049_016,prompt:tone_zero_shot_english_md,USED_PROMPT
record:r049_016,aspect:governance,HAS_ASPECT
record:r049_016,esgpillar:g,HAS_PILLAR
record:r049_016,tone:none,HAS_TONE
record:r049_016,sentiment:neutral,HAS_SENTIMENT
record:r049_016,climatelabel:governance,HAS_CLIMATE_LABEL
record:r049_017,company:ar_sr_gtra_2024,FROM_COMPANY
record:r049_017,model:arcee_ai_trinity_large_preview_free,GENERATED_BY_MODEL
record:r049_017,prompt:tone_zero_shot_english_md,USED_PROMPT
record:r049_017,aspect:governance,HAS_ASPECT
record:r049_017,esgpillar:g,HAS_PILLAR
record:r049_017,tone:none,HAS_TONE
record:r049_017,sentiment:neutral,HAS_SENTIMENT
record:r049_017,climatelabel:governance,HAS_CLIMATE_LABEL
record:r049_018,company:ar_sr_gtra_2024,FROM_COMPANY
record:r049_018,model:arcee_ai_trinity_large_preview_free,GENERATED_BY_MODEL
record:r049_018,prompt:tone_zero_shot_english_md,USED_PROMPT
record:r049_018,aspect:governance,HAS_ASPECT
record:r049_018,esgpillar:g,HAS_PILLAR
record:r049_018,tone:none,HAS_TONE
record:r049_018,sentiment:neutral,HAS_SENTIMENT
record:r049_018,climatelabel:governance,HAS_CLIMATE_LABEL
record:r049_019,company:ar_sr_gtra_2024,FROM_COMPANY
record:r049_019,model:arcee_ai_trinity_large_preview_free,GENERATED_BY_MODEL
record:r049_019,prompt:tone_zero_shot_english_md,USED_PROMPT
record:r049_019,aspect:governance,HAS_ASPECT
record:r049_019,esgpillar:g,HAS_PILLAR
record:r049_019,tone:none,HAS_TONE
record:r049_019,sentiment:neutral,HAS_SENTIMENT
record:r049_019,climatelabel:governance,HAS_CLIMATE_LABEL
record:r049_020,company:ar_sr_gtra_2024,FROM_COMPANY
record:r049_020,model:arcee_ai_trinity_large_preview_free,GENERATED_BY_MODEL
record:r049_020,prompt:tone_zero_shot_english_md,USED_PROMPT
record:r049_020,aspect:governance,HAS_ASPECT
record:r049_020,esgpillar:g,HAS_PILLAR
record:r049_020,tone:none,HAS_TONE
record:r049_020,sentiment:neutral,HAS_SENTIMENT
record:r049_020,climatelabel:governance,HAS_CLIMATE_LABEL
record:r049_021,company:ar_sr_gtra_2024,FROM_COMPANY
record:r049_021,model:arcee_ai_trinity_large_preview_free,GENERATED_BY_MODEL
record:r049_021,prompt:tone_zero_shot_english_md,USED_PROMPT
record:r049_021,aspect:governance,HAS_ASPECT
record:r049_021,esgpillar:g,HAS_PILLAR
record:r049_021,tone:none,HAS_TONE
record:r049_021,sentiment:neutral,HAS_SENTIMENT
record:r049_021,climatelabel:governance,HAS_CLIMATE_LABEL
record:r049_022,company:ar_sr_gtra_2024,FROM_COMPANY
record:r049_022,model:arcee_ai_trinity_large_preview_free,GENERATED_BY_MODEL
record:r049_022,prompt:tone_zero_shot_english_md,USED_PROMPT
record:r049_022,aspect:governance,HAS_ASPECT
record:r049_022,esgpillar:g,HAS_PILLAR
record:r049_022,tone:none,HAS_TONE
record:r049_022,sentiment:neutral,HAS_SENTIMENT
record:r049_022,climatelabel:governance,HAS_CLIMATE_LABEL
record:r049_023,company:ar_sr_gtra_2024,FROM_COMPANY
record:r049_023,model:arcee_ai_trinity_large_preview_free,GENERATED_BY_MODEL
record:r049_023,prompt:tone_zero_shot_english_md,USED_PROMPT
record:r049_023,aspect:governance,HAS_ASPECT
record:r049_023,esgpillar:g,HAS_PILLAR
record:r049_023,tone:none,HAS_TONE
record:r049_023,sentiment:neutral,HAS_SENTIMENT
record:r049_023,climatelabel:governance,HAS_CLIMATE_LABEL
record:r049_024,company:ar_sr_gtra_2024,FROM_COMPANY
record:r049_024,model:arcee_ai_trinity_large_preview_free,GENERATED_BY_MODEL
record:r049_024,prompt:tone_zero_shot_english_md,USED_PROMPT
record:r049_024,aspect:governance,HAS_ASPECT
record:r049_024,esgpillar:g,HAS_PILLAR
record:r049_024,tone:none,HAS_TONE
record:r049_024,sentiment:neutral,HAS_SENTIMENT
record:r049_024,climatelabel:governance,HAS_CLIMATE_LABEL
record:r073_000,company:icr_sustainability_23_24,FROM_COMPANY
record:r073_000,model:arcee_ai_trinity_large_preview_free,GENERATED_BY_MODEL
record:r073_000,prompt:tone_chain_of_thought_english_md,USED_PROMPT
record:r073_000,aspect:climate_commitment,HAS_ASPECT
record:r073_000,esgpillar:e,HAS_PILLAR
record:r073_000,tone:commitment,HAS_TONE
record:r073_000,sentiment:neutral,HAS_SENTIMENT
record:r073_000,climatelabel:climate_commitment,HAS_CLIMATE_LABEL
record:r073_000,climatelabel:netzero_reduction,HAS_CLIMATE_LABEL
record:r073_001,company:icr_sustainability_23_24,FROM_COMPANY
record:r073_001,model:arcee_ai_trinity_large_preview_free,GENERATED_BY_MODEL
record:r073_001,prompt:tone_chain_of_thought_english_md,USED_PROMPT
record:r073_001,aspect:climate_detection,HAS_ASPECT
record:r073_001,esgpillar:e,HAS_PILLAR
record:r073_001,tone:outcome,HAS_TONE
record:r073_001,sentiment:positive,HAS_SENTIMENT
record:r073_001,climatelabel:climate_detection,HAS_CLIMATE_LABEL
record:r073_001,climatelabel:metrics,HAS_CLIMATE_LABEL
record:r073_001,climatelabel:climate_sentiment,HAS_CLIMATE_LABEL
record:r073_002,company:icr_sustainability_23_24,FROM_COMPANY
record:r073_002,model:arcee_ai_trinity_large_preview_free,GENERATED_BY_MODEL
record:r073_002,prompt:tone_chain_of_thought_english_md,USED_PROMPT
record:r073_002,aspect:climate_commitment,HAS_ASPECT
record:r073_002,esgpillar:e,HAS_PILLAR
record:r073_002,tone:commitment,HAS_TONE
record:r073_002,sentiment:neutral,HAS_SENTIMENT
record:r073_002,climatelabel:climate_commitment,HAS_CLIMATE_LABEL
record:r073_002,climatelabel:strategy,HAS_CLIMATE_LABEL
record:r073_003,company:icr_sustainability_23_24,FROM_COMPANY
record:r073_003,model:arcee_ai_trinity_large_preview_free,GENERATED_BY_MODEL
record:r073_003,prompt:tone_chain_of_thought_english_md,USED_PROMPT
record:r073_003,aspect:climate_detection,HAS_ASPECT
record:r073_003,esgpillar:e,HAS_PILLAR
record:r073_003,tone:outcome,HAS_TONE
record:r073_003,sentiment:neutral,HAS_SENTIMENT
record:r073_003,climatelabel:climate_detection,HAS_CLIMATE_LABEL
record:r073_003,climatelabel:metrics,HAS_CLIMATE_LABEL
record:r073_004,company:icr_sustainability_23_24,FROM_COMPANY
record:r073_004,model:arcee_ai_trinity_large_preview_free,GENERATED_BY_MODEL
record:r073_004,prompt:tone_chain_of_thought_english_md,USED_PROMPT
record:r073_004,aspect:climate_detection,HAS_ASPECT
record:r073_004,esgpillar:e,HAS_PILLAR
record:r073_004,tone:outcome,HAS_TONE
record:r073_004,sentiment:positive,HAS_SENTIMENT
record:r073_004,climatelabel:climate_detection,HAS_CLIMATE_LABEL
record:r073_004,climatelabel:metrics,HAS_CLIMATE_LABEL
record:r073_005,company:icr_sustainability_23_24,FROM_COMPANY
record:r073_005,model:arcee_ai_trinity_large_preview_free,GENERATED_BY_MODEL
record:r073_005,prompt:tone_chain_of_thought_english_md,USED_PROMPT
record:r073_005,aspect:governance,HAS_ASPECT
record:r073_005,esgpillar:g,HAS_PILLAR
record:r073_005,tone:outcome,HAS_TONE
record:r073_005,sentiment:positive,HAS_SENTIMENT
record:r073_005,climatelabel:governance,HAS_CLIMATE_LABEL
record:r073_005,climatelabel:environmental_claims,HAS_CLIMATE_LABEL
record:r073_006,company:icr_sustainability_23_24,FROM_COMPANY
record:r073_006,model:arcee_ai_trinity_large_preview_free,GENERATED_BY_MODEL
record:r073_006,prompt:tone_chain_of_thought_english_md,USED_PROMPT
record:r073_006,aspect:governance,HAS_ASPECT
record:r073_006,esgpillar:g,HAS_PILLAR
record:r073_006,tone:commitment,HAS_TONE
record:r073_006,sentiment:neutral,HAS_SENTIMENT
record:r073_006,climatelabel:governance,HAS_CLIMATE_LABEL
record:r073_006,climatelabel:environmental_claims,HAS_CLIMATE_LABEL
record:r073_007,company:icr_sustainability_23_24,FROM_COMPANY
record:r073_007,model:arcee_ai_trinity_large_preview_free,GENERATED_BY_MODEL
record:r073_007,prompt:tone_chain_of_thought_english_md,USED_PROMPT
record:r073_007,aspect:governance,HAS_ASPECT
record:r073_007,esgpillar:g,HAS_PILLAR
record:r073_007,tone:commitment,HAS_TONE
record:r073_007,sentiment:neutral,HAS_SENTIMENT
record:r073_007,climatelabel:governance,HAS_CLIMATE_LABEL
record:r073_007,climatelabel:environmental_claims,HAS_CLIMATE_LABEL
record:r073_008,company:icr_sustainability_23_24,FROM_COMPANY
record:r073_008,model:arcee_ai_trinity_large_preview_free,GENERATED_BY_MODEL
record:r073_008,prompt:tone_chain_of_thought_english_md,USED_PROMPT
record:r073_008,aspect:climate_detection,HAS_ASPECT
record:r073_008,esgpillar:e,HAS_PILLAR
record:r073_008,tone:none,HAS_TONE
record:r073_008,sentiment:negative,HAS_SENTIMENT
record:r073_008,climatelabel:climate_detection,HAS_CLIMATE_LABEL
record:r073_008,climatelabel:risk,HAS_CLIMATE_LABEL
record:r073_009,company:icr_sustainability_23_24,FROM_COMPANY
record:r073_009,model:arcee_ai_trinity_large_preview_free,GENERATED_BY_MODEL
record:r073_009,prompt:tone_chain_of_thought_english_md,USED_PROMPT
record:r073_009,aspect:climate_detection,HAS_ASPECT
record:r073_009,esgpillar:e,HAS_PILLAR
record:r073_009,tone:none,HAS_TONE
record:r073_009,sentiment:neutral,HAS_SENTIMENT
record:r073_009,climatelabel:climate_detection,HAS_CLIMATE_LABEL
record:r073_009,climatelabel:climate_f,HAS_CLIMATE_LABEL
record:r073_010,company:icr_sustainability_23_24,FROM_COMPANY
record:r073_010,model:arcee_ai_trinity_large_preview_free,GENERATED_BY_MODEL
record:r073_010,prompt:tone_chain_of_thought_english_md,USED_PROMPT
record:r073_010,aspect:climate_commitment,HAS_ASPECT
record:r073_010,esgpillar:e,HAS_PILLAR
record:r073_010,tone:commitment,HAS_TONE
record:r073_010,sentiment:neutral,HAS_SENTIMENT
record:r073_010,climatelabel:climate_commitment,HAS_CLIMATE_LABEL
record:r073_010,climatelabel:netzero_reduction,HAS_CLIMATE_LABEL
record:r073_011,company:icr_sustainability_23_24,FROM_COMPANY
record:r073_011,model:arcee_ai_trinity_large_preview_free,GENERATED_BY_MODEL
record:r073_011,prompt:tone_chain_of_thought_english_md,USED_PROMPT
record:r073_011,aspect:climate_commitment,HAS_ASPECT
record:r073_011,esgpillar:e,HAS_PILLAR
record:r073_011,tone:commitment,HAS_TONE
record:r073_011,sentiment:neutral,HAS_SENTIMENT
record:r073_011,climatelabel:climate_commitment,HAS_CLIMATE_LABEL
record:r073_011,climatelabel:netzero_reduction,HAS_CLIMATE_LABEL
record:r073_012,company:icr_sustainability_23_24,FROM_COMPANY
record:r073_012,model:arcee_ai_trinity_large_preview_free,GENERATED_BY_MODEL
record:r073_012,prompt:tone_chain_of_thought_english_md,USED_PROMPT
record:r073_012,aspect:climate_detection,HAS_ASPECT
record:r073_012,esgpillar:e,HAS_PILLAR
record:r073_012,tone:outcome,HAS_TONE
record:r073_012,sentiment:positive,HAS_SENTIMENT
record:r073_012,climatelabel:climate_detection,HAS_CLIMATE_LABEL
record:r073_012,climatelabel:metrics,HAS_CLIMATE_LABEL
record:r073_013,company:icr_sustainability_23_24,FROM_COMPANY
record:r073_013,model:arcee_ai_trinity_large_preview_free,GENERATED_BY_MODEL
record:r073_013,prompt:tone_chain_of_thought_english_md,USED_PROMPT
record:r073_013,aspect:climate_detection,HAS_ASPECT
record:r073_013,esgpillar:e,HAS_PILLAR
record:r073_013,tone:outcome,HAS_TONE
record:r073_013,sentiment:positive,HAS_SENTIMENT
record:r073_013,climatelabel:climate_detection,HAS_CLIMATE_LABEL
record:r073_013,climatelabel:metrics,HAS_CLIMATE_LABEL
record:r073_014,company:icr_sustainability_23_24,FROM_COMPANY
record:r073_014,model:arcee_ai_trinity_large_preview_free,GENERATED_BY_MODEL
record:r073_014,prompt:tone_chain_of_thought_english_md,USED_PROMPT
record:r073_014,aspect:strategy,HAS_ASPECT
record:r073_014,esgpillar:e,HAS_PILLAR
record:r073_014,tone:action,HAS_TONE
record:r073_014,sentiment:neutral,HAS_SENTIMENT
record:r073_014,climatelabel:strategy,HAS_CLIMATE_LABEL
record:r073_014,climatelabel:metrics,HAS_CLIMATE_LABEL
record:r073_015,company:icr_sustainability_23_24,FROM_COMPANY
record:r073_015,model:arcee_ai_trinity_large_preview_free,GENERATED_BY_MODEL
record:r073_015,prompt:tone_chain_of_thought_english_md,USED_PROMPT
record:r073_015,aspect:climate_detection,HAS_ASPECT
record:r073_015,esgpillar:e,HAS_PILLAR
record:r073_015,tone:outcome,HAS_TONE
record:r073_015,sentiment:negative,HAS_SENTIMENT
record:r073_015,climatelabel:climate_detection,HAS_CLIMATE_LABEL
record:r073_015,climatelabel:metrics,HAS_CLIMATE_LABEL
record:r073_016,company:icr_sustainability_23_24,FROM_COMPANY
record:r073_016,model:arcee_ai_trinity_large_preview_free,GENERATED_BY_MODEL
record:r073_016,prompt:tone_chain_of_thought_english_md,USED_PROMPT
record:r073_016,aspect:climate_detection,HAS_ASPECT
record:r073_016,esgpillar:e,HAS_PILLAR
record:r073_016,tone:outcome,HAS_TONE
record:r073_016,sentiment:negative,HAS_SENTIMENT
record:r073_016,climatelabel:climate_detection,HAS_CLIMATE_LABEL
record:r073_016,climatelabel:metrics,HAS_CLIMATE_LABEL
record:r073_017,company:icr_sustainability_23_24,FROM_COMPANY
record:r073_017,model:arcee_ai_trinity_large_preview_free,GENERATED_BY_MODEL
record:r073_017,prompt:tone_chain_of_thought_english_md,USED_PROMPT
record:r073_017,aspect:climate_commitment,HAS_ASPECT
record:r073_017,esgpillar:e,HAS_PILLAR
record:r073_017,tone:commitment,HAS_TONE
record:r073_017,sentiment:neutral,HAS_SENTIMENT
record:r073_017,climatelabel:climate_commitment,HAS_CLIMATE_LABEL
record:r073_017,climatelabel:strategy,HAS_CLIMATE_LABEL
record:r079_000,company:20250526113828_2025_05_26ptba_laporan_berkelanjutan113825,FROM_COMPANY
record:r079_000,model:arcee_ai_trinity_large_preview_free,GENERATED_BY_MODEL
record:r079_000,prompt:tone_few_shot_indonesian_md,USED_PROMPT
record:r079_000,aspect:komitmen_net_zero_emission,HAS_ASPECT
record:r079_000,esgpillar:e,HAS_PILLAR
record:r079_000,tone:commitment,HAS_TONE
record:r079_000,sentiment:neutral,HAS_SENTIMENT
record:r079_000,climatelabel:climate_commitment,HAS_CLIMATE_LABEL
record:r079_000,climatelabel:netzero_reduction,HAS_CLIMATE_LABEL
record:r079_001,company:20250526113828_2025_05_26ptba_laporan_berkelanjutan113825,FROM_COMPANY
record:r079_001,model:arcee_ai_trinity_large_preview_free,GENERATED_BY_MODEL
record:r079_001,prompt:tone_few_shot_indonesian_md,USED_PROMPT
record:r079_001,aspect:komitmen_bisnis_berkelanjutan,HAS_ASPECT
record:r079_001,esgpillar:e,HAS_PILLAR
record:r079_001,tone:commitment,HAS_TONE
record:r079_001,sentiment:neutral,HAS_SENTIMENT
record:r079_001,climatelabel:climate_commitment,HAS_CLIMATE_LABEL
record:r079_001,climatelabel:governance,HAS_CLIMATE_LABEL
record:r079_002,company:20250526113828_2025_05_26ptba_laporan_berkelanjutan113825,FROM_COMPANY
record:r079_002,model:arcee_ai_trinity_large_preview_free,GENERATED_BY_MODEL
record:r079_002,prompt:tone_few_shot_indonesian_md,USED_PROMPT
record:r079_002,aspect:implementasi_eco_mechanized_mining,HAS_ASPECT
record:r079_002,esgpillar:e,HAS_PILLAR
record:r079_002,tone:action,HAS_TONE
record:r079_002,sentiment:neutral,HAS_SENTIMENT
record:r079_002,climatelabel:action,HAS_CLIMATE_LABEL
record:r079_002,climatelabel:environmental_claims,HAS_CLIMATE_LABEL
record:r079_003,company:20250526113828_2025_05_26ptba_laporan_berkelanjutan113825,FROM_COMPANY
record:r079_003,model:arcee_ai_trinity_large_preview_free,GENERATED_BY_MODEL
record:r079_003,prompt:tone_few_shot_indonesian_md,USED_PROMPT
record:r079_003,aspect:sinergi_pengembangan_energi_bersih,HAS_ASPECT
record:r079_003,esgpillar:e,HAS_PILLAR
record:r079_003,tone:action,HAS_TONE
record:r079_003,sentiment:neutral,HAS_SENTIMENT
record:r079_003,climatelabel:action,HAS_CLIMATE_LABEL
record:r079_003,climatelabel:environmental_claims,HAS_CLIMATE_LABEL
record:r079_004,company:20250526113828_2025_05_26ptba_laporan_berkelanjutan113825,FROM_COMPANY
record:r079_004,model:arcee_ai_trinity_large_preview_free,GENERATED_BY_MODEL
record:r079_004,prompt:tone_few_shot_indonesian_md,USED_PROMPT
record:r079_004,aspect:komitmen_net_zero_emission_2060,HAS_ASPECT
record:r079_004,esgpillar:e,HAS_PILLAR
record:r079_004,tone:commitment,HAS_TONE
record:r079_004,sentiment:neutral,HAS_SENTIMENT
record:r079_004,climatelabel:climate_commitment,HAS_CLIMATE_LABEL
record:r079_004,climatelabel:netzero_reduction,HAS_CLIMATE_LABEL
record:r079_005,company:20250526113828_2025_05_26ptba_laporan_berkelanjutan113825,FROM_COMPANY
record:r079_005,model:arcee_ai_trinity_large_preview_free,GENERATED_BY_MODEL
record:r079_005,prompt:tone_few_shot_indonesian_md,USED_PROMPT
record:r079_005,aspect:roadmap_manajemen_karbon_2050,HAS_ASPECT
record:r079_005,esgpillar:e,HAS_PILLAR
record:r079_005,tone:commitment,HAS_TONE
record:r079_005,sentiment:neutral,HAS_SENTIMENT
record:r079_005,climatelabel:climate_commitment,HAS_CLIMATE_LABEL
record:r079_005,climatelabel:strategy,HAS_CLIMATE_LABEL
record:r079_006,company:20250526113828_2025_05_26ptba_laporan_berkelanjutan113825,FROM_COMPANY
record:r079_006,model:arcee_ai_trinity_large_preview_free,GENERATED_BY_MODEL
record:r079_006,prompt:tone_few_shot_indonesian_md,USED_PROMPT
record:r079_006,aspect:pendekatan_manajemen_karbon,HAS_ASPECT
record:r079_006,esgpillar:e,HAS_PILLAR
record:r079_006,tone:commitment,HAS_TONE
record:r079_006,sentiment:neutral,HAS_SENTIMENT
record:r079_006,climatelabel:climate_commitment,HAS_CLIMATE_LABEL
record:r079_006,climatelabel:strategy,HAS_CLIMATE_LABEL
record:r079_007,company:20250526113828_2025_05_26ptba_laporan_berkelanjutan113825,FROM_COMPANY
record:r079_007,model:arcee_ai_trinity_large_preview_free,GENERATED_BY_MODEL
record:r079_007,prompt:tone_few_shot_indonesian_md,USED_PROMPT
record:r079_007,aspect:sosialisasi_kebijakan_antikorupsi,HAS_ASPECT
record:r079_007,esgpillar:g,HAS_PILLAR
record:r079_007,tone:action,HAS_TONE
record:r079_007,sentiment:neutral,HAS_SENTIMENT
record:r079_007,climatelabel:governance,HAS_CLIMATE_LABEL
record:r079_008,company:20250526113828_2025_05_26ptba_laporan_berkelanjutan113825,FROM_COMPANY
record:r079_008,model:arcee_ai_trinity_large_preview_free,GENERATED_BY_MODEL
record:r079_008,prompt:tone_few_shot_indonesian_md,USED_PROMPT
record:r079_008,aspect:sosialisasi_antikorupsi_untuk_komisaris_dan_direksi,HAS_ASPECT
record:r079_008,esgpillar:g,HAS_PILLAR
record:r079_008,tone:outcome,HAS_TONE
record:r079_008,sentiment:positive,HAS_SENTIMENT
record:r079_008,climatelabel:metrics,HAS_CLIMATE_LABEL
record:r079_008,climatelabel:governance,HAS_CLIMATE_LABEL
record:r079_009,company:20250526113828_2025_05_26ptba_laporan_berkelanjutan113825,FROM_COMPANY
record:r079_009,model:arcee_ai_trinity_large_preview_free,GENERATED_BY_MODEL
record:r079_009,prompt:tone_few_shot_indonesian_md,USED_PROMPT
record:r079_009,aspect:sosialisasi_antikorupsi_untuk_karyawan,HAS_ASPECT
record:r079_009,esgpillar:g,HAS_PILLAR
record:r079_009,tone:outcome,HAS_TONE
record:r079_009,sentiment:positive,HAS_SENTIMENT
record:r079_009,climatelabel:metrics,HAS_CLIMATE_LABEL
record:r079_009,climatelabel:governance,HAS_CLIMATE_LABEL
record:r079_010,company:20250526113828_2025_05_26ptba_laporan_berkelanjutan113825,FROM_COMPANY
record:r079_010,model:arcee_ai_trinity_large_preview_free,GENERATED_BY_MODEL
record:r079_010,prompt:tone_few_shot_indonesian_md,USED_PROMPT
record:r079_010,aspect:sosialisasi_antikorupsi_untuk_vendor,HAS_ASPECT
record:r079_010,esgpillar:g,HAS_PILLAR
record:r079_010,tone:outcome,HAS_TONE
record:r079_010,sentiment:positive,HAS_SENTIMENT
record:r079_010,climatelabel:governance,HAS_CLIMATE_LABEL
record:r079_011,company:20250526113828_2025_05_26ptba_laporan_berkelanjutan113825,FROM_COMPANY
record:r079_011,model:arcee_ai_trinity_large_preview_free,GENERATED_BY_MODEL
record:r079_011,prompt:tone_few_shot_indonesian_md,USED_PROMPT
record:r079_011,aspect:pelatihan_antikorupsi,HAS_ASPECT
record:r079_011,esgpillar:g,HAS_PILLAR
record:r079_011,tone:action,HAS_TONE
record:r079_011,sentiment:neutral,HAS_SENTIMENT
record:r079_011,climatelabel:governance,HAS_CLIMATE_LABEL
record:r079_012,company:20250526113828_2025_05_26ptba_laporan_berkelanjutan113825,FROM_COMPANY
record:r079_012,model:arcee_ai_trinity_large_preview_free,GENERATED_BY_MODEL
record:r079_012,prompt:tone_few_shot_indonesian_md,USED_PROMPT
record:r079_012,aspect:pelatihan_antikorupsi_untuk_komisaris_dan_direksi,HAS_ASPECT
record:r079_012,esgpillar:g,HAS_PILLAR
record:r079_012,tone:outcome,HAS_TONE
record:r079_012,sentiment:positive,HAS_SENTIMENT
record:r079_012,climatelabel:metrics,HAS_CLIMATE_LABEL
record:r079_012,climatelabel:governance,HAS_CLIMATE_LABEL
record:r079_013,company:20250526113828_2025_05_26ptba_laporan_berkelanjutan113825,FROM_COMPANY
record:r079_013,model:arcee_ai_trinity_large_preview_free,GENERATED_BY_MODEL
record:r079_013,prompt:tone_few_shot_indonesian_md,USED_PROMPT
record:r079_013,aspect:pelatihan_antikorupsi_untuk_karyawan,HAS_ASPECT
record:r079_013,esgpillar:g,HAS_PILLAR
record:r079_013,tone:outcome,HAS_TONE
record:r079_013,sentiment:neutral,HAS_SENTIMENT
record:r079_013,climatelabel:metrics,HAS_CLIMATE_LABEL
record:r079_013,climatelabel:governance,HAS_CLIMATE_LABEL
record:r080_000,company:vktr_ar_sr_2024,FROM_COMPANY
record:r080_000,model:arcee_ai_trinity_large_preview_free,GENERATED_BY_MODEL
record:r080_000,prompt:tone_chain_of_thought_english_md,USED_PROMPT
record:r080_000,aspect:climate_detection,HAS_ASPECT
record:r080_000,esgpillar:e,HAS_PILLAR
record:r080_000,tone:outcome,HAS_TONE
record:r080_000,sentiment:positive,HAS_SENTIMENT
record:r080_000,climatelabel:climate_d,HAS_CLIMATE_LABEL
record:r080_000,climatelabel:climate_commitment,HAS_CLIMATE_LABEL
record:r080_000,climatelabel:strategy,HAS_CLIMATE_LABEL
record:r080_000,climatelabel:opportunity,HAS_CLIMATE_LABEL
record:r080_001,company:vktr_ar_sr_2024,FROM_COMPANY
record:r080_001,model:arcee_ai_trinity_large_preview_free,GENERATED_BY_MODEL
record:r080_001,prompt:tone_chain_of_thought_english_md,USED_PROMPT
record:r080_001,aspect:climate_detection,HAS_ASPECT
record:r080_001,esgpillar:e,HAS_PILLAR
record:r080_001,tone:outcome,HAS_TONE
record:r080_001,sentiment:positive,HAS_SENTIMENT
record:r080_001,climatelabel:climate_d,HAS_CLIMATE_LABEL
record:r080_001,climatelabel:climate_commitment,HAS_CLIMATE_LABEL
record:r080_001,climatelabel:strategy,HAS_CLIMATE_LABEL
record:r080_001,climatelabel:opportunity,HAS_CLIMATE_LABEL
record:r080_002,company:vktr_ar_sr_2024,FROM_COMPANY
record:r080_002,model:arcee_ai_trinity_large_preview_free,GENERATED_BY_MODEL
record:r080_002,prompt:tone_chain_of_thought_english_md,USED_PROMPT
record:r080_002,aspect:climate_detection,HAS_ASPECT
record:r080_002,esgpillar:e,HAS_PILLAR
record:r080_002,tone:commitment,HAS_TONE
record:r080_002,sentiment:neutral,HAS_SENTIMENT
record:r080_002,climatelabel:climate_d,HAS_CLIMATE_LABEL
record:r080_002,climatelabel:climate_commitment,HAS_CLIMATE_LABEL
record:r080_002,climatelabel:strategy,HAS_CLIMATE_LABEL
record:r080_002,climatelabel:opportunity,HAS_CLIMATE_LABEL
record:r080_003,company:vktr_ar_sr_2024,FROM_COMPANY
record:r080_003,model:arcee_ai_trinity_large_preview_free,GENERATED_BY_MODEL
record:r080_003,prompt:tone_chain_of_thought_english_md,USED_PROMPT
record:r080_003,aspect:climate_detection,HAS_ASPECT
record:r080_003,esgpillar:e,HAS_PILLAR
record:r080_003,tone:commitment,HAS_TONE
record:r080_003,sentiment:neutral,HAS_SENTIMENT
record:r080_003,climatelabel:climate_d,HAS_CLIMATE_LABEL
record:r080_003,climatelabel:climate_commitment,HAS_CLIMATE_LABEL
record:r080_003,climatelabel:strategy,HAS_CLIMATE_LABEL
record:r080_003,climatelabel:opportunity,HAS_CLIMATE_LABEL
record:r080_004,company:vktr_ar_sr_2024,FROM_COMPANY
record:r080_004,model:arcee_ai_trinity_large_preview_free,GENERATED_BY_MODEL
record:r080_004,prompt:tone_chain_of_thought_english_md,USED_PROMPT
record:r080_004,aspect:climate_detection,HAS_ASPECT
record:r080_004,esgpillar:e,HAS_PILLAR
record:r080_004,tone:commitment,HAS_TONE
record:r080_004,sentiment:neutral,HAS_SENTIMENT
record:r080_004,climatelabel:climate_d,HAS_CLIMATE_LABEL
record:r080_004,climatelabel:climate_commitment,HAS_CLIMATE_LABEL
record:r080_004,climatelabel:strategy,HAS_CLIMATE_LABEL
record:r080_004,climatelabel:opportunity,HAS_CLIMATE_LABEL
record:r080_005,company:vktr_ar_sr_2024,FROM_COMPANY
record:r080_005,model:arcee_ai_trinity_large_preview_free,GENERATED_BY_MODEL
record:r080_005,prompt:tone_chain_of_thought_english_md,USED_PROMPT
record:r080_005,aspect:climate_detection,HAS_ASPECT
record:r080_005,esgpillar:e,HAS_PILLAR
record:r080_005,tone:commitment,HAS_TONE
record:r080_005,sentiment:neutral,HAS_SENTIMENT
record:r080_005,climatelabel:climate_d,HAS_CLIMATE_LABEL
record:r080_005,climatelabel:climate_commitment,HAS_CLIMATE_LABEL
record:r080_005,climatelabel:strategy,HAS_CLIMATE_LABEL
record:r080_005,climatelabel:opportunity,HAS_CLIMATE_LABEL
record:r080_006,company:vktr_ar_sr_2024,FROM_COMPANY
record:r080_006,model:arcee_ai_trinity_large_preview_free,GENERATED_BY_MODEL
record:r080_006,prompt:tone_chain_of_thought_english_md,USED_PROMPT
record:r080_006,aspect:none,HAS_ASPECT
record:r080_006,esgpillar:none,HAS_PILLAR
record:r080_006,tone:none,HAS_TONE
record:r080_006,sentiment:none,HAS_SENTIMENT
record:r080_006,climatelabel:none,HAS_CLIMATE_LABEL
record:r080_007,company:vktr_ar_sr_2024,FROM_COMPANY
record:r080_007,model:arcee_ai_trinity_large_preview_free,GENERATED_BY_MODEL
record:r080_007,prompt:tone_chain_of_thought_english_md,USED_PROMPT
record:r080_007,aspect:none,HAS_ASPECT
record:r080_007,esgpillar:none,HAS_PILLAR
record:r080_007,tone:none,HAS_TONE
record:r080_007,sentiment:none,HAS_SENTIMENT
record:r080_007,climatelabel:none,HAS_CLIMATE_LABEL
record:r080_008,company:vktr_ar_sr_2024,FROM_COMPANY
record:r080_008,model:arcee_ai_trinity_large_preview_free,GENERATED_BY_MODEL
record:r080_008,prompt:tone_chain_of_thought_english_md,USED_PROMPT
record:r080_008,aspect:climate_detection,HAS_ASPECT
record:r080_008,esgpillar:e,HAS_PILLAR
record:r080_008,tone:commitment,HAS_TONE
record:r080_008,sentiment:neutral,HAS_SENTIMENT
record:r080_008,climatelabel:climate_d,HAS_CLIMATE_LABEL
record:r080_008,climatelabel:climate_commitment,HAS_CLIMATE_LABEL
record:r080_008,climatelabel:strategy,HAS_CLIMATE_LABEL
record:r080_008,climatelabel:opportunity,HAS_CLIMATE_LABEL
record:r081_000,company:ar_sr_gtra_2024,FROM_COMPANY
record:r081_000,model:arcee_ai_trinity_large_preview_free,GENERATED_BY_MODEL
record:r081_000,prompt:tone_zero_shot_english_md,USED_PROMPT
record:r081_000,aspect:climate_detection,HAS_ASPECT
record:r081_000,esgpillar:e,HAS_PILLAR
record:r081_000,tone:outcome,HAS_TONE
record:r081_000,sentiment:negative,HAS_SENTIMENT
record:r081_000,climatelabel:climate_d,HAS_CLIMATE_LABEL
record:r081_000,climatelabel:climate_sentiment,HAS_CLIMATE_LABEL
record:r081_000,climatelabel:climate_s,HAS_CLIMATE_LABEL
record:r081_001,company:ar_sr_gtra_2024,FROM_COMPANY
record:r081_001,model:arcee_ai_trinity_large_preview_free,GENERATED_BY_MODEL
record:r081_001,prompt:tone_zero_shot_english_md,USED_PROMPT
record:r081_001,aspect:economic_resilience,HAS_ASPECT
record:r081_001,esgpillar:s,HAS_PILLAR
record:r081_001,tone:outcome,HAS_TONE
record:r081_001,sentiment:positive,HAS_SENTIMENT
record:r081_001,climatelabel:metrics,HAS_CLIMATE_LABEL
record:r081_002,company:ar_sr_gtra_2024,FROM_COMPANY
record:r081_002,model:arcee_ai_trinity_large_preview_free,GENERATED_BY_MODEL
record:r081_002,prompt:tone_zero_shot_english_md,USED_PROMPT
record:r081_002,aspect:economic_growth,HAS_ASPECT
record:r081_002,esgpillar:s,HAS_PILLAR
record:r081_002,tone:outcome,HAS_TONE
record:r081_002,sentiment:positive,HAS_SENTIMENT
record:r081_002,climatelabel:metrics,HAS_CLIMATE_LABEL
record:r081_003,company:ar_sr_gtra_2024,FROM_COMPANY
record:r081_003,model:arcee_ai_trinity_large_preview_free,GENERATED_BY_MODEL
record:r081_003,prompt:tone_zero_shot_english_md,USED_PROMPT
record:r081_003,aspect:strategic_adaptation,HAS_ASPECT
record:r081_003,esgpillar:g,HAS_PILLAR
record:r081_003,tone:commitment,HAS_TONE
record:r081_003,sentiment:neutral,HAS_SENTIMENT
record:r081_003,climatelabel:strategy,HAS_CLIMATE_LABEL
record:r081_003,climatelabel:climate_commitment,HAS_CLIMATE_LABEL
record:r081_004,company:ar_sr_gtra_2024,FROM_COMPANY
record:r081_004,model:arcee_ai_trinity_large_preview_free,GENERATED_BY_MODEL
record:r081_004,prompt:tone_zero_shot_english_md,USED_PROMPT
record:r081_004,aspect:sustainable_expansion,HAS_ASPECT
record:r081_004,esgpillar:g,HAS_PILLAR
record:r081_004,tone:commitment,HAS_TONE
record:r081_004,sentiment:neutral,HAS_SENTIMENT
record:r081_004,climatelabel:strategy,HAS_CLIMATE_LABEL
record:r081_004,climatelabel:climate_commitment,HAS_CLIMATE_LABEL
record:r084_000,company:best_sr_2024,FROM_COMPANY
record:r084_000,model:arcee_ai_trinity_large_preview_free,GENERATED_BY_MODEL
record:r084_000,prompt:tone_chain_of_thought_english_md,USED_PROMPT
record:r084_000,aspect:climate_detection,HAS_ASPECT
record:r084_000,esgpillar:e,HAS_PILLAR
record:r084_000,tone:commitment,HAS_TONE
record:r084_000,sentiment:neutral,HAS_SENTIMENT
record:r084_000,climatelabel:climate_d,HAS_CLIMATE_LABEL
record:r084_000,climatelabel:climate_commitment,HAS_CLIMATE_LABEL
record:r084_000,climatelabel:netzero_reduction,HAS_CLIMATE_LABEL
record:r084_000,climatelabel:environmental_claims,HAS_CLIMATE_LABEL
record:r084_001,company:best_sr_2024,FROM_COMPANY
record:r084_001,model:arcee_ai_trinity_large_preview_free,GENERATED_BY_MODEL
record:r084_001,prompt:tone_chain_of_thought_english_md,USED_PROMPT
record:r084_001,aspect:climate_detection,HAS_ASPECT
record:r084_001,esgpillar:e,HAS_PILLAR
record:r084_001,tone:commitment,HAS_TONE
record:r084_001,sentiment:neutral,HAS_SENTIMENT
record:r084_001,climatelabel:climate_d,HAS_CLIMATE_LABEL
record:r084_001,climatelabel:climate_commitment,HAS_CLIMATE_LABEL
record:r084_001,climatelabel:environmental_claims,HAS_CLIMATE_LABEL
record:r084_002,company:best_sr_2024,FROM_COMPANY
record:r084_002,model:arcee_ai_trinity_large_preview_free,GENERATED_BY_MODEL
record:r084_002,prompt:tone_chain_of_thought_english_md,USED_PROMPT
record:r084_002,aspect:climate_detection,HAS_ASPECT
record:r084_002,esgpillar:e,HAS_PILLAR
record:r084_002,tone:commitment,HAS_TONE
record:r084_002,sentiment:neutral,HAS_SENTIMENT
record:r084_002,climatelabel:climate_d,HAS_CLIMATE_LABEL
record:r084_002,climatelabel:climate_commitment,HAS_CLIMATE_LABEL
record:r084_002,climatelabel:environmental_claims,HAS_CLIMATE_LABEL
record:r084_003,company:best_sr_2024,FROM_COMPANY
record:r084_003,model:arcee_ai_trinity_large_preview_free,GENERATED_BY_MODEL
record:r084_003,prompt:tone_chain_of_thought_english_md,USED_PROMPT
record:r084_003,aspect:climate_detection,HAS_ASPECT
record:r084_003,esgpillar:e,HAS_PILLAR
record:r084_003,tone:commitment,HAS_TONE
record:r084_003,sentiment:neutral,HAS_SENTIMENT
record:r084_003,climatelabel:climate_d,HAS_CLIMATE_LABEL
record:r084_003,climatelabel:climate_commitment,HAS_CLIMATE_LABEL
record:r084_003,climatelabel:environmental_claims,HAS_CLIMATE_LABEL
record:r084_004,company:best_sr_2024,FROM_COMPANY
record:r084_004,model:arcee_ai_trinity_large_preview_free,GENERATED_BY_MODEL
record:r084_004,prompt:tone_chain_of_thought_english_md,USED_PROMPT
record:r084_004,aspect:climate_detection,HAS_ASPECT
record:r084_004,esgpillar:e,HAS_PILLAR
record:r084_004,tone:commitment,HAS_TONE
record:r084_004,sentiment:neutral,HAS_SENTIMENT
record:r084_004,climatelabel:climate_d,HAS_CLIMATE_LABEL
record:r084_004,climatelabel:climate_commitment,HAS_CLIMATE_LABEL
record:r084_004,climatelabel:environmental_claims,HAS_CLIMATE_LABEL
record:r084_005,company:best_sr_2024,FROM_COMPANY
record:r084_005,model:arcee_ai_trinity_large_preview_free,GENERATED_BY_MODEL
record:r084_005,prompt:tone_chain_of_thought_english_md,USED_PROMPT
record:r084_005,aspect:climate_detection,HAS_ASPECT
record:r084_005,esgpillar:e,HAS_PILLAR
record:r084_005,tone:commitment,HAS_TONE
record:r084_005,sentiment:neutral,HAS_SENTIMENT
record:r084_005,climatelabel:climate_d,HAS_CLIMATE_LABEL
record:r084_005,climatelabel:climate_commitment,HAS_CLIMATE_LABEL
record:r084_005,climatelabel:environmental_claims,HAS_CLIMATE_LABEL
record:r084_006,company:best_sr_2024,FROM_COMPANY
record:r084_006,model:arcee_ai_trinity_large_preview_free,GENERATED_BY_MODEL
record:r084_006,prompt:tone_chain_of_thought_english_md,USED_PROMPT
record:r084_006,aspect:climate_detection,HAS_ASPECT
record:r084_006,esgpillar:e,HAS_PILLAR
record:r084_006,tone:commitment,HAS_TONE
record:r084_006,sentiment:neutral,HAS_SENTIMENT
record:r084_006,climatelabel:climate_d,HAS_CLIMATE_LABEL
record:r084_006,climatelabel:climate_commitment,HAS_CLIMATE_LABEL
record:r084_006,climatelabel:environmental_claims,HAS_CLIMATE_LABEL
record:r084_007,company:best_sr_2024,FROM_COMPANY
record:r084_007,model:arcee_ai_trinity_large_preview_free,GENERATED_BY_MODEL
record:r084_007,prompt:tone_chain_of_thought_english_md,USED_PROMPT
record:r084_007,aspect:climate_detection,HAS_ASPECT
record:r084_007,esgpillar:e,HAS_PILLAR
record:r084_007,tone:commitment,HAS_TONE
record:r084_007,sentiment:neutral,HAS_SENTIMENT
record:r084_007,climatelabel:climate_d,HAS_CLIMATE_LABEL
record:r084_007,climatelabel:climate_commitment,HAS_CLIMATE_LABEL
record:r084_007,climatelabel:environmental_claims,HAS_CLIMATE_LABEL
record:r084_008,company:best_sr_2024,FROM_COMPANY
record:r084_008,model:arcee_ai_trinity_large_preview_free,GENERATED_BY_MODEL
record:r084_008,prompt:tone_chain_of_thought_english_md,USED_PROMPT
record:r084_008,aspect:climate_detection,HAS_ASPECT
record:r084_008,esgpillar:e,HAS_PILLAR
record:r084_008,tone:commitment,HAS_TONE
record:r084_008,sentiment:neutral,HAS_SENTIMENT
record:r084_008,climatelabel:climate_d,HAS_CLIMATE_LABEL
record:r084_008,climatelabel:climate_commitment,HAS_CLIMATE_LABEL
record:r084_008,climatelabel:environmental_claims,HAS_CLIMATE_LABEL
record:r084_009,company:best_sr_2024,FROM_COMPANY
record:r084_009,model:arcee_ai_trinity_large_preview_free,GENERATED_BY_MODEL
record:r084_009,prompt:tone_chain_of_thought_english_md,USED_PROMPT
record:r084_009,aspect:climate_detection,HAS_ASPECT
record:r084_009,esgpillar:e,HAS_PILLAR
record:r084_009,tone:commitment,HAS_TONE
record:r084_009,sentiment:neutral,HAS_SENTIMENT
record:r084_009,climatelabel:climate_d,HAS_CLIMATE_LABEL
record:r084_009,climatelabel:climate_commitment,HAS_CLIMATE_LABEL
record:r084_009,climatelabel:environmental_claims,HAS_CLIMATE_LABEL
record:r084_010,company:best_sr_2024,FROM_COMPANY
record:r084_010,model:arcee_ai_trinity_large_preview_free,GENERATED_BY_MODEL
record:r084_010,prompt:tone_chain_of_thought_english_md,USED_PROMPT
record:r084_010,aspect:climate_detection,HAS_ASPECT
record:r084_010,esgpillar:e,HAS_PILLAR
record:r084_010,tone:commitment,HAS_TONE
record:r084_010,sentiment:neutral,HAS_SENTIMENT
record:r084_010,climatelabel:climate_d,HAS_CLIMATE_LABEL
record:r084_010,climatelabel:climate_commitment,HAS_CLIMATE_LABEL
record:r084_010,climatelabel:environmental_claims,HAS_CLIMATE_LABEL
record:r084_011,company:best_sr_2024,FROM_COMPANY
record:r084_011,model:arcee_ai_trinity_large_preview_free,GENERATED_BY_MODEL
record:r084_011,prompt:tone_chain_of_thought_english_md,USED_PROMPT
record:r084_011,aspect:climate_detection,HAS_ASPECT
record:r084_011,esgpillar:e,HAS_PILLAR
record:r084_011,tone:commitment,HAS_TONE
record:r084_011,sentiment:neutral,HAS_SENTIMENT
record:r084_011,climatelabel:climate_d,HAS_CLIMATE_LABEL
record:r084_011,climatelabel:climate_commitment,HAS_CLIMATE_LABEL
record:r084_011,climatelabel:environmental_claims,HAS_CLIMATE_LABEL
record:r084_012,company:best_sr_2024,FROM_COMPANY
record:r084_012,model:arcee_ai_trinity_large_preview_free,GENERATED_BY_MODEL
record:r084_012,prompt:tone_chain_of_thought_english_md,USED_PROMPT
record:r084_012,aspect:climate_detection,HAS_ASPECT
record:r084_012,esgpillar:e,HAS_PILLAR
record:r084_012,tone:commitment,HAS_TONE
record:r084_012,sentiment:neutral,HAS_SENTIMENT
record:r084_012,climatelabel:climate_d,HAS_CLIMATE_LABEL
record:r084_012,climatelabel:climate_commitment,HAS_CLIMATE_LABEL
record:r084_012,climatelabel:environmental_claims,HAS_CLIMATE_LABEL
record:r084_013,company:best_sr_2024,FROM_COMPANY
record:r084_013,model:arcee_ai_trinity_large_preview_free,GENERATED_BY_MODEL
record:r084_013,prompt:tone_chain_of_thought_english_md,USED_PROMPT
record:r084_013,aspect:climate_detection,HAS_ASPECT
record:r084_013,esgpillar:e,HAS_PILLAR
record:r084_013,tone:commitment,HAS_TONE
record:r084_013,sentiment:neutral,HAS_SENTIMENT
record:r084_013,climatelabel:climate_d,HAS_CLIMATE_LABEL
record:r084_013,climatelabel:climate_commitment,HAS_CLIMATE_LABEL
record:r084_013,climatelabel:environmental_claims,HAS_CLIMATE_LABEL
record:r084_014,company:best_sr_2024,FROM_COMPANY
record:r084_014,model:arcee_ai_trinity_large_preview_free,GENERATED_BY_MODEL
record:r084_014,prompt:tone_chain_of_thought_english_md,USED_PROMPT
record:r084_014,aspect:climate_detection,HAS_ASPECT
record:r084_014,esgpillar:e,HAS_PILLAR
record:r084_014,tone:commitment,HAS_TONE
record:r084_014,sentiment:neutral,HAS_SENTIMENT
record:r084_014,climatelabel:climate_d,HAS_CLIMATE_LABEL
record:r084_014,climatelabel:climate_commitment,HAS_CLIMATE_LABEL
record:r084_014,climatelabel:environmental_claims,HAS_CLIMATE_LABEL
record:r084_015,company:best_sr_2024,FROM_COMPANY
record:r084_015,model:arcee_ai_trinity_large_preview_free,GENERATED_BY_MODEL
record:r084_015,prompt:tone_chain_of_thought_english_md,USED_PROMPT
record:r084_015,aspect:climate_detection,HAS_ASPECT
record:r084_015,esgpillar:e,HAS_PILLAR
record:r084_015,tone:commitment,HAS_TONE
record:r084_015,sentiment:neutral,HAS_SENTIMENT
record:r084_015,climatelabel:climate_d,HAS_CLIMATE_LABEL
record:r084_015,climatelabel:climate_commitment,HAS_CLIMATE_LABEL
record:r084_015,climatelabel:environmental_claims,HAS_CLIMATE_LABEL
record:r084_016,company:best_sr_2024,FROM_COMPANY
record:r084_016,model:arcee_ai_trinity_large_preview_free,GENERATED_BY_MODEL
record:r084_016,prompt:tone_chain_of_thought_english_md,USED_PROMPT
record:r084_016,aspect:climate_detection,HAS_ASPECT
record:r084_016,esgpillar:e,HAS_PILLAR
record:r084_016,tone:commitment,HAS_TONE
record:r084_016,sentiment:neutral,HAS_SENTIMENT
record:r084_016,climatelabel:climate_d,HAS_CLIMATE_LABEL
record:r084_016,climatelabel:climate_commitment,HAS_CLIMATE_LABEL
record:r084_016,climatelabel:environmental_claims,HAS_CLIMATE_LABEL
record:r084_017,company:best_sr_2024,FROM_COMPANY
record:r084_017,model:arcee_ai_trinity_large_preview_free,GENERATED_BY_MODEL
record:r084_017,prompt:tone_chain_of_thought_english_md,USED_PROMPT
record:r084_017,aspect:climate_detection,HAS_ASPECT
record:r084_017,esgpillar:e,HAS_PILLAR
record:r084_017,tone:commitment,HAS_TONE
record:r084_017,sentiment:neutral,HAS_SENTIMENT
record:r084_017,climatelabel:climate_d,HAS_CLIMATE_LABEL
record:r084_017,climatelabel:climate_commitment,HAS_CLIMATE_LABEL
record:r084_017,climatelabel:environmental_claims,HAS_CLIMATE_LABEL
record:r084_018,company:best_sr_2024,FROM_COMPANY
record:r084_018,model:arcee_ai_trinity_large_preview_free,GENERATED_BY_MODEL
record:r084_018,prompt:tone_chain_of_thought_english_md,USED_PROMPT
record:r084_018,aspect:climate_detection,HAS_ASPECT
record:r084_018,esgpillar:e,HAS_PILLAR
record:r084_018,tone:commitment,HAS_TONE
record:r084_018,sentiment:neutral,HAS_SENTIMENT
record:r084_018,climatelabel:climate_d,HAS_CLIMATE_LABEL
record:r084_018,climatelabel:climate_commitment,HAS_CLIMATE_LABEL
record:r084_018,climatelabel:environmental_claims,HAS_CLIMATE_LABEL
record:r084_019,company:best_sr_2024,FROM_COMPANY
record:r084_019,model:arcee_ai_trinity_large_preview_free,GENERATED_BY_MODEL
record:r084_019,prompt:tone_chain_of_thought_english_md,USED_PROMPT
record:r084_019,aspect:climate_detection,HAS_ASPECT
record:r084_019,esgpillar:e,HAS_PILLAR
record:r084_019,tone:commitment,HAS_TONE
record:r084_019,sentiment:neutral,HAS_SENTIMENT
record:r084_019,climatelabel:climate_d,HAS_CLIMATE_LABEL
record:r084_019,climatelabel:climate_commitment,HAS_CLIMATE_LABEL
record:r084_019,climatelabel:environmental_claims,HAS_CLIMATE_LABEL
record:r084_020,company:best_sr_2024,FROM_COMPANY
record:r084_020,model:arcee_ai_trinity_large_preview_free,GENERATED_BY_MODEL
record:r084_020,prompt:tone_chain_of_thought_english_md,USED_PROMPT
record:r084_020,aspect:climate_detection,HAS_ASPECT
record:r084_020,esgpillar:e,HAS_PILLAR
record:r084_020,tone:commitment,HAS_TONE
record:r084_020,sentiment:neutral,HAS_SENTIMENT
record:r084_020,climatelabel:climate_d,HAS_CLIMATE_LABEL
record:r084_020,climatelabel:climate_commitment,HAS_CLIMATE_LABEL
record:r084_020,climatelabel:environmental_claims,HAS_CLIMATE_LABEL
record:r084_021,company:best_sr_2024,FROM_COMPANY
record:r084_021,model:arcee_ai_trinity_large_preview_free,GENERATED_BY_MODEL
record:r084_021,prompt:tone_chain_of_thought_english_md,USED_PROMPT
record:r084_021,aspect:climate_detection,HAS_ASPECT
record:r084_021,esgpillar:e,HAS_PILLAR
record:r084_021,tone:commitment,HAS_TONE
record:r084_021,sentiment:neutral,HAS_SENTIMENT
record:r084_021,climatelabel:climate_d,HAS_CLIMATE_LABEL
record:r084_021,climatelabel:climate_commitment,HAS_CLIMATE_LABEL
record:r084_021,climatelabel:environmental_claims,HAS_CLIMATE_LABEL
record:r084_022,company:best_sr_2024,FROM_COMPANY
record:r084_022,model:arcee_ai_trinity_large_preview_free,GENERATED_BY_MODEL
record:r084_022,prompt:tone_chain_of_thought_english_md,USED_PROMPT
record:r084_022,aspect:climate_detection,HAS_ASPECT
record:r084_022,esgpillar:e,HAS_PILLAR
record:r084_022,tone:commitment,HAS_TONE
record:r084_022,sentiment:neutral,HAS_SENTIMENT
record:r084_022,climatelabel:climate_d,HAS_CLIMATE_LABEL
record:r084_022,climatelabel:climate_commitment,HAS_CLIMATE_LABEL
record:r084_022,climatelabel:environmental_claims,HAS_CLIMATE_LABEL
record:r084_023,company:best_sr_2024,FROM_COMPANY
record:r084_023,model:arcee_ai_trinity_large_preview_free,GENERATED_BY_MODEL
record:r084_023,prompt:tone_chain_of_thought_english_md,USED_PROMPT
record:r084_023,aspect:climate_detection,HAS_ASPECT
record:r084_023,esgpillar:e,HAS_PILLAR
record:r084_023,tone:commitment,HAS_TONE
record:r084_023,sentiment:neutral,HAS_SENTIMENT
record:r084_023,climatelabel:climate_d,HAS_CLIMATE_LABEL
record:r084_023,climatelabel:climate_commitment,HAS_CLIMATE_LABEL
record:r084_023,climatelabel:environmental_claims,HAS_CLIMATE_LABEL
record:r084_024,company:best_sr_2024,FROM_COMPANY
record:r084_024,model:arcee_ai_trinity_large_preview_free,GENERATED_BY_MODEL
record:r084_024,prompt:tone_chain_of_thought_english_md,USED_PROMPT
record:r084_024,aspect:climate_detection,HAS_ASPECT
record:r084_024,esgpillar:e,HAS_PILLAR
record:r084_024,tone:commitment,HAS_TONE
record:r084_024,sentiment:neutral,HAS_SENTIMENT
record:r084_024,climatelabel:climate_d,HAS_CLIMATE_LABEL
record:r084_024,climatelabel:climate_commitment,HAS_CLIMATE_LABEL
record:r084_024,climatelabel:environmental_claims,HAS_CLIMATE_LABEL
record:r084_025,company:best_sr_2024,FROM_COMPANY
record:r084_025,model:arcee_ai_trinity_large_preview_free,GENERATED_BY_MODEL
record:r084_025,prompt:tone_chain_of_thought_english_md,USED_PROMPT
record:r084_025,aspect:climate_detection,HAS_ASPECT
record:r084_025,esgpillar:e,HAS_PILLAR
record:r084_025,tone:commitment,HAS_TONE
record:r084_025,sentiment:neutral,HAS_SENTIMENT
record:r084_025,climatelabel:climate_d,HAS_CLIMATE_LABEL
record:r084_025,climatelabel:climate_commitment,HAS_CLIMATE_LABEL
record:r084_025,climatelabel:environmental_claims,HAS_CLIMATE_LABEL
record:r084_026,company:best_sr_2024,FROM_COMPANY
record:r084_026,model:arcee_ai_trinity_large_preview_free,GENERATED_BY_MODEL
record:r084_026,prompt:tone_chain_of_thought_english_md,USED_PROMPT
record:r084_026,aspect:climate_detection,HAS_ASPECT
record:r084_026,esgpillar:e,HAS_PILLAR
record:r084_026,tone:commitment,HAS_TONE
record:r084_026,sentiment:neutral,HAS_SENTIMENT
record:r084_026,climatelabel:climate_d,HAS_CLIMATE_LABEL
record:r084_026,climatelabel:climate_commitment,HAS_CLIMATE_LABEL
record:r084_026,climatelabel:environmental_claims,HAS_CLIMATE_LABEL
record:r084_027,company:best_sr_2024,FROM_COMPANY
record:r084_027,model:arcee_ai_trinity_large_preview_free,GENERATED_BY_MODEL
record:r084_027,prompt:tone_chain_of_thought_english_md,USED_PROMPT
record:r084_027,aspect:climate_detection,HAS_ASPECT
record:r084_027,esgpillar:e,HAS_PILLAR
record:r084_027,tone:commitment,HAS_TONE
record:r084_027,sentiment:neutral,HAS_SENTIMENT
record:r084_027,climatelabel:climate_d,HAS_CLIMATE_LABEL
record:r084_027,climatelabel:climate_commitment,HAS_CLIMATE_LABEL
record:r084_027,climatelabel:environmental_claims,HAS_CLIMATE_LABEL
record:r084_028,company:best_sr_2024,FROM_COMPANY
record:r084_028,model:arcee_ai_trinity_large_preview_free,GENERATED_BY_MODEL
record:r084_028,prompt:tone_chain_of_thought_english_md,USED_PROMPT
record:r084_028,aspect:climate_detection,HAS_ASPECT
record:r084_028,esgpillar:e,HAS_PILLAR
record:r084_028,tone:commitment,HAS_TONE
record:r084_028,sentiment:neutral,HAS_SENTIMENT
record:r084_028,climatelabel:climate_d,HAS_CLIMATE_LABEL
record:r084_028,climatelabel:climate_commitment,HAS_CLIMATE_LABEL
record:r084_028,climatelabel:environmental_claims,HAS_CLIMATE_LABEL
record:r084_029,company:best_sr_2024,FROM_COMPANY
record:r084_029,model:arcee_ai_trinity_large_preview_free,GENERATED_BY_MODEL
record:r084_029,prompt:tone_chain_of_thought_english_md,USED_PROMPT
record:r084_029,aspect:climate_detection,HAS_ASPECT
record:r084_029,esgpillar:e,HAS_PILLAR
record:r084_029,tone:commitment,HAS_TONE
record:r084_029,sentiment:neutral,HAS_SENTIMENT
record:r084_029,climatelabel:climate_d,HAS_CLIMATE_LABEL
record:r084_029,climatelabel:climate_commitment,HAS_CLIMATE_LABEL
record:r084_029,climatelabel:environmental_claims,HAS_CLIMATE_LABEL
record:r085_000,company:vktr_ar_sr_2024,FROM_COMPANY
record:r085_000,model:arcee_ai_trinity_large_preview_free,GENERATED_BY_MODEL
record:r085_000,prompt:tone_chain_of_thought_indonesian_md,USED_PROMPT
record:r085_000,aspect:climate,HAS_ASPECT
record:r085_000,esgpillar:e,HAS_PILLAR
record:r085_000,tone:commitment,HAS_TONE
record:r085_000,sentiment:neutral,HAS_SENTIMENT
record:r085_000,climatelabel:climate_detection,HAS_CLIMATE_LABEL
record:r085_000,climatelabel:climate_d,HAS_CLIMATE_LABEL
record:r085_000,climatelabel:climate_specificity,HAS_CLIMATE_LABEL
record:r085_000,climatelabel:climate_commitment,HAS_CLIMATE_LABEL
record:r085_000,climatelabel:climate_sentiment,HAS_CLIMATE_LABEL
record:r085_000,climatelabel:climate_s,HAS_CLIMATE_LABEL
record:r085_001,company:vktr_ar_sr_2024,FROM_COMPANY
record:r085_001,model:arcee_ai_trinity_large_preview_free,GENERATED_BY_MODEL
record:r085_001,prompt:tone_chain_of_thought_indonesian_md,USED_PROMPT
record:r085_001,aspect:environmental_claims,HAS_ASPECT
record:r085_001,esgpillar:e,HAS_PILLAR
record:r085_001,tone:outcome,HAS_TONE
record:r085_001,sentiment:positive,HAS_SENTIMENT
record:r085_001,climatelabel:climate_detection,HAS_CLIMATE_LABEL
record:r085_001,climatelabel:climate_d,HAS_CLIMATE_LABEL
record:r085_001,climatelabel:climate_specificity,HAS_CLIMATE_LABEL
record:r085_001,climatelabel:climate_commitment,HAS_CLIMATE_LABEL
record:r085_001,climatelabel:climate_sentiment,HAS_CLIMATE_LABEL
record:r085_001,climatelabel:climate_s,HAS_CLIMATE_LABEL
record:r085_002,company:vktr_ar_sr_2024,FROM_COMPANY
record:r085_002,model:arcee_ai_trinity_large_preview_free,GENERATED_BY_MODEL
record:r085_002,prompt:tone_chain_of_thought_indonesian_md,USED_PROMPT
record:r085_002,aspect:climate,HAS_ASPECT
record:r085_002,esgpillar:e,HAS_PILLAR
record:r085_002,tone:commitment,HAS_TONE
record:r085_002,sentiment:neutral,HAS_SENTIMENT
record:r085_002,climatelabel:climate_detection,HAS_CLIMATE_LABEL
record:r085_002,climatelabel:climate_d,HAS_CLIMATE_LABEL
record:r085_002,climatelabel:climate_specificity,HAS_CLIMATE_LABEL
record:r085_002,climatelabel:climate_commitment,HAS_CLIMATE_LABEL
record:r085_002,climatelabel:climate_sentiment,HAS_CLIMATE_LABEL
record:r085_002,climatelabel:climate_s,HAS_CLIMATE_LABEL
record:r085_003,company:vktr_ar_sr_2024,FROM_COMPANY
record:r085_003,model:arcee_ai_trinity_large_preview_free,GENERATED_BY_MODEL
record:r085_003,prompt:tone_chain_of_thought_indonesian_md,USED_PROMPT
record:r085_003,aspect:environmental_claims,HAS_ASPECT
record:r085_003,esgpillar:e,HAS_PILLAR
record:r085_003,tone:commitment,HAS_TONE
record:r085_003,sentiment:neutral,HAS_SENTIMENT
record:r085_003,climatelabel:climate_detection,HAS_CLIMATE_LABEL
record:r085_003,climatelabel:climate_d,HAS_CLIMATE_LABEL
record:r085_003,climatelabel:climate_specificity,HAS_CLIMATE_LABEL
record:r085_003,climatelabel:climate_commitment,HAS_CLIMATE_LABEL
record:r085_003,climatelabel:climate_sentiment,HAS_CLIMATE_LABEL
record:r085_003,climatelabel:climate_s,HAS_CLIMATE_LABEL
record:r088_000,company:20250526113828_2025_05_26ptba_laporan_berkelanjutan113825,FROM_COMPANY
record:r088_000,model:arcee_ai_trinity_large_preview_free,GENERATED_BY_MODEL
record:r088_000,prompt:tone_chain_of_thought_indonesian_md,USED_PROMPT
record:r088_000,aspect:climate_commitment,HAS_ASPECT
record:r088_000,esgpillar:e,HAS_PILLAR
record:r088_000,tone:commitment,HAS_TONE
record:r088_000,sentiment:neutral,HAS_SENTIMENT
record:r088_000,climatelabel:climate_commitment,HAS_CLIMATE_LABEL
record:r088_000,climatelabel:climate_d,HAS_CLIMATE_LABEL
record:r088_000,climatelabel:climate_specificity,HAS_CLIMATE_LABEL
record:r088_001,company:20250526113828_2025_05_26ptba_laporan_berkelanjutan113825,FROM_COMPANY
record:r088_001,model:arcee_ai_trinity_large_preview_free,GENERATED_BY_MODEL
record:r088_001,prompt:tone_chain_of_thought_indonesian_md,USED_PROMPT
record:r088_001,aspect:climate_action,HAS_ASPECT
record:r088_001,esgpillar:e,HAS_PILLAR
record:r088_001,tone:action,HAS_TONE
record:r088_001,sentiment:neutral,HAS_SENTIMENT
record:r088_001,climatelabel:climate_d,HAS_CLIMATE_LABEL
record:r088_001,climatelabel:climate_specificity,HAS_CLIMATE_LABEL
record:r088_001,climatelabel:climate_action,HAS_CLIMATE_LABEL
record:r088_002,company:20250526113828_2025_05_26ptba_laporan_berkelanjutan113825,FROM_COMPANY
record:r088_002,model:arcee_ai_trinity_large_preview_free,GENERATED_BY_MODEL
record:r088_002,prompt:tone_chain_of_thought_indonesian_md,USED_PROMPT
record:r088_002,aspect:climate_action,HAS_ASPECT
record:r088_002,esgpillar:e,HAS_PILLAR
record:r088_002,tone:action,HAS_TONE
record:r088_002,sentiment:neutral,HAS_SENTIMENT
record:r088_002,climatelabel:climate_d,HAS_CLIMATE_LABEL
record:r088_002,climatelabel:climate_specificity,HAS_CLIMATE_LABEL
record:r088_002,climatelabel:climate_action,HAS_CLIMATE_LABEL
record:r088_003,company:20250526113828_2025_05_26ptba_laporan_berkelanjutan113825,FROM_COMPANY
record:r088_003,model:arcee_ai_trinity_large_preview_free,GENERATED_BY_MODEL
record:r088_003,prompt:tone_chain_of_thought_indonesian_md,USED_PROMPT
record:r088_003,aspect:netzero_reduction,HAS_ASPECT
record:r088_003,esgpillar:e,HAS_PILLAR
record:r088_003,tone:commitment,HAS_TONE
record:r088_003,sentiment:neutral,HAS_SENTIMENT
record:r088_003,climatelabel:netzero_reduction,HAS_CLIMATE_LABEL
record:r088_003,climatelabel:climate_commitment,HAS_CLIMATE_LABEL
record:r088_003,climatelabel:climate_f,HAS_CLIMATE_LABEL
record:r088_004,company:20250526113828_2025_05_26ptba_laporan_berkelanjutan113825,FROM_COMPANY
record:r088_004,model:arcee_ai_trinity_large_preview_free,GENERATED_BY_MODEL
record:r088_004,prompt:tone_chain_of_thought_indonesian_md,USED_PROMPT
record:r088_004,aspect:climate_strategy,HAS_ASPECT
record:r088_004,esgpillar:e,HAS_PILLAR
record:r088_004,tone:commitment,HAS_TONE
record:r088_004,sentiment:neutral,HAS_SENTIMENT
record:r088_004,climatelabel:climate_strategy,HAS_CLIMATE_LABEL
record:r088_004,climatelabel:climate_d,HAS_CLIMATE_LABEL
record:r088_004,climatelabel:climate_specificity,HAS_CLIMATE_LABEL
record:r088_005,company:20250526113828_2025_05_26ptba_laporan_berkelanjutan113825,FROM_COMPANY
record:r088_005,model:arcee_ai_trinity_large_preview_free,GENERATED_BY_MODEL
record:r088_005,prompt:tone_chain_of_thought_indonesian_md,USED_PROMPT
record:r088_005,aspect:governance,HAS_ASPECT
record:r088_005,esgpillar:g,HAS_PILLAR
record:r088_005,tone:commitment,HAS_TONE
record:r088_005,sentiment:neutral,HAS_SENTIMENT
record:r088_005,climatelabel:governance,HAS_CLIMATE_LABEL
record:r088_005,climatelabel:environmental_claims,HAS_CLIMATE_LABEL
record:r088_006,company:20250526113828_2025_05_26ptba_laporan_berkelanjutan113825,FROM_COMPANY
record:r088_006,model:arcee_ai_trinity_large_preview_free,GENERATED_BY_MODEL
record:r088_006,prompt:tone_chain_of_thought_indonesian_md,USED_PROMPT
record:r088_006,aspect:governance,HAS_ASPECT
record:r088_006,esgpillar:g,HAS_PILLAR
record:r088_006,tone:commitment,HAS_TONE
record:r088_006,sentiment:neutral,HAS_SENTIMENT
record:r088_006,climatelabel:governance,HAS_CLIMATE_LABEL
record:r088_006,climatelabel:environmental_claims,HAS_CLIMATE_LABEL
record:r088_007,company:20250526113828_2025_05_26ptba_laporan_berkelanjutan113825,FROM_COMPANY
record:r088_007,model:arcee_ai_trinity_large_preview_free,GENERATED_BY_MODEL
record:r088_007,prompt:tone_chain_of_thought_indonesian_md,USED_PROMPT
record:r088_007,aspect:governance,HAS_ASPECT
record:r088_007,esgpillar:g,HAS_PILLAR
record:r088_007,tone:commitment,HAS_TONE
record:r088_007,sentiment:neutral,HAS_SENTIMENT
record:r088_007,climatelabel:governance,HAS_CLIMATE_LABEL
record:r088_007,climatelabel:environmental_claims,HAS_CLIMATE_LABEL
record:r088_008,company:20250526113828_2025_05_26ptba_laporan_berkelanjutan113825,FROM_COMPANY
record:r088_008,model:arcee_ai_trinity_large_preview_free,GENERATED_BY_MODEL
record:r088_008,prompt:tone_chain_of_thought_indonesian_md,USED_PROMPT
record:r088_008,aspect:governance,HAS_ASPECT
record:r088_008,esgpillar:g,HAS_PILLAR
record:r088_008,tone:commitment,HAS_TONE
record:r088_008,sentiment:neutral,HAS_SENTIMENT
record:r088_008,climatelabel:governance,HAS_CLIMATE_LABEL
record:r088_008,climatelabel:environmental_claims,HAS_CLIMATE_LABEL
record:r088_009,company:20250526113828_2025_05_26ptba_laporan_berkelanjutan113825,FROM_COMPANY
record:r088_009,model:arcee_ai_trinity_large_preview_free,GENERATED_BY_MODEL
record:r088_009,prompt:tone_chain_of_thought_indonesian_md,USED_PROMPT
record:r088_009,aspect:governance,HAS_ASPECT
record:r088_009,esgpillar:g,HAS_PILLAR
record:r088_009,tone:commitment,HAS_TONE
record:r088_009,sentiment:neutral,HAS_SENTIMENT
record:r088_009,climatelabel:governance,HAS_CLIMATE_LABEL
record:r088_009,climatelabel:environmental_claims,HAS_CLIMATE_LABEL
record:r088_010,company:20250526113828_2025_05_26ptba_laporan_berkelanjutan113825,FROM_COMPANY
record:r088_010,model:arcee_ai_trinity_large_preview_free,GENERATED_BY_MODEL
record:r088_010,prompt:tone_chain_of_thought_indonesian_md,USED_PROMPT
record:r088_010,aspect:governance,HAS_ASPECT
record:r088_010,esgpillar:g,HAS_PILLAR
record:r088_010,tone:commitment,HAS_TONE
record:r088_010,sentiment:neutral,HAS_SENTIMENT
record:r088_010,climatelabel:governance,HAS_CLIMATE_LABEL
record:r088_010,climatelabel:environmental_claims,HAS_CLIMATE_LABEL
record:r088_011,company:20250526113828_2025_05_26ptba_laporan_berkelanjutan113825,FROM_COMPANY
record:r088_011,model:arcee_ai_trinity_large_preview_free,GENERATED_BY_MODEL
record:r088_011,prompt:tone_chain_of_thought_indonesian_md,USED_PROMPT
record:r088_011,aspect:governance,HAS_ASPECT
record:r088_011,esgpillar:g,HAS_PILLAR
record:r088_011,tone:commitment,HAS_TONE
record:r088_011,sentiment:neutral,HAS_SENTIMENT
record:r088_011,climatelabel:governance,HAS_CLIMATE_LABEL
record:r088_011,climatelabel:environmental_claims,HAS_CLIMATE_LABEL
record:r088_012,company:20250526113828_2025_05_26ptba_laporan_berkelanjutan113825,FROM_COMPANY
record:r088_012,model:arcee_ai_trinity_large_preview_free,GENERATED_BY_MODEL
record:r088_012,prompt:tone_chain_of_thought_indonesian_md,USED_PROMPT
record:r088_012,aspect:governance,HAS_ASPECT
record:r088_012,esgpillar:g,HAS_PILLAR
record:r088_012,tone:action,HAS_TONE
record:r088_012,sentiment:neutral,HAS_SENTIMENT
record:r088_012,climatelabel:governance,HAS_CLIMATE_LABEL
record:r088_012,climatelabel:risk,HAS_CLIMATE_LABEL
record:r090_000,company:indonet_annual_report_2022,FROM_COMPANY
record:r090_000,model:openai_gpt_oss_120b_free,GENERATED_BY_MODEL
record:r090_000,prompt:data_md,USED_PROMPT
record:r090_000,aspect:missing,HAS_ASPECT
record:r090_000,esgpillar:e,HAS_PILLAR
record:r090_000,tone:missing,HAS_TONE
record:r090_000,sentiment:commitment,HAS_SENTIMENT
record:r090_000,climatelabel:climate_commitment,HAS_CLIMATE_LABEL
record:r090_000,climatelabel:environmental_claims,HAS_CLIMATE_LABEL
record:r090_001,company:indonet_annual_report_2022,FROM_COMPANY
record:r090_001,model:openai_gpt_oss_120b_free,GENERATED_BY_MODEL
record:r090_001,prompt:data_md,USED_PROMPT
record:r090_001,aspect:missing,HAS_ASPECT
record:r090_001,esgpillar:none,HAS_PILLAR
record:r090_001,tone:missing,HAS_TONE
record:r090_001,sentiment:none,HAS_SENTIMENT
record:r090_001,climatelabel:none,HAS_CLIMATE_LABEL
record:r091_000,company:indonet_annual_report_2022,FROM_COMPANY
record:r091_000,model:openai_gpt_oss_120b_free,GENERATED_BY_MODEL
record:r091_000,prompt:data_md,USED_PROMPT
record:r091_000,aspect:missing,HAS_ASPECT
record:r091_000,esgpillar:e,HAS_PILLAR
record:r091_000,tone:missing,HAS_TONE
record:r091_000,sentiment:positive,HAS_SENTIMENT
record:r091_000,climatelabel:climate_commitment,HAS_CLIMATE_LABEL
record:r091_000,climatelabel:environmental_claims,HAS_CLIMATE_LABEL
record:r091_001,company:indonet_annual_report_2022,FROM_COMPANY
record:r091_001,model:openai_gpt_oss_120b_free,GENERATED_BY_MODEL
record:r091_001,prompt:data_md,USED_PROMPT
record:r091_001,aspect:missing,HAS_ASPECT
record:r091_001,esgpillar:g,HAS_PILLAR
record:r091_001,tone:missing,HAS_TONE
record:r091_001,sentiment:commitment,HAS_SENTIMENT
record:r091_001,climatelabel:governance,HAS_CLIMATE_LABEL
record:r091_001,climatelabel:strategy,HAS_CLIMATE_LABEL
record:r092_000,company:indonet_annual_report_2022,FROM_COMPANY
record:r092_000,model:openai_gpt_oss_120b_free,GENERATED_BY_MODEL
record:r092_000,prompt:data_md,USED_PROMPT
record:r092_000,aspect:missing,HAS_ASPECT
record:r092_000,esgpillar:e,HAS_PILLAR
record:r092_000,tone:missing,HAS_TONE
record:r092_000,sentiment:positive,HAS_SENTIMENT
record:r092_000,climatelabel:climate_commitment,HAS_CLIMATE_LABEL
record:r092_000,climatelabel:environmental_claims,HAS_CLIMATE_LABEL
record:r092_001,company:indonet_annual_report_2022,FROM_COMPANY
record:r092_001,model:openai_gpt_oss_120b_free,GENERATED_BY_MODEL
record:r092_001,prompt:data_md,USED_PROMPT
record:r092_001,aspect:missing,HAS_ASPECT
record:r092_001,esgpillar:g,HAS_PILLAR
record:r092_001,tone:missing,HAS_TONE
record:r092_001,sentiment:neutral,HAS_SENTIMENT
record:r092_001,climatelabel:governance,HAS_CLIMATE_LABEL
record:r093_000,company:indonet_annual_report_2022,FROM_COMPANY
record:r093_000,model:openai_gpt_oss_120b_free,GENERATED_BY_MODEL
record:r093_000,prompt:data_md,USED_PROMPT
record:r093_000,aspect:missing,HAS_ASPECT
record:r093_000,esgpillar:e,HAS_PILLAR
record:r093_000,tone:missing,HAS_TONE
record:r093_000,sentiment:positive,HAS_SENTIMENT
record:r093_000,climatelabel:climate_commitment,HAS_CLIMATE_LABEL
record:r093_000,climatelabel:environmental_claims,HAS_CLIMATE_LABEL
record:r094_000,company:indonet_annual_report_2022,FROM_COMPANY
record:r094_000,model:openai_gpt_oss_120b_free,GENERATED_BY_MODEL
record:r094_000,prompt:data_md,USED_PROMPT
record:r094_000,aspect:missing,HAS_ASPECT
record:r094_000,esgpillar:e,HAS_PILLAR
record:r094_000,tone:missing,HAS_TONE
record:r094_000,sentiment:commitment,HAS_SENTIMENT
record:r094_000,climatelabel:climate_commitment,HAS_CLIMATE_LABEL
record:r094_000,climatelabel:environmental_claims,HAS_CLIMATE_LABEL
record:r094_001,company:indonet_annual_report_2022,FROM_COMPANY
record:r094_001,model:openai_gpt_oss_120b_free,GENERATED_BY_MODEL
record:r094_001,prompt:data_md,USED_PROMPT
record:r094_001,aspect:missing,HAS_ASPECT
record:r094_001,esgpillar:e,HAS_PILLAR
record:r094_001,tone:missing,HAS_TONE
record:r094_001,sentiment:commitment,HAS_SENTIMENT
record:r094_001,climatelabel:opportunity,HAS_CLIMATE_LABEL
record:r094_001,climatelabel:strategy,HAS_CLIMATE_LABEL
record:r094_001,climatelabel:climate_commitment,HAS_CLIMATE_LABEL
record:r095_000,company:indonet_annual_report_2022,FROM_COMPANY
record:r095_000,model:openai_gpt_oss_120b_free,GENERATED_BY_MODEL
record:r095_000,prompt:data_md,USED_PROMPT
record:r095_000,aspect:missing,HAS_ASPECT
record:r095_000,esgpillar:e,HAS_PILLAR
record:r095_000,tone:missing,HAS_TONE
record:r095_000,sentiment:commitment,HAS_SENTIMENT
record:r095_000,climatelabel:climate_commitment,HAS_CLIMATE_LABEL
record:r095_000,climatelabel:environmental_claims,HAS_CLIMATE_LABEL
record:r095_001,company:indonet_annual_report_2022,FROM_COMPANY
record:r095_001,model:openai_gpt_oss_120b_free,GENERATED_BY_MODEL
record:r095_001,prompt:data_md,USED_PROMPT
record:r095_001,aspect:missing,HAS_ASPECT
record:r095_001,esgpillar:g,HAS_PILLAR
record:r095_001,tone:missing,HAS_TONE
record:r095_001,sentiment:positive,HAS_SENTIMENT
record:r095_001,climatelabel:governance,HAS_CLIMATE_LABEL
record:r095_001,climatelabel:strategy,HAS_CLIMATE_LABEL
record:r095_002,company:indonet_annual_report_2022,FROM_COMPANY
record:r095_002,model:openai_gpt_oss_120b_free,GENERATED_BY_MODEL
record:r095_002,prompt:data_md,USED_PROMPT
record:r095_002,aspect:missing,HAS_ASPECT
record:r095_002,esgpillar:g,HAS_PILLAR
record:r095_002,tone:missing,HAS_TONE
record:r095_002,sentiment:commitment,HAS_SENTIMENT
record:r095_002,climatelabel:opportunity,HAS_CLIMATE_LABEL
record:r095_002,climatelabel:strategy,HAS_CLIMATE_LABEL
record:r096_000,company:indonet_annual_report_2022,FROM_COMPANY
record:r096_000,model:openai_gpt_oss_120b_free,GENERATED_BY_MODEL
record:r096_000,prompt:data_md,USED_PROMPT
record:r096_000,aspect:missing,HAS_ASPECT
record:r096_000,esgpillar:e,HAS_PILLAR
record:r096_000,tone:missing,HAS_TONE
record:r096_000,sentiment:commitment,HAS_SENTIMENT
record:r096_000,climatelabel:climate_commitment,HAS_CLIMATE_LABEL
record:r096_000,climatelabel:environmental_claims,HAS_CLIMATE_LABEL
record:r096_001,company:indonet_annual_report_2022,FROM_COMPANY
record:r096_001,model:openai_gpt_oss_120b_free,GENERATED_BY_MODEL
record:r096_001,prompt:data_md,USED_PROMPT
record:r096_001,aspect:missing,HAS_ASPECT
record:r096_001,esgpillar:s,HAS_PILLAR
record:r096_001,tone:missing,HAS_TONE
record:r096_001,sentiment:commitment,HAS_SENTIMENT
record:r096_001,climatelabel:opportunity,HAS_CLIMATE_LABEL
record:r096_001,climatelabel:strategy,HAS_CLIMATE_LABEL
record:r096_002,company:indonet_annual_report_2022,FROM_COMPANY
record:r096_002,model:openai_gpt_oss_120b_free,GENERATED_BY_MODEL
record:r096_002,prompt:data_md,USED_PROMPT
record:r096_002,aspect:missing,HAS_ASPECT
record:r096_002,esgpillar:none,HAS_PILLAR
record:r096_002,tone:missing,HAS_TONE
record:r096_002,sentiment:neutral,HAS_SENTIMENT
record:r096_002,climatelabel:none,HAS_CLIMATE_LABEL
record:r097_000,company:indonet_annual_report_2022,FROM_COMPANY
record:r097_000,model:openai_gpt_oss_120b_free,GENERATED_BY_MODEL
record:r097_000,prompt:data_md,USED_PROMPT
record:r097_000,aspect:missing,HAS_ASPECT
record:r097_000,esgpillar:e,HAS_PILLAR
record:r097_000,tone:missing,HAS_TONE
record:r097_000,sentiment:commitment,HAS_SENTIMENT
record:r097_000,climatelabel:climate_commitment,HAS_CLIMATE_LABEL
record:r097_000,climatelabel:environmental_claims,HAS_CLIMATE_LABEL
record:r098_000,company:indonet_annual_report_2022,FROM_COMPANY
record:r098_000,model:openai_gpt_oss_120b_free,GENERATED_BY_MODEL
record:r098_000,prompt:data_md,USED_PROMPT
record:r098_000,aspect:missing,HAS_ASPECT
record:r098_000,esgpillar:e,HAS_PILLAR
record:r098_000,tone:missing,HAS_TONE
record:r098_000,sentiment:commitment,HAS_SENTIMENT
record:r098_000,climatelabel:climate_commitment,HAS_CLIMATE_LABEL
record:r098_000,climatelabel:environmental_claims,HAS_CLIMATE_LABEL
record:r098_001,company:indonet_annual_report_2022,FROM_COMPANY
record:r098_001,model:openai_gpt_oss_120b_free,GENERATED_BY_MODEL
record:r098_001,prompt:data_md,USED_PROMPT
record:r098_001,aspect:missing,HAS_ASPECT
record:r098_001,esgpillar:none,HAS_PILLAR
record:r098_001,tone:missing,HAS_TONE
record:r098_001,sentiment:neutral,HAS_SENTIMENT
record:r098_001,climatelabel:strategy,HAS_CLIMATE_LABEL
record:r098_001,climatelabel:opportunity,HAS_CLIMATE_LABEL
record:r098_002,company:indonet_annual_report_2022,FROM_COMPANY
record:r098_002,model:openai_gpt_oss_120b_free,GENERATED_BY_MODEL
record:r098_002,prompt:data_md,USED_PROMPT
record:r098_002,aspect:missing,HAS_ASPECT
record:r098_002,esgpillar:g,HAS_PILLAR
record:r098_002,tone:missing,HAS_TONE
record:r098_002,sentiment:neutral,HAS_SENTIMENT
record:r098_002,climatelabel:governance,HAS_CLIMATE_LABEL
record:r098_002,climatelabel:metrics,HAS_CLIMATE_LABEL
record:r098_003,company:indonet_annual_report_2022,FROM_COMPANY
record:r098_003,model:openai_gpt_oss_120b_free,GENERATED_BY_MODEL
record:r098_003,prompt:data_md,USED_PROMPT
record:r098_003,aspect:missing,HAS_ASPECT
record:r098_003,esgpillar:g,HAS_PILLAR
record:r098_003,tone:missing,HAS_TONE
record:r098_003,sentiment:neutral,HAS_SENTIMENT
record:r098_003,climatelabel:governance,HAS_CLIMATE_LABEL
record:r098_003,climatelabel:metrics,HAS_CLIMATE_LABEL
record:r099_000,company:indonet_annual_report_2022,FROM_COMPANY
record:r099_000,model:openai_gpt_oss_120b_free,GENERATED_BY_MODEL
record:r099_000,prompt:data_md,USED_PROMPT
record:r099_000,aspect:missing,HAS_ASPECT
record:r099_000,esgpillar:e,HAS_PILLAR
record:r099_000,tone:missing,HAS_TONE
record:r099_000,sentiment:positive,HAS_SENTIMENT
record:r099_000,climatelabel:climate_commitment,HAS_CLIMATE_LABEL
record:r099_000,climatelabel:environmental_claims,HAS_CLIMATE_LABEL
record:r099_001,company:indonet_annual_report_2022,FROM_COMPANY
record:r099_001,model:openai_gpt_oss_120b_free,GENERATED_BY_MODEL
record:r099_001,prompt:data_md,USED_PROMPT
record:r099_001,aspect:missing,HAS_ASPECT
record:r099_001,esgpillar:s,HAS_PILLAR
record:r099_001,tone:missing,HAS_TONE
record:r099_001,sentiment:positive,HAS_SENTIMENT
record:r099_001,climatelabel:strategy,HAS_CLIMATE_LABEL
record:r099_001,climatelabel:opportunity,HAS_CLIMATE_LABEL
record:r099_002,company:indonet_annual_report_2022,FROM_COMPANY
record:r099_002,model:openai_gpt_oss_120b_free,GENERATED_BY_MODEL
record:r099_002,prompt:data_md,USED_PROMPT
record:r099_002,aspect:missing,HAS_ASPECT
record:r099_002,esgpillar:g,HAS_PILLAR
record:r099_002,tone:missing,HAS_TONE
record:r099_002,sentiment:commitment,HAS_SENTIMENT
record:r099_002,climatelabel:strategy,HAS_CLIMATE_LABEL
record:r099_002,climatelabel:commitment,HAS_CLIMATE_LABEL
record:r099_003,company:indonet_annual_report_2022,FROM_COMPANY
record:r099_003,model:openai_gpt_oss_120b_free,GENERATED_BY_MODEL
record:r099_003,prompt:data_md,USED_PROMPT
record:r099_003,aspect:missing,HAS_ASPECT
record:r099_003,esgpillar:g,HAS_PILLAR
record:r099_003,tone:missing,HAS_TONE
record:r099_003,sentiment:neutral,HAS_SENTIMENT
record:r099_003,climatelabel:governance,HAS_CLIMATE_LABEL
record:r099_003,climatelabel:metrics,HAS_CLIMATE_LABEL
record:r099_004,company:indonet_annual_report_2022,FROM_COMPANY
record:r099_004,model:openai_gpt_oss_120b_free,GENERATED_BY_MODEL
record:r099_004,prompt:data_md,USED_PROMPT
record:r099_004,aspect:missing,HAS_ASPECT
record:r099_004,esgpillar:g,HAS_PILLAR
record:r099_004,tone:missing,HAS_TONE
record:r099_004,sentiment:neutral,HAS_SENTIMENT
record:r099_004,climatelabel:governance,HAS_CLIMATE_LABEL
record:r099_004,climatelabel:metrics,HAS_CLIMATE_LABEL
record:r099_005,company:indonet_annual_report_2022,FROM_COMPANY
record:r099_005,model:openai_gpt_oss_120b_free,GENERATED_BY_MODEL
record:r099_005,prompt:data_md,USED_PROMPT
record:r099_005,aspect:missing,HAS_ASPECT
record:r099_005,esgpillar:g,HAS_PILLAR
record:r099_005,tone:missing,HAS_TONE
record:r099_005,sentiment:neutral,HAS_SENTIMENT
record:r099_005,climatelabel:governance,HAS_CLIMATE_LABEL
record:r099_005,climatelabel:metrics,HAS_CLIMATE_LABEL
record:r100_000,company:indonet_annual_report_2022,FROM_COMPANY
record:r100_000,model:openai_gpt_oss_120b_free,GENERATED_BY_MODEL
record:r100_000,prompt:data_md,USED_PROMPT
record:r100_000,aspect:missing,HAS_ASPECT
record:r100_000,esgpillar:e,HAS_PILLAR
record:r100_000,tone:missing,HAS_TONE
record:r100_000,sentiment:commitment,HAS_SENTIMENT
record:r100_000,climatelabel:climate_commitment,HAS_CLIMATE_LABEL
record:r100_000,climatelabel:environmental_claims,HAS_CLIMATE_LABEL
record:r100_001,company:indonet_annual_report_2022,FROM_COMPANY
record:r100_001,model:openai_gpt_oss_120b_free,GENERATED_BY_MODEL
record:r100_001,prompt:data_md,USED_PROMPT
record:r100_001,aspect:missing,HAS_ASPECT
record:r100_001,esgpillar:e,HAS_PILLAR
record:r100_001,tone:missing,HAS_TONE
record:r100_001,sentiment:commitment,HAS_SENTIMENT
record:r100_001,climatelabel:climate_commitment,HAS_CLIMATE_LABEL
record:r100_001,climatelabel:environmental_claims,HAS_CLIMATE_LABEL
record:r101_000,company:indonet_annual_report_2022,FROM_COMPANY
record:r101_000,model:openai_gpt_oss_120b_free,GENERATED_BY_MODEL
record:r101_000,prompt:data_md,USED_PROMPT
record:r101_000,aspect:missing,HAS_ASPECT
record:r101_000,esgpillar:e,HAS_PILLAR
record:r101_000,tone:missing,HAS_TONE
record:r101_000,sentiment:positive,HAS_SENTIMENT
record:r101_000,climatelabel:climate_commitment,HAS_CLIMATE_LABEL
record:r101_000,climatelabel:environmental_claims,HAS_CLIMATE_LABEL
record:r101_001,company:indonet_annual_report_2022,FROM_COMPANY
record:r101_001,model:openai_gpt_oss_120b_free,GENERATED_BY_MODEL
record:r101_001,prompt:data_md,USED_PROMPT
record:r101_001,aspect:missing,HAS_ASPECT
record:r101_001,esgpillar:g,HAS_PILLAR
record:r101_001,tone:missing,HAS_TONE
record:r101_001,sentiment:neutral,HAS_SENTIMENT
record:r101_001,climatelabel:risk,HAS_CLIMATE_LABEL
record:r101_002,company:indonet_annual_report_2022,FROM_COMPANY
record:r101_002,model:openai_gpt_oss_120b_free,GENERATED_BY_MODEL
record:r101_002,prompt:data_md,USED_PROMPT
record:r101_002,aspect:missing,HAS_ASPECT
record:r101_002,esgpillar:g,HAS_PILLAR
record:r101_002,tone:missing,HAS_TONE
record:r101_002,sentiment:neutral,HAS_SENTIMENT
record:r101_002,climatelabel:governance,HAS_CLIMATE_LABEL
record:r101_002,climatelabel:risk,HAS_CLIMATE_LABEL
record:r101_003,company:indonet_annual_report_2022,FROM_COMPANY
record:r101_003,model:openai_gpt_oss_120b_free,GENERATED_BY_MODEL
record:r101_003,prompt:data_md,USED_PROMPT
record:r101_003,aspect:missing,HAS_ASPECT
record:r101_003,esgpillar:g,HAS_PILLAR
record:r101_003,tone:missing,HAS_TONE
record:r101_003,sentiment:neutral,HAS_SENTIMENT
record:r101_003,climatelabel:governance,HAS_CLIMATE_LABEL
record:r102_000,company:indonet_annual_report_2022,FROM_COMPANY
record:r102_000,model:openai_gpt_oss_120b_free,GENERATED_BY_MODEL
record:r102_000,prompt:data_md,USED_PROMPT
record:r102_000,aspect:missing,HAS_ASPECT
record:r102_000,esgpillar:g,HAS_PILLAR
record:r102_000,tone:missing,HAS_TONE
record:r102_000,sentiment:neutral,HAS_SENTIMENT
record:r102_000,climatelabel:risk,HAS_CLIMATE_LABEL
record:r102_001,company:indonet_annual_report_2022,FROM_COMPANY
record:r102_001,model:openai_gpt_oss_120b_free,GENERATED_BY_MODEL
record:r102_001,prompt:data_md,USED_PROMPT
record:r102_001,aspect:missing,HAS_ASPECT
record:r102_001,esgpillar:g,HAS_PILLAR
record:r102_001,tone:missing,HAS_TONE
record:r102_001,sentiment:positive,HAS_SENTIMENT
record:r102_001,climatelabel:risk,HAS_CLIMATE_LABEL
record:r102_001,climatelabel:governance,HAS_CLIMATE_LABEL
record:r102_002,company:indonet_annual_report_2022,FROM_COMPANY
record:r102_002,model:openai_gpt_oss_120b_free,GENERATED_BY_MODEL
record:r102_002,prompt:data_md,USED_PROMPT
record:r102_002,aspect:missing,HAS_ASPECT
record:r102_002,esgpillar:g,HAS_PILLAR
record:r102_002,tone:missing,HAS_TONE
record:r102_002,sentiment:neutral,HAS_SENTIMENT
record:r102_002,climatelabel:risk,HAS_CLIMATE_LABEL
record:r102_003,company:indonet_annual_report_2022,FROM_COMPANY
record:r102_003,model:openai_gpt_oss_120b_free,GENERATED_BY_MODEL
record:r102_003,prompt:data_md,USED_PROMPT
record:r102_003,aspect:missing,HAS_ASPECT
record:r102_003,esgpillar:g,HAS_PILLAR
record:r102_003,tone:missing,HAS_TONE
record:r102_003,sentiment:positive,HAS_SENTIMENT
record:r102_003,climatelabel:risk,HAS_CLIMATE_LABEL
record:r102_003,climatelabel:governance,HAS_CLIMATE_LABEL
record:r102_004,company:indonet_annual_report_2022,FROM_COMPANY
record:r102_004,model:openai_gpt_oss_120b_free,GENERATED_BY_MODEL
record:r102_004,prompt:data_md,USED_PROMPT
record:r102_004,aspect:missing,HAS_ASPECT
record:r102_004,esgpillar:g,HAS_PILLAR
record:r102_004,tone:missing,HAS_TONE
record:r102_004,sentiment:neutral,HAS_SENTIMENT
record:r102_004,climatelabel:risk,HAS_CLIMATE_LABEL
record:r102_004,climatelabel:metrics,HAS_CLIMATE_LABEL
record:r102_005,company:indonet_annual_report_2022,FROM_COMPANY
record:r102_005,model:openai_gpt_oss_120b_free,GENERATED_BY_MODEL
record:r102_005,prompt:data_md,USED_PROMPT
record:r102_005,aspect:missing,HAS_ASPECT
record:r102_005,esgpillar:g,HAS_PILLAR
record:r102_005,tone:missing,HAS_TONE
record:r102_005,sentiment:neutral,HAS_SENTIMENT
record:r102_005,climatelabel:risk,HAS_CLIMATE_LABEL
record:r102_005,climatelabel:metrics,HAS_CLIMATE_LABEL
record:r102_006,company:indonet_annual_report_2022,FROM_COMPANY
record:r102_006,model:openai_gpt_oss_120b_free,GENERATED_BY_MODEL
record:r102_006,prompt:data_md,USED_PROMPT
record:r102_006,aspect:missing,HAS_ASPECT
record:r102_006,esgpillar:g,HAS_PILLAR
record:r102_006,tone:missing,HAS_TONE
record:r102_006,sentiment:neutral,HAS_SENTIMENT
record:r102_006,climatelabel:risk,HAS_CLIMATE_LABEL
record:r102_006,climatelabel:metrics,HAS_CLIMATE_LABEL
record:r102_007,company:indonet_annual_report_2022,FROM_COMPANY
record:r102_007,model:openai_gpt_oss_120b_free,GENERATED_BY_MODEL
record:r102_007,prompt:data_md,USED_PROMPT
record:r102_007,aspect:missing,HAS_ASPECT
record:r102_007,esgpillar:g,HAS_PILLAR
record:r102_007,tone:missing,HAS_TONE
record:r102_007,sentiment:neutral,HAS_SENTIMENT
record:r102_007,climatelabel:risk,HAS_CLIMATE_LABEL
record:r102_008,company:indonet_annual_report_2022,FROM_COMPANY
record:r102_008,model:openai_gpt_oss_120b_free,GENERATED_BY_MODEL
record:r102_008,prompt:data_md,USED_PROMPT
record:r102_008,aspect:missing,HAS_ASPECT
record:r102_008,esgpillar:g,HAS_PILLAR
record:r102_008,tone:missing,HAS_TONE
record:r102_008,sentiment:positive,HAS_SENTIMENT
record:r102_008,climatelabel:risk,HAS_CLIMATE_LABEL
record:r102_008,climatelabel:governance,HAS_CLIMATE_LABEL
record:r102_009,company:indonet_annual_report_2022,FROM_COMPANY
record:r102_009,model:openai_gpt_oss_120b_free,GENERATED_BY_MODEL
record:r102_009,prompt:data_md,USED_PROMPT
record:r102_009,aspect:missing,HAS_ASPECT
record:r102_009,esgpillar:g,HAS_PILLAR
record:r102_009,tone:missing,HAS_TONE
record:r102_009,sentiment:positive,HAS_SENTIMENT
record:r102_009,climatelabel:risk,HAS_CLIMATE_LABEL
record:r102_009,climatelabel:opportunity,HAS_CLIMATE_LABEL
record:r102_009,climatelabel:governance,HAS_CLIMATE_LABEL
record:r103_000,company:indonet_annual_report_2022,FROM_COMPANY
record:r103_000,model:openai_gpt_oss_120b_free,GENERATED_BY_MODEL
record:r103_000,prompt:data_md,USED_PROMPT
record:r103_000,aspect:missing,HAS_ASPECT
record:r103_000,esgpillar:e,HAS_PILLAR
record:r103_000,tone:missing,HAS_TONE
record:r103_000,sentiment:positive,HAS_SENTIMENT
record:r103_000,climatelabel:climate_commitment,HAS_CLIMATE_LABEL
record:r103_000,climatelabel:environmental_claims,HAS_CLIMATE_LABEL
record:r103_001,company:indonet_annual_report_2022,FROM_COMPANY
record:r103_001,model:openai_gpt_oss_120b_free,GENERATED_BY_MODEL
record:r103_001,prompt:data_md,USED_PROMPT
record:r103_001,aspect:missing,HAS_ASPECT
record:r103_001,esgpillar:g,HAS_PILLAR
record:r103_001,tone:missing,HAS_TONE
record:r103_001,sentiment:neutral,HAS_SENTIMENT
record:r103_001,climatelabel:risk,HAS_CLIMATE_LABEL
record:r103_001,climatelabel:governance,HAS_CLIMATE_LABEL
record:r103_002,company:indonet_annual_report_2022,FROM_COMPANY
record:r103_002,model:openai_gpt_oss_120b_free,GENERATED_BY_MODEL
record:r103_002,prompt:data_md,USED_PROMPT
record:r103_002,aspect:missing,HAS_ASPECT
record:r103_002,esgpillar:g,HAS_PILLAR
record:r103_002,tone:missing,HAS_TONE
record:r103_002,sentiment:neutral,HAS_SENTIMENT
record:r103_002,climatelabel:risk,HAS_CLIMATE_LABEL
record:r103_002,climatelabel:governance,HAS_CLIMATE_LABEL
record:r104_000,company:indonet_annual_report_2022,FROM_COMPANY
record:r104_000,model:openai_gpt_oss_120b_free,GENERATED_BY_MODEL
record:r104_000,prompt:data_md,USED_PROMPT
record:r104_000,aspect:missing,HAS_ASPECT
record:r104_000,esgpillar:e,HAS_PILLAR
record:r104_000,tone:missing,HAS_TONE
record:r104_000,sentiment:commitment,HAS_SENTIMENT
record:r104_000,climatelabel:climate_commitment,HAS_CLIMATE_LABEL
record:r104_000,climatelabel:environmental_claims,HAS_CLIMATE_LABEL
record:r104_001,company:indonet_annual_report_2022,FROM_COMPANY
record:r104_001,model:openai_gpt_oss_120b_free,GENERATED_BY_MODEL
record:r104_001,prompt:data_md,USED_PROMPT
record:r104_001,aspect:missing,HAS_ASPECT
record:r104_001,esgpillar:e,HAS_PILLAR
record:r104_001,tone:missing,HAS_TONE
record:r104_001,sentiment:commitment,HAS_SENTIMENT
record:r104_001,climatelabel:climate_commitment,HAS_CLIMATE_LABEL
record:r104_001,climatelabel:environmental_claims,HAS_CLIMATE_LABEL
record:r105_000,company:indonet_annual_report_2022,FROM_COMPANY
record:r105_000,model:openai_gpt_oss_120b_free,GENERATED_BY_MODEL
record:r105_000,prompt:data_md,USED_PROMPT
record:r105_000,aspect:missing,HAS_ASPECT
record:r105_000,esgpillar:e,HAS_PILLAR
record:r105_000,tone:missing,HAS_TONE
record:r105_000,sentiment:positive,HAS_SENTIMENT
record:r105_000,climatelabel:climate_commitment,HAS_CLIMATE_LABEL
record:r105_000,climatelabel:environmental_claims,HAS_CLIMATE_LABEL
record:r105_001,company:indonet_annual_report_2022,FROM_COMPANY
record:r105_001,model:openai_gpt_oss_120b_free,GENERATED_BY_MODEL
record:r105_001,prompt:data_md,USED_PROMPT
record:r105_001,aspect:missing,HAS_ASPECT
record:r105_001,esgpillar:e,HAS_PILLAR
record:r105_001,tone:missing,HAS_TONE
record:r105_001,sentiment:commitment,HAS_SENTIMENT
record:r105_001,climatelabel:opportunity,HAS_CLIMATE_LABEL
record:r106_000,company:indonet_annual_report_2022,FROM_COMPANY
record:r106_000,model:openai_gpt_oss_120b_free,GENERATED_BY_MODEL
record:r106_000,prompt:data_md,USED_PROMPT
record:r106_000,aspect:missing,HAS_ASPECT
record:r106_000,esgpillar:e,HAS_PILLAR
record:r106_000,tone:missing,HAS_TONE
record:r106_000,sentiment:positive,HAS_SENTIMENT
record:r106_000,climatelabel:climate_commitment,HAS_CLIMATE_LABEL
record:r106_000,climatelabel:environmental_claims,HAS_CLIMATE_LABEL
record:r107_000,company:indonet_annual_report_2022,FROM_COMPANY
record:r107_000,model:openai_gpt_oss_120b_free,GENERATED_BY_MODEL
record:r107_000,prompt:data_md,USED_PROMPT
record:r107_000,aspect:missing,HAS_ASPECT
record:r107_000,esgpillar:e,HAS_PILLAR
record:r107_000,tone:missing,HAS_TONE
record:r107_000,sentiment:positive,HAS_SENTIMENT
record:r107_000,climatelabel:environmental_claims,HAS_CLIMATE_LABEL
record:r107_000,climatelabel:climate_commitment,HAS_CLIMATE_LABEL
record:r107_001,company:indonet_annual_report_2022,FROM_COMPANY
record:r107_001,model:openai_gpt_oss_120b_free,GENERATED_BY_MODEL
record:r107_001,prompt:data_md,USED_PROMPT
record:r107_001,aspect:missing,HAS_ASPECT
record:r107_001,esgpillar:g,HAS_PILLAR
record:r107_001,tone:missing,HAS_TONE
record:r107_001,sentiment:commitment,HAS_SENTIMENT
record:r107_001,climatelabel:governance,HAS_CLIMATE_LABEL
record:r107_001,climatelabel:strategy,HAS_CLIMATE_LABEL
record:r107_002,company:indonet_annual_report_2022,FROM_COMPANY
record:r107_002,model:openai_gpt_oss_120b_free,GENERATED_BY_MODEL
record:r107_002,prompt:data_md,USED_PROMPT
record:r107_002,aspect:missing,HAS_ASPECT
record:r107_002,esgpillar:g,HAS_PILLAR
record:r107_002,tone:missing,HAS_TONE
record:r107_002,sentiment:neutral,HAS_SENTIMENT
record:r107_002,climatelabel:governance,HAS_CLIMATE_LABEL
record:r107_002,climatelabel:risk,HAS_CLIMATE_LABEL
record:r107_003,company:indonet_annual_report_2022,FROM_COMPANY
record:r107_003,model:openai_gpt_oss_120b_free,GENERATED_BY_MODEL
record:r107_003,prompt:data_md,USED_PROMPT
record:r107_003,aspect:missing,HAS_ASPECT
record:r107_003,esgpillar:g,HAS_PILLAR
record:r107_003,tone:missing,HAS_TONE
record:r107_003,sentiment:negative,HAS_SENTIMENT
record:r107_003,climatelabel:governance,HAS_CLIMATE_LABEL
record:r107_003,climatelabel:risk,HAS_CLIMATE_LABEL
record:r108_000,company:indonet_annual_report_2022,FROM_COMPANY
record:r108_000,model:openai_gpt_oss_120b_free,GENERATED_BY_MODEL
record:r108_000,prompt:data_md,USED_PROMPT
record:r108_000,aspect:missing,HAS_ASPECT
record:r108_000,esgpillar:e,HAS_PILLAR
record:r108_000,tone:missing,HAS_TONE
record:r108_000,sentiment:positive,HAS_SENTIMENT
record:r108_000,climatelabel:climate_commitment,HAS_CLIMATE_LABEL
record:r108_000,climatelabel:environmental_claims,HAS_CLIMATE_LABEL
record:r108_000,climatelabel:strategy,HAS_CLIMATE_LABEL
record:r108_001,company:indonet_annual_report_2022,FROM_COMPANY
record:r108_001,model:openai_gpt_oss_120b_free,GENERATED_BY_MODEL
record:r108_001,prompt:data_md,USED_PROMPT
record:r108_001,aspect:missing,HAS_ASPECT
record:r108_001,esgpillar:none,HAS_PILLAR
record:r108_001,tone:missing,HAS_TONE
record:r108_001,sentiment:neutral,HAS_SENTIMENT
record:r108_001,climatelabel:opportunity,HAS_CLIMATE_LABEL
record:r108_001,climatelabel:strategy,HAS_CLIMATE_LABEL
record:r108_002,company:indonet_annual_report_2022,FROM_COMPANY
record:r108_002,model:openai_gpt_oss_120b_free,GENERATED_BY_MODEL
record:r108_002,prompt:data_md,USED_PROMPT
record:r108_002,aspect:missing,HAS_ASPECT
record:r108_002,esgpillar:g,HAS_PILLAR
record:r108_002,tone:missing,HAS_TONE
record:r108_002,sentiment:neutral,HAS_SENTIMENT
record:r108_002,climatelabel:risk,HAS_CLIMATE_LABEL
record:r108_002,climatelabel:governance,HAS_CLIMATE_LABEL
record:r108_003,company:indonet_annual_report_2022,FROM_COMPANY
record:r108_003,model:openai_gpt_oss_120b_free,GENERATED_BY_MODEL
record:r108_003,prompt:data_md,USED_PROMPT
record:r108_003,aspect:missing,HAS_ASPECT
record:r108_003,esgpillar:g,HAS_PILLAR
record:r108_003,tone:missing,HAS_TONE
record:r108_003,sentiment:positive,HAS_SENTIMENT
record:r108_003,climatelabel:risk,HAS_CLIMATE_LABEL
record:r108_003,climatelabel:governance,HAS_CLIMATE_LABEL
record:r108_003,climatelabel:metrics,HAS_CLIMATE_LABEL
record:r108_004,company:indonet_annual_report_2022,FROM_COMPANY
record:r108_004,model:openai_gpt_oss_120b_free,GENERATED_BY_MODEL
record:r108_004,prompt:data_md,USED_PROMPT
record:r108_004,aspect:missing,HAS_ASPECT
record:r108_004,esgpillar:g,HAS_PILLAR
record:r108_004,tone:missing,HAS_TONE
record:r108_004,sentiment:neutral,HAS_SENTIMENT
record:r108_004,climatelabel:metrics,HAS_CLIMATE_LABEL
record:r109_000,company:indonet_annual_report_2022,FROM_COMPANY
record:r109_000,model:openai_gpt_oss_120b_free,GENERATED_BY_MODEL
record:r109_000,prompt:data_md,USED_PROMPT
record:r109_000,aspect:missing,HAS_ASPECT
record:r109_000,esgpillar:e,HAS_PILLAR
record:r109_000,tone:missing,HAS_TONE
record:r109_000,sentiment:commitment,HAS_SENTIMENT
record:r109_000,climatelabel:climate_commitment,HAS_CLIMATE_LABEL
record:r109_000,climatelabel:environmental_claims,HAS_CLIMATE_LABEL
record:r109_000,climatelabel:climate_specificity,HAS_CLIMATE_LABEL
aspect:climate_detection,ontologypath:climatebert_climate_detection,MAPPED_TO_PATH
aspect:governance,ontologypath:governance_general,MAPPED_TO_PATH
aspect:climate_action,ontologypath:climatebert_climate_action,MAPPED_TO_PATH
aspect:climate_commitment,ontologypath:climatebert_climate_commitment,MAPPED_TO_PATH
aspect:environmental_claims,ontologypath:climatebert_environmental_claims,MAPPED_TO_PATH
aspect:climate_d,ontologypath:climatebert_climate_d,MAPPED_TO_PATH
aspect:climate_d_s,ontologypath:climatebert_climate_d_s,MAPPED_TO_PATH
aspect:netzero_reduction,ontologypath:climatebert_netzero_reduction,MAPPED_TO_PATH
aspect:climate,ontologypath:climatebert_climate,MAPPED_TO_PATH
aspect:climate_strategy,ontologypath:climatebert_climate_strategy,MAPPED_TO_PATH
aspect:supply_chain,ontologypath:economic_operational_supply_chain,MAPPED_TO_PATH
aspect:integrated_supply_chain,ontologypath:economic_operational_integrated_supply_chain,MAPPED_TO_PATH
aspect:operational_efficiency,ontologypath:economic_operational_efficiency,MAPPED_TO_PATH
aspect:capacity_expansion,ontologypath:economic_operational_capacity_expansion,MAPPED_TO_PATH
aspect:value_chain,ontologypath:economic_operational_value_chain,MAPPED_TO_PATH
aspect:food_security,ontologypath:economic_food_security,MAPPED_TO_PATH
aspect:rural_economy,ontologypath:economic_community_rural_economy,MAPPED_TO_PATH
aspect:self_sufficiency,ontologypath:economic_operational_integrated_supply_chain,MAPPED_TO_PATH
aspect:local_partnership,ontologypath:social_partnership,MAPPED_TO_PATH
aspect:community_welfare,ontologypath:social_welfare,MAPPED_TO_PATH
aspect:education_support,ontologypath:social_education,MAPPED_TO_PATH
aspect:worker_safety,ontologypath:social_worker_safety,MAPPED_TO_PATH
aspect:energy_efficiency,ontologypath:environmental_energy_efficiency,MAPPED_TO_PATH
aspect:environmental_preservation,ontologypath:environmental_preservation,MAPPED_TO_PATH
aspect:emission_reduction,ontologypath:environmental_emission_reduction,MAPPED_TO_PATH
aspect:governance_transparency,ontologypath:governance_transparency,MAPPED_TO_PATH
aspect:compliance,ontologypath:governance_compliance,MAPPED_TO_PATH
aspect:sustainability_strategy,ontologypath:governance_strategy,MAPPED_TO_PATH
aspect:general,ontologypath:general_misc,MAPPED_TO_PATH
