record_id,label,score,climate_commitment,climatebert_model,climatebert_model_backend,climatebert_job_id
llm_8ee14e17ae47,spec,0.66082,False,distilroberta-base-climate-specificity,Local model,climatebert_multi_20260527T052620Z_aeacec
llm_332a7da44a44,spec,0.57835,False,distilroberta-base-climate-specificity,Local model,climatebert_multi_20260527T052620Z_aeacec
llm_649713c49af0,spec,0.548309,False,distilroberta-base-climate-specificity,Local model,climatebert_multi_20260527T052620Z_aeacec
llm_06dc6ad6fad2,spec,0.61269,False,distilroberta-base-climate-specificity,Local model,climatebert_multi_20260527T052620Z_aeacec
llm_d94ad2385c06,spec,0.609844,False,distilroberta-base-climate-specificity,Local model,climatebert_multi_20260527T052620Z_aeacec
llm_a246f23b15f6,spec,0.618259,False,distilroberta-base-climate-specificity,Local model,climatebert_multi_20260527T052620Z_aeacec
llm_d1e7ba07d0fa,spec,0.510989,False,distilroberta-base-climate-specificity,Local model,climatebert_multi_20260527T052620Z_aeacec
llm_7338b581bde7,spec,0.54823,False,distilroberta-base-climate-specificity,Local model,climatebert_multi_20260527T052620Z_aeacec
llm_8d96af572884,spec,0.658781,False,distilroberta-base-climate-specificity,Local model,climatebert_multi_20260527T052620Z_aeacec
llm_bc24adfc729e,spec,0.738114,False,distilroberta-base-climate-specificity,Local model,climatebert_multi_20260527T052620Z_aeacec
llm_9fcfd7ef6518,spec,0.600472,False,distilroberta-base-climate-specificity,Local model,climatebert_multi_20260527T052620Z_aeacec
llm_27631b1af417,spec,0.780874,False,distilroberta-base-climate-specificity,Local model,climatebert_multi_20260527T052620Z_aeacec
llm_12d4689ced06,non,0.548951,False,distilroberta-base-climate-specificity,Local model,climatebert_multi_20260527T052620Z_aeacec
llm_f11a054ec5fc,spec,0.59656,False,distilroberta-base-climate-specificity,Local model,climatebert_multi_20260527T052620Z_aeacec
llm_c24e5ab5fc22,spec,0.573243,False,distilroberta-base-climate-specificity,Local model,climatebert_multi_20260527T052620Z_aeacec
llm_32202172ceec,spec,0.702421,False,distilroberta-base-climate-specificity,Local model,climatebert_multi_20260527T052620Z_aeacec
llm_833b70b52a70,spec,0.819953,False,distilroberta-base-climate-specificity,Local model,climatebert_multi_20260527T052620Z_aeacec
llm_662861ea0d23,spec,0.810863,False,distilroberta-base-climate-specificity,Local model,climatebert_multi_20260527T052620Z_aeacec
llm_28df4ba72716,spec,0.740282,False,distilroberta-base-climate-specificity,Local model,climatebert_multi_20260527T052620Z_aeacec
llm_b4db2bee36e2,spec,0.573874,False,distilroberta-base-climate-specificity,Local model,climatebert_multi_20260527T052620Z_aeacec
llm_7e822fa09f28,spec,0.60859,False,distilroberta-base-climate-specificity,Local model,climatebert_multi_20260527T052620Z_aeacec
llm_3fafea02116c,spec,0.571717,False,distilroberta-base-climate-specificity,Local model,climatebert_multi_20260527T052620Z_aeacec
llm_2df680de8bcb,spec,0.566215,False,distilroberta-base-climate-specificity,Local model,climatebert_multi_20260527T052620Z_aeacec
llm_59bb05380f8f,spec,0.766085,False,distilroberta-base-climate-specificity,Local model,climatebert_multi_20260527T052620Z_aeacec
llm_2c761434e937,non,0.557422,False,distilroberta-base-climate-specificity,Local model,climatebert_multi_20260527T052620Z_aeacec
llm_1a60c3d8919c,spec,0.65207,False,distilroberta-base-climate-specificity,Local model,climatebert_multi_20260527T052620Z_aeacec
llm_076c7a25266c,spec,0.656842,False,distilroberta-base-climate-specificity,Local model,climatebert_multi_20260527T052620Z_aeacec
llm_907e65fcb375,non,0.508432,False,distilroberta-base-climate-specificity,Local model,climatebert_multi_20260527T052620Z_aeacec
llm_6c2beff0975d,non,0.658293,False,distilroberta-base-climate-specificity,Local model,climatebert_multi_20260527T052620Z_aeacec
llm_cc8acab249c2,non,0.675728,False,distilroberta-base-climate-specificity,Local model,climatebert_multi_20260527T052620Z_aeacec
llm_678bae3d2698,spec,0.509077,False,distilroberta-base-climate-specificity,Local model,climatebert_multi_20260527T052620Z_aeacec
llm_b16a87ea0df2,spec,0.568827,False,distilroberta-base-climate-specificity,Local model,climatebert_multi_20260527T052620Z_aeacec
llm_1cded0ef501b,spec,0.521467,False,distilroberta-base-climate-specificity,Local model,climatebert_multi_20260527T052620Z_aeacec
llm_26416c2af476,spec,0.649483,False,distilroberta-base-climate-specificity,Local model,climatebert_multi_20260527T052620Z_aeacec
llm_982aeea5c38d,spec,0.566466,False,distilroberta-base-climate-specificity,Local model,climatebert_multi_20260527T052620Z_aeacec
llm_aff23289cd4f,spec,0.589886,False,distilroberta-base-climate-specificity,Local model,climatebert_multi_20260527T052620Z_aeacec
llm_d1b84cd7ac6a,spec,0.607399,False,distilroberta-base-climate-specificity,Local model,climatebert_multi_20260527T052620Z_aeacec
llm_73bf8bb41b09,spec,0.657835,False,distilroberta-base-climate-specificity,Local model,climatebert_multi_20260527T052620Z_aeacec
llm_f47d40c2a1f2,spec,0.53594,False,distilroberta-base-climate-specificity,Local model,climatebert_multi_20260527T052620Z_aeacec
llm_06a55de7b9ab,spec,0.593918,False,distilroberta-base-climate-specificity,Local model,climatebert_multi_20260527T052620Z_aeacec
llm_00fdb6348f52,spec,0.637843,False,distilroberta-base-climate-specificity,Local model,climatebert_multi_20260527T052620Z_aeacec
llm_b377a53df056,spec,0.616593,False,distilroberta-base-climate-specificity,Local model,climatebert_multi_20260527T052620Z_aeacec
llm_be72008b6a01,spec,0.578314,False,distilroberta-base-climate-specificity,Local model,climatebert_multi_20260527T052620Z_aeacec
llm_e677ff924550,spec,0.619845,False,distilroberta-base-climate-specificity,Local model,climatebert_multi_20260527T052620Z_aeacec
llm_c835d583920f,spec,0.5835,False,distilroberta-base-climate-specificity,Local model,climatebert_multi_20260527T052620Z_aeacec
llm_335884ad9542,spec,0.594818,False,distilroberta-base-climate-specificity,Local model,climatebert_multi_20260527T052620Z_aeacec
llm_5d5e8b2df280,spec,0.669045,False,distilroberta-base-climate-specificity,Local model,climatebert_multi_20260527T052620Z_aeacec
llm_4030513ce9b7,spec,0.619535,False,distilroberta-base-climate-specificity,Local model,climatebert_multi_20260527T052620Z_aeacec
llm_1d68091a7b68,spec,0.570324,False,distilroberta-base-climate-specificity,Local model,climatebert_multi_20260527T052620Z_aeacec
llm_6c0b6c9e0a85,spec,0.814709,False,distilroberta-base-climate-specificity,Local model,climatebert_multi_20260527T052620Z_aeacec
llm_f458b2b5d2a0,spec,0.670614,False,distilroberta-base-climate-specificity,Local model,climatebert_multi_20260527T052620Z_aeacec
llm_94ad9894b4a0,spec,0.750928,False,distilroberta-base-climate-specificity,Local model,climatebert_multi_20260527T052620Z_aeacec
llm_4ee2599545af,spec,0.603212,False,distilroberta-base-climate-specificity,Local model,climatebert_multi_20260527T052620Z_aeacec
llm_99ff4aa3f044,non,0.518348,False,distilroberta-base-climate-specificity,Local model,climatebert_multi_20260527T052620Z_aeacec
llm_6344c4a9de31,spec,0.525323,False,distilroberta-base-climate-specificity,Local model,climatebert_multi_20260527T052620Z_aeacec
llm_940c4b0df131,spec,0.623217,False,distilroberta-base-climate-specificity,Local model,climatebert_multi_20260527T052620Z_aeacec
llm_c97f770a272d,spec,0.599309,False,distilroberta-base-climate-specificity,Local model,climatebert_multi_20260527T052620Z_aeacec
llm_62ecfaec0fd5,spec,0.622844,False,distilroberta-base-climate-specificity,Local model,climatebert_multi_20260527T052620Z_aeacec
llm_3f4370eedbb6,spec,0.613827,False,distilroberta-base-climate-specificity,Local model,climatebert_multi_20260527T052620Z_aeacec
llm_9050d11bfe1e,spec,0.616678,False,distilroberta-base-climate-specificity,Local model,climatebert_multi_20260527T052620Z_aeacec
llm_2ece35ab6d3c,spec,0.730927,False,distilroberta-base-climate-specificity,Local model,climatebert_multi_20260527T052620Z_aeacec
llm_eccf59ca4d01,spec,0.628584,False,distilroberta-base-climate-specificity,Local model,climatebert_multi_20260527T052620Z_aeacec
llm_c2647ee0a5ba,spec,0.598254,False,distilroberta-base-climate-specificity,Local model,climatebert_multi_20260527T052620Z_aeacec
llm_70b75e22a266,spec,0.674989,False,distilroberta-base-climate-specificity,Local model,climatebert_multi_20260527T052620Z_aeacec
llm_b041963a8786,spec,0.6117,False,distilroberta-base-climate-specificity,Local model,climatebert_multi_20260527T052620Z_aeacec
llm_e48ecc159291,spec,0.564241,False,distilroberta-base-climate-specificity,Local model,climatebert_multi_20260527T052620Z_aeacec
llm_c7421b22c363,spec,0.626866,False,distilroberta-base-climate-specificity,Local model,climatebert_multi_20260527T052620Z_aeacec
llm_7a5d1422ef94,spec,0.622109,False,distilroberta-base-climate-specificity,Local model,climatebert_multi_20260527T052620Z_aeacec
llm_cf2bd8e52929,spec,0.610212,False,distilroberta-base-climate-specificity,Local model,climatebert_multi_20260527T052620Z_aeacec
llm_a43bc8569a04,spec,0.595698,False,distilroberta-base-climate-specificity,Local model,climatebert_multi_20260527T052620Z_aeacec
llm_131f98e9fdf2,non,0.548951,False,distilroberta-base-climate-specificity,Local model,climatebert_multi_20260527T052620Z_aeacec
llm_7075f1d30181,spec,0.65207,False,distilroberta-base-climate-specificity,Local model,climatebert_multi_20260527T052620Z_aeacec
llm_989dfd8dae27,spec,0.613242,False,distilroberta-base-climate-specificity,Local model,climatebert_multi_20260527T052620Z_aeacec
llm_9e0b9f6e1172,non,0.506182,False,distilroberta-base-climate-specificity,Local model,climatebert_multi_20260527T052620Z_aeacec
llm_cac4245028ef,spec,0.56964,False,distilroberta-base-climate-specificity,Local model,climatebert_multi_20260527T052620Z_aeacec
llm_86cd0a70b36d,spec,0.50573,False,distilroberta-base-climate-specificity,Local model,climatebert_multi_20260527T052620Z_aeacec
llm_0aa94a971f38,spec,0.62804,False,distilroberta-base-climate-specificity,Local model,climatebert_multi_20260527T052620Z_aeacec
llm_b3d600630ee7,non,0.518615,False,distilroberta-base-climate-specificity,Local model,climatebert_multi_20260527T052620Z_aeacec
llm_3ffedbdb2ab4,spec,0.523131,False,distilroberta-base-climate-specificity,Local model,climatebert_multi_20260527T052620Z_aeacec
llm_bdb4c6f116da,non,0.504993,False,distilroberta-base-climate-specificity,Local model,climatebert_multi_20260527T052620Z_aeacec
llm_46b756ac1ee8,spec,0.522673,False,distilroberta-base-climate-specificity,Local model,climatebert_multi_20260527T052620Z_aeacec
llm_c6cfd7fea9d9,spec,0.566239,False,distilroberta-base-climate-specificity,Local model,climatebert_multi_20260527T052620Z_aeacec
llm_a264e23be4a6,spec,0.505152,False,distilroberta-base-climate-specificity,Local model,climatebert_multi_20260527T052620Z_aeacec
llm_70c0f3899693,spec,0.62645,False,distilroberta-base-climate-specificity,Local model,climatebert_multi_20260527T052620Z_aeacec
llm_877e08b8b0eb,non,0.505048,False,distilroberta-base-climate-specificity,Local model,climatebert_multi_20260527T052620Z_aeacec
llm_53e60edf6a9e,non,0.917511,False,distilroberta-base-climate-specificity,Local model,climatebert_multi_20260527T052620Z_aeacec
llm_d507f7625e20,spec,0.683749,False,distilroberta-base-climate-specificity,Local model,climatebert_multi_20260527T052620Z_aeacec
llm_70a94c584344,spec,0.677584,False,distilroberta-base-climate-specificity,Local model,climatebert_multi_20260527T052620Z_aeacec
llm_88e552bc5d52,spec,0.501773,False,distilroberta-base-climate-specificity,Local model,climatebert_multi_20260527T052620Z_aeacec
llm_734b2e514835,spec,0.633983,False,distilroberta-base-climate-specificity,Local model,climatebert_multi_20260527T052620Z_aeacec
llm_d53b21db6a39,spec,0.625416,False,distilroberta-base-climate-specificity,Local model,climatebert_multi_20260527T052620Z_aeacec
llm_898a4f910f67,spec,0.644351,False,distilroberta-base-climate-specificity,Local model,climatebert_multi_20260527T052620Z_aeacec
llm_be7ce8035e8d,spec,0.521505,False,distilroberta-base-climate-specificity,Local model,climatebert_multi_20260527T052620Z_aeacec
llm_ea5696877b03,spec,0.622398,False,distilroberta-base-climate-specificity,Local model,climatebert_multi_20260527T052620Z_aeacec
llm_5131e0e67266,spec,0.59686,False,distilroberta-base-climate-specificity,Local model,climatebert_multi_20260527T052620Z_aeacec
llm_16db27ad1f09,spec,0.786531,False,distilroberta-base-climate-specificity,Local model,climatebert_multi_20260527T052620Z_aeacec
llm_176568f854de,spec,0.815554,False,distilroberta-base-climate-specificity,Local model,climatebert_multi_20260527T052620Z_aeacec
llm_07e39907a1cb,spec,0.776092,False,distilroberta-base-climate-specificity,Local model,climatebert_multi_20260527T052620Z_aeacec
llm_7ccfcf4093e6,spec,0.847968,False,distilroberta-base-climate-specificity,Local model,climatebert_multi_20260527T052620Z_aeacec
llm_56803f2ae7d2,spec,0.83872,False,distilroberta-base-climate-specificity,Local model,climatebert_multi_20260527T052620Z_aeacec
llm_e9f067b58f1e,spec,0.794457,False,distilroberta-base-climate-specificity,Local model,climatebert_multi_20260527T052620Z_aeacec
llm_e77c8fda3f72,spec,0.802635,False,distilroberta-base-climate-specificity,Local model,climatebert_multi_20260527T052620Z_aeacec
llm_7a0d638d7745,spec,0.838053,False,distilroberta-base-climate-specificity,Local model,climatebert_multi_20260527T052620Z_aeacec
llm_234b9c509934,spec,0.883259,False,distilroberta-base-climate-specificity,Local model,climatebert_multi_20260527T052620Z_aeacec
llm_2c7c962f3593,spec,0.894191,False,distilroberta-base-climate-specificity,Local model,climatebert_multi_20260527T052620Z_aeacec
llm_bce0c02d0323,spec,0.913088,False,distilroberta-base-climate-specificity,Local model,climatebert_multi_20260527T052620Z_aeacec
llm_eb5fb0a542ac,spec,0.89402,False,distilroberta-base-climate-specificity,Local model,climatebert_multi_20260527T052620Z_aeacec
llm_a50643d3b174,spec,0.833478,False,distilroberta-base-climate-specificity,Local model,climatebert_multi_20260527T052620Z_aeacec
llm_ad70acf1d285,spec,0.768532,False,distilroberta-base-climate-specificity,Local model,climatebert_multi_20260527T052620Z_aeacec
llm_73f70fb9fc56,spec,0.687136,False,distilroberta-base-climate-specificity,Local model,climatebert_multi_20260527T052620Z_aeacec
llm_6d4e9638d7bf,spec,0.604965,False,distilroberta-base-climate-specificity,Local model,climatebert_multi_20260527T052620Z_aeacec
llm_22311f041f48,spec,0.734287,False,distilroberta-base-climate-specificity,Local model,climatebert_multi_20260527T052620Z_aeacec
llm_d26ac4361bdb,spec,0.726398,False,distilroberta-base-climate-specificity,Local model,climatebert_multi_20260527T052620Z_aeacec
llm_0128659cab99,spec,0.549662,False,distilroberta-base-climate-specificity,Local model,climatebert_multi_20260527T052620Z_aeacec
llm_08c7b2537bf7,spec,0.606638,False,distilroberta-base-climate-specificity,Local model,climatebert_multi_20260527T052620Z_aeacec
llm_39587df38704,spec,0.6079,False,distilroberta-base-climate-specificity,Local model,climatebert_multi_20260527T052620Z_aeacec
llm_47ddcfb2909e,spec,0.611008,False,distilroberta-base-climate-specificity,Local model,climatebert_multi_20260527T052620Z_aeacec
llm_eac1c14c0e3f,spec,0.641951,False,distilroberta-base-climate-specificity,Local model,climatebert_multi_20260527T052620Z_aeacec
llm_9747901375a9,spec,0.685084,False,distilroberta-base-climate-specificity,Local model,climatebert_multi_20260527T052620Z_aeacec
llm_e4284f3f07a4,spec,0.573243,False,distilroberta-base-climate-specificity,Local model,climatebert_multi_20260527T052620Z_aeacec
llm_1e3846f59ac6,spec,0.691383,False,distilroberta-base-climate-specificity,Local model,climatebert_multi_20260527T052620Z_aeacec
llm_5316f29153c4,spec,0.819953,False,distilroberta-base-climate-specificity,Local model,climatebert_multi_20260527T052620Z_aeacec
llm_e6a8c816a6e3,spec,0.794552,False,distilroberta-base-climate-specificity,Local model,climatebert_multi_20260527T052620Z_aeacec
llm_acf5b6e6282e,spec,0.740282,False,distilroberta-base-climate-specificity,Local model,climatebert_multi_20260527T052620Z_aeacec
llm_8bde6a7f40bb,spec,0.573874,False,distilroberta-base-climate-specificity,Local model,climatebert_multi_20260527T052620Z_aeacec
llm_a3aecef5cb5f,spec,0.60859,False,distilroberta-base-climate-specificity,Local model,climatebert_multi_20260527T052620Z_aeacec
llm_b182ab9cb9e9,spec,0.571717,False,distilroberta-base-climate-specificity,Local model,climatebert_multi_20260527T052620Z_aeacec
llm_b27feb7346e5,spec,0.585605,False,distilroberta-base-climate-specificity,Local model,climatebert_multi_20260527T052620Z_aeacec
llm_12630ef0a46a,spec,0.563909,False,distilroberta-base-climate-specificity,Local model,climatebert_multi_20260527T052620Z_aeacec
llm_afa7a03801a7,spec,0.563827,False,distilroberta-base-climate-specificity,Local model,climatebert_multi_20260527T052620Z_aeacec
llm_50bbee6f35d6,non,0.583629,False,distilroberta-base-climate-specificity,Local model,climatebert_multi_20260527T052620Z_aeacec
llm_3aeb069ddc2a,spec,0.545614,False,distilroberta-base-climate-specificity,Local model,climatebert_multi_20260527T052620Z_aeacec
llm_9886f8519f9e,spec,0.624965,False,distilroberta-base-climate-specificity,Local model,climatebert_multi_20260527T052620Z_aeacec
llm_9f77d4786aaa,spec,0.523196,False,distilroberta-base-climate-specificity,Local model,climatebert_multi_20260527T052620Z_aeacec
llm_ba642e5ca674,spec,0.585047,False,distilroberta-base-climate-specificity,Local model,climatebert_multi_20260527T052620Z_aeacec
llm_f34f809b2fdc,spec,0.556497,False,distilroberta-base-climate-specificity,Local model,climatebert_multi_20260527T052620Z_aeacec
llm_92f42071e8b4,non,0.588463,False,distilroberta-base-climate-specificity,Local model,climatebert_multi_20260527T052620Z_aeacec
llm_e5221a87203c,spec,0.602759,False,distilroberta-base-climate-specificity,Local model,climatebert_multi_20260527T052620Z_aeacec
llm_84a8b6ead459,spec,0.627559,False,distilroberta-base-climate-specificity,Local model,climatebert_multi_20260527T052620Z_aeacec
llm_9aacbee07bff,spec,0.692547,False,distilroberta-base-climate-specificity,Local model,climatebert_multi_20260527T052620Z_aeacec
llm_4637e31c840a,spec,0.705193,False,distilroberta-base-climate-specificity,Local model,climatebert_multi_20260527T052620Z_aeacec
llm_00d709e75d7b,spec,0.683759,False,distilroberta-base-climate-specificity,Local model,climatebert_multi_20260527T052620Z_aeacec
llm_6e2d2cf9144a,spec,0.592921,False,distilroberta-base-climate-specificity,Local model,climatebert_multi_20260527T052620Z_aeacec
llm_764a6090b670,spec,0.568827,False,distilroberta-base-climate-specificity,Local model,climatebert_multi_20260527T052620Z_aeacec
llm_4faa0d15d610,spec,0.521467,False,distilroberta-base-climate-specificity,Local model,climatebert_multi_20260527T052620Z_aeacec
llm_7edc0fe5921e,spec,0.649483,False,distilroberta-base-climate-specificity,Local model,climatebert_multi_20260527T052620Z_aeacec
llm_fe5d2810a511,spec,0.566466,False,distilroberta-base-climate-specificity,Local model,climatebert_multi_20260527T052620Z_aeacec
llm_5c0a1c12c74e,spec,0.589886,False,distilroberta-base-climate-specificity,Local model,climatebert_multi_20260527T052620Z_aeacec
llm_d37775ef7c6c,spec,0.607399,False,distilroberta-base-climate-specificity,Local model,climatebert_multi_20260527T052620Z_aeacec
llm_eedeefa501f0,spec,0.657835,False,distilroberta-base-climate-specificity,Local model,climatebert_multi_20260527T052620Z_aeacec
llm_a69fb13a34d3,spec,0.53594,False,distilroberta-base-climate-specificity,Local model,climatebert_multi_20260527T052620Z_aeacec
llm_06b2be070dd7,spec,0.593918,False,distilroberta-base-climate-specificity,Local model,climatebert_multi_20260527T052620Z_aeacec
llm_11e251cf176e,spec,0.648381,False,distilroberta-base-climate-specificity,Local model,climatebert_multi_20260527T052620Z_aeacec
llm_a14323d03303,spec,0.619845,False,distilroberta-base-climate-specificity,Local model,climatebert_multi_20260527T052620Z_aeacec
llm_bef299b8ed5d,spec,0.573959,False,distilroberta-base-climate-specificity,Local model,climatebert_multi_20260527T052620Z_aeacec
llm_e426b0b9d626,non,0.54874,False,distilroberta-base-climate-specificity,Local model,climatebert_multi_20260527T052620Z_aeacec
llm_2d4f680620da,spec,0.669045,False,distilroberta-base-climate-specificity,Local model,climatebert_multi_20260527T052620Z_aeacec
llm_f9b1b8c4a5fe,non,0.514362,False,distilroberta-base-climate-specificity,Local model,climatebert_multi_20260527T052620Z_aeacec
llm_c3e3a6261373,spec,0.608448,False,distilroberta-base-climate-specificity,Local model,climatebert_multi_20260527T052620Z_aeacec
llm_6af7d7ddebdd,spec,0.870205,False,distilroberta-base-climate-specificity,Local model,climatebert_multi_20260527T052620Z_aeacec
llm_c83c100581e3,spec,0.666497,False,distilroberta-base-climate-specificity,Local model,climatebert_multi_20260527T052620Z_aeacec
llm_6284bf45d8a2,spec,0.69667,False,distilroberta-base-climate-specificity,Local model,climatebert_multi_20260527T052620Z_aeacec
llm_e525e89ae4c1,spec,0.507966,False,distilroberta-base-climate-specificity,Local model,climatebert_multi_20260527T052620Z_aeacec
llm_6e017c65bbf2,spec,0.637318,False,distilroberta-base-climate-specificity,Local model,climatebert_multi_20260527T052620Z_aeacec
llm_e8b64d5e587a,spec,0.682988,False,distilroberta-base-climate-specificity,Local model,climatebert_multi_20260527T052620Z_aeacec
llm_594f2be32b56,spec,0.573243,False,distilroberta-base-climate-specificity,Local model,climatebert_multi_20260527T052620Z_aeacec
llm_3a7b2e1d488f,spec,0.702421,False,distilroberta-base-climate-specificity,Local model,climatebert_multi_20260527T052620Z_aeacec
llm_3028d358493d,spec,0.819953,False,distilroberta-base-climate-specificity,Local model,climatebert_multi_20260527T052620Z_aeacec
llm_3f495e31a5f6,spec,0.810863,False,distilroberta-base-climate-specificity,Local model,climatebert_multi_20260527T052620Z_aeacec
llm_00bea83acd7f,spec,0.740282,False,distilroberta-base-climate-specificity,Local model,climatebert_multi_20260527T052620Z_aeacec
llm_51dbdee77544,spec,0.573874,False,distilroberta-base-climate-specificity,Local model,climatebert_multi_20260527T052620Z_aeacec
llm_7ddaf2d6bc4c,spec,0.60859,False,distilroberta-base-climate-specificity,Local model,climatebert_multi_20260527T052620Z_aeacec
llm_a0ffc9a24389,spec,0.571717,False,distilroberta-base-climate-specificity,Local model,climatebert_multi_20260527T052620Z_aeacec
llm_56a65169b44e,spec,0.566215,False,distilroberta-base-climate-specificity,Local model,climatebert_multi_20260527T052620Z_aeacec
llm_67cde6499d96,spec,0.766085,False,distilroberta-base-climate-specificity,Local model,climatebert_multi_20260527T052620Z_aeacec
llm_fe8beaa0e8d2,non,0.557422,False,distilroberta-base-climate-specificity,Local model,climatebert_multi_20260527T052620Z_aeacec
llm_b3d4c841f0b2,spec,0.65207,False,distilroberta-base-climate-specificity,Local model,climatebert_multi_20260527T052620Z_aeacec
llm_8a4d67a3b2dc,spec,0.507883,False,distilroberta-base-climate-specificity,Local model,climatebert_multi_20260527T052620Z_aeacec
llm_d129ef51425f,spec,0.83665,False,distilroberta-base-climate-specificity,Local model,climatebert_multi_20260527T052620Z_aeacec
llm_d129128f5d82,spec,0.839131,False,distilroberta-base-climate-specificity,Local model,climatebert_multi_20260527T052620Z_aeacec
llm_8e370e02bfd6,spec,0.610637,False,distilroberta-base-climate-specificity,Local model,climatebert_multi_20260527T052620Z_aeacec
llm_038c34ab5d9b,spec,0.640339,False,distilroberta-base-climate-specificity,Local model,climatebert_multi_20260527T052620Z_aeacec
llm_34b0f20ec6dd,non,0.680191,False,distilroberta-base-climate-specificity,Local model,climatebert_multi_20260527T052620Z_aeacec
llm_796141ad48c0,spec,0.616276,False,distilroberta-base-climate-specificity,Local model,climatebert_multi_20260527T052620Z_aeacec
llm_949a666b0af6,non,0.526821,False,distilroberta-base-climate-specificity,Local model,climatebert_multi_20260527T052620Z_aeacec
llm_1221984b9e05,spec,0.621287,False,distilroberta-base-climate-specificity,Local model,climatebert_multi_20260527T052620Z_aeacec
llm_f5fd191f58e4,spec,0.586488,False,distilroberta-base-climate-specificity,Local model,climatebert_multi_20260527T052620Z_aeacec
llm_3f47214e7a8a,spec,0.63167,False,distilroberta-base-climate-specificity,Local model,climatebert_multi_20260527T052620Z_aeacec
llm_549378788810,spec,0.641802,False,distilroberta-base-climate-specificity,Local model,climatebert_multi_20260527T052620Z_aeacec
llm_03f57fc95cb8,non,0.522627,False,distilroberta-base-climate-specificity,Local model,climatebert_multi_20260527T052620Z_aeacec
llm_85bb04abe44c,spec,0.577065,False,distilroberta-base-climate-specificity,Local model,climatebert_multi_20260527T052620Z_aeacec
llm_46da76b94fb7,spec,0.591794,False,distilroberta-base-climate-specificity,Local model,climatebert_multi_20260527T052620Z_aeacec
llm_0e0c1c46ee09,spec,0.593364,False,distilroberta-base-climate-specificity,Local model,climatebert_multi_20260527T052620Z_aeacec
llm_8cb7f0de82bd,spec,0.568535,False,distilroberta-base-climate-specificity,Local model,climatebert_multi_20260527T052620Z_aeacec
llm_875b77175bc2,non,0.500122,False,distilroberta-base-climate-specificity,Local model,climatebert_multi_20260527T052620Z_aeacec
llm_31f35c06458f,spec,0.608582,False,distilroberta-base-climate-specificity,Local model,climatebert_multi_20260527T052620Z_aeacec
llm_79dc5dcb9b4c,spec,0.55802,False,distilroberta-base-climate-specificity,Local model,climatebert_multi_20260527T052620Z_aeacec
llm_930d6356a20b,spec,0.538636,False,distilroberta-base-climate-specificity,Local model,climatebert_multi_20260527T052620Z_aeacec
llm_5860092c356b,spec,0.623856,False,distilroberta-base-climate-specificity,Local model,climatebert_multi_20260527T052620Z_aeacec
llm_e4c684542020,spec,0.596869,False,distilroberta-base-climate-specificity,Local model,climatebert_multi_20260527T052620Z_aeacec
llm_3249bc2998e4,non,0.551971,False,distilroberta-base-climate-specificity,Local model,climatebert_multi_20260527T052620Z_aeacec
llm_ff48c6504dc1,spec,0.530643,False,distilroberta-base-climate-specificity,Local model,climatebert_multi_20260527T052620Z_aeacec
llm_493f87bcca4d,spec,0.568827,False,distilroberta-base-climate-specificity,Local model,climatebert_multi_20260527T052620Z_aeacec
llm_031370f1bbdc,spec,0.627559,False,distilroberta-base-climate-specificity,Local model,climatebert_multi_20260527T052620Z_aeacec
llm_38e6e995c3a2,spec,0.692547,False,distilroberta-base-climate-specificity,Local model,climatebert_multi_20260527T052620Z_aeacec
llm_362b149e8bcd,spec,0.705193,False,distilroberta-base-climate-specificity,Local model,climatebert_multi_20260527T052620Z_aeacec
llm_899b3bebf33c,spec,0.683759,False,distilroberta-base-climate-specificity,Local model,climatebert_multi_20260527T052620Z_aeacec
llm_c35f03f2bba3,spec,0.649803,False,distilroberta-base-climate-specificity,Local model,climatebert_multi_20260527T052620Z_aeacec
llm_8e0515902c02,non,0.522821,False,distilroberta-base-climate-specificity,Local model,climatebert_multi_20260527T052620Z_aeacec
llm_c76df9a07852,non,0.540555,False,distilroberta-base-climate-specificity,Local model,climatebert_multi_20260527T052620Z_aeacec
llm_b50cc4c42c58,non,0.544178,False,distilroberta-base-climate-specificity,Local model,climatebert_multi_20260527T052620Z_aeacec
llm_409b702529c7,spec,0.589908,False,distilroberta-base-climate-specificity,Local model,climatebert_multi_20260527T052620Z_aeacec
llm_898327a9ba0b,spec,0.649483,False,distilroberta-base-climate-specificity,Local model,climatebert_multi_20260527T052620Z_aeacec
llm_3a0f02795ecb,spec,0.627559,False,distilroberta-base-climate-specificity,Local model,climatebert_multi_20260527T052620Z_aeacec
llm_a4085dfcdf9b,spec,0.692547,False,distilroberta-base-climate-specificity,Local model,climatebert_multi_20260527T052620Z_aeacec
llm_6c1923ccefa8,spec,0.705193,False,distilroberta-base-climate-specificity,Local model,climatebert_multi_20260527T052620Z_aeacec
llm_f3b23043018d,spec,0.683759,False,distilroberta-base-climate-specificity,Local model,climatebert_multi_20260527T052620Z_aeacec
llm_95e36780283d,spec,0.542021,False,distilroberta-base-climate-specificity,Local model,climatebert_multi_20260527T052620Z_aeacec
llm_47e21ac415b3,spec,0.673517,False,distilroberta-base-climate-specificity,Local model,climatebert_multi_20260527T052620Z_aeacec
llm_e8cddc14c234,spec,0.532688,False,distilroberta-base-climate-specificity,Local model,climatebert_multi_20260527T052620Z_aeacec
llm_ee3eb3041869,spec,0.568827,False,distilroberta-base-climate-specificity,Local model,climatebert_multi_20260527T052620Z_aeacec
llm_9b3aa11784d2,spec,0.521467,False,distilroberta-base-climate-specificity,Local model,climatebert_multi_20260527T052620Z_aeacec
llm_edb8b5ea46ee,spec,0.648566,False,distilroberta-base-climate-specificity,Local model,climatebert_multi_20260527T052620Z_aeacec
llm_f084dcc54977,spec,0.589886,False,distilroberta-base-climate-specificity,Local model,climatebert_multi_20260527T052620Z_aeacec
llm_57c54476f979,spec,0.607399,False,distilroberta-base-climate-specificity,Local model,climatebert_multi_20260527T052620Z_aeacec
llm_eda80de59b4b,spec,0.657835,False,distilroberta-base-climate-specificity,Local model,climatebert_multi_20260527T052620Z_aeacec
llm_8755bd3b8490,spec,0.53594,False,distilroberta-base-climate-specificity,Local model,climatebert_multi_20260527T052620Z_aeacec
llm_74388dfd06a1,spec,0.637843,False,distilroberta-base-climate-specificity,Local model,climatebert_multi_20260527T052620Z_aeacec
llm_cbc972cd22bb,spec,0.665565,False,distilroberta-base-climate-specificity,Local model,climatebert_multi_20260527T052620Z_aeacec
llm_8cc1b8ec2023,spec,0.619845,False,distilroberta-base-climate-specificity,Local model,climatebert_multi_20260527T052620Z_aeacec
llm_ddc524d9e0c8,spec,0.573959,False,distilroberta-base-climate-specificity,Local model,climatebert_multi_20260527T052620Z_aeacec
llm_4ac22079ccac,spec,0.594818,False,distilroberta-base-climate-specificity,Local model,climatebert_multi_20260527T052620Z_aeacec
llm_3153bc4c5fbf,spec,0.669045,False,distilroberta-base-climate-specificity,Local model,climatebert_multi_20260527T052620Z_aeacec
llm_81f9a9c3a5dc,spec,0.619535,False,distilroberta-base-climate-specificity,Local model,climatebert_multi_20260527T052620Z_aeacec
llm_05168aeb259a,spec,0.570324,False,distilroberta-base-climate-specificity,Local model,climatebert_multi_20260527T052620Z_aeacec
llm_46866db62b3c,spec,0.507785,False,distilroberta-base-climate-specificity,Local model,climatebert_multi_20260527T052620Z_aeacec
llm_4919103957e5,spec,0.645377,False,distilroberta-base-climate-specificity,Local model,climatebert_multi_20260527T052620Z_aeacec
llm_22092da3e774,spec,0.814709,False,distilroberta-base-climate-specificity,Local model,climatebert_multi_20260527T052620Z_aeacec
llm_a00905367c4e,non,0.527068,False,distilroberta-base-climate-specificity,Local model,climatebert_multi_20260527T052620Z_aeacec
llm_d39b6be1ce63,spec,0.603801,False,distilroberta-base-climate-specificity,Local model,climatebert_multi_20260527T052620Z_aeacec
llm_f4ecd9e77744,spec,0.704492,False,distilroberta-base-climate-specificity,Local model,climatebert_multi_20260527T052620Z_aeacec
llm_9470d03376c4,spec,0.644685,False,distilroberta-base-climate-specificity,Local model,climatebert_multi_20260527T052620Z_aeacec
llm_01e7fc29ee50,spec,0.584335,False,distilroberta-base-climate-specificity,Local model,climatebert_multi_20260527T052620Z_aeacec
llm_7b7c44cfa6f7,spec,0.674113,False,distilroberta-base-climate-specificity,Local model,climatebert_multi_20260527T052620Z_aeacec
llm_8cf12813b9b6,spec,0.643115,False,distilroberta-base-climate-specificity,Local model,climatebert_multi_20260527T052620Z_aeacec
llm_2b56ffe622a7,spec,0.685874,False,distilroberta-base-climate-specificity,Local model,climatebert_multi_20260527T052620Z_aeacec
llm_03c1e34c7ac5,spec,0.552825,False,distilroberta-base-climate-specificity,Local model,climatebert_multi_20260527T052620Z_aeacec
llm_b7f8ae83555d,spec,0.556631,False,distilroberta-base-climate-specificity,Local model,climatebert_multi_20260527T052620Z_aeacec
llm_6a5be2f65352,spec,0.597253,False,distilroberta-base-climate-specificity,Local model,climatebert_multi_20260527T052620Z_aeacec
llm_c70a62f72eeb,spec,0.709934,False,distilroberta-base-climate-specificity,Local model,climatebert_multi_20260527T052620Z_aeacec
llm_b922d1fa2fa1,non,0.547801,False,distilroberta-base-climate-specificity,Local model,climatebert_multi_20260527T052620Z_aeacec
llm_65aaccec9fc1,spec,0.683749,False,distilroberta-base-climate-specificity,Local model,climatebert_multi_20260527T052620Z_aeacec
llm_b9e7d7faa94f,spec,0.677584,False,distilroberta-base-climate-specificity,Local model,climatebert_multi_20260527T052620Z_aeacec
llm_47cde9b966b2,spec,0.501773,False,distilroberta-base-climate-specificity,Local model,climatebert_multi_20260527T052620Z_aeacec
llm_a32cb3576183,spec,0.625416,False,distilroberta-base-climate-specificity,Local model,climatebert_multi_20260527T052620Z_aeacec
llm_6ea5a05837f2,spec,0.644351,False,distilroberta-base-climate-specificity,Local model,climatebert_multi_20260527T052620Z_aeacec
llm_3412bd129383,spec,0.521505,False,distilroberta-base-climate-specificity,Local model,climatebert_multi_20260527T052620Z_aeacec
llm_ecc27f91d09f,spec,0.622398,False,distilroberta-base-climate-specificity,Local model,climatebert_multi_20260527T052620Z_aeacec
llm_1079d02b6682,spec,0.59686,False,distilroberta-base-climate-specificity,Local model,climatebert_multi_20260527T052620Z_aeacec
llm_b7d00dfd5ccf,spec,0.560426,False,distilroberta-base-climate-specificity,Local model,climatebert_multi_20260527T052620Z_aeacec
llm_0480230be3e4,spec,0.530162,False,distilroberta-base-climate-specificity,Local model,climatebert_multi_20260527T052620Z_aeacec
llm_6049140a34d1,spec,0.517425,False,distilroberta-base-climate-specificity,Local model,climatebert_multi_20260527T052620Z_aeacec
llm_6b72457c03bf,spec,0.549605,False,distilroberta-base-climate-specificity,Local model,climatebert_multi_20260527T052620Z_aeacec
llm_3ebe02ea6362,spec,0.525357,False,distilroberta-base-climate-specificity,Local model,climatebert_multi_20260527T052620Z_aeacec
llm_46b65130ca66,spec,0.567757,False,distilroberta-base-climate-specificity,Local model,climatebert_multi_20260527T052620Z_aeacec
llm_d02368390015,spec,0.52918,False,distilroberta-base-climate-specificity,Local model,climatebert_multi_20260527T052620Z_aeacec
llm_cbf7e10c5188,spec,0.581616,False,distilroberta-base-climate-specificity,Local model,climatebert_multi_20260527T052620Z_aeacec
llm_0c14e08bd906,spec,0.543559,False,distilroberta-base-climate-specificity,Local model,climatebert_multi_20260527T052620Z_aeacec
llm_2132a697d496,spec,0.566809,False,distilroberta-base-climate-specificity,Local model,climatebert_multi_20260527T052620Z_aeacec
llm_5cbda7858cad,spec,0.541306,False,distilroberta-base-climate-specificity,Local model,climatebert_multi_20260527T052620Z_aeacec
llm_dee2b40394d6,spec,0.570113,False,distilroberta-base-climate-specificity,Local model,climatebert_multi_20260527T052620Z_aeacec
llm_a83573903188,spec,0.585309,False,distilroberta-base-climate-specificity,Local model,climatebert_multi_20260527T052620Z_aeacec
llm_715779111186,spec,0.634196,False,distilroberta-base-climate-specificity,Local model,climatebert_multi_20260527T052620Z_aeacec
llm_72432b6425ce,spec,0.685699,False,distilroberta-base-climate-specificity,Local model,climatebert_multi_20260527T052620Z_aeacec
llm_2e670efa8231,spec,0.721538,False,distilroberta-base-climate-specificity,Local model,climatebert_multi_20260527T052620Z_aeacec
llm_8d3400f47cf8,non,0.529104,False,distilroberta-base-climate-specificity,Local model,climatebert_multi_20260527T052620Z_aeacec
llm_2dbb81b46f44,spec,0.589388,False,distilroberta-base-climate-specificity,Local model,climatebert_multi_20260527T052620Z_aeacec
llm_3fef6746420d,spec,0.626698,False,distilroberta-base-climate-specificity,Local model,climatebert_multi_20260527T052620Z_aeacec
llm_6f77d6c9a458,spec,0.692547,False,distilroberta-base-climate-specificity,Local model,climatebert_multi_20260527T052620Z_aeacec
llm_a7168ce39669,spec,0.705193,False,distilroberta-base-climate-specificity,Local model,climatebert_multi_20260527T052620Z_aeacec
llm_cff4de90c2cc,spec,0.683759,False,distilroberta-base-climate-specificity,Local model,climatebert_multi_20260527T052620Z_aeacec
llm_38c825c0ddfe,spec,0.678493,False,distilroberta-base-climate-specificity,Local model,climatebert_multi_20260527T052620Z_aeacec
llm_9294c2777cef,non,0.512327,False,distilroberta-base-climate-specificity,Local model,climatebert_multi_20260527T052620Z_aeacec
llm_5a1ca600588d,spec,0.593764,False,distilroberta-base-climate-specificity,Local model,climatebert_multi_20260527T052620Z_aeacec
llm_24cc9a4a58cc,spec,0.813906,False,distilroberta-base-climate-specificity,Local model,climatebert_multi_20260527T052620Z_aeacec
llm_62b6141274ee,spec,0.610941,False,distilroberta-base-climate-specificity,Local model,climatebert_multi_20260527T052620Z_aeacec
llm_b555c493bad5,spec,0.636751,False,distilroberta-base-climate-specificity,Local model,climatebert_multi_20260527T052620Z_aeacec
llm_4b9af3ae1d8c,non,0.539734,False,distilroberta-base-climate-specificity,Local model,climatebert_multi_20260527T052620Z_aeacec
llm_315e561984d4,spec,0.696644,False,distilroberta-base-climate-specificity,Local model,climatebert_multi_20260527T052620Z_aeacec
llm_502b9bd5bc1f,spec,0.604472,False,distilroberta-base-climate-specificity,Local model,climatebert_multi_20260527T052620Z_aeacec
llm_65d09bfe4e6a,spec,0.609844,False,distilroberta-base-climate-specificity,Local model,climatebert_multi_20260527T052620Z_aeacec
llm_bea7d9c659eb,spec,0.628068,False,distilroberta-base-climate-specificity,Local model,climatebert_multi_20260527T052620Z_aeacec
llm_84e48d882dc9,spec,0.729561,False,distilroberta-base-climate-specificity,Local model,climatebert_multi_20260527T052620Z_aeacec
llm_a816dfdab0ca,spec,0.590563,False,distilroberta-base-climate-specificity,Local model,climatebert_multi_20260527T052620Z_aeacec
llm_fde2d4916e0f,spec,0.564659,False,distilroberta-base-climate-specificity,Local model,climatebert_multi_20260527T052620Z_aeacec
llm_d37556769868,spec,0.520855,False,distilroberta-base-climate-specificity,Local model,climatebert_multi_20260527T052620Z_aeacec
llm_128035d1b60d,spec,0.58892,False,distilroberta-base-climate-specificity,Local model,climatebert_multi_20260527T052620Z_aeacec
llm_b6081808dce6,spec,0.757508,False,distilroberta-base-climate-specificity,Local model,climatebert_multi_20260527T052620Z_aeacec
llm_39549d22a8d3,non,0.56785,False,distilroberta-base-climate-specificity,Local model,climatebert_multi_20260527T052620Z_aeacec
llm_efe0ea31e7d3,spec,0.609747,False,distilroberta-base-climate-specificity,Local model,climatebert_multi_20260527T052620Z_aeacec
llm_ee7a4ef9d560,spec,0.88145,False,distilroberta-base-climate-specificity,Local model,climatebert_multi_20260527T052620Z_aeacec
llm_56cf575c1cf9,spec,0.672415,False,distilroberta-base-climate-specificity,Local model,climatebert_multi_20260527T052620Z_aeacec
llm_385ef2ada002,non,0.708246,False,distilroberta-base-climate-specificity,Local model,climatebert_multi_20260527T052620Z_aeacec
llm_d65ec5e2811a,spec,0.681085,False,distilroberta-base-climate-specificity,Local model,climatebert_multi_20260527T052620Z_aeacec
llm_9de81a673f8a,spec,0.573243,False,distilroberta-base-climate-specificity,Local model,climatebert_multi_20260527T052620Z_aeacec
llm_28eca41a3bfc,spec,0.702421,False,distilroberta-base-climate-specificity,Local model,climatebert_multi_20260527T052620Z_aeacec
llm_c947715db5d4,spec,0.819953,False,distilroberta-base-climate-specificity,Local model,climatebert_multi_20260527T052620Z_aeacec
llm_b3f4fa97cf3c,spec,0.794552,False,distilroberta-base-climate-specificity,Local model,climatebert_multi_20260527T052620Z_aeacec
llm_bf363aac980c,spec,0.740282,False,distilroberta-base-climate-specificity,Local model,climatebert_multi_20260527T052620Z_aeacec
llm_5b3d060e47ef,spec,0.573874,False,distilroberta-base-climate-specificity,Local model,climatebert_multi_20260527T052620Z_aeacec
llm_d7b8d6facdf5,spec,0.60859,False,distilroberta-base-climate-specificity,Local model,climatebert_multi_20260527T052620Z_aeacec
llm_938fc19b0b15,spec,0.571717,False,distilroberta-base-climate-specificity,Local model,climatebert_multi_20260527T052620Z_aeacec
llm_10303eb643e1,spec,0.676714,False,distilroberta-base-climate-specificity,Local model,climatebert_multi_20260527T052620Z_aeacec
llm_090178e744ea,spec,0.54014,False,distilroberta-base-climate-specificity,Local model,climatebert_multi_20260527T052620Z_aeacec
llm_849ffec0cb33,spec,0.667617,False,distilroberta-base-climate-specificity,Local model,climatebert_multi_20260527T052620Z_aeacec
llm_88c18c0a2d46,spec,0.574258,False,distilroberta-base-climate-specificity,Local model,climatebert_multi_20260527T052620Z_aeacec
llm_d74e5ef67e83,spec,0.501507,False,distilroberta-base-climate-specificity,Local model,climatebert_multi_20260527T052620Z_aeacec
llm_fea4935bb5b1,spec,0.614776,False,distilroberta-base-climate-specificity,Local model,climatebert_multi_20260527T052620Z_aeacec
llm_ae0f878d8213,spec,0.57813,False,distilroberta-base-climate-specificity,Local model,climatebert_multi_20260527T052620Z_aeacec
llm_4ea400969381,spec,0.566215,False,distilroberta-base-climate-specificity,Local model,climatebert_multi_20260527T052620Z_aeacec
llm_b4092f9f8bf0,spec,0.65207,False,distilroberta-base-climate-specificity,Local model,climatebert_multi_20260527T052620Z_aeacec
llm_4569103429ab,spec,0.874193,False,distilroberta-base-climate-specificity,Local model,climatebert_multi_20260527T052620Z_aeacec
llm_36569b45bf84,spec,0.688971,False,distilroberta-base-climate-specificity,Local model,climatebert_multi_20260527T052620Z_aeacec
llm_8a72138c5eef,spec,0.724329,False,distilroberta-base-climate-specificity,Local model,climatebert_multi_20260527T052620Z_aeacec
llm_25a2a239da2a,spec,0.572103,False,distilroberta-base-climate-specificity,Local model,climatebert_multi_20260527T052620Z_aeacec
llm_96939e519b2d,spec,0.585605,False,distilroberta-base-climate-specificity,Local model,climatebert_multi_20260527T052620Z_aeacec
llm_149b1dab8960,spec,0.602759,False,distilroberta-base-climate-specificity,Local model,climatebert_multi_20260527T052620Z_aeacec
llm_4c77c97af2b3,spec,0.627559,False,distilroberta-base-climate-specificity,Local model,climatebert_multi_20260527T052620Z_aeacec
llm_234b4c88579b,spec,0.692547,False,distilroberta-base-climate-specificity,Local model,climatebert_multi_20260527T052620Z_aeacec
llm_a647cbac3859,spec,0.814709,False,distilroberta-base-climate-specificity,Local model,climatebert_multi_20260527T052620Z_aeacec
llm_a5cd3811c35a,non,0.780681,False,distilroberta-base-climate-specificity,Local model,climatebert_multi_20260527T052620Z_aeacec
llm_09ffb3eeafff,spec,0.568827,False,distilroberta-base-climate-specificity,Local model,climatebert_multi_20260527T052620Z_aeacec
llm_5b9da099334b,spec,0.521467,False,distilroberta-base-climate-specificity,Local model,climatebert_multi_20260527T052620Z_aeacec
llm_ef7d400c78f4,spec,0.649483,False,distilroberta-base-climate-specificity,Local model,climatebert_multi_20260527T052620Z_aeacec
llm_74f2a01a51c8,spec,0.566466,False,distilroberta-base-climate-specificity,Local model,climatebert_multi_20260527T052620Z_aeacec
llm_fe18602d3826,spec,0.589886,False,distilroberta-base-climate-specificity,Local model,climatebert_multi_20260527T052620Z_aeacec
llm_c210f7941f18,spec,0.607399,False,distilroberta-base-climate-specificity,Local model,climatebert_multi_20260527T052620Z_aeacec
llm_d86e778c8665,spec,0.657835,False,distilroberta-base-climate-specificity,Local model,climatebert_multi_20260527T052620Z_aeacec
llm_98be8c23023c,spec,0.53594,False,distilroberta-base-climate-specificity,Local model,climatebert_multi_20260527T052620Z_aeacec
llm_cc4119e32738,spec,0.593918,False,distilroberta-base-climate-specificity,Local model,climatebert_multi_20260527T052620Z_aeacec
llm_963f52dbafff,spec,0.637843,False,distilroberta-base-climate-specificity,Local model,climatebert_multi_20260527T052620Z_aeacec
llm_c34ec00b78e8,spec,0.665565,False,distilroberta-base-climate-specificity,Local model,climatebert_multi_20260527T052620Z_aeacec
llm_13ff870538e1,spec,0.619845,False,distilroberta-base-climate-specificity,Local model,climatebert_multi_20260527T052620Z_aeacec
llm_7ba6d3894115,spec,0.5835,False,distilroberta-base-climate-specificity,Local model,climatebert_multi_20260527T052620Z_aeacec
llm_ebc7115c990f,spec,0.594818,False,distilroberta-base-climate-specificity,Local model,climatebert_multi_20260527T052620Z_aeacec
llm_da2324522dcb,spec,0.669045,False,distilroberta-base-climate-specificity,Local model,climatebert_multi_20260527T052620Z_aeacec
llm_b99606f0d379,spec,0.619535,False,distilroberta-base-climate-specificity,Local model,climatebert_multi_20260527T052620Z_aeacec
llm_81b0136b96de,spec,0.521467,False,distilroberta-base-climate-specificity,Local model,climatebert_multi_20260527T052620Z_aeacec
llm_38b9f436d899,spec,0.649483,False,distilroberta-base-climate-specificity,Local model,climatebert_multi_20260527T052620Z_aeacec
llm_48f55f3fff9f,spec,0.607399,False,distilroberta-base-climate-specificity,Local model,climatebert_multi_20260527T052620Z_aeacec
llm_2fc620587a19,spec,0.53594,False,distilroberta-base-climate-specificity,Local model,climatebert_multi_20260527T052620Z_aeacec
llm_c4bf4a00a8bf,spec,0.5835,False,distilroberta-base-climate-specificity,Local model,climatebert_multi_20260527T052620Z_aeacec
llm_adf57aa2cd00,spec,0.594818,False,distilroberta-base-climate-specificity,Local model,climatebert_multi_20260527T052620Z_aeacec
llm_f06f5f420fcd,spec,0.669045,False,distilroberta-base-climate-specificity,Local model,climatebert_multi_20260527T052620Z_aeacec
llm_cec2d120a3de,spec,0.573243,False,distilroberta-base-climate-specificity,Local model,climatebert_multi_20260527T052620Z_aeacec
llm_f4b090a71721,spec,0.702421,False,distilroberta-base-climate-specificity,Local model,climatebert_multi_20260527T052620Z_aeacec
llm_d3f43b5f91e6,spec,0.819953,False,distilroberta-base-climate-specificity,Local model,climatebert_multi_20260527T052620Z_aeacec
llm_5a61a5f8c5f1,spec,0.810863,False,distilroberta-base-climate-specificity,Local model,climatebert_multi_20260527T052620Z_aeacec
llm_98debb7e78e7,spec,0.740282,False,distilroberta-base-climate-specificity,Local model,climatebert_multi_20260527T052620Z_aeacec
llm_838f6d10f6b6,spec,0.573874,False,distilroberta-base-climate-specificity,Local model,climatebert_multi_20260527T052620Z_aeacec
llm_b48cc4c8d6f4,spec,0.60859,False,distilroberta-base-climate-specificity,Local model,climatebert_multi_20260527T052620Z_aeacec
llm_e29f1b07d740,spec,0.571717,False,distilroberta-base-climate-specificity,Local model,climatebert_multi_20260527T052620Z_aeacec
llm_69d050b8f1bf,spec,0.500822,False,distilroberta-base-climate-specificity,Local model,climatebert_multi_20260527T052620Z_aeacec
llm_004685e22074,spec,0.516237,False,distilroberta-base-climate-specificity,Local model,climatebert_multi_20260527T052620Z_aeacec
llm_251aa13f5865,spec,0.728864,False,distilroberta-base-climate-specificity,Local model,climatebert_multi_20260527T052620Z_aeacec
llm_5ab108d736f4,spec,0.680641,False,distilroberta-base-climate-specificity,Local model,climatebert_multi_20260527T052620Z_aeacec
llm_9a407825721b,spec,0.566215,False,distilroberta-base-climate-specificity,Local model,climatebert_multi_20260527T052620Z_aeacec
llm_73b7695a7488,spec,0.766085,False,distilroberta-base-climate-specificity,Local model,climatebert_multi_20260527T052620Z_aeacec
llm_2ff1f3d20978,non,0.557422,False,distilroberta-base-climate-specificity,Local model,climatebert_multi_20260527T052620Z_aeacec
llm_607e136753b0,spec,0.65207,False,distilroberta-base-climate-specificity,Local model,climatebert_multi_20260527T052620Z_aeacec
llm_7ffe3c902cb7,spec,0.507883,False,distilroberta-base-climate-specificity,Local model,climatebert_multi_20260527T052620Z_aeacec
llm_5a78e4bf12d5,spec,0.83665,False,distilroberta-base-climate-specificity,Local model,climatebert_multi_20260527T052620Z_aeacec
llm_049ea8faf14e,spec,0.839131,False,distilroberta-base-climate-specificity,Local model,climatebert_multi_20260527T052620Z_aeacec
llm_36a11b7c7c8d,spec,0.64746,False,distilroberta-base-climate-specificity,Local model,climatebert_multi_20260527T052620Z_aeacec
llm_27be5c217658,spec,0.682988,False,distilroberta-base-climate-specificity,Local model,climatebert_multi_20260527T052620Z_aeacec
llm_b897692f3851,spec,0.515338,False,distilroberta-base-climate-specificity,Local model,climatebert_multi_20260527T052620Z_aeacec
llm_719d1e0e32c5,spec,0.656453,False,distilroberta-base-climate-specificity,Local model,climatebert_multi_20260527T052620Z_aeacec
llm_9d0d45d7d20b,spec,0.573243,False,distilroberta-base-climate-specificity,Local model,climatebert_multi_20260527T052620Z_aeacec
llm_0e630e17d36c,spec,0.702421,False,distilroberta-base-climate-specificity,Local model,climatebert_multi_20260527T052620Z_aeacec
llm_eedce304811a,spec,0.819953,False,distilroberta-base-climate-specificity,Local model,climatebert_multi_20260527T052620Z_aeacec
llm_75e8f8fb441e,spec,0.85152,False,distilroberta-base-climate-specificity,Local model,climatebert_multi_20260527T052620Z_aeacec
llm_031de4fe1b77,spec,0.740282,False,distilroberta-base-climate-specificity,Local model,climatebert_multi_20260527T052620Z_aeacec
llm_3fec00211cec,spec,0.573874,False,distilroberta-base-climate-specificity,Local model,climatebert_multi_20260527T052620Z_aeacec
llm_fc5113a9be68,spec,0.60859,False,distilroberta-base-climate-specificity,Local model,climatebert_multi_20260527T052620Z_aeacec
llm_5f86516486de,spec,0.571717,False,distilroberta-base-climate-specificity,Local model,climatebert_multi_20260527T052620Z_aeacec
llm_8c3f6781b3be,spec,0.500822,False,distilroberta-base-climate-specificity,Local model,climatebert_multi_20260527T052620Z_aeacec
llm_c234a2dff8da,spec,0.516237,False,distilroberta-base-climate-specificity,Local model,climatebert_multi_20260527T052620Z_aeacec
llm_bf874e9a53e5,spec,0.728864,False,distilroberta-base-climate-specificity,Local model,climatebert_multi_20260527T052620Z_aeacec
llm_1e2ebd30293c,spec,0.537084,False,distilroberta-base-climate-specificity,Local model,climatebert_multi_20260527T052620Z_aeacec
llm_41279b77c8ad,spec,0.83665,False,distilroberta-base-climate-specificity,Local model,climatebert_multi_20260527T052620Z_aeacec
llm_cf77e897fc74,spec,0.839131,False,distilroberta-base-climate-specificity,Local model,climatebert_multi_20260527T052620Z_aeacec
llm_5a2d98adadd5,spec,0.566215,False,distilroberta-base-climate-specificity,Local model,climatebert_multi_20260527T052620Z_aeacec
llm_8aba41eecaac,spec,0.766085,False,distilroberta-base-climate-specificity,Local model,climatebert_multi_20260527T052620Z_aeacec
llm_eb6577908461,non,0.557422,False,distilroberta-base-climate-specificity,Local model,climatebert_multi_20260527T052620Z_aeacec
llm_f57c828089d8,spec,0.562223,False,distilroberta-base-climate-specificity,Local model,climatebert_multi_20260527T052620Z_aeacec
llm_fd311aa5b7d7,spec,0.585605,False,distilroberta-base-climate-specificity,Local model,climatebert_multi_20260527T052620Z_aeacec
llm_143e17f5f80f,spec,0.573013,False,distilroberta-base-climate-specificity,Local model,climatebert_multi_20260527T052620Z_aeacec
llm_e7296e7f27a0,non,0.571078,False,distilroberta-base-climate-specificity,Local model,climatebert_multi_20260527T052620Z_aeacec
llm_1d39a3298d3b,spec,0.519757,False,distilroberta-base-climate-specificity,Local model,climatebert_multi_20260527T052620Z_aeacec
llm_a98a9f34e806,non,0.521541,False,distilroberta-base-climate-specificity,Local model,climatebert_multi_20260527T052620Z_aeacec
llm_8c7d9be582b8,spec,0.545614,False,distilroberta-base-climate-specificity,Local model,climatebert_multi_20260527T052620Z_aeacec
llm_7763ff6519cc,spec,0.589265,False,distilroberta-base-climate-specificity,Local model,climatebert_multi_20260527T052620Z_aeacec
llm_895538ba70ce,spec,0.705954,False,distilroberta-base-climate-specificity,Local model,climatebert_multi_20260527T052620Z_aeacec
llm_4e221580e16e,spec,0.829676,False,distilroberta-base-climate-specificity,Local model,climatebert_multi_20260527T052620Z_aeacec
llm_9a4680d82d61,spec,0.813906,False,distilroberta-base-climate-specificity,Local model,climatebert_multi_20260527T052620Z_aeacec
llm_5c5cc5173194,spec,0.733857,False,distilroberta-base-climate-specificity,Local model,climatebert_multi_20260527T052620Z_aeacec
llm_92c1bc3e5d19,spec,0.591136,False,distilroberta-base-climate-specificity,Local model,climatebert_multi_20260527T052620Z_aeacec
llm_5df558232971,spec,0.610941,False,distilroberta-base-climate-specificity,Local model,climatebert_multi_20260527T052620Z_aeacec
llm_30de4a03b13d,spec,0.581517,False,distilroberta-base-climate-specificity,Local model,climatebert_multi_20260527T052620Z_aeacec
llm_1a0f30177faf,spec,0.58892,False,distilroberta-base-climate-specificity,Local model,climatebert_multi_20260527T052620Z_aeacec
llm_89d4bbf23dc8,spec,0.757508,False,distilroberta-base-climate-specificity,Local model,climatebert_multi_20260527T052620Z_aeacec
llm_82fb999fb3a6,non,0.56785,False,distilroberta-base-climate-specificity,Local model,climatebert_multi_20260527T052620Z_aeacec
llm_6d80a199f387,spec,0.678109,False,distilroberta-base-climate-specificity,Local model,climatebert_multi_20260527T052620Z_aeacec
llm_5d824be2d5bb,spec,0.514933,False,distilroberta-base-climate-specificity,Local model,climatebert_multi_20260527T052620Z_aeacec
llm_0300f5d50c22,spec,0.636724,False,distilroberta-base-climate-specificity,Local model,climatebert_multi_20260527T052620Z_aeacec
llm_d7ce0708042a,spec,0.689417,False,distilroberta-base-climate-specificity,Local model,climatebert_multi_20260527T052620Z_aeacec
llm_31da6751ed8a,spec,0.572657,False,distilroberta-base-climate-specificity,Local model,climatebert_multi_20260527T052620Z_aeacec
llm_f2d421cdc7d3,spec,0.742452,False,distilroberta-base-climate-specificity,Local model,climatebert_multi_20260527T052620Z_aeacec
llm_4a853ebfee6b,spec,0.661224,False,distilroberta-base-climate-specificity,Local model,climatebert_multi_20260527T052620Z_aeacec
llm_d0ef3f38498e,spec,0.742187,False,distilroberta-base-climate-specificity,Local model,climatebert_multi_20260527T052620Z_aeacec
llm_4843aa8efb7d,spec,0.669365,False,distilroberta-base-climate-specificity,Local model,climatebert_multi_20260527T052620Z_aeacec
llm_aa3af08c1f1f,spec,0.803102,False,distilroberta-base-climate-specificity,Local model,climatebert_multi_20260527T052620Z_aeacec
llm_bd7d6d8a2906,spec,0.636347,False,distilroberta-base-climate-specificity,Local model,climatebert_multi_20260527T052620Z_aeacec
llm_5e234cff11c4,spec,0.589908,False,distilroberta-base-climate-specificity,Local model,climatebert_multi_20260527T052620Z_aeacec
llm_48ad7a79bce3,spec,0.627559,False,distilroberta-base-climate-specificity,Local model,climatebert_multi_20260527T052620Z_aeacec
llm_134f12ce21eb,spec,0.692547,False,distilroberta-base-climate-specificity,Local model,climatebert_multi_20260527T052620Z_aeacec
llm_c3d8481b7114,spec,0.705193,False,distilroberta-base-climate-specificity,Local model,climatebert_multi_20260527T052620Z_aeacec
llm_c9ba6136e577,spec,0.683759,False,distilroberta-base-climate-specificity,Local model,climatebert_multi_20260527T052620Z_aeacec
llm_d5dcd7b068cf,spec,0.624483,False,distilroberta-base-climate-specificity,Local model,climatebert_multi_20260527T052620Z_aeacec
llm_be0935e94ca5,non,0.780681,False,distilroberta-base-climate-specificity,Local model,climatebert_multi_20260527T052620Z_aeacec
llm_237560439b6a,non,0.722028,False,distilroberta-base-climate-specificity,Local model,climatebert_multi_20260527T052620Z_aeacec
llm_629d56070360,non,0.637797,False,distilroberta-base-climate-specificity,Local model,climatebert_multi_20260527T052620Z_aeacec
llm_fb92523bd6d1,spec,0.573243,False,distilroberta-base-climate-specificity,Local model,climatebert_multi_20260527T052620Z_aeacec
llm_fe4fb303c066,spec,0.702421,False,distilroberta-base-climate-specificity,Local model,climatebert_multi_20260527T052620Z_aeacec
llm_fab8bb990c7a,spec,0.819953,False,distilroberta-base-climate-specificity,Local model,climatebert_multi_20260527T052620Z_aeacec
llm_2475505f9701,spec,0.810863,False,distilroberta-base-climate-specificity,Local model,climatebert_multi_20260527T052620Z_aeacec
llm_8f1e503cf1aa,spec,0.740282,False,distilroberta-base-climate-specificity,Local model,climatebert_multi_20260527T052620Z_aeacec
llm_6c12a7333bf5,spec,0.573874,False,distilroberta-base-climate-specificity,Local model,climatebert_multi_20260527T052620Z_aeacec
llm_54c209f24670,spec,0.60859,False,distilroberta-base-climate-specificity,Local model,climatebert_multi_20260527T052620Z_aeacec
llm_7bbea14ae6ba,spec,0.571717,False,distilroberta-base-climate-specificity,Local model,climatebert_multi_20260527T052620Z_aeacec
llm_397e44e1964b,spec,0.668221,False,distilroberta-base-climate-specificity,Local model,climatebert_multi_20260527T052620Z_aeacec
llm_49c0ccef8187,spec,0.646413,False,distilroberta-base-climate-specificity,Local model,climatebert_multi_20260527T052620Z_aeacec
llm_bf3397bbc63c,spec,0.580238,False,distilroberta-base-climate-specificity,Local model,climatebert_multi_20260527T052620Z_aeacec
llm_4b6f355eb13e,spec,0.568827,False,distilroberta-base-climate-specificity,Local model,climatebert_multi_20260527T052620Z_aeacec
llm_b1fb32e74533,spec,0.521467,False,distilroberta-base-climate-specificity,Local model,climatebert_multi_20260527T052620Z_aeacec
llm_ff9d26c150c2,spec,0.649483,False,distilroberta-base-climate-specificity,Local model,climatebert_multi_20260527T052620Z_aeacec
llm_db4d333f5925,spec,0.566466,False,distilroberta-base-climate-specificity,Local model,climatebert_multi_20260527T052620Z_aeacec
llm_c2163287c36d,spec,0.589886,False,distilroberta-base-climate-specificity,Local model,climatebert_multi_20260527T052620Z_aeacec
llm_4d3d56bb9de8,spec,0.607399,False,distilroberta-base-climate-specificity,Local model,climatebert_multi_20260527T052620Z_aeacec
llm_f1ff476f85c3,spec,0.657835,False,distilroberta-base-climate-specificity,Local model,climatebert_multi_20260527T052620Z_aeacec
llm_13b63cf89212,spec,0.53594,False,distilroberta-base-climate-specificity,Local model,climatebert_multi_20260527T052620Z_aeacec
llm_268a06ef8d5b,spec,0.593918,False,distilroberta-base-climate-specificity,Local model,climatebert_multi_20260527T052620Z_aeacec
llm_274784640111,spec,0.578314,False,distilroberta-base-climate-specificity,Local model,climatebert_multi_20260527T052620Z_aeacec
llm_d6077fcf0972,spec,0.5835,False,distilroberta-base-climate-specificity,Local model,climatebert_multi_20260527T052620Z_aeacec
llm_b53cce3e4ebc,spec,0.594818,False,distilroberta-base-climate-specificity,Local model,climatebert_multi_20260527T052620Z_aeacec
llm_6c5f58ad2391,spec,0.669045,False,distilroberta-base-climate-specificity,Local model,climatebert_multi_20260527T052620Z_aeacec
llm_01eaa87b7ad2,spec,0.619535,False,distilroberta-base-climate-specificity,Local model,climatebert_multi_20260527T052620Z_aeacec
llm_30368122202b,spec,0.603276,False,distilroberta-base-climate-specificity,Local model,climatebert_multi_20260527T052620Z_aeacec
llm_1f0c5bc650dc,spec,0.627559,False,distilroberta-base-climate-specificity,Local model,climatebert_multi_20260527T052620Z_aeacec
llm_b5c6eb263fcb,spec,0.692547,False,distilroberta-base-climate-specificity,Local model,climatebert_multi_20260527T052620Z_aeacec
llm_5823c4a62b12,non,0.666803,False,distilroberta-base-climate-specificity,Local model,climatebert_multi_20260527T052620Z_aeacec
llm_087a7e323321,spec,0.621909,False,distilroberta-base-climate-specificity,Local model,climatebert_multi_20260527T052620Z_aeacec
llm_616c406b1347,spec,0.648932,False,distilroberta-base-climate-specificity,Local model,climatebert_multi_20260527T052620Z_aeacec
llm_2de2a6c5798c,spec,0.520531,False,distilroberta-base-climate-specificity,Local model,climatebert_multi_20260527T052620Z_aeacec
llm_77737f77bf20,spec,0.507351,False,distilroberta-base-climate-specificity,Local model,climatebert_multi_20260527T052620Z_aeacec
llm_6409226903a5,spec,0.56964,False,distilroberta-base-climate-specificity,Local model,climatebert_multi_20260527T052620Z_aeacec
llm_f6e9f0c70dc8,spec,0.621287,False,distilroberta-base-climate-specificity,Local model,climatebert_multi_20260527T052620Z_aeacec
llm_32b7eb44287e,non,0.590652,False,distilroberta-base-climate-specificity,Local model,climatebert_multi_20260527T052620Z_aeacec
llm_bfd570e5aa94,non,0.634011,False,distilroberta-base-climate-specificity,Local model,climatebert_multi_20260527T052620Z_aeacec
llm_6b77f12be8da,non,0.506182,False,distilroberta-base-climate-specificity,Local model,climatebert_multi_20260527T052620Z_aeacec
llm_a01291520171,spec,0.530878,False,distilroberta-base-climate-specificity,Local model,climatebert_multi_20260527T052620Z_aeacec
llm_781c72d70d10,spec,0.604807,False,distilroberta-base-climate-specificity,Local model,climatebert_multi_20260527T052620Z_aeacec
llm_5dc47cddcb9b,spec,0.57066,False,distilroberta-base-climate-specificity,Local model,climatebert_multi_20260527T052620Z_aeacec
llm_6485d8858d50,spec,0.555,False,distilroberta-base-climate-specificity,Local model,climatebert_multi_20260527T052620Z_aeacec
llm_1657a1fff2a8,spec,0.650352,False,distilroberta-base-climate-specificity,Local model,climatebert_multi_20260527T052620Z_aeacec
llm_e2a67c8d4540,spec,0.698488,False,distilroberta-base-climate-specificity,Local model,climatebert_multi_20260527T052620Z_aeacec
llm_54972fa63e0f,spec,0.643054,False,distilroberta-base-climate-specificity,Local model,climatebert_multi_20260527T052620Z_aeacec
llm_9a74b6f03e72,spec,0.668302,False,distilroberta-base-climate-specificity,Local model,climatebert_multi_20260527T052620Z_aeacec
llm_71ba7ebd7aae,spec,0.581691,False,distilroberta-base-climate-specificity,Local model,climatebert_multi_20260527T052620Z_aeacec
llm_54954c0b14a0,spec,0.513412,False,distilroberta-base-climate-specificity,Local model,climatebert_multi_20260527T052620Z_aeacec
llm_2ce583d9e04c,spec,0.529662,False,distilroberta-base-climate-specificity,Local model,climatebert_multi_20260527T052620Z_aeacec
llm_8aa301b40577,spec,0.57615,False,distilroberta-base-climate-specificity,Local model,climatebert_multi_20260527T052620Z_aeacec
llm_ec9250d5aca0,non,0.516585,False,distilroberta-base-climate-specificity,Local model,climatebert_multi_20260527T052620Z_aeacec
llm_9edeff30c937,spec,0.547116,False,distilroberta-base-climate-specificity,Local model,climatebert_multi_20260527T052620Z_aeacec
llm_5e7d37d9e4ab,spec,0.602351,False,distilroberta-base-climate-specificity,Local model,climatebert_multi_20260527T052620Z_aeacec
llm_8f82591983e1,spec,0.603123,False,distilroberta-base-climate-specificity,Local model,climatebert_multi_20260527T052620Z_aeacec
llm_ec44a9850ad0,spec,0.706149,False,distilroberta-base-climate-specificity,Local model,climatebert_multi_20260527T052620Z_aeacec
llm_1e30ae3d0c17,non,0.641454,False,distilroberta-base-climate-specificity,Local model,climatebert_multi_20260527T052620Z_aeacec
llm_571eebfc1acc,non,0.547801,False,distilroberta-base-climate-specificity,Local model,climatebert_multi_20260527T052620Z_aeacec
llm_ca1001431e6d,spec,0.501638,False,distilroberta-base-climate-specificity,Local model,climatebert_multi_20260527T052620Z_aeacec
llm_f76e55c34fa5,non,0.526695,False,distilroberta-base-climate-specificity,Local model,climatebert_multi_20260527T052620Z_aeacec
llm_cc771ba25cf7,spec,0.562106,False,distilroberta-base-climate-specificity,Local model,climatebert_multi_20260527T052620Z_aeacec
llm_bb84437d7887,non,0.55617,False,distilroberta-base-climate-specificity,Local model,climatebert_multi_20260527T052620Z_aeacec
llm_9b38996a8900,non,0.587335,False,distilroberta-base-climate-specificity,Local model,climatebert_multi_20260527T052620Z_aeacec
llm_acf0b2d2c5b6,spec,0.555738,False,distilroberta-base-climate-specificity,Local model,climatebert_multi_20260527T052620Z_aeacec
llm_459782529970,spec,0.530153,False,distilroberta-base-climate-specificity,Local model,climatebert_multi_20260527T052620Z_aeacec
llm_affccd423d3e,spec,0.645833,False,distilroberta-base-climate-specificity,Local model,climatebert_multi_20260527T052620Z_aeacec
llm_d5bb6fcd2b21,spec,0.519582,False,distilroberta-base-climate-specificity,Local model,climatebert_multi_20260527T052620Z_aeacec
llm_563a14331eeb,spec,0.549243,False,distilroberta-base-climate-specificity,Local model,climatebert_multi_20260527T052620Z_aeacec
llm_7854e90fc699,spec,0.523702,False,distilroberta-base-climate-specificity,Local model,climatebert_multi_20260527T052620Z_aeacec
llm_137fc4664fa8,spec,0.569708,False,distilroberta-base-climate-specificity,Local model,climatebert_multi_20260527T052620Z_aeacec
llm_254e58eecbac,spec,0.528346,False,distilroberta-base-climate-specificity,Local model,climatebert_multi_20260527T052620Z_aeacec
llm_39be6a34b8c5,spec,0.58202,False,distilroberta-base-climate-specificity,Local model,climatebert_multi_20260527T052620Z_aeacec
llm_fea930601828,spec,0.543113,False,distilroberta-base-climate-specificity,Local model,climatebert_multi_20260527T052620Z_aeacec
llm_a9e53e74e18e,spec,0.551832,False,distilroberta-base-climate-specificity,Local model,climatebert_multi_20260527T052620Z_aeacec
llm_0ea11a17cb22,spec,0.571437,False,distilroberta-base-climate-specificity,Local model,climatebert_multi_20260527T052620Z_aeacec
llm_e74d6a8afc7a,spec,0.693857,False,distilroberta-base-climate-specificity,Local model,climatebert_multi_20260527T052620Z_aeacec
llm_c61228c194b6,spec,0.697946,False,distilroberta-base-climate-specificity,Local model,climatebert_multi_20260527T052620Z_aeacec
llm_439d4810d7c5,spec,0.542912,False,distilroberta-base-climate-specificity,Local model,climatebert_multi_20260527T052620Z_aeacec
llm_d0c742a84395,spec,0.568827,False,distilroberta-base-climate-specificity,Local model,climatebert_multi_20260527T052620Z_aeacec
llm_76094559e132,spec,0.521467,False,distilroberta-base-climate-specificity,Local model,climatebert_multi_20260527T052620Z_aeacec
llm_0ceb8ab38640,spec,0.649483,False,distilroberta-base-climate-specificity,Local model,climatebert_multi_20260527T052620Z_aeacec
llm_c0c086736dd1,spec,0.566466,False,distilroberta-base-climate-specificity,Local model,climatebert_multi_20260527T052620Z_aeacec
llm_4a0a1ef21fce,spec,0.589886,False,distilroberta-base-climate-specificity,Local model,climatebert_multi_20260527T052620Z_aeacec
llm_85fb6e334914,spec,0.607399,False,distilroberta-base-climate-specificity,Local model,climatebert_multi_20260527T052620Z_aeacec
llm_13de82b54897,spec,0.657835,False,distilroberta-base-climate-specificity,Local model,climatebert_multi_20260527T052620Z_aeacec
llm_0178f8fbc5e2,spec,0.53594,False,distilroberta-base-climate-specificity,Local model,climatebert_multi_20260527T052620Z_aeacec
llm_ad990c4fb35d,spec,0.593918,False,distilroberta-base-climate-specificity,Local model,climatebert_multi_20260527T052620Z_aeacec
llm_fc4b9e6c461f,spec,0.637843,False,distilroberta-base-climate-specificity,Local model,climatebert_multi_20260527T052620Z_aeacec
llm_d60d5de57de9,spec,0.608315,False,distilroberta-base-climate-specificity,Local model,climatebert_multi_20260527T052620Z_aeacec
llm_2c481d15fd9a,spec,0.578314,False,distilroberta-base-climate-specificity,Local model,climatebert_multi_20260527T052620Z_aeacec
llm_a82e3a1916d6,spec,0.619845,False,distilroberta-base-climate-specificity,Local model,climatebert_multi_20260527T052620Z_aeacec
llm_2b02c701a3b8,spec,0.5835,False,distilroberta-base-climate-specificity,Local model,climatebert_multi_20260527T052620Z_aeacec
llm_a0ead9017351,spec,0.594818,False,distilroberta-base-climate-specificity,Local model,climatebert_multi_20260527T052620Z_aeacec
llm_b62a0bbd9ba8,spec,0.669045,False,distilroberta-base-climate-specificity,Local model,climatebert_multi_20260527T052620Z_aeacec
llm_ca8b83572eba,spec,0.619535,False,distilroberta-base-climate-specificity,Local model,climatebert_multi_20260527T052620Z_aeacec
llm_04f66728e12e,spec,0.814709,False,distilroberta-base-climate-specificity,Local model,climatebert_multi_20260527T052620Z_aeacec
llm_c3a04275bcb5,spec,0.602759,False,distilroberta-base-climate-specificity,Local model,climatebert_multi_20260527T052620Z_aeacec
llm_3fe9cfa50204,spec,0.528899,False,distilroberta-base-climate-specificity,Local model,climatebert_multi_20260527T052620Z_aeacec
llm_8a0778753dff,spec,0.573243,False,distilroberta-base-climate-specificity,Local model,climatebert_multi_20260527T052620Z_aeacec
llm_b543bbeff312,spec,0.702421,False,distilroberta-base-climate-specificity,Local model,climatebert_multi_20260527T052620Z_aeacec
llm_c3b66eaa1ff9,spec,0.819953,False,distilroberta-base-climate-specificity,Local model,climatebert_multi_20260527T052620Z_aeacec
llm_af14cf64d115,spec,0.810863,False,distilroberta-base-climate-specificity,Local model,climatebert_multi_20260527T052620Z_aeacec
llm_16a9aff41060,spec,0.740282,False,distilroberta-base-climate-specificity,Local model,climatebert_multi_20260527T052620Z_aeacec
llm_f06e8afff034,spec,0.573874,False,distilroberta-base-climate-specificity,Local model,climatebert_multi_20260527T052620Z_aeacec
llm_5de3dfc4f735,spec,0.60859,False,distilroberta-base-climate-specificity,Local model,climatebert_multi_20260527T052620Z_aeacec
llm_247e5dd2ad30,spec,0.571717,False,distilroberta-base-climate-specificity,Local model,climatebert_multi_20260527T052620Z_aeacec
llm_527b1574263f,spec,0.566215,False,distilroberta-base-climate-specificity,Local model,climatebert_multi_20260527T052620Z_aeacec
llm_01a6d8279318,spec,0.766085,False,distilroberta-base-climate-specificity,Local model,climatebert_multi_20260527T052620Z_aeacec
llm_758e4c5ab89e,non,0.557422,False,distilroberta-base-climate-specificity,Local model,climatebert_multi_20260527T052620Z_aeacec
llm_f9c012cddf10,spec,0.585901,False,distilroberta-base-climate-specificity,Local model,climatebert_multi_20260527T052620Z_aeacec
llm_76311d295790,spec,0.827902,False,distilroberta-base-climate-specificity,Local model,climatebert_multi_20260527T052620Z_aeacec
llm_d4388d188b70,spec,0.821652,False,distilroberta-base-climate-specificity,Local model,climatebert_multi_20260527T052620Z_aeacec
llm_0ce5118fd493,spec,0.507883,False,distilroberta-base-climate-specificity,Local model,climatebert_multi_20260527T052620Z_aeacec
llm_45608503f0d8,spec,0.83665,False,distilroberta-base-climate-specificity,Local model,climatebert_multi_20260527T052620Z_aeacec
llm_8c6750cf15ee,spec,0.839131,False,distilroberta-base-climate-specificity,Local model,climatebert_multi_20260527T052620Z_aeacec
llm_509ecd6f72ef,non,0.525003,False,distilroberta-base-climate-specificity,Local model,climatebert_multi_20260527T052620Z_aeacec
llm_423a67c01a67,non,0.515994,False,distilroberta-base-climate-specificity,Local model,climatebert_multi_20260527T052620Z_aeacec
llm_2b5c5587b38a,non,0.528638,False,distilroberta-base-climate-specificity,Local model,climatebert_multi_20260527T052620Z_aeacec
llm_5fd89fee7e95,spec,0.502501,False,distilroberta-base-climate-specificity,Local model,climatebert_multi_20260527T052620Z_aeacec
llm_b87fd62e716c,spec,0.505976,False,distilroberta-base-climate-specificity,Local model,climatebert_multi_20260527T052620Z_aeacec
llm_1e950557641f,non,0.504223,False,distilroberta-base-climate-specificity,Local model,climatebert_multi_20260527T052620Z_aeacec
llm_b756569a4a84,non,0.50061,False,distilroberta-base-climate-specificity,Local model,climatebert_multi_20260527T052620Z_aeacec
llm_c16029025e89,spec,0.510959,False,distilroberta-base-climate-specificity,Local model,climatebert_multi_20260527T052620Z_aeacec
llm_de39864dd5df,spec,0.643054,False,distilroberta-base-climate-specificity,Local model,climatebert_multi_20260527T052620Z_aeacec
llm_a0125204d0ae,spec,0.690378,False,distilroberta-base-climate-specificity,Local model,climatebert_multi_20260527T052620Z_aeacec
llm_028762293c73,non,0.516585,False,distilroberta-base-climate-specificity,Local model,climatebert_multi_20260527T052620Z_aeacec
llm_eb0b7cc16bda,spec,0.600581,False,distilroberta-base-climate-specificity,Local model,climatebert_multi_20260527T052620Z_aeacec
llm_752c9744dee4,spec,0.733365,False,distilroberta-base-climate-specificity,Local model,climatebert_multi_20260527T052620Z_aeacec
llm_338879c841ea,spec,0.568827,False,distilroberta-base-climate-specificity,Local model,climatebert_multi_20260527T052620Z_aeacec
llm_020dc718b53c,spec,0.521467,False,distilroberta-base-climate-specificity,Local model,climatebert_multi_20260527T052620Z_aeacec
llm_a376400ebdcd,spec,0.648566,False,distilroberta-base-climate-specificity,Local model,climatebert_multi_20260527T052620Z_aeacec
llm_0c92730685b3,spec,0.566466,False,distilroberta-base-climate-specificity,Local model,climatebert_multi_20260527T052620Z_aeacec
llm_9120ee9bb105,spec,0.589886,False,distilroberta-base-climate-specificity,Local model,climatebert_multi_20260527T052620Z_aeacec
llm_d85fc7760389,spec,0.607399,False,distilroberta-base-climate-specificity,Local model,climatebert_multi_20260527T052620Z_aeacec
llm_cac80c562c30,spec,0.657835,False,distilroberta-base-climate-specificity,Local model,climatebert_multi_20260527T052620Z_aeacec
llm_cdaf1285e2b9,spec,0.53594,False,distilroberta-base-climate-specificity,Local model,climatebert_multi_20260527T052620Z_aeacec
llm_b42c28b5f0b8,spec,0.593918,False,distilroberta-base-climate-specificity,Local model,climatebert_multi_20260527T052620Z_aeacec
llm_98df6e6567ff,spec,0.627012,False,distilroberta-base-climate-specificity,Local model,climatebert_multi_20260527T052620Z_aeacec
llm_9aa0e4762a35,spec,0.665565,False,distilroberta-base-climate-specificity,Local model,climatebert_multi_20260527T052620Z_aeacec
llm_184726d5b620,spec,0.652764,False,distilroberta-base-climate-specificity,Local model,climatebert_multi_20260527T052620Z_aeacec
llm_0ec19400642a,spec,0.521338,False,distilroberta-base-climate-specificity,Local model,climatebert_multi_20260527T052620Z_aeacec
llm_45a6611cddd2,spec,0.669045,False,distilroberta-base-climate-specificity,Local model,climatebert_multi_20260527T052620Z_aeacec
llm_74d57b2592f7,non,0.716534,False,distilroberta-base-climate-specificity,Local model,climatebert_multi_20260527T052620Z_aeacec
llm_5cb73d767422,non,0.677092,False,distilroberta-base-climate-specificity,Local model,climatebert_multi_20260527T052620Z_aeacec
llm_034fc8884183,non,0.735445,False,distilroberta-base-climate-specificity,Local model,climatebert_multi_20260527T052620Z_aeacec
llm_0f745794cf5a,spec,0.573243,False,distilroberta-base-climate-specificity,Local model,climatebert_multi_20260527T052620Z_aeacec
llm_f4bfb4f13f79,spec,0.702421,False,distilroberta-base-climate-specificity,Local model,climatebert_multi_20260527T052620Z_aeacec
llm_234367b17ee8,spec,0.819953,False,distilroberta-base-climate-specificity,Local model,climatebert_multi_20260527T052620Z_aeacec
llm_da615b556d94,spec,0.810863,False,distilroberta-base-climate-specificity,Local model,climatebert_multi_20260527T052620Z_aeacec
llm_ed954ebe392f,spec,0.740282,False,distilroberta-base-climate-specificity,Local model,climatebert_multi_20260527T052620Z_aeacec
llm_b61b264161b9,spec,0.573874,False,distilroberta-base-climate-specificity,Local model,climatebert_multi_20260527T052620Z_aeacec
llm_f9e2a312e9d4,spec,0.60859,False,distilroberta-base-climate-specificity,Local model,climatebert_multi_20260527T052620Z_aeacec
llm_321c3e8f6b95,spec,0.571717,False,distilroberta-base-climate-specificity,Local model,climatebert_multi_20260527T052620Z_aeacec
llm_3433153f8a7e,spec,0.566215,False,distilroberta-base-climate-specificity,Local model,climatebert_multi_20260527T052620Z_aeacec
llm_074b013e8a5a,spec,0.766085,False,distilroberta-base-climate-specificity,Local model,climatebert_multi_20260527T052620Z_aeacec
llm_0124c87a6798,non,0.557422,False,distilroberta-base-climate-specificity,Local model,climatebert_multi_20260527T052620Z_aeacec
llm_d2a6a4fa5013,spec,0.65207,False,distilroberta-base-climate-specificity,Local model,climatebert_multi_20260527T052620Z_aeacec
llm_08dfc33b172a,spec,0.827902,False,distilroberta-base-climate-specificity,Local model,climatebert_multi_20260527T052620Z_aeacec
llm_9964d1151ace,spec,0.821652,False,distilroberta-base-climate-specificity,Local model,climatebert_multi_20260527T052620Z_aeacec
llm_271b891b9214,spec,0.507883,False,distilroberta-base-climate-specificity,Local model,climatebert_multi_20260527T052620Z_aeacec
llm_35ab4e2de178,spec,0.83665,False,distilroberta-base-climate-specificity,Local model,climatebert_multi_20260527T052620Z_aeacec
llm_d5db51beb334,spec,0.839131,False,distilroberta-base-climate-specificity,Local model,climatebert_multi_20260527T052620Z_aeacec
llm_5ee936ca1d83,spec,0.563909,False,distilroberta-base-climate-specificity,Local model,climatebert_multi_20260527T052620Z_aeacec
llm_b694aa483a73,spec,0.53321,False,distilroberta-base-climate-specificity,Local model,climatebert_multi_20260527T052620Z_aeacec
llm_42a8b7ea4c4f,spec,0.563827,False,distilroberta-base-climate-specificity,Local model,climatebert_multi_20260527T052620Z_aeacec
llm_cabe0cb3686b,non,0.583629,False,distilroberta-base-climate-specificity,Local model,climatebert_multi_20260527T052620Z_aeacec
llm_26e3680b93be,spec,0.545614,False,distilroberta-base-climate-specificity,Local model,climatebert_multi_20260527T052620Z_aeacec
llm_f252d6db20b9,spec,0.525447,False,distilroberta-base-climate-specificity,Local model,climatebert_multi_20260527T052620Z_aeacec
llm_5a36066fa0e2,spec,0.610637,False,distilroberta-base-climate-specificity,Local model,climatebert_multi_20260527T052620Z_aeacec
llm_714e0e06c8e1,non,0.680191,False,distilroberta-base-climate-specificity,Local model,climatebert_multi_20260527T052620Z_aeacec
llm_b201c3d34ef9,spec,0.587514,False,distilroberta-base-climate-specificity,Local model,climatebert_multi_20260527T052620Z_aeacec
llm_14f26a3a1adf,spec,0.616276,False,distilroberta-base-climate-specificity,Local model,climatebert_multi_20260527T052620Z_aeacec
llm_8279d24039e3,non,0.526821,False,distilroberta-base-climate-specificity,Local model,climatebert_multi_20260527T052620Z_aeacec
llm_07ec681d61c2,spec,0.573243,False,distilroberta-base-climate-specificity,Local model,climatebert_multi_20260527T052620Z_aeacec
llm_b2497c4aea6b,spec,0.702421,False,distilroberta-base-climate-specificity,Local model,climatebert_multi_20260527T052620Z_aeacec
llm_07ab8d4ed9f0,spec,0.819953,False,distilroberta-base-climate-specificity,Local model,climatebert_multi_20260527T052620Z_aeacec
llm_8108ee7b725e,spec,0.810863,False,distilroberta-base-climate-specificity,Local model,climatebert_multi_20260527T052620Z_aeacec
llm_175b86a19f53,spec,0.740282,False,distilroberta-base-climate-specificity,Local model,climatebert_multi_20260527T052620Z_aeacec
llm_e1b944b5dbb2,spec,0.573874,False,distilroberta-base-climate-specificity,Local model,climatebert_multi_20260527T052620Z_aeacec
llm_224b169dd80f,spec,0.60859,False,distilroberta-base-climate-specificity,Local model,climatebert_multi_20260527T052620Z_aeacec
llm_784302acf975,spec,0.571717,False,distilroberta-base-climate-specificity,Local model,climatebert_multi_20260527T052620Z_aeacec
llm_52f75fcd8605,spec,0.566215,False,distilroberta-base-climate-specificity,Local model,climatebert_multi_20260527T052620Z_aeacec
llm_e9cf03f7783e,spec,0.766085,False,distilroberta-base-climate-specificity,Local model,climatebert_multi_20260527T052620Z_aeacec
llm_c9ca1e1d5b2d,non,0.557422,False,distilroberta-base-climate-specificity,Local model,climatebert_multi_20260527T052620Z_aeacec
llm_4f0ae3d14f86,spec,0.65207,False,distilroberta-base-climate-specificity,Local model,climatebert_multi_20260527T052620Z_aeacec
llm_5cce68edbc5d,spec,0.507883,False,distilroberta-base-climate-specificity,Local model,climatebert_multi_20260527T052620Z_aeacec
llm_b5f0edc0c99d,spec,0.83665,False,distilroberta-base-climate-specificity,Local model,climatebert_multi_20260527T052620Z_aeacec
llm_b2dce3922760,spec,0.839131,False,distilroberta-base-climate-specificity,Local model,climatebert_multi_20260527T052620Z_aeacec
llm_d2d9115ca93c,spec,0.623966,False,distilroberta-base-climate-specificity,Local model,climatebert_multi_20260527T052620Z_aeacec
llm_1e15e4899c48,non,0.518035,False,distilroberta-base-climate-specificity,Local model,climatebert_multi_20260527T052620Z_aeacec
llm_8b11f3036473,non,0.520735,False,distilroberta-base-climate-specificity,Local model,climatebert_multi_20260527T052620Z_aeacec
llm_43dc30ff4c32,spec,0.634838,False,distilroberta-base-climate-specificity,Local model,climatebert_multi_20260527T052620Z_aeacec
llm_099b16a7e631,spec,0.641743,False,distilroberta-base-climate-specificity,Local model,climatebert_multi_20260527T052620Z_aeacec
llm_a28f636b0141,spec,0.592472,False,distilroberta-base-climate-specificity,Local model,climatebert_multi_20260527T052620Z_aeacec
llm_8c657604db04,spec,0.540535,False,distilroberta-base-climate-specificity,Local model,climatebert_multi_20260527T052620Z_aeacec
llm_163de26a8ddd,non,0.565212,False,distilroberta-base-climate-specificity,Local model,climatebert_multi_20260527T052620Z_aeacec
llm_b622ef087f12,non,0.634075,False,distilroberta-base-climate-specificity,Local model,climatebert_multi_20260527T052620Z_aeacec
llm_467a4e80742e,non,0.500505,False,distilroberta-base-climate-specificity,Local model,climatebert_multi_20260527T052620Z_aeacec
llm_27de2dcc5076,non,0.73948,False,distilroberta-base-climate-specificity,Local model,climatebert_multi_20260527T052620Z_aeacec
llm_1b9bfa67a192,non,0.573275,False,distilroberta-base-climate-specificity,Local model,climatebert_multi_20260527T052620Z_aeacec
llm_373cd16ebc0e,spec,0.602759,False,distilroberta-base-climate-specificity,Local model,climatebert_multi_20260527T052620Z_aeacec
llm_d594fce36224,spec,0.627559,False,distilroberta-base-climate-specificity,Local model,climatebert_multi_20260527T052620Z_aeacec
llm_4696424baa77,spec,0.692547,False,distilroberta-base-climate-specificity,Local model,climatebert_multi_20260527T052620Z_aeacec
llm_5ec6c7398d76,spec,0.704142,False,distilroberta-base-climate-specificity,Local model,climatebert_multi_20260527T052620Z_aeacec
llm_eb69fec041ee,spec,0.683759,False,distilroberta-base-climate-specificity,Local model,climatebert_multi_20260527T052620Z_aeacec
llm_372b7c86f49d,spec,0.70214,False,distilroberta-base-climate-specificity,Local model,climatebert_multi_20260527T052620Z_aeacec
llm_66914db8bb15,spec,0.814709,False,distilroberta-base-climate-specificity,Local model,climatebert_multi_20260527T052620Z_aeacec
llm_72729d2d05d6,non,0.526968,False,distilroberta-base-climate-specificity,Local model,climatebert_multi_20260527T052620Z_aeacec
llm_82da7185a7d2,spec,0.529216,False,distilroberta-base-climate-specificity,Local model,climatebert_multi_20260527T052620Z_aeacec
llm_8df76aeddca9,spec,0.562919,False,distilroberta-base-climate-specificity,Local model,climatebert_multi_20260527T052620Z_aeacec
llm_23e65e21f10d,spec,0.652806,False,distilroberta-base-climate-specificity,Local model,climatebert_multi_20260527T052620Z_aeacec
llm_44562a9c55b6,non,0.507761,False,distilroberta-base-climate-specificity,Local model,climatebert_multi_20260527T052620Z_aeacec
llm_267ae58ceda8,non,0.573536,False,distilroberta-base-climate-specificity,Local model,climatebert_multi_20260527T052620Z_aeacec
llm_fb919f071faa,spec,0.516095,False,distilroberta-base-climate-specificity,Local model,climatebert_multi_20260527T052620Z_aeacec
llm_aee304a37cab,spec,0.566466,False,distilroberta-base-climate-specificity,Local model,climatebert_multi_20260527T052620Z_aeacec
llm_289812a28aa3,spec,0.589886,False,distilroberta-base-climate-specificity,Local model,climatebert_multi_20260527T052620Z_aeacec
llm_9bbd95a5f156,spec,0.607399,False,distilroberta-base-climate-specificity,Local model,climatebert_multi_20260527T052620Z_aeacec
llm_01823b87c48b,spec,0.594818,False,distilroberta-base-climate-specificity,Local model,climatebert_multi_20260527T052620Z_aeacec
llm_02e9062793c0,spec,0.556833,False,distilroberta-base-climate-specificity,Local model,climatebert_multi_20260527T052620Z_aeacec
llm_83dbc8e61ebe,spec,0.506939,False,distilroberta-base-climate-specificity,Local model,climatebert_multi_20260527T052620Z_aeacec
llm_bc9aa7fa2ded,non,0.638906,False,distilroberta-base-climate-specificity,Local model,climatebert_multi_20260527T052620Z_aeacec
llm_8cddd2a28f78,non,0.503074,False,distilroberta-base-climate-specificity,Local model,climatebert_multi_20260527T052620Z_aeacec
llm_0ed3cce8876e,spec,0.653621,False,distilroberta-base-climate-specificity,Local model,climatebert_multi_20260527T052620Z_aeacec
llm_746ee0ea7149,spec,0.693474,False,distilroberta-base-climate-specificity,Local model,climatebert_multi_20260527T052620Z_aeacec
llm_d6fa66424dfc,spec,0.683759,False,distilroberta-base-climate-specificity,Local model,climatebert_multi_20260527T052620Z_aeacec
llm_ad104c5f93bb,spec,0.697659,False,distilroberta-base-climate-specificity,Local model,climatebert_multi_20260527T052620Z_aeacec
llm_8e9b2974f892,spec,0.622932,False,distilroberta-base-climate-specificity,Local model,climatebert_multi_20260527T052620Z_aeacec
llm_693da181f4cf,spec,0.583348,False,distilroberta-base-climate-specificity,Local model,climatebert_multi_20260527T052620Z_aeacec
llm_891b609fd494,spec,0.655179,False,distilroberta-base-climate-specificity,Local model,climatebert_multi_20260527T052620Z_aeacec
llm_ee9f634353c3,spec,0.555227,False,distilroberta-base-climate-specificity,Local model,climatebert_multi_20260527T052620Z_aeacec
llm_f5dfccdc5043,spec,0.566545,False,distilroberta-base-climate-specificity,Local model,climatebert_multi_20260527T052620Z_aeacec
llm_8bd7fae04ae1,spec,0.630153,False,distilroberta-base-climate-specificity,Local model,climatebert_multi_20260527T052620Z_aeacec
llm_43fb038195f4,spec,0.702421,False,distilroberta-base-climate-specificity,Local model,climatebert_multi_20260527T052620Z_aeacec
llm_421721092069,spec,0.766085,False,distilroberta-base-climate-specificity,Local model,climatebert_multi_20260527T052620Z_aeacec
llm_f3c54d538a5b,spec,0.573243,False,distilroberta-base-climate-specificity,Local model,climatebert_multi_20260527T052620Z_aeacec
llm_100f73918255,spec,0.702421,False,distilroberta-base-climate-specificity,Local model,climatebert_multi_20260527T052620Z_aeacec
llm_a217d3ac9ae0,spec,0.819953,False,distilroberta-base-climate-specificity,Local model,climatebert_multi_20260527T052620Z_aeacec
llm_d7dce38ae285,spec,0.810863,False,distilroberta-base-climate-specificity,Local model,climatebert_multi_20260527T052620Z_aeacec
llm_550a71795e64,non,0.508915,False,distilroberta-base-climate-specificity,Local model,climatebert_multi_20260527T052620Z_aeacec
llm_22860fc3d455,spec,0.66374,False,distilroberta-base-climate-specificity,Local model,climatebert_multi_20260527T052620Z_aeacec
llm_bb147aff7048,spec,0.617382,False,distilroberta-base-climate-specificity,Local model,climatebert_multi_20260527T052620Z_aeacec
llm_f40b0424de39,non,0.546969,False,distilroberta-base-climate-specificity,Local model,climatebert_multi_20260527T052620Z_aeacec
llm_51884ad8a86c,spec,0.591481,False,distilroberta-base-climate-specificity,Local model,climatebert_multi_20260527T052620Z_aeacec
llm_4e517c4a6a6e,spec,0.568827,False,distilroberta-base-climate-specificity,Local model,climatebert_multi_20260527T052620Z_aeacec
llm_8970e01a57f3,spec,0.521467,False,distilroberta-base-climate-specificity,Local model,climatebert_multi_20260527T052620Z_aeacec
llm_7bbfd6c27f6d,spec,0.649483,False,distilroberta-base-climate-specificity,Local model,climatebert_multi_20260527T052620Z_aeacec
llm_27aa10bb3e90,spec,0.566466,False,distilroberta-base-climate-specificity,Local model,climatebert_multi_20260527T052620Z_aeacec
llm_da81629ad531,spec,0.607399,False,distilroberta-base-climate-specificity,Local model,climatebert_multi_20260527T052620Z_aeacec
llm_2bddb04c6e8e,spec,0.657835,False,distilroberta-base-climate-specificity,Local model,climatebert_multi_20260527T052620Z_aeacec
llm_268f36cc258e,spec,0.53594,False,distilroberta-base-climate-specificity,Local model,climatebert_multi_20260527T052620Z_aeacec
llm_05f8700e9746,spec,0.593918,False,distilroberta-base-climate-specificity,Local model,climatebert_multi_20260527T052620Z_aeacec
llm_977619b610a7,spec,0.637843,False,distilroberta-base-climate-specificity,Local model,climatebert_multi_20260527T052620Z_aeacec
llm_d8700b52042f,spec,0.616593,False,distilroberta-base-climate-specificity,Local model,climatebert_multi_20260527T052620Z_aeacec
llm_94c96f50e8fa,spec,0.578314,False,distilroberta-base-climate-specificity,Local model,climatebert_multi_20260527T052620Z_aeacec
llm_b49f6a2a8c1a,spec,0.619845,False,distilroberta-base-climate-specificity,Local model,climatebert_multi_20260527T052620Z_aeacec
llm_a6527bdeea79,spec,0.5835,False,distilroberta-base-climate-specificity,Local model,climatebert_multi_20260527T052620Z_aeacec
llm_7cc9869096aa,non,0.543577,False,distilroberta-base-climate-specificity,Local model,climatebert_multi_20260527T052620Z_aeacec
llm_0f3280c9e017,non,0.522821,False,distilroberta-base-climate-specificity,Local model,climatebert_multi_20260527T052620Z_aeacec
llm_c594ff4c951b,non,0.540555,False,distilroberta-base-climate-specificity,Local model,climatebert_multi_20260527T052620Z_aeacec
llm_9fab3906f737,non,0.675728,False,distilroberta-base-climate-specificity,Local model,climatebert_multi_20260527T052620Z_aeacec
llm_bda4cc8ee067,spec,0.509077,False,distilroberta-base-climate-specificity,Local model,climatebert_multi_20260527T052620Z_aeacec
llm_9c56d813a2f9,non,0.53561,False,distilroberta-base-climate-specificity,Local model,climatebert_multi_20260527T052620Z_aeacec
llm_a1bc89b3e030,non,0.536852,False,distilroberta-base-climate-specificity,Local model,climatebert_multi_20260527T052620Z_aeacec
llm_c625d781ea9d,non,0.579126,False,distilroberta-base-climate-specificity,Local model,climatebert_multi_20260527T052620Z_aeacec
llm_ab7ce6281385,non,0.536852,False,distilroberta-base-climate-specificity,Local model,climatebert_multi_20260527T052620Z_aeacec
llm_3eb3a99f00cf,non,0.606122,False,distilroberta-base-climate-specificity,Local model,climatebert_multi_20260527T052620Z_aeacec
llm_8d641110b0ac,spec,0.567851,False,distilroberta-base-climate-specificity,Local model,climatebert_multi_20260527T052620Z_aeacec
llm_cfed2f2ed33b,non,0.625089,False,distilroberta-base-climate-specificity,Local model,climatebert_multi_20260527T052620Z_aeacec
llm_954257c12c89,non,0.52375,False,distilroberta-base-climate-specificity,Local model,climatebert_multi_20260527T052620Z_aeacec
llm_8509c2993976,non,0.607111,False,distilroberta-base-climate-specificity,Local model,climatebert_multi_20260527T052620Z_aeacec
llm_6e26988d4816,spec,0.589908,False,distilroberta-base-climate-specificity,Local model,climatebert_multi_20260527T052620Z_aeacec
llm_00aa2874e8b0,spec,0.649483,False,distilroberta-base-climate-specificity,Local model,climatebert_multi_20260527T052620Z_aeacec
llm_1f95ca08050d,non,0.903501,False,distilroberta-base-climate-specificity,Local model,climatebert_multi_20260527T052620Z_aeacec
llm_179ad807721b,non,0.563201,False,distilroberta-base-climate-specificity,Local model,climatebert_multi_20260527T052620Z_aeacec
llm_f2e1e61aeb3b,spec,0.627559,False,distilroberta-base-climate-specificity,Local model,climatebert_multi_20260527T052620Z_aeacec
llm_a43e4e9d1988,non,0.507181,False,distilroberta-base-climate-specificity,Local model,climatebert_multi_20260527T052620Z_aeacec
llm_b4f717caaf18,spec,0.692547,False,distilroberta-base-climate-specificity,Local model,climatebert_multi_20260527T052620Z_aeacec
llm_8c15ec7a0a81,spec,0.705193,False,distilroberta-base-climate-specificity,Local model,climatebert_multi_20260527T052620Z_aeacec
llm_d31623eef918,spec,0.683759,False,distilroberta-base-climate-specificity,Local model,climatebert_multi_20260527T052620Z_aeacec
llm_b8f2d506f4f4,spec,0.697659,False,distilroberta-base-climate-specificity,Local model,climatebert_multi_20260527T052620Z_aeacec
llm_07fe8069c1d9,spec,0.788635,False,distilroberta-base-climate-specificity,Local model,climatebert_multi_20260527T052620Z_aeacec
llm_69b906e963f3,spec,0.673316,False,distilroberta-base-climate-specificity,Local model,climatebert_multi_20260527T052620Z_aeacec
llm_be371183eae0,spec,0.673316,False,distilroberta-base-climate-specificity,Local model,climatebert_multi_20260527T052620Z_aeacec
llm_ebfb62cf54c0,spec,0.642409,False,distilroberta-base-climate-specificity,Local model,climatebert_multi_20260527T052620Z_aeacec
llm_23d0ec30b77a,non,0.541443,False,distilroberta-base-climate-specificity,Local model,climatebert_multi_20260527T052620Z_aeacec
llm_70450b23ca27,spec,0.533647,False,distilroberta-base-climate-specificity,Local model,climatebert_multi_20260527T052620Z_aeacec
llm_3e4b1ed4ebad,non,0.55614,False,distilroberta-base-climate-specificity,Local model,climatebert_multi_20260527T052620Z_aeacec
llm_3f7672ee9f6c,non,0.846282,False,distilroberta-base-climate-specificity,Local model,climatebert_multi_20260527T052620Z_aeacec
llm_9951c91a42c4,non,0.529342,False,distilroberta-base-climate-specificity,Local model,climatebert_multi_20260527T052620Z_aeacec
llm_e944aa1ae21e,non,0.510817,False,distilroberta-base-climate-specificity,Local model,climatebert_multi_20260527T052620Z_aeacec
llm_1f01e1587851,non,0.829141,False,distilroberta-base-climate-specificity,Local model,climatebert_multi_20260527T052620Z_aeacec
llm_48ca1cf3071d,non,0.890016,False,distilroberta-base-climate-specificity,Local model,climatebert_multi_20260527T052620Z_aeacec
llm_4dbb860be1d2,spec,0.874303,False,distilroberta-base-climate-specificity,Local model,climatebert_multi_20260527T052620Z_aeacec
llm_2746e8f71777,spec,0.944389,False,distilroberta-base-climate-specificity,Local model,climatebert_multi_20260527T052620Z_aeacec
llm_e1b2ba54955b,spec,0.934303,False,distilroberta-base-climate-specificity,Local model,climatebert_multi_20260527T052620Z_aeacec
llm_919086c1afe1,spec,0.910493,False,distilroberta-base-climate-specificity,Local model,climatebert_multi_20260527T052620Z_aeacec
llm_13aa6f29442a,spec,0.835229,False,distilroberta-base-climate-specificity,Local model,climatebert_multi_20260527T052620Z_aeacec
llm_424a7d9103de,spec,0.673316,False,distilroberta-base-climate-specificity,Local model,climatebert_multi_20260527T052620Z_aeacec
llm_8c5e213beb12,spec,0.688752,False,distilroberta-base-climate-specificity,Local model,climatebert_multi_20260527T052620Z_aeacec
llm_1138e657f7fc,spec,0.76296,False,distilroberta-base-climate-specificity,Local model,climatebert_multi_20260527T052620Z_aeacec
llm_b3f0ab600e5b,spec,0.871123,False,distilroberta-base-climate-specificity,Local model,climatebert_multi_20260527T052620Z_aeacec
llm_dc24120d4f06,spec,0.661508,False,distilroberta-base-climate-specificity,Local model,climatebert_multi_20260527T052620Z_aeacec
llm_865e601d7b23,spec,0.739038,False,distilroberta-base-climate-specificity,Local model,climatebert_multi_20260527T052620Z_aeacec
llm_6ed06f2f4068,spec,0.556599,False,distilroberta-base-climate-specificity,Local model,climatebert_multi_20260527T052620Z_aeacec
llm_10ab8b07ae75,spec,0.65287,False,distilroberta-base-climate-specificity,Local model,climatebert_multi_20260527T052620Z_aeacec
llm_5ab2da580d10,spec,0.586165,False,distilroberta-base-climate-specificity,Local model,climatebert_multi_20260527T052620Z_aeacec
llm_f16e725b9149,spec,0.613505,False,distilroberta-base-climate-specificity,Local model,climatebert_multi_20260527T052620Z_aeacec
llm_57b827406a70,spec,0.718145,False,distilroberta-base-climate-specificity,Local model,climatebert_multi_20260527T052620Z_aeacec
llm_017cda6ac335,non,0.709449,False,distilroberta-base-climate-specificity,Local model,climatebert_multi_20260527T052620Z_aeacec
llm_cd62e6ed3e56,non,0.861037,False,distilroberta-base-climate-specificity,Local model,climatebert_multi_20260527T052620Z_aeacec
llm_d83a24c52619,spec,0.617723,False,distilroberta-base-climate-specificity,Local model,climatebert_multi_20260527T052620Z_aeacec
llm_cb3b0893b8ba,spec,0.500021,False,distilroberta-base-climate-specificity,Local model,climatebert_multi_20260527T052620Z_aeacec
llm_498e0389554d,spec,0.575539,False,distilroberta-base-climate-specificity,Local model,climatebert_multi_20260527T052620Z_aeacec
llm_1ccc540e765a,spec,0.551168,False,distilroberta-base-climate-specificity,Local model,climatebert_multi_20260527T052620Z_aeacec
llm_1a5e4b23d177,non,0.522535,False,distilroberta-base-climate-specificity,Local model,climatebert_multi_20260527T052620Z_aeacec
llm_47af6c001e2a,spec,0.544442,False,distilroberta-base-climate-specificity,Local model,climatebert_multi_20260527T052620Z_aeacec
llm_6ea954270639,spec,0.920076,False,distilroberta-base-climate-specificity,Local model,climatebert_multi_20260527T052620Z_aeacec
llm_76d35eb57408,spec,0.890639,False,distilroberta-base-climate-specificity,Local model,climatebert_multi_20260527T052620Z_aeacec
llm_92a4d4665782,spec,0.76482,False,distilroberta-base-climate-specificity,Local model,climatebert_multi_20260527T052620Z_aeacec
llm_940b8bd5fa47,non,0.915896,False,distilroberta-base-climate-specificity,Local model,climatebert_multi_20260527T052620Z_aeacec
llm_13c97ee4c6cc,non,0.972651,False,distilroberta-base-climate-specificity,Local model,climatebert_multi_20260527T052620Z_aeacec
llm_20103ebb8e1c,spec,0.673316,False,distilroberta-base-climate-specificity,Local model,climatebert_multi_20260527T052620Z_aeacec
llm_ccbf87db0a2f,non,0.923809,False,distilroberta-base-climate-specificity,Local model,climatebert_multi_20260527T052620Z_aeacec
llm_54c7abe3b771,spec,0.71874,False,distilroberta-base-climate-specificity,Local model,climatebert_multi_20260527T052620Z_aeacec
llm_c56004912ccb,spec,0.743219,False,distilroberta-base-climate-specificity,Local model,climatebert_multi_20260527T052620Z_aeacec
llm_0fd1482c72f8,spec,0.869437,False,distilroberta-base-climate-specificity,Local model,climatebert_multi_20260527T052620Z_aeacec
llm_dac2676c0aff,spec,0.717884,False,distilroberta-base-climate-specificity,Local model,climatebert_multi_20260527T052620Z_aeacec
llm_6767b4c14bb4,spec,0.649076,False,distilroberta-base-climate-specificity,Local model,climatebert_multi_20260527T052620Z_aeacec
llm_eb81166f1ce0,non,0.896081,False,distilroberta-base-climate-specificity,Local model,climatebert_multi_20260527T052620Z_aeacec
llm_905c4149bb7b,spec,0.647844,False,distilroberta-base-climate-specificity,Local model,climatebert_multi_20260527T052620Z_aeacec
llm_e699a6431dde,spec,0.575539,False,distilroberta-base-climate-specificity,Local model,climatebert_multi_20260527T052620Z_aeacec
llm_bdd3ac983a43,spec,0.510489,False,distilroberta-base-climate-specificity,Local model,climatebert_multi_20260527T052620Z_aeacec
llm_baf4a4550716,spec,0.611574,False,distilroberta-base-climate-specificity,Local model,climatebert_multi_20260527T052620Z_aeacec
llm_37598593d721,spec,0.51412,False,distilroberta-base-climate-specificity,Local model,climatebert_multi_20260527T052620Z_aeacec
llm_ae36dc7e9c0a,spec,0.673316,False,distilroberta-base-climate-specificity,Local model,climatebert_multi_20260527T052620Z_aeacec
llm_e7128456ba2c,spec,0.64081,False,distilroberta-base-climate-specificity,Local model,climatebert_multi_20260527T052620Z_aeacec
llm_27d69929767e,non,0.505048,False,distilroberta-base-climate-specificity,Local model,climatebert_multi_20260527T052620Z_aeacec
llm_c0d7da61c088,spec,0.666058,False,distilroberta-base-climate-specificity,Local model,climatebert_multi_20260527T052620Z_aeacec
llm_196ebd23fcc8,spec,0.736414,False,distilroberta-base-climate-specificity,Local model,climatebert_multi_20260527T052620Z_aeacec
llm_de120cc0f4b9,spec,0.831428,False,distilroberta-base-climate-specificity,Local model,climatebert_multi_20260527T052620Z_aeacec
llm_41475cd2b6ba,spec,0.872346,False,distilroberta-base-climate-specificity,Local model,climatebert_multi_20260527T052620Z_aeacec
llm_aac2d8c22916,spec,0.76338,False,distilroberta-base-climate-specificity,Local model,climatebert_multi_20260527T052620Z_aeacec
llm_31f690f5694d,spec,0.593046,False,distilroberta-base-climate-specificity,Local model,climatebert_multi_20260527T052620Z_aeacec
llm_56d107bca409,spec,0.66082,False,distilroberta-base-climate-specificity,Local model,climatebert_multi_20260527T052620Z_aeacec
llm_4d231edb2ab4,spec,0.57835,False,distilroberta-base-climate-specificity,Local model,climatebert_multi_20260527T052620Z_aeacec
llm_2dcfd5cd5472,non,0.500505,False,distilroberta-base-climate-specificity,Local model,climatebert_multi_20260527T052620Z_aeacec
llm_afddd504f356,non,0.548951,False,distilroberta-base-climate-specificity,Local model,climatebert_multi_20260527T052620Z_aeacec
llm_b486aebf7192,spec,0.600472,False,distilroberta-base-climate-specificity,Local model,climatebert_multi_20260527T052620Z_aeacec
llm_e64963a7d264,spec,0.709523,False,distilroberta-base-climate-specificity,Local model,climatebert_multi_20260527T052620Z_aeacec
llm_a5016af21eb4,spec,0.583369,False,distilroberta-base-climate-specificity,Local model,climatebert_multi_20260527T052620Z_aeacec
llm_5406b315b5ec,spec,0.54823,False,distilroberta-base-climate-specificity,Local model,climatebert_multi_20260527T052620Z_aeacec
llm_65710c20a12e,spec,0.835302,False,distilroberta-base-climate-specificity,Local model,climatebert_multi_20260527T052620Z_aeacec
llm_7279a5f73f93,spec,0.827565,False,distilroberta-base-climate-specificity,Local model,climatebert_multi_20260527T052620Z_aeacec
llm_b75af506256d,spec,0.81902,False,distilroberta-base-climate-specificity,Local model,climatebert_multi_20260527T052620Z_aeacec
llm_9ef71f2caf0c,spec,0.738077,False,distilroberta-base-climate-specificity,Local model,climatebert_multi_20260527T052620Z_aeacec
llm_5cbce5b53f71,spec,0.673316,False,distilroberta-base-climate-specificity,Local model,climatebert_multi_20260527T052620Z_aeacec
llm_dbf903104ba6,spec,0.57702,False,distilroberta-base-climate-specificity,Local model,climatebert_multi_20260527T052620Z_aeacec
llm_e7dbd329863a,spec,0.529409,False,distilroberta-base-climate-specificity,Local model,climatebert_multi_20260527T052620Z_aeacec
llm_e5e5b120ae59,spec,0.524558,False,distilroberta-base-climate-specificity,Local model,climatebert_multi_20260527T052620Z_aeacec
llm_85757220405e,spec,0.556684,False,distilroberta-base-climate-specificity,Local model,climatebert_multi_20260527T052620Z_aeacec
llm_737861eaf271,spec,0.657889,False,distilroberta-base-climate-specificity,Local model,climatebert_multi_20260527T052620Z_aeacec
llm_c1fa8b1bc08d,spec,0.673316,False,distilroberta-base-climate-specificity,Local model,climatebert_multi_20260527T052620Z_aeacec
llm_f44e5e31bb75,spec,0.50199,False,distilroberta-base-climate-specificity,Local model,climatebert_multi_20260527T052620Z_aeacec
llm_327d485a9ee5,spec,0.509691,False,distilroberta-base-climate-specificity,Local model,climatebert_multi_20260527T052620Z_aeacec
llm_aec0f8e6763e,non,0.570881,False,distilroberta-base-climate-specificity,Local model,climatebert_multi_20260527T052620Z_aeacec
llm_3b5957e27ebe,spec,0.64908,False,distilroberta-base-climate-specificity,Local model,climatebert_multi_20260527T052620Z_aeacec
llm_55fe5df1e174,spec,0.536774,False,distilroberta-base-climate-specificity,Local model,climatebert_multi_20260527T052620Z_aeacec
llm_84ad6201cd22,non,0.510901,False,distilroberta-base-climate-specificity,Local model,climatebert_multi_20260527T052620Z_aeacec
llm_09a736851261,spec,0.955317,False,distilroberta-base-climate-specificity,Local model,climatebert_multi_20260527T052620Z_aeacec
llm_d76d66bc827b,spec,0.740214,False,distilroberta-base-climate-specificity,Local model,climatebert_multi_20260527T052620Z_aeacec
llm_c1d60f113da2,spec,0.540878,False,distilroberta-base-climate-specificity,Local model,climatebert_multi_20260527T052620Z_aeacec
llm_7b6f6b785a00,non,0.91175,False,distilroberta-base-climate-specificity,Local model,climatebert_multi_20260527T052620Z_aeacec
llm_335f67285b7f,spec,0.583547,False,distilroberta-base-climate-specificity,Local model,climatebert_multi_20260527T052620Z_aeacec
llm_e6a0b51f1f6f,spec,0.500021,False,distilroberta-base-climate-specificity,Local model,climatebert_multi_20260527T052620Z_aeacec
llm_80bc490660df,spec,0.563761,False,distilroberta-base-climate-specificity,Local model,climatebert_multi_20260527T052620Z_aeacec
llm_7c4c2ca1e292,non,0.510817,False,distilroberta-base-climate-specificity,Local model,climatebert_multi_20260527T052620Z_aeacec
llm_86f8d6a86b21,non,0.800136,False,distilroberta-base-climate-specificity,Local model,climatebert_multi_20260527T052620Z_aeacec
llm_58c6f4c7c9fe,spec,0.524832,False,distilroberta-base-climate-specificity,Local model,climatebert_multi_20260527T052620Z_aeacec
llm_c9549eeb0b01,non,0.547062,False,distilroberta-base-climate-specificity,Local model,climatebert_multi_20260527T052620Z_aeacec
llm_68fa82a6ba56,spec,0.595097,False,distilroberta-base-climate-specificity,Local model,climatebert_multi_20260527T052620Z_aeacec
llm_733a4dbb7741,spec,0.638846,False,distilroberta-base-climate-specificity,Local model,climatebert_multi_20260527T052620Z_aeacec
llm_6bbfc051bb51,spec,0.634453,False,distilroberta-base-climate-specificity,Local model,climatebert_multi_20260527T052620Z_aeacec
llm_07f8f79cb1a7,spec,0.695675,False,distilroberta-base-climate-specificity,Local model,climatebert_multi_20260527T052620Z_aeacec
llm_bb3ea0aa38fc,spec,0.595105,False,distilroberta-base-climate-specificity,Local model,climatebert_multi_20260527T052620Z_aeacec
llm_edae203027bd,spec,0.647844,False,distilroberta-base-climate-specificity,Local model,climatebert_multi_20260527T052620Z_aeacec
llm_976b7ceccc9c,spec,0.905429,False,distilroberta-base-climate-specificity,Local model,climatebert_multi_20260527T052620Z_aeacec
llm_98cfe3f50046,spec,0.840707,False,distilroberta-base-climate-specificity,Local model,climatebert_multi_20260527T052620Z_aeacec
llm_b805d92fd25c,non,0.515792,False,distilroberta-base-climate-specificity,Local model,climatebert_multi_20260527T052620Z_aeacec
llm_d1a67bda13ea,spec,0.651087,False,distilroberta-base-climate-specificity,Local model,climatebert_multi_20260527T052620Z_aeacec
llm_38920bf6ae5b,spec,0.873967,False,distilroberta-base-climate-specificity,Local model,climatebert_multi_20260527T052620Z_aeacec
llm_f55500000290,spec,0.770059,False,distilroberta-base-climate-specificity,Local model,climatebert_multi_20260527T052620Z_aeacec
llm_8031208f4e61,spec,0.8701,False,distilroberta-base-climate-specificity,Local model,climatebert_multi_20260527T052620Z_aeacec
llm_266f16ef5804,spec,0.658284,False,distilroberta-base-climate-specificity,Local model,climatebert_multi_20260527T052620Z_aeacec
llm_ae3e5ce48a0e,spec,0.606434,False,distilroberta-base-climate-specificity,Local model,climatebert_multi_20260527T052620Z_aeacec
llm_7a378cabb022,non,0.689038,False,distilroberta-base-climate-specificity,Local model,climatebert_multi_20260527T052620Z_aeacec
llm_72a2fdaf746d,non,0.568529,False,distilroberta-base-climate-specificity,Local model,climatebert_multi_20260527T052620Z_aeacec
llm_0947febd56e5,spec,0.695838,False,distilroberta-base-climate-specificity,Local model,climatebert_multi_20260527T052620Z_aeacec
llm_b52e751065e2,non,0.827329,False,distilroberta-base-climate-specificity,Local model,climatebert_multi_20260527T052620Z_aeacec
llm_9d54b677443f,spec,0.589266,False,distilroberta-base-climate-specificity,Local model,climatebert_multi_20260527T052620Z_aeacec
llm_506cc58878f1,spec,0.605802,False,distilroberta-base-climate-specificity,Local model,climatebert_multi_20260527T052620Z_aeacec
llm_465605e79867,non,0.902583,False,distilroberta-base-climate-specificity,Local model,climatebert_multi_20260527T052620Z_aeacec
llm_3583b9c7d928,spec,0.617723,False,distilroberta-base-climate-specificity,Local model,climatebert_multi_20260527T052620Z_aeacec
llm_79312cfb847a,spec,0.500021,False,distilroberta-base-climate-specificity,Local model,climatebert_multi_20260527T052620Z_aeacec
llm_4a8b8e4acb4c,spec,0.575539,False,distilroberta-base-climate-specificity,Local model,climatebert_multi_20260527T052620Z_aeacec
llm_b7bafa53663a,spec,0.551168,False,distilroberta-base-climate-specificity,Local model,climatebert_multi_20260527T052620Z_aeacec
llm_be41fd5af895,spec,0.600873,False,distilroberta-base-climate-specificity,Local model,climatebert_multi_20260527T052620Z_aeacec
llm_1f4acff96ec7,spec,0.643621,False,distilroberta-base-climate-specificity,Local model,climatebert_multi_20260527T052620Z_aeacec
llm_d3239076b5d6,spec,0.637732,False,distilroberta-base-climate-specificity,Local model,climatebert_multi_20260527T052620Z_aeacec
llm_8f1d4fb54b89,spec,0.527483,False,distilroberta-base-climate-specificity,Local model,climatebert_multi_20260527T052620Z_aeacec
llm_4aa77ce2d36c,spec,0.649959,False,distilroberta-base-climate-specificity,Local model,climatebert_multi_20260527T052620Z_aeacec
llm_fbbaadf9b35e,spec,0.606985,False,distilroberta-base-climate-specificity,Local model,climatebert_multi_20260527T052620Z_aeacec
llm_460cd29005cb,spec,0.726088,False,distilroberta-base-climate-specificity,Local model,climatebert_multi_20260527T052620Z_aeacec
llm_82b90771d05a,spec,0.60859,False,distilroberta-base-climate-specificity,Local model,climatebert_multi_20260527T052620Z_aeacec
llm_28302a534610,spec,0.716608,False,distilroberta-base-climate-specificity,Local model,climatebert_multi_20260527T052620Z_aeacec
llm_327cba57dba9,spec,0.680316,False,distilroberta-base-climate-specificity,Local model,climatebert_multi_20260527T052620Z_aeacec
llm_d77254366980,spec,0.76338,False,distilroberta-base-climate-specificity,Local model,climatebert_multi_20260527T052620Z_aeacec
llm_11934e342836,non,0.539877,False,distilroberta-base-climate-specificity,Local model,climatebert_multi_20260527T052620Z_aeacec
llm_e0a539189773,spec,0.915657,False,distilroberta-base-climate-specificity,Local model,climatebert_multi_20260527T052620Z_aeacec
llm_9a20d91fbf1a,spec,0.831428,False,distilroberta-base-climate-specificity,Local model,climatebert_multi_20260527T052620Z_aeacec
llm_9f6dd15b1992,spec,0.735447,False,distilroberta-base-climate-specificity,Local model,climatebert_multi_20260527T052620Z_aeacec
llm_635dcd39d6c3,spec,0.923152,False,distilroberta-base-climate-specificity,Local model,climatebert_multi_20260527T052620Z_aeacec
llm_ad37b8ec9795,spec,0.642409,False,distilroberta-base-climate-specificity,Local model,climatebert_multi_20260527T052620Z_aeacec
llm_199deaf6ee74,spec,0.636093,False,distilroberta-base-climate-specificity,Local model,climatebert_multi_20260527T052620Z_aeacec
llm_c9f4b15bf850,non,0.505048,False,distilroberta-base-climate-specificity,Local model,climatebert_multi_20260527T052620Z_aeacec
llm_8a4ebdef015c,spec,0.681384,False,distilroberta-base-climate-specificity,Local model,climatebert_multi_20260527T052620Z_aeacec
llm_b7cc6a5982e7,spec,0.79423,False,distilroberta-base-climate-specificity,Local model,climatebert_multi_20260527T052620Z_aeacec
llm_5013313fa4d6,spec,0.765716,False,distilroberta-base-climate-specificity,Local model,climatebert_multi_20260527T052620Z_aeacec
llm_045d28bd8df5,spec,0.87,False,distilroberta-base-climate-specificity,Local model,climatebert_multi_20260527T052620Z_aeacec
llm_a641b4a0e56a,spec,0.662663,False,distilroberta-base-climate-specificity,Local model,climatebert_multi_20260527T052620Z_aeacec
llm_046fb6357ea2,spec,0.724381,False,distilroberta-base-climate-specificity,Local model,climatebert_multi_20260527T052620Z_aeacec
llm_b66a10264e97,spec,0.512497,False,distilroberta-base-climate-specificity,Local model,climatebert_multi_20260527T052620Z_aeacec
llm_1e72482fbc1a,spec,0.803938,False,distilroberta-base-climate-specificity,Local model,climatebert_multi_20260527T052620Z_aeacec
llm_1169f861ddff,spec,0.638976,False,distilroberta-base-climate-specificity,Local model,climatebert_multi_20260527T052620Z_aeacec
llm_cbc49d12e6cf,spec,0.556129,False,distilroberta-base-climate-specificity,Local model,climatebert_multi_20260527T052620Z_aeacec
llm_d3c47ac27c7d,non,0.505048,False,distilroberta-base-climate-specificity,Local model,climatebert_multi_20260527T052620Z_aeacec
llm_afbd0f41f7f0,spec,0.666058,False,distilroberta-base-climate-specificity,Local model,climatebert_multi_20260527T052620Z_aeacec
llm_723b373693b3,spec,0.613242,False,distilroberta-base-climate-specificity,Local model,climatebert_multi_20260527T052620Z_aeacec
llm_c29e58638a90,spec,0.736414,False,distilroberta-base-climate-specificity,Local model,climatebert_multi_20260527T052620Z_aeacec
llm_4b619bcbcbd1,spec,0.831428,False,distilroberta-base-climate-specificity,Local model,climatebert_multi_20260527T052620Z_aeacec
llm_292be51ff1a5,spec,0.57835,False,distilroberta-base-climate-specificity,Local model,climatebert_multi_20260527T052620Z_aeacec
llm_45f36e2a6747,spec,0.66082,False,distilroberta-base-climate-specificity,Local model,climatebert_multi_20260527T052620Z_aeacec
llm_4c010d358847,non,0.500505,False,distilroberta-base-climate-specificity,Local model,climatebert_multi_20260527T052620Z_aeacec
llm_411973375558,non,0.548951,False,distilroberta-base-climate-specificity,Local model,climatebert_multi_20260527T052620Z_aeacec
llm_94a54e3d5889,spec,0.529697,False,distilroberta-base-climate-specificity,Local model,climatebert_multi_20260527T052620Z_aeacec
llm_2b70501b0d7b,spec,0.556129,False,distilroberta-base-climate-specificity,Local model,climatebert_multi_20260527T052620Z_aeacec
llm_a235c391f980,spec,0.522162,False,distilroberta-base-climate-specificity,Local model,climatebert_multi_20260527T052620Z_aeacec
llm_ddd88caead04,non,0.640615,False,distilroberta-base-climate-specificity,Local model,climatebert_multi_20260527T052620Z_aeacec
llm_9c933d80dcca,non,0.514415,False,distilroberta-base-climate-specificity,Local model,climatebert_multi_20260527T052620Z_aeacec
llm_f3c8e89c64f2,non,0.618729,False,distilroberta-base-climate-specificity,Local model,climatebert_multi_20260527T052620Z_aeacec
llm_a90b218e761e,spec,0.53406,False,distilroberta-base-climate-specificity,Local model,climatebert_multi_20260527T052620Z_aeacec
llm_1148e97796c0,spec,0.579485,False,distilroberta-base-climate-specificity,Local model,climatebert_multi_20260527T052620Z_aeacec
llm_36d682ef265c,spec,0.520995,False,distilroberta-base-climate-specificity,Local model,climatebert_multi_20260527T052620Z_aeacec
llm_8305f6795c1b,spec,0.513198,False,distilroberta-base-climate-specificity,Local model,climatebert_multi_20260527T052620Z_aeacec
llm_21f353bde7d8,spec,0.532393,False,distilroberta-base-climate-specificity,Local model,climatebert_multi_20260527T052620Z_aeacec
llm_cf69c963250a,spec,0.538796,False,distilroberta-base-climate-specificity,Local model,climatebert_multi_20260527T052620Z_aeacec
llm_dcec21be915e,spec,0.523075,False,distilroberta-base-climate-specificity,Local model,climatebert_multi_20260527T052620Z_aeacec
llm_ee6737f60406,non,0.504358,False,distilroberta-base-climate-specificity,Local model,climatebert_multi_20260527T052620Z_aeacec
llm_89fa744710ee,spec,0.523503,False,distilroberta-base-climate-specificity,Local model,climatebert_multi_20260527T052620Z_aeacec
llm_493c3639f425,non,0.521274,False,distilroberta-base-climate-specificity,Local model,climatebert_multi_20260527T052620Z_aeacec
llm_b90f38bb936b,non,0.584845,False,distilroberta-base-climate-specificity,Local model,climatebert_multi_20260527T052620Z_aeacec
llm_2c04f35a997c,non,0.559149,False,distilroberta-base-climate-specificity,Local model,climatebert_multi_20260527T052620Z_aeacec
llm_f9ab19a8ce59,non,0.562679,False,distilroberta-base-climate-specificity,Local model,climatebert_multi_20260527T052620Z_aeacec
llm_c0c8672b17d9,non,0.631409,False,distilroberta-base-climate-specificity,Local model,climatebert_multi_20260527T052620Z_aeacec
llm_2f0df3619024,spec,0.534581,False,distilroberta-base-climate-specificity,Local model,climatebert_multi_20260527T052620Z_aeacec
llm_ddfccdce47cb,non,0.51481,False,distilroberta-base-climate-specificity,Local model,climatebert_multi_20260527T052620Z_aeacec
llm_1ab9f24cf578,non,0.567467,False,distilroberta-base-climate-specificity,Local model,climatebert_multi_20260527T052620Z_aeacec
llm_398db2a34d7e,non,0.518698,False,distilroberta-base-climate-specificity,Local model,climatebert_multi_20260527T052620Z_aeacec
llm_caf84b6d4f51,non,0.513866,False,distilroberta-base-climate-specificity,Local model,climatebert_multi_20260527T052620Z_aeacec
llm_ef927237a1d0,non,0.672481,False,distilroberta-base-climate-specificity,Local model,climatebert_multi_20260527T052620Z_aeacec
llm_f855a41bf14c,non,0.545833,False,distilroberta-base-climate-specificity,Local model,climatebert_multi_20260527T052620Z_aeacec
llm_6c9089c366f9,spec,0.500439,False,distilroberta-base-climate-specificity,Local model,climatebert_multi_20260527T052620Z_aeacec
llm_5d0c914daab9,non,0.543926,False,distilroberta-base-climate-specificity,Local model,climatebert_multi_20260527T052620Z_aeacec
llm_07d2ee24324f,non,0.522956,False,distilroberta-base-climate-specificity,Local model,climatebert_multi_20260527T052620Z_aeacec
llm_0d4bdecfd455,spec,0.520033,False,distilroberta-base-climate-specificity,Local model,climatebert_multi_20260527T052620Z_aeacec
llm_e7f8d624b2cb,non,0.640615,False,distilroberta-base-climate-specificity,Local model,climatebert_multi_20260527T052620Z_aeacec
llm_01370a61e307,non,0.514415,False,distilroberta-base-climate-specificity,Local model,climatebert_multi_20260527T052620Z_aeacec
llm_5407343c41a6,non,0.618729,False,distilroberta-base-climate-specificity,Local model,climatebert_multi_20260527T052620Z_aeacec
llm_cdd4a351f5ce,spec,0.516176,False,distilroberta-base-climate-specificity,Local model,climatebert_multi_20260527T052620Z_aeacec
llm_98dc789d1cd8,spec,0.53406,False,distilroberta-base-climate-specificity,Local model,climatebert_multi_20260527T052620Z_aeacec
llm_f4a5a255fd12,spec,0.53558,False,distilroberta-base-climate-specificity,Local model,climatebert_multi_20260527T052620Z_aeacec
llm_5bbbf05e4cf7,spec,0.527178,False,distilroberta-base-climate-specificity,Local model,climatebert_multi_20260527T052620Z_aeacec
llm_31b23123a217,spec,0.513198,False,distilroberta-base-climate-specificity,Local model,climatebert_multi_20260527T052620Z_aeacec
llm_af641cd5dd85,spec,0.532393,False,distilroberta-base-climate-specificity,Local model,climatebert_multi_20260527T052620Z_aeacec
llm_437c2910b9f0,spec,0.538796,False,distilroberta-base-climate-specificity,Local model,climatebert_multi_20260527T052620Z_aeacec
llm_9f540e050ae3,spec,0.523075,False,distilroberta-base-climate-specificity,Local model,climatebert_multi_20260527T052620Z_aeacec
llm_3e031c2b2aae,non,0.504358,False,distilroberta-base-climate-specificity,Local model,climatebert_multi_20260527T052620Z_aeacec
llm_6ef01a1d95fd,spec,0.555763,False,distilroberta-base-climate-specificity,Local model,climatebert_multi_20260527T052620Z_aeacec
llm_6bf8ac90b237,spec,0.516736,False,distilroberta-base-climate-specificity,Local model,climatebert_multi_20260527T052620Z_aeacec
llm_5182b334471c,spec,0.508714,False,distilroberta-base-climate-specificity,Local model,climatebert_multi_20260527T052620Z_aeacec
llm_95c6effab4e5,spec,0.593525,False,distilroberta-base-climate-specificity,Local model,climatebert_multi_20260527T052620Z_aeacec
llm_440889f90bfd,spec,0.578454,False,distilroberta-base-climate-specificity,Local model,climatebert_multi_20260527T052620Z_aeacec
llm_e057f733a1f8,spec,0.546895,False,distilroberta-base-climate-specificity,Local model,climatebert_multi_20260527T052620Z_aeacec
llm_7fbebc52a459,spec,0.622257,False,distilroberta-base-climate-specificity,Local model,climatebert_multi_20260527T052620Z_aeacec
llm_d1ee4ae3825f,spec,0.50916,False,distilroberta-base-climate-specificity,Local model,climatebert_multi_20260527T052620Z_aeacec
llm_cb5a5a01ab02,spec,0.539361,False,distilroberta-base-climate-specificity,Local model,climatebert_multi_20260527T052620Z_aeacec
llm_3d25265f9a34,spec,0.639907,False,distilroberta-base-climate-specificity,Local model,climatebert_multi_20260527T052620Z_aeacec
llm_7c25172e081d,non,0.652152,False,distilroberta-base-climate-specificity,Local model,climatebert_multi_20260527T052620Z_aeacec
llm_39c67102dfdc,spec,0.576145,False,distilroberta-base-climate-specificity,Local model,climatebert_multi_20260527T052620Z_aeacec
llm_227cbdbf6671,spec,0.673884,False,distilroberta-base-climate-specificity,Local model,climatebert_multi_20260527T052620Z_aeacec
llm_10b129f52915,spec,0.690249,False,distilroberta-base-climate-specificity,Local model,climatebert_multi_20260527T052620Z_aeacec
llm_d7f993a68fde,non,0.651506,False,distilroberta-base-climate-specificity,Local model,climatebert_multi_20260527T052620Z_aeacec
llm_185da4d4155d,spec,0.566295,False,distilroberta-base-climate-specificity,Local model,climatebert_multi_20260527T052620Z_aeacec
llm_0694a200448b,spec,0.534504,False,distilroberta-base-climate-specificity,Local model,climatebert_multi_20260527T052620Z_aeacec
llm_6806a40be756,spec,0.594244,False,distilroberta-base-climate-specificity,Local model,climatebert_multi_20260527T052620Z_aeacec
llm_62cae478c24c,spec,0.609083,False,distilroberta-base-climate-specificity,Local model,climatebert_multi_20260527T052620Z_aeacec
llm_aef825608c5d,spec,0.522162,False,distilroberta-base-climate-specificity,Local model,climatebert_multi_20260527T052620Z_aeacec
llm_50d4fa4bc602,non,0.640615,False,distilroberta-base-climate-specificity,Local model,climatebert_multi_20260527T052620Z_aeacec
llm_f4353d9d9fa0,non,0.514415,False,distilroberta-base-climate-specificity,Local model,climatebert_multi_20260527T052620Z_aeacec
llm_93a3188a2339,non,0.618729,False,distilroberta-base-climate-specificity,Local model,climatebert_multi_20260527T052620Z_aeacec
llm_760b738d6b26,spec,0.516176,False,distilroberta-base-climate-specificity,Local model,climatebert_multi_20260527T052620Z_aeacec
llm_3bc253966ead,spec,0.53406,False,distilroberta-base-climate-specificity,Local model,climatebert_multi_20260527T052620Z_aeacec
llm_672f2a34010c,spec,0.53558,False,distilroberta-base-climate-specificity,Local model,climatebert_multi_20260527T052620Z_aeacec
llm_532d0cd073e9,spec,0.520995,False,distilroberta-base-climate-specificity,Local model,climatebert_multi_20260527T052620Z_aeacec
llm_46e1e6a5d8a7,spec,0.513198,False,distilroberta-base-climate-specificity,Local model,climatebert_multi_20260527T052620Z_aeacec
llm_932c6ee7a625,spec,0.532393,False,distilroberta-base-climate-specificity,Local model,climatebert_multi_20260527T052620Z_aeacec
llm_cb530067be63,spec,0.538796,False,distilroberta-base-climate-specificity,Local model,climatebert_multi_20260527T052620Z_aeacec
llm_49284b9a3219,spec,0.523075,False,distilroberta-base-climate-specificity,Local model,climatebert_multi_20260527T052620Z_aeacec
llm_4bed865228c0,non,0.504358,False,distilroberta-base-climate-specificity,Local model,climatebert_multi_20260527T052620Z_aeacec
llm_0e8f55817765,spec,0.523503,False,distilroberta-base-climate-specificity,Local model,climatebert_multi_20260527T052620Z_aeacec
llm_d1230149a562,non,0.521274,False,distilroberta-base-climate-specificity,Local model,climatebert_multi_20260527T052620Z_aeacec
llm_b05826143b9b,non,0.584845,False,distilroberta-base-climate-specificity,Local model,climatebert_multi_20260527T052620Z_aeacec
llm_65175ed3423b,non,0.51481,False,distilroberta-base-climate-specificity,Local model,climatebert_multi_20260527T052620Z_aeacec
llm_e8177e9d5aa2,non,0.567467,False,distilroberta-base-climate-specificity,Local model,climatebert_multi_20260527T052620Z_aeacec
llm_18dd2ce01ce8,non,0.518698,False,distilroberta-base-climate-specificity,Local model,climatebert_multi_20260527T052620Z_aeacec
llm_2fb24bfa08bf,non,0.513866,False,distilroberta-base-climate-specificity,Local model,climatebert_multi_20260527T052620Z_aeacec
llm_69242a378ae6,non,0.672481,False,distilroberta-base-climate-specificity,Local model,climatebert_multi_20260527T052620Z_aeacec
llm_0fe200efe51d,non,0.545833,False,distilroberta-base-climate-specificity,Local model,climatebert_multi_20260527T052620Z_aeacec
llm_661f17e33bfb,spec,0.500439,False,distilroberta-base-climate-specificity,Local model,climatebert_multi_20260527T052620Z_aeacec
llm_37039219337a,non,0.543926,False,distilroberta-base-climate-specificity,Local model,climatebert_multi_20260527T052620Z_aeacec
llm_bdae28c18f19,non,0.522956,False,distilroberta-base-climate-specificity,Local model,climatebert_multi_20260527T052620Z_aeacec
llm_3c240750edf6,spec,0.520033,False,distilroberta-base-climate-specificity,Local model,climatebert_multi_20260527T052620Z_aeacec
llm_5afed602ce6d,non,0.508211,False,distilroberta-base-climate-specificity,Local model,climatebert_multi_20260527T052620Z_aeacec
llm_6830f838e3aa,non,0.509159,False,distilroberta-base-climate-specificity,Local model,climatebert_multi_20260527T052620Z_aeacec
llm_bb7dd7f693b4,spec,0.551322,False,distilroberta-base-climate-specificity,Local model,climatebert_multi_20260527T052620Z_aeacec
llm_f6012afb1e66,spec,0.593525,False,distilroberta-base-climate-specificity,Local model,climatebert_multi_20260527T052620Z_aeacec
llm_17954c707a94,spec,0.578454,False,distilroberta-base-climate-specificity,Local model,climatebert_multi_20260527T052620Z_aeacec
llm_5fff5fd7a9c2,spec,0.546895,False,distilroberta-base-climate-specificity,Local model,climatebert_multi_20260527T052620Z_aeacec
llm_b41a1cb0b7e2,spec,0.622257,False,distilroberta-base-climate-specificity,Local model,climatebert_multi_20260527T052620Z_aeacec
llm_be3a42f0071d,spec,0.50916,False,distilroberta-base-climate-specificity,Local model,climatebert_multi_20260527T052620Z_aeacec
llm_044d4c32fd59,spec,0.539361,False,distilroberta-base-climate-specificity,Local model,climatebert_multi_20260527T052620Z_aeacec
llm_57bb2e90e38e,spec,0.639907,False,distilroberta-base-climate-specificity,Local model,climatebert_multi_20260527T052620Z_aeacec
llm_ae960aada6a4,non,0.652152,False,distilroberta-base-climate-specificity,Local model,climatebert_multi_20260527T052620Z_aeacec
llm_68d083125029,spec,0.576145,False,distilroberta-base-climate-specificity,Local model,climatebert_multi_20260527T052620Z_aeacec
llm_40ae7d0f3450,spec,0.549266,False,distilroberta-base-climate-specificity,Local model,climatebert_multi_20260527T052620Z_aeacec
llm_988fbea8bac7,spec,0.690249,False,distilroberta-base-climate-specificity,Local model,climatebert_multi_20260527T052620Z_aeacec
llm_ae2c979b0838,spec,0.594244,False,distilroberta-base-climate-specificity,Local model,climatebert_multi_20260527T052620Z_aeacec
llm_9f7fb2a4845a,spec,0.601002,False,distilroberta-base-climate-specificity,Local model,climatebert_multi_20260527T052620Z_aeacec
llm_548be95ef276,spec,0.592142,False,distilroberta-base-climate-specificity,Local model,climatebert_multi_20260527T052620Z_aeacec
llm_2e807ed64bef,spec,0.598965,False,distilroberta-base-climate-specificity,Local model,climatebert_multi_20260527T052620Z_aeacec
llm_daaab5b3bd7b,spec,0.591608,False,distilroberta-base-climate-specificity,Local model,climatebert_multi_20260527T052620Z_aeacec
llm_a0058705a221,spec,0.65663,False,distilroberta-base-climate-specificity,Local model,climatebert_multi_20260527T052620Z_aeacec
llm_a590cd25a91c,spec,0.648091,False,distilroberta-base-climate-specificity,Local model,climatebert_multi_20260527T052620Z_aeacec
llm_ebf48cd67b2e,spec,0.601224,False,distilroberta-base-climate-specificity,Local model,climatebert_multi_20260527T052620Z_aeacec
llm_28f6dab90e46,spec,0.507602,False,distilroberta-base-climate-specificity,Local model,climatebert_multi_20260527T052620Z_aeacec
llm_40379bfe2f25,spec,0.592553,False,distilroberta-base-climate-specificity,Local model,climatebert_multi_20260527T052620Z_aeacec
llm_398c8b222965,spec,0.641972,False,distilroberta-base-climate-specificity,Local model,climatebert_multi_20260527T052620Z_aeacec
llm_4a495143a2c9,spec,0.510148,False,distilroberta-base-climate-specificity,Local model,climatebert_multi_20260527T052620Z_aeacec
llm_be170a075b21,spec,0.603206,False,distilroberta-base-climate-specificity,Local model,climatebert_multi_20260527T052620Z_aeacec
llm_79a32049f3df,spec,0.503104,False,distilroberta-base-climate-specificity,Local model,climatebert_multi_20260527T052620Z_aeacec
llm_34fbd1bc3c2c,spec,0.638671,False,distilroberta-base-climate-specificity,Local model,climatebert_multi_20260527T052620Z_aeacec
llm_c686b8b99d79,non,0.830839,False,distilroberta-base-climate-specificity,Local model,climatebert_multi_20260527T052620Z_aeacec
llm_a74a1d1c0607,spec,0.512842,False,distilroberta-base-climate-specificity,Local model,climatebert_multi_20260527T052620Z_aeacec
llm_63a238dfe531,non,0.613932,False,distilroberta-base-climate-specificity,Local model,climatebert_multi_20260527T052620Z_aeacec
llm_1980ab48d59c,spec,0.522845,False,distilroberta-base-climate-specificity,Local model,climatebert_multi_20260527T052620Z_aeacec
llm_a1a63a146d77,spec,0.562184,False,distilroberta-base-climate-specificity,Local model,climatebert_multi_20260527T052620Z_aeacec
llm_a767386f3de1,spec,0.568406,False,distilroberta-base-climate-specificity,Local model,climatebert_multi_20260527T052620Z_aeacec
llm_721b763dc4bb,spec,0.615092,False,distilroberta-base-climate-specificity,Local model,climatebert_multi_20260527T052620Z_aeacec
llm_b88426d59d56,spec,0.534504,False,distilroberta-base-climate-specificity,Local model,climatebert_multi_20260527T052620Z_aeacec
llm_870b0460e0b0,spec,0.601224,False,distilroberta-base-climate-specificity,Local model,climatebert_multi_20260527T052620Z_aeacec
llm_6bf1875709c1,spec,0.594244,False,distilroberta-base-climate-specificity,Local model,climatebert_multi_20260527T052620Z_aeacec
llm_2e2ce915ccd5,spec,0.609083,False,distilroberta-base-climate-specificity,Local model,climatebert_multi_20260527T052620Z_aeacec
llm_be5223200d3b,spec,0.594244,False,distilroberta-base-climate-specificity,Local model,climatebert_multi_20260527T052620Z_aeacec
llm_31a5f46d89c8,spec,0.609083,False,distilroberta-base-climate-specificity,Local model,climatebert_multi_20260527T052620Z_aeacec
llm_1baae3006418,spec,0.736132,False,distilroberta-base-climate-specificity,Local model,climatebert_multi_20260527T052620Z_aeacec
llm_0e0cb1540bd6,spec,0.605161,False,distilroberta-base-climate-specificity,Local model,climatebert_multi_20260527T052620Z_aeacec
llm_4270892c5fec,spec,0.698476,False,distilroberta-base-climate-specificity,Local model,climatebert_multi_20260527T052620Z_aeacec
llm_185d2cf43f3f,spec,0.594244,False,distilroberta-base-climate-specificity,Local model,climatebert_multi_20260527T052620Z_aeacec
llm_d0c5730b3e5d,spec,0.601002,False,distilroberta-base-climate-specificity,Local model,climatebert_multi_20260527T052620Z_aeacec
llm_130592777f04,spec,0.534504,False,distilroberta-base-climate-specificity,Local model,climatebert_multi_20260527T052620Z_aeacec
llm_fe17d5e34793,spec,0.594244,False,distilroberta-base-climate-specificity,Local model,climatebert_multi_20260527T052620Z_aeacec
llm_2671050e71ec,spec,0.609083,False,distilroberta-base-climate-specificity,Local model,climatebert_multi_20260527T052620Z_aeacec
llm_4413c75fe212,spec,0.593525,False,distilroberta-base-climate-specificity,Local model,climatebert_multi_20260527T052620Z_aeacec
llm_01c38aad9fd5,spec,0.578454,False,distilroberta-base-climate-specificity,Local model,climatebert_multi_20260527T052620Z_aeacec
llm_25003a01cad1,spec,0.622257,False,distilroberta-base-climate-specificity,Local model,climatebert_multi_20260527T052620Z_aeacec
llm_d33930435f2f,spec,0.50916,False,distilroberta-base-climate-specificity,Local model,climatebert_multi_20260527T052620Z_aeacec
llm_aea3bc1128c1,spec,0.539361,False,distilroberta-base-climate-specificity,Local model,climatebert_multi_20260527T052620Z_aeacec
llm_bbbcd6d361b6,spec,0.623339,False,distilroberta-base-climate-specificity,Local model,climatebert_multi_20260527T052620Z_aeacec
llm_f13bf14ed4a4,non,0.652152,False,distilroberta-base-climate-specificity,Local model,climatebert_multi_20260527T052620Z_aeacec
llm_8956c3f5818c,spec,0.576145,False,distilroberta-base-climate-specificity,Local model,climatebert_multi_20260527T052620Z_aeacec
llm_884ce84406d3,spec,0.605775,False,distilroberta-base-climate-specificity,Local model,climatebert_multi_20260527T052620Z_aeacec
llm_78c7dc90d2bb,spec,0.629069,False,distilroberta-base-climate-specificity,Local model,climatebert_multi_20260527T052620Z_aeacec
llm_e59b67347f6a,spec,0.690249,False,distilroberta-base-climate-specificity,Local model,climatebert_multi_20260527T052620Z_aeacec
llm_178cd5d6ad25,spec,0.594244,False,distilroberta-base-climate-specificity,Local model,climatebert_multi_20260527T052620Z_aeacec
llm_abab126b6154,spec,0.601002,False,distilroberta-base-climate-specificity,Local model,climatebert_multi_20260527T052620Z_aeacec
llm_13d8025d6aac,spec,0.648091,False,distilroberta-base-climate-specificity,Local model,climatebert_multi_20260527T052620Z_aeacec
llm_06e6aa4a6b64,spec,0.633612,False,distilroberta-base-climate-specificity,Local model,climatebert_multi_20260527T052620Z_aeacec
llm_f0772e9618c7,spec,0.690536,False,distilroberta-base-climate-specificity,Local model,climatebert_multi_20260527T052620Z_aeacec
llm_1789a53799ad,spec,0.594244,False,distilroberta-base-climate-specificity,Local model,climatebert_multi_20260527T052620Z_aeacec
llm_c4e2d5ebd447,spec,0.727092,False,distilroberta-base-climate-specificity,Local model,climatebert_multi_20260527T052620Z_aeacec
llm_3c04bf8ebf61,spec,0.751083,False,distilroberta-base-climate-specificity,Local model,climatebert_multi_20260527T052620Z_aeacec
llm_be9faf87fce8,spec,0.562856,False,distilroberta-base-climate-specificity,Local model,climatebert_multi_20260527T052620Z_aeacec
llm_5ccfb0ceb8df,spec,0.726544,False,distilroberta-base-climate-specificity,Local model,climatebert_multi_20260527T052620Z_aeacec
llm_6f4e9c89df31,spec,0.812832,False,distilroberta-base-climate-specificity,Local model,climatebert_multi_20260527T052620Z_aeacec
llm_4f8e87faa3f2,spec,0.594244,False,distilroberta-base-climate-specificity,Local model,climatebert_multi_20260527T052620Z_aeacec
llm_5f684b092462,spec,0.601002,False,distilroberta-base-climate-specificity,Local model,climatebert_multi_20260527T052620Z_aeacec
llm_120f3c6879d4,spec,0.607587,False,distilroberta-base-climate-specificity,Local model,climatebert_multi_20260527T052620Z_aeacec
llm_655a6e907799,spec,0.59124,False,distilroberta-base-climate-specificity,Local model,climatebert_multi_20260527T052620Z_aeacec
llm_af433b508ee1,spec,0.6806,False,distilroberta-base-climate-specificity,Local model,climatebert_multi_20260527T052620Z_aeacec
llm_3e3818facc1e,spec,0.594244,False,distilroberta-base-climate-specificity,Local model,climatebert_multi_20260527T052620Z_aeacec
llm_ed5b217e7ccf,spec,0.609083,False,distilroberta-base-climate-specificity,Local model,climatebert_multi_20260527T052620Z_aeacec
llm_1c94213a98f4,spec,0.579417,False,distilroberta-base-climate-specificity,Local model,climatebert_multi_20260527T052620Z_aeacec
llm_6d1b2657e20b,spec,0.607587,False,distilroberta-base-climate-specificity,Local model,climatebert_multi_20260527T052620Z_aeacec
llm_b04fe0c8da95,spec,0.534504,False,distilroberta-base-climate-specificity,Local model,climatebert_multi_20260527T052620Z_aeacec
llm_7abac2a7de5a,spec,0.531584,False,distilroberta-base-climate-specificity,Local model,climatebert_multi_20260527T052620Z_aeacec
llm_95c770fb074d,spec,0.614644,False,distilroberta-base-climate-specificity,Local model,climatebert_multi_20260527T052620Z_aeacec
llm_c335bf00a33b,spec,0.700832,False,distilroberta-base-climate-specificity,Local model,climatebert_multi_20260527T052620Z_aeacec
llm_aa660b6c411d,spec,0.53837,False,distilroberta-base-climate-specificity,Local model,climatebert_multi_20260527T052620Z_aeacec
llm_abe3bb143460,spec,0.610792,False,distilroberta-base-climate-specificity,Local model,climatebert_multi_20260527T052620Z_aeacec
llm_31b027cfafcc,spec,0.670455,False,distilroberta-base-climate-specificity,Local model,climatebert_multi_20260527T052620Z_aeacec
llm_01d81a03fe6e,spec,0.623676,False,distilroberta-base-climate-specificity,Local model,climatebert_multi_20260527T052620Z_aeacec
llm_3ca6df5082b7,non,0.888383,False,distilroberta-base-climate-specificity,Local model,climatebert_multi_20260527T052620Z_aeacec
llm_1ddfcae8bca0,non,0.921043,False,distilroberta-base-climate-specificity,Local model,climatebert_multi_20260527T052620Z_aeacec
llm_c8d5d93b15d2,spec,0.900472,False,distilroberta-base-climate-specificity,Local model,climatebert_multi_20260527T052620Z_aeacec
llm_a88ebacf8359,non,0.909777,False,distilroberta-base-climate-specificity,Local model,climatebert_multi_20260527T052620Z_aeacec
llm_c93bba4329b2,spec,0.594244,False,distilroberta-base-climate-specificity,Local model,climatebert_multi_20260527T052620Z_aeacec
llm_4a56d3b7b76f,spec,0.601002,False,distilroberta-base-climate-specificity,Local model,climatebert_multi_20260527T052620Z_aeacec
llm_3ccc05a7d22e,spec,0.534504,False,distilroberta-base-climate-specificity,Local model,climatebert_multi_20260527T052620Z_aeacec
llm_7426047416ff,spec,0.70915,False,distilroberta-base-climate-specificity,Local model,climatebert_multi_20260527T052620Z_aeacec
llm_27fb7da122cf,non,0.628225,False,distilroberta-base-climate-specificity,Local model,climatebert_multi_20260527T052620Z_aeacec
llm_4fcdd6009dee,spec,0.684347,False,distilroberta-base-climate-specificity,Local model,climatebert_multi_20260527T052620Z_aeacec
llm_7587da6f7b63,spec,0.660301,False,distilroberta-base-climate-specificity,Local model,climatebert_multi_20260527T052620Z_aeacec
llm_c8788e791ede,spec,0.57227,False,distilroberta-base-climate-specificity,Local model,climatebert_multi_20260527T052620Z_aeacec
llm_87a45483295b,spec,0.594244,False,distilroberta-base-climate-specificity,Local model,climatebert_multi_20260527T052620Z_aeacec
llm_4c2efd79fcd8,spec,0.727092,False,distilroberta-base-climate-specificity,Local model,climatebert_multi_20260527T052620Z_aeacec
llm_d1b3145bfdd3,spec,0.751083,False,distilroberta-base-climate-specificity,Local model,climatebert_multi_20260527T052620Z_aeacec
llm_1b67189ef270,spec,0.520325,False,distilroberta-base-climate-specificity,Local model,climatebert_multi_20260527T052620Z_aeacec
llm_031521742471,spec,0.694746,False,distilroberta-base-climate-specificity,Local model,climatebert_multi_20260527T052620Z_aeacec
llm_5fd2d087e191,spec,0.641013,False,distilroberta-base-climate-specificity,Local model,climatebert_multi_20260527T052620Z_aeacec
llm_301ba7bac457,spec,0.812832,False,distilroberta-base-climate-specificity,Local model,climatebert_multi_20260527T052620Z_aeacec
llm_9a8b71d46d89,spec,0.70915,False,distilroberta-base-climate-specificity,Local model,climatebert_multi_20260527T052620Z_aeacec
llm_eb9082951343,spec,0.599939,False,distilroberta-base-climate-specificity,Local model,climatebert_multi_20260527T052620Z_aeacec
llm_06a426abd8b5,spec,0.655857,False,distilroberta-base-climate-specificity,Local model,climatebert_multi_20260527T052620Z_aeacec
llm_2fb752cf0eff,spec,0.6066,False,distilroberta-base-climate-specificity,Local model,climatebert_multi_20260527T052620Z_aeacec
llm_d7f80046ad00,spec,0.636254,False,distilroberta-base-climate-specificity,Local model,climatebert_multi_20260527T052620Z_aeacec
llm_c8202352d953,spec,0.689264,False,distilroberta-base-climate-specificity,Local model,climatebert_multi_20260527T052620Z_aeacec
llm_7a6af6c31826,spec,0.534504,False,distilroberta-base-climate-specificity,Local model,climatebert_multi_20260527T052620Z_aeacec
llm_b7100cd05e5a,spec,0.594244,False,distilroberta-base-climate-specificity,Local model,climatebert_multi_20260527T052620Z_aeacec
llm_d958721c7751,spec,0.601002,False,distilroberta-base-climate-specificity,Local model,climatebert_multi_20260527T052620Z_aeacec
llm_a152b8ec3f4d,spec,0.501209,False,distilroberta-base-climate-specificity,Local model,climatebert_multi_20260527T052620Z_aeacec
llm_3d90bc5101e6,spec,0.608304,False,distilroberta-base-climate-specificity,Local model,climatebert_multi_20260527T052620Z_aeacec
llm_1f2c0c2fcb3f,non,0.727389,False,distilroberta-base-climate-specificity,Local model,climatebert_multi_20260527T052620Z_aeacec
llm_92e844234764,spec,0.601224,False,distilroberta-base-climate-specificity,Local model,climatebert_multi_20260527T052620Z_aeacec
llm_886e190a1c61,spec,0.684347,False,distilroberta-base-climate-specificity,Local model,climatebert_multi_20260527T052620Z_aeacec
llm_6aad672886bb,spec,0.594244,False,distilroberta-base-climate-specificity,Local model,climatebert_multi_20260527T052620Z_aeacec
llm_b8d16f715aae,spec,0.601002,False,distilroberta-base-climate-specificity,Local model,climatebert_multi_20260527T052620Z_aeacec
llm_e8bf24e209b5,spec,0.84048,False,distilroberta-base-climate-specificity,Local model,climatebert_multi_20260527T052620Z_aeacec
llm_0dd1b8cc9fcb,spec,0.616793,False,distilroberta-base-climate-specificity,Local model,climatebert_multi_20260527T052620Z_aeacec
llm_b6c2e39855df,spec,0.551725,False,distilroberta-base-climate-specificity,Local model,climatebert_multi_20260527T052620Z_aeacec
llm_1d549d3ed13f,spec,0.593525,False,distilroberta-base-climate-specificity,Local model,climatebert_multi_20260527T052620Z_aeacec
llm_1d2dcef199a2,spec,0.578454,False,distilroberta-base-climate-specificity,Local model,climatebert_multi_20260527T052620Z_aeacec
llm_b2019b1ed42f,spec,0.622257,False,distilroberta-base-climate-specificity,Local model,climatebert_multi_20260527T052620Z_aeacec
llm_729261550703,spec,0.50916,False,distilroberta-base-climate-specificity,Local model,climatebert_multi_20260527T052620Z_aeacec
llm_471c41dc3ae1,spec,0.539361,False,distilroberta-base-climate-specificity,Local model,climatebert_multi_20260527T052620Z_aeacec
llm_5ded88296ce2,non,0.652152,False,distilroberta-base-climate-specificity,Local model,climatebert_multi_20260527T052620Z_aeacec
llm_c8fff7bbc769,non,0.515606,False,distilroberta-base-climate-specificity,Local model,climatebert_multi_20260527T052620Z_aeacec
llm_a82e8e543ded,spec,0.658193,False,distilroberta-base-climate-specificity,Local model,climatebert_multi_20260527T052620Z_aeacec
llm_f33c8ad779ad,non,0.587434,False,distilroberta-base-climate-specificity,Local model,climatebert_multi_20260527T052620Z_aeacec
llm_877fbfe560ec,spec,0.524924,False,distilroberta-base-climate-specificity,Local model,climatebert_multi_20260527T052620Z_aeacec
llm_a998cdd3a24e,non,0.633003,False,distilroberta-base-climate-specificity,Local model,climatebert_multi_20260527T052620Z_aeacec
llm_93b62b114a08,spec,0.566295,False,distilroberta-base-climate-specificity,Local model,climatebert_multi_20260527T052620Z_aeacec
llm_210b91f68d32,spec,0.534504,False,distilroberta-base-climate-specificity,Local model,climatebert_multi_20260527T052620Z_aeacec
llm_1240b58d5bb0,spec,0.594244,False,distilroberta-base-climate-specificity,Local model,climatebert_multi_20260527T052620Z_aeacec
llm_4f95d59447bf,spec,0.609083,False,distilroberta-base-climate-specificity,Local model,climatebert_multi_20260527T052620Z_aeacec
llm_19d7e4e2d5c5,spec,0.614644,False,distilroberta-base-climate-specificity,Local model,climatebert_multi_20260527T052620Z_aeacec
llm_6a472a864c16,spec,0.700832,False,distilroberta-base-climate-specificity,Local model,climatebert_multi_20260527T052620Z_aeacec
llm_2162c54aba84,spec,0.53837,False,distilroberta-base-climate-specificity,Local model,climatebert_multi_20260527T052620Z_aeacec
llm_dbaf1bc4fcdc,spec,0.614312,False,distilroberta-base-climate-specificity,Local model,climatebert_multi_20260527T052620Z_aeacec
llm_a1724e3b8c93,spec,0.670455,False,distilroberta-base-climate-specificity,Local model,climatebert_multi_20260527T052620Z_aeacec
llm_ffd65685ddb7,spec,0.623676,False,distilroberta-base-climate-specificity,Local model,climatebert_multi_20260527T052620Z_aeacec
llm_4817eafb69f7,non,0.876907,False,distilroberta-base-climate-specificity,Local model,climatebert_multi_20260527T052620Z_aeacec
llm_7f65f90bf313,non,0.921043,False,distilroberta-base-climate-specificity,Local model,climatebert_multi_20260527T052620Z_aeacec
llm_3312a8fdf93d,spec,0.900472,False,distilroberta-base-climate-specificity,Local model,climatebert_multi_20260527T052620Z_aeacec
llm_e2138167e65d,non,0.912113,False,distilroberta-base-climate-specificity,Local model,climatebert_multi_20260527T052620Z_aeacec
llm_49fca05d28ff,spec,0.593525,False,distilroberta-base-climate-specificity,Local model,climatebert_multi_20260527T052620Z_aeacec
llm_80572275812a,spec,0.578454,False,distilroberta-base-climate-specificity,Local model,climatebert_multi_20260527T052620Z_aeacec
llm_fadc3e6f488f,spec,0.622257,False,distilroberta-base-climate-specificity,Local model,climatebert_multi_20260527T052620Z_aeacec
llm_f975fb09c461,spec,0.50916,False,distilroberta-base-climate-specificity,Local model,climatebert_multi_20260527T052620Z_aeacec
llm_460d43736d1d,spec,0.539361,False,distilroberta-base-climate-specificity,Local model,climatebert_multi_20260527T052620Z_aeacec
llm_58ec4a099937,spec,0.639907,False,distilroberta-base-climate-specificity,Local model,climatebert_multi_20260527T052620Z_aeacec
llm_6ae48cfc438f,non,0.652152,False,distilroberta-base-climate-specificity,Local model,climatebert_multi_20260527T052620Z_aeacec
llm_26430b7e12e6,spec,0.576145,False,distilroberta-base-climate-specificity,Local model,climatebert_multi_20260527T052620Z_aeacec
llm_071ef6d52faf,spec,0.648108,False,distilroberta-base-climate-specificity,Local model,climatebert_multi_20260527T052620Z_aeacec
llm_980064a8725b,spec,0.690249,False,distilroberta-base-climate-specificity,Local model,climatebert_multi_20260527T052620Z_aeacec
llm_8b948b21d4e7,non,0.651506,False,distilroberta-base-climate-specificity,Local model,climatebert_multi_20260527T052620Z_aeacec
llm_deec1c2bf83c,spec,0.559323,False,distilroberta-base-climate-specificity,Local model,climatebert_multi_20260527T052620Z_aeacec
llm_0ebc108dfd4d,spec,0.598067,False,distilroberta-base-climate-specificity,Local model,climatebert_multi_20260527T052620Z_aeacec
llm_065305e4fb8f,spec,0.566721,False,distilroberta-base-climate-specificity,Local model,climatebert_multi_20260527T052620Z_aeacec
llm_1ecc76e28c11,spec,0.563732,False,distilroberta-base-climate-specificity,Local model,climatebert_multi_20260527T052620Z_aeacec
llm_a1019f24e926,spec,0.735741,False,distilroberta-base-climate-specificity,Local model,climatebert_multi_20260527T052620Z_aeacec
llm_d8cc86d16aef,spec,0.599939,False,distilroberta-base-climate-specificity,Local model,climatebert_multi_20260527T052620Z_aeacec
llm_e5080c60563d,spec,0.684347,False,distilroberta-base-climate-specificity,Local model,climatebert_multi_20260527T052620Z_aeacec
llm_dd6d7e76f4eb,spec,0.660301,False,distilroberta-base-climate-specificity,Local model,climatebert_multi_20260527T052620Z_aeacec
llm_2c0286422f4b,spec,0.594244,False,distilroberta-base-climate-specificity,Local model,climatebert_multi_20260527T052620Z_aeacec
llm_cb2fcd8b47c2,spec,0.605161,False,distilroberta-base-climate-specificity,Local model,climatebert_multi_20260527T052620Z_aeacec
llm_534c21f13234,non,0.881472,False,distilroberta-base-climate-specificity,Local model,climatebert_multi_20260527T052620Z_aeacec
llm_752f1f5f96ba,non,0.847978,False,distilroberta-base-climate-specificity,Local model,climatebert_multi_20260527T052620Z_aeacec
llm_12759d01c1df,spec,0.626994,False,distilroberta-base-climate-specificity,Local model,climatebert_multi_20260527T052620Z_aeacec
llm_6f55572311da,spec,0.690536,False,distilroberta-base-climate-specificity,Local model,climatebert_multi_20260527T052620Z_aeacec
llm_0871a45dbeb8,spec,0.522162,False,distilroberta-base-climate-specificity,Local model,climatebert_multi_20260527T052620Z_aeacec
llm_7ea429101931,non,0.528173,False,distilroberta-base-climate-specificity,Local model,climatebert_multi_20260527T052620Z_aeacec
llm_a67382a58c25,non,0.53764,False,distilroberta-base-climate-specificity,Local model,climatebert_multi_20260527T052620Z_aeacec
llm_c8ac14cae7ee,spec,0.589539,False,distilroberta-base-climate-specificity,Local model,climatebert_multi_20260527T052620Z_aeacec
llm_a7e60ab31e93,spec,0.600115,False,distilroberta-base-climate-specificity,Local model,climatebert_multi_20260527T052620Z_aeacec
llm_5b057e849438,spec,0.588195,False,distilroberta-base-climate-specificity,Local model,climatebert_multi_20260527T052620Z_aeacec
llm_c5fd93557c87,spec,0.615092,False,distilroberta-base-climate-specificity,Local model,climatebert_multi_20260527T052620Z_aeacec
llm_dcc364535e72,non,0.52517,False,distilroberta-base-climate-specificity,Local model,climatebert_multi_20260527T052620Z_aeacec
llm_4061b96fdc62,non,0.574791,False,distilroberta-base-climate-specificity,Local model,climatebert_multi_20260527T052620Z_aeacec
llm_b1206b24234b,spec,0.633146,False,distilroberta-base-climate-specificity,Local model,climatebert_multi_20260527T052620Z_aeacec
llm_deb0acad314f,spec,0.587124,False,distilroberta-base-climate-specificity,Local model,climatebert_multi_20260527T052620Z_aeacec
llm_31c7439e2471,spec,0.544292,False,distilroberta-base-climate-specificity,Local model,climatebert_multi_20260527T052620Z_aeacec
llm_b6cb54388d97,non,0.520924,False,distilroberta-base-climate-specificity,Local model,climatebert_multi_20260527T052620Z_aeacec
llm_922315876c19,spec,0.52051,False,distilroberta-base-climate-specificity,Local model,climatebert_multi_20260527T052620Z_aeacec
llm_e808ef3d43ce,non,0.529013,False,distilroberta-base-climate-specificity,Local model,climatebert_multi_20260527T052620Z_aeacec
llm_5780a066c57c,non,0.503578,False,distilroberta-base-climate-specificity,Local model,climatebert_multi_20260527T052620Z_aeacec
llm_866f81ad8548,spec,0.54058,False,distilroberta-base-climate-specificity,Local model,climatebert_multi_20260527T052620Z_aeacec
llm_f5a5f7efa5bd,spec,0.527079,False,distilroberta-base-climate-specificity,Local model,climatebert_multi_20260527T052620Z_aeacec
llm_12db7657e64b,spec,0.502449,False,distilroberta-base-climate-specificity,Local model,climatebert_multi_20260527T052620Z_aeacec
llm_a73d557e2fcd,spec,0.65663,False,distilroberta-base-climate-specificity,Local model,climatebert_multi_20260527T052620Z_aeacec
llm_c39a5b9471bf,spec,0.601224,False,distilroberta-base-climate-specificity,Local model,climatebert_multi_20260527T052620Z_aeacec
llm_569b61d1a3a3,spec,0.534504,False,distilroberta-base-climate-specificity,Local model,climatebert_multi_20260527T052620Z_aeacec
llm_7b6684879fac,spec,0.684347,False,distilroberta-base-climate-specificity,Local model,climatebert_multi_20260527T052620Z_aeacec
llm_d7365e9cfd51,spec,0.780957,False,distilroberta-base-climate-specificity,Local model,climatebert_multi_20260527T052620Z_aeacec
llm_c1f3ee3393c7,spec,0.827355,False,distilroberta-base-climate-specificity,Local model,climatebert_multi_20260527T052620Z_aeacec
llm_603050bd4265,spec,0.671661,False,distilroberta-base-climate-specificity,Local model,climatebert_multi_20260527T052620Z_aeacec
llm_7037d06c5bd9,spec,0.614644,False,distilroberta-base-climate-specificity,Local model,climatebert_multi_20260527T052620Z_aeacec
llm_3393c61c1298,spec,0.700832,False,distilroberta-base-climate-specificity,Local model,climatebert_multi_20260527T052620Z_aeacec
llm_d522b18474c5,spec,0.668801,False,distilroberta-base-climate-specificity,Local model,climatebert_multi_20260527T052620Z_aeacec
llm_60e454902d5d,spec,0.610792,False,distilroberta-base-climate-specificity,Local model,climatebert_multi_20260527T052620Z_aeacec
llm_269a0af0e2b7,spec,0.657545,False,distilroberta-base-climate-specificity,Local model,climatebert_multi_20260527T052620Z_aeacec
llm_625cea543363,non,0.586926,False,distilroberta-base-climate-specificity,Local model,climatebert_multi_20260527T052620Z_aeacec
llm_af8adc14b8c2,spec,0.526115,False,distilroberta-base-climate-specificity,Local model,climatebert_multi_20260527T052620Z_aeacec
llm_d004536c2ef4,spec,0.51466,False,distilroberta-base-climate-specificity,Local model,climatebert_multi_20260527T052620Z_aeacec
llm_652e3a7f0f04,non,0.576946,False,distilroberta-base-climate-specificity,Local model,climatebert_multi_20260527T052620Z_aeacec
llm_3882c1839e0f,spec,0.501867,False,distilroberta-base-climate-specificity,Local model,climatebert_multi_20260527T052620Z_aeacec
llm_2262f45a36d9,spec,0.538255,False,distilroberta-base-climate-specificity,Local model,climatebert_multi_20260527T052620Z_aeacec
llm_f69c22b1ee26,non,0.545833,False,distilroberta-base-climate-specificity,Local model,climatebert_multi_20260527T052620Z_aeacec
llm_b81d07083717,non,0.509642,False,distilroberta-base-climate-specificity,Local model,climatebert_multi_20260527T052620Z_aeacec
llm_8e3f81977053,non,0.527441,False,distilroberta-base-climate-specificity,Local model,climatebert_multi_20260527T052620Z_aeacec
llm_8f6cc651bc45,spec,0.511945,False,distilroberta-base-climate-specificity,Local model,climatebert_multi_20260527T052620Z_aeacec
llm_5631751daee9,non,0.562384,False,distilroberta-base-climate-specificity,Local model,climatebert_multi_20260527T052620Z_aeacec
llm_eaf1a5d9c827,non,0.56031,False,distilroberta-base-climate-specificity,Local model,climatebert_multi_20260527T052620Z_aeacec
llm_0a1c46066cb2,non,0.513063,False,distilroberta-base-climate-specificity,Local model,climatebert_multi_20260527T052620Z_aeacec
llm_9cd3767078f5,non,0.531754,False,distilroberta-base-climate-specificity,Local model,climatebert_multi_20260527T052620Z_aeacec
llm_4cce4a6679b9,non,0.533406,False,distilroberta-base-climate-specificity,Local model,climatebert_multi_20260527T052620Z_aeacec
llm_b7166fd7173a,non,0.519248,False,distilroberta-base-climate-specificity,Local model,climatebert_multi_20260527T052620Z_aeacec
llm_0f95359ef9ab,non,0.502752,False,distilroberta-base-climate-specificity,Local model,climatebert_multi_20260527T052620Z_aeacec
llm_8c7c21294a4d,non,0.528871,False,distilroberta-base-climate-specificity,Local model,climatebert_multi_20260527T052620Z_aeacec
llm_8b0b0bd1f915,non,0.503399,False,distilroberta-base-climate-specificity,Local model,climatebert_multi_20260527T052620Z_aeacec
llm_7c61e8c299f7,spec,0.606791,False,distilroberta-base-climate-specificity,Local model,climatebert_multi_20260527T052620Z_aeacec
llm_53ea9485a4c2,spec,0.620986,False,distilroberta-base-climate-specificity,Local model,climatebert_multi_20260527T052620Z_aeacec
llm_a9a6476be4c2,non,0.511918,False,distilroberta-base-climate-specificity,Local model,climatebert_multi_20260527T052620Z_aeacec
llm_0238ebb6ab96,spec,0.557562,False,distilroberta-base-climate-specificity,Local model,climatebert_multi_20260527T052620Z_aeacec
llm_32aab2d500ba,spec,0.616962,False,distilroberta-base-climate-specificity,Local model,climatebert_multi_20260527T052620Z_aeacec
llm_3df87dec3fbf,spec,0.587864,False,distilroberta-base-climate-specificity,Local model,climatebert_multi_20260527T052620Z_aeacec
llm_7486f2c6f217,non,0.592769,False,distilroberta-base-climate-specificity,Local model,climatebert_multi_20260527T052620Z_aeacec
llm_97fc9da6831f,non,0.516528,False,distilroberta-base-climate-specificity,Local model,climatebert_multi_20260527T052620Z_aeacec
llm_c7550b6c24f6,spec,0.513279,False,distilroberta-base-climate-specificity,Local model,climatebert_multi_20260527T052620Z_aeacec
llm_13c17a9fdcd6,spec,0.6889,False,distilroberta-base-climate-specificity,Local model,climatebert_multi_20260527T052620Z_aeacec
llm_6044a2f552eb,spec,0.653385,False,distilroberta-base-climate-specificity,Local model,climatebert_multi_20260527T052620Z_aeacec
llm_8508e0f98dda,spec,0.618727,False,distilroberta-base-climate-specificity,Local model,climatebert_multi_20260527T052620Z_aeacec
llm_205f45984028,spec,0.6043,False,distilroberta-base-climate-specificity,Local model,climatebert_multi_20260527T052620Z_aeacec
llm_07ed6848c8e0,spec,0.641972,False,distilroberta-base-climate-specificity,Local model,climatebert_multi_20260527T052620Z_aeacec
llm_b0764673737b,spec,0.593027,False,distilroberta-base-climate-specificity,Local model,climatebert_multi_20260527T052620Z_aeacec
llm_bf4e3e20b8d4,spec,0.630652,False,distilroberta-base-climate-specificity,Local model,climatebert_multi_20260527T052620Z_aeacec
llm_7aea70a8a268,non,0.546376,False,distilroberta-base-climate-specificity,Local model,climatebert_multi_20260527T052620Z_aeacec
llm_8932179a9047,spec,0.534504,False,distilroberta-base-climate-specificity,Local model,climatebert_multi_20260527T052620Z_aeacec
llm_be9e8752cf44,spec,0.594244,False,distilroberta-base-climate-specificity,Local model,climatebert_multi_20260527T052620Z_aeacec
llm_abf950f8ae82,spec,0.609083,False,distilroberta-base-climate-specificity,Local model,climatebert_multi_20260527T052620Z_aeacec
llm_0ac938be9679,spec,0.54494,False,distilroberta-base-climate-specificity,Local model,climatebert_multi_20260527T052620Z_aeacec
llm_dee59be06db6,spec,0.598002,False,distilroberta-base-climate-specificity,Local model,climatebert_multi_20260527T052620Z_aeacec
llm_92ba361e5516,spec,0.526115,False,distilroberta-base-climate-specificity,Local model,climatebert_multi_20260527T052620Z_aeacec
llm_634b1f1699dd,spec,0.594278,False,distilroberta-base-climate-specificity,Local model,climatebert_multi_20260527T052620Z_aeacec
llm_8b1ac7d763d4,spec,0.511945,False,distilroberta-base-climate-specificity,Local model,climatebert_multi_20260527T052620Z_aeacec
llm_07cfd6ffda3b,non,0.562384,False,distilroberta-base-climate-specificity,Local model,climatebert_multi_20260527T052620Z_aeacec
llm_2c00464c5493,non,0.56031,False,distilroberta-base-climate-specificity,Local model,climatebert_multi_20260527T052620Z_aeacec
llm_466f540cd9ba,spec,0.51466,False,distilroberta-base-climate-specificity,Local model,climatebert_multi_20260527T052620Z_aeacec
llm_1ec86e06c6d9,non,0.576946,False,distilroberta-base-climate-specificity,Local model,climatebert_multi_20260527T052620Z_aeacec
llm_b49ac9ec4d81,spec,0.501867,False,distilroberta-base-climate-specificity,Local model,climatebert_multi_20260527T052620Z_aeacec
llm_6411c222d03c,spec,0.538255,False,distilroberta-base-climate-specificity,Local model,climatebert_multi_20260527T052620Z_aeacec
llm_2caab5adabcc,non,0.545833,False,distilroberta-base-climate-specificity,Local model,climatebert_multi_20260527T052620Z_aeacec
llm_dd6e86be4c3f,non,0.509642,False,distilroberta-base-climate-specificity,Local model,climatebert_multi_20260527T052620Z_aeacec
llm_892fb83cd949,non,0.533406,False,distilroberta-base-climate-specificity,Local model,climatebert_multi_20260527T052620Z_aeacec
llm_9ed13ebba00a,non,0.519248,False,distilroberta-base-climate-specificity,Local model,climatebert_multi_20260527T052620Z_aeacec
llm_2ac58e64e7e3,spec,0.530505,False,distilroberta-base-climate-specificity,Local model,climatebert_multi_20260527T052620Z_aeacec
llm_e455a7c26659,non,0.528871,False,distilroberta-base-climate-specificity,Local model,climatebert_multi_20260527T052620Z_aeacec
llm_7108039a8418,non,0.503399,False,distilroberta-base-climate-specificity,Local model,climatebert_multi_20260527T052620Z_aeacec
llm_67855eda4844,spec,0.507602,False,distilroberta-base-climate-specificity,Local model,climatebert_multi_20260527T052620Z_aeacec
llm_d5c90d03d681,spec,0.610893,False,distilroberta-base-climate-specificity,Local model,climatebert_multi_20260527T052620Z_aeacec
llm_716a6299b315,spec,0.641972,False,distilroberta-base-climate-specificity,Local model,climatebert_multi_20260527T052620Z_aeacec
llm_04467f0e93e4,spec,0.592605,False,distilroberta-base-climate-specificity,Local model,climatebert_multi_20260527T052620Z_aeacec
llm_87e167e36f58,spec,0.615092,False,distilroberta-base-climate-specificity,Local model,climatebert_multi_20260527T052620Z_aeacec
llm_7cd3b309f0e1,non,0.942935,False,distilroberta-base-climate-specificity,Local model,climatebert_multi_20260527T052620Z_aeacec
llm_cdf33fcf8a97,non,0.950167,False,distilroberta-base-climate-specificity,Local model,climatebert_multi_20260527T052620Z_aeacec
llm_f245bed07522,non,0.938354,False,distilroberta-base-climate-specificity,Local model,climatebert_multi_20260527T052620Z_aeacec
llm_f34b05253b1b,non,0.749537,False,distilroberta-base-climate-specificity,Local model,climatebert_multi_20260527T052620Z_aeacec
llm_e9bb5f9fe929,non,0.951104,False,distilroberta-base-climate-specificity,Local model,climatebert_multi_20260527T052620Z_aeacec
llm_2ed0ffb3178f,non,0.898774,False,distilroberta-base-climate-specificity,Local model,climatebert_multi_20260527T052620Z_aeacec
llm_dc7783d62fa5,spec,0.594244,False,distilroberta-base-climate-specificity,Local model,climatebert_multi_20260527T052620Z_aeacec
llm_40d90e12189b,spec,0.601002,False,distilroberta-base-climate-specificity,Local model,climatebert_multi_20260527T052620Z_aeacec
llm_976606988330,non,0.679773,False,distilroberta-base-climate-specificity,Local model,climatebert_multi_20260527T052620Z_aeacec
llm_b596c58b1fda,spec,0.612913,False,distilroberta-base-climate-specificity,Local model,climatebert_multi_20260527T052620Z_aeacec
llm_7f4b266d1e2c,spec,0.682795,False,distilroberta-base-climate-specificity,Local model,climatebert_multi_20260527T052620Z_aeacec
llm_d8b04df7c4ae,spec,0.599939,False,distilroberta-base-climate-specificity,Local model,climatebert_multi_20260527T052620Z_aeacec
llm_023e7f215a6d,spec,0.593525,False,distilroberta-base-climate-specificity,Local model,climatebert_multi_20260527T052620Z_aeacec
llm_76932e1c2c1e,spec,0.578454,False,distilroberta-base-climate-specificity,Local model,climatebert_multi_20260527T052620Z_aeacec
llm_944135340060,spec,0.546895,False,distilroberta-base-climate-specificity,Local model,climatebert_multi_20260527T052620Z_aeacec
llm_408381cb89d8,spec,0.622257,False,distilroberta-base-climate-specificity,Local model,climatebert_multi_20260527T052620Z_aeacec
llm_41f75626258c,spec,0.50916,False,distilroberta-base-climate-specificity,Local model,climatebert_multi_20260527T052620Z_aeacec
llm_cf240f07fdc1,spec,0.539361,False,distilroberta-base-climate-specificity,Local model,climatebert_multi_20260527T052620Z_aeacec
llm_67205eca5d88,spec,0.639907,False,distilroberta-base-climate-specificity,Local model,climatebert_multi_20260527T052620Z_aeacec
llm_838bab29df0e,non,0.652152,False,distilroberta-base-climate-specificity,Local model,climatebert_multi_20260527T052620Z_aeacec
llm_789ef063bebc,spec,0.576145,False,distilroberta-base-climate-specificity,Local model,climatebert_multi_20260527T052620Z_aeacec
llm_d9754b193125,spec,0.690249,False,distilroberta-base-climate-specificity,Local model,climatebert_multi_20260527T052620Z_aeacec
llm_c8ed02df8d98,spec,0.544666,False,distilroberta-base-climate-specificity,Local model,climatebert_multi_20260527T052620Z_aeacec
llm_0bc911739eaa,spec,0.554018,False,distilroberta-base-climate-specificity,Local model,climatebert_multi_20260527T052620Z_aeacec
llm_c00862082a84,spec,0.528933,False,distilroberta-base-climate-specificity,Local model,climatebert_multi_20260527T052620Z_aeacec
llm_4c2d5e92f290,spec,0.547364,False,distilroberta-base-climate-specificity,Local model,climatebert_multi_20260527T052620Z_aeacec
llm_c29824fa80e4,non,0.533776,False,distilroberta-base-climate-specificity,Local model,climatebert_multi_20260527T052620Z_aeacec
llm_cc2e73dddc3c,spec,0.549266,False,distilroberta-base-climate-specificity,Local model,climatebert_multi_20260527T052620Z_aeacec
llm_265a84d2ac1b,spec,0.507602,False,distilroberta-base-climate-specificity,Local model,climatebert_multi_20260527T052620Z_aeacec
llm_d678fb0bafcb,spec,0.610893,False,distilroberta-base-climate-specificity,Local model,climatebert_multi_20260527T052620Z_aeacec
llm_6aeac57c40c3,spec,0.641972,False,distilroberta-base-climate-specificity,Local model,climatebert_multi_20260527T052620Z_aeacec
llm_b49bebad647f,spec,0.592605,False,distilroberta-base-climate-specificity,Local model,climatebert_multi_20260527T052620Z_aeacec
llm_944fadded202,spec,0.564726,False,distilroberta-base-climate-specificity,Local model,climatebert_multi_20260527T052620Z_aeacec
llm_c074b7a6b1cc,spec,0.512764,False,distilroberta-base-climate-specificity,Local model,climatebert_multi_20260527T052620Z_aeacec
llm_6b5f4f76bb36,spec,0.598196,False,distilroberta-base-climate-specificity,Local model,climatebert_multi_20260527T052620Z_aeacec
llm_be5a5c494da7,non,0.525179,False,distilroberta-base-climate-specificity,Local model,climatebert_multi_20260527T052620Z_aeacec
llm_79c277af7ec6,spec,0.551156,False,distilroberta-base-climate-specificity,Local model,climatebert_multi_20260527T052620Z_aeacec
llm_d59c6f95f39c,non,0.587189,False,distilroberta-base-climate-specificity,Local model,climatebert_multi_20260527T052620Z_aeacec
llm_a4d6131439c8,spec,0.623289,False,distilroberta-base-climate-specificity,Local model,climatebert_multi_20260527T052620Z_aeacec
llm_ec9661ad30d7,spec,0.536458,False,distilroberta-base-climate-specificity,Local model,climatebert_multi_20260527T052620Z_aeacec
llm_6ca62f6c478a,spec,0.614644,False,distilroberta-base-climate-specificity,Local model,climatebert_multi_20260527T052620Z_aeacec
llm_9bc88368ffee,spec,0.700832,False,distilroberta-base-climate-specificity,Local model,climatebert_multi_20260527T052620Z_aeacec
llm_6233dd19a727,spec,0.668801,False,distilroberta-base-climate-specificity,Local model,climatebert_multi_20260527T052620Z_aeacec
llm_3c07a4eaa25b,spec,0.620986,False,distilroberta-base-climate-specificity,Local model,climatebert_multi_20260527T052620Z_aeacec
llm_06c8bfe0a589,non,0.547,False,distilroberta-base-climate-specificity,Local model,climatebert_multi_20260527T052620Z_aeacec
llm_29f50c060331,spec,0.552577,False,distilroberta-base-climate-specificity,Local model,climatebert_multi_20260527T052620Z_aeacec
llm_56dfdc73310f,non,0.535643,False,distilroberta-base-climate-specificity,Local model,climatebert_multi_20260527T052620Z_aeacec
llm_e01e56f9dbf2,spec,0.55414,False,distilroberta-base-climate-specificity,Local model,climatebert_multi_20260527T052620Z_aeacec
llm_1f44ff99fa48,non,0.518965,False,distilroberta-base-climate-specificity,Local model,climatebert_multi_20260527T052620Z_aeacec
llm_b18dbf1d826c,spec,0.535404,False,distilroberta-base-climate-specificity,Local model,climatebert_multi_20260527T052620Z_aeacec
llm_f634e316be35,spec,0.553861,False,distilroberta-base-climate-specificity,Local model,climatebert_multi_20260527T052620Z_aeacec
llm_9bcca840cd9a,non,0.576793,False,distilroberta-base-climate-specificity,Local model,climatebert_multi_20260527T052620Z_aeacec
llm_b4ef45d40451,non,0.523657,False,distilroberta-base-climate-specificity,Local model,climatebert_multi_20260527T052620Z_aeacec
llm_b6a48100735f,non,0.56477,False,distilroberta-base-climate-specificity,Local model,climatebert_multi_20260527T052620Z_aeacec
llm_85f46402680a,spec,0.528449,False,distilroberta-base-climate-specificity,Local model,climatebert_multi_20260527T052620Z_aeacec
llm_b09e245294ba,non,0.509534,False,distilroberta-base-climate-specificity,Local model,climatebert_multi_20260527T052620Z_aeacec
llm_1e062e486c88,spec,0.510959,False,distilroberta-base-climate-specificity,Local model,climatebert_multi_20260527T052620Z_aeacec
llm_53c759e0909e,spec,0.564148,False,distilroberta-base-climate-specificity,Local model,climatebert_multi_20260527T052620Z_aeacec
llm_d73bc41d35d4,non,0.55289,False,distilroberta-base-climate-specificity,Local model,climatebert_multi_20260527T052620Z_aeacec
llm_b2b395b4bc20,non,0.529771,False,distilroberta-base-climate-specificity,Local model,climatebert_multi_20260527T052620Z_aeacec
llm_bc558d905df1,spec,0.51466,False,distilroberta-base-climate-specificity,Local model,climatebert_multi_20260527T052620Z_aeacec
llm_58e5e661900e,non,0.576946,False,distilroberta-base-climate-specificity,Local model,climatebert_multi_20260527T052620Z_aeacec
llm_ea19e9baf083,spec,0.657545,False,distilroberta-base-climate-specificity,Local model,climatebert_multi_20260527T052620Z_aeacec
llm_48d63807f879,non,0.586926,False,distilroberta-base-climate-specificity,Local model,climatebert_multi_20260527T052620Z_aeacec
llm_9f3d218e25fb,spec,0.526115,False,distilroberta-base-climate-specificity,Local model,climatebert_multi_20260527T052620Z_aeacec
llm_e3dde2d18423,spec,0.594244,False,distilroberta-base-climate-specificity,Local model,climatebert_multi_20260527T052620Z_aeacec
llm_2fb8668653f3,non,0.705043,False,distilroberta-base-climate-specificity,Local model,climatebert_multi_20260527T052620Z_aeacec
llm_3be8b5415a2c,spec,0.571037,False,distilroberta-base-climate-specificity,Local model,climatebert_multi_20260527T052620Z_aeacec
llm_466d9a278434,spec,0.524594,False,distilroberta-base-climate-specificity,Local model,climatebert_multi_20260527T052620Z_aeacec
llm_276c7c38a2c0,non,0.586063,False,distilroberta-base-climate-specificity,Local model,climatebert_multi_20260527T052620Z_aeacec
llm_a072db6aaafa,non,0.546358,False,distilroberta-base-climate-specificity,Local model,climatebert_multi_20260527T052620Z_aeacec
llm_12c647c560b5,spec,0.566022,False,distilroberta-base-climate-specificity,Local model,climatebert_multi_20260527T052620Z_aeacec
llm_0e3a99ac454d,spec,0.566804,False,distilroberta-base-climate-specificity,Local model,climatebert_multi_20260527T052620Z_aeacec
llm_82b203715390,spec,0.601997,False,distilroberta-base-climate-specificity,Local model,climatebert_multi_20260527T052620Z_aeacec
llm_945cfbbf3769,spec,0.612442,False,distilroberta-base-climate-specificity,Local model,climatebert_multi_20260527T052620Z_aeacec
llm_19752f3bd97d,spec,0.579704,False,distilroberta-base-climate-specificity,Local model,climatebert_multi_20260527T052620Z_aeacec
llm_68a6bc21d323,non,0.560365,False,distilroberta-base-climate-specificity,Local model,climatebert_multi_20260527T052620Z_aeacec
llm_252a765dffd9,spec,0.528503,False,distilroberta-base-climate-specificity,Local model,climatebert_multi_20260527T052620Z_aeacec
llm_a995e126160f,spec,0.526466,False,distilroberta-base-climate-specificity,Local model,climatebert_multi_20260527T052620Z_aeacec
llm_0de677194925,spec,0.610792,False,distilroberta-base-climate-specificity,Local model,climatebert_multi_20260527T052620Z_aeacec
llm_c2def29d0c72,non,0.517996,False,distilroberta-base-climate-specificity,Local model,climatebert_multi_20260527T052620Z_aeacec
llm_cf533238a4c0,spec,0.647771,False,distilroberta-base-climate-specificity,Local model,climatebert_multi_20260527T052620Z_aeacec
llm_b6b9f08e30fa,non,0.578278,False,distilroberta-base-climate-specificity,Local model,climatebert_multi_20260527T052620Z_aeacec
llm_0fde3d02f567,non,0.506342,False,distilroberta-base-climate-specificity,Local model,climatebert_multi_20260527T052620Z_aeacec
llm_7e89b485283e,non,0.516186,False,distilroberta-base-climate-specificity,Local model,climatebert_multi_20260527T052620Z_aeacec
llm_aaeba94a08d3,spec,0.547317,False,distilroberta-base-climate-specificity,Local model,climatebert_multi_20260527T052620Z_aeacec
llm_d29bab81581f,spec,0.514108,False,distilroberta-base-climate-specificity,Local model,climatebert_multi_20260527T052620Z_aeacec
llm_debb5c3c6aad,spec,0.531805,False,distilroberta-base-climate-specificity,Local model,climatebert_multi_20260527T052620Z_aeacec
llm_a945ce5d00c2,non,0.646033,False,distilroberta-base-climate-specificity,Local model,climatebert_multi_20260527T052620Z_aeacec
llm_e033e449ec71,non,0.553812,False,distilroberta-base-climate-specificity,Local model,climatebert_multi_20260527T052620Z_aeacec
llm_58991dc147c8,spec,0.545435,False,distilroberta-base-climate-specificity,Local model,climatebert_multi_20260527T052620Z_aeacec
llm_2cc38758f022,non,0.526329,False,distilroberta-base-climate-specificity,Local model,climatebert_multi_20260527T052620Z_aeacec
llm_83a9021f0072,non,0.526673,False,distilroberta-base-climate-specificity,Local model,climatebert_multi_20260527T052620Z_aeacec
llm_297be6665395,non,0.5373,False,distilroberta-base-climate-specificity,Local model,climatebert_multi_20260527T052620Z_aeacec
llm_5c53baeb02ef,spec,0.502643,False,distilroberta-base-climate-specificity,Local model,climatebert_multi_20260527T052620Z_aeacec
llm_6042bd93d789,non,0.590907,False,distilroberta-base-climate-specificity,Local model,climatebert_multi_20260527T052620Z_aeacec
llm_ef23e3aa76cd,spec,0.516096,False,distilroberta-base-climate-specificity,Local model,climatebert_multi_20260527T052620Z_aeacec
llm_44e8a2ffde2b,spec,0.589399,False,distilroberta-base-climate-specificity,Local model,climatebert_multi_20260527T052620Z_aeacec
llm_b4c03b581a8c,spec,0.511945,False,distilroberta-base-climate-specificity,Local model,climatebert_multi_20260527T052620Z_aeacec
llm_de0e2d4dac07,non,0.56031,False,distilroberta-base-climate-specificity,Local model,climatebert_multi_20260527T052620Z_aeacec
llm_fd1b30df9806,non,0.531754,False,distilroberta-base-climate-specificity,Local model,climatebert_multi_20260527T052620Z_aeacec
llm_02dcc89a9949,non,0.513063,False,distilroberta-base-climate-specificity,Local model,climatebert_multi_20260527T052620Z_aeacec
llm_27956f037463,non,0.528871,False,distilroberta-base-climate-specificity,Local model,climatebert_multi_20260527T052620Z_aeacec
llm_f85f226a0776,non,0.503399,False,distilroberta-base-climate-specificity,Local model,climatebert_multi_20260527T052620Z_aeacec
llm_e50aeb58cb2a,non,0.533406,False,distilroberta-base-climate-specificity,Local model,climatebert_multi_20260527T052620Z_aeacec
llm_75d12114e652,non,0.519248,False,distilroberta-base-climate-specificity,Local model,climatebert_multi_20260527T052620Z_aeacec
llm_8637073e4f26,spec,0.530505,False,distilroberta-base-climate-specificity,Local model,climatebert_multi_20260527T052620Z_aeacec
llm_e5238898344f,spec,0.51466,False,distilroberta-base-climate-specificity,Local model,climatebert_multi_20260527T052620Z_aeacec
llm_e7a283f79a9d,non,0.576946,False,distilroberta-base-climate-specificity,Local model,climatebert_multi_20260527T052620Z_aeacec
llm_b5553606bf30,spec,0.501867,False,distilroberta-base-climate-specificity,Local model,climatebert_multi_20260527T052620Z_aeacec
llm_c934557bbcdb,spec,0.538255,False,distilroberta-base-climate-specificity,Local model,climatebert_multi_20260527T052620Z_aeacec
llm_c4a7df641ab0,non,0.545833,False,distilroberta-base-climate-specificity,Local model,climatebert_multi_20260527T052620Z_aeacec
llm_50d238f9f3d9,non,0.509642,False,distilroberta-base-climate-specificity,Local model,climatebert_multi_20260527T052620Z_aeacec
llm_1d5976c0bee8,spec,0.504547,False,distilroberta-base-climate-specificity,Local model,climatebert_multi_20260527T052620Z_aeacec
llm_1ec3f3907ea6,spec,0.541571,False,distilroberta-base-climate-specificity,Local model,climatebert_multi_20260527T052620Z_aeacec
llm_a851643836db,spec,0.522162,False,distilroberta-base-climate-specificity,Local model,climatebert_multi_20260527T052620Z_aeacec
llm_ff0c6873d67b,non,0.503492,False,distilroberta-base-climate-specificity,Local model,climatebert_multi_20260527T052620Z_aeacec
llm_5e43c2c6e7cd,non,0.546376,False,distilroberta-base-climate-specificity,Local model,climatebert_multi_20260527T052620Z_aeacec
llm_f2393352db4e,spec,0.613209,False,distilroberta-base-climate-specificity,Local model,climatebert_multi_20260527T052620Z_aeacec
llm_2a61a95f6cd7,spec,0.600115,False,distilroberta-base-climate-specificity,Local model,climatebert_multi_20260527T052620Z_aeacec
llm_500a70e89ace,spec,0.582488,False,distilroberta-base-climate-specificity,Local model,climatebert_multi_20260527T052620Z_aeacec
llm_92769c58e64d,non,0.58978,False,distilroberta-base-climate-specificity,Local model,climatebert_multi_20260527T052620Z_aeacec
llm_bd8d68fad84c,non,0.659991,False,distilroberta-base-climate-specificity,Local model,climatebert_multi_20260527T052620Z_aeacec
llm_3b696222c390,spec,0.615328,False,distilroberta-base-climate-specificity,Local model,climatebert_multi_20260527T052620Z_aeacec
llm_d6afa7f69552,spec,0.56898,False,distilroberta-base-climate-specificity,Local model,climatebert_multi_20260527T052620Z_aeacec
llm_a6ccc445e5eb,spec,0.562365,False,distilroberta-base-climate-specificity,Local model,climatebert_multi_20260527T052620Z_aeacec
llm_2ad6881d25ab,spec,0.525306,False,distilroberta-base-climate-specificity,Local model,climatebert_multi_20260527T052620Z_aeacec
llm_c96ef02446fc,spec,0.506326,False,distilroberta-base-climate-specificity,Local model,climatebert_multi_20260527T052620Z_aeacec
llm_e23cf5f9d0a7,non,0.512023,False,distilroberta-base-climate-specificity,Local model,climatebert_multi_20260527T052620Z_aeacec
llm_a250fdb38613,spec,0.573902,False,distilroberta-base-climate-specificity,Local model,climatebert_multi_20260527T052620Z_aeacec
llm_954eeaceed33,spec,0.615092,False,distilroberta-base-climate-specificity,Local model,climatebert_multi_20260527T052620Z_aeacec
llm_1c9ef2a54fe6,spec,0.614644,False,distilroberta-base-climate-specificity,Local model,climatebert_multi_20260527T052620Z_aeacec
llm_89a3ed6580a8,spec,0.598002,False,distilroberta-base-climate-specificity,Local model,climatebert_multi_20260527T052620Z_aeacec
llm_e834a12de2ce,spec,0.526115,False,distilroberta-base-climate-specificity,Local model,climatebert_multi_20260527T052620Z_aeacec
llm_64157576c867,spec,0.589389,False,distilroberta-base-climate-specificity,Local model,climatebert_multi_20260527T052620Z_aeacec
llm_2bd8fd370b4d,spec,0.58696,False,distilroberta-base-climate-specificity,Local model,climatebert_multi_20260527T052620Z_aeacec
llm_0402812d826f,spec,0.594278,False,distilroberta-base-climate-specificity,Local model,climatebert_multi_20260527T052620Z_aeacec
llm_5247e454094f,non,0.586063,False,distilroberta-base-climate-specificity,Local model,climatebert_multi_20260527T052620Z_aeacec
llm_ada405c3886d,non,0.514415,False,distilroberta-base-climate-specificity,Local model,climatebert_multi_20260527T052620Z_aeacec
llm_b2d3a7005197,non,0.618729,False,distilroberta-base-climate-specificity,Local model,climatebert_multi_20260527T052620Z_aeacec
llm_7317cfd7b71e,spec,0.516176,False,distilroberta-base-climate-specificity,Local model,climatebert_multi_20260527T052620Z_aeacec
llm_8d4df45c7c90,spec,0.53406,False,distilroberta-base-climate-specificity,Local model,climatebert_multi_20260527T052620Z_aeacec
llm_b5c7857cec9a,spec,0.53558,False,distilroberta-base-climate-specificity,Local model,climatebert_multi_20260527T052620Z_aeacec
llm_8bcd9a184108,spec,0.51177,False,distilroberta-base-climate-specificity,Local model,climatebert_multi_20260527T052620Z_aeacec
llm_bf847167735b,spec,0.513198,False,distilroberta-base-climate-specificity,Local model,climatebert_multi_20260527T052620Z_aeacec
llm_74e92aa8db91,spec,0.532393,False,distilroberta-base-climate-specificity,Local model,climatebert_multi_20260527T052620Z_aeacec
llm_c9c668082cb2,spec,0.538796,False,distilroberta-base-climate-specificity,Local model,climatebert_multi_20260527T052620Z_aeacec
llm_36ccbd480cff,spec,0.523075,False,distilroberta-base-climate-specificity,Local model,climatebert_multi_20260527T052620Z_aeacec
llm_0117e3130d87,non,0.504358,False,distilroberta-base-climate-specificity,Local model,climatebert_multi_20260527T052620Z_aeacec
llm_6b9726494856,spec,0.559658,False,distilroberta-base-climate-specificity,Local model,climatebert_multi_20260527T052620Z_aeacec
llm_5d6e58e5e945,spec,0.544417,False,distilroberta-base-climate-specificity,Local model,climatebert_multi_20260527T052620Z_aeacec
llm_dd4f58dba3d7,spec,0.622164,False,distilroberta-base-climate-specificity,Local model,climatebert_multi_20260527T052620Z_aeacec
llm_c5914ba7ff1e,spec,0.536592,False,distilroberta-base-climate-specificity,Local model,climatebert_multi_20260527T052620Z_aeacec
llm_220ff44b9d57,spec,0.546612,False,distilroberta-base-climate-specificity,Local model,climatebert_multi_20260527T052620Z_aeacec
llm_2077648d019c,non,0.525821,False,distilroberta-base-climate-specificity,Local model,climatebert_multi_20260527T052620Z_aeacec
llm_d919c4df1caa,spec,0.61334,False,distilroberta-base-climate-specificity,Local model,climatebert_multi_20260527T052620Z_aeacec
llm_3a82f111be62,non,0.516542,False,distilroberta-base-climate-specificity,Local model,climatebert_multi_20260527T052620Z_aeacec
llm_cd80c37a873e,non,0.514415,False,distilroberta-base-climate-specificity,Local model,climatebert_multi_20260527T052620Z_aeacec
llm_e3b1ebe50668,non,0.618729,False,distilroberta-base-climate-specificity,Local model,climatebert_multi_20260527T052620Z_aeacec
llm_5bdae683c43b,spec,0.53406,False,distilroberta-base-climate-specificity,Local model,climatebert_multi_20260527T052620Z_aeacec
llm_4ec53e061d6d,spec,0.53558,False,distilroberta-base-climate-specificity,Local model,climatebert_multi_20260527T052620Z_aeacec
llm_26cb0908acf2,spec,0.520995,False,distilroberta-base-climate-specificity,Local model,climatebert_multi_20260527T052620Z_aeacec
llm_701938656f1d,spec,0.513198,False,distilroberta-base-climate-specificity,Local model,climatebert_multi_20260527T052620Z_aeacec
llm_4653d8bb4ce0,spec,0.532393,False,distilroberta-base-climate-specificity,Local model,climatebert_multi_20260527T052620Z_aeacec
llm_520f5c651ce4,spec,0.538796,False,distilroberta-base-climate-specificity,Local model,climatebert_multi_20260527T052620Z_aeacec
llm_0988747c4a90,spec,0.523075,False,distilroberta-base-climate-specificity,Local model,climatebert_multi_20260527T052620Z_aeacec
llm_b4ee9a0ea335,non,0.504358,False,distilroberta-base-climate-specificity,Local model,climatebert_multi_20260527T052620Z_aeacec
llm_c7c2b3b4f9a9,spec,0.524656,False,distilroberta-base-climate-specificity,Local model,climatebert_multi_20260527T052620Z_aeacec
llm_b127c1e4e1d3,spec,0.585813,False,distilroberta-base-climate-specificity,Local model,climatebert_multi_20260527T052620Z_aeacec
llm_d037fe8e3d18,spec,0.593329,False,distilroberta-base-climate-specificity,Local model,climatebert_multi_20260527T052620Z_aeacec
llm_a72ea92ba760,spec,0.526115,False,distilroberta-base-climate-specificity,Local model,climatebert_multi_20260527T052620Z_aeacec
llm_d0ac97ef21d6,spec,0.657545,False,distilroberta-base-climate-specificity,Local model,climatebert_multi_20260527T052620Z_aeacec
llm_54bec1825aaa,non,0.586926,False,distilroberta-base-climate-specificity,Local model,climatebert_multi_20260527T052620Z_aeacec
llm_c7bf54d94ace,non,0.523847,False,distilroberta-base-climate-specificity,Local model,climatebert_multi_20260527T052620Z_aeacec
llm_a442e3747ef0,spec,0.58696,False,distilroberta-base-climate-specificity,Local model,climatebert_multi_20260527T052620Z_aeacec
llm_ffed2c5a0c05,spec,0.546194,False,distilroberta-base-climate-specificity,Local model,climatebert_multi_20260527T052620Z_aeacec
llm_9d3545dae7df,non,0.51119,False,distilroberta-base-climate-specificity,Local model,climatebert_multi_20260527T052620Z_aeacec
llm_2f1eb60ca4fa,spec,0.511945,False,distilroberta-base-climate-specificity,Local model,climatebert_multi_20260527T052620Z_aeacec
llm_d7ff42095441,non,0.598983,False,distilroberta-base-climate-specificity,Local model,climatebert_multi_20260527T052620Z_aeacec
llm_2f0ea7a2375a,spec,0.510993,False,distilroberta-base-climate-specificity,Local model,climatebert_multi_20260527T052620Z_aeacec
llm_d6666df63cdb,non,0.56031,False,distilroberta-base-climate-specificity,Local model,climatebert_multi_20260527T052620Z_aeacec
llm_e5339be2c3db,non,0.513063,False,distilroberta-base-climate-specificity,Local model,climatebert_multi_20260527T052620Z_aeacec
llm_157f608c9ef1,non,0.531754,False,distilroberta-base-climate-specificity,Local model,climatebert_multi_20260527T052620Z_aeacec
llm_4bfa22f9c410,non,0.576946,False,distilroberta-base-climate-specificity,Local model,climatebert_multi_20260527T052620Z_aeacec
llm_fe19a267b3ac,spec,0.501867,False,distilroberta-base-climate-specificity,Local model,climatebert_multi_20260527T052620Z_aeacec
llm_57cc59ee240e,spec,0.538255,False,distilroberta-base-climate-specificity,Local model,climatebert_multi_20260527T052620Z_aeacec
llm_8eb2fbb05751,non,0.545833,False,distilroberta-base-climate-specificity,Local model,climatebert_multi_20260527T052620Z_aeacec
llm_b269f0dcc9c0,non,0.509642,False,distilroberta-base-climate-specificity,Local model,climatebert_multi_20260527T052620Z_aeacec
llm_9d963961754b,spec,0.504547,False,distilroberta-base-climate-specificity,Local model,climatebert_multi_20260527T052620Z_aeacec
llm_03676da3e907,non,0.533406,False,distilroberta-base-climate-specificity,Local model,climatebert_multi_20260527T052620Z_aeacec
llm_9c4a2d300595,non,0.519248,False,distilroberta-base-climate-specificity,Local model,climatebert_multi_20260527T052620Z_aeacec
llm_79530a37030d,spec,0.530505,False,distilroberta-base-climate-specificity,Local model,climatebert_multi_20260527T052620Z_aeacec
llm_96faeec74bfe,spec,0.51466,False,distilroberta-base-climate-specificity,Local model,climatebert_multi_20260527T052620Z_aeacec
llm_1718db88c227,non,0.579215,False,distilroberta-base-climate-specificity,Local model,climatebert_multi_20260527T052620Z_aeacec
llm_37bc0ea4ab6f,non,0.567807,False,distilroberta-base-climate-specificity,Local model,climatebert_multi_20260527T052620Z_aeacec
llm_737290999aa0,non,0.57589,False,distilroberta-base-climate-specificity,Local model,climatebert_multi_20260527T052620Z_aeacec
llm_6d11146e7ea3,non,0.571702,False,distilroberta-base-climate-specificity,Local model,climatebert_multi_20260527T052620Z_aeacec
llm_470109886271,non,0.51644,False,distilroberta-base-climate-specificity,Local model,climatebert_multi_20260527T052620Z_aeacec
llm_53b07f5a7467,non,0.51684,False,distilroberta-base-climate-specificity,Local model,climatebert_multi_20260527T052620Z_aeacec
llm_db0002f58de2,non,0.528871,False,distilroberta-base-climate-specificity,Local model,climatebert_multi_20260527T052620Z_aeacec
llm_412a7dd9f821,spec,0.541571,False,distilroberta-base-climate-specificity,Local model,climatebert_multi_20260527T052620Z_aeacec
llm_51707b55484f,spec,0.505326,False,distilroberta-base-climate-specificity,Local model,climatebert_multi_20260527T052620Z_aeacec
llm_7830cb957901,spec,0.518393,False,distilroberta-base-climate-specificity,Local model,climatebert_multi_20260527T052620Z_aeacec
llm_f9a2387038ee,spec,0.534525,False,distilroberta-base-climate-specificity,Local model,climatebert_multi_20260527T052620Z_aeacec
llm_c3afc0884975,non,0.527441,False,distilroberta-base-climate-specificity,Local model,climatebert_multi_20260527T052620Z_aeacec
llm_07a170f4aa9e,non,0.515911,False,distilroberta-base-climate-specificity,Local model,climatebert_multi_20260527T052620Z_aeacec
llm_1e26e643eff6,spec,0.538045,False,distilroberta-base-climate-specificity,Local model,climatebert_multi_20260527T052620Z_aeacec
llm_33e15876a1c9,non,0.517996,False,distilroberta-base-climate-specificity,Local model,climatebert_multi_20260527T052620Z_aeacec
llm_da23780829e1,spec,0.657545,False,distilroberta-base-climate-specificity,Local model,climatebert_multi_20260527T052620Z_aeacec
llm_4700731d2acb,non,0.586926,False,distilroberta-base-climate-specificity,Local model,climatebert_multi_20260527T052620Z_aeacec
llm_7a2e1957e8b5,spec,0.526115,False,distilroberta-base-climate-specificity,Local model,climatebert_multi_20260527T052620Z_aeacec
llm_6281d5327a8c,spec,0.525546,False,distilroberta-base-climate-specificity,Local model,climatebert_multi_20260527T052620Z_aeacec
llm_8f4b760ebfcb,spec,0.512396,False,distilroberta-base-climate-specificity,Local model,climatebert_multi_20260527T052620Z_aeacec
llm_dd2bedcbd37f,spec,0.554081,False,distilroberta-base-climate-specificity,Local model,climatebert_multi_20260527T052620Z_aeacec
llm_3606d9f7223c,non,0.565852,False,distilroberta-base-climate-specificity,Local model,climatebert_multi_20260527T052620Z_aeacec
llm_a5401e7b6cde,spec,0.557996,False,distilroberta-base-climate-specificity,Local model,climatebert_multi_20260527T052620Z_aeacec
llm_629f4ad0ff80,spec,0.657545,False,distilroberta-base-climate-specificity,Local model,climatebert_multi_20260527T052620Z_aeacec
llm_c93c68ee4d23,non,0.586926,False,distilroberta-base-climate-specificity,Local model,climatebert_multi_20260527T052620Z_aeacec
llm_76046e29f293,non,0.519565,False,distilroberta-base-climate-specificity,Local model,climatebert_multi_20260527T052620Z_aeacec
llm_32d3d5dbd1e2,non,0.523847,False,distilroberta-base-climate-specificity,Local model,climatebert_multi_20260527T052620Z_aeacec
llm_04a49eb3f3c0,non,0.545144,False,distilroberta-base-climate-specificity,Local model,climatebert_multi_20260527T052620Z_aeacec
llm_897a2c6e535d,spec,0.526115,False,distilroberta-base-climate-specificity,Local model,climatebert_multi_20260527T052620Z_aeacec
llm_d29d2daae454,spec,0.608422,False,distilroberta-base-climate-specificity,Local model,climatebert_multi_20260527T052620Z_aeacec
llm_d71440f8e463,spec,0.699136,False,distilroberta-base-climate-specificity,Local model,climatebert_multi_20260527T052620Z_aeacec
llm_d762eb079ec9,spec,0.568885,False,distilroberta-base-climate-specificity,Local model,climatebert_multi_20260527T052620Z_aeacec
llm_fc3ec00514cf,spec,0.511945,False,distilroberta-base-climate-specificity,Local model,climatebert_multi_20260527T052620Z_aeacec
llm_bdd246af0a30,non,0.56031,False,distilroberta-base-climate-specificity,Local model,climatebert_multi_20260527T052620Z_aeacec
llm_6d0fb49689bf,spec,0.58696,False,distilroberta-base-climate-specificity,Local model,climatebert_multi_20260527T052620Z_aeacec
llm_63a4a5134acd,spec,0.562946,False,distilroberta-base-climate-specificity,Local model,climatebert_multi_20260527T052620Z_aeacec
llm_15ba561734ed,spec,0.594244,False,distilroberta-base-climate-specificity,Local model,climatebert_multi_20260527T052620Z_aeacec
llm_5ca7421f2998,spec,0.619064,False,distilroberta-base-climate-specificity,Local model,climatebert_multi_20260527T052620Z_aeacec
llm_06b7291d20b6,non,0.567812,False,distilroberta-base-climate-specificity,Local model,climatebert_multi_20260527T052620Z_aeacec
llm_ad848c9ccfd6,non,0.533428,False,distilroberta-base-climate-specificity,Local model,climatebert_multi_20260527T052620Z_aeacec
llm_61faa873851e,spec,0.601002,False,distilroberta-base-climate-specificity,Local model,climatebert_multi_20260527T052620Z_aeacec
llm_1ec15dec500f,spec,0.531584,False,distilroberta-base-climate-specificity,Local model,climatebert_multi_20260527T052620Z_aeacec
llm_70bd9ae60789,spec,0.534504,False,distilroberta-base-climate-specificity,Local model,climatebert_multi_20260527T052620Z_aeacec
llm_3a52cb32d5f8,non,0.527614,False,distilroberta-base-climate-specificity,Local model,climatebert_multi_20260527T052620Z_aeacec
llm_1953b384834b,non,0.911606,False,distilroberta-base-climate-specificity,Local model,climatebert_multi_20260527T052620Z_aeacec
llm_bb20a03349c8,non,0.641049,False,distilroberta-base-climate-specificity,Local model,climatebert_multi_20260527T052620Z_aeacec
llm_f1a2af493717,non,0.754775,False,distilroberta-base-climate-specificity,Local model,climatebert_multi_20260527T052620Z_aeacec
llm_12da49ad7358,non,0.629675,False,distilroberta-base-climate-specificity,Local model,climatebert_multi_20260527T052620Z_aeacec
llm_0f8db92870d9,non,0.670382,False,distilroberta-base-climate-specificity,Local model,climatebert_multi_20260527T052620Z_aeacec
llm_9f39e0f1d284,non,0.592449,False,distilroberta-base-climate-specificity,Local model,climatebert_multi_20260527T052620Z_aeacec
llm_88211cb97398,non,0.542687,False,distilroberta-base-climate-specificity,Local model,climatebert_multi_20260527T052620Z_aeacec
llm_118c1b81c457,non,0.575406,False,distilroberta-base-climate-specificity,Local model,climatebert_multi_20260527T052620Z_aeacec
llm_c3c35414f5c7,non,0.706116,False,distilroberta-base-climate-specificity,Local model,climatebert_multi_20260527T052620Z_aeacec
llm_fa7c452eaab2,non,0.700886,False,distilroberta-base-climate-specificity,Local model,climatebert_multi_20260527T052620Z_aeacec
llm_13d5c07243d5,non,0.79258,False,distilroberta-base-climate-specificity,Local model,climatebert_multi_20260527T052620Z_aeacec
llm_8129869a71f8,non,0.729225,False,distilroberta-base-climate-specificity,Local model,climatebert_multi_20260527T052620Z_aeacec
llm_0c0346a656c9,non,0.546413,False,distilroberta-base-climate-specificity,Local model,climatebert_multi_20260527T052620Z_aeacec
llm_c0809c9660ee,spec,0.53406,False,distilroberta-base-climate-specificity,Local model,climatebert_multi_20260527T052620Z_aeacec
llm_2ac2050e3ff6,spec,0.53558,False,distilroberta-base-climate-specificity,Local model,climatebert_multi_20260527T052620Z_aeacec
llm_3df16d1c4f1b,spec,0.520995,False,distilroberta-base-climate-specificity,Local model,climatebert_multi_20260527T052620Z_aeacec
llm_53481f3e2527,spec,0.513198,False,distilroberta-base-climate-specificity,Local model,climatebert_multi_20260527T052620Z_aeacec
llm_ac964c672af7,spec,0.532393,False,distilroberta-base-climate-specificity,Local model,climatebert_multi_20260527T052620Z_aeacec
llm_0fec19a2706f,spec,0.551038,False,distilroberta-base-climate-specificity,Local model,climatebert_multi_20260527T052620Z_aeacec
llm_a4bef6369111,spec,0.538796,False,distilroberta-base-climate-specificity,Local model,climatebert_multi_20260527T052620Z_aeacec
llm_01b47788a8fa,spec,0.523075,False,distilroberta-base-climate-specificity,Local model,climatebert_multi_20260527T052620Z_aeacec
llm_0d786330cce6,non,0.504358,False,distilroberta-base-climate-specificity,Local model,climatebert_multi_20260527T052620Z_aeacec
llm_4574cf86399c,spec,0.534504,False,distilroberta-base-climate-specificity,Local model,climatebert_multi_20260527T052620Z_aeacec
llm_adb532619eda,spec,0.54314,False,distilroberta-base-climate-specificity,Local model,climatebert_multi_20260527T052620Z_aeacec
llm_1be9a94fde55,non,0.502592,False,distilroberta-base-climate-specificity,Local model,climatebert_multi_20260527T052620Z_aeacec
llm_ac1399328885,spec,0.594244,False,distilroberta-base-climate-specificity,Local model,climatebert_multi_20260527T052620Z_aeacec
llm_16c7b25ed843,spec,0.531584,False,distilroberta-base-climate-specificity,Local model,climatebert_multi_20260527T052620Z_aeacec
llm_6fb2f632afc9,spec,0.594244,False,distilroberta-base-climate-specificity,Local model,climatebert_multi_20260527T052620Z_aeacec
llm_e3254fc4081e,spec,0.534504,False,distilroberta-base-climate-specificity,Local model,climatebert_multi_20260527T052620Z_aeacec
llm_497bac3472c2,spec,0.711677,False,distilroberta-base-climate-specificity,Local model,climatebert_multi_20260527T052620Z_aeacec
llm_7fe5304ec5a9,spec,0.591888,False,distilroberta-base-climate-specificity,Local model,climatebert_multi_20260527T052620Z_aeacec
llm_e1e7ad4bd846,spec,0.534504,False,distilroberta-base-climate-specificity,Local model,climatebert_multi_20260527T052620Z_aeacec
llm_fbeefa83f2d3,spec,0.594244,False,distilroberta-base-climate-specificity,Local model,climatebert_multi_20260527T052620Z_aeacec
llm_98d6d267a744,spec,0.591888,False,distilroberta-base-climate-specificity,Local model,climatebert_multi_20260527T052620Z_aeacec
llm_740f18613311,spec,0.601224,False,distilroberta-base-climate-specificity,Local model,climatebert_multi_20260527T052620Z_aeacec
llm_5361c64c47b1,spec,0.534504,False,distilroberta-base-climate-specificity,Local model,climatebert_multi_20260527T052620Z_aeacec
llm_d2feb42a1ae9,spec,0.655857,False,distilroberta-base-climate-specificity,Local model,climatebert_multi_20260527T052620Z_aeacec
llm_4907cb2120d4,spec,0.607587,False,distilroberta-base-climate-specificity,Local model,climatebert_multi_20260527T052620Z_aeacec
llm_a16f7707f806,spec,0.690536,False,distilroberta-base-climate-specificity,Local model,climatebert_multi_20260527T052620Z_aeacec
llm_9228ee8cbf7c,spec,0.657545,False,distilroberta-base-climate-specificity,Local model,climatebert_multi_20260527T052620Z_aeacec
llm_8e8db95c1128,non,0.586926,False,distilroberta-base-climate-specificity,Local model,climatebert_multi_20260527T052620Z_aeacec
llm_1f03860ca187,non,0.517996,False,distilroberta-base-climate-specificity,Local model,climatebert_multi_20260527T052620Z_aeacec
llm_d02af44166d2,spec,0.741252,False,distilroberta-base-climate-specificity,Local model,climatebert_multi_20260527T052620Z_aeacec
llm_0af58495d5d1,spec,0.639178,False,distilroberta-base-climate-specificity,Local model,climatebert_multi_20260527T052620Z_aeacec
llm_26c49f3925db,spec,0.524466,False,distilroberta-base-climate-specificity,Local model,climatebert_multi_20260527T052620Z_aeacec
llm_d196730bdf97,spec,0.716891,False,distilroberta-base-climate-specificity,Local model,climatebert_multi_20260527T052620Z_aeacec
llm_19efb726f3a8,spec,0.604804,False,distilroberta-base-climate-specificity,Local model,climatebert_multi_20260527T052620Z_aeacec
llm_f1de235eaef7,spec,0.622743,False,distilroberta-base-climate-specificity,Local model,climatebert_multi_20260527T052620Z_aeacec
llm_253183b62039,spec,0.71792,False,distilroberta-base-climate-specificity,Local model,climatebert_multi_20260527T052620Z_aeacec
llm_6ae31a4ec1b8,spec,0.757811,False,distilroberta-base-climate-specificity,Local model,climatebert_multi_20260527T052620Z_aeacec
llm_b31d24b8b44b,non,0.527441,False,distilroberta-base-climate-specificity,Local model,climatebert_multi_20260527T052620Z_aeacec
llm_26156d57c9bf,spec,0.511945,False,distilroberta-base-climate-specificity,Local model,climatebert_multi_20260527T052620Z_aeacec
llm_b6cbddf36f78,non,0.56031,False,distilroberta-base-climate-specificity,Local model,climatebert_multi_20260527T052620Z_aeacec
llm_5756bba3ef58,non,0.583939,False,distilroberta-base-climate-specificity,Local model,climatebert_multi_20260527T052620Z_aeacec
llm_35449b3c41ed,spec,0.51466,False,distilroberta-base-climate-specificity,Local model,climatebert_multi_20260527T052620Z_aeacec
llm_3d52ba40e936,spec,0.501867,False,distilroberta-base-climate-specificity,Local model,climatebert_multi_20260527T052620Z_aeacec
llm_91bd13ab343a,spec,0.538255,False,distilroberta-base-climate-specificity,Local model,climatebert_multi_20260527T052620Z_aeacec
llm_6f75e05d88f3,non,0.545833,False,distilroberta-base-climate-specificity,Local model,climatebert_multi_20260527T052620Z_aeacec
llm_e4752e4466a2,non,0.509642,False,distilroberta-base-climate-specificity,Local model,climatebert_multi_20260527T052620Z_aeacec
llm_d6a9d82ff425,spec,0.529454,False,distilroberta-base-climate-specificity,Local model,climatebert_multi_20260527T052620Z_aeacec
llm_ef0fcfbf8001,spec,0.547317,False,distilroberta-base-climate-specificity,Local model,climatebert_multi_20260527T052620Z_aeacec
llm_6da2588d9056,spec,0.534504,False,distilroberta-base-climate-specificity,Local model,climatebert_multi_20260527T052620Z_aeacec
llm_53fe9e9d9331,spec,0.594244,False,distilroberta-base-climate-specificity,Local model,climatebert_multi_20260527T052620Z_aeacec
llm_931530dc1c8f,spec,0.601002,False,distilroberta-base-climate-specificity,Local model,climatebert_multi_20260527T052620Z_aeacec
llm_41777026db89,spec,0.507602,False,distilroberta-base-climate-specificity,Local model,climatebert_multi_20260527T052620Z_aeacec
llm_3fffae01ba9c,spec,0.592553,False,distilroberta-base-climate-specificity,Local model,climatebert_multi_20260527T052620Z_aeacec
llm_3b366f8040e8,spec,0.641972,False,distilroberta-base-climate-specificity,Local model,climatebert_multi_20260527T052620Z_aeacec
llm_e4b24b3dd49c,spec,0.592605,False,distilroberta-base-climate-specificity,Local model,climatebert_multi_20260527T052620Z_aeacec
llm_a2daed9502c3,spec,0.615092,False,distilroberta-base-climate-specificity,Local model,climatebert_multi_20260527T052620Z_aeacec
llm_b94d108ee2b3,spec,0.545922,False,distilroberta-base-climate-specificity,Local model,climatebert_multi_20260527T052620Z_aeacec
llm_219cd0b0ab63,spec,0.562678,False,distilroberta-base-climate-specificity,Local model,climatebert_multi_20260527T052620Z_aeacec
llm_57da2f78da37,spec,0.594244,False,distilroberta-base-climate-specificity,Local model,climatebert_multi_20260527T052620Z_aeacec
llm_2d89c400a37d,spec,0.609083,False,distilroberta-base-climate-specificity,Local model,climatebert_multi_20260527T052620Z_aeacec
llm_8748f721653b,non,0.570747,False,distilroberta-base-climate-specificity,Local model,climatebert_multi_20260527T052620Z_aeacec
llm_78ed86aee570,spec,0.697009,False,distilroberta-base-climate-specificity,Local model,climatebert_multi_20260527T052620Z_aeacec
llm_f6c2a41d654a,spec,0.610792,False,distilroberta-base-climate-specificity,Local model,climatebert_multi_20260527T052620Z_aeacec
llm_c2b089d12a97,non,0.510367,False,distilroberta-base-climate-specificity,Local model,climatebert_multi_20260527T052620Z_aeacec
llm_4ad899d7e57c,spec,0.657545,False,distilroberta-base-climate-specificity,Local model,climatebert_multi_20260527T052620Z_aeacec
llm_c09b09273978,non,0.586926,False,distilroberta-base-climate-specificity,Local model,climatebert_multi_20260527T052620Z_aeacec
llm_a6fb5da53fca,spec,0.526115,False,distilroberta-base-climate-specificity,Local model,climatebert_multi_20260527T052620Z_aeacec
llm_23db29d673c7,spec,0.556512,False,distilroberta-base-climate-specificity,Local model,climatebert_multi_20260527T052620Z_aeacec
llm_cc71c182b274,spec,0.547317,False,distilroberta-base-climate-specificity,Local model,climatebert_multi_20260527T052620Z_aeacec
llm_4f9f0073f0d1,spec,0.756192,False,distilroberta-base-climate-specificity,Local model,climatebert_multi_20260527T052620Z_aeacec
llm_05d6882acdf2,spec,0.614959,False,distilroberta-base-climate-specificity,Local model,climatebert_multi_20260527T052620Z_aeacec
llm_8114b28b25bf,spec,0.51466,False,distilroberta-base-climate-specificity,Local model,climatebert_multi_20260527T052620Z_aeacec
llm_f0f7e55cd1c4,non,0.576946,False,distilroberta-base-climate-specificity,Local model,climatebert_multi_20260527T052620Z_aeacec
llm_a249738c181c,spec,0.501867,False,distilroberta-base-climate-specificity,Local model,climatebert_multi_20260527T052620Z_aeacec
llm_17f40f34b9f2,spec,0.538255,False,distilroberta-base-climate-specificity,Local model,climatebert_multi_20260527T052620Z_aeacec
llm_79b949275ac3,non,0.545833,False,distilroberta-base-climate-specificity,Local model,climatebert_multi_20260527T052620Z_aeacec
llm_0fb5e6656483,non,0.509642,False,distilroberta-base-climate-specificity,Local model,climatebert_multi_20260527T052620Z_aeacec
llm_e851951ff5d4,spec,0.504547,False,distilroberta-base-climate-specificity,Local model,climatebert_multi_20260527T052620Z_aeacec
llm_cdee9be4ebbf,non,0.527441,False,distilroberta-base-climate-specificity,Local model,climatebert_multi_20260527T052620Z_aeacec
llm_3481f6efe56c,spec,0.511945,False,distilroberta-base-climate-specificity,Local model,climatebert_multi_20260527T052620Z_aeacec
llm_9c5bf76aa9de,non,0.562384,False,distilroberta-base-climate-specificity,Local model,climatebert_multi_20260527T052620Z_aeacec
llm_dceabe9e8e41,non,0.56031,False,distilroberta-base-climate-specificity,Local model,climatebert_multi_20260527T052620Z_aeacec
llm_67635227951d,non,0.513063,False,distilroberta-base-climate-specificity,Local model,climatebert_multi_20260527T052620Z_aeacec
llm_c4ea65adec2c,non,0.531754,False,distilroberta-base-climate-specificity,Local model,climatebert_multi_20260527T052620Z_aeacec
llm_2a91cf5eb2fb,non,0.533406,False,distilroberta-base-climate-specificity,Local model,climatebert_multi_20260527T052620Z_aeacec
llm_209cfff1199e,non,0.519248,False,distilroberta-base-climate-specificity,Local model,climatebert_multi_20260527T052620Z_aeacec
llm_753d01938af2,spec,0.530505,False,distilroberta-base-climate-specificity,Local model,climatebert_multi_20260527T052620Z_aeacec
llm_49ce7ae3e599,non,0.528871,False,distilroberta-base-climate-specificity,Local model,climatebert_multi_20260527T052620Z_aeacec
llm_7d2aa53ab245,non,0.503399,False,distilroberta-base-climate-specificity,Local model,climatebert_multi_20260527T052620Z_aeacec
llm_778765610844,non,0.579215,False,distilroberta-base-climate-specificity,Local model,climatebert_multi_20260527T052620Z_aeacec
llm_979bbe2e86fa,non,0.570606,False,distilroberta-base-climate-specificity,Local model,climatebert_multi_20260527T052620Z_aeacec
llm_2eb91690ae6f,spec,0.593007,False,distilroberta-base-climate-specificity,Local model,climatebert_multi_20260527T052620Z_aeacec
llm_1622411abe25,non,0.702005,False,distilroberta-base-climate-specificity,Local model,climatebert_multi_20260527T052620Z_aeacec
llm_31c2bae09b64,non,0.586063,False,distilroberta-base-climate-specificity,Local model,climatebert_multi_20260527T052620Z_aeacec
llm_7161ddcac38a,non,0.514415,False,distilroberta-base-climate-specificity,Local model,climatebert_multi_20260527T052620Z_aeacec
llm_022741a78853,non,0.618729,False,distilroberta-base-climate-specificity,Local model,climatebert_multi_20260527T052620Z_aeacec
llm_25b52f33e3b0,spec,0.53406,False,distilroberta-base-climate-specificity,Local model,climatebert_multi_20260527T052620Z_aeacec
llm_bdaa7aab79c1,spec,0.53558,False,distilroberta-base-climate-specificity,Local model,climatebert_multi_20260527T052620Z_aeacec
llm_b55699483019,spec,0.520995,False,distilroberta-base-climate-specificity,Local model,climatebert_multi_20260527T052620Z_aeacec
llm_0e10a9a3b586,spec,0.513198,False,distilroberta-base-climate-specificity,Local model,climatebert_multi_20260527T052620Z_aeacec
llm_c9103ebc9c5e,spec,0.532393,False,distilroberta-base-climate-specificity,Local model,climatebert_multi_20260527T052620Z_aeacec
llm_6703b4ba30ff,spec,0.538796,False,distilroberta-base-climate-specificity,Local model,climatebert_multi_20260527T052620Z_aeacec
llm_8ca7ec7e625b,spec,0.523075,False,distilroberta-base-climate-specificity,Local model,climatebert_multi_20260527T052620Z_aeacec
llm_87b32ff999d6,non,0.672481,False,distilroberta-base-climate-specificity,Local model,climatebert_multi_20260527T052620Z_aeacec
llm_e7c92191aa2a,spec,0.657474,False,distilroberta-base-climate-specificity,Local model,climatebert_multi_20260527T052620Z_aeacec
llm_c3f2cfcf6a1d,spec,0.649072,False,distilroberta-base-climate-specificity,Local model,climatebert_multi_20260527T052620Z_aeacec
llm_fa92f6bc7fc2,non,0.51481,False,distilroberta-base-climate-specificity,Local model,climatebert_multi_20260527T052620Z_aeacec
llm_003fcf09a06a,non,0.567467,False,distilroberta-base-climate-specificity,Local model,climatebert_multi_20260527T052620Z_aeacec
llm_83d9cfdebfa6,non,0.518698,False,distilroberta-base-climate-specificity,Local model,climatebert_multi_20260527T052620Z_aeacec
llm_12ef37597921,non,0.513866,False,distilroberta-base-climate-specificity,Local model,climatebert_multi_20260527T052620Z_aeacec
llm_9e3eccc038e4,non,0.545833,False,distilroberta-base-climate-specificity,Local model,climatebert_multi_20260527T052620Z_aeacec
llm_91026b836537,non,0.584845,False,distilroberta-base-climate-specificity,Local model,climatebert_multi_20260527T052620Z_aeacec
llm_27bb609957c6,non,0.562679,False,distilroberta-base-climate-specificity,Local model,climatebert_multi_20260527T052620Z_aeacec
llm_5b450d5d905e,non,0.543926,False,distilroberta-base-climate-specificity,Local model,climatebert_multi_20260527T052620Z_aeacec
llm_3466125475b7,non,0.522956,False,distilroberta-base-climate-specificity,Local model,climatebert_multi_20260527T052620Z_aeacec
llm_6e837581b46c,spec,0.598002,False,distilroberta-base-climate-specificity,Local model,climatebert_multi_20260527T052620Z_aeacec
llm_36f35e97b84d,spec,0.526115,False,distilroberta-base-climate-specificity,Local model,climatebert_multi_20260527T052620Z_aeacec
llm_04cd4c302be0,spec,0.594278,False,distilroberta-base-climate-specificity,Local model,climatebert_multi_20260527T052620Z_aeacec
llm_46bdd6c8029a,non,0.527441,False,distilroberta-base-climate-specificity,Local model,climatebert_multi_20260527T052620Z_aeacec
llm_d270dfc42b2d,spec,0.51466,False,distilroberta-base-climate-specificity,Local model,climatebert_multi_20260527T052620Z_aeacec
llm_2a0d4ba3fee9,non,0.576946,False,distilroberta-base-climate-specificity,Local model,climatebert_multi_20260527T052620Z_aeacec
llm_9ac2aa6c880f,spec,0.501867,False,distilroberta-base-climate-specificity,Local model,climatebert_multi_20260527T052620Z_aeacec
llm_7d8d3cb09a8e,spec,0.538255,False,distilroberta-base-climate-specificity,Local model,climatebert_multi_20260527T052620Z_aeacec
llm_8fb8686bb575,non,0.545833,False,distilroberta-base-climate-specificity,Local model,climatebert_multi_20260527T052620Z_aeacec
llm_a0b166d66a7b,non,0.509642,False,distilroberta-base-climate-specificity,Local model,climatebert_multi_20260527T052620Z_aeacec
llm_edbd43af7cce,spec,0.504547,False,distilroberta-base-climate-specificity,Local model,climatebert_multi_20260527T052620Z_aeacec
llm_bc7eca407ba7,spec,0.541571,False,distilroberta-base-climate-specificity,Local model,climatebert_multi_20260527T052620Z_aeacec
llm_93c2a7734629,spec,0.547317,False,distilroberta-base-climate-specificity,Local model,climatebert_multi_20260527T052620Z_aeacec
llm_5b0eef0f4b15,spec,0.756192,False,distilroberta-base-climate-specificity,Local model,climatebert_multi_20260527T052620Z_aeacec
llm_9eafd390d6ea,non,0.640615,False,distilroberta-base-climate-specificity,Local model,climatebert_multi_20260527T052620Z_aeacec
llm_d23e37365600,non,0.514415,False,distilroberta-base-climate-specificity,Local model,climatebert_multi_20260527T052620Z_aeacec
llm_ecb504d39f7d,non,0.618729,False,distilroberta-base-climate-specificity,Local model,climatebert_multi_20260527T052620Z_aeacec
llm_d627fd943a2d,spec,0.53406,False,distilroberta-base-climate-specificity,Local model,climatebert_multi_20260527T052620Z_aeacec
llm_913ceef4d69a,spec,0.53558,False,distilroberta-base-climate-specificity,Local model,climatebert_multi_20260527T052620Z_aeacec
llm_599f479efaab,spec,0.520995,False,distilroberta-base-climate-specificity,Local model,climatebert_multi_20260527T052620Z_aeacec
llm_e7727c42c557,spec,0.513198,False,distilroberta-base-climate-specificity,Local model,climatebert_multi_20260527T052620Z_aeacec
llm_80febf5a0d63,spec,0.532393,False,distilroberta-base-climate-specificity,Local model,climatebert_multi_20260527T052620Z_aeacec
llm_91cb699cc274,spec,0.538796,False,distilroberta-base-climate-specificity,Local model,climatebert_multi_20260527T052620Z_aeacec
llm_d091cfae1a87,spec,0.523075,False,distilroberta-base-climate-specificity,Local model,climatebert_multi_20260527T052620Z_aeacec
llm_277bdaee4f86,non,0.504358,False,distilroberta-base-climate-specificity,Local model,climatebert_multi_20260527T052620Z_aeacec
llm_6860708e78aa,spec,0.523578,False,distilroberta-base-climate-specificity,Local model,climatebert_multi_20260527T052620Z_aeacec
llm_d105439e20d7,spec,0.555763,False,distilroberta-base-climate-specificity,Local model,climatebert_multi_20260527T052620Z_aeacec
llm_cb4503f58d85,spec,0.569155,False,distilroberta-base-climate-specificity,Local model,climatebert_multi_20260527T052620Z_aeacec
llm_e428d2cf8c15,spec,0.657545,False,distilroberta-base-climate-specificity,Local model,climatebert_multi_20260527T052620Z_aeacec
llm_b937641e0284,non,0.586926,False,distilroberta-base-climate-specificity,Local model,climatebert_multi_20260527T052620Z_aeacec
llm_4f8c94c371f8,non,0.519565,False,distilroberta-base-climate-specificity,Local model,climatebert_multi_20260527T052620Z_aeacec
llm_90241e05e011,non,0.523847,False,distilroberta-base-climate-specificity,Local model,climatebert_multi_20260527T052620Z_aeacec
llm_faf9c3f7b711,non,0.545144,False,distilroberta-base-climate-specificity,Local model,climatebert_multi_20260527T052620Z_aeacec
llm_7c1b15c00d7b,spec,0.526115,False,distilroberta-base-climate-specificity,Local model,climatebert_multi_20260527T052620Z_aeacec
llm_6f50af8a000a,non,0.527441,False,distilroberta-base-climate-specificity,Local model,climatebert_multi_20260527T052620Z_aeacec
llm_42cbab745d37,spec,0.511945,False,distilroberta-base-climate-specificity,Local model,climatebert_multi_20260527T052620Z_aeacec
llm_9b6c10de9d47,non,0.56031,False,distilroberta-base-climate-specificity,Local model,climatebert_multi_20260527T052620Z_aeacec
llm_dcdcf7a94dc1,non,0.583939,False,distilroberta-base-climate-specificity,Local model,climatebert_multi_20260527T052620Z_aeacec
llm_1e872bda2e7f,non,0.570459,False,distilroberta-base-climate-specificity,Local model,climatebert_multi_20260527T052620Z_aeacec
llm_d1e081fac9e8,non,0.51846,False,distilroberta-base-climate-specificity,Local model,climatebert_multi_20260527T052620Z_aeacec
llm_8aa9980ccf24,non,0.522407,False,distilroberta-base-climate-specificity,Local model,climatebert_multi_20260527T052620Z_aeacec
llm_c46d494541ad,non,0.509642,False,distilroberta-base-climate-specificity,Local model,climatebert_multi_20260527T052620Z_aeacec
llm_808cbcb58328,non,0.576946,False,distilroberta-base-climate-specificity,Local model,climatebert_multi_20260527T052620Z_aeacec
llm_021f01ba3f12,spec,0.501867,False,distilroberta-base-climate-specificity,Local model,climatebert_multi_20260527T052620Z_aeacec
llm_d0787715607e,spec,0.538255,False,distilroberta-base-climate-specificity,Local model,climatebert_multi_20260527T052620Z_aeacec
llm_96725e708067,non,0.513063,False,distilroberta-base-climate-specificity,Local model,climatebert_multi_20260527T052620Z_aeacec
llm_08328b83626b,spec,0.547317,False,distilroberta-base-climate-specificity,Local model,climatebert_multi_20260527T052620Z_aeacec
llm_18bf1b18d93b,spec,0.594244,False,distilroberta-base-climate-specificity,Local model,climatebert_multi_20260527T052620Z_aeacec
llm_8f9fffa1af82,spec,0.603478,False,distilroberta-base-climate-specificity,Local model,climatebert_multi_20260527T052620Z_aeacec
llm_c6aa952fd461,spec,0.581417,False,distilroberta-base-climate-specificity,Local model,climatebert_multi_20260527T052620Z_aeacec
llm_42d38286f373,non,0.679773,False,distilroberta-base-climate-specificity,Local model,climatebert_multi_20260527T052620Z_aeacec
llm_88f9a01460d2,spec,0.612913,False,distilroberta-base-climate-specificity,Local model,climatebert_multi_20260527T052620Z_aeacec
llm_9ec824bbefdf,non,0.719311,False,distilroberta-base-climate-specificity,Local model,climatebert_multi_20260527T052620Z_aeacec
llm_b36e8facd056,spec,0.522162,False,distilroberta-base-climate-specificity,Local model,climatebert_multi_20260527T052620Z_aeacec
llm_2262baedff2a,non,0.528173,False,distilroberta-base-climate-specificity,Local model,climatebert_multi_20260527T052620Z_aeacec
llm_e0b13566a3e0,non,0.53764,False,distilroberta-base-climate-specificity,Local model,climatebert_multi_20260527T052620Z_aeacec
llm_63aa5e968ba7,spec,0.599588,False,distilroberta-base-climate-specificity,Local model,climatebert_multi_20260527T052620Z_aeacec
llm_588ac49caf89,spec,0.600115,False,distilroberta-base-climate-specificity,Local model,climatebert_multi_20260527T052620Z_aeacec
llm_6bbe595c5876,spec,0.575872,False,distilroberta-base-climate-specificity,Local model,climatebert_multi_20260527T052620Z_aeacec
llm_20cb096b49a8,spec,0.589845,False,distilroberta-base-climate-specificity,Local model,climatebert_multi_20260527T052620Z_aeacec
llm_1f87a3d7595e,spec,0.532082,False,distilroberta-base-climate-specificity,Local model,climatebert_multi_20260527T052620Z_aeacec
llm_b5c0c46f46b7,spec,0.615092,False,distilroberta-base-climate-specificity,Local model,climatebert_multi_20260527T052620Z_aeacec
llm_80e9b08a65b7,spec,0.577603,False,distilroberta-base-climate-specificity,Local model,climatebert_multi_20260527T052620Z_aeacec
llm_34bc19607299,spec,0.620433,False,distilroberta-base-climate-specificity,Local model,climatebert_multi_20260527T052620Z_aeacec
llm_218573675ca4,spec,0.601996,False,distilroberta-base-climate-specificity,Local model,climatebert_multi_20260527T052620Z_aeacec
llm_6919c1b206e9,spec,0.610853,False,distilroberta-base-climate-specificity,Local model,climatebert_multi_20260527T052620Z_aeacec
llm_0e6595f212ec,spec,0.526128,False,distilroberta-base-climate-specificity,Local model,climatebert_multi_20260527T052620Z_aeacec
llm_08018f414641,spec,0.572075,False,distilroberta-base-climate-specificity,Local model,climatebert_multi_20260527T052620Z_aeacec
llm_bd78228b2003,non,0.586063,False,distilroberta-base-climate-specificity,Local model,climatebert_multi_20260527T052620Z_aeacec
llm_6dcf29f5c8c8,non,0.514415,False,distilroberta-base-climate-specificity,Local model,climatebert_multi_20260527T052620Z_aeacec
llm_616fe1f29310,non,0.618729,False,distilroberta-base-climate-specificity,Local model,climatebert_multi_20260527T052620Z_aeacec
llm_a0dd640cc0dd,spec,0.516176,False,distilroberta-base-climate-specificity,Local model,climatebert_multi_20260527T052620Z_aeacec
llm_993407674268,spec,0.53406,False,distilroberta-base-climate-specificity,Local model,climatebert_multi_20260527T052620Z_aeacec
llm_fb8e96267fb0,spec,0.53558,False,distilroberta-base-climate-specificity,Local model,climatebert_multi_20260527T052620Z_aeacec
llm_3dca53d1bc6c,spec,0.520995,False,distilroberta-base-climate-specificity,Local model,climatebert_multi_20260527T052620Z_aeacec
llm_8e41b798c761,spec,0.513198,False,distilroberta-base-climate-specificity,Local model,climatebert_multi_20260527T052620Z_aeacec
llm_2dd593a878e9,spec,0.532393,False,distilroberta-base-climate-specificity,Local model,climatebert_multi_20260527T052620Z_aeacec
llm_77ff0b834993,spec,0.538796,False,distilroberta-base-climate-specificity,Local model,climatebert_multi_20260527T052620Z_aeacec
llm_882f503d976c,spec,0.523075,False,distilroberta-base-climate-specificity,Local model,climatebert_multi_20260527T052620Z_aeacec
llm_6687a52c5c7d,non,0.504358,False,distilroberta-base-climate-specificity,Local model,climatebert_multi_20260527T052620Z_aeacec
llm_bc77f4b138fe,non,0.679412,False,distilroberta-base-climate-specificity,Local model,climatebert_multi_20260527T052620Z_aeacec
llm_1e3728af6890,non,0.537842,False,distilroberta-base-climate-specificity,Local model,climatebert_multi_20260527T052620Z_aeacec
llm_1905ba3cae16,non,0.610338,False,distilroberta-base-climate-specificity,Local model,climatebert_multi_20260527T052620Z_aeacec
llm_fdd5e63d1f62,non,0.644189,False,distilroberta-base-climate-specificity,Local model,climatebert_multi_20260527T052620Z_aeacec
llm_c77e52cdc035,spec,0.701245,False,distilroberta-base-climate-specificity,Local model,climatebert_multi_20260527T052620Z_aeacec
llm_c0f57574d8dd,spec,0.601224,False,distilroberta-base-climate-specificity,Local model,climatebert_multi_20260527T052620Z_aeacec
llm_72c36ae1a880,spec,0.534504,False,distilroberta-base-climate-specificity,Local model,climatebert_multi_20260527T052620Z_aeacec
llm_aa126f10375f,spec,0.52632,False,distilroberta-base-climate-specificity,Local model,climatebert_multi_20260527T052620Z_aeacec
llm_d00c31eb527f,spec,0.657545,False,distilroberta-base-climate-specificity,Local model,climatebert_multi_20260527T052620Z_aeacec
llm_49fef22d4202,non,0.586926,False,distilroberta-base-climate-specificity,Local model,climatebert_multi_20260527T052620Z_aeacec
llm_d115f423e0e7,non,0.515911,False,distilroberta-base-climate-specificity,Local model,climatebert_multi_20260527T052620Z_aeacec
llm_18f9babeee10,non,0.519565,False,distilroberta-base-climate-specificity,Local model,climatebert_multi_20260527T052620Z_aeacec
llm_786195da83a1,non,0.545144,False,distilroberta-base-climate-specificity,Local model,climatebert_multi_20260527T052620Z_aeacec
llm_30be50e88380,non,0.523847,False,distilroberta-base-climate-specificity,Local model,climatebert_multi_20260527T052620Z_aeacec
llm_bb95fcf11d96,spec,0.526115,False,distilroberta-base-climate-specificity,Local model,climatebert_multi_20260527T052620Z_aeacec
llm_ce8d248a943d,spec,0.589389,False,distilroberta-base-climate-specificity,Local model,climatebert_multi_20260527T052620Z_aeacec
llm_607b0193b71b,spec,0.594278,False,distilroberta-base-climate-specificity,Local model,climatebert_multi_20260527T052620Z_aeacec
llm_77f231f69983,spec,0.657545,False,distilroberta-base-climate-specificity,Local model,climatebert_multi_20260527T052620Z_aeacec
llm_3ec345896c02,non,0.586926,False,distilroberta-base-climate-specificity,Local model,climatebert_multi_20260527T052620Z_aeacec
llm_f189f6d33981,non,0.519565,False,distilroberta-base-climate-specificity,Local model,climatebert_multi_20260527T052620Z_aeacec
llm_6d8e57a49ded,spec,0.526115,False,distilroberta-base-climate-specificity,Local model,climatebert_multi_20260527T052620Z_aeacec
llm_632c86407b07,spec,0.53507,False,distilroberta-base-climate-specificity,Local model,climatebert_multi_20260527T052620Z_aeacec
llm_e3cc9a140e95,spec,0.572347,False,distilroberta-base-climate-specificity,Local model,climatebert_multi_20260527T052620Z_aeacec
llm_c1e4c1da5145,spec,0.521409,False,distilroberta-base-climate-specificity,Local model,climatebert_multi_20260527T052620Z_aeacec
llm_d431b41fb2c1,non,0.568449,False,distilroberta-base-climate-specificity,Local model,climatebert_multi_20260527T052620Z_aeacec
llm_519f29e1df13,spec,0.535586,False,distilroberta-base-climate-specificity,Local model,climatebert_multi_20260527T052620Z_aeacec
llm_0d17bb05a984,non,0.514642,False,distilroberta-base-climate-specificity,Local model,climatebert_multi_20260527T052620Z_aeacec
llm_d488510ddd66,spec,0.594244,False,distilroberta-base-climate-specificity,Local model,climatebert_multi_20260527T052620Z_aeacec
llm_e2a46ce3686a,spec,0.605161,False,distilroberta-base-climate-specificity,Local model,climatebert_multi_20260527T052620Z_aeacec
llm_e0fd7f59e1fa,spec,0.601224,False,distilroberta-base-climate-specificity,Local model,climatebert_multi_20260527T052620Z_aeacec
llm_c6ac89b1a044,spec,0.534504,False,distilroberta-base-climate-specificity,Local model,climatebert_multi_20260527T052620Z_aeacec
llm_8ef713f43e3f,spec,0.598002,False,distilroberta-base-climate-specificity,Local model,climatebert_multi_20260527T052620Z_aeacec
llm_14815cccfd35,spec,0.830986,False,distilroberta-base-climate-specificity,Local model,climatebert_multi_20260527T052620Z_aeacec
llm_faf386c47f01,spec,0.703153,False,distilroberta-base-climate-specificity,Local model,climatebert_multi_20260527T052620Z_aeacec
llm_9587ee0a3fb7,spec,0.581302,False,distilroberta-base-climate-specificity,Local model,climatebert_multi_20260527T052620Z_aeacec
llm_27e6b9523487,spec,0.533083,False,distilroberta-base-climate-specificity,Local model,climatebert_multi_20260527T052620Z_aeacec
llm_eb6d908ca731,spec,0.734231,False,distilroberta-base-climate-specificity,Local model,climatebert_multi_20260527T052620Z_aeacec
llm_e07b3a3b4a4d,spec,0.526115,False,distilroberta-base-climate-specificity,Local model,climatebert_multi_20260527T052620Z_aeacec
llm_265bd74f6552,spec,0.531748,False,distilroberta-base-climate-specificity,Local model,climatebert_multi_20260527T052620Z_aeacec
llm_a9b949615e6d,spec,0.514902,False,distilroberta-base-climate-specificity,Local model,climatebert_multi_20260527T052620Z_aeacec
llm_aa6488069993,spec,0.547317,False,distilroberta-base-climate-specificity,Local model,climatebert_multi_20260527T052620Z_aeacec
llm_04b333a7b1bf,spec,0.534504,False,distilroberta-base-climate-specificity,Local model,climatebert_multi_20260527T052620Z_aeacec
llm_1bfde5b099c9,spec,0.594244,False,distilroberta-base-climate-specificity,Local model,climatebert_multi_20260527T052620Z_aeacec
llm_d0bb5331d608,spec,0.601002,False,distilroberta-base-climate-specificity,Local model,climatebert_multi_20260527T052620Z_aeacec
llm_0d8d64f9878d,spec,0.594244,False,distilroberta-base-climate-specificity,Local model,climatebert_multi_20260527T052620Z_aeacec
llm_3a902a3df403,spec,0.601002,False,distilroberta-base-climate-specificity,Local model,climatebert_multi_20260527T052620Z_aeacec
llm_f46551c104e2,spec,0.534504,False,distilroberta-base-climate-specificity,Local model,climatebert_multi_20260527T052620Z_aeacec
llm_0fb2c1c036b9,spec,0.601224,False,distilroberta-base-climate-specificity,Local model,climatebert_multi_20260527T052620Z_aeacec
llm_a6bd648d1890,spec,0.711677,False,distilroberta-base-climate-specificity,Local model,climatebert_multi_20260527T052620Z_aeacec
llm_086b8248ed1b,spec,0.670455,False,distilroberta-base-climate-specificity,Local model,climatebert_multi_20260527T052620Z_aeacec
llm_f1c5645c9de1,spec,0.519031,False,distilroberta-base-climate-specificity,Local model,climatebert_multi_20260527T052620Z_aeacec
llm_43d5e00657e5,spec,0.55095,False,distilroberta-base-climate-specificity,Local model,climatebert_multi_20260527T052620Z_aeacec
llm_e24c84153216,spec,0.529444,False,distilroberta-base-climate-specificity,Local model,climatebert_multi_20260527T052620Z_aeacec
llm_d8cfa742c86b,non,0.535185,False,distilroberta-base-climate-specificity,Local model,climatebert_multi_20260527T052620Z_aeacec
llm_cdbdcfe1fd4b,spec,0.783752,False,distilroberta-base-climate-specificity,Local model,climatebert_multi_20260527T052620Z_aeacec
llm_ea91c50faa9c,spec,0.585384,False,distilroberta-base-climate-specificity,Local model,climatebert_multi_20260527T052620Z_aeacec
llm_2a6d8fd8c2b3,spec,0.526115,False,distilroberta-base-climate-specificity,Local model,climatebert_multi_20260527T052620Z_aeacec
llm_0a2efef4da09,spec,0.512475,False,distilroberta-base-climate-specificity,Local model,climatebert_multi_20260527T052620Z_aeacec
llm_9ba492044688,spec,0.620986,False,distilroberta-base-climate-specificity,Local model,climatebert_multi_20260527T052620Z_aeacec
llm_40062bf06038,spec,0.601224,False,distilroberta-base-climate-specificity,Local model,climatebert_multi_20260527T052620Z_aeacec
llm_344d775e4760,spec,0.534504,False,distilroberta-base-climate-specificity,Local model,climatebert_multi_20260527T052620Z_aeacec
llm_2c617ef56923,spec,0.594244,False,distilroberta-base-climate-specificity,Local model,climatebert_multi_20260527T052620Z_aeacec
llm_7c5b79b2b5e6,spec,0.609083,False,distilroberta-base-climate-specificity,Local model,climatebert_multi_20260527T052620Z_aeacec
llm_a12e4b99842c,spec,0.684347,False,distilroberta-base-climate-specificity,Local model,climatebert_multi_20260527T052620Z_aeacec
llm_230132e91dc1,spec,0.70915,False,distilroberta-base-climate-specificity,Local model,climatebert_multi_20260527T052620Z_aeacec
llm_6c07eae873c3,non,0.661035,False,distilroberta-base-climate-specificity,Local model,climatebert_multi_20260527T052620Z_aeacec
llm_c7bd4820f9d2,spec,0.594244,False,distilroberta-base-climate-specificity,Local model,climatebert_multi_20260527T052620Z_aeacec
llm_7a21e7dd30c6,spec,0.609083,False,distilroberta-base-climate-specificity,Local model,climatebert_multi_20260527T052620Z_aeacec
llm_d422609457e9,spec,0.54314,False,distilroberta-base-climate-specificity,Local model,climatebert_multi_20260527T052620Z_aeacec
llm_ccd3d8379450,spec,0.697009,False,distilroberta-base-climate-specificity,Local model,climatebert_multi_20260527T052620Z_aeacec
llm_4523d1c39fdf,spec,0.609083,False,distilroberta-base-climate-specificity,Local model,climatebert_multi_20260527T052620Z_aeacec
llm_ea37d4027ff3,non,0.570747,False,distilroberta-base-climate-specificity,Local model,climatebert_multi_20260527T052620Z_aeacec
llm_666cd089999a,spec,0.594244,False,distilroberta-base-climate-specificity,Local model,climatebert_multi_20260527T052620Z_aeacec
llm_96d38bd749a2,spec,0.601002,False,distilroberta-base-climate-specificity,Local model,climatebert_multi_20260527T052620Z_aeacec
llm_7b9206435f7f,non,0.538958,False,distilroberta-base-climate-specificity,Local model,climatebert_multi_20260527T052620Z_aeacec
llm_21b6bfe50e7a,spec,0.58875,False,distilroberta-base-climate-specificity,Local model,climatebert_multi_20260527T052620Z_aeacec
llm_687ccdac62aa,spec,0.605995,False,distilroberta-base-climate-specificity,Local model,climatebert_multi_20260527T052620Z_aeacec
llm_df23268276ae,non,0.598048,False,distilroberta-base-climate-specificity,Local model,climatebert_multi_20260527T052620Z_aeacec
llm_c46bbd16b7f2,spec,0.594244,False,distilroberta-base-climate-specificity,Local model,climatebert_multi_20260527T052620Z_aeacec
llm_71a3bbebf3f8,spec,0.601002,False,distilroberta-base-climate-specificity,Local model,climatebert_multi_20260527T052620Z_aeacec
llm_c25ee3608bce,spec,0.601438,False,distilroberta-base-climate-specificity,Local model,climatebert_multi_20260527T052620Z_aeacec
llm_e8dc07571753,spec,0.773622,False,distilroberta-base-climate-specificity,Local model,climatebert_multi_20260527T052620Z_aeacec
llm_23e975d88854,spec,0.689371,False,distilroberta-base-climate-specificity,Local model,climatebert_multi_20260527T052620Z_aeacec
llm_86415b56c627,spec,0.534504,False,distilroberta-base-climate-specificity,Local model,climatebert_multi_20260527T052620Z_aeacec
llm_fdb97369e0e4,spec,0.594244,False,distilroberta-base-climate-specificity,Local model,climatebert_multi_20260527T052620Z_aeacec
llm_75aa5df2b124,spec,0.601002,False,distilroberta-base-climate-specificity,Local model,climatebert_multi_20260527T052620Z_aeacec
llm_b167140ccdc3,non,0.62637,False,distilroberta-base-climate-specificity,Local model,climatebert_multi_20260527T052620Z_aeacec
llm_968b7a9652b5,non,0.62676,False,distilroberta-base-climate-specificity,Local model,climatebert_multi_20260527T052620Z_aeacec
llm_dc553b2fd49e,spec,0.534504,False,distilroberta-base-climate-specificity,Local model,climatebert_multi_20260527T052620Z_aeacec
llm_650756cf4612,spec,0.594244,False,distilroberta-base-climate-specificity,Local model,climatebert_multi_20260527T052620Z_aeacec
llm_6dd913559319,spec,0.609083,False,distilroberta-base-climate-specificity,Local model,climatebert_multi_20260527T052620Z_aeacec
llm_aaf48ba00898,spec,0.528962,False,distilroberta-base-climate-specificity,Local model,climatebert_multi_20260527T052620Z_aeacec
llm_673a4e3d1b25,spec,0.515409,False,distilroberta-base-climate-specificity,Local model,climatebert_multi_20260527T052620Z_aeacec
llm_602b5848f12c,spec,0.534504,False,distilroberta-base-climate-specificity,Local model,climatebert_multi_20260527T052620Z_aeacec
llm_816d9183a0bb,spec,0.594244,False,distilroberta-base-climate-specificity,Local model,climatebert_multi_20260527T052620Z_aeacec
llm_31cdc8c7fd80,spec,0.601002,False,distilroberta-base-climate-specificity,Local model,climatebert_multi_20260527T052620Z_aeacec
llm_f7a211a691bb,spec,0.581417,False,distilroberta-base-climate-specificity,Local model,climatebert_multi_20260527T052620Z_aeacec
llm_7d675f32e37b,non,0.727389,False,distilroberta-base-climate-specificity,Local model,climatebert_multi_20260527T052620Z_aeacec
llm_fd4b9cceaa6f,spec,0.594244,False,distilroberta-base-climate-specificity,Local model,climatebert_multi_20260527T052620Z_aeacec
llm_b39ac3f147a8,spec,0.601002,False,distilroberta-base-climate-specificity,Local model,climatebert_multi_20260527T052620Z_aeacec
llm_63676ce5788a,non,0.538958,False,distilroberta-base-climate-specificity,Local model,climatebert_multi_20260527T052620Z_aeacec
llm_43e091d82e31,spec,0.58875,False,distilroberta-base-climate-specificity,Local model,climatebert_multi_20260527T052620Z_aeacec
llm_8c7f53fb4f8b,spec,0.594244,False,distilroberta-base-climate-specificity,Local model,climatebert_multi_20260527T052620Z_aeacec
llm_18e360ef39c0,spec,0.607806,False,distilroberta-base-climate-specificity,Local model,climatebert_multi_20260527T052620Z_aeacec
llm_2f357f967c8c,spec,0.532441,False,distilroberta-base-climate-specificity,Local model,climatebert_multi_20260527T052620Z_aeacec
llm_a8640b8ac814,non,0.5075,False,distilroberta-base-climate-specificity,Local model,climatebert_multi_20260527T052620Z_aeacec
llm_58647d592cf4,spec,0.551963,False,distilroberta-base-climate-specificity,Local model,climatebert_multi_20260527T052620Z_aeacec
llm_40617decce39,spec,0.601224,False,distilroberta-base-climate-specificity,Local model,climatebert_multi_20260527T052620Z_aeacec
llm_9bfe1fe07b05,spec,0.655857,False,distilroberta-base-climate-specificity,Local model,climatebert_multi_20260527T052620Z_aeacec
llm_417314c3f172,spec,0.623155,False,distilroberta-base-climate-specificity,Local model,climatebert_multi_20260527T052620Z_aeacec
llm_dbfb69675af5,spec,0.594244,False,distilroberta-base-climate-specificity,Local model,climatebert_multi_20260527T052620Z_aeacec
llm_b9820819e96e,spec,0.601002,False,distilroberta-base-climate-specificity,Local model,climatebert_multi_20260527T052620Z_aeacec
llm_ac52127cf7fb,spec,0.619498,False,distilroberta-base-climate-specificity,Local model,climatebert_multi_20260527T052620Z_aeacec
llm_4b0c869ba197,spec,0.573703,False,distilroberta-base-climate-specificity,Local model,climatebert_multi_20260527T052620Z_aeacec
llm_46cfbf4c3282,spec,0.608101,False,distilroberta-base-climate-specificity,Local model,climatebert_multi_20260527T052620Z_aeacec
llm_d466a07d11db,non,0.505898,False,distilroberta-base-climate-specificity,Local model,climatebert_multi_20260527T052620Z_aeacec
llm_4a7e1289e391,spec,0.552305,False,distilroberta-base-climate-specificity,Local model,climatebert_multi_20260527T052620Z_aeacec
llm_de5d3c5877d5,spec,0.613614,False,distilroberta-base-climate-specificity,Local model,climatebert_multi_20260527T052620Z_aeacec
llm_c588fc841a5e,spec,0.618827,False,distilroberta-base-climate-specificity,Local model,climatebert_multi_20260527T052620Z_aeacec
llm_ff5e33381ad9,spec,0.581417,False,distilroberta-base-climate-specificity,Local model,climatebert_multi_20260527T052620Z_aeacec
llm_ed54fc9b52d0,non,0.696054,False,distilroberta-base-climate-specificity,Local model,climatebert_multi_20260527T052620Z_aeacec
llm_5b93b9866e5e,spec,0.5215,False,distilroberta-base-climate-specificity,Local model,climatebert_multi_20260527T052620Z_aeacec
llm_14a73cb1a009,spec,0.654821,False,distilroberta-base-climate-specificity,Local model,climatebert_multi_20260527T052620Z_aeacec
llm_dbdef81bfb08,spec,0.595443,False,distilroberta-base-climate-specificity,Local model,climatebert_multi_20260527T052620Z_aeacec
llm_267a868ca504,spec,0.579834,False,distilroberta-base-climate-specificity,Local model,climatebert_multi_20260527T052620Z_aeacec
llm_690be2e0f014,spec,0.566033,False,distilroberta-base-climate-specificity,Local model,climatebert_multi_20260527T052620Z_aeacec
llm_7776377ce1b4,spec,0.58865,False,distilroberta-base-climate-specificity,Local model,climatebert_multi_20260527T052620Z_aeacec
llm_93ffb4bf06e0,non,0.759694,False,distilroberta-base-climate-specificity,Local model,climatebert_multi_20260527T052620Z_aeacec
llm_c1f45657c2ac,non,0.70391,False,distilroberta-base-climate-specificity,Local model,climatebert_multi_20260527T052620Z_aeacec
llm_7269453e5165,spec,0.612978,False,distilroberta-base-climate-specificity,Local model,climatebert_multi_20260527T052620Z_aeacec
llm_99f818e63fe0,spec,0.602689,False,distilroberta-base-climate-specificity,Local model,climatebert_multi_20260527T052620Z_aeacec
llm_6b5a7db9e4cf,spec,0.67132,False,distilroberta-base-climate-specificity,Local model,climatebert_multi_20260527T052620Z_aeacec
llm_a886994ce308,spec,0.601068,False,distilroberta-base-climate-specificity,Local model,climatebert_multi_20260527T052620Z_aeacec
llm_51866eb1cdcc,spec,0.647948,False,distilroberta-base-climate-specificity,Local model,climatebert_multi_20260527T052620Z_aeacec
llm_a358428bfa21,spec,0.594244,False,distilroberta-base-climate-specificity,Local model,climatebert_multi_20260527T052620Z_aeacec
llm_c8449c83c4a0,spec,0.601002,False,distilroberta-base-climate-specificity,Local model,climatebert_multi_20260527T052620Z_aeacec
llm_3a2de5ef71bb,spec,0.612436,False,distilroberta-base-climate-specificity,Local model,climatebert_multi_20260527T052620Z_aeacec
llm_daf90cb93e12,spec,0.581628,False,distilroberta-base-climate-specificity,Local model,climatebert_multi_20260527T052620Z_aeacec
llm_11599883d3f7,spec,0.601224,False,distilroberta-base-climate-specificity,Local model,climatebert_multi_20260527T052620Z_aeacec
llm_bd7141240359,spec,0.534504,False,distilroberta-base-climate-specificity,Local model,climatebert_multi_20260527T052620Z_aeacec
llm_60dcbafe6da9,spec,0.54314,False,distilroberta-base-climate-specificity,Local model,climatebert_multi_20260527T052620Z_aeacec
llm_da0d06480711,spec,0.591888,False,distilroberta-base-climate-specificity,Local model,climatebert_multi_20260527T052620Z_aeacec
llm_f2fb86b18653,spec,0.607587,False,distilroberta-base-climate-specificity,Local model,climatebert_multi_20260527T052620Z_aeacec
llm_9080341f1726,spec,0.690536,False,distilroberta-base-climate-specificity,Local model,climatebert_multi_20260527T052620Z_aeacec
llm_d530c18d7b0b,spec,0.532567,False,distilroberta-base-climate-specificity,Local model,climatebert_multi_20260527T052620Z_aeacec
llm_ca1b1e2c76f4,spec,0.5215,False,distilroberta-base-climate-specificity,Local model,climatebert_multi_20260527T052620Z_aeacec
llm_59789a86fb19,spec,0.65663,False,distilroberta-base-climate-specificity,Local model,climatebert_multi_20260527T052620Z_aeacec
llm_96e4456df008,spec,0.654821,False,distilroberta-base-climate-specificity,Local model,climatebert_multi_20260527T052620Z_aeacec
llm_78af8a47d4a8,spec,0.531584,False,distilroberta-base-climate-specificity,Local model,climatebert_multi_20260527T052620Z_aeacec
llm_1bb39c5b9a5f,spec,0.660664,False,distilroberta-base-climate-specificity,Local model,climatebert_multi_20260527T052620Z_aeacec
llm_fb105feb21e3,non,0.607323,False,distilroberta-base-climate-specificity,Local model,climatebert_multi_20260527T052620Z_aeacec
llm_a1cf5bfd9c31,spec,0.601224,False,distilroberta-base-climate-specificity,Local model,climatebert_multi_20260527T052620Z_aeacec
llm_ef04b1675b9b,spec,0.534504,False,distilroberta-base-climate-specificity,Local model,climatebert_multi_20260527T052620Z_aeacec
llm_4bc6091dd66e,spec,0.594244,False,distilroberta-base-climate-specificity,Local model,climatebert_multi_20260527T052620Z_aeacec
llm_a89e3ee78cd1,spec,0.601002,False,distilroberta-base-climate-specificity,Local model,climatebert_multi_20260527T052620Z_aeacec
llm_4e027be10c40,spec,0.508856,False,distilroberta-base-climate-specificity,Local model,climatebert_multi_20260527T052620Z_aeacec
llm_e2342bf97f15,non,0.571322,False,distilroberta-base-climate-specificity,Local model,climatebert_multi_20260527T052620Z_aeacec
llm_bbc957b133a3,spec,0.594244,False,distilroberta-base-climate-specificity,Local model,climatebert_multi_20260527T052620Z_aeacec
llm_fa948c89534c,spec,0.601002,False,distilroberta-base-climate-specificity,Local model,climatebert_multi_20260527T052620Z_aeacec
llm_237f96183aa6,spec,0.787568,False,distilroberta-base-climate-specificity,Local model,climatebert_multi_20260527T052620Z_aeacec
llm_56ecd5b9bf71,spec,0.601224,False,distilroberta-base-climate-specificity,Local model,climatebert_multi_20260527T052620Z_aeacec
llm_154c5d0dd6c4,spec,0.534504,False,distilroberta-base-climate-specificity,Local model,climatebert_multi_20260527T052620Z_aeacec
llm_c052a8b21c29,spec,0.620662,False,distilroberta-base-climate-specificity,Local model,climatebert_multi_20260527T052620Z_aeacec
llm_6895f3329b3f,spec,0.633148,False,distilroberta-base-climate-specificity,Local model,climatebert_multi_20260527T052620Z_aeacec
llm_5e8f5f06dd88,spec,0.626397,False,distilroberta-base-climate-specificity,Local model,climatebert_multi_20260527T052620Z_aeacec
llm_1b01621c4ca3,spec,0.60556,False,distilroberta-base-climate-specificity,Local model,climatebert_multi_20260527T052620Z_aeacec
llm_578839d0489d,non,0.547298,False,distilroberta-base-climate-specificity,Local model,climatebert_multi_20260527T052620Z_aeacec
llm_5a9de1c31c6b,spec,0.593189,False,distilroberta-base-climate-specificity,Local model,climatebert_multi_20260527T052620Z_aeacec
llm_051a0ef3ee61,spec,0.56575,False,distilroberta-base-climate-specificity,Local model,climatebert_multi_20260527T052620Z_aeacec
llm_f423fa0b20de,non,0.960757,False,distilroberta-base-climate-specificity,Local model,climatebert_multi_20260527T052620Z_aeacec
llm_37e74caa32ae,spec,0.567713,False,distilroberta-base-climate-specificity,Local model,climatebert_multi_20260527T052620Z_aeacec
llm_bdb5767b3f3e,non,0.956362,False,distilroberta-base-climate-specificity,Local model,climatebert_multi_20260527T052620Z_aeacec
llm_de5cb9c4a9a6,spec,0.5712,False,distilroberta-base-climate-specificity,Local model,climatebert_multi_20260527T052620Z_aeacec
llm_f054c590eb7e,non,0.950507,False,distilroberta-base-climate-specificity,Local model,climatebert_multi_20260527T052620Z_aeacec
llm_c6139b2f1553,spec,0.655197,False,distilroberta-base-climate-specificity,Local model,climatebert_multi_20260527T052620Z_aeacec
llm_07190dafa5d1,non,0.918826,False,distilroberta-base-climate-specificity,Local model,climatebert_multi_20260527T052620Z_aeacec
llm_549902364afd,spec,0.69385,False,distilroberta-base-climate-specificity,Local model,climatebert_multi_20260527T052620Z_aeacec
llm_4d7fd0cc3ee0,spec,0.601224,False,distilroberta-base-climate-specificity,Local model,climatebert_multi_20260527T052620Z_aeacec
llm_1dab7b111586,spec,0.594244,False,distilroberta-base-climate-specificity,Local model,climatebert_multi_20260527T052620Z_aeacec
llm_a2ef2f0de8d7,spec,0.609083,False,distilroberta-base-climate-specificity,Local model,climatebert_multi_20260527T052620Z_aeacec
llm_3e7bb7a5cf06,spec,0.597824,False,distilroberta-base-climate-specificity,Local model,climatebert_multi_20260527T052620Z_aeacec
llm_65c72cf43a1e,spec,0.627928,False,distilroberta-base-climate-specificity,Local model,climatebert_multi_20260527T052620Z_aeacec
llm_3a6008ea4e47,spec,0.70915,False,distilroberta-base-climate-specificity,Local model,climatebert_multi_20260527T052620Z_aeacec
llm_64f2db4d29a1,spec,0.594244,False,distilroberta-base-climate-specificity,Local model,climatebert_multi_20260527T052620Z_aeacec
llm_a10a5c392482,spec,0.622254,False,distilroberta-base-climate-specificity,Local model,climatebert_multi_20260527T052620Z_aeacec
llm_243901c9fba6,spec,0.565394,False,distilroberta-base-climate-specificity,Local model,climatebert_multi_20260527T052620Z_aeacec
llm_8fefa4174d09,spec,0.832368,False,distilroberta-base-climate-specificity,Local model,climatebert_multi_20260527T052620Z_aeacec
llm_28f8e18ab110,spec,0.754751,False,distilroberta-base-climate-specificity,Local model,climatebert_multi_20260527T052620Z_aeacec
llm_7e116c1ea340,spec,0.594244,False,distilroberta-base-climate-specificity,Local model,climatebert_multi_20260527T052620Z_aeacec
llm_4bf685d74393,spec,0.601002,False,distilroberta-base-climate-specificity,Local model,climatebert_multi_20260527T052620Z_aeacec
llm_89cf114777f2,non,0.507247,False,distilroberta-base-climate-specificity,Local model,climatebert_multi_20260527T052620Z_aeacec
llm_68f773a04954,spec,0.562918,False,distilroberta-base-climate-specificity,Local model,climatebert_multi_20260527T052620Z_aeacec
llm_6423b837bd8f,spec,0.638928,False,distilroberta-base-climate-specificity,Local model,climatebert_multi_20260527T052620Z_aeacec
llm_6d87dc529320,spec,0.532765,False,distilroberta-base-climate-specificity,Local model,climatebert_multi_20260527T052620Z_aeacec
llm_9897db11a179,spec,0.613335,False,distilroberta-base-climate-specificity,Local model,climatebert_multi_20260527T052620Z_aeacec
llm_322944674b3f,non,0.586063,False,distilroberta-base-climate-specificity,Local model,climatebert_multi_20260527T052620Z_aeacec
llm_569f49401140,non,0.546358,False,distilroberta-base-climate-specificity,Local model,climatebert_multi_20260527T052620Z_aeacec
llm_5c90465fa09c,spec,0.53406,False,distilroberta-base-climate-specificity,Local model,climatebert_multi_20260527T052620Z_aeacec
llm_f0221b01cdc2,spec,0.558135,False,distilroberta-base-climate-specificity,Local model,climatebert_multi_20260527T052620Z_aeacec
llm_49f1faf45a87,spec,0.520995,False,distilroberta-base-climate-specificity,Local model,climatebert_multi_20260527T052620Z_aeacec
llm_d1723fc14886,spec,0.513198,False,distilroberta-base-climate-specificity,Local model,climatebert_multi_20260527T052620Z_aeacec
llm_df323b12dc1b,spec,0.532393,False,distilroberta-base-climate-specificity,Local model,climatebert_multi_20260527T052620Z_aeacec
llm_866ff0d2b5e1,spec,0.538796,False,distilroberta-base-climate-specificity,Local model,climatebert_multi_20260527T052620Z_aeacec
llm_b6af36f25e35,spec,0.523075,False,distilroberta-base-climate-specificity,Local model,climatebert_multi_20260527T052620Z_aeacec
llm_5818c1eea308,non,0.504358,False,distilroberta-base-climate-specificity,Local model,climatebert_multi_20260527T052620Z_aeacec
llm_64b77ae35c1d,spec,0.530536,False,distilroberta-base-climate-specificity,Local model,climatebert_multi_20260527T052620Z_aeacec
llm_18a8f8ed4e4b,spec,0.549672,False,distilroberta-base-climate-specificity,Local model,climatebert_multi_20260527T052620Z_aeacec
llm_41cd5a39a751,spec,0.564555,False,distilroberta-base-climate-specificity,Local model,climatebert_multi_20260527T052620Z_aeacec
llm_009fe0b18173,spec,0.761829,False,distilroberta-base-climate-specificity,Local model,climatebert_multi_20260527T052620Z_aeacec
llm_94fd65c13498,non,0.612898,False,distilroberta-base-climate-specificity,Local model,climatebert_multi_20260527T052620Z_aeacec
llm_770d4c9aee5b,non,0.669101,False,distilroberta-base-climate-specificity,Local model,climatebert_multi_20260527T052620Z_aeacec
llm_13288b538993,non,0.53725,False,distilroberta-base-climate-specificity,Local model,climatebert_multi_20260527T052620Z_aeacec
llm_08c49539e918,non,0.563417,False,distilroberta-base-climate-specificity,Local model,climatebert_multi_20260527T052620Z_aeacec
llm_4321be416675,non,0.562433,False,distilroberta-base-climate-specificity,Local model,climatebert_multi_20260527T052620Z_aeacec
llm_81eb71fff3e0,non,0.600247,False,distilroberta-base-climate-specificity,Local model,climatebert_multi_20260527T052620Z_aeacec
llm_302262272bd9,non,0.566867,False,distilroberta-base-climate-specificity,Local model,climatebert_multi_20260527T052620Z_aeacec
llm_13957b2d7e59,spec,0.57027,False,distilroberta-base-climate-specificity,Local model,climatebert_multi_20260527T052620Z_aeacec
llm_d9bd88bc905e,spec,0.507602,False,distilroberta-base-climate-specificity,Local model,climatebert_multi_20260527T052620Z_aeacec
llm_3ee5409908e7,spec,0.610893,False,distilroberta-base-climate-specificity,Local model,climatebert_multi_20260527T052620Z_aeacec
llm_d6f18639ed18,spec,0.641972,False,distilroberta-base-climate-specificity,Local model,climatebert_multi_20260527T052620Z_aeacec
llm_bf3ad855fec4,spec,0.592605,False,distilroberta-base-climate-specificity,Local model,climatebert_multi_20260527T052620Z_aeacec
llm_1896c2f2b29f,spec,0.615092,False,distilroberta-base-climate-specificity,Local model,climatebert_multi_20260527T052620Z_aeacec
llm_55f64bddab8d,non,0.942935,False,distilroberta-base-climate-specificity,Local model,climatebert_multi_20260527T052620Z_aeacec
llm_b2c1e9aa7823,non,0.950167,False,distilroberta-base-climate-specificity,Local model,climatebert_multi_20260527T052620Z_aeacec
llm_f4f85d0d9a6e,non,0.938354,False,distilroberta-base-climate-specificity,Local model,climatebert_multi_20260527T052620Z_aeacec
llm_fc8de733d0af,non,0.749537,False,distilroberta-base-climate-specificity,Local model,climatebert_multi_20260527T052620Z_aeacec
llm_74f161932951,non,0.951104,False,distilroberta-base-climate-specificity,Local model,climatebert_multi_20260527T052620Z_aeacec
llm_b53a90e421a7,non,0.898774,False,distilroberta-base-climate-specificity,Local model,climatebert_multi_20260527T052620Z_aeacec
llm_02106fc9e646,spec,0.51177,False,distilroberta-base-climate-specificity,Local model,climatebert_multi_20260527T052620Z_aeacec
llm_3f9dac75ff7a,spec,0.513198,False,distilroberta-base-climate-specificity,Local model,climatebert_multi_20260527T052620Z_aeacec
llm_c39ee82bc672,spec,0.532393,False,distilroberta-base-climate-specificity,Local model,climatebert_multi_20260527T052620Z_aeacec
llm_d998c23d2b15,spec,0.53406,False,distilroberta-base-climate-specificity,Local model,climatebert_multi_20260527T052620Z_aeacec
llm_3cef7b98bea7,spec,0.53558,False,distilroberta-base-climate-specificity,Local model,climatebert_multi_20260527T052620Z_aeacec
llm_b860804ca3b5,non,0.640615,False,distilroberta-base-climate-specificity,Local model,climatebert_multi_20260527T052620Z_aeacec
llm_0944d76f4590,non,0.514415,False,distilroberta-base-climate-specificity,Local model,climatebert_multi_20260527T052620Z_aeacec
llm_3c7fff2beacf,non,0.618729,False,distilroberta-base-climate-specificity,Local model,climatebert_multi_20260527T052620Z_aeacec
llm_e9c6a9aacc5b,spec,0.55452,False,distilroberta-base-climate-specificity,Local model,climatebert_multi_20260527T052620Z_aeacec
llm_7c175e14aa63,spec,0.538796,False,distilroberta-base-climate-specificity,Local model,climatebert_multi_20260527T052620Z_aeacec
llm_4f1618bedef7,spec,0.523075,False,distilroberta-base-climate-specificity,Local model,climatebert_multi_20260527T052620Z_aeacec
llm_fc7f72faf499,non,0.504358,False,distilroberta-base-climate-specificity,Local model,climatebert_multi_20260527T052620Z_aeacec
llm_d205ae316e8a,spec,0.535936,False,distilroberta-base-climate-specificity,Local model,climatebert_multi_20260527T052620Z_aeacec
llm_2f976bc33600,spec,0.522162,False,distilroberta-base-climate-specificity,Local model,climatebert_multi_20260527T052620Z_aeacec
llm_a7eb5367d461,non,0.542168,False,distilroberta-base-climate-specificity,Local model,climatebert_multi_20260527T052620Z_aeacec
llm_28f94f8a0fff,non,0.53764,False,distilroberta-base-climate-specificity,Local model,climatebert_multi_20260527T052620Z_aeacec
llm_d521578b4443,spec,0.587237,False,distilroberta-base-climate-specificity,Local model,climatebert_multi_20260527T052620Z_aeacec
llm_c108e52f415d,spec,0.593115,False,distilroberta-base-climate-specificity,Local model,climatebert_multi_20260527T052620Z_aeacec
llm_fbd8c0f2053c,spec,0.595608,False,distilroberta-base-climate-specificity,Local model,climatebert_multi_20260527T052620Z_aeacec
llm_571027620f9a,spec,0.620087,False,distilroberta-base-climate-specificity,Local model,climatebert_multi_20260527T052620Z_aeacec
llm_66a74a438e5d,spec,0.569657,False,distilroberta-base-climate-specificity,Local model,climatebert_multi_20260527T052620Z_aeacec
llm_0fa38bdb323a,spec,0.539381,False,distilroberta-base-climate-specificity,Local model,climatebert_multi_20260527T052620Z_aeacec
llm_af84c6eb5cd2,spec,0.532082,False,distilroberta-base-climate-specificity,Local model,climatebert_multi_20260527T052620Z_aeacec
llm_e443d728fe99,spec,0.615092,False,distilroberta-base-climate-specificity,Local model,climatebert_multi_20260527T052620Z_aeacec
llm_4b4f62a2c70c,non,0.560916,False,distilroberta-base-climate-specificity,Local model,climatebert_multi_20260527T052620Z_aeacec
llm_37c25a33daee,spec,0.5831,False,distilroberta-base-climate-specificity,Local model,climatebert_multi_20260527T052620Z_aeacec
llm_4266f5d175aa,spec,0.522162,False,distilroberta-base-climate-specificity,Local model,climatebert_multi_20260527T052620Z_aeacec
llm_50c6513fba5b,non,0.503492,False,distilroberta-base-climate-specificity,Local model,climatebert_multi_20260527T052620Z_aeacec
llm_b7d76ebb6143,non,0.514415,False,distilroberta-base-climate-specificity,Local model,climatebert_multi_20260527T052620Z_aeacec
llm_021a768ed7a8,non,0.618729,False,distilroberta-base-climate-specificity,Local model,climatebert_multi_20260527T052620Z_aeacec
llm_fc3c1afd48e0,spec,0.53406,False,distilroberta-base-climate-specificity,Local model,climatebert_multi_20260527T052620Z_aeacec
llm_28aba57b00c1,spec,0.600987,False,distilroberta-base-climate-specificity,Local model,climatebert_multi_20260527T052620Z_aeacec
llm_0348b902171c,spec,0.520995,False,distilroberta-base-climate-specificity,Local model,climatebert_multi_20260527T052620Z_aeacec
llm_3d3b727bc3c9,spec,0.513198,False,distilroberta-base-climate-specificity,Local model,climatebert_multi_20260527T052620Z_aeacec
llm_060481afb9dd,spec,0.532393,False,distilroberta-base-climate-specificity,Local model,climatebert_multi_20260527T052620Z_aeacec
llm_94bb48cc4cac,spec,0.538796,False,distilroberta-base-climate-specificity,Local model,climatebert_multi_20260527T052620Z_aeacec
llm_b6151c711d84,spec,0.523075,False,distilroberta-base-climate-specificity,Local model,climatebert_multi_20260527T052620Z_aeacec
llm_a03d625c41be,non,0.504358,False,distilroberta-base-climate-specificity,Local model,climatebert_multi_20260527T052620Z_aeacec
llm_e271e6e20e74,spec,0.615092,False,distilroberta-base-climate-specificity,Local model,climatebert_multi_20260527T052620Z_aeacec
llm_dcafd4b60990,spec,0.556374,False,distilroberta-base-climate-specificity,Local model,climatebert_multi_20260527T052620Z_aeacec
llm_a8e36f1b62e9,spec,0.540939,False,distilroberta-base-climate-specificity,Local model,climatebert_multi_20260527T052620Z_aeacec
llm_7af0a3cbdabe,spec,0.603144,False,distilroberta-base-climate-specificity,Local model,climatebert_multi_20260527T052620Z_aeacec
llm_8e558bbebaac,spec,0.507602,False,distilroberta-base-climate-specificity,Local model,climatebert_multi_20260527T052620Z_aeacec
llm_8e09f2e2d578,spec,0.592553,False,distilroberta-base-climate-specificity,Local model,climatebert_multi_20260527T052620Z_aeacec
llm_d05d88d9b659,spec,0.626105,False,distilroberta-base-climate-specificity,Local model,climatebert_multi_20260527T052620Z_aeacec
llm_e621e4ef5a0d,spec,0.592605,False,distilroberta-base-climate-specificity,Local model,climatebert_multi_20260527T052620Z_aeacec
llm_6ba891e0b70e,spec,0.609771,False,distilroberta-base-climate-specificity,Local model,climatebert_multi_20260527T052620Z_aeacec
llm_0c4d5721f2cb,spec,0.640109,False,distilroberta-base-climate-specificity,Local model,climatebert_multi_20260527T052620Z_aeacec
llm_9630ed81c079,non,0.627796,False,distilroberta-base-climate-specificity,Local model,climatebert_multi_20260527T052620Z_aeacec
llm_6a96fc8f449a,spec,0.593525,False,distilroberta-base-climate-specificity,Local model,climatebert_multi_20260527T052620Z_aeacec
llm_c92617ceb06a,spec,0.578454,False,distilroberta-base-climate-specificity,Local model,climatebert_multi_20260527T052620Z_aeacec
llm_4dc67f841fa6,spec,0.546895,False,distilroberta-base-climate-specificity,Local model,climatebert_multi_20260527T052620Z_aeacec
llm_2c54a8694dda,spec,0.622257,False,distilroberta-base-climate-specificity,Local model,climatebert_multi_20260527T052620Z_aeacec
llm_f5cf6b19e789,spec,0.50916,False,distilroberta-base-climate-specificity,Local model,climatebert_multi_20260527T052620Z_aeacec
llm_a6de1ca04442,spec,0.539361,False,distilroberta-base-climate-specificity,Local model,climatebert_multi_20260527T052620Z_aeacec
llm_115c3d261f8d,spec,0.639907,False,distilroberta-base-climate-specificity,Local model,climatebert_multi_20260527T052620Z_aeacec
llm_88398164156b,non,0.652152,False,distilroberta-base-climate-specificity,Local model,climatebert_multi_20260527T052620Z_aeacec
llm_0043fba89924,spec,0.576145,False,distilroberta-base-climate-specificity,Local model,climatebert_multi_20260527T052620Z_aeacec
llm_772884dffa69,spec,0.605775,False,distilroberta-base-climate-specificity,Local model,climatebert_multi_20260527T052620Z_aeacec
llm_bb3ad35ebbd4,spec,0.629069,False,distilroberta-base-climate-specificity,Local model,climatebert_multi_20260527T052620Z_aeacec
llm_4bd379ebd8ce,spec,0.549266,False,distilroberta-base-climate-specificity,Local model,climatebert_multi_20260527T052620Z_aeacec
llm_194c2d590d50,spec,0.522162,False,distilroberta-base-climate-specificity,Local model,climatebert_multi_20260527T052620Z_aeacec
llm_b249703de7c9,non,0.542168,False,distilroberta-base-climate-specificity,Local model,climatebert_multi_20260527T052620Z_aeacec
llm_257c45b427e7,spec,0.502474,False,distilroberta-base-climate-specificity,Local model,climatebert_multi_20260527T052620Z_aeacec
llm_b45b37c47cb4,non,0.636996,False,distilroberta-base-climate-specificity,Local model,climatebert_multi_20260527T052620Z_aeacec
llm_aa6b6ed559c6,spec,0.568645,False,distilroberta-base-climate-specificity,Local model,climatebert_multi_20260527T052620Z_aeacec
llm_a04787eb3738,spec,0.593115,False,distilroberta-base-climate-specificity,Local model,climatebert_multi_20260527T052620Z_aeacec
llm_5b09617b2c14,spec,0.550868,False,distilroberta-base-climate-specificity,Local model,climatebert_multi_20260527T052620Z_aeacec
llm_e677796e3236,spec,0.533649,False,distilroberta-base-climate-specificity,Local model,climatebert_multi_20260527T052620Z_aeacec
llm_cc55c9a36db1,spec,0.56706,False,distilroberta-base-climate-specificity,Local model,climatebert_multi_20260527T052620Z_aeacec
llm_ee8338d5b9e5,spec,0.569657,False,distilroberta-base-climate-specificity,Local model,climatebert_multi_20260527T052620Z_aeacec
llm_f61801d0c1da,spec,0.539381,False,distilroberta-base-climate-specificity,Local model,climatebert_multi_20260527T052620Z_aeacec
llm_222c78a9f3b5,spec,0.511932,False,distilroberta-base-climate-specificity,Local model,climatebert_multi_20260527T052620Z_aeacec
llm_c40b8c0f2a34,spec,0.565727,False,distilroberta-base-climate-specificity,Local model,climatebert_multi_20260527T052620Z_aeacec
llm_8cf822dd2df1,spec,0.523332,False,distilroberta-base-climate-specificity,Local model,climatebert_multi_20260527T052620Z_aeacec
llm_33949cb792ec,spec,0.558447,False,distilroberta-base-climate-specificity,Local model,climatebert_multi_20260527T052620Z_aeacec
llm_b9b34d507b97,spec,0.570945,False,distilroberta-base-climate-specificity,Local model,climatebert_multi_20260527T052620Z_aeacec
llm_4a0a99e4d3bf,non,0.755825,False,distilroberta-base-climate-specificity,Local model,climatebert_multi_20260527T052620Z_aeacec
llm_cc9bb4b5126b,non,0.663591,False,distilroberta-base-climate-specificity,Local model,climatebert_multi_20260527T052620Z_aeacec
llm_f602da326a69,spec,0.593525,False,distilroberta-base-climate-specificity,Local model,climatebert_multi_20260527T052620Z_aeacec
llm_492eb47fdd52,spec,0.578454,False,distilroberta-base-climate-specificity,Local model,climatebert_multi_20260527T052620Z_aeacec
llm_f0fd75db3bba,spec,0.546895,False,distilroberta-base-climate-specificity,Local model,climatebert_multi_20260527T052620Z_aeacec
llm_ef5261474969,spec,0.622257,False,distilroberta-base-climate-specificity,Local model,climatebert_multi_20260527T052620Z_aeacec
llm_69c3c24006a7,spec,0.50916,False,distilroberta-base-climate-specificity,Local model,climatebert_multi_20260527T052620Z_aeacec
llm_fc4e31143f66,spec,0.539361,False,distilroberta-base-climate-specificity,Local model,climatebert_multi_20260527T052620Z_aeacec
llm_5678450cdb6e,spec,0.639907,False,distilroberta-base-climate-specificity,Local model,climatebert_multi_20260527T052620Z_aeacec
llm_845b056185df,non,0.652152,False,distilroberta-base-climate-specificity,Local model,climatebert_multi_20260527T052620Z_aeacec
llm_2398161e42f2,spec,0.576145,False,distilroberta-base-climate-specificity,Local model,climatebert_multi_20260527T052620Z_aeacec
llm_43d34eda1091,spec,0.605775,False,distilroberta-base-climate-specificity,Local model,climatebert_multi_20260527T052620Z_aeacec
llm_e426ee067c01,spec,0.677873,False,distilroberta-base-climate-specificity,Local model,climatebert_multi_20260527T052620Z_aeacec
llm_57bc21b18131,spec,0.690249,False,distilroberta-base-climate-specificity,Local model,climatebert_multi_20260527T052620Z_aeacec
llm_c1d263cc12df,non,0.633003,False,distilroberta-base-climate-specificity,Local model,climatebert_multi_20260527T052620Z_aeacec
llm_e1b1fe197e54,spec,0.636926,False,distilroberta-base-climate-specificity,Local model,climatebert_multi_20260527T052620Z_aeacec
llm_9c547d65c1c5,spec,0.599933,False,distilroberta-base-climate-specificity,Local model,climatebert_multi_20260527T052620Z_aeacec
llm_6b9296cd6179,spec,0.593525,False,distilroberta-base-climate-specificity,Local model,climatebert_multi_20260527T052620Z_aeacec
llm_c32604871738,spec,0.578454,False,distilroberta-base-climate-specificity,Local model,climatebert_multi_20260527T052620Z_aeacec
llm_c7eaf1bac5c5,spec,0.622257,False,distilroberta-base-climate-specificity,Local model,climatebert_multi_20260527T052620Z_aeacec
llm_f51a1bd241fb,spec,0.50916,False,distilroberta-base-climate-specificity,Local model,climatebert_multi_20260527T052620Z_aeacec
llm_883f0ed2be4d,spec,0.539361,False,distilroberta-base-climate-specificity,Local model,climatebert_multi_20260527T052620Z_aeacec
llm_3a8b188293f7,non,0.652152,False,distilroberta-base-climate-specificity,Local model,climatebert_multi_20260527T052620Z_aeacec
llm_6ee45dbebab4,spec,0.641667,False,distilroberta-base-climate-specificity,Local model,climatebert_multi_20260527T052620Z_aeacec
llm_9cac7d61775f,spec,0.690249,False,distilroberta-base-climate-specificity,Local model,climatebert_multi_20260527T052620Z_aeacec
llm_8df404c044ac,spec,0.566295,False,distilroberta-base-climate-specificity,Local model,climatebert_multi_20260527T052620Z_aeacec
llm_01a3ca91feaf,spec,0.54156,False,distilroberta-base-climate-specificity,Local model,climatebert_multi_20260527T052620Z_aeacec
llm_c9f3ea8336a8,spec,0.715457,False,distilroberta-base-climate-specificity,Local model,climatebert_multi_20260527T052620Z_aeacec
llm_be017b66f9e9,spec,0.589313,False,distilroberta-base-climate-specificity,Local model,climatebert_multi_20260527T052620Z_aeacec
llm_126775366e85,spec,0.593525,False,distilroberta-base-climate-specificity,Local model,climatebert_multi_20260527T052620Z_aeacec
llm_4758594086ca,spec,0.578454,False,distilroberta-base-climate-specificity,Local model,climatebert_multi_20260527T052620Z_aeacec
llm_ad8b95eb7993,spec,0.622257,False,distilroberta-base-climate-specificity,Local model,climatebert_multi_20260527T052620Z_aeacec
llm_45b008bf21fb,spec,0.50916,False,distilroberta-base-climate-specificity,Local model,climatebert_multi_20260527T052620Z_aeacec
llm_d3edf1c2608e,spec,0.539361,False,distilroberta-base-climate-specificity,Local model,climatebert_multi_20260527T052620Z_aeacec
llm_cb6aa94fe7bd,non,0.652152,False,distilroberta-base-climate-specificity,Local model,climatebert_multi_20260527T052620Z_aeacec
llm_22bfb1cb7732,spec,0.698167,False,distilroberta-base-climate-specificity,Local model,climatebert_multi_20260527T052620Z_aeacec
llm_d685464d857c,spec,0.541343,False,distilroberta-base-climate-specificity,Local model,climatebert_multi_20260527T052620Z_aeacec
llm_16acbd7c6853,spec,0.524383,False,distilroberta-base-climate-specificity,Local model,climatebert_multi_20260527T052620Z_aeacec
llm_d721025ab4fc,non,0.661175,False,distilroberta-base-climate-specificity,Local model,climatebert_multi_20260527T052620Z_aeacec
llm_11a60e2a59b0,non,0.531971,False,distilroberta-base-climate-specificity,Local model,climatebert_multi_20260527T052620Z_aeacec
llm_4938638daafa,non,0.537427,False,distilroberta-base-climate-specificity,Local model,climatebert_multi_20260527T052620Z_aeacec
llm_c04db89a0655,spec,0.517937,False,distilroberta-base-climate-specificity,Local model,climatebert_multi_20260527T052620Z_aeacec
llm_a43467690d5f,spec,0.531357,False,distilroberta-base-climate-specificity,Local model,climatebert_multi_20260527T052620Z_aeacec
llm_3cdb1a159b29,spec,0.544277,False,distilroberta-base-climate-specificity,Local model,climatebert_multi_20260527T052620Z_aeacec
llm_e6b6a250df47,spec,0.513624,False,distilroberta-base-climate-specificity,Local model,climatebert_multi_20260527T052620Z_aeacec
llm_8d3abc886c19,spec,0.515387,False,distilroberta-base-climate-specificity,Local model,climatebert_multi_20260527T052620Z_aeacec
llm_1a46f8a0cae2,non,0.856987,False,distilroberta-base-climate-specificity,Local model,climatebert_multi_20260527T052620Z_aeacec
llm_5f1d9ee0d758,spec,0.509693,False,distilroberta-base-climate-specificity,Local model,climatebert_multi_20260527T052620Z_aeacec
llm_75076136b81d,non,0.87332,False,distilroberta-base-climate-specificity,Local model,climatebert_multi_20260527T052620Z_aeacec
llm_79d31e618596,spec,0.589309,False,distilroberta-base-climate-specificity,Local model,climatebert_multi_20260527T052620Z_aeacec
llm_90464ee3dfd7,spec,0.550408,False,distilroberta-base-climate-specificity,Local model,climatebert_multi_20260527T052620Z_aeacec
llm_d9f686eb5596,spec,0.619498,False,distilroberta-base-climate-specificity,Local model,climatebert_multi_20260527T052620Z_aeacec
llm_5bbe995d6c16,spec,0.573703,False,distilroberta-base-climate-specificity,Local model,climatebert_multi_20260527T052620Z_aeacec
llm_859aaf982704,spec,0.599892,False,distilroberta-base-climate-specificity,Local model,climatebert_multi_20260527T052620Z_aeacec
llm_cb96efd0aca8,spec,0.59844,False,distilroberta-base-climate-specificity,Local model,climatebert_multi_20260527T052620Z_aeacec
llm_87797f724354,spec,0.608101,False,distilroberta-base-climate-specificity,Local model,climatebert_multi_20260527T052620Z_aeacec
llm_0d9b6ea80b6d,non,0.535437,False,distilroberta-base-climate-specificity,Local model,climatebert_multi_20260527T052620Z_aeacec
llm_224499778137,non,0.505898,False,distilroberta-base-climate-specificity,Local model,climatebert_multi_20260527T052620Z_aeacec
llm_86e12efc6a0a,spec,0.552305,False,distilroberta-base-climate-specificity,Local model,climatebert_multi_20260527T052620Z_aeacec
llm_7309b4bfa853,spec,0.593525,False,distilroberta-base-climate-specificity,Local model,climatebert_multi_20260527T052620Z_aeacec
llm_8f95ac8cb135,spec,0.578454,False,distilroberta-base-climate-specificity,Local model,climatebert_multi_20260527T052620Z_aeacec
llm_617bec4cfe04,spec,0.546895,False,distilroberta-base-climate-specificity,Local model,climatebert_multi_20260527T052620Z_aeacec
llm_da86f55e1e60,spec,0.622257,False,distilroberta-base-climate-specificity,Local model,climatebert_multi_20260527T052620Z_aeacec
llm_65c5f790d60d,spec,0.50916,False,distilroberta-base-climate-specificity,Local model,climatebert_multi_20260527T052620Z_aeacec
llm_6049b73d8524,spec,0.539361,False,distilroberta-base-climate-specificity,Local model,climatebert_multi_20260527T052620Z_aeacec
llm_a27e00ff4ae9,spec,0.639907,False,distilroberta-base-climate-specificity,Local model,climatebert_multi_20260527T052620Z_aeacec
llm_baa7eb78dd04,non,0.652152,False,distilroberta-base-climate-specificity,Local model,climatebert_multi_20260527T052620Z_aeacec
llm_7960130f1f04,spec,0.576145,False,distilroberta-base-climate-specificity,Local model,climatebert_multi_20260527T052620Z_aeacec
llm_c8c9feb75963,spec,0.605775,False,distilroberta-base-climate-specificity,Local model,climatebert_multi_20260527T052620Z_aeacec
llm_50a2d5b73c3c,spec,0.515046,False,distilroberta-base-climate-specificity,Local model,climatebert_multi_20260527T052620Z_aeacec
llm_c015c84f10d4,spec,0.596113,False,distilroberta-base-climate-specificity,Local model,climatebert_multi_20260527T052620Z_aeacec
llm_56c040880304,non,0.604981,False,distilroberta-base-climate-specificity,Local model,climatebert_multi_20260527T052620Z_aeacec
llm_e10543d55ac8,spec,0.583449,False,distilroberta-base-climate-specificity,Local model,climatebert_multi_20260527T052620Z_aeacec
llm_68b05889d165,spec,0.690249,False,distilroberta-base-climate-specificity,Local model,climatebert_multi_20260527T052620Z_aeacec
llm_a54bff80cb04,spec,0.549266,False,distilroberta-base-climate-specificity,Local model,climatebert_multi_20260527T052620Z_aeacec
llm_4009d0d570fc,spec,0.594337,False,distilroberta-base-climate-specificity,Local model,climatebert_multi_20260527T052620Z_aeacec
llm_b1a3c6639aff,spec,0.578454,False,distilroberta-base-climate-specificity,Local model,climatebert_multi_20260527T052620Z_aeacec
llm_b89c4e3094fd,spec,0.546895,False,distilroberta-base-climate-specificity,Local model,climatebert_multi_20260527T052620Z_aeacec
llm_0f67941b34d0,spec,0.622257,False,distilroberta-base-climate-specificity,Local model,climatebert_multi_20260527T052620Z_aeacec
llm_75a89b256d42,spec,0.50916,False,distilroberta-base-climate-specificity,Local model,climatebert_multi_20260527T052620Z_aeacec
llm_9fd95a541d72,spec,0.539361,False,distilroberta-base-climate-specificity,Local model,climatebert_multi_20260527T052620Z_aeacec
llm_0084c27e7957,spec,0.639907,False,distilroberta-base-climate-specificity,Local model,climatebert_multi_20260527T052620Z_aeacec
llm_d95a4ef5e261,non,0.652152,False,distilroberta-base-climate-specificity,Local model,climatebert_multi_20260527T052620Z_aeacec
llm_cd9a9c627854,spec,0.576145,False,distilroberta-base-climate-specificity,Local model,climatebert_multi_20260527T052620Z_aeacec
llm_b7bedd9f7468,spec,0.636567,False,distilroberta-base-climate-specificity,Local model,climatebert_multi_20260527T052620Z_aeacec
llm_2a0b2f877af0,spec,0.656122,False,distilroberta-base-climate-specificity,Local model,climatebert_multi_20260527T052620Z_aeacec
llm_58939b16bcb5,spec,0.637318,False,distilroberta-base-climate-specificity,Local model,climatebert_multi_20260527T052620Z_aeacec
llm_241deedbb14f,spec,0.543506,False,distilroberta-base-climate-specificity,Local model,climatebert_multi_20260527T052620Z_aeacec
llm_a066c4819ba1,spec,0.5862,False,distilroberta-base-climate-specificity,Local model,climatebert_multi_20260527T052620Z_aeacec
llm_febaa98b9b77,spec,0.537893,False,distilroberta-base-climate-specificity,Local model,climatebert_multi_20260527T052620Z_aeacec
llm_010756c5c962,spec,0.593525,False,distilroberta-base-climate-specificity,Local model,climatebert_multi_20260527T052620Z_aeacec
llm_8f3a03ec8b8f,spec,0.578454,False,distilroberta-base-climate-specificity,Local model,climatebert_multi_20260527T052620Z_aeacec
llm_2e7f545df442,spec,0.546895,False,distilroberta-base-climate-specificity,Local model,climatebert_multi_20260527T052620Z_aeacec
llm_9aded6287d74,spec,0.622257,False,distilroberta-base-climate-specificity,Local model,climatebert_multi_20260527T052620Z_aeacec
llm_bbaaf9bea39b,spec,0.50916,False,distilroberta-base-climate-specificity,Local model,climatebert_multi_20260527T052620Z_aeacec
llm_e3fa3c282012,spec,0.539361,False,distilroberta-base-climate-specificity,Local model,climatebert_multi_20260527T052620Z_aeacec
llm_18d8a67a54f4,spec,0.639907,False,distilroberta-base-climate-specificity,Local model,climatebert_multi_20260527T052620Z_aeacec
llm_8c13e5807b95,non,0.652152,False,distilroberta-base-climate-specificity,Local model,climatebert_multi_20260527T052620Z_aeacec
llm_6b9b85bf9a2b,spec,0.576145,False,distilroberta-base-climate-specificity,Local model,climatebert_multi_20260527T052620Z_aeacec
llm_7d0e3cfe1318,spec,0.549266,False,distilroberta-base-climate-specificity,Local model,climatebert_multi_20260527T052620Z_aeacec
llm_2a5890a351a3,spec,0.690249,False,distilroberta-base-climate-specificity,Local model,climatebert_multi_20260527T052620Z_aeacec
llm_dd3866bc05d3,spec,0.625489,False,distilroberta-base-climate-specificity,Local model,climatebert_multi_20260527T052620Z_aeacec
llm_3a0ed528f002,spec,0.593525,False,distilroberta-base-climate-specificity,Local model,climatebert_multi_20260527T052620Z_aeacec
llm_d3db07eaadbe,spec,0.578454,False,distilroberta-base-climate-specificity,Local model,climatebert_multi_20260527T052620Z_aeacec
llm_dde310ce15ea,spec,0.622257,False,distilroberta-base-climate-specificity,Local model,climatebert_multi_20260527T052620Z_aeacec
llm_111087b730e5,spec,0.50916,False,distilroberta-base-climate-specificity,Local model,climatebert_multi_20260527T052620Z_aeacec
llm_77c9f94dc46b,spec,0.539361,False,distilroberta-base-climate-specificity,Local model,climatebert_multi_20260527T052620Z_aeacec
llm_901a4aed76b4,spec,0.623339,False,distilroberta-base-climate-specificity,Local model,climatebert_multi_20260527T052620Z_aeacec
llm_024211ef2673,non,0.652152,False,distilroberta-base-climate-specificity,Local model,climatebert_multi_20260527T052620Z_aeacec
llm_4a8f0514443d,spec,0.576145,False,distilroberta-base-climate-specificity,Local model,climatebert_multi_20260527T052620Z_aeacec
llm_976e22c89f33,non,0.703685,False,distilroberta-base-climate-specificity,Local model,climatebert_multi_20260527T052620Z_aeacec
llm_23c1894cfc6b,spec,0.798308,False,distilroberta-base-climate-specificity,Local model,climatebert_multi_20260527T052620Z_aeacec
llm_9d20980bcd0a,spec,0.731051,False,distilroberta-base-climate-specificity,Local model,climatebert_multi_20260527T052620Z_aeacec
llm_c41f90d943eb,spec,0.549266,False,distilroberta-base-climate-specificity,Local model,climatebert_multi_20260527T052620Z_aeacec
llm_2c760c26bce6,spec,0.686525,False,distilroberta-base-climate-specificity,Local model,climatebert_multi_20260527T052620Z_aeacec
llm_592b196c7da5,spec,0.626825,False,distilroberta-base-climate-specificity,Local model,climatebert_multi_20260527T052620Z_aeacec
llm_a7c5aafb57ca,spec,0.50916,False,distilroberta-base-climate-specificity,Local model,climatebert_multi_20260527T052620Z_aeacec
llm_afd729002414,spec,0.539361,False,distilroberta-base-climate-specificity,Local model,climatebert_multi_20260527T052620Z_aeacec
llm_baf4cff98154,spec,0.518328,False,distilroberta-base-climate-specificity,Local model,climatebert_multi_20260527T052620Z_aeacec
llm_59c3a98835e6,spec,0.690249,False,distilroberta-base-climate-specificity,Local model,climatebert_multi_20260527T052620Z_aeacec
llm_1e2bf93affcc,spec,0.664788,False,distilroberta-base-climate-specificity,Local model,climatebert_multi_20260527T052620Z_aeacec
llm_bfa691e9e494,spec,0.635343,False,distilroberta-base-climate-specificity,Local model,climatebert_multi_20260527T052620Z_aeacec
llm_07ef6fb46f84,non,0.660227,False,distilroberta-base-climate-specificity,Local model,climatebert_multi_20260527T052620Z_aeacec
llm_388140905d9b,non,0.533157,False,distilroberta-base-climate-specificity,Local model,climatebert_multi_20260527T052620Z_aeacec
llm_74207d04584e,non,0.658927,False,distilroberta-base-climate-specificity,Local model,climatebert_multi_20260527T052620Z_aeacec
llm_9b569051e388,spec,0.593525,False,distilroberta-base-climate-specificity,Local model,climatebert_multi_20260527T052620Z_aeacec
llm_ebf7d20c90dd,spec,0.578454,False,distilroberta-base-climate-specificity,Local model,climatebert_multi_20260527T052620Z_aeacec
llm_39730e23d0a0,spec,0.622257,False,distilroberta-base-climate-specificity,Local model,climatebert_multi_20260527T052620Z_aeacec
llm_281660f6bf6a,spec,0.50916,False,distilroberta-base-climate-specificity,Local model,climatebert_multi_20260527T052620Z_aeacec
llm_ee152dd2a6e2,spec,0.539361,False,distilroberta-base-climate-specificity,Local model,climatebert_multi_20260527T052620Z_aeacec
llm_cca4981281e3,non,0.652152,False,distilroberta-base-climate-specificity,Local model,climatebert_multi_20260527T052620Z_aeacec
llm_5676e884e33e,spec,0.576145,False,distilroberta-base-climate-specificity,Local model,climatebert_multi_20260527T052620Z_aeacec
llm_f0a596b17453,spec,0.605775,False,distilroberta-base-climate-specificity,Local model,climatebert_multi_20260527T052620Z_aeacec
llm_8cdf53816c3e,spec,0.578211,False,distilroberta-base-climate-specificity,Local model,climatebert_multi_20260527T052620Z_aeacec
llm_c72ce6c12672,spec,0.690249,False,distilroberta-base-climate-specificity,Local model,climatebert_multi_20260527T052620Z_aeacec
llm_3567194c6cf9,spec,0.615254,False,distilroberta-base-climate-specificity,Local model,climatebert_multi_20260527T052620Z_aeacec
llm_1c99a8133398,spec,0.559875,False,distilroberta-base-climate-specificity,Local model,climatebert_multi_20260527T052620Z_aeacec
llm_9b1a3ab32a9f,spec,0.649491,False,distilroberta-base-climate-specificity,Local model,climatebert_multi_20260527T052620Z_aeacec
llm_8c85f4770e2b,spec,0.601818,False,distilroberta-base-climate-specificity,Local model,climatebert_multi_20260527T052620Z_aeacec
llm_fb784049bb94,spec,0.599663,False,distilroberta-base-climate-specificity,Local model,climatebert_multi_20260527T052620Z_aeacec
llm_1551be1e7d5c,spec,0.637048,False,distilroberta-base-climate-specificity,Local model,climatebert_multi_20260527T052620Z_aeacec
llm_ea9c057c279e,spec,0.593525,False,distilroberta-base-climate-specificity,Local model,climatebert_multi_20260527T052620Z_aeacec
llm_ffe7ba2400e1,spec,0.578454,False,distilroberta-base-climate-specificity,Local model,climatebert_multi_20260527T052620Z_aeacec
llm_4903b0f328fc,spec,0.627078,False,distilroberta-base-climate-specificity,Local model,climatebert_multi_20260527T052620Z_aeacec
llm_c5c782a38d6c,spec,0.539361,False,distilroberta-base-climate-specificity,Local model,climatebert_multi_20260527T052620Z_aeacec
llm_789e8390a5a8,non,0.652152,False,distilroberta-base-climate-specificity,Local model,climatebert_multi_20260527T052620Z_aeacec
llm_fc19b03bfe5a,non,0.671589,False,distilroberta-base-climate-specificity,Local model,climatebert_multi_20260527T052620Z_aeacec
llm_f3c6e25e0cde,spec,0.520827,False,distilroberta-base-climate-specificity,Local model,climatebert_multi_20260527T052620Z_aeacec
llm_1780d832191f,spec,0.573056,False,distilroberta-base-climate-specificity,Local model,climatebert_multi_20260527T052620Z_aeacec
llm_1f72fac5ce21,spec,0.593525,False,distilroberta-base-climate-specificity,Local model,climatebert_multi_20260527T052620Z_aeacec
llm_59874f98bc70,spec,0.578454,False,distilroberta-base-climate-specificity,Local model,climatebert_multi_20260527T052620Z_aeacec
llm_1338a08c5b17,spec,0.546895,False,distilroberta-base-climate-specificity,Local model,climatebert_multi_20260527T052620Z_aeacec
llm_2a15cdfeb74b,spec,0.622257,False,distilroberta-base-climate-specificity,Local model,climatebert_multi_20260527T052620Z_aeacec
llm_21d495d28be6,spec,0.50916,False,distilroberta-base-climate-specificity,Local model,climatebert_multi_20260527T052620Z_aeacec
llm_4e4cb9282047,spec,0.539361,False,distilroberta-base-climate-specificity,Local model,climatebert_multi_20260527T052620Z_aeacec
llm_2164c2bda032,spec,0.639907,False,distilroberta-base-climate-specificity,Local model,climatebert_multi_20260527T052620Z_aeacec
llm_309c92f05a80,non,0.652152,False,distilroberta-base-climate-specificity,Local model,climatebert_multi_20260527T052620Z_aeacec
llm_403852765caf,spec,0.576145,False,distilroberta-base-climate-specificity,Local model,climatebert_multi_20260527T052620Z_aeacec
llm_5351eca6c19f,spec,0.605775,False,distilroberta-base-climate-specificity,Local model,climatebert_multi_20260527T052620Z_aeacec
llm_bbd5456eab5f,spec,0.648108,False,distilroberta-base-climate-specificity,Local model,climatebert_multi_20260527T052620Z_aeacec
llm_0dce12c5129a,spec,0.690249,False,distilroberta-base-climate-specificity,Local model,climatebert_multi_20260527T052620Z_aeacec
llm_f3fc678ff6bb,non,0.633003,False,distilroberta-base-climate-specificity,Local model,climatebert_multi_20260527T052620Z_aeacec
llm_c15060354d57,spec,0.615254,False,distilroberta-base-climate-specificity,Local model,climatebert_multi_20260527T052620Z_aeacec
llm_b7155f1984ee,spec,0.594244,False,distilroberta-base-climate-specificity,Local model,climatebert_multi_20260527T052620Z_aeacec
llm_d912bb4abafa,spec,0.572458,False,distilroberta-base-climate-specificity,Local model,climatebert_multi_20260527T052620Z_aeacec
llm_e812fdef6eac,non,0.638153,False,distilroberta-base-climate-specificity,Local model,climatebert_multi_20260527T052620Z_aeacec
llm_ad23d44cc5f8,spec,0.622396,False,distilroberta-base-climate-specificity,Local model,climatebert_multi_20260527T052620Z_aeacec
llm_3b84dd0f2e26,spec,0.617358,False,distilroberta-base-climate-specificity,Local model,climatebert_multi_20260527T052620Z_aeacec
llm_f04faadf1ccf,spec,0.534504,False,distilroberta-base-climate-specificity,Local model,climatebert_multi_20260527T052620Z_aeacec
llm_46e6d2c69484,spec,0.601224,False,distilroberta-base-climate-specificity,Local model,climatebert_multi_20260527T052620Z_aeacec
llm_2d93f8e5f30e,spec,0.598198,False,distilroberta-base-climate-specificity,Local model,climatebert_multi_20260527T052620Z_aeacec
llm_576c11da0b86,spec,0.594244,False,distilroberta-base-climate-specificity,Local model,climatebert_multi_20260527T052620Z_aeacec
llm_7714d9027e52,spec,0.609083,False,distilroberta-base-climate-specificity,Local model,climatebert_multi_20260527T052620Z_aeacec
llm_80c2adb2888f,spec,0.605161,False,distilroberta-base-climate-specificity,Local model,climatebert_multi_20260527T052620Z_aeacec
llm_55a64c367b52,spec,0.579693,False,distilroberta-base-climate-specificity,Local model,climatebert_multi_20260527T052620Z_aeacec
llm_6f4ce03bd68b,spec,0.578454,False,distilroberta-base-climate-specificity,Local model,climatebert_multi_20260527T052620Z_aeacec
llm_1f95ef3c50e3,spec,0.546895,False,distilroberta-base-climate-specificity,Local model,climatebert_multi_20260527T052620Z_aeacec
llm_cb317fa21156,spec,0.627074,False,distilroberta-base-climate-specificity,Local model,climatebert_multi_20260527T052620Z_aeacec
llm_3c0c44e0c696,spec,0.50916,False,distilroberta-base-climate-specificity,Local model,climatebert_multi_20260527T052620Z_aeacec
llm_40598b9840ef,spec,0.539361,False,distilroberta-base-climate-specificity,Local model,climatebert_multi_20260527T052620Z_aeacec
llm_c37b5f7eae7a,spec,0.639907,False,distilroberta-base-climate-specificity,Local model,climatebert_multi_20260527T052620Z_aeacec
llm_0fa209084dfa,non,0.652152,False,distilroberta-base-climate-specificity,Local model,climatebert_multi_20260527T052620Z_aeacec
llm_7fde6351cd28,spec,0.576145,False,distilroberta-base-climate-specificity,Local model,climatebert_multi_20260527T052620Z_aeacec
llm_5114ad3b3a3c,spec,0.586186,False,distilroberta-base-climate-specificity,Local model,climatebert_multi_20260527T052620Z_aeacec
llm_0f68ae45d648,spec,0.690249,False,distilroberta-base-climate-specificity,Local model,climatebert_multi_20260527T052620Z_aeacec
llm_95bdfb1f5c99,non,0.633003,False,distilroberta-base-climate-specificity,Local model,climatebert_multi_20260527T052620Z_aeacec
llm_53f2dda61b62,spec,0.622458,False,distilroberta-base-climate-specificity,Local model,climatebert_multi_20260527T052620Z_aeacec
llm_d413d7dbd1a4,spec,0.556477,False,distilroberta-base-climate-specificity,Local model,climatebert_multi_20260527T052620Z_aeacec
llm_7a22dd86f42e,spec,0.571038,False,distilroberta-base-climate-specificity,Local model,climatebert_multi_20260527T052620Z_aeacec
llm_7993517e37b7,spec,0.510751,False,distilroberta-base-climate-specificity,Local model,climatebert_multi_20260527T052620Z_aeacec
llm_3f69363833ee,non,0.606517,False,distilroberta-base-climate-specificity,Local model,climatebert_multi_20260527T052620Z_aeacec
llm_bc2ac7b190cf,non,0.58943,False,distilroberta-base-climate-specificity,Local model,climatebert_multi_20260527T052620Z_aeacec
llm_c49d6f624d1c,spec,0.504813,False,distilroberta-base-climate-specificity,Local model,climatebert_multi_20260527T052620Z_aeacec
llm_6d3673493735,spec,0.561429,False,distilroberta-base-climate-specificity,Local model,climatebert_multi_20260527T052620Z_aeacec
llm_46651bea79b1,spec,0.56472,False,distilroberta-base-climate-specificity,Local model,climatebert_multi_20260527T052620Z_aeacec
llm_f7bd10acf05f,spec,0.523793,False,distilroberta-base-climate-specificity,Local model,climatebert_multi_20260527T052620Z_aeacec
llm_72b118d6976b,spec,0.544347,False,distilroberta-base-climate-specificity,Local model,climatebert_multi_20260527T052620Z_aeacec
llm_5d66cf2bb1d6,spec,0.554058,False,distilroberta-base-climate-specificity,Local model,climatebert_multi_20260527T052620Z_aeacec
llm_8f032a046d6d,spec,0.523581,False,distilroberta-base-climate-specificity,Local model,climatebert_multi_20260527T052620Z_aeacec
llm_de239dbb2b8e,non,0.558722,False,distilroberta-base-climate-specificity,Local model,climatebert_multi_20260527T052620Z_aeacec
llm_8f42175c58b5,spec,0.524893,False,distilroberta-base-climate-specificity,Local model,climatebert_multi_20260527T052620Z_aeacec
llm_3a05366904aa,spec,0.521147,False,distilroberta-base-climate-specificity,Local model,climatebert_multi_20260527T052620Z_aeacec
llm_2fa784e1e1bb,spec,0.588359,False,distilroberta-base-climate-specificity,Local model,climatebert_multi_20260527T052620Z_aeacec
llm_531e2168030a,spec,0.605775,False,distilroberta-base-climate-specificity,Local model,climatebert_multi_20260527T052620Z_aeacec
llm_3e4b6d3a523f,spec,0.629069,False,distilroberta-base-climate-specificity,Local model,climatebert_multi_20260527T052620Z_aeacec
llm_b332189e536b,spec,0.70915,False,distilroberta-base-climate-specificity,Local model,climatebert_multi_20260527T052620Z_aeacec
llm_bfe7b9d2f3fd,spec,0.601224,False,distilroberta-base-climate-specificity,Local model,climatebert_multi_20260527T052620Z_aeacec
llm_be5cbcc26dca,spec,0.655857,False,distilroberta-base-climate-specificity,Local model,climatebert_multi_20260527T052620Z_aeacec
llm_c0500f3ba524,spec,0.588271,False,distilroberta-base-climate-specificity,Local model,climatebert_multi_20260527T052620Z_aeacec
llm_dfcb52262d2d,spec,0.690536,False,distilroberta-base-climate-specificity,Local model,climatebert_multi_20260527T052620Z_aeacec
llm_7f20fea460fa,spec,0.647005,False,distilroberta-base-climate-specificity,Local model,climatebert_multi_20260527T052620Z_aeacec
llm_e4c2ceb5beb8,non,0.523188,False,distilroberta-base-climate-specificity,Local model,climatebert_multi_20260527T052620Z_aeacec
llm_6b6270b754ed,spec,0.594244,False,distilroberta-base-climate-specificity,Local model,climatebert_multi_20260527T052620Z_aeacec
llm_e485199f163f,spec,0.601002,False,distilroberta-base-climate-specificity,Local model,climatebert_multi_20260527T052620Z_aeacec
llm_aae1d90b02ab,spec,0.65663,False,distilroberta-base-climate-specificity,Local model,climatebert_multi_20260527T052620Z_aeacec
llm_b98e6bba1334,spec,0.65525,False,distilroberta-base-climate-specificity,Local model,climatebert_multi_20260527T052620Z_aeacec
llm_009c6b40b0f1,spec,0.583522,False,distilroberta-base-climate-specificity,Local model,climatebert_multi_20260527T052620Z_aeacec
llm_96c4297cfad5,non,0.515576,False,distilroberta-base-climate-specificity,Local model,climatebert_multi_20260527T052620Z_aeacec
llm_b79e6089f8e2,spec,0.632707,False,distilroberta-base-climate-specificity,Local model,climatebert_multi_20260527T052620Z_aeacec
llm_d32a76cf0b44,spec,0.590119,False,distilroberta-base-climate-specificity,Local model,climatebert_multi_20260527T052620Z_aeacec
llm_c1e133009165,spec,0.759899,False,distilroberta-base-climate-specificity,Local model,climatebert_multi_20260527T052620Z_aeacec
llm_ee54d1b900c5,spec,0.54075,False,distilroberta-base-climate-specificity,Local model,climatebert_multi_20260527T052620Z_aeacec
llm_db94e85ed379,spec,0.619498,False,distilroberta-base-climate-specificity,Local model,climatebert_multi_20260527T052620Z_aeacec
llm_6aaf207496f7,spec,0.573703,False,distilroberta-base-climate-specificity,Local model,climatebert_multi_20260527T052620Z_aeacec
llm_e46dd662a81f,spec,0.59844,False,distilroberta-base-climate-specificity,Local model,climatebert_multi_20260527T052620Z_aeacec
llm_c8e4db755fd3,spec,0.608101,False,distilroberta-base-climate-specificity,Local model,climatebert_multi_20260527T052620Z_aeacec
llm_7f5bfb04d508,non,0.505898,False,distilroberta-base-climate-specificity,Local model,climatebert_multi_20260527T052620Z_aeacec
llm_fb1ee5b860b2,spec,0.572542,False,distilroberta-base-climate-specificity,Local model,climatebert_multi_20260527T052620Z_aeacec
llm_0922266c763b,spec,0.550994,False,distilroberta-base-climate-specificity,Local model,climatebert_multi_20260527T052620Z_aeacec
llm_09ab9e80dd2b,spec,0.526959,False,distilroberta-base-climate-specificity,Local model,climatebert_multi_20260527T052620Z_aeacec
llm_5194ab2701a9,spec,0.592037,False,distilroberta-base-climate-specificity,Local model,climatebert_multi_20260527T052620Z_aeacec
llm_70daa4385376,non,0.506033,False,distilroberta-base-climate-specificity,Local model,climatebert_multi_20260527T052620Z_aeacec
llm_b5800a05c695,spec,0.517357,False,distilroberta-base-climate-specificity,Local model,climatebert_multi_20260527T052620Z_aeacec
llm_f7285c725aaf,spec,0.600076,False,distilroberta-base-climate-specificity,Local model,climatebert_multi_20260527T052620Z_aeacec
llm_8daef3258cdf,non,0.627933,False,distilroberta-base-climate-specificity,Local model,climatebert_multi_20260527T052620Z_aeacec
llm_72d909aabee7,spec,0.556122,False,distilroberta-base-climate-specificity,Local model,climatebert_multi_20260527T052620Z_aeacec
llm_ed7cf72150ab,spec,0.56955,False,distilroberta-base-climate-specificity,Local model,climatebert_multi_20260527T052620Z_aeacec
llm_561ad733ae05,spec,0.549266,False,distilroberta-base-climate-specificity,Local model,climatebert_multi_20260527T052620Z_aeacec
llm_442f4dae8a48,spec,0.534504,False,distilroberta-base-climate-specificity,Local model,climatebert_multi_20260527T052620Z_aeacec
llm_362304e4013e,spec,0.594244,False,distilroberta-base-climate-specificity,Local model,climatebert_multi_20260527T052620Z_aeacec
llm_e76adc2b112f,spec,0.609083,False,distilroberta-base-climate-specificity,Local model,climatebert_multi_20260527T052620Z_aeacec
llm_772bf33b92b6,spec,0.684347,False,distilroberta-base-climate-specificity,Local model,climatebert_multi_20260527T052620Z_aeacec
llm_e575e24e694d,spec,0.57227,False,distilroberta-base-climate-specificity,Local model,climatebert_multi_20260527T052620Z_aeacec
llm_1819c456e9f6,spec,0.601224,False,distilroberta-base-climate-specificity,Local model,climatebert_multi_20260527T052620Z_aeacec
llm_82985a7a7518,spec,0.577144,False,distilroberta-base-climate-specificity,Local model,climatebert_multi_20260527T052620Z_aeacec
llm_cf8a46d46ea9,spec,0.655857,False,distilroberta-base-climate-specificity,Local model,climatebert_multi_20260527T052620Z_aeacec
llm_7316e0b3246b,spec,0.527151,False,distilroberta-base-climate-specificity,Local model,climatebert_multi_20260527T052620Z_aeacec
llm_a31284d00b16,spec,0.57192,False,distilroberta-base-climate-specificity,Local model,climatebert_multi_20260527T052620Z_aeacec
llm_14c07e151fd1,non,0.529718,False,distilroberta-base-climate-specificity,Local model,climatebert_multi_20260527T052620Z_aeacec
llm_1c5ea92f2aa2,spec,0.572373,False,distilroberta-base-climate-specificity,Local model,climatebert_multi_20260527T052620Z_aeacec
llm_91bf27fee7d8,non,0.501903,False,distilroberta-base-climate-specificity,Local model,climatebert_multi_20260527T052620Z_aeacec
llm_1b16a50b4dc8,spec,0.525256,False,distilroberta-base-climate-specificity,Local model,climatebert_multi_20260527T052620Z_aeacec
llm_4e6413f199a6,spec,0.513166,False,distilroberta-base-climate-specificity,Local model,climatebert_multi_20260527T052620Z_aeacec
llm_5e4b5c3a1a21,spec,0.593525,False,distilroberta-base-climate-specificity,Local model,climatebert_multi_20260527T052620Z_aeacec
llm_3bd4593fcf47,spec,0.578454,False,distilroberta-base-climate-specificity,Local model,climatebert_multi_20260527T052620Z_aeacec
llm_f60d8ade6ba9,spec,0.546895,False,distilroberta-base-climate-specificity,Local model,climatebert_multi_20260527T052620Z_aeacec
llm_ba3bcaa00e8a,spec,0.622257,False,distilroberta-base-climate-specificity,Local model,climatebert_multi_20260527T052620Z_aeacec
llm_10542f4da7ee,spec,0.50916,False,distilroberta-base-climate-specificity,Local model,climatebert_multi_20260527T052620Z_aeacec
llm_cc580fa3ef0c,spec,0.539361,False,distilroberta-base-climate-specificity,Local model,climatebert_multi_20260527T052620Z_aeacec
llm_2072d77c1301,spec,0.639907,False,distilroberta-base-climate-specificity,Local model,climatebert_multi_20260527T052620Z_aeacec
llm_3e1f93c99a01,non,0.652152,False,distilroberta-base-climate-specificity,Local model,climatebert_multi_20260527T052620Z_aeacec
llm_fe61a3ba42da,spec,0.576145,False,distilroberta-base-climate-specificity,Local model,climatebert_multi_20260527T052620Z_aeacec
llm_7c3932a7a233,spec,0.605775,False,distilroberta-base-climate-specificity,Local model,climatebert_multi_20260527T052620Z_aeacec
llm_03d09cafc867,spec,0.629069,False,distilroberta-base-climate-specificity,Local model,climatebert_multi_20260527T052620Z_aeacec
llm_e45c2adb3697,spec,0.690249,False,distilroberta-base-climate-specificity,Local model,climatebert_multi_20260527T052620Z_aeacec
llm_dff325702eea,spec,0.593525,False,distilroberta-base-climate-specificity,Local model,climatebert_multi_20260527T052620Z_aeacec
llm_5807d1289344,spec,0.578454,False,distilroberta-base-climate-specificity,Local model,climatebert_multi_20260527T052620Z_aeacec
llm_1fe237364631,spec,0.622257,False,distilroberta-base-climate-specificity,Local model,climatebert_multi_20260527T052620Z_aeacec
llm_8c8f8ad23b35,spec,0.50916,False,distilroberta-base-climate-specificity,Local model,climatebert_multi_20260527T052620Z_aeacec
llm_a02c6a293619,spec,0.539361,False,distilroberta-base-climate-specificity,Local model,climatebert_multi_20260527T052620Z_aeacec
llm_0e648b669cf2,non,0.652152,False,distilroberta-base-climate-specificity,Local model,climatebert_multi_20260527T052620Z_aeacec
llm_bd93beae1ccf,spec,0.690249,False,distilroberta-base-climate-specificity,Local model,climatebert_multi_20260527T052620Z_aeacec
llm_6cd5ba838e99,non,0.633003,False,distilroberta-base-climate-specificity,Local model,climatebert_multi_20260527T052620Z_aeacec
llm_b78e4f294ef7,spec,0.562307,False,distilroberta-base-climate-specificity,Local model,climatebert_multi_20260527T052620Z_aeacec
llm_4e6505a33b17,spec,0.702062,False,distilroberta-base-climate-specificity,Local model,climatebert_multi_20260527T052620Z_aeacec
llm_b316e789e1ac,spec,0.690987,False,distilroberta-base-climate-specificity,Local model,climatebert_multi_20260527T052620Z_aeacec
llm_fba4581f9642,spec,0.841964,False,distilroberta-base-climate-specificity,Local model,climatebert_multi_20260527T052620Z_aeacec
llm_c389c91d5f3e,spec,0.883151,False,distilroberta-base-climate-specificity,Local model,climatebert_multi_20260527T052620Z_aeacec
llm_644e9618ab04,spec,0.78259,False,distilroberta-base-climate-specificity,Local model,climatebert_multi_20260527T052620Z_aeacec
llm_29c8ed04abe2,spec,0.727862,False,distilroberta-base-climate-specificity,Local model,climatebert_multi_20260527T052620Z_aeacec
llm_de791b04936e,spec,0.866884,False,distilroberta-base-climate-specificity,Local model,climatebert_multi_20260527T052620Z_aeacec
llm_7e90e5656e08,spec,0.897575,False,distilroberta-base-climate-specificity,Local model,climatebert_multi_20260527T052620Z_aeacec
llm_b5dc516fb2ae,spec,0.593525,False,distilroberta-base-climate-specificity,Local model,climatebert_multi_20260527T052620Z_aeacec
llm_1a2d434d043f,spec,0.578454,False,distilroberta-base-climate-specificity,Local model,climatebert_multi_20260527T052620Z_aeacec
llm_4d2f1cab1c2e,spec,0.546895,False,distilroberta-base-climate-specificity,Local model,climatebert_multi_20260527T052620Z_aeacec
llm_536c28c9adf1,spec,0.622257,False,distilroberta-base-climate-specificity,Local model,climatebert_multi_20260527T052620Z_aeacec
llm_fdf48e515b68,spec,0.50916,False,distilroberta-base-climate-specificity,Local model,climatebert_multi_20260527T052620Z_aeacec
llm_68ceb2534b6c,spec,0.539361,False,distilroberta-base-climate-specificity,Local model,climatebert_multi_20260527T052620Z_aeacec
llm_d7941575a6fd,spec,0.639907,False,distilroberta-base-climate-specificity,Local model,climatebert_multi_20260527T052620Z_aeacec
llm_ed2abbfc2537,non,0.652152,False,distilroberta-base-climate-specificity,Local model,climatebert_multi_20260527T052620Z_aeacec
llm_a13ff837545f,spec,0.576145,False,distilroberta-base-climate-specificity,Local model,climatebert_multi_20260527T052620Z_aeacec
llm_4fc7f097dfa0,spec,0.751668,False,distilroberta-base-climate-specificity,Local model,climatebert_multi_20260527T052620Z_aeacec
llm_8cda180d9383,spec,0.736927,False,distilroberta-base-climate-specificity,Local model,climatebert_multi_20260527T052620Z_aeacec
llm_c198ec345f47,spec,0.638066,False,distilroberta-base-climate-specificity,Local model,climatebert_multi_20260527T052620Z_aeacec
llm_61a32a17e582,spec,0.784689,False,distilroberta-base-climate-specificity,Local model,climatebert_multi_20260527T052620Z_aeacec
llm_7aebd26162aa,non,0.527492,False,distilroberta-base-climate-specificity,Local model,climatebert_multi_20260527T052620Z_aeacec
llm_25281894c26d,spec,0.514312,False,distilroberta-base-climate-specificity,Local model,climatebert_multi_20260527T052620Z_aeacec
llm_2cd1a16df81f,non,0.501722,False,distilroberta-base-climate-specificity,Local model,climatebert_multi_20260527T052620Z_aeacec
llm_86addc88790a,non,0.500785,False,distilroberta-base-climate-specificity,Local model,climatebert_multi_20260527T052620Z_aeacec
llm_78a60407ccf5,spec,0.522846,False,distilroberta-base-climate-specificity,Local model,climatebert_multi_20260527T052620Z_aeacec
llm_18736c952221,spec,0.594244,False,distilroberta-base-climate-specificity,Local model,climatebert_multi_20260527T052620Z_aeacec
llm_9ad210467351,spec,0.601002,False,distilroberta-base-climate-specificity,Local model,climatebert_multi_20260527T052620Z_aeacec
llm_dcedf3b39353,spec,0.581417,False,distilroberta-base-climate-specificity,Local model,climatebert_multi_20260527T052620Z_aeacec
llm_84ecb6e0c0a1,spec,0.534504,False,distilroberta-base-climate-specificity,Local model,climatebert_multi_20260527T052620Z_aeacec
llm_7ca97f161daa,non,0.709958,False,distilroberta-base-climate-specificity,Local model,climatebert_multi_20260527T052620Z_aeacec
llm_f64d5058aa0a,spec,0.65663,False,distilroberta-base-climate-specificity,Local model,climatebert_multi_20260527T052620Z_aeacec
llm_c5631131c2b2,spec,0.591916,False,distilroberta-base-climate-specificity,Local model,climatebert_multi_20260527T052620Z_aeacec
llm_74255e5f74b3,spec,0.516045,False,distilroberta-base-climate-specificity,Local model,climatebert_multi_20260527T052620Z_aeacec
llm_25df35916709,spec,0.574735,False,distilroberta-base-climate-specificity,Local model,climatebert_multi_20260527T052620Z_aeacec
llm_8d9ae96d8e65,non,0.626673,False,distilroberta-base-climate-specificity,Local model,climatebert_multi_20260527T052620Z_aeacec
llm_b48202734e29,spec,0.65663,False,distilroberta-base-climate-specificity,Local model,climatebert_multi_20260527T052620Z_aeacec
llm_db69a94a5363,spec,0.534504,False,distilroberta-base-climate-specificity,Local model,climatebert_multi_20260527T052620Z_aeacec
llm_474792d76b61,spec,0.601224,False,distilroberta-base-climate-specificity,Local model,climatebert_multi_20260527T052620Z_aeacec
llm_c663f0a83bee,spec,0.593525,False,distilroberta-base-climate-specificity,Local model,climatebert_multi_20260527T052620Z_aeacec
llm_55f9ea001f34,spec,0.578454,False,distilroberta-base-climate-specificity,Local model,climatebert_multi_20260527T052620Z_aeacec
llm_021887ee80f7,spec,0.622257,False,distilroberta-base-climate-specificity,Local model,climatebert_multi_20260527T052620Z_aeacec
llm_6ce8f3c5be21,spec,0.50916,False,distilroberta-base-climate-specificity,Local model,climatebert_multi_20260527T052620Z_aeacec
llm_46f02a2f970d,spec,0.539361,False,distilroberta-base-climate-specificity,Local model,climatebert_multi_20260527T052620Z_aeacec
llm_38782364abb2,spec,0.623339,False,distilroberta-base-climate-specificity,Local model,climatebert_multi_20260527T052620Z_aeacec
llm_55445cc9bb3d,non,0.652152,False,distilroberta-base-climate-specificity,Local model,climatebert_multi_20260527T052620Z_aeacec
llm_c8efdf88d9a6,spec,0.576145,False,distilroberta-base-climate-specificity,Local model,climatebert_multi_20260527T052620Z_aeacec
llm_b03b9136bd29,spec,0.698167,False,distilroberta-base-climate-specificity,Local model,climatebert_multi_20260527T052620Z_aeacec
llm_7cc23357700c,non,0.633003,False,distilroberta-base-climate-specificity,Local model,climatebert_multi_20260527T052620Z_aeacec
llm_b28fedd2b7cf,spec,0.794817,False,distilroberta-base-climate-specificity,Local model,climatebert_multi_20260527T052620Z_aeacec
llm_40f379c17f99,spec,0.816076,False,distilroberta-base-climate-specificity,Local model,climatebert_multi_20260527T052620Z_aeacec
llm_05230e1cb5ee,spec,0.664287,False,distilroberta-base-climate-specificity,Local model,climatebert_multi_20260527T052620Z_aeacec
llm_1f93ce5deba2,spec,0.665099,False,distilroberta-base-climate-specificity,Local model,climatebert_multi_20260527T052620Z_aeacec
llm_dc00a64901bd,spec,0.755764,False,distilroberta-base-climate-specificity,Local model,climatebert_multi_20260527T052620Z_aeacec
llm_30e1a35108f6,spec,0.606586,False,distilroberta-base-climate-specificity,Local model,climatebert_multi_20260527T052620Z_aeacec
llm_60e3183c23aa,spec,0.614125,False,distilroberta-base-climate-specificity,Local model,climatebert_multi_20260527T052620Z_aeacec
llm_7f5785ecb51a,spec,0.582304,False,distilroberta-base-climate-specificity,Local model,climatebert_multi_20260527T052620Z_aeacec
llm_27a6eb61628f,spec,0.578454,False,distilroberta-base-climate-specificity,Local model,climatebert_multi_20260527T052620Z_aeacec
llm_3499e09d0dd2,spec,0.546895,False,distilroberta-base-climate-specificity,Local model,climatebert_multi_20260527T052620Z_aeacec
llm_a2a54cd10400,spec,0.622257,False,distilroberta-base-climate-specificity,Local model,climatebert_multi_20260527T052620Z_aeacec
llm_99e59efe3624,spec,0.50916,False,distilroberta-base-climate-specificity,Local model,climatebert_multi_20260527T052620Z_aeacec
llm_cee3cbe88707,spec,0.539361,False,distilroberta-base-climate-specificity,Local model,climatebert_multi_20260527T052620Z_aeacec
llm_255d9fff6b5e,spec,0.623339,False,distilroberta-base-climate-specificity,Local model,climatebert_multi_20260527T052620Z_aeacec
llm_ba35fd0c8f3d,non,0.652152,False,distilroberta-base-climate-specificity,Local model,climatebert_multi_20260527T052620Z_aeacec
llm_6babf512fc3a,spec,0.576145,False,distilroberta-base-climate-specificity,Local model,climatebert_multi_20260527T052620Z_aeacec
llm_fb08f5c4d820,spec,0.690249,False,distilroberta-base-climate-specificity,Local model,climatebert_multi_20260527T052620Z_aeacec
llm_4e69b900b374,spec,0.56672,False,distilroberta-base-climate-specificity,Local model,climatebert_multi_20260527T052620Z_aeacec
llm_3e1947d96931,spec,0.601224,False,distilroberta-base-climate-specificity,Local model,climatebert_multi_20260527T052620Z_aeacec
llm_9ebea6fb783e,spec,0.534504,False,distilroberta-base-climate-specificity,Local model,climatebert_multi_20260527T052620Z_aeacec
llm_dd2998a09d46,spec,0.594244,False,distilroberta-base-climate-specificity,Local model,climatebert_multi_20260527T052620Z_aeacec
llm_1fc246b073ca,spec,0.591888,False,distilroberta-base-climate-specificity,Local model,climatebert_multi_20260527T052620Z_aeacec
llm_522ce6350a1b,spec,0.612436,False,distilroberta-base-climate-specificity,Local model,climatebert_multi_20260527T052620Z_aeacec
llm_744e0cb4c0c6,spec,0.6303,False,distilroberta-base-climate-specificity,Local model,climatebert_multi_20260527T052620Z_aeacec
llm_c77bdb0ca6ed,spec,0.581628,False,distilroberta-base-climate-specificity,Local model,climatebert_multi_20260527T052620Z_aeacec
llm_4c35b859e4fc,spec,0.65663,False,distilroberta-base-climate-specificity,Local model,climatebert_multi_20260527T052620Z_aeacec
llm_41836afddcfc,non,0.910567,False,distilroberta-base-climate-specificity,Local model,climatebert_multi_20260527T052620Z_aeacec
llm_332732101b31,non,0.886378,False,distilroberta-base-climate-specificity,Local model,climatebert_multi_20260527T052620Z_aeacec
llm_8e6d69c03db8,spec,0.684347,False,distilroberta-base-climate-specificity,Local model,climatebert_multi_20260527T052620Z_aeacec
llm_7d216ddecffb,spec,0.572422,False,distilroberta-base-climate-specificity,Local model,climatebert_multi_20260527T052620Z_aeacec
llm_d6dd8d72e341,spec,0.65663,False,distilroberta-base-climate-specificity,Local model,climatebert_multi_20260527T052620Z_aeacec
llm_673d64731bef,spec,0.601224,False,distilroberta-base-climate-specificity,Local model,climatebert_multi_20260527T052620Z_aeacec
llm_4886873fa708,spec,0.67384,False,distilroberta-base-climate-specificity,Local model,climatebert_multi_20260527T052620Z_aeacec
llm_5822600b7356,spec,0.567985,False,distilroberta-base-climate-specificity,Local model,climatebert_multi_20260527T052620Z_aeacec
llm_7dd5efc59a2d,spec,0.581814,False,distilroberta-base-climate-specificity,Local model,climatebert_multi_20260527T052620Z_aeacec
llm_4af8a9fc75be,spec,0.578454,False,distilroberta-base-climate-specificity,Local model,climatebert_multi_20260527T052620Z_aeacec
llm_1c61e7ed1330,spec,0.546895,False,distilroberta-base-climate-specificity,Local model,climatebert_multi_20260527T052620Z_aeacec
llm_9d66014e3be4,spec,0.622257,False,distilroberta-base-climate-specificity,Local model,climatebert_multi_20260527T052620Z_aeacec
llm_c10224b1ab4f,spec,0.50916,False,distilroberta-base-climate-specificity,Local model,climatebert_multi_20260527T052620Z_aeacec
llm_fc394cc436b3,spec,0.539361,False,distilroberta-base-climate-specificity,Local model,climatebert_multi_20260527T052620Z_aeacec
llm_ee981655f711,spec,0.639907,False,distilroberta-base-climate-specificity,Local model,climatebert_multi_20260527T052620Z_aeacec
llm_8a0b9ef8d495,non,0.652152,False,distilroberta-base-climate-specificity,Local model,climatebert_multi_20260527T052620Z_aeacec
llm_c53a8d2ebfff,spec,0.576145,False,distilroberta-base-climate-specificity,Local model,climatebert_multi_20260527T052620Z_aeacec
llm_4dd3bbd59ce1,spec,0.566295,False,distilroberta-base-climate-specificity,Local model,climatebert_multi_20260527T052620Z_aeacec
llm_076cc556f5d7,spec,0.690249,False,distilroberta-base-climate-specificity,Local model,climatebert_multi_20260527T052620Z_aeacec
llm_f4102672202b,spec,0.590582,False,distilroberta-base-climate-specificity,Local model,climatebert_multi_20260527T052620Z_aeacec
llm_3f2d1b393b16,spec,0.534504,False,distilroberta-base-climate-specificity,Local model,climatebert_multi_20260527T052620Z_aeacec
llm_4f2428969819,spec,0.594244,False,distilroberta-base-climate-specificity,Local model,climatebert_multi_20260527T052620Z_aeacec
llm_ba5157794445,spec,0.609083,False,distilroberta-base-climate-specificity,Local model,climatebert_multi_20260527T052620Z_aeacec
llm_a8419efd26a8,spec,0.605161,False,distilroberta-base-climate-specificity,Local model,climatebert_multi_20260527T052620Z_aeacec
llm_e3ffe0c85d46,spec,0.593525,False,distilroberta-base-climate-specificity,Local model,climatebert_multi_20260527T052620Z_aeacec
llm_74568d429475,spec,0.578454,False,distilroberta-base-climate-specificity,Local model,climatebert_multi_20260527T052620Z_aeacec
llm_877c98db79b6,spec,0.546895,False,distilroberta-base-climate-specificity,Local model,climatebert_multi_20260527T052620Z_aeacec
llm_f954caec1a99,spec,0.622257,False,distilroberta-base-climate-specificity,Local model,climatebert_multi_20260527T052620Z_aeacec
llm_1c27e507fc0e,spec,0.50916,False,distilroberta-base-climate-specificity,Local model,climatebert_multi_20260527T052620Z_aeacec
llm_b1391924bf25,spec,0.539361,False,distilroberta-base-climate-specificity,Local model,climatebert_multi_20260527T052620Z_aeacec
llm_e40b0ea30b13,spec,0.639907,False,distilroberta-base-climate-specificity,Local model,climatebert_multi_20260527T052620Z_aeacec
llm_715134ad1599,non,0.652152,False,distilroberta-base-climate-specificity,Local model,climatebert_multi_20260527T052620Z_aeacec
llm_153f22f333e9,spec,0.576145,False,distilroberta-base-climate-specificity,Local model,climatebert_multi_20260527T052620Z_aeacec
llm_3c44d2eb038c,spec,0.566295,False,distilroberta-base-climate-specificity,Local model,climatebert_multi_20260527T052620Z_aeacec
llm_7c9ba404031f,spec,0.594244,False,distilroberta-base-climate-specificity,Local model,climatebert_multi_20260527T052620Z_aeacec
llm_ba9e6aab9675,spec,0.609083,False,distilroberta-base-climate-specificity,Local model,climatebert_multi_20260527T052620Z_aeacec
llm_f3cfae776196,spec,0.534504,False,distilroberta-base-climate-specificity,Local model,climatebert_multi_20260527T052620Z_aeacec
llm_4b91068a4d83,spec,0.570143,False,distilroberta-base-climate-specificity,Local model,climatebert_multi_20260527T052620Z_aeacec
llm_1e1f97a87cad,spec,0.57027,False,distilroberta-base-climate-specificity,Local model,climatebert_multi_20260527T052620Z_aeacec
llm_a24801c7a7ff,non,0.503492,False,distilroberta-base-climate-specificity,Local model,climatebert_multi_20260527T052620Z_aeacec
llm_7528d3037caa,non,0.546376,False,distilroberta-base-climate-specificity,Local model,climatebert_multi_20260527T052620Z_aeacec
llm_dea63b04e8ee,spec,0.592605,False,distilroberta-base-climate-specificity,Local model,climatebert_multi_20260527T052620Z_aeacec
llm_4e130557dbef,spec,0.641972,False,distilroberta-base-climate-specificity,Local model,climatebert_multi_20260527T052620Z_aeacec
llm_676fdda363e4,spec,0.615092,False,distilroberta-base-climate-specificity,Local model,climatebert_multi_20260527T052620Z_aeacec
llm_1d54131af5f5,non,0.621662,False,distilroberta-base-climate-specificity,Local model,climatebert_multi_20260527T052620Z_aeacec
llm_6736887acb9c,non,0.51114,False,distilroberta-base-climate-specificity,Local model,climatebert_multi_20260527T052620Z_aeacec
llm_b7c2f6d52809,spec,0.594244,False,distilroberta-base-climate-specificity,Local model,climatebert_multi_20260527T052620Z_aeacec
llm_7ba88ba3e15d,spec,0.601002,False,distilroberta-base-climate-specificity,Local model,climatebert_multi_20260527T052620Z_aeacec
llm_d9a31ae2758c,spec,0.594941,False,distilroberta-base-climate-specificity,Local model,climatebert_multi_20260527T052620Z_aeacec
llm_46432982e78f,spec,0.633612,False,distilroberta-base-climate-specificity,Local model,climatebert_multi_20260527T052620Z_aeacec
llm_673e05890a89,spec,0.690536,False,distilroberta-base-climate-specificity,Local model,climatebert_multi_20260527T052620Z_aeacec
llm_c80706d2b51b,spec,0.843749,False,distilroberta-base-climate-specificity,Local model,climatebert_multi_20260527T052620Z_aeacec
llm_564a085995e7,spec,0.552683,False,distilroberta-base-climate-specificity,Local model,climatebert_multi_20260527T052620Z_aeacec
llm_115663459ebb,spec,0.626391,False,distilroberta-base-climate-specificity,Local model,climatebert_multi_20260527T052620Z_aeacec
llm_6299350a8d9f,spec,0.593525,False,distilroberta-base-climate-specificity,Local model,climatebert_multi_20260527T052620Z_aeacec
llm_fa59d4ec732e,spec,0.578454,False,distilroberta-base-climate-specificity,Local model,climatebert_multi_20260527T052620Z_aeacec
llm_db02d70c5bab,spec,0.622257,False,distilroberta-base-climate-specificity,Local model,climatebert_multi_20260527T052620Z_aeacec
llm_bdd5ece75166,spec,0.50916,False,distilroberta-base-climate-specificity,Local model,climatebert_multi_20260527T052620Z_aeacec
llm_a2a3797529e2,spec,0.539361,False,distilroberta-base-climate-specificity,Local model,climatebert_multi_20260527T052620Z_aeacec
llm_e8126f02b0fb,non,0.652152,False,distilroberta-base-climate-specificity,Local model,climatebert_multi_20260527T052620Z_aeacec
llm_d520afedd072,spec,0.641667,False,distilroberta-base-climate-specificity,Local model,climatebert_multi_20260527T052620Z_aeacec
llm_77f82b7672d2,spec,0.690249,False,distilroberta-base-climate-specificity,Local model,climatebert_multi_20260527T052620Z_aeacec
llm_bb7e0df2fb14,non,0.633003,False,distilroberta-base-climate-specificity,Local model,climatebert_multi_20260527T052620Z_aeacec
llm_a34348a5a30f,spec,0.545835,False,distilroberta-base-climate-specificity,Local model,climatebert_multi_20260527T052620Z_aeacec
llm_d2025c2ab9e2,spec,0.612299,False,distilroberta-base-climate-specificity,Local model,climatebert_multi_20260527T052620Z_aeacec
llm_2684c5284abc,spec,0.65712,False,distilroberta-base-climate-specificity,Local model,climatebert_multi_20260527T052620Z_aeacec
llm_064a216b392c,spec,0.606033,False,distilroberta-base-climate-specificity,Local model,climatebert_multi_20260527T052620Z_aeacec
llm_981f47fe583b,spec,0.54314,False,distilroberta-base-climate-specificity,Local model,climatebert_multi_20260527T052620Z_aeacec
llm_186831d6a1e5,spec,0.609083,False,distilroberta-base-climate-specificity,Local model,climatebert_multi_20260527T052620Z_aeacec
llm_a71ecc5b7b55,spec,0.601224,False,distilroberta-base-climate-specificity,Local model,climatebert_multi_20260527T052620Z_aeacec
llm_4f9e8457a9a0,spec,0.534504,False,distilroberta-base-climate-specificity,Local model,climatebert_multi_20260527T052620Z_aeacec
llm_139f2202cd50,non,0.727389,False,distilroberta-base-climate-specificity,Local model,climatebert_multi_20260527T052620Z_aeacec
llm_aaa828b51ac4,non,0.586063,False,distilroberta-base-climate-specificity,Local model,climatebert_multi_20260527T052620Z_aeacec
llm_26e45d612b07,non,0.514415,False,distilroberta-base-climate-specificity,Local model,climatebert_multi_20260527T052620Z_aeacec
llm_c9a632eca150,spec,0.516176,False,distilroberta-base-climate-specificity,Local model,climatebert_multi_20260527T052620Z_aeacec
llm_7f2c0a0aeca2,spec,0.53406,False,distilroberta-base-climate-specificity,Local model,climatebert_multi_20260527T052620Z_aeacec
llm_ada2bd89a683,spec,0.53558,False,distilroberta-base-climate-specificity,Local model,climatebert_multi_20260527T052620Z_aeacec
llm_a39449bb077e,spec,0.520995,False,distilroberta-base-climate-specificity,Local model,climatebert_multi_20260527T052620Z_aeacec
llm_6139b5fb13bf,spec,0.513198,False,distilroberta-base-climate-specificity,Local model,climatebert_multi_20260527T052620Z_aeacec
llm_4bda75fac7fe,spec,0.532393,False,distilroberta-base-climate-specificity,Local model,climatebert_multi_20260527T052620Z_aeacec
llm_e9f39f46b109,spec,0.538796,False,distilroberta-base-climate-specificity,Local model,climatebert_multi_20260527T052620Z_aeacec
llm_c826ac6fa037,spec,0.523075,False,distilroberta-base-climate-specificity,Local model,climatebert_multi_20260527T052620Z_aeacec
llm_4b492e0e17c1,non,0.504358,False,distilroberta-base-climate-specificity,Local model,climatebert_multi_20260527T052620Z_aeacec
llm_84cc8d875ec6,spec,0.545731,False,distilroberta-base-climate-specificity,Local model,climatebert_multi_20260527T052620Z_aeacec
llm_aa54ea8fa315,spec,0.595199,False,distilroberta-base-climate-specificity,Local model,climatebert_multi_20260527T052620Z_aeacec
llm_5bca8d08a022,spec,0.605289,False,distilroberta-base-climate-specificity,Local model,climatebert_multi_20260527T052620Z_aeacec
llm_15093540da53,spec,0.541348,False,distilroberta-base-climate-specificity,Local model,climatebert_multi_20260527T052620Z_aeacec
llm_a0440d82de18,non,0.545653,False,distilroberta-base-climate-specificity,Local model,climatebert_multi_20260527T052620Z_aeacec
llm_2af72614750d,non,0.581234,False,distilroberta-base-climate-specificity,Local model,climatebert_multi_20260527T052620Z_aeacec
llm_643e252c3969,spec,0.594244,False,distilroberta-base-climate-specificity,Local model,climatebert_multi_20260527T052620Z_aeacec
llm_c6771590479a,spec,0.601002,False,distilroberta-base-climate-specificity,Local model,climatebert_multi_20260527T052620Z_aeacec
llm_02c7846dc150,spec,0.54494,False,distilroberta-base-climate-specificity,Local model,climatebert_multi_20260527T052620Z_aeacec
llm_2d9e46c1bbba,spec,0.534504,False,distilroberta-base-climate-specificity,Local model,climatebert_multi_20260527T052620Z_aeacec
llm_5f79748c8d31,spec,0.603952,False,distilroberta-base-climate-specificity,Local model,climatebert_multi_20260527T052620Z_aeacec
llm_7d474ec52274,spec,0.507602,False,distilroberta-base-climate-specificity,Local model,climatebert_multi_20260527T052620Z_aeacec
llm_befd7fee02b2,spec,0.610893,False,distilroberta-base-climate-specificity,Local model,climatebert_multi_20260527T052620Z_aeacec
llm_47cc12d09b31,spec,0.641972,False,distilroberta-base-climate-specificity,Local model,climatebert_multi_20260527T052620Z_aeacec
llm_c59dd47ac311,spec,0.592605,False,distilroberta-base-climate-specificity,Local model,climatebert_multi_20260527T052620Z_aeacec
llm_9afe25fd66cd,spec,0.592454,False,distilroberta-base-climate-specificity,Local model,climatebert_multi_20260527T052620Z_aeacec
llm_67701f8f5384,spec,0.586525,False,distilroberta-base-climate-specificity,Local model,climatebert_multi_20260527T052620Z_aeacec
llm_2c6688cf9957,spec,0.613597,False,distilroberta-base-climate-specificity,Local model,climatebert_multi_20260527T052620Z_aeacec
llm_1a2199db4b5d,spec,0.516772,False,distilroberta-base-climate-specificity,Local model,climatebert_multi_20260527T052620Z_aeacec
llm_df4095fa3982,spec,0.583027,False,distilroberta-base-climate-specificity,Local model,climatebert_multi_20260527T052620Z_aeacec
llm_2853df69a3ff,spec,0.534504,False,distilroberta-base-climate-specificity,Local model,climatebert_multi_20260527T052620Z_aeacec
llm_c4fa73129f50,spec,0.594244,False,distilroberta-base-climate-specificity,Local model,climatebert_multi_20260527T052620Z_aeacec
llm_700ac6656cc6,spec,0.603478,False,distilroberta-base-climate-specificity,Local model,climatebert_multi_20260527T052620Z_aeacec
llm_767e88843f74,spec,0.689415,False,distilroberta-base-climate-specificity,Local model,climatebert_multi_20260527T052620Z_aeacec
llm_c1501b7949a6,spec,0.5445,False,distilroberta-base-climate-specificity,Local model,climatebert_multi_20260527T052620Z_aeacec
llm_93cd0852c1ce,spec,0.507602,False,distilroberta-base-climate-specificity,Local model,climatebert_multi_20260527T052620Z_aeacec
llm_31601293a23c,spec,0.592553,False,distilroberta-base-climate-specificity,Local model,climatebert_multi_20260527T052620Z_aeacec
llm_5782d07a66ba,spec,0.641972,False,distilroberta-base-climate-specificity,Local model,climatebert_multi_20260527T052620Z_aeacec
llm_20d8ba152d97,spec,0.592605,False,distilroberta-base-climate-specificity,Local model,climatebert_multi_20260527T052620Z_aeacec
llm_a1f32d4e7cf4,spec,0.615092,False,distilroberta-base-climate-specificity,Local model,climatebert_multi_20260527T052620Z_aeacec
llm_b146547665b0,spec,0.553244,False,distilroberta-base-climate-specificity,Local model,climatebert_multi_20260527T052620Z_aeacec
llm_0adf3956c3c1,spec,0.57389,False,distilroberta-base-climate-specificity,Local model,climatebert_multi_20260527T052620Z_aeacec
llm_462cfe16fa0d,spec,0.568941,False,distilroberta-base-climate-specificity,Local model,climatebert_multi_20260527T052620Z_aeacec
llm_cbe03ac1f54e,spec,0.553584,False,distilroberta-base-climate-specificity,Local model,climatebert_multi_20260527T052620Z_aeacec
llm_269292ade3ce,spec,0.578789,False,distilroberta-base-climate-specificity,Local model,climatebert_multi_20260527T052620Z_aeacec
llm_5b6b3b87a584,non,0.586063,False,distilroberta-base-climate-specificity,Local model,climatebert_multi_20260527T052620Z_aeacec
llm_426dfcc19667,non,0.514415,False,distilroberta-base-climate-specificity,Local model,climatebert_multi_20260527T052620Z_aeacec
llm_0a9c0af1c144,spec,0.516176,False,distilroberta-base-climate-specificity,Local model,climatebert_multi_20260527T052620Z_aeacec
llm_10be83746400,spec,0.53406,False,distilroberta-base-climate-specificity,Local model,climatebert_multi_20260527T052620Z_aeacec
llm_c99cb960f8d7,spec,0.53558,False,distilroberta-base-climate-specificity,Local model,climatebert_multi_20260527T052620Z_aeacec
llm_deb96e9a5d39,spec,0.527178,False,distilroberta-base-climate-specificity,Local model,climatebert_multi_20260527T052620Z_aeacec
llm_4900b55285c3,spec,0.513198,False,distilroberta-base-climate-specificity,Local model,climatebert_multi_20260527T052620Z_aeacec
llm_99df4f87a164,spec,0.532393,False,distilroberta-base-climate-specificity,Local model,climatebert_multi_20260527T052620Z_aeacec
llm_e633515540ff,spec,0.538796,False,distilroberta-base-climate-specificity,Local model,climatebert_multi_20260527T052620Z_aeacec
llm_1cdce540a45f,spec,0.523075,False,distilroberta-base-climate-specificity,Local model,climatebert_multi_20260527T052620Z_aeacec
llm_fd9b0d4867d9,non,0.504358,False,distilroberta-base-climate-specificity,Local model,climatebert_multi_20260527T052620Z_aeacec
llm_3ce2a7ff2c83,spec,0.532141,False,distilroberta-base-climate-specificity,Local model,climatebert_multi_20260527T052620Z_aeacec
llm_74492eb3589d,non,0.503812,False,distilroberta-base-climate-specificity,Local model,climatebert_multi_20260527T052620Z_aeacec
llm_5d8ac38d9c28,non,0.663374,False,distilroberta-base-climate-specificity,Local model,climatebert_multi_20260527T052620Z_aeacec
llm_f388c63ee09d,spec,0.559973,False,distilroberta-base-climate-specificity,Local model,climatebert_multi_20260527T052620Z_aeacec
llm_0e2703a26011,non,0.542598,False,distilroberta-base-climate-specificity,Local model,climatebert_multi_20260527T052620Z_aeacec
llm_2fececc996ca,non,0.517797,False,distilroberta-base-climate-specificity,Local model,climatebert_multi_20260527T052620Z_aeacec
llm_699e6cd6d49a,spec,0.622677,False,distilroberta-base-climate-specificity,Local model,climatebert_multi_20260527T052620Z_aeacec
llm_301d425f2253,spec,0.543132,False,distilroberta-base-climate-specificity,Local model,climatebert_multi_20260527T052620Z_aeacec
llm_74352422c774,non,0.626673,False,distilroberta-base-climate-specificity,Local model,climatebert_multi_20260527T052620Z_aeacec
llm_bf2a3556bf1e,spec,0.516045,False,distilroberta-base-climate-specificity,Local model,climatebert_multi_20260527T052620Z_aeacec
llm_85458e2d42c9,spec,0.590502,False,distilroberta-base-climate-specificity,Local model,climatebert_multi_20260527T052620Z_aeacec
llm_ea5bd5ea474b,spec,0.574735,False,distilroberta-base-climate-specificity,Local model,climatebert_multi_20260527T052620Z_aeacec
llm_3bad4306a748,spec,0.594031,False,distilroberta-base-climate-specificity,Local model,climatebert_multi_20260527T052620Z_aeacec
llm_122f9077b27e,non,0.57617,False,distilroberta-base-climate-specificity,Local model,climatebert_multi_20260527T052620Z_aeacec
llm_21d5eca575cb,non,0.534161,False,distilroberta-base-climate-specificity,Local model,climatebert_multi_20260527T052620Z_aeacec
llm_f661c7ecc3b5,spec,0.547611,False,distilroberta-base-climate-specificity,Local model,climatebert_multi_20260527T052620Z_aeacec
llm_f689d333a154,spec,0.517782,False,distilroberta-base-climate-specificity,Local model,climatebert_multi_20260527T052620Z_aeacec
llm_ed86cb19851c,spec,0.539052,False,distilroberta-base-climate-specificity,Local model,climatebert_multi_20260527T052620Z_aeacec
llm_aca674bec5c8,non,0.521405,False,distilroberta-base-climate-specificity,Local model,climatebert_multi_20260527T052620Z_aeacec
llm_882061069443,spec,0.512693,False,distilroberta-base-climate-specificity,Local model,climatebert_multi_20260527T052620Z_aeacec
llm_f8a7f4570e6d,spec,0.516482,False,distilroberta-base-climate-specificity,Local model,climatebert_multi_20260527T052620Z_aeacec
llm_b8073421a699,spec,0.540351,False,distilroberta-base-climate-specificity,Local model,climatebert_multi_20260527T052620Z_aeacec
llm_e4bad9d9da7c,non,0.511924,False,distilroberta-base-climate-specificity,Local model,climatebert_multi_20260527T052620Z_aeacec
llm_4fb07d28d711,spec,0.581751,False,distilroberta-base-climate-specificity,Local model,climatebert_multi_20260527T052620Z_aeacec
llm_d5971d2d92c5,spec,0.594244,False,distilroberta-base-climate-specificity,Local model,climatebert_multi_20260527T052620Z_aeacec
llm_51787f4405ae,spec,0.601002,False,distilroberta-base-climate-specificity,Local model,climatebert_multi_20260527T052620Z_aeacec
llm_a5bd647272e1,spec,0.516853,False,distilroberta-base-climate-specificity,Local model,climatebert_multi_20260527T052620Z_aeacec
llm_0aceb3707a67,spec,0.627928,False,distilroberta-base-climate-specificity,Local model,climatebert_multi_20260527T052620Z_aeacec
llm_e545c604f055,spec,0.522162,False,distilroberta-base-climate-specificity,Local model,climatebert_multi_20260527T052620Z_aeacec
llm_4de4fae4f29a,non,0.528173,False,distilroberta-base-climate-specificity,Local model,climatebert_multi_20260527T052620Z_aeacec
llm_8faf3134b7c2,spec,0.502474,False,distilroberta-base-climate-specificity,Local model,climatebert_multi_20260527T052620Z_aeacec
llm_80490ae5176e,non,0.636996,False,distilroberta-base-climate-specificity,Local model,climatebert_multi_20260527T052620Z_aeacec
llm_649f393e12c7,spec,0.547078,False,distilroberta-base-climate-specificity,Local model,climatebert_multi_20260527T052620Z_aeacec
llm_7f678e7587a3,spec,0.568645,False,distilroberta-base-climate-specificity,Local model,climatebert_multi_20260527T052620Z_aeacec
llm_3b87a0615527,spec,0.593115,False,distilroberta-base-climate-specificity,Local model,climatebert_multi_20260527T052620Z_aeacec
llm_7acbd650156b,spec,0.550868,False,distilroberta-base-climate-specificity,Local model,climatebert_multi_20260527T052620Z_aeacec
llm_920c55a07cd7,spec,0.533649,False,distilroberta-base-climate-specificity,Local model,climatebert_multi_20260527T052620Z_aeacec
llm_cd66bdc24996,spec,0.56706,False,distilroberta-base-climate-specificity,Local model,climatebert_multi_20260527T052620Z_aeacec
llm_e0d4ca26b1d0,spec,0.569657,False,distilroberta-base-climate-specificity,Local model,climatebert_multi_20260527T052620Z_aeacec
llm_3fcd45ceaeaf,spec,0.539381,False,distilroberta-base-climate-specificity,Local model,climatebert_multi_20260527T052620Z_aeacec
llm_7bf9bf273e2c,spec,0.532082,False,distilroberta-base-climate-specificity,Local model,climatebert_multi_20260527T052620Z_aeacec
llm_f5b2ab65e443,non,0.682158,False,distilroberta-base-climate-specificity,Local model,climatebert_multi_20260527T052620Z_aeacec
llm_048746ca0ca0,spec,0.548301,False,distilroberta-base-climate-specificity,Local model,climatebert_multi_20260527T052620Z_aeacec
llm_7f3b2ecb8cc3,spec,0.557445,False,distilroberta-base-climate-specificity,Local model,climatebert_multi_20260527T052620Z_aeacec
llm_e427ff238726,spec,0.615092,False,distilroberta-base-climate-specificity,Local model,climatebert_multi_20260527T052620Z_aeacec
llm_c3e9625fdcb8,spec,0.594244,False,distilroberta-base-climate-specificity,Local model,climatebert_multi_20260527T052620Z_aeacec
llm_a3b82b77ad8b,spec,0.647361,False,distilroberta-base-climate-specificity,Local model,climatebert_multi_20260527T052620Z_aeacec
llm_4787c6893853,spec,0.53708,False,distilroberta-base-climate-specificity,Local model,climatebert_multi_20260527T052620Z_aeacec
llm_4b4d3f920c4d,spec,0.508856,False,distilroberta-base-climate-specificity,Local model,climatebert_multi_20260527T052620Z_aeacec
llm_0415834b08c1,spec,0.597223,False,distilroberta-base-climate-specificity,Local model,climatebert_multi_20260527T052620Z_aeacec
llm_e79a9d8a58de,spec,0.607177,False,distilroberta-base-climate-specificity,Local model,climatebert_multi_20260527T052620Z_aeacec
llm_6cefed753dd4,spec,0.700832,False,distilroberta-base-climate-specificity,Local model,climatebert_multi_20260527T052620Z_aeacec
llm_458caddaff49,non,0.517996,False,distilroberta-base-climate-specificity,Local model,climatebert_multi_20260527T052620Z_aeacec
llm_79c13847e527,spec,0.657545,False,distilroberta-base-climate-specificity,Local model,climatebert_multi_20260527T052620Z_aeacec
llm_c8db428a3b7e,non,0.586926,False,distilroberta-base-climate-specificity,Local model,climatebert_multi_20260527T052620Z_aeacec
llm_3d14b70085e2,spec,0.526115,False,distilroberta-base-climate-specificity,Local model,climatebert_multi_20260527T052620Z_aeacec
llm_3c6373486a62,spec,0.610792,False,distilroberta-base-climate-specificity,Local model,climatebert_multi_20260527T052620Z_aeacec
llm_f9c5333a7718,spec,0.529138,False,distilroberta-base-climate-specificity,Local model,climatebert_multi_20260527T052620Z_aeacec
llm_f8480f5ba604,spec,0.58696,False,distilroberta-base-climate-specificity,Local model,climatebert_multi_20260527T052620Z_aeacec
llm_7a6d5d7457ac,spec,0.594278,False,distilroberta-base-climate-specificity,Local model,climatebert_multi_20260527T052620Z_aeacec
llm_838acbbd1fb7,spec,0.765988,False,distilroberta-base-climate-specificity,Local model,climatebert_multi_20260527T052620Z_aeacec
llm_2e48e2212d71,non,0.685428,False,distilroberta-base-climate-specificity,Local model,climatebert_multi_20260527T052620Z_aeacec
llm_d33ec151e575,spec,0.639595,False,distilroberta-base-climate-specificity,Local model,climatebert_multi_20260527T052620Z_aeacec
llm_03cbac0bc4f8,spec,0.6973,False,distilroberta-base-climate-specificity,Local model,climatebert_multi_20260527T052620Z_aeacec
llm_5961cf2dc2e7,spec,0.582928,False,distilroberta-base-climate-specificity,Local model,climatebert_multi_20260527T052620Z_aeacec
llm_daefa901f215,spec,0.680367,False,distilroberta-base-climate-specificity,Local model,climatebert_multi_20260527T052620Z_aeacec
llm_b472a4e97c96,spec,0.714099,False,distilroberta-base-climate-specificity,Local model,climatebert_multi_20260527T052620Z_aeacec
llm_f38e4c258752,spec,0.559945,False,distilroberta-base-climate-specificity,Local model,climatebert_multi_20260527T052620Z_aeacec
llm_e0c26d86dbe3,spec,0.507602,False,distilroberta-base-climate-specificity,Local model,climatebert_multi_20260527T052620Z_aeacec
llm_5c5543741fb5,spec,0.610893,False,distilroberta-base-climate-specificity,Local model,climatebert_multi_20260527T052620Z_aeacec
llm_9f9f3c658c74,spec,0.641972,False,distilroberta-base-climate-specificity,Local model,climatebert_multi_20260527T052620Z_aeacec
llm_bf0e61aec71f,spec,0.592605,False,distilroberta-base-climate-specificity,Local model,climatebert_multi_20260527T052620Z_aeacec
llm_118bb68211ad,spec,0.615092,False,distilroberta-base-climate-specificity,Local model,climatebert_multi_20260527T052620Z_aeacec
llm_a8f72d6f74f0,spec,0.566804,False,distilroberta-base-climate-specificity,Local model,climatebert_multi_20260527T052620Z_aeacec
llm_c00be87163f2,non,0.514415,False,distilroberta-base-climate-specificity,Local model,climatebert_multi_20260527T052620Z_aeacec
llm_ead8d318a774,spec,0.53406,False,distilroberta-base-climate-specificity,Local model,climatebert_multi_20260527T052620Z_aeacec
llm_5aad582e8c43,spec,0.53558,False,distilroberta-base-climate-specificity,Local model,climatebert_multi_20260527T052620Z_aeacec
llm_3939dfb3be79,spec,0.523075,False,distilroberta-base-climate-specificity,Local model,climatebert_multi_20260527T052620Z_aeacec
llm_11ebbfdb18a5,spec,0.593525,False,distilroberta-base-climate-specificity,Local model,climatebert_multi_20260527T052620Z_aeacec
llm_9e325450c9a9,spec,0.578454,False,distilroberta-base-climate-specificity,Local model,climatebert_multi_20260527T052620Z_aeacec
llm_f80a23d7cc81,spec,0.546895,False,distilroberta-base-climate-specificity,Local model,climatebert_multi_20260527T052620Z_aeacec
llm_1d0ae70397f0,spec,0.627074,False,distilroberta-base-climate-specificity,Local model,climatebert_multi_20260527T052620Z_aeacec
llm_995b6de51af3,spec,0.50916,False,distilroberta-base-climate-specificity,Local model,climatebert_multi_20260527T052620Z_aeacec
llm_f034ff525013,spec,0.539361,False,distilroberta-base-climate-specificity,Local model,climatebert_multi_20260527T052620Z_aeacec
llm_26ef358e650a,spec,0.639907,False,distilroberta-base-climate-specificity,Local model,climatebert_multi_20260527T052620Z_aeacec
llm_1e2a5a4776af,non,0.652152,False,distilroberta-base-climate-specificity,Local model,climatebert_multi_20260527T052620Z_aeacec
llm_5c77f58a0c94,spec,0.576145,False,distilroberta-base-climate-specificity,Local model,climatebert_multi_20260527T052620Z_aeacec
llm_840d72ff5856,spec,0.566295,False,distilroberta-base-climate-specificity,Local model,climatebert_multi_20260527T052620Z_aeacec
llm_4cc563186bbe,spec,0.547627,False,distilroberta-base-climate-specificity,Local model,climatebert_multi_20260527T052620Z_aeacec
llm_19644eedbdc8,non,0.548435,False,distilroberta-base-climate-specificity,Local model,climatebert_multi_20260527T052620Z_aeacec
llm_40400000948d,spec,0.587671,False,distilroberta-base-climate-specificity,Local model,climatebert_multi_20260527T052620Z_aeacec
llm_d9031b87e131,spec,0.620046,False,distilroberta-base-climate-specificity,Local model,climatebert_multi_20260527T052620Z_aeacec
llm_b92b3eaf6635,spec,0.584824,False,distilroberta-base-climate-specificity,Local model,climatebert_multi_20260527T052620Z_aeacec
llm_88fd28e767ba,spec,0.597178,False,distilroberta-base-climate-specificity,Local model,climatebert_multi_20260527T052620Z_aeacec
llm_babf655f86b7,non,0.532348,False,distilroberta-base-climate-specificity,Local model,climatebert_multi_20260527T052620Z_aeacec
llm_bea1dc1d93c0,non,0.516542,False,distilroberta-base-climate-specificity,Local model,climatebert_multi_20260527T052620Z_aeacec
llm_4bd3997f7837,non,0.514415,False,distilroberta-base-climate-specificity,Local model,climatebert_multi_20260527T052620Z_aeacec
llm_81d2fd60fe17,non,0.618729,False,distilroberta-base-climate-specificity,Local model,climatebert_multi_20260527T052620Z_aeacec
llm_1787c2dd9437,spec,0.557839,False,distilroberta-base-climate-specificity,Local model,climatebert_multi_20260527T052620Z_aeacec
llm_97ed6d98448f,spec,0.558135,False,distilroberta-base-climate-specificity,Local model,climatebert_multi_20260527T052620Z_aeacec
llm_363ceb07a9a5,spec,0.520995,False,distilroberta-base-climate-specificity,Local model,climatebert_multi_20260527T052620Z_aeacec
llm_c2d88f73cad3,spec,0.513198,False,distilroberta-base-climate-specificity,Local model,climatebert_multi_20260527T052620Z_aeacec
llm_c916cf6d5703,spec,0.532393,False,distilroberta-base-climate-specificity,Local model,climatebert_multi_20260527T052620Z_aeacec
llm_b8fd45fc456e,spec,0.538796,False,distilroberta-base-climate-specificity,Local model,climatebert_multi_20260527T052620Z_aeacec
llm_50dba7345cfd,spec,0.523075,False,distilroberta-base-climate-specificity,Local model,climatebert_multi_20260527T052620Z_aeacec
llm_d360385b3264,spec,0.517892,False,distilroberta-base-climate-specificity,Local model,climatebert_multi_20260527T052620Z_aeacec
llm_185311a62ec9,spec,0.555862,False,distilroberta-base-climate-specificity,Local model,climatebert_multi_20260527T052620Z_aeacec
llm_c6a95c096da2,spec,0.566275,False,distilroberta-base-climate-specificity,Local model,climatebert_multi_20260527T052620Z_aeacec
llm_c4057566136d,non,0.516481,False,distilroberta-base-climate-specificity,Local model,climatebert_multi_20260527T052620Z_aeacec
llm_282cf0182362,spec,0.579708,False,distilroberta-base-climate-specificity,Local model,climatebert_multi_20260527T052620Z_aeacec
llm_2c717685828c,spec,0.501447,False,distilroberta-base-climate-specificity,Local model,climatebert_multi_20260527T052620Z_aeacec
llm_ab3ac2ad84ba,spec,0.52599,False,distilroberta-base-climate-specificity,Local model,climatebert_multi_20260527T052620Z_aeacec
llm_faa87a11b7cd,spec,0.535899,False,distilroberta-base-climate-specificity,Local model,climatebert_multi_20260527T052620Z_aeacec
llm_7fcbce14392b,spec,0.594244,False,distilroberta-base-climate-specificity,Local model,climatebert_multi_20260527T052620Z_aeacec
llm_36bab8bf12cb,spec,0.609083,False,distilroberta-base-climate-specificity,Local model,climatebert_multi_20260527T052620Z_aeacec
llm_63e75f6db83d,spec,0.635261,False,distilroberta-base-climate-specificity,Local model,climatebert_multi_20260527T052620Z_aeacec
llm_a3edce9bcc7e,spec,0.537576,False,distilroberta-base-climate-specificity,Local model,climatebert_multi_20260527T052620Z_aeacec
llm_0a1a45f0b32a,spec,0.619937,False,distilroberta-base-climate-specificity,Local model,climatebert_multi_20260527T052620Z_aeacec
llm_04bb990862ee,spec,0.593525,False,distilroberta-base-climate-specificity,Local model,climatebert_multi_20260527T052620Z_aeacec
llm_83eb90424a72,spec,0.578454,False,distilroberta-base-climate-specificity,Local model,climatebert_multi_20260527T052620Z_aeacec
llm_e925f67ba743,spec,0.622257,False,distilroberta-base-climate-specificity,Local model,climatebert_multi_20260527T052620Z_aeacec
llm_832fb1575548,spec,0.50916,False,distilroberta-base-climate-specificity,Local model,climatebert_multi_20260527T052620Z_aeacec
llm_97f4e392a918,spec,0.539361,False,distilroberta-base-climate-specificity,Local model,climatebert_multi_20260527T052620Z_aeacec
llm_64246af6d8e4,non,0.652152,False,distilroberta-base-climate-specificity,Local model,climatebert_multi_20260527T052620Z_aeacec
llm_53884536cf43,spec,0.613199,False,distilroberta-base-climate-specificity,Local model,climatebert_multi_20260527T052620Z_aeacec
llm_838ea897f76b,spec,0.602237,False,distilroberta-base-climate-specificity,Local model,climatebert_multi_20260527T052620Z_aeacec
llm_c52d56287181,spec,0.892468,False,distilroberta-base-climate-specificity,Local model,climatebert_multi_20260527T052620Z_aeacec
llm_7836cf6d4b5b,spec,0.601547,False,distilroberta-base-climate-specificity,Local model,climatebert_multi_20260527T052620Z_aeacec
llm_e0c92c709e67,spec,0.57567,False,distilroberta-base-climate-specificity,Local model,climatebert_multi_20260527T052620Z_aeacec
llm_f9d31c4fa6bc,spec,0.601224,False,distilroberta-base-climate-specificity,Local model,climatebert_multi_20260527T052620Z_aeacec
llm_57b893e09b5d,spec,0.534504,False,distilroberta-base-climate-specificity,Local model,climatebert_multi_20260527T052620Z_aeacec
llm_6a1b59558aba,spec,0.54314,False,distilroberta-base-climate-specificity,Local model,climatebert_multi_20260527T052620Z_aeacec
llm_2bfd64156ba8,non,0.504336,False,distilroberta-base-climate-specificity,Local model,climatebert_multi_20260527T052620Z_aeacec
llm_f20b5f85e903,spec,0.594244,False,distilroberta-base-climate-specificity,Local model,climatebert_multi_20260527T052620Z_aeacec
llm_c6baf505175b,spec,0.609083,False,distilroberta-base-climate-specificity,Local model,climatebert_multi_20260527T052620Z_aeacec
llm_bbaf42ad98a2,spec,0.545519,False,distilroberta-base-climate-specificity,Local model,climatebert_multi_20260527T052620Z_aeacec
llm_ce5d9e431cbb,non,0.666699,False,distilroberta-base-climate-specificity,Local model,climatebert_multi_20260527T052620Z_aeacec
llm_c4cce7033c91,spec,0.56421,False,distilroberta-base-climate-specificity,Local model,climatebert_multi_20260527T052620Z_aeacec
llm_fe725c3c4429,spec,0.622254,False,distilroberta-base-climate-specificity,Local model,climatebert_multi_20260527T052620Z_aeacec
llm_b60aed243352,spec,0.832368,False,distilroberta-base-climate-specificity,Local model,climatebert_multi_20260527T052620Z_aeacec
llm_51f022cda034,spec,0.690378,False,distilroberta-base-climate-specificity,Local model,climatebert_multi_20260527T052620Z_aeacec
llm_748e8c73f7fb,non,0.586063,False,distilroberta-base-climate-specificity,Local model,climatebert_multi_20260527T052620Z_aeacec
llm_f5695c30dc6d,non,0.514415,False,distilroberta-base-climate-specificity,Local model,climatebert_multi_20260527T052620Z_aeacec
llm_e51418d09fe0,non,0.618729,False,distilroberta-base-climate-specificity,Local model,climatebert_multi_20260527T052620Z_aeacec
llm_dd69d1305726,spec,0.53406,False,distilroberta-base-climate-specificity,Local model,climatebert_multi_20260527T052620Z_aeacec
llm_66a8a4e01d5f,spec,0.53558,False,distilroberta-base-climate-specificity,Local model,climatebert_multi_20260527T052620Z_aeacec
llm_6b8d9c5a9ddc,spec,0.520995,False,distilroberta-base-climate-specificity,Local model,climatebert_multi_20260527T052620Z_aeacec
llm_a16b48317035,spec,0.513198,False,distilroberta-base-climate-specificity,Local model,climatebert_multi_20260527T052620Z_aeacec
llm_52e629a6b317,spec,0.532393,False,distilroberta-base-climate-specificity,Local model,climatebert_multi_20260527T052620Z_aeacec
llm_4756c928558a,spec,0.538796,False,distilroberta-base-climate-specificity,Local model,climatebert_multi_20260527T052620Z_aeacec
llm_9d61cb302526,spec,0.523075,False,distilroberta-base-climate-specificity,Local model,climatebert_multi_20260527T052620Z_aeacec
llm_e90beff8e8d3,non,0.504358,False,distilroberta-base-climate-specificity,Local model,climatebert_multi_20260527T052620Z_aeacec
llm_5827b09065a6,spec,0.523503,False,distilroberta-base-climate-specificity,Local model,climatebert_multi_20260527T052620Z_aeacec
llm_93bd31f37806,non,0.51481,False,distilroberta-base-climate-specificity,Local model,climatebert_multi_20260527T052620Z_aeacec
llm_1ed0a5abea34,non,0.672481,False,distilroberta-base-climate-specificity,Local model,climatebert_multi_20260527T052620Z_aeacec
llm_7eb6a6e84c17,non,0.584845,False,distilroberta-base-climate-specificity,Local model,climatebert_multi_20260527T052620Z_aeacec
llm_2552447748eb,non,0.543926,False,distilroberta-base-climate-specificity,Local model,climatebert_multi_20260527T052620Z_aeacec
llm_098f3b3dc7a0,non,0.522956,False,distilroberta-base-climate-specificity,Local model,climatebert_multi_20260527T052620Z_aeacec
llm_67e38ae12766,non,0.649104,False,distilroberta-base-climate-specificity,Local model,climatebert_multi_20260527T052620Z_aeacec
llm_ab6e514cc468,non,0.702317,False,distilroberta-base-climate-specificity,Local model,climatebert_multi_20260527T052620Z_aeacec
llm_7d9693e9a2ef,spec,0.614644,False,distilroberta-base-climate-specificity,Local model,climatebert_multi_20260527T052620Z_aeacec
llm_28b26c453e05,spec,0.700832,False,distilroberta-base-climate-specificity,Local model,climatebert_multi_20260527T052620Z_aeacec
llm_e6ff252d43d5,spec,0.53837,False,distilroberta-base-climate-specificity,Local model,climatebert_multi_20260527T052620Z_aeacec
llm_99b52ab4ec3b,spec,0.614312,False,distilroberta-base-climate-specificity,Local model,climatebert_multi_20260527T052620Z_aeacec
llm_e8ded9930a50,spec,0.670455,False,distilroberta-base-climate-specificity,Local model,climatebert_multi_20260527T052620Z_aeacec
llm_4a569e4648e5,spec,0.623676,False,distilroberta-base-climate-specificity,Local model,climatebert_multi_20260527T052620Z_aeacec
llm_1ec05a98018a,non,0.876907,False,distilroberta-base-climate-specificity,Local model,climatebert_multi_20260527T052620Z_aeacec
llm_752f36c05e89,spec,0.79161,False,distilroberta-base-climate-specificity,Local model,climatebert_multi_20260527T052620Z_aeacec
llm_35f0e9c1095b,spec,0.522929,False,distilroberta-base-climate-specificity,Local model,climatebert_multi_20260527T052620Z_aeacec
llm_ad1b1603c0a2,non,0.921043,False,distilroberta-base-climate-specificity,Local model,climatebert_multi_20260527T052620Z_aeacec
llm_f3489786267b,spec,0.900472,False,distilroberta-base-climate-specificity,Local model,climatebert_multi_20260527T052620Z_aeacec
llm_ff81736ef6ac,non,0.912113,False,distilroberta-base-climate-specificity,Local model,climatebert_multi_20260527T052620Z_aeacec
llm_aa80ce168152,non,0.534447,False,distilroberta-base-climate-specificity,Local model,climatebert_multi_20260527T052620Z_aeacec
llm_f4a6a3bdce05,spec,0.796123,False,distilroberta-base-climate-specificity,Local model,climatebert_multi_20260527T052620Z_aeacec
llm_303654c528b9,spec,0.666673,False,distilroberta-base-climate-specificity,Local model,climatebert_multi_20260527T052620Z_aeacec
llm_aa464d017a86,spec,0.546955,False,distilroberta-base-climate-specificity,Local model,climatebert_multi_20260527T052620Z_aeacec
llm_deae9bfcdc04,spec,0.596292,False,distilroberta-base-climate-specificity,Local model,climatebert_multi_20260527T052620Z_aeacec
llm_7d694f7db15d,spec,0.572429,False,distilroberta-base-climate-specificity,Local model,climatebert_multi_20260527T052620Z_aeacec
llm_44f7c40e0758,spec,0.66619,False,distilroberta-base-climate-specificity,Local model,climatebert_multi_20260527T052620Z_aeacec
llm_984b5ca471c5,spec,0.744617,False,distilroberta-base-climate-specificity,Local model,climatebert_multi_20260527T052620Z_aeacec
llm_c59f543b520c,spec,0.606248,False,distilroberta-base-climate-specificity,Local model,climatebert_multi_20260527T052620Z_aeacec
llm_5796d3e45220,spec,0.623426,False,distilroberta-base-climate-specificity,Local model,climatebert_multi_20260527T052620Z_aeacec
llm_f492982f6c77,spec,0.777652,False,distilroberta-base-climate-specificity,Local model,climatebert_multi_20260527T052620Z_aeacec
llm_01da3d0d48f6,spec,0.601093,False,distilroberta-base-climate-specificity,Local model,climatebert_multi_20260527T052620Z_aeacec
llm_df349043aa8d,spec,0.593525,False,distilroberta-base-climate-specificity,Local model,climatebert_multi_20260527T052620Z_aeacec
llm_13fb9370ea6d,spec,0.578454,False,distilroberta-base-climate-specificity,Local model,climatebert_multi_20260527T052620Z_aeacec
llm_94e36f75b436,spec,0.546895,False,distilroberta-base-climate-specificity,Local model,climatebert_multi_20260527T052620Z_aeacec
llm_b677d7432180,spec,0.622257,False,distilroberta-base-climate-specificity,Local model,climatebert_multi_20260527T052620Z_aeacec
llm_f6f476b87c04,spec,0.50916,False,distilroberta-base-climate-specificity,Local model,climatebert_multi_20260527T052620Z_aeacec
llm_3e3e36523262,spec,0.539361,False,distilroberta-base-climate-specificity,Local model,climatebert_multi_20260527T052620Z_aeacec
llm_d9381f029cbc,spec,0.639907,False,distilroberta-base-climate-specificity,Local model,climatebert_multi_20260527T052620Z_aeacec
llm_cf31a540d772,non,0.652152,False,distilroberta-base-climate-specificity,Local model,climatebert_multi_20260527T052620Z_aeacec
llm_9a954461c9ad,spec,0.576145,False,distilroberta-base-climate-specificity,Local model,climatebert_multi_20260527T052620Z_aeacec
llm_8ee39f3ff16d,spec,0.605775,False,distilroberta-base-climate-specificity,Local model,climatebert_multi_20260527T052620Z_aeacec
llm_10f1aaa8fc2e,spec,0.601224,False,distilroberta-base-climate-specificity,Local model,climatebert_multi_20260527T052620Z_aeacec
llm_3a0669e8b2c1,spec,0.534504,False,distilroberta-base-climate-specificity,Local model,climatebert_multi_20260527T052620Z_aeacec
llm_5d38e628ddbd,spec,0.594244,False,distilroberta-base-climate-specificity,Local model,climatebert_multi_20260527T052620Z_aeacec
llm_c23d88e25db3,spec,0.609083,False,distilroberta-base-climate-specificity,Local model,climatebert_multi_20260527T052620Z_aeacec
llm_9ae5780c0145,spec,0.70915,False,distilroberta-base-climate-specificity,Local model,climatebert_multi_20260527T052620Z_aeacec
llm_8f69906a4521,spec,0.581417,False,distilroberta-base-climate-specificity,Local model,climatebert_multi_20260527T052620Z_aeacec
llm_bc38b4316129,non,0.516542,False,distilroberta-base-climate-specificity,Local model,climatebert_multi_20260527T052620Z_aeacec
llm_7f2d38329216,non,0.546358,False,distilroberta-base-climate-specificity,Local model,climatebert_multi_20260527T052620Z_aeacec
llm_d1b49560065e,spec,0.557839,False,distilroberta-base-climate-specificity,Local model,climatebert_multi_20260527T052620Z_aeacec
llm_5ec37e02a527,spec,0.579485,False,distilroberta-base-climate-specificity,Local model,climatebert_multi_20260527T052620Z_aeacec
llm_ff856aa02652,spec,0.520995,False,distilroberta-base-climate-specificity,Local model,climatebert_multi_20260527T052620Z_aeacec
llm_2fa59132cef6,spec,0.513198,False,distilroberta-base-climate-specificity,Local model,climatebert_multi_20260527T052620Z_aeacec
llm_dc681bbabce9,spec,0.593059,False,distilroberta-base-climate-specificity,Local model,climatebert_multi_20260527T052620Z_aeacec
llm_4c5398a7cbb2,spec,0.538796,False,distilroberta-base-climate-specificity,Local model,climatebert_multi_20260527T052620Z_aeacec
llm_18523df03212,spec,0.523075,False,distilroberta-base-climate-specificity,Local model,climatebert_multi_20260527T052620Z_aeacec
llm_a035cdff5989,spec,0.517892,False,distilroberta-base-climate-specificity,Local model,climatebert_multi_20260527T052620Z_aeacec
llm_57cfa58963c6,spec,0.523578,False,distilroberta-base-climate-specificity,Local model,climatebert_multi_20260527T052620Z_aeacec
llm_4a2ef6274d7d,spec,0.547317,False,distilroberta-base-climate-specificity,Local model,climatebert_multi_20260527T052620Z_aeacec
llm_29308258e41f,spec,0.767,False,distilroberta-base-climate-specificity,Local model,climatebert_multi_20260527T052620Z_aeacec
llm_fbd0db4ef047,spec,0.766005,False,distilroberta-base-climate-specificity,Local model,climatebert_multi_20260527T052620Z_aeacec
llm_de2e7bd4539d,spec,0.547635,False,distilroberta-base-climate-specificity,Local model,climatebert_multi_20260527T052620Z_aeacec
llm_8983c0ea75b8,spec,0.727239,False,distilroberta-base-climate-specificity,Local model,climatebert_multi_20260527T052620Z_aeacec
llm_f30c54ee21ed,spec,0.655857,False,distilroberta-base-climate-specificity,Local model,climatebert_multi_20260527T052620Z_aeacec
llm_9c15f33e29de,spec,0.76882,False,distilroberta-base-climate-specificity,Local model,climatebert_multi_20260527T052620Z_aeacec
llm_77d5f9d0d8c0,spec,0.658658,False,distilroberta-base-climate-specificity,Local model,climatebert_multi_20260527T052620Z_aeacec
llm_69ce08287111,spec,0.655009,False,distilroberta-base-climate-specificity,Local model,climatebert_multi_20260527T052620Z_aeacec
llm_ab2d42caa2d1,spec,0.592605,False,distilroberta-base-climate-specificity,Local model,climatebert_multi_20260527T052620Z_aeacec
llm_25aa01a97a3b,spec,0.507602,False,distilroberta-base-climate-specificity,Local model,climatebert_multi_20260527T052620Z_aeacec
llm_17139425cb9c,spec,0.610893,False,distilroberta-base-climate-specificity,Local model,climatebert_multi_20260527T052620Z_aeacec
llm_cd3ae002bf6f,spec,0.615092,False,distilroberta-base-climate-specificity,Local model,climatebert_multi_20260527T052620Z_aeacec
llm_3d9b1613542c,spec,0.614644,False,distilroberta-base-climate-specificity,Local model,climatebert_multi_20260527T052620Z_aeacec
llm_df82babe2f7e,spec,0.668801,False,distilroberta-base-climate-specificity,Local model,climatebert_multi_20260527T052620Z_aeacec
llm_9604270aa3fd,spec,0.657545,False,distilroberta-base-climate-specificity,Local model,climatebert_multi_20260527T052620Z_aeacec
llm_7d81245867d5,non,0.586926,False,distilroberta-base-climate-specificity,Local model,climatebert_multi_20260527T052620Z_aeacec
llm_a7c4dab5d30e,spec,0.526115,False,distilroberta-base-climate-specificity,Local model,climatebert_multi_20260527T052620Z_aeacec
llm_5493fedc5cb6,spec,0.547466,False,distilroberta-base-climate-specificity,Local model,climatebert_multi_20260527T052620Z_aeacec
llm_9085fe8f0df1,spec,0.560187,False,distilroberta-base-climate-specificity,Local model,climatebert_multi_20260527T052620Z_aeacec
llm_9f6d66c3d3f2,spec,0.523599,False,distilroberta-base-climate-specificity,Local model,climatebert_multi_20260527T052620Z_aeacec
llm_62dc364b578d,non,0.576946,False,distilroberta-base-climate-specificity,Local model,climatebert_multi_20260527T052620Z_aeacec
llm_653ce473ceb7,spec,0.51466,False,distilroberta-base-climate-specificity,Local model,climatebert_multi_20260527T052620Z_aeacec
llm_fabdc8936337,non,0.509642,False,distilroberta-base-climate-specificity,Local model,climatebert_multi_20260527T052620Z_aeacec
llm_a87a81cb3385,non,0.545833,False,distilroberta-base-climate-specificity,Local model,climatebert_multi_20260527T052620Z_aeacec
llm_e3060563ad60,spec,0.501867,False,distilroberta-base-climate-specificity,Local model,climatebert_multi_20260527T052620Z_aeacec
llm_f5a1b7f191a6,spec,0.538255,False,distilroberta-base-climate-specificity,Local model,climatebert_multi_20260527T052620Z_aeacec
llm_735c86df65ee,non,0.519248,False,distilroberta-base-climate-specificity,Local model,climatebert_multi_20260527T052620Z_aeacec
llm_3d03eb7b031a,non,0.533406,False,distilroberta-base-climate-specificity,Local model,climatebert_multi_20260527T052620Z_aeacec
llm_f71f704d25f0,spec,0.633897,False,distilroberta-base-climate-specificity,Local model,climatebert_multi_20260527T052620Z_aeacec
llm_9da14ad1c154,non,0.515911,False,distilroberta-base-climate-specificity,Local model,climatebert_multi_20260527T052620Z_aeacec
llm_0ce13d697164,non,0.524986,False,distilroberta-base-climate-specificity,Local model,climatebert_multi_20260527T052620Z_aeacec
llm_3b2f26a12400,non,0.562384,False,distilroberta-base-climate-specificity,Local model,climatebert_multi_20260527T052620Z_aeacec
llm_7fb1719f50e5,non,0.56031,False,distilroberta-base-climate-specificity,Local model,climatebert_multi_20260527T052620Z_aeacec
llm_73133a094357,non,0.513063,False,distilroberta-base-climate-specificity,Local model,climatebert_multi_20260527T052620Z_aeacec
llm_eb2ff36dffcb,non,0.531754,False,distilroberta-base-climate-specificity,Local model,climatebert_multi_20260527T052620Z_aeacec
llm_79d19d89e734,spec,0.594244,False,distilroberta-base-climate-specificity,Local model,climatebert_multi_20260527T052620Z_aeacec
llm_e63233d67216,non,0.507247,False,distilroberta-base-climate-specificity,Local model,climatebert_multi_20260527T052620Z_aeacec
llm_1c838d2ff602,spec,0.562918,False,distilroberta-base-climate-specificity,Local model,climatebert_multi_20260527T052620Z_aeacec
llm_f9334c20180f,spec,0.604308,False,distilroberta-base-climate-specificity,Local model,climatebert_multi_20260527T052620Z_aeacec
llm_03f73e75a293,spec,0.579693,False,distilroberta-base-climate-specificity,Local model,climatebert_multi_20260527T052620Z_aeacec
llm_b9310063224d,spec,0.639661,False,distilroberta-base-climate-specificity,Local model,climatebert_multi_20260527T052620Z_aeacec
llm_57d23fce67af,spec,0.578454,False,distilroberta-base-climate-specificity,Local model,climatebert_multi_20260527T052620Z_aeacec
llm_c13f541d67ce,spec,0.546895,False,distilroberta-base-climate-specificity,Local model,climatebert_multi_20260527T052620Z_aeacec
llm_f79195cfcba0,spec,0.570599,False,distilroberta-base-climate-specificity,Local model,climatebert_multi_20260527T052620Z_aeacec
llm_9bd149394554,spec,0.622257,False,distilroberta-base-climate-specificity,Local model,climatebert_multi_20260527T052620Z_aeacec
llm_f26b4953c588,spec,0.50916,False,distilroberta-base-climate-specificity,Local model,climatebert_multi_20260527T052620Z_aeacec
llm_0f9c9ec3701d,spec,0.539361,False,distilroberta-base-climate-specificity,Local model,climatebert_multi_20260527T052620Z_aeacec
llm_a3ff0d654792,spec,0.639907,False,distilroberta-base-climate-specificity,Local model,climatebert_multi_20260527T052620Z_aeacec
llm_99a66061a0d3,non,0.652152,False,distilroberta-base-climate-specificity,Local model,climatebert_multi_20260527T052620Z_aeacec
llm_280a2a194c6b,spec,0.576145,False,distilroberta-base-climate-specificity,Local model,climatebert_multi_20260527T052620Z_aeacec
llm_1511611d6457,spec,0.605775,False,distilroberta-base-climate-specificity,Local model,climatebert_multi_20260527T052620Z_aeacec
llm_06f89e0a668d,spec,0.629069,False,distilroberta-base-climate-specificity,Local model,climatebert_multi_20260527T052620Z_aeacec
llm_9308165216d4,spec,0.566295,False,distilroberta-base-climate-specificity,Local model,climatebert_multi_20260527T052620Z_aeacec
llm_5550af01eb86,spec,0.690249,False,distilroberta-base-climate-specificity,Local model,climatebert_multi_20260527T052620Z_aeacec
llm_4635580d54e4,spec,0.594244,False,distilroberta-base-climate-specificity,Local model,climatebert_multi_20260527T052620Z_aeacec
llm_cef227686345,spec,0.601002,False,distilroberta-base-climate-specificity,Local model,climatebert_multi_20260527T052620Z_aeacec
llm_d8063b955335,spec,0.577143,False,distilroberta-base-climate-specificity,Local model,climatebert_multi_20260527T052620Z_aeacec
llm_8c96f946fd84,non,0.727389,False,distilroberta-base-climate-specificity,Local model,climatebert_multi_20260527T052620Z_aeacec
llm_138d8e763411,spec,0.534504,False,distilroberta-base-climate-specificity,Local model,climatebert_multi_20260527T052620Z_aeacec
llm_01eff06fad42,spec,0.706873,False,distilroberta-base-climate-specificity,Local model,climatebert_multi_20260527T052620Z_aeacec
llm_138cf01ce1f1,spec,0.655857,False,distilroberta-base-climate-specificity,Local model,climatebert_multi_20260527T052620Z_aeacec
llm_8234c085881f,spec,0.572422,False,distilroberta-base-climate-specificity,Local model,climatebert_multi_20260527T052620Z_aeacec
llm_3b876befb9d5,spec,0.61957,False,distilroberta-base-climate-specificity,Local model,climatebert_multi_20260527T052620Z_aeacec
llm_5d72825b5ef4,non,0.566713,False,distilroberta-base-climate-specificity,Local model,climatebert_multi_20260527T052620Z_aeacec
llm_7d5ae38057d6,spec,0.65663,False,distilroberta-base-climate-specificity,Local model,climatebert_multi_20260527T052620Z_aeacec
llm_44ad6f0a349c,spec,0.692457,False,distilroberta-base-climate-specificity,Local model,climatebert_multi_20260527T052620Z_aeacec
llm_56c215a6829b,spec,0.50431,False,distilroberta-base-climate-specificity,Local model,climatebert_multi_20260527T052620Z_aeacec
llm_b1fd230ebc12,spec,0.519518,False,distilroberta-base-climate-specificity,Local model,climatebert_multi_20260527T052620Z_aeacec
llm_19c105551fff,spec,0.611158,False,distilroberta-base-climate-specificity,Local model,climatebert_multi_20260527T052620Z_aeacec
llm_c68f94cf8423,spec,0.51177,False,distilroberta-base-climate-specificity,Local model,climatebert_multi_20260527T052620Z_aeacec
llm_b60c3c269340,spec,0.513198,False,distilroberta-base-climate-specificity,Local model,climatebert_multi_20260527T052620Z_aeacec
llm_d19795a74b60,spec,0.532393,False,distilroberta-base-climate-specificity,Local model,climatebert_multi_20260527T052620Z_aeacec
llm_fdef319d7293,spec,0.551038,False,distilroberta-base-climate-specificity,Local model,climatebert_multi_20260527T052620Z_aeacec
llm_4dbcb1eadee4,spec,0.537723,False,distilroberta-base-climate-specificity,Local model,climatebert_multi_20260527T052620Z_aeacec
llm_128bc53ca4ee,spec,0.523075,False,distilroberta-base-climate-specificity,Local model,climatebert_multi_20260527T052620Z_aeacec
llm_787e9fa6682f,non,0.504358,False,distilroberta-base-climate-specificity,Local model,climatebert_multi_20260527T052620Z_aeacec
llm_f07d0f0d9014,non,0.675582,False,distilroberta-base-climate-specificity,Local model,climatebert_multi_20260527T052620Z_aeacec
llm_146444e087bc,non,0.514415,False,distilroberta-base-climate-specificity,Local model,climatebert_multi_20260527T052620Z_aeacec
llm_6f4653903a4a,non,0.618729,False,distilroberta-base-climate-specificity,Local model,climatebert_multi_20260527T052620Z_aeacec
llm_4ce92530be4c,spec,0.53406,False,distilroberta-base-climate-specificity,Local model,climatebert_multi_20260527T052620Z_aeacec
llm_5cddf4801932,spec,0.53558,False,distilroberta-base-climate-specificity,Local model,climatebert_multi_20260527T052620Z_aeacec
llm_82f0d8fbae5e,spec,0.57149,False,distilroberta-base-climate-specificity,Local model,climatebert_multi_20260527T052620Z_aeacec
llm_009a4693406d,spec,0.562226,False,distilroberta-base-climate-specificity,Local model,climatebert_multi_20260527T052620Z_aeacec
llm_a111b6ad631d,spec,0.609823,False,distilroberta-base-climate-specificity,Local model,climatebert_multi_20260527T052620Z_aeacec
llm_a7a6e43df3a9,spec,0.700832,False,distilroberta-base-climate-specificity,Local model,climatebert_multi_20260527T052620Z_aeacec
llm_11d5df75fe27,spec,0.53837,False,distilroberta-base-climate-specificity,Local model,climatebert_multi_20260527T052620Z_aeacec
llm_216b2ea3ce0e,spec,0.610792,False,distilroberta-base-climate-specificity,Local model,climatebert_multi_20260527T052620Z_aeacec
llm_e810437641a0,spec,0.670455,False,distilroberta-base-climate-specificity,Local model,climatebert_multi_20260527T052620Z_aeacec
llm_fd8a4ca233a5,spec,0.623676,False,distilroberta-base-climate-specificity,Local model,climatebert_multi_20260527T052620Z_aeacec
llm_db7aad7ca9fb,non,0.517996,False,distilroberta-base-climate-specificity,Local model,climatebert_multi_20260527T052620Z_aeacec
llm_cbd6bee479cc,spec,0.647771,False,distilroberta-base-climate-specificity,Local model,climatebert_multi_20260527T052620Z_aeacec
llm_aa66919cb40e,non,0.578278,False,distilroberta-base-climate-specificity,Local model,climatebert_multi_20260527T052620Z_aeacec
llm_e81deb11751f,spec,0.529454,False,distilroberta-base-climate-specificity,Local model,climatebert_multi_20260527T052620Z_aeacec
llm_23cf91ec77a5,non,0.527441,False,distilroberta-base-climate-specificity,Local model,climatebert_multi_20260527T052620Z_aeacec
llm_4ac662a3e01f,spec,0.511945,False,distilroberta-base-climate-specificity,Local model,climatebert_multi_20260527T052620Z_aeacec
llm_bd57b5e279c3,non,0.598983,False,distilroberta-base-climate-specificity,Local model,climatebert_multi_20260527T052620Z_aeacec
llm_e36cafef4c03,non,0.562384,False,distilroberta-base-climate-specificity,Local model,climatebert_multi_20260527T052620Z_aeacec
llm_c77ecf9ba2b7,non,0.56031,False,distilroberta-base-climate-specificity,Local model,climatebert_multi_20260527T052620Z_aeacec
llm_579cb2c6b95f,non,0.513063,False,distilroberta-base-climate-specificity,Local model,climatebert_multi_20260527T052620Z_aeacec
llm_a05a94e7fb9b,non,0.531754,False,distilroberta-base-climate-specificity,Local model,climatebert_multi_20260527T052620Z_aeacec
llm_202e2f326e05,spec,0.51466,False,distilroberta-base-climate-specificity,Local model,climatebert_multi_20260527T052620Z_aeacec
llm_34dff94303b1,non,0.576946,False,distilroberta-base-climate-specificity,Local model,climatebert_multi_20260527T052620Z_aeacec
llm_0066ecab44df,spec,0.501867,False,distilroberta-base-climate-specificity,Local model,climatebert_multi_20260527T052620Z_aeacec
llm_283ac11f7b04,spec,0.538255,False,distilroberta-base-climate-specificity,Local model,climatebert_multi_20260527T052620Z_aeacec
llm_0a8f96fc0495,non,0.545833,False,distilroberta-base-climate-specificity,Local model,climatebert_multi_20260527T052620Z_aeacec
llm_ed79d179ad62,non,0.509642,False,distilroberta-base-climate-specificity,Local model,climatebert_multi_20260527T052620Z_aeacec
llm_95afffe6e961,spec,0.504547,False,distilroberta-base-climate-specificity,Local model,climatebert_multi_20260527T052620Z_aeacec
llm_d310355ae2ef,spec,0.541571,False,distilroberta-base-climate-specificity,Local model,climatebert_multi_20260527T052620Z_aeacec
llm_5e7c5098f635,non,0.519248,False,distilroberta-base-climate-specificity,Local model,climatebert_multi_20260527T052620Z_aeacec
llm_44de95417823,non,0.533406,False,distilroberta-base-climate-specificity,Local model,climatebert_multi_20260527T052620Z_aeacec
llm_8c83a66a2d5b,spec,0.875865,False,distilroberta-base-climate-specificity,Local model,climatebert_multi_20260527T052620Z_aeacec
llm_31680a53979c,spec,0.862558,False,distilroberta-base-climate-specificity,Local model,climatebert_multi_20260527T052620Z_aeacec
llm_178dc4d174d6,spec,0.89625,False,distilroberta-base-climate-specificity,Local model,climatebert_multi_20260527T052620Z_aeacec
llm_66c33df79e75,spec,0.754553,False,distilroberta-base-climate-specificity,Local model,climatebert_multi_20260527T052620Z_aeacec
llm_7da6d6e10cb2,spec,0.710746,False,distilroberta-base-climate-specificity,Local model,climatebert_multi_20260527T052620Z_aeacec
llm_cc3d3be2ca8a,spec,0.579693,False,distilroberta-base-climate-specificity,Local model,climatebert_multi_20260527T052620Z_aeacec
llm_fdfb847ff4d9,spec,0.639661,False,distilroberta-base-climate-specificity,Local model,climatebert_multi_20260527T052620Z_aeacec
llm_4c87d2e0776b,spec,0.578454,False,distilroberta-base-climate-specificity,Local model,climatebert_multi_20260527T052620Z_aeacec
llm_2e9004ec6a1f,spec,0.546895,False,distilroberta-base-climate-specificity,Local model,climatebert_multi_20260527T052620Z_aeacec
llm_d3af1e0f238f,spec,0.622257,False,distilroberta-base-climate-specificity,Local model,climatebert_multi_20260527T052620Z_aeacec
llm_ce8af640b635,spec,0.50916,False,distilroberta-base-climate-specificity,Local model,climatebert_multi_20260527T052620Z_aeacec
llm_d64a522228d7,spec,0.539361,False,distilroberta-base-climate-specificity,Local model,climatebert_multi_20260527T052620Z_aeacec
llm_d4655ec0d2c2,spec,0.639907,False,distilroberta-base-climate-specificity,Local model,climatebert_multi_20260527T052620Z_aeacec
llm_6efa562c4b8a,non,0.652152,False,distilroberta-base-climate-specificity,Local model,climatebert_multi_20260527T052620Z_aeacec
llm_1b743223ac32,spec,0.576145,False,distilroberta-base-climate-specificity,Local model,climatebert_multi_20260527T052620Z_aeacec
llm_4036489536e9,spec,0.605775,False,distilroberta-base-climate-specificity,Local model,climatebert_multi_20260527T052620Z_aeacec
llm_810dbf571325,spec,0.629069,False,distilroberta-base-climate-specificity,Local model,climatebert_multi_20260527T052620Z_aeacec
llm_7f5b1776a964,non,0.689376,False,distilroberta-base-climate-specificity,Local model,climatebert_multi_20260527T052620Z_aeacec
llm_4dffcb713eb6,spec,0.690249,False,distilroberta-base-climate-specificity,Local model,climatebert_multi_20260527T052620Z_aeacec
llm_1e5f4b9a2b73,spec,0.574705,False,distilroberta-base-climate-specificity,Local model,climatebert_multi_20260527T052620Z_aeacec
llm_03cc1e034583,spec,0.594244,False,distilroberta-base-climate-specificity,Local model,climatebert_multi_20260527T052620Z_aeacec
llm_339f275a85db,spec,0.609083,False,distilroberta-base-climate-specificity,Local model,climatebert_multi_20260527T052620Z_aeacec
llm_bcdd8e16e38a,spec,0.608304,False,distilroberta-base-climate-specificity,Local model,climatebert_multi_20260527T052620Z_aeacec
llm_ee6df65f84b0,non,0.696054,False,distilroberta-base-climate-specificity,Local model,climatebert_multi_20260527T052620Z_aeacec
llm_5b98fd785b60,spec,0.691385,False,distilroberta-base-climate-specificity,Local model,climatebert_multi_20260527T052620Z_aeacec
llm_ae4091349b8e,non,0.586063,False,distilroberta-base-climate-specificity,Local model,climatebert_multi_20260527T052620Z_aeacec
llm_445f8684eadd,non,0.514415,False,distilroberta-base-climate-specificity,Local model,climatebert_multi_20260527T052620Z_aeacec
llm_9dddba3df7f5,non,0.618729,False,distilroberta-base-climate-specificity,Local model,climatebert_multi_20260527T052620Z_aeacec
llm_022390519b4e,spec,0.53406,False,distilroberta-base-climate-specificity,Local model,climatebert_multi_20260527T052620Z_aeacec
llm_3a44fb3f1c33,spec,0.53558,False,distilroberta-base-climate-specificity,Local model,climatebert_multi_20260527T052620Z_aeacec
llm_1bbbf916015d,spec,0.520995,False,distilroberta-base-climate-specificity,Local model,climatebert_multi_20260527T052620Z_aeacec
llm_2c572adb8138,spec,0.513198,False,distilroberta-base-climate-specificity,Local model,climatebert_multi_20260527T052620Z_aeacec
llm_6cb12a481a9a,spec,0.532393,False,distilroberta-base-climate-specificity,Local model,climatebert_multi_20260527T052620Z_aeacec
llm_85b01a0e92f3,spec,0.558007,False,distilroberta-base-climate-specificity,Local model,climatebert_multi_20260527T052620Z_aeacec
llm_e2a9c7192f47,spec,0.538796,False,distilroberta-base-climate-specificity,Local model,climatebert_multi_20260527T052620Z_aeacec
llm_e1ac1d510beb,spec,0.523075,False,distilroberta-base-climate-specificity,Local model,climatebert_multi_20260527T052620Z_aeacec
llm_df3bade8568d,non,0.504358,False,distilroberta-base-climate-specificity,Local model,climatebert_multi_20260527T052620Z_aeacec
llm_1265ae8e935b,spec,0.523578,False,distilroberta-base-climate-specificity,Local model,climatebert_multi_20260527T052620Z_aeacec
llm_d3e3711054f1,spec,0.569155,False,distilroberta-base-climate-specificity,Local model,climatebert_multi_20260527T052620Z_aeacec
llm_450a355f2d67,spec,0.548838,False,distilroberta-base-climate-specificity,Local model,climatebert_multi_20260527T052620Z_aeacec
llm_17477a6ef955,spec,0.668801,False,distilroberta-base-climate-specificity,Local model,climatebert_multi_20260527T052620Z_aeacec
llm_ade1638e191b,spec,0.620986,False,distilroberta-base-climate-specificity,Local model,climatebert_multi_20260527T052620Z_aeacec
llm_7f38d4f67914,spec,0.60608,False,distilroberta-base-climate-specificity,Local model,climatebert_multi_20260527T052620Z_aeacec
llm_64317b1be0d2,non,0.576946,False,distilroberta-base-climate-specificity,Local model,climatebert_multi_20260527T052620Z_aeacec
llm_a7e96623d890,spec,0.501867,False,distilroberta-base-climate-specificity,Local model,climatebert_multi_20260527T052620Z_aeacec
llm_dfea16894872,spec,0.538255,False,distilroberta-base-climate-specificity,Local model,climatebert_multi_20260527T052620Z_aeacec
llm_2aaede997cdc,non,0.545833,False,distilroberta-base-climate-specificity,Local model,climatebert_multi_20260527T052620Z_aeacec
llm_d87fa2edb3a4,non,0.509642,False,distilroberta-base-climate-specificity,Local model,climatebert_multi_20260527T052620Z_aeacec
llm_d6ced8a2ac81,non,0.519248,False,distilroberta-base-climate-specificity,Local model,climatebert_multi_20260527T052620Z_aeacec
llm_9e0e1045a96a,non,0.533406,False,distilroberta-base-climate-specificity,Local model,climatebert_multi_20260527T052620Z_aeacec
llm_634fd11134d5,non,0.521274,False,distilroberta-base-climate-specificity,Local model,climatebert_multi_20260527T052620Z_aeacec
llm_e4605d06a20e,non,0.527441,False,distilroberta-base-climate-specificity,Local model,climatebert_multi_20260527T052620Z_aeacec
llm_c3ad3048bba4,non,0.562384,False,distilroberta-base-climate-specificity,Local model,climatebert_multi_20260527T052620Z_aeacec
llm_39b72b6c9403,non,0.56031,False,distilroberta-base-climate-specificity,Local model,climatebert_multi_20260527T052620Z_aeacec
llm_93d716d382b1,non,0.531754,False,distilroberta-base-climate-specificity,Local model,climatebert_multi_20260527T052620Z_aeacec
llm_0c00d4571f44,spec,0.727239,False,distilroberta-base-climate-specificity,Local model,climatebert_multi_20260527T052620Z_aeacec
llm_911f53806073,spec,0.599939,False,distilroberta-base-climate-specificity,Local model,climatebert_multi_20260527T052620Z_aeacec
llm_7aeeea17e5f3,spec,0.698476,False,distilroberta-base-climate-specificity,Local model,climatebert_multi_20260527T052620Z_aeacec
llm_dfdb929bd9c4,spec,0.655857,False,distilroberta-base-climate-specificity,Local model,climatebert_multi_20260527T052620Z_aeacec
llm_bb6a0a7a3320,spec,0.588271,False,distilroberta-base-climate-specificity,Local model,climatebert_multi_20260527T052620Z_aeacec
llm_73bccedd0d05,spec,0.705217,False,distilroberta-base-climate-specificity,Local model,climatebert_multi_20260527T052620Z_aeacec
llm_a64ea07c5a61,spec,0.675658,False,distilroberta-base-climate-specificity,Local model,climatebert_multi_20260527T052620Z_aeacec
llm_1d066335ac9f,spec,0.585285,False,distilroberta-base-climate-specificity,Local model,climatebert_multi_20260527T052620Z_aeacec
llm_3e7b37291b65,spec,0.65663,False,distilroberta-base-climate-specificity,Local model,climatebert_multi_20260527T052620Z_aeacec
llm_49e1768ab5bd,spec,0.601224,False,distilroberta-base-climate-specificity,Local model,climatebert_multi_20260527T052620Z_aeacec
llm_ea425e281c66,spec,0.608304,False,distilroberta-base-climate-specificity,Local model,climatebert_multi_20260527T052620Z_aeacec
llm_08cd6bfe3892,non,0.696054,False,distilroberta-base-climate-specificity,Local model,climatebert_multi_20260527T052620Z_aeacec
llm_e32b211e1ca4,spec,0.590952,False,distilroberta-base-climate-specificity,Local model,climatebert_multi_20260527T052620Z_aeacec
llm_9e6ba8b43366,spec,0.593525,False,distilroberta-base-climate-specificity,Local model,climatebert_multi_20260527T052620Z_aeacec
llm_62d5b7a13fa5,spec,0.578454,False,distilroberta-base-climate-specificity,Local model,climatebert_multi_20260527T052620Z_aeacec
llm_0f544d4e9d3b,spec,0.546895,False,distilroberta-base-climate-specificity,Local model,climatebert_multi_20260527T052620Z_aeacec
llm_9349e97d691a,spec,0.622257,False,distilroberta-base-climate-specificity,Local model,climatebert_multi_20260527T052620Z_aeacec
llm_1bf707131ed1,spec,0.50916,False,distilroberta-base-climate-specificity,Local model,climatebert_multi_20260527T052620Z_aeacec
llm_4cb7b4acf0fd,spec,0.539361,False,distilroberta-base-climate-specificity,Local model,climatebert_multi_20260527T052620Z_aeacec
llm_378a564999fc,spec,0.639907,False,distilroberta-base-climate-specificity,Local model,climatebert_multi_20260527T052620Z_aeacec
llm_edf2a88846a6,non,0.652152,False,distilroberta-base-climate-specificity,Local model,climatebert_multi_20260527T052620Z_aeacec
llm_a8b361af64d3,spec,0.576145,False,distilroberta-base-climate-specificity,Local model,climatebert_multi_20260527T052620Z_aeacec
llm_e7ae386799ef,spec,0.605775,False,distilroberta-base-climate-specificity,Local model,climatebert_multi_20260527T052620Z_aeacec
llm_fcf9496bf479,spec,0.690249,False,distilroberta-base-climate-specificity,Local model,climatebert_multi_20260527T052620Z_aeacec
llm_d8314c3dbe00,non,0.633003,False,distilroberta-base-climate-specificity,Local model,climatebert_multi_20260527T052620Z_aeacec
llm_cd7033afbe5e,spec,0.686456,False,distilroberta-base-climate-specificity,Local model,climatebert_multi_20260527T052620Z_aeacec
llm_3c5ea2aadb5e,spec,0.566295,False,distilroberta-base-climate-specificity,Local model,climatebert_multi_20260527T052620Z_aeacec
llm_712923325b32,spec,0.537893,False,distilroberta-base-climate-specificity,Local model,climatebert_multi_20260527T052620Z_aeacec
llm_3b654087649a,spec,0.585842,False,distilroberta-base-climate-specificity,Local model,climatebert_multi_20260527T052620Z_aeacec
llm_f4867e6997b4,spec,0.589313,False,distilroberta-base-climate-specificity,Local model,climatebert_multi_20260527T052620Z_aeacec
llm_43a37bb1d311,spec,0.697917,False,distilroberta-base-climate-specificity,Local model,climatebert_multi_20260527T052620Z_aeacec
llm_d7b21041a4e2,non,0.500921,False,distilroberta-base-climate-specificity,Local model,climatebert_multi_20260527T052620Z_aeacec
llm_f1cb344a793f,spec,0.525803,False,distilroberta-base-climate-specificity,Local model,climatebert_multi_20260527T052620Z_aeacec
llm_710f447a833f,spec,0.522162,False,distilroberta-base-climate-specificity,Local model,climatebert_multi_20260527T052620Z_aeacec
llm_7961b801aacc,non,0.503492,False,distilroberta-base-climate-specificity,Local model,climatebert_multi_20260527T052620Z_aeacec
llm_78a75881a95c,spec,0.502474,False,distilroberta-base-climate-specificity,Local model,climatebert_multi_20260527T052620Z_aeacec
llm_3076ba3d2164,non,0.636996,False,distilroberta-base-climate-specificity,Local model,climatebert_multi_20260527T052620Z_aeacec
llm_0c6a26186056,spec,0.539863,False,distilroberta-base-climate-specificity,Local model,climatebert_multi_20260527T052620Z_aeacec
llm_98f0e2ee55a4,spec,0.568645,False,distilroberta-base-climate-specificity,Local model,climatebert_multi_20260527T052620Z_aeacec
llm_f1e6258d8401,spec,0.606954,False,distilroberta-base-climate-specificity,Local model,climatebert_multi_20260527T052620Z_aeacec
llm_9a09c134fb0a,spec,0.550868,False,distilroberta-base-climate-specificity,Local model,climatebert_multi_20260527T052620Z_aeacec
llm_57db61fc4239,spec,0.533649,False,distilroberta-base-climate-specificity,Local model,climatebert_multi_20260527T052620Z_aeacec
llm_1f0d4e6eef50,spec,0.620087,False,distilroberta-base-climate-specificity,Local model,climatebert_multi_20260527T052620Z_aeacec
llm_bc3278394bf2,spec,0.569459,False,distilroberta-base-climate-specificity,Local model,climatebert_multi_20260527T052620Z_aeacec
llm_62c73239f338,spec,0.539381,False,distilroberta-base-climate-specificity,Local model,climatebert_multi_20260527T052620Z_aeacec
llm_aa902a47fa5b,spec,0.532082,False,distilroberta-base-climate-specificity,Local model,climatebert_multi_20260527T052620Z_aeacec
llm_7965c5d74d26,spec,0.615092,False,distilroberta-base-climate-specificity,Local model,climatebert_multi_20260527T052620Z_aeacec
llm_ef8639c6f7c7,spec,0.594244,False,distilroberta-base-climate-specificity,Local model,climatebert_multi_20260527T052620Z_aeacec
llm_f49ae3d136a9,spec,0.609083,False,distilroberta-base-climate-specificity,Local model,climatebert_multi_20260527T052620Z_aeacec
llm_dc217974bc00,spec,0.534504,False,distilroberta-base-climate-specificity,Local model,climatebert_multi_20260527T052620Z_aeacec
llm_a097a6637204,spec,0.70915,False,distilroberta-base-climate-specificity,Local model,climatebert_multi_20260527T052620Z_aeacec
llm_b97f22ad23ee,spec,0.601224,False,distilroberta-base-climate-specificity,Local model,climatebert_multi_20260527T052620Z_aeacec
llm_b72237460400,spec,0.630908,False,distilroberta-base-climate-specificity,Local model,climatebert_multi_20260527T052620Z_aeacec
llm_62d75abd0cbb,non,0.578278,False,distilroberta-base-climate-specificity,Local model,climatebert_multi_20260527T052620Z_aeacec
llm_a63d1e5f2059,spec,0.529454,False,distilroberta-base-climate-specificity,Local model,climatebert_multi_20260527T052620Z_aeacec
llm_63208943c12c,spec,0.554882,False,distilroberta-base-climate-specificity,Local model,climatebert_multi_20260527T052620Z_aeacec
llm_7cd2c3696180,spec,0.563206,False,distilroberta-base-climate-specificity,Local model,climatebert_multi_20260527T052620Z_aeacec
llm_b0fd21c7c770,non,0.545478,False,distilroberta-base-climate-specificity,Local model,climatebert_multi_20260527T052620Z_aeacec
llm_473243774c63,spec,0.593529,False,distilroberta-base-climate-specificity,Local model,climatebert_multi_20260527T052620Z_aeacec
llm_7929f17c7722,spec,0.600586,False,distilroberta-base-climate-specificity,Local model,climatebert_multi_20260527T052620Z_aeacec
llm_afc328dba004,spec,0.550167,False,distilroberta-base-climate-specificity,Local model,climatebert_multi_20260527T052620Z_aeacec
llm_6c808c3bc198,spec,0.597571,False,distilroberta-base-climate-specificity,Local model,climatebert_multi_20260527T052620Z_aeacec
llm_b00faafb1564,spec,0.594244,False,distilroberta-base-climate-specificity,Local model,climatebert_multi_20260527T052620Z_aeacec
llm_2465423aabf5,spec,0.601002,False,distilroberta-base-climate-specificity,Local model,climatebert_multi_20260527T052620Z_aeacec
llm_b53f70d7d347,spec,0.601224,False,distilroberta-base-climate-specificity,Local model,climatebert_multi_20260527T052620Z_aeacec
llm_ebde4278637f,spec,0.534504,False,distilroberta-base-climate-specificity,Local model,climatebert_multi_20260527T052620Z_aeacec
llm_5d92a50097c0,spec,0.594244,False,distilroberta-base-climate-specificity,Local model,climatebert_multi_20260527T052620Z_aeacec
llm_5daf4303f7b5,spec,0.601002,False,distilroberta-base-climate-specificity,Local model,climatebert_multi_20260527T052620Z_aeacec
llm_8e5ff536a2eb,spec,0.70915,False,distilroberta-base-climate-specificity,Local model,climatebert_multi_20260527T052620Z_aeacec
llm_f16964702808,spec,0.608304,False,distilroberta-base-climate-specificity,Local model,climatebert_multi_20260527T052620Z_aeacec
llm_d02ef6325f44,non,0.727389,False,distilroberta-base-climate-specificity,Local model,climatebert_multi_20260527T052620Z_aeacec
llm_e2d47c2ac30f,spec,0.522162,False,distilroberta-base-climate-specificity,Local model,climatebert_multi_20260527T052620Z_aeacec
llm_8b99cc7f955a,non,0.528173,False,distilroberta-base-climate-specificity,Local model,climatebert_multi_20260527T052620Z_aeacec
llm_57a941a2eb5a,spec,0.502474,False,distilroberta-base-climate-specificity,Local model,climatebert_multi_20260527T052620Z_aeacec
llm_64a581e22b9e,non,0.636996,False,distilroberta-base-climate-specificity,Local model,climatebert_multi_20260527T052620Z_aeacec
llm_dfcf8cc16101,spec,0.572221,False,distilroberta-base-climate-specificity,Local model,climatebert_multi_20260527T052620Z_aeacec
llm_b3c2a1222ec2,spec,0.606954,False,distilroberta-base-climate-specificity,Local model,climatebert_multi_20260527T052620Z_aeacec
llm_4c0d60eaaf05,spec,0.550868,False,distilroberta-base-climate-specificity,Local model,climatebert_multi_20260527T052620Z_aeacec
llm_cdc1e69cc62a,spec,0.533649,False,distilroberta-base-climate-specificity,Local model,climatebert_multi_20260527T052620Z_aeacec
llm_fda21a088e17,spec,0.620087,False,distilroberta-base-climate-specificity,Local model,climatebert_multi_20260527T052620Z_aeacec
llm_2e157ab55723,spec,0.569459,False,distilroberta-base-climate-specificity,Local model,climatebert_multi_20260527T052620Z_aeacec
llm_4e854c7e0549,spec,0.539381,False,distilroberta-base-climate-specificity,Local model,climatebert_multi_20260527T052620Z_aeacec
llm_60d92e45942b,spec,0.532082,False,distilroberta-base-climate-specificity,Local model,climatebert_multi_20260527T052620Z_aeacec
llm_2928d8bbd861,spec,0.615092,False,distilroberta-base-climate-specificity,Local model,climatebert_multi_20260527T052620Z_aeacec
llm_e3b55172a5c8,spec,0.627707,False,distilroberta-base-climate-specificity,Local model,climatebert_multi_20260527T052620Z_aeacec
llm_7d88d7e62f25,spec,0.61539,False,distilroberta-base-climate-specificity,Local model,climatebert_multi_20260527T052620Z_aeacec
llm_c1605bb6ef5b,spec,0.594244,False,distilroberta-base-climate-specificity,Local model,climatebert_multi_20260527T052620Z_aeacec
llm_bc55c2cdcc9f,spec,0.601002,False,distilroberta-base-climate-specificity,Local model,climatebert_multi_20260527T052620Z_aeacec
llm_25b213e82ee2,spec,0.608304,False,distilroberta-base-climate-specificity,Local model,climatebert_multi_20260527T052620Z_aeacec
llm_705b08975b6a,non,0.696054,False,distilroberta-base-climate-specificity,Local model,climatebert_multi_20260527T052620Z_aeacec
llm_4f4f0148d5c1,spec,0.5215,False,distilroberta-base-climate-specificity,Local model,climatebert_multi_20260527T052620Z_aeacec
llm_0d6978805a17,spec,0.594244,False,distilroberta-base-climate-specificity,Local model,climatebert_multi_20260527T052620Z_aeacec
llm_e83b80a94ad8,spec,0.601002,False,distilroberta-base-climate-specificity,Local model,climatebert_multi_20260527T052620Z_aeacec
llm_cdfa6099df95,spec,0.599939,False,distilroberta-base-climate-specificity,Local model,climatebert_multi_20260527T052620Z_aeacec
llm_5c1187a38a1b,spec,0.648306,False,distilroberta-base-climate-specificity,Local model,climatebert_multi_20260527T052620Z_aeacec
llm_4d414bae6adc,non,0.72894,False,distilroberta-base-climate-specificity,Local model,climatebert_multi_20260527T052620Z_aeacec
llm_ec65189737c3,spec,0.65663,False,distilroberta-base-climate-specificity,Local model,climatebert_multi_20260527T052620Z_aeacec
llm_7cdf3b242667,spec,0.522162,False,distilroberta-base-climate-specificity,Local model,climatebert_multi_20260527T052620Z_aeacec
llm_5b024a838d8e,non,0.546358,False,distilroberta-base-climate-specificity,Local model,climatebert_multi_20260527T052620Z_aeacec
llm_b474ca426a1d,spec,0.53406,False,distilroberta-base-climate-specificity,Local model,climatebert_multi_20260527T052620Z_aeacec
llm_c89c5e794979,spec,0.579485,False,distilroberta-base-climate-specificity,Local model,climatebert_multi_20260527T052620Z_aeacec
llm_cfe0b0389515,spec,0.520995,False,distilroberta-base-climate-specificity,Local model,climatebert_multi_20260527T052620Z_aeacec
llm_056f4c64e25a,spec,0.513198,False,distilroberta-base-climate-specificity,Local model,climatebert_multi_20260527T052620Z_aeacec
llm_893785dc70db,spec,0.532393,False,distilroberta-base-climate-specificity,Local model,climatebert_multi_20260527T052620Z_aeacec
llm_fb1635043db4,spec,0.538796,False,distilroberta-base-climate-specificity,Local model,climatebert_multi_20260527T052620Z_aeacec
llm_dea79d6f0d5e,spec,0.523075,False,distilroberta-base-climate-specificity,Local model,climatebert_multi_20260527T052620Z_aeacec
llm_b7a7403bd723,non,0.504358,False,distilroberta-base-climate-specificity,Local model,climatebert_multi_20260527T052620Z_aeacec
llm_baf52ce45c3d,non,0.640615,False,distilroberta-base-climate-specificity,Local model,climatebert_multi_20260527T052620Z_aeacec
llm_aaddc146f9d1,spec,0.555763,False,distilroberta-base-climate-specificity,Local model,climatebert_multi_20260527T052620Z_aeacec
llm_81e07f68c060,spec,0.538045,False,distilroberta-base-climate-specificity,Local model,climatebert_multi_20260527T052620Z_aeacec
llm_b5978bcc9f03,spec,0.748174,False,distilroberta-base-climate-specificity,Local model,climatebert_multi_20260527T052620Z_aeacec
llm_46732ba2096f,spec,0.614959,False,distilroberta-base-climate-specificity,Local model,climatebert_multi_20260527T052620Z_aeacec
llm_3856f5a48396,spec,0.727239,False,distilroberta-base-climate-specificity,Local model,climatebert_multi_20260527T052620Z_aeacec
llm_8cb0c014a47c,spec,0.599939,False,distilroberta-base-climate-specificity,Local model,climatebert_multi_20260527T052620Z_aeacec
llm_1516c2941b2c,spec,0.655857,False,distilroberta-base-climate-specificity,Local model,climatebert_multi_20260527T052620Z_aeacec
llm_62676f6e237f,spec,0.698476,False,distilroberta-base-climate-specificity,Local model,climatebert_multi_20260527T052620Z_aeacec
llm_92a4fd0b3c63,spec,0.579693,False,distilroberta-base-climate-specificity,Local model,climatebert_multi_20260527T052620Z_aeacec
llm_e56f63c61c4f,spec,0.578454,False,distilroberta-base-climate-specificity,Local model,climatebert_multi_20260527T052620Z_aeacec
llm_490ea1fa5dab,spec,0.546895,False,distilroberta-base-climate-specificity,Local model,climatebert_multi_20260527T052620Z_aeacec
llm_04e4c242c652,spec,0.627074,False,distilroberta-base-climate-specificity,Local model,climatebert_multi_20260527T052620Z_aeacec
llm_d519a71010e1,spec,0.50916,False,distilroberta-base-climate-specificity,Local model,climatebert_multi_20260527T052620Z_aeacec
llm_4b0978fa03fb,spec,0.539361,False,distilroberta-base-climate-specificity,Local model,climatebert_multi_20260527T052620Z_aeacec
llm_f8279344fbbd,spec,0.623339,False,distilroberta-base-climate-specificity,Local model,climatebert_multi_20260527T052620Z_aeacec
llm_da5d3c2309ba,non,0.652152,False,distilroberta-base-climate-specificity,Local model,climatebert_multi_20260527T052620Z_aeacec
llm_fd56ec40d214,spec,0.576145,False,distilroberta-base-climate-specificity,Local model,climatebert_multi_20260527T052620Z_aeacec
llm_61a253aea179,spec,0.605775,False,distilroberta-base-climate-specificity,Local model,climatebert_multi_20260527T052620Z_aeacec
llm_6419555ef6b5,spec,0.690249,False,distilroberta-base-climate-specificity,Local model,climatebert_multi_20260527T052620Z_aeacec
llm_1807e92911d6,non,0.633003,False,distilroberta-base-climate-specificity,Local model,climatebert_multi_20260527T052620Z_aeacec
llm_3bcbf106f317,spec,0.566295,False,distilroberta-base-climate-specificity,Local model,climatebert_multi_20260527T052620Z_aeacec
llm_9a4a69305153,spec,0.594244,False,distilroberta-base-climate-specificity,Local model,climatebert_multi_20260527T052620Z_aeacec
llm_0ed038c6b61f,spec,0.583522,False,distilroberta-base-climate-specificity,Local model,climatebert_multi_20260527T052620Z_aeacec
llm_5c79abd06df7,spec,0.544018,False,distilroberta-base-climate-specificity,Local model,climatebert_multi_20260527T052620Z_aeacec
llm_b5d9439e3e21,spec,0.631288,False,distilroberta-base-climate-specificity,Local model,climatebert_multi_20260527T052620Z_aeacec
llm_6d1e11540c2c,non,0.515576,False,distilroberta-base-climate-specificity,Local model,climatebert_multi_20260527T052620Z_aeacec
llm_2456aecd1aa7,spec,0.632707,False,distilroberta-base-climate-specificity,Local model,climatebert_multi_20260527T052620Z_aeacec
llm_e89b6175b02c,spec,0.54075,False,distilroberta-base-climate-specificity,Local model,climatebert_multi_20260527T052620Z_aeacec
llm_f58ab085fbd5,spec,0.508474,False,distilroberta-base-climate-specificity,Local model,climatebert_multi_20260527T052620Z_aeacec
llm_5cce6e534cf5,spec,0.593525,False,distilroberta-base-climate-specificity,Local model,climatebert_multi_20260527T052620Z_aeacec
llm_a669817a75c7,spec,0.578454,False,distilroberta-base-climate-specificity,Local model,climatebert_multi_20260527T052620Z_aeacec
llm_dd57d11988e6,spec,0.546895,False,distilroberta-base-climate-specificity,Local model,climatebert_multi_20260527T052620Z_aeacec
llm_1d36ce9de213,spec,0.622257,False,distilroberta-base-climate-specificity,Local model,climatebert_multi_20260527T052620Z_aeacec
llm_08c2933e812d,spec,0.50916,False,distilroberta-base-climate-specificity,Local model,climatebert_multi_20260527T052620Z_aeacec
llm_96af477fcfbd,spec,0.539361,False,distilroberta-base-climate-specificity,Local model,climatebert_multi_20260527T052620Z_aeacec
llm_570adbaf8b26,spec,0.623339,False,distilroberta-base-climate-specificity,Local model,climatebert_multi_20260527T052620Z_aeacec
llm_d33731916e07,non,0.652152,False,distilroberta-base-climate-specificity,Local model,climatebert_multi_20260527T052620Z_aeacec
llm_fd8e8313c929,spec,0.576145,False,distilroberta-base-climate-specificity,Local model,climatebert_multi_20260527T052620Z_aeacec
llm_db99b0c8ecec,spec,0.690249,False,distilroberta-base-climate-specificity,Local model,climatebert_multi_20260527T052620Z_aeacec
llm_866fe60d3ed1,spec,0.566295,False,distilroberta-base-climate-specificity,Local model,climatebert_multi_20260527T052620Z_aeacec
llm_83e651691171,spec,0.610792,False,distilroberta-base-climate-specificity,Local model,climatebert_multi_20260527T052620Z_aeacec
llm_5411ea32a30b,non,0.517996,False,distilroberta-base-climate-specificity,Local model,climatebert_multi_20260527T052620Z_aeacec
llm_2dde6f26d3d7,spec,0.647771,False,distilroberta-base-climate-specificity,Local model,climatebert_multi_20260527T052620Z_aeacec
llm_0f738d7ce2d5,non,0.578278,False,distilroberta-base-climate-specificity,Local model,climatebert_multi_20260527T052620Z_aeacec
llm_84684677e29a,spec,0.529454,False,distilroberta-base-climate-specificity,Local model,climatebert_multi_20260527T052620Z_aeacec
llm_116ccd0d5aca,spec,0.515338,False,distilroberta-base-climate-specificity,Local model,climatebert_multi_20260527T052620Z_aeacec
llm_b66eec2d4ae9,spec,0.515536,False,distilroberta-base-climate-specificity,Local model,climatebert_multi_20260527T052620Z_aeacec
llm_1261b67fbe88,spec,0.549305,False,distilroberta-base-climate-specificity,Local model,climatebert_multi_20260527T052620Z_aeacec
llm_8ef9a0c8ad4a,non,0.562384,False,distilroberta-base-climate-specificity,Local model,climatebert_multi_20260527T052620Z_aeacec
llm_f913e0f7ca2b,non,0.56031,False,distilroberta-base-climate-specificity,Local model,climatebert_multi_20260527T052620Z_aeacec
llm_9cc5d73e32ac,spec,0.547317,False,distilroberta-base-climate-specificity,Local model,climatebert_multi_20260527T052620Z_aeacec
llm_e9af0d9e8460,non,0.576946,False,distilroberta-base-climate-specificity,Local model,climatebert_multi_20260527T052620Z_aeacec
llm_336556a35767,spec,0.501867,False,distilroberta-base-climate-specificity,Local model,climatebert_multi_20260527T052620Z_aeacec
llm_cb774fe93a87,spec,0.538255,False,distilroberta-base-climate-specificity,Local model,climatebert_multi_20260527T052620Z_aeacec
llm_340f46ddf237,non,0.545833,False,distilroberta-base-climate-specificity,Local model,climatebert_multi_20260527T052620Z_aeacec
llm_939aa123be80,non,0.509642,False,distilroberta-base-climate-specificity,Local model,climatebert_multi_20260527T052620Z_aeacec
llm_811584aeb5f6,spec,0.51466,False,distilroberta-base-climate-specificity,Local model,climatebert_multi_20260527T052620Z_aeacec
llm_2685623c0b9b,non,0.512707,False,distilroberta-base-climate-specificity,Local model,climatebert_multi_20260527T052620Z_aeacec
llm_99da167d0879,non,0.519248,False,distilroberta-base-climate-specificity,Local model,climatebert_multi_20260527T052620Z_aeacec
llm_9e02f0ed930a,spec,0.530505,False,distilroberta-base-climate-specificity,Local model,climatebert_multi_20260527T052620Z_aeacec
llm_ca09838d7341,spec,0.594244,False,distilroberta-base-climate-specificity,Local model,climatebert_multi_20260527T052620Z_aeacec
llm_0ad2f153cd07,spec,0.609083,False,distilroberta-base-climate-specificity,Local model,climatebert_multi_20260527T052620Z_aeacec
llm_9c1b2cf62b8c,spec,0.534504,False,distilroberta-base-climate-specificity,Local model,climatebert_multi_20260527T052620Z_aeacec
llm_ebffea692b7a,spec,0.54494,False,distilroberta-base-climate-specificity,Local model,climatebert_multi_20260527T052620Z_aeacec
llm_ce828003eab6,spec,0.594244,False,distilroberta-base-climate-specificity,Local model,climatebert_multi_20260527T052620Z_aeacec
llm_150d85801eba,spec,0.601002,False,distilroberta-base-climate-specificity,Local model,climatebert_multi_20260527T052620Z_aeacec
llm_e2d1863b2ad0,spec,0.70915,False,distilroberta-base-climate-specificity,Local model,climatebert_multi_20260527T052620Z_aeacec
llm_a6d84ba8be6c,spec,0.601224,False,distilroberta-base-climate-specificity,Local model,climatebert_multi_20260527T052620Z_aeacec
llm_bc48880f3256,spec,0.534504,False,distilroberta-base-climate-specificity,Local model,climatebert_multi_20260527T052620Z_aeacec
llm_0608ca61e651,non,0.628225,False,distilroberta-base-climate-specificity,Local model,climatebert_multi_20260527T052620Z_aeacec
llm_97d2823698ec,spec,0.594244,False,distilroberta-base-climate-specificity,Local model,climatebert_multi_20260527T052620Z_aeacec
llm_bfe4c0a3c65e,spec,0.601002,False,distilroberta-base-climate-specificity,Local model,climatebert_multi_20260527T052620Z_aeacec
llm_e24d718312e1,spec,0.534504,False,distilroberta-base-climate-specificity,Local model,climatebert_multi_20260527T052620Z_aeacec
llm_fbbe0d09365c,non,0.628225,False,distilroberta-base-climate-specificity,Local model,climatebert_multi_20260527T052620Z_aeacec
llm_ce38e9f88cbd,non,0.586985,False,distilroberta-base-climate-specificity,Local model,climatebert_multi_20260527T052620Z_aeacec
llm_c5ecf8c99242,non,0.580153,False,distilroberta-base-climate-specificity,Local model,climatebert_multi_20260527T052620Z_aeacec
llm_89a15179ae91,spec,0.73174,False,distilroberta-base-climate-specificity,Local model,climatebert_multi_20260527T052620Z_aeacec
llm_0d50f3e00b4d,spec,0.70915,False,distilroberta-base-climate-specificity,Local model,climatebert_multi_20260527T052620Z_aeacec
llm_e112b814246e,non,0.661035,False,distilroberta-base-climate-specificity,Local model,climatebert_multi_20260527T052620Z_aeacec
llm_ead29540c757,spec,0.534504,False,distilroberta-base-climate-specificity,Local model,climatebert_multi_20260527T052620Z_aeacec
llm_1927c2b34a2c,spec,0.601224,False,distilroberta-base-climate-specificity,Local model,climatebert_multi_20260527T052620Z_aeacec
llm_fc3a11f77d0f,spec,0.684347,False,distilroberta-base-climate-specificity,Local model,climatebert_multi_20260527T052620Z_aeacec
llm_d195693dfcf5,spec,0.660301,False,distilroberta-base-climate-specificity,Local model,climatebert_multi_20260527T052620Z_aeacec
llm_6ec28db012c8,spec,0.594244,False,distilroberta-base-climate-specificity,Local model,climatebert_multi_20260527T052620Z_aeacec
llm_5c0612b9c295,spec,0.605161,False,distilroberta-base-climate-specificity,Local model,climatebert_multi_20260527T052620Z_aeacec
llm_8a86aff2e413,non,0.601154,False,distilroberta-base-climate-specificity,Local model,climatebert_multi_20260527T052620Z_aeacec
llm_642af2344cde,non,0.868474,False,distilroberta-base-climate-specificity,Local model,climatebert_multi_20260527T052620Z_aeacec
llm_7a3368a29f5d,non,0.830155,False,distilroberta-base-climate-specificity,Local model,climatebert_multi_20260527T052620Z_aeacec
llm_5214c02a6b96,non,0.703366,False,distilroberta-base-climate-specificity,Local model,climatebert_multi_20260527T052620Z_aeacec
llm_57c208eb6390,spec,0.593525,False,distilroberta-base-climate-specificity,Local model,climatebert_multi_20260527T052620Z_aeacec
llm_d9a5c8e02e61,spec,0.578454,False,distilroberta-base-climate-specificity,Local model,climatebert_multi_20260527T052620Z_aeacec
llm_6a4f2d1b3117,spec,0.622257,False,distilroberta-base-climate-specificity,Local model,climatebert_multi_20260527T052620Z_aeacec
llm_0e7e3fde32e7,spec,0.50916,False,distilroberta-base-climate-specificity,Local model,climatebert_multi_20260527T052620Z_aeacec
llm_dfda7e65d5e5,spec,0.539361,False,distilroberta-base-climate-specificity,Local model,climatebert_multi_20260527T052620Z_aeacec
llm_3a267fffff72,non,0.652152,False,distilroberta-base-climate-specificity,Local model,climatebert_multi_20260527T052620Z_aeacec
llm_db1eb64e3fc8,spec,0.690249,False,distilroberta-base-climate-specificity,Local model,climatebert_multi_20260527T052620Z_aeacec
llm_8c2dada694ce,spec,0.566295,False,distilroberta-base-climate-specificity,Local model,climatebert_multi_20260527T052620Z_aeacec
llm_19da286b1b36,spec,0.522162,False,distilroberta-base-climate-specificity,Local model,climatebert_multi_20260527T052620Z_aeacec
llm_a53d045ae5d4,non,0.503492,False,distilroberta-base-climate-specificity,Local model,climatebert_multi_20260527T052620Z_aeacec
llm_bd578d9d3f4c,spec,0.502474,False,distilroberta-base-climate-specificity,Local model,climatebert_multi_20260527T052620Z_aeacec
llm_91337eafb63f,non,0.636996,False,distilroberta-base-climate-specificity,Local model,climatebert_multi_20260527T052620Z_aeacec
llm_5178e481c33f,spec,0.583942,False,distilroberta-base-climate-specificity,Local model,climatebert_multi_20260527T052620Z_aeacec
llm_49eeae837ba7,spec,0.593115,False,distilroberta-base-climate-specificity,Local model,climatebert_multi_20260527T052620Z_aeacec
llm_ce3f51ab54af,spec,0.550868,False,distilroberta-base-climate-specificity,Local model,climatebert_multi_20260527T052620Z_aeacec
llm_80f28f9ba741,spec,0.533649,False,distilroberta-base-climate-specificity,Local model,climatebert_multi_20260527T052620Z_aeacec
llm_5b2a8e97f7ba,spec,0.56706,False,distilroberta-base-climate-specificity,Local model,climatebert_multi_20260527T052620Z_aeacec
llm_00828cea8d08,spec,0.569657,False,distilroberta-base-climate-specificity,Local model,climatebert_multi_20260527T052620Z_aeacec
llm_4fdbeb633154,spec,0.539381,False,distilroberta-base-climate-specificity,Local model,climatebert_multi_20260527T052620Z_aeacec
llm_04a4bb1423f5,spec,0.511932,False,distilroberta-base-climate-specificity,Local model,climatebert_multi_20260527T052620Z_aeacec
llm_af153f0d2cec,spec,0.615092,False,distilroberta-base-climate-specificity,Local model,climatebert_multi_20260527T052620Z_aeacec
llm_9ea7fc3318d2,spec,0.535484,False,distilroberta-base-climate-specificity,Local model,climatebert_multi_20260527T052620Z_aeacec
llm_2843616c0757,spec,0.575872,False,distilroberta-base-climate-specificity,Local model,climatebert_multi_20260527T052620Z_aeacec
llm_89b2f727b62b,non,0.942935,False,distilroberta-base-climate-specificity,Local model,climatebert_multi_20260527T052620Z_aeacec
llm_259a754ad2f7,non,0.839672,False,distilroberta-base-climate-specificity,Local model,climatebert_multi_20260527T052620Z_aeacec
llm_cc5357eef245,non,0.915411,False,distilroberta-base-climate-specificity,Local model,climatebert_multi_20260527T052620Z_aeacec
llm_8b8f87561036,non,0.708008,False,distilroberta-base-climate-specificity,Local model,climatebert_multi_20260527T052620Z_aeacec
llm_57049f2384f8,non,0.746017,False,distilroberta-base-climate-specificity,Local model,climatebert_multi_20260527T052620Z_aeacec
llm_643bfa630457,non,0.677952,False,distilroberta-base-climate-specificity,Local model,climatebert_multi_20260527T052620Z_aeacec
llm_52b9453fdc04,non,0.579866,False,distilroberta-base-climate-specificity,Local model,climatebert_multi_20260527T052620Z_aeacec
llm_c4826c933efa,non,0.588318,False,distilroberta-base-climate-specificity,Local model,climatebert_multi_20260527T052620Z_aeacec
llm_3c7036c2ecb8,non,0.786419,False,distilroberta-base-climate-specificity,Local model,climatebert_multi_20260527T052620Z_aeacec
llm_5de154d8101d,non,0.901417,False,distilroberta-base-climate-specificity,Local model,climatebert_multi_20260527T052620Z_aeacec
llm_49e31c82a025,non,0.811293,False,distilroberta-base-climate-specificity,Local model,climatebert_multi_20260527T052620Z_aeacec
llm_e80e004ace93,non,0.898774,False,distilroberta-base-climate-specificity,Local model,climatebert_multi_20260527T052620Z_aeacec
llm_c12198c0f53a,spec,0.727239,False,distilroberta-base-climate-specificity,Local model,climatebert_multi_20260527T052620Z_aeacec
llm_9d0599d33743,spec,0.655857,False,distilroberta-base-climate-specificity,Local model,climatebert_multi_20260527T052620Z_aeacec
llm_eff23d7fa2a2,spec,0.684347,False,distilroberta-base-climate-specificity,Local model,climatebert_multi_20260527T052620Z_aeacec
llm_d779f849051b,spec,0.601224,False,distilroberta-base-climate-specificity,Local model,climatebert_multi_20260527T052620Z_aeacec
llm_5937bf94ffc4,spec,0.593525,False,distilroberta-base-climate-specificity,Local model,climatebert_multi_20260527T052620Z_aeacec
llm_27d908559e5a,spec,0.578454,False,distilroberta-base-climate-specificity,Local model,climatebert_multi_20260527T052620Z_aeacec
llm_4e278cc4e948,spec,0.622257,False,distilroberta-base-climate-specificity,Local model,climatebert_multi_20260527T052620Z_aeacec
llm_917dce9c1af5,spec,0.50916,False,distilroberta-base-climate-specificity,Local model,climatebert_multi_20260527T052620Z_aeacec
llm_b70abf843992,spec,0.539361,False,distilroberta-base-climate-specificity,Local model,climatebert_multi_20260527T052620Z_aeacec
llm_60892f82318d,spec,0.639907,False,distilroberta-base-climate-specificity,Local model,climatebert_multi_20260527T052620Z_aeacec
llm_136dc2a9f4de,non,0.652152,False,distilroberta-base-climate-specificity,Local model,climatebert_multi_20260527T052620Z_aeacec
llm_2c18b2fad5d0,spec,0.576145,False,distilroberta-base-climate-specificity,Local model,climatebert_multi_20260527T052620Z_aeacec
llm_e22d042ea17c,spec,0.605775,False,distilroberta-base-climate-specificity,Local model,climatebert_multi_20260527T052620Z_aeacec
llm_0f488c4e7899,spec,0.597695,False,distilroberta-base-climate-specificity,Local model,climatebert_multi_20260527T052620Z_aeacec
llm_5708da7e5f1a,spec,0.601224,False,distilroberta-base-climate-specificity,Local model,climatebert_multi_20260527T052620Z_aeacec
llm_191cb0d036d3,spec,0.684347,False,distilroberta-base-climate-specificity,Local model,climatebert_multi_20260527T052620Z_aeacec
llm_a7046d8a5d77,spec,0.594244,False,distilroberta-base-climate-specificity,Local model,climatebert_multi_20260527T052620Z_aeacec
llm_5c4c975b9cdd,spec,0.609083,False,distilroberta-base-climate-specificity,Local model,climatebert_multi_20260527T052620Z_aeacec
llm_c16b7cbcffaa,spec,0.594244,False,distilroberta-base-climate-specificity,Local model,climatebert_multi_20260527T052620Z_aeacec
llm_5aa3831962ce,spec,0.609083,False,distilroberta-base-climate-specificity,Local model,climatebert_multi_20260527T052620Z_aeacec
llm_5772fc4ab974,spec,0.605161,False,distilroberta-base-climate-specificity,Local model,climatebert_multi_20260527T052620Z_aeacec
llm_c125867d4e46,spec,0.607587,False,distilroberta-base-climate-specificity,Local model,climatebert_multi_20260527T052620Z_aeacec
llm_d7a316b5b09a,spec,0.534504,False,distilroberta-base-climate-specificity,Local model,climatebert_multi_20260527T052620Z_aeacec
llm_6649c0185ab4,spec,0.531584,False,distilroberta-base-climate-specificity,Local model,climatebert_multi_20260527T052620Z_aeacec
llm_1d803195e7fc,spec,0.538689,False,distilroberta-base-climate-specificity,Local model,climatebert_multi_20260527T052620Z_aeacec
llm_d04ad332e578,spec,0.600104,False,distilroberta-base-climate-specificity,Local model,climatebert_multi_20260527T052620Z_aeacec
llm_ae941a909293,spec,0.587975,False,distilroberta-base-climate-specificity,Local model,climatebert_multi_20260527T052620Z_aeacec
llm_7da90ca33a77,spec,0.562653,False,distilroberta-base-climate-specificity,Local model,climatebert_multi_20260527T052620Z_aeacec
llm_e63f0ece27d6,spec,0.529622,False,distilroberta-base-climate-specificity,Local model,climatebert_multi_20260527T052620Z_aeacec
llm_72d736c5d88b,spec,0.581417,False,distilroberta-base-climate-specificity,Local model,climatebert_multi_20260527T052620Z_aeacec
llm_cae475467b25,non,0.727389,False,distilroberta-base-climate-specificity,Local model,climatebert_multi_20260527T052620Z_aeacec
llm_ef65c35676b8,spec,0.579693,False,distilroberta-base-climate-specificity,Local model,climatebert_multi_20260527T052620Z_aeacec
llm_6099570be3ad,spec,0.578454,False,distilroberta-base-climate-specificity,Local model,climatebert_multi_20260527T052620Z_aeacec
llm_bd3e552ca151,spec,0.622257,False,distilroberta-base-climate-specificity,Local model,climatebert_multi_20260527T052620Z_aeacec
llm_c5c181abbee9,spec,0.50916,False,distilroberta-base-climate-specificity,Local model,climatebert_multi_20260527T052620Z_aeacec
llm_2d9532330258,spec,0.539361,False,distilroberta-base-climate-specificity,Local model,climatebert_multi_20260527T052620Z_aeacec
llm_f073d2e27c5c,spec,0.623339,False,distilroberta-base-climate-specificity,Local model,climatebert_multi_20260527T052620Z_aeacec
llm_6ed6b8f753be,non,0.652152,False,distilroberta-base-climate-specificity,Local model,climatebert_multi_20260527T052620Z_aeacec
llm_f96949f657ff,spec,0.576145,False,distilroberta-base-climate-specificity,Local model,climatebert_multi_20260527T052620Z_aeacec
llm_e64dca2846b9,spec,0.525447,False,distilroberta-base-climate-specificity,Local model,climatebert_multi_20260527T052620Z_aeacec
llm_36c42d803475,spec,0.593525,False,distilroberta-base-climate-specificity,Local model,climatebert_multi_20260527T052620Z_aeacec
llm_f886f7aaa428,spec,0.578454,False,distilroberta-base-climate-specificity,Local model,climatebert_multi_20260527T052620Z_aeacec
llm_3d9350fad88b,spec,0.622257,False,distilroberta-base-climate-specificity,Local model,climatebert_multi_20260527T052620Z_aeacec
llm_7f4468e84a04,spec,0.50916,False,distilroberta-base-climate-specificity,Local model,climatebert_multi_20260527T052620Z_aeacec
llm_c9c01d80dcee,spec,0.539361,False,distilroberta-base-climate-specificity,Local model,climatebert_multi_20260527T052620Z_aeacec
llm_38f2d2dfd21e,spec,0.639907,False,distilroberta-base-climate-specificity,Local model,climatebert_multi_20260527T052620Z_aeacec
llm_c2d14c650cee,non,0.652152,False,distilroberta-base-climate-specificity,Local model,climatebert_multi_20260527T052620Z_aeacec
llm_83e57a7546fb,spec,0.576145,False,distilroberta-base-climate-specificity,Local model,climatebert_multi_20260527T052620Z_aeacec
llm_d439a191f046,spec,0.605775,False,distilroberta-base-climate-specificity,Local model,climatebert_multi_20260527T052620Z_aeacec
llm_d9d90140cb0c,spec,0.629069,False,distilroberta-base-climate-specificity,Local model,climatebert_multi_20260527T052620Z_aeacec
llm_3382df26efc7,non,0.532348,False,distilroberta-base-climate-specificity,Local model,climatebert_multi_20260527T052620Z_aeacec
llm_93639832601d,spec,0.594244,False,distilroberta-base-climate-specificity,Local model,climatebert_multi_20260527T052620Z_aeacec
llm_a7e74a458fec,spec,0.609083,False,distilroberta-base-climate-specificity,Local model,climatebert_multi_20260527T052620Z_aeacec
llm_ce1267fd02b1,spec,0.534504,False,distilroberta-base-climate-specificity,Local model,climatebert_multi_20260527T052620Z_aeacec
llm_0c5bfd7df96f,spec,0.594244,False,distilroberta-base-climate-specificity,Local model,climatebert_multi_20260527T052620Z_aeacec
llm_c5395960e114,spec,0.601002,False,distilroberta-base-climate-specificity,Local model,climatebert_multi_20260527T052620Z_aeacec
llm_17f78400a235,spec,0.581417,False,distilroberta-base-climate-specificity,Local model,climatebert_multi_20260527T052620Z_aeacec
llm_5767f6dec6ca,spec,0.534504,False,distilroberta-base-climate-specificity,Local model,climatebert_multi_20260527T052620Z_aeacec
llm_484ced1cc043,spec,0.531584,False,distilroberta-base-climate-specificity,Local model,climatebert_multi_20260527T052620Z_aeacec
llm_0daa01aa22eb,spec,0.593525,False,distilroberta-base-climate-specificity,Local model,climatebert_multi_20260527T052620Z_aeacec
llm_b7674dc474da,spec,0.578454,False,distilroberta-base-climate-specificity,Local model,climatebert_multi_20260527T052620Z_aeacec
llm_0b51c1f36f58,spec,0.622257,False,distilroberta-base-climate-specificity,Local model,climatebert_multi_20260527T052620Z_aeacec
llm_a1c0c49fd606,spec,0.50916,False,distilroberta-base-climate-specificity,Local model,climatebert_multi_20260527T052620Z_aeacec
llm_7592c8f8d586,spec,0.539361,False,distilroberta-base-climate-specificity,Local model,climatebert_multi_20260527T052620Z_aeacec
llm_76bf1b01dfee,spec,0.639907,False,distilroberta-base-climate-specificity,Local model,climatebert_multi_20260527T052620Z_aeacec
llm_55fe6639e8cc,non,0.652152,False,distilroberta-base-climate-specificity,Local model,climatebert_multi_20260527T052620Z_aeacec
llm_ee5e043432be,spec,0.576145,False,distilroberta-base-climate-specificity,Local model,climatebert_multi_20260527T052620Z_aeacec
llm_5f614b4ede79,spec,0.648108,False,distilroberta-base-climate-specificity,Local model,climatebert_multi_20260527T052620Z_aeacec
llm_80fd3d33c017,spec,0.690249,False,distilroberta-base-climate-specificity,Local model,climatebert_multi_20260527T052620Z_aeacec
llm_8b70d92d1b21,non,0.633003,False,distilroberta-base-climate-specificity,Local model,climatebert_multi_20260527T052620Z_aeacec
llm_2d840be84ef8,spec,0.566295,False,distilroberta-base-climate-specificity,Local model,climatebert_multi_20260527T052620Z_aeacec
llm_c3d837da153f,spec,0.594244,False,distilroberta-base-climate-specificity,Local model,climatebert_multi_20260527T052620Z_aeacec
llm_9659c6f71178,spec,0.601002,False,distilroberta-base-climate-specificity,Local model,climatebert_multi_20260527T052620Z_aeacec
llm_79d5b16b5641,spec,0.601224,False,distilroberta-base-climate-specificity,Local model,climatebert_multi_20260527T052620Z_aeacec
llm_921386dd75d5,spec,0.534504,False,distilroberta-base-climate-specificity,Local model,climatebert_multi_20260527T052620Z_aeacec
llm_b59a42372863,spec,0.53776,False,distilroberta-base-climate-specificity,Local model,climatebert_multi_20260527T052620Z_aeacec
llm_7181312d1301,non,0.663048,False,distilroberta-base-climate-specificity,Local model,climatebert_multi_20260527T052620Z_aeacec
llm_25a976f0e14c,spec,0.615194,False,distilroberta-base-climate-specificity,Local model,climatebert_multi_20260527T052620Z_aeacec
llm_61b63a037b69,spec,0.553846,False,distilroberta-base-climate-specificity,Local model,climatebert_multi_20260527T052620Z_aeacec
llm_d5c699e45a73,spec,0.57489,False,distilroberta-base-climate-specificity,Local model,climatebert_multi_20260527T052620Z_aeacec
llm_c11f18e04ee9,spec,0.620219,False,distilroberta-base-climate-specificity,Local model,climatebert_multi_20260527T052620Z_aeacec
llm_e24ea787fca1,spec,0.50916,False,distilroberta-base-climate-specificity,Local model,climatebert_multi_20260527T052620Z_aeacec
llm_6bff72e09a12,spec,0.536712,False,distilroberta-base-climate-specificity,Local model,climatebert_multi_20260527T052620Z_aeacec
llm_c6b4cdbb904f,spec,0.623339,False,distilroberta-base-climate-specificity,Local model,climatebert_multi_20260527T052620Z_aeacec
llm_d005d64d4009,non,0.659324,False,distilroberta-base-climate-specificity,Local model,climatebert_multi_20260527T052620Z_aeacec
llm_ab913d63f9f6,spec,0.576145,False,distilroberta-base-climate-specificity,Local model,climatebert_multi_20260527T052620Z_aeacec
llm_6c04073017cd,spec,0.566295,False,distilroberta-base-climate-specificity,Local model,climatebert_multi_20260527T052620Z_aeacec
llm_f569fe659dfc,spec,0.690249,False,distilroberta-base-climate-specificity,Local model,climatebert_multi_20260527T052620Z_aeacec
llm_9b24084a89b8,spec,0.597641,False,distilroberta-base-climate-specificity,Local model,climatebert_multi_20260527T052620Z_aeacec
llm_d30682b18ac3,spec,0.546895,False,distilroberta-base-climate-specificity,Local model,climatebert_multi_20260527T052620Z_aeacec
llm_8a565c35d5ef,spec,0.727239,False,distilroberta-base-climate-specificity,Local model,climatebert_multi_20260527T052620Z_aeacec
llm_13efee9e4959,spec,0.594244,False,distilroberta-base-climate-specificity,Local model,climatebert_multi_20260527T052620Z_aeacec
llm_b204c9f72341,spec,0.593525,False,distilroberta-base-climate-specificity,Local model,climatebert_multi_20260527T052620Z_aeacec
llm_862db1cbddfd,spec,0.578454,False,distilroberta-base-climate-specificity,Local model,climatebert_multi_20260527T052620Z_aeacec
llm_dfbfcfd7a5f7,spec,0.546895,False,distilroberta-base-climate-specificity,Local model,climatebert_multi_20260527T052620Z_aeacec
llm_499a1e910f51,spec,0.570599,False,distilroberta-base-climate-specificity,Local model,climatebert_multi_20260527T052620Z_aeacec
llm_e73ddf549242,spec,0.622257,False,distilroberta-base-climate-specificity,Local model,climatebert_multi_20260527T052620Z_aeacec
llm_6e98d119d384,spec,0.50916,False,distilroberta-base-climate-specificity,Local model,climatebert_multi_20260527T052620Z_aeacec
llm_72a0b63e4492,spec,0.539361,False,distilroberta-base-climate-specificity,Local model,climatebert_multi_20260527T052620Z_aeacec
llm_272438f9732e,spec,0.639907,False,distilroberta-base-climate-specificity,Local model,climatebert_multi_20260527T052620Z_aeacec
llm_d55e257bb9fc,non,0.652152,False,distilroberta-base-climate-specificity,Local model,climatebert_multi_20260527T052620Z_aeacec
llm_53244d6c55e2,spec,0.576145,False,distilroberta-base-climate-specificity,Local model,climatebert_multi_20260527T052620Z_aeacec
llm_8fe7a99bd1a5,spec,0.605775,False,distilroberta-base-climate-specificity,Local model,climatebert_multi_20260527T052620Z_aeacec
llm_c46c39abe17d,spec,0.629069,False,distilroberta-base-climate-specificity,Local model,climatebert_multi_20260527T052620Z_aeacec
llm_97ed762bfdb3,spec,0.594244,False,distilroberta-base-climate-specificity,Local model,climatebert_multi_20260527T052620Z_aeacec
llm_eeded10fed7e,spec,0.601002,False,distilroberta-base-climate-specificity,Local model,climatebert_multi_20260527T052620Z_aeacec
llm_2363519883e2,spec,0.644531,False,distilroberta-base-climate-specificity,Local model,climatebert_multi_20260527T052620Z_aeacec
llm_84acc68eee8c,non,0.727389,False,distilroberta-base-climate-specificity,Local model,climatebert_multi_20260527T052620Z_aeacec
llm_85150e669923,spec,0.534504,False,distilroberta-base-climate-specificity,Local model,climatebert_multi_20260527T052620Z_aeacec
llm_7eca4c0e83a2,spec,0.601224,False,distilroberta-base-climate-specificity,Local model,climatebert_multi_20260527T052620Z_aeacec
llm_c1db0cab537e,spec,0.655857,False,distilroberta-base-climate-specificity,Local model,climatebert_multi_20260527T052620Z_aeacec
llm_974e7211858c,spec,0.678521,False,distilroberta-base-climate-specificity,Local model,climatebert_multi_20260527T052620Z_aeacec
llm_52f671c05b82,spec,0.601224,False,distilroberta-base-climate-specificity,Local model,climatebert_multi_20260527T052620Z_aeacec
llm_b98fe651d5c6,spec,0.534504,False,distilroberta-base-climate-specificity,Local model,climatebert_multi_20260527T052620Z_aeacec
llm_40b5ec8004ad,spec,0.593525,False,distilroberta-base-climate-specificity,Local model,climatebert_multi_20260527T052620Z_aeacec
llm_b70319bb374a,spec,0.639661,False,distilroberta-base-climate-specificity,Local model,climatebert_multi_20260527T052620Z_aeacec
llm_6d998ff67dac,spec,0.578454,False,distilroberta-base-climate-specificity,Local model,climatebert_multi_20260527T052620Z_aeacec
llm_0fc7b807c27b,spec,0.546895,False,distilroberta-base-climate-specificity,Local model,climatebert_multi_20260527T052620Z_aeacec
llm_0fe655973048,spec,0.570599,False,distilroberta-base-climate-specificity,Local model,climatebert_multi_20260527T052620Z_aeacec
llm_25b76097da51,spec,0.622257,False,distilroberta-base-climate-specificity,Local model,climatebert_multi_20260527T052620Z_aeacec
llm_f76182302d97,spec,0.50916,False,distilroberta-base-climate-specificity,Local model,climatebert_multi_20260527T052620Z_aeacec
llm_cbf5c95e39a6,spec,0.539361,False,distilroberta-base-climate-specificity,Local model,climatebert_multi_20260527T052620Z_aeacec
llm_0c425d806024,spec,0.639907,False,distilroberta-base-climate-specificity,Local model,climatebert_multi_20260527T052620Z_aeacec
llm_9d9eef38b118,non,0.652152,False,distilroberta-base-climate-specificity,Local model,climatebert_multi_20260527T052620Z_aeacec
llm_631daaadca1e,spec,0.576145,False,distilroberta-base-climate-specificity,Local model,climatebert_multi_20260527T052620Z_aeacec
llm_49963c52d161,spec,0.605775,False,distilroberta-base-climate-specificity,Local model,climatebert_multi_20260527T052620Z_aeacec
llm_f4929284af4c,spec,0.629069,False,distilroberta-base-climate-specificity,Local model,climatebert_multi_20260527T052620Z_aeacec
llm_b42eee6e7a50,spec,0.594244,False,distilroberta-base-climate-specificity,Local model,climatebert_multi_20260527T052620Z_aeacec
llm_daf62b4b9c70,spec,0.601002,False,distilroberta-base-climate-specificity,Local model,climatebert_multi_20260527T052620Z_aeacec
llm_b95ccc914151,spec,0.608304,False,distilroberta-base-climate-specificity,Local model,climatebert_multi_20260527T052620Z_aeacec
llm_4478d7ad1be3,spec,0.601224,False,distilroberta-base-climate-specificity,Local model,climatebert_multi_20260527T052620Z_aeacec
llm_1446808bb129,spec,0.507602,False,distilroberta-base-climate-specificity,Local model,climatebert_multi_20260527T052620Z_aeacec
llm_51d0b899dfa1,spec,0.610893,False,distilroberta-base-climate-specificity,Local model,climatebert_multi_20260527T052620Z_aeacec
llm_6b4102187ccb,spec,0.641972,False,distilroberta-base-climate-specificity,Local model,climatebert_multi_20260527T052620Z_aeacec
llm_e5b7e6edb01f,spec,0.592605,False,distilroberta-base-climate-specificity,Local model,climatebert_multi_20260527T052620Z_aeacec
llm_da227205d6be,spec,0.615092,False,distilroberta-base-climate-specificity,Local model,climatebert_multi_20260527T052620Z_aeacec
llm_0c368456220e,spec,0.535484,False,distilroberta-base-climate-specificity,Local model,climatebert_multi_20260527T052620Z_aeacec
llm_db0694aaefac,spec,0.593525,False,distilroberta-base-climate-specificity,Local model,climatebert_multi_20260527T052620Z_aeacec
llm_3e24d21a7e61,spec,0.578454,False,distilroberta-base-climate-specificity,Local model,climatebert_multi_20260527T052620Z_aeacec
llm_3d21cfaaa8d7,spec,0.546895,False,distilroberta-base-climate-specificity,Local model,climatebert_multi_20260527T052620Z_aeacec
llm_9328bf6b9375,spec,0.622257,False,distilroberta-base-climate-specificity,Local model,climatebert_multi_20260527T052620Z_aeacec
llm_36dc21886fef,spec,0.50916,False,distilroberta-base-climate-specificity,Local model,climatebert_multi_20260527T052620Z_aeacec
llm_1de17b33f8ad,spec,0.539361,False,distilroberta-base-climate-specificity,Local model,climatebert_multi_20260527T052620Z_aeacec
llm_e80cef962cfb,spec,0.639907,False,distilroberta-base-climate-specificity,Local model,climatebert_multi_20260527T052620Z_aeacec
llm_26b9b19d4f79,non,0.652152,False,distilroberta-base-climate-specificity,Local model,climatebert_multi_20260527T052620Z_aeacec
llm_7182c3b17604,spec,0.576145,False,distilroberta-base-climate-specificity,Local model,climatebert_multi_20260527T052620Z_aeacec
llm_cc89c179175a,spec,0.690249,False,distilroberta-base-climate-specificity,Local model,climatebert_multi_20260527T052620Z_aeacec
llm_5fe6171a79b5,non,0.651506,False,distilroberta-base-climate-specificity,Local model,climatebert_multi_20260527T052620Z_aeacec
llm_f79e970cbcf1,spec,0.582097,False,distilroberta-base-climate-specificity,Local model,climatebert_multi_20260527T052620Z_aeacec
llm_eecfb60bfe1c,spec,0.637511,False,distilroberta-base-climate-specificity,Local model,climatebert_multi_20260527T052620Z_aeacec
llm_8c693baa3d98,spec,0.537893,False,distilroberta-base-climate-specificity,Local model,climatebert_multi_20260527T052620Z_aeacec
llm_5bdc1ee4b901,spec,0.585842,False,distilroberta-base-climate-specificity,Local model,climatebert_multi_20260527T052620Z_aeacec
llm_bdfd22b53999,spec,0.593525,False,distilroberta-base-climate-specificity,Local model,climatebert_multi_20260527T052620Z_aeacec
llm_a9437da40550,spec,0.578454,False,distilroberta-base-climate-specificity,Local model,climatebert_multi_20260527T052620Z_aeacec
llm_67a9c482295f,spec,0.546895,False,distilroberta-base-climate-specificity,Local model,climatebert_multi_20260527T052620Z_aeacec
llm_ddccbd691a12,spec,0.622257,False,distilroberta-base-climate-specificity,Local model,climatebert_multi_20260527T052620Z_aeacec
llm_bdfad8942782,spec,0.50916,False,distilroberta-base-climate-specificity,Local model,climatebert_multi_20260527T052620Z_aeacec
llm_f3077122562f,spec,0.539361,False,distilroberta-base-climate-specificity,Local model,climatebert_multi_20260527T052620Z_aeacec
llm_224fcc152e3c,spec,0.639907,False,distilroberta-base-climate-specificity,Local model,climatebert_multi_20260527T052620Z_aeacec
llm_0d2a383b7e40,non,0.652152,False,distilroberta-base-climate-specificity,Local model,climatebert_multi_20260527T052620Z_aeacec
llm_c54fb5c84895,spec,0.576145,False,distilroberta-base-climate-specificity,Local model,climatebert_multi_20260527T052620Z_aeacec
llm_b7733b449dff,spec,0.605775,False,distilroberta-base-climate-specificity,Local model,climatebert_multi_20260527T052620Z_aeacec
llm_b5a6177948e8,spec,0.615254,False,distilroberta-base-climate-specificity,Local model,climatebert_multi_20260527T052620Z_aeacec
llm_7d5c176aadb7,spec,0.593525,False,distilroberta-base-climate-specificity,Local model,climatebert_multi_20260527T052620Z_aeacec
llm_cb671996dca0,spec,0.578454,False,distilroberta-base-climate-specificity,Local model,climatebert_multi_20260527T052620Z_aeacec
llm_f6fdd7227f64,spec,0.546895,False,distilroberta-base-climate-specificity,Local model,climatebert_multi_20260527T052620Z_aeacec
llm_917fe0b41f91,spec,0.622257,False,distilroberta-base-climate-specificity,Local model,climatebert_multi_20260527T052620Z_aeacec
llm_2e58bfe6dce6,spec,0.50916,False,distilroberta-base-climate-specificity,Local model,climatebert_multi_20260527T052620Z_aeacec
llm_ddce5bf8df81,spec,0.539361,False,distilroberta-base-climate-specificity,Local model,climatebert_multi_20260527T052620Z_aeacec
llm_4b38ab37c504,spec,0.639907,False,distilroberta-base-climate-specificity,Local model,climatebert_multi_20260527T052620Z_aeacec
llm_fb9b4bc85817,non,0.652152,False,distilroberta-base-climate-specificity,Local model,climatebert_multi_20260527T052620Z_aeacec
llm_43c49edf0176,spec,0.576145,False,distilroberta-base-climate-specificity,Local model,climatebert_multi_20260527T052620Z_aeacec
llm_7b75ef23a149,spec,0.605775,False,distilroberta-base-climate-specificity,Local model,climatebert_multi_20260527T052620Z_aeacec
llm_de271b27c34a,spec,0.629069,False,distilroberta-base-climate-specificity,Local model,climatebert_multi_20260527T052620Z_aeacec
llm_c31e45932b71,spec,0.593525,False,distilroberta-base-climate-specificity,Local model,climatebert_multi_20260527T052620Z_aeacec
llm_7f0325cf8569,spec,0.578454,False,distilroberta-base-climate-specificity,Local model,climatebert_multi_20260527T052620Z_aeacec
llm_395707567483,spec,0.546895,False,distilroberta-base-climate-specificity,Local model,climatebert_multi_20260527T052620Z_aeacec
llm_24a9591f4134,spec,0.622257,False,distilroberta-base-climate-specificity,Local model,climatebert_multi_20260527T052620Z_aeacec
llm_4ceec14ffde8,spec,0.50916,False,distilroberta-base-climate-specificity,Local model,climatebert_multi_20260527T052620Z_aeacec
llm_6ff715114da7,spec,0.539361,False,distilroberta-base-climate-specificity,Local model,climatebert_multi_20260527T052620Z_aeacec
llm_567649fe1390,spec,0.639907,False,distilroberta-base-climate-specificity,Local model,climatebert_multi_20260527T052620Z_aeacec
llm_9feca2c97705,non,0.652152,False,distilroberta-base-climate-specificity,Local model,climatebert_multi_20260527T052620Z_aeacec
llm_0ac2e0bbc3f2,spec,0.576145,False,distilroberta-base-climate-specificity,Local model,climatebert_multi_20260527T052620Z_aeacec
llm_2609ec0265c6,spec,0.605775,False,distilroberta-base-climate-specificity,Local model,climatebert_multi_20260527T052620Z_aeacec
llm_0ecf1592ef1d,spec,0.690249,False,distilroberta-base-climate-specificity,Local model,climatebert_multi_20260527T052620Z_aeacec
llm_11a78362e6bb,spec,0.549266,False,distilroberta-base-climate-specificity,Local model,climatebert_multi_20260527T052620Z_aeacec
llm_7c0c1bb93431,spec,0.594244,False,distilroberta-base-climate-specificity,Local model,climatebert_multi_20260527T052620Z_aeacec
llm_72d87a812f8e,spec,0.601002,False,distilroberta-base-climate-specificity,Local model,climatebert_multi_20260527T052620Z_aeacec
llm_7f3a4058e211,spec,0.608304,False,distilroberta-base-climate-specificity,Local model,climatebert_multi_20260527T052620Z_aeacec
llm_8f901d882dfc,non,0.727389,False,distilroberta-base-climate-specificity,Local model,climatebert_multi_20260527T052620Z_aeacec
llm_24d5cc793f53,spec,0.534504,False,distilroberta-base-climate-specificity,Local model,climatebert_multi_20260527T052620Z_aeacec
llm_a31a17ee4db8,spec,0.593525,False,distilroberta-base-climate-specificity,Local model,climatebert_multi_20260527T052620Z_aeacec
llm_6e5face6e3c2,spec,0.578454,False,distilroberta-base-climate-specificity,Local model,climatebert_multi_20260527T052620Z_aeacec
llm_6ad94840e9bb,spec,0.622257,False,distilroberta-base-climate-specificity,Local model,climatebert_multi_20260527T052620Z_aeacec
llm_3c13888ea3a6,spec,0.50916,False,distilroberta-base-climate-specificity,Local model,climatebert_multi_20260527T052620Z_aeacec
llm_60eb4fbfddb3,spec,0.539361,False,distilroberta-base-climate-specificity,Local model,climatebert_multi_20260527T052620Z_aeacec
llm_a361bd8b53bb,spec,0.639907,False,distilroberta-base-climate-specificity,Local model,climatebert_multi_20260527T052620Z_aeacec
llm_25e3ec95d17e,non,0.652152,False,distilroberta-base-climate-specificity,Local model,climatebert_multi_20260527T052620Z_aeacec
llm_7d793126751e,spec,0.576145,False,distilroberta-base-climate-specificity,Local model,climatebert_multi_20260527T052620Z_aeacec
llm_a14a3cdfc555,spec,0.689755,False,distilroberta-base-climate-specificity,Local model,climatebert_multi_20260527T052620Z_aeacec
llm_61c8754f4991,spec,0.536608,False,distilroberta-base-climate-specificity,Local model,climatebert_multi_20260527T052620Z_aeacec
llm_c72d4cdee274,spec,0.508436,False,distilroberta-base-climate-specificity,Local model,climatebert_multi_20260527T052620Z_aeacec
llm_c3fd411f44b8,spec,0.546895,False,distilroberta-base-climate-specificity,Local model,climatebert_multi_20260527T052620Z_aeacec
llm_1af7ce057794,spec,0.690249,False,distilroberta-base-climate-specificity,Local model,climatebert_multi_20260527T052620Z_aeacec
llm_ed3989f4a84b,spec,0.593525,False,distilroberta-base-climate-specificity,Local model,climatebert_multi_20260527T052620Z_aeacec
llm_9107de7a0766,spec,0.578454,False,distilroberta-base-climate-specificity,Local model,climatebert_multi_20260527T052620Z_aeacec
llm_ef1e84a034a8,spec,0.546895,False,distilroberta-base-climate-specificity,Local model,climatebert_multi_20260527T052620Z_aeacec
llm_0c4eb9cbd379,spec,0.622257,False,distilroberta-base-climate-specificity,Local model,climatebert_multi_20260527T052620Z_aeacec
llm_25082418cf6a,spec,0.50916,False,distilroberta-base-climate-specificity,Local model,climatebert_multi_20260527T052620Z_aeacec
llm_d22a2d5af49c,spec,0.539361,False,distilroberta-base-climate-specificity,Local model,climatebert_multi_20260527T052620Z_aeacec
llm_6684cd0186f8,spec,0.639907,False,distilroberta-base-climate-specificity,Local model,climatebert_multi_20260527T052620Z_aeacec
llm_8ec94749dbbf,non,0.652152,False,distilroberta-base-climate-specificity,Local model,climatebert_multi_20260527T052620Z_aeacec
llm_6ff25140a4e4,spec,0.576145,False,distilroberta-base-climate-specificity,Local model,climatebert_multi_20260527T052620Z_aeacec
llm_d51e19737400,spec,0.690249,False,distilroberta-base-climate-specificity,Local model,climatebert_multi_20260527T052620Z_aeacec
llm_daff9660e4c5,non,0.633003,False,distilroberta-base-climate-specificity,Local model,climatebert_multi_20260527T052620Z_aeacec
llm_7c9e89b754c6,spec,0.615254,False,distilroberta-base-climate-specificity,Local model,climatebert_multi_20260527T052620Z_aeacec
llm_082315a24967,spec,0.593525,False,distilroberta-base-climate-specificity,Local model,climatebert_multi_20260527T052620Z_aeacec
llm_9166bda9b342,spec,0.578454,False,distilroberta-base-climate-specificity,Local model,climatebert_multi_20260527T052620Z_aeacec
llm_6622212c68e1,spec,0.546895,False,distilroberta-base-climate-specificity,Local model,climatebert_multi_20260527T052620Z_aeacec
llm_6392e31748b1,spec,0.622257,False,distilroberta-base-climate-specificity,Local model,climatebert_multi_20260527T052620Z_aeacec
llm_32e16747cfc1,spec,0.50916,False,distilroberta-base-climate-specificity,Local model,climatebert_multi_20260527T052620Z_aeacec
llm_edc7c1111c62,spec,0.539361,False,distilroberta-base-climate-specificity,Local model,climatebert_multi_20260527T052620Z_aeacec
llm_a6b4dc451f15,spec,0.639907,False,distilroberta-base-climate-specificity,Local model,climatebert_multi_20260527T052620Z_aeacec
llm_f560d6434597,non,0.652152,False,distilroberta-base-climate-specificity,Local model,climatebert_multi_20260527T052620Z_aeacec
llm_e0cf4db62a46,spec,0.576145,False,distilroberta-base-climate-specificity,Local model,climatebert_multi_20260527T052620Z_aeacec
llm_8f5472957370,spec,0.605775,False,distilroberta-base-climate-specificity,Local model,climatebert_multi_20260527T052620Z_aeacec
llm_a72a7ffd0d90,spec,0.629069,False,distilroberta-base-climate-specificity,Local model,climatebert_multi_20260527T052620Z_aeacec
llm_09e653b31003,spec,0.690249,False,distilroberta-base-climate-specificity,Local model,climatebert_multi_20260527T052620Z_aeacec
llm_7f07b7b82de5,non,0.633003,False,distilroberta-base-climate-specificity,Local model,climatebert_multi_20260527T052620Z_aeacec
llm_76e172ce2dcd,spec,0.594244,False,distilroberta-base-climate-specificity,Local model,climatebert_multi_20260527T052620Z_aeacec
llm_0b57d1c0229d,spec,0.609083,False,distilroberta-base-climate-specificity,Local model,climatebert_multi_20260527T052620Z_aeacec
llm_50486cecf035,spec,0.534504,False,distilroberta-base-climate-specificity,Local model,climatebert_multi_20260527T052620Z_aeacec
llm_d771679c8188,spec,0.54494,False,distilroberta-base-climate-specificity,Local model,climatebert_multi_20260527T052620Z_aeacec
llm_63c254f68ff1,spec,0.691385,False,distilroberta-base-climate-specificity,Local model,climatebert_multi_20260527T052620Z_aeacec
llm_1536c7572ada,spec,0.593525,False,distilroberta-base-climate-specificity,Local model,climatebert_multi_20260527T052620Z_aeacec
llm_4833784e8c31,spec,0.578454,False,distilroberta-base-climate-specificity,Local model,climatebert_multi_20260527T052620Z_aeacec
llm_fd3864421a7f,spec,0.546895,False,distilroberta-base-climate-specificity,Local model,climatebert_multi_20260527T052620Z_aeacec
llm_0262cdfac3cc,spec,0.622257,False,distilroberta-base-climate-specificity,Local model,climatebert_multi_20260527T052620Z_aeacec
llm_08ebb8d24c30,spec,0.50916,False,distilroberta-base-climate-specificity,Local model,climatebert_multi_20260527T052620Z_aeacec
llm_1ff91e371e9f,spec,0.539361,False,distilroberta-base-climate-specificity,Local model,climatebert_multi_20260527T052620Z_aeacec
llm_e38b1d8f81a9,spec,0.639907,False,distilroberta-base-climate-specificity,Local model,climatebert_multi_20260527T052620Z_aeacec
llm_d1e97ff77e81,non,0.652152,False,distilroberta-base-climate-specificity,Local model,climatebert_multi_20260527T052620Z_aeacec
llm_fdbb208c8e9a,spec,0.576145,False,distilroberta-base-climate-specificity,Local model,climatebert_multi_20260527T052620Z_aeacec
llm_3670873d06e4,spec,0.605775,False,distilroberta-base-climate-specificity,Local model,climatebert_multi_20260527T052620Z_aeacec
llm_12140880aaca,spec,0.690249,False,distilroberta-base-climate-specificity,Local model,climatebert_multi_20260527T052620Z_aeacec
llm_7b78a5739774,non,0.651506,False,distilroberta-base-climate-specificity,Local model,climatebert_multi_20260527T052620Z_aeacec
llm_a190bab3e4bd,spec,0.597641,False,distilroberta-base-climate-specificity,Local model,climatebert_multi_20260527T052620Z_aeacec
llm_f2aaaa00c91e,spec,0.566295,False,distilroberta-base-climate-specificity,Local model,climatebert_multi_20260527T052620Z_aeacec
llm_8c8c5cb6f67b,spec,0.537893,False,distilroberta-base-climate-specificity,Local model,climatebert_multi_20260527T052620Z_aeacec
llm_b1be264bb677,spec,0.585842,False,distilroberta-base-climate-specificity,Local model,climatebert_multi_20260527T052620Z_aeacec
llm_0861c7741ab9,spec,0.534504,False,distilroberta-base-climate-specificity,Local model,climatebert_multi_20260527T052620Z_aeacec
llm_5b5ba8f18b76,spec,0.54314,False,distilroberta-base-climate-specificity,Local model,climatebert_multi_20260527T052620Z_aeacec
llm_3fe25a173258,spec,0.507711,False,distilroberta-base-climate-specificity,Local model,climatebert_multi_20260527T052620Z_aeacec
llm_73a90724148a,spec,0.593525,False,distilroberta-base-climate-specificity,Local model,climatebert_multi_20260527T052620Z_aeacec
llm_64ab63d79773,spec,0.578454,False,distilroberta-base-climate-specificity,Local model,climatebert_multi_20260527T052620Z_aeacec
llm_544b9b494243,spec,0.546895,False,distilroberta-base-climate-specificity,Local model,climatebert_multi_20260527T052620Z_aeacec
llm_1d78f7eb3dd5,spec,0.622257,False,distilroberta-base-climate-specificity,Local model,climatebert_multi_20260527T052620Z_aeacec
llm_4cb6a4d3a22e,spec,0.50916,False,distilroberta-base-climate-specificity,Local model,climatebert_multi_20260527T052620Z_aeacec
llm_9da32f414171,spec,0.539361,False,distilroberta-base-climate-specificity,Local model,climatebert_multi_20260527T052620Z_aeacec
llm_0572440ecb82,spec,0.639907,False,distilroberta-base-climate-specificity,Local model,climatebert_multi_20260527T052620Z_aeacec
llm_db17e3a023be,non,0.652152,False,distilroberta-base-climate-specificity,Local model,climatebert_multi_20260527T052620Z_aeacec
llm_f76bae394b61,spec,0.576145,False,distilroberta-base-climate-specificity,Local model,climatebert_multi_20260527T052620Z_aeacec
llm_6f272d9d8a02,spec,0.605775,False,distilroberta-base-climate-specificity,Local model,climatebert_multi_20260527T052620Z_aeacec
llm_8d0da24393d9,spec,0.629069,False,distilroberta-base-climate-specificity,Local model,climatebert_multi_20260527T052620Z_aeacec
llm_f62289bd388d,spec,0.690249,False,distilroberta-base-climate-specificity,Local model,climatebert_multi_20260527T052620Z_aeacec
llm_f38727b67a0d,non,0.633003,False,distilroberta-base-climate-specificity,Local model,climatebert_multi_20260527T052620Z_aeacec
llm_d4d639fe5a38,spec,0.534504,False,distilroberta-base-climate-specificity,Local model,climatebert_multi_20260527T052620Z_aeacec
llm_39d9f8f3a3dc,spec,0.594244,False,distilroberta-base-climate-specificity,Local model,climatebert_multi_20260527T052620Z_aeacec
llm_a995fb5aea3b,spec,0.601002,False,distilroberta-base-climate-specificity,Local model,climatebert_multi_20260527T052620Z_aeacec
llm_676275dfac07,spec,0.684347,False,distilroberta-base-climate-specificity,Local model,climatebert_multi_20260527T052620Z_aeacec
llm_b7ada2b1a463,spec,0.594244,False,distilroberta-base-climate-specificity,Local model,climatebert_multi_20260527T052620Z_aeacec
llm_a5873c6905e7,spec,0.601002,False,distilroberta-base-climate-specificity,Local model,climatebert_multi_20260527T052620Z_aeacec
llm_3ce539a6ec8b,spec,0.601224,False,distilroberta-base-climate-specificity,Local model,climatebert_multi_20260527T052620Z_aeacec
llm_f56d6b83f549,spec,0.534504,False,distilroberta-base-climate-specificity,Local model,climatebert_multi_20260527T052620Z_aeacec
llm_cb067eb97202,spec,0.54494,False,distilroberta-base-climate-specificity,Local model,climatebert_multi_20260527T052620Z_aeacec
llm_5382df6c2274,spec,0.593525,False,distilroberta-base-climate-specificity,Local model,climatebert_multi_20260527T052620Z_aeacec
llm_7df9e8a6bcd2,spec,0.578454,False,distilroberta-base-climate-specificity,Local model,climatebert_multi_20260527T052620Z_aeacec
llm_2ff1585ea0c2,spec,0.546895,False,distilroberta-base-climate-specificity,Local model,climatebert_multi_20260527T052620Z_aeacec
llm_c54345ee6403,spec,0.622257,False,distilroberta-base-climate-specificity,Local model,climatebert_multi_20260527T052620Z_aeacec
llm_6405b08be04f,spec,0.50916,False,distilroberta-base-climate-specificity,Local model,climatebert_multi_20260527T052620Z_aeacec
llm_311fdcd20cee,spec,0.539361,False,distilroberta-base-climate-specificity,Local model,climatebert_multi_20260527T052620Z_aeacec
llm_96b6fd949676,spec,0.639907,False,distilroberta-base-climate-specificity,Local model,climatebert_multi_20260527T052620Z_aeacec
llm_056d357883c2,non,0.652152,False,distilroberta-base-climate-specificity,Local model,climatebert_multi_20260527T052620Z_aeacec
llm_9d97e41bfb4a,spec,0.576145,False,distilroberta-base-climate-specificity,Local model,climatebert_multi_20260527T052620Z_aeacec
llm_325e0e9faa84,spec,0.605775,False,distilroberta-base-climate-specificity,Local model,climatebert_multi_20260527T052620Z_aeacec
llm_cc2b7b77309e,spec,0.655857,False,distilroberta-base-climate-specificity,Local model,climatebert_multi_20260527T052620Z_aeacec
llm_163c3f4ba86f,spec,0.706284,False,distilroberta-base-climate-specificity,Local model,climatebert_multi_20260527T052620Z_aeacec
llm_e96026ffd54e,spec,0.577144,False,distilroberta-base-climate-specificity,Local model,climatebert_multi_20260527T052620Z_aeacec
llm_d24ea8bc2575,spec,0.593525,False,distilroberta-base-climate-specificity,Local model,climatebert_multi_20260527T052620Z_aeacec
llm_d8c53bf3fe61,spec,0.578454,False,distilroberta-base-climate-specificity,Local model,climatebert_multi_20260527T052620Z_aeacec
llm_0d5bf1b202af,spec,0.622257,False,distilroberta-base-climate-specificity,Local model,climatebert_multi_20260527T052620Z_aeacec
llm_5470d6fb4e2f,spec,0.50916,False,distilroberta-base-climate-specificity,Local model,climatebert_multi_20260527T052620Z_aeacec
llm_4315a031783e,spec,0.539361,False,distilroberta-base-climate-specificity,Local model,climatebert_multi_20260527T052620Z_aeacec
llm_e47e03478f10,spec,0.639907,False,distilroberta-base-climate-specificity,Local model,climatebert_multi_20260527T052620Z_aeacec
llm_df82abae0987,non,0.652152,False,distilroberta-base-climate-specificity,Local model,climatebert_multi_20260527T052620Z_aeacec
llm_d9656f2fbe78,spec,0.576145,False,distilroberta-base-climate-specificity,Local model,climatebert_multi_20260527T052620Z_aeacec
llm_216eecfef650,spec,0.546895,False,distilroberta-base-climate-specificity,Local model,climatebert_multi_20260527T052620Z_aeacec
llm_2c54296f68c4,spec,0.593525,False,distilroberta-base-climate-specificity,Local model,climatebert_multi_20260527T052620Z_aeacec
llm_8aa10a99e16e,spec,0.578454,False,distilroberta-base-climate-specificity,Local model,climatebert_multi_20260527T052620Z_aeacec
llm_9c7e7ed8977d,spec,0.546895,False,distilroberta-base-climate-specificity,Local model,climatebert_multi_20260527T052620Z_aeacec
llm_336e653988a2,spec,0.622257,False,distilroberta-base-climate-specificity,Local model,climatebert_multi_20260527T052620Z_aeacec
llm_d9ca14d4de38,spec,0.50916,False,distilroberta-base-climate-specificity,Local model,climatebert_multi_20260527T052620Z_aeacec
llm_440df0e3ab7e,spec,0.539361,False,distilroberta-base-climate-specificity,Local model,climatebert_multi_20260527T052620Z_aeacec
llm_afb3ab4d1e06,spec,0.639907,False,distilroberta-base-climate-specificity,Local model,climatebert_multi_20260527T052620Z_aeacec
llm_41b15b028ce9,non,0.652152,False,distilroberta-base-climate-specificity,Local model,climatebert_multi_20260527T052620Z_aeacec
llm_8ace46345363,spec,0.576145,False,distilroberta-base-climate-specificity,Local model,climatebert_multi_20260527T052620Z_aeacec
llm_09a110d02ef2,spec,0.690249,False,distilroberta-base-climate-specificity,Local model,climatebert_multi_20260527T052620Z_aeacec
llm_b213e7dab049,non,0.519517,False,distilroberta-base-climate-specificity,Local model,climatebert_multi_20260527T052620Z_aeacec
llm_cc262b7905b4,spec,0.595106,False,distilroberta-base-climate-specificity,Local model,climatebert_multi_20260527T052620Z_aeacec
llm_275117ca3e97,spec,0.50387,False,distilroberta-base-climate-specificity,Local model,climatebert_multi_20260527T052620Z_aeacec
llm_dec0aed04e73,spec,0.593525,False,distilroberta-base-climate-specificity,Local model,climatebert_multi_20260527T052620Z_aeacec
llm_ded8189ac035,spec,0.578454,False,distilroberta-base-climate-specificity,Local model,climatebert_multi_20260527T052620Z_aeacec
llm_1be56b848bf6,spec,0.546895,False,distilroberta-base-climate-specificity,Local model,climatebert_multi_20260527T052620Z_aeacec
llm_b17371854aab,spec,0.622257,False,distilroberta-base-climate-specificity,Local model,climatebert_multi_20260527T052620Z_aeacec
llm_130cd12f800a,spec,0.50916,False,distilroberta-base-climate-specificity,Local model,climatebert_multi_20260527T052620Z_aeacec
llm_0524042693b2,spec,0.539361,False,distilroberta-base-climate-specificity,Local model,climatebert_multi_20260527T052620Z_aeacec
llm_b59aba639c53,spec,0.639907,False,distilroberta-base-climate-specificity,Local model,climatebert_multi_20260527T052620Z_aeacec
llm_2f671e83994c,non,0.675144,False,distilroberta-base-climate-specificity,Local model,climatebert_multi_20260527T052620Z_aeacec
llm_71893cd17b52,spec,0.576145,False,distilroberta-base-climate-specificity,Local model,climatebert_multi_20260527T052620Z_aeacec
llm_690ab031f921,spec,0.566295,False,distilroberta-base-climate-specificity,Local model,climatebert_multi_20260527T052620Z_aeacec
llm_dc8a36053ff5,spec,0.579072,False,distilroberta-base-climate-specificity,Local model,climatebert_multi_20260527T052620Z_aeacec
llm_53666e34c45c,spec,0.593525,False,distilroberta-base-climate-specificity,Local model,climatebert_multi_20260527T052620Z_aeacec
llm_733b0faa9b4b,spec,0.578454,False,distilroberta-base-climate-specificity,Local model,climatebert_multi_20260527T052620Z_aeacec
llm_87d1a72ee456,spec,0.622257,False,distilroberta-base-climate-specificity,Local model,climatebert_multi_20260527T052620Z_aeacec
llm_6eddabdd4c51,spec,0.50916,False,distilroberta-base-climate-specificity,Local model,climatebert_multi_20260527T052620Z_aeacec
llm_d4b8e3e7f04a,spec,0.539361,False,distilroberta-base-climate-specificity,Local model,climatebert_multi_20260527T052620Z_aeacec
llm_7d754a55d276,spec,0.639907,False,distilroberta-base-climate-specificity,Local model,climatebert_multi_20260527T052620Z_aeacec
llm_07ac2da39340,non,0.652152,False,distilroberta-base-climate-specificity,Local model,climatebert_multi_20260527T052620Z_aeacec
llm_c334141dd710,spec,0.576145,False,distilroberta-base-climate-specificity,Local model,climatebert_multi_20260527T052620Z_aeacec
llm_8aa69af3cb0d,spec,0.605775,False,distilroberta-base-climate-specificity,Local model,climatebert_multi_20260527T052620Z_aeacec
llm_a81ac32d209b,spec,0.593525,False,distilroberta-base-climate-specificity,Local model,climatebert_multi_20260527T052620Z_aeacec
llm_7099ea73b998,spec,0.578454,False,distilroberta-base-climate-specificity,Local model,climatebert_multi_20260527T052620Z_aeacec
llm_ce8475b2281b,spec,0.622257,False,distilroberta-base-climate-specificity,Local model,climatebert_multi_20260527T052620Z_aeacec
llm_e8de37261cdc,spec,0.50916,False,distilroberta-base-climate-specificity,Local model,climatebert_multi_20260527T052620Z_aeacec
llm_946bce2f7117,spec,0.539361,False,distilroberta-base-climate-specificity,Local model,climatebert_multi_20260527T052620Z_aeacec
llm_1ca7ea63f6ba,non,0.652152,False,distilroberta-base-climate-specificity,Local model,climatebert_multi_20260527T052620Z_aeacec
llm_99f480676604,spec,0.629069,False,distilroberta-base-climate-specificity,Local model,climatebert_multi_20260527T052620Z_aeacec
llm_ca6fbb44bd56,spec,0.614644,False,distilroberta-base-climate-specificity,Local model,climatebert_multi_20260527T052620Z_aeacec
llm_965bdfcf54b2,spec,0.700832,False,distilroberta-base-climate-specificity,Local model,climatebert_multi_20260527T052620Z_aeacec
llm_37fe46adef37,non,0.517996,False,distilroberta-base-climate-specificity,Local model,climatebert_multi_20260527T052620Z_aeacec
llm_071843a89e1f,spec,0.657545,False,distilroberta-base-climate-specificity,Local model,climatebert_multi_20260527T052620Z_aeacec
llm_4091c4796a2d,non,0.586926,False,distilroberta-base-climate-specificity,Local model,climatebert_multi_20260527T052620Z_aeacec
llm_b1429848bbec,spec,0.526115,False,distilroberta-base-climate-specificity,Local model,climatebert_multi_20260527T052620Z_aeacec
llm_ab4b319a6510,spec,0.610792,False,distilroberta-base-climate-specificity,Local model,climatebert_multi_20260527T052620Z_aeacec
llm_f6de7ed53130,spec,0.58696,False,distilroberta-base-climate-specificity,Local model,climatebert_multi_20260527T052620Z_aeacec
llm_3119bc302c63,spec,0.594278,False,distilroberta-base-climate-specificity,Local model,climatebert_multi_20260527T052620Z_aeacec
llm_0c3d0d28c323,spec,0.617083,False,distilroberta-base-climate-specificity,Local model,climatebert_multi_20260527T052620Z_aeacec
llm_e9433d85d7ef,non,0.519565,False,distilroberta-base-climate-specificity,Local model,climatebert_multi_20260527T052620Z_aeacec
llm_e3eaa6df0d1e,spec,0.589389,False,distilroberta-base-climate-specificity,Local model,climatebert_multi_20260527T052620Z_aeacec
llm_b9d5000889e6,spec,0.624326,False,distilroberta-base-climate-specificity,Local model,climatebert_multi_20260527T052620Z_aeacec
llm_f7dd6e819efa,spec,0.592479,False,distilroberta-base-climate-specificity,Local model,climatebert_multi_20260527T052620Z_aeacec
llm_2f7b4127c796,spec,0.519436,False,distilroberta-base-climate-specificity,Local model,climatebert_multi_20260527T052620Z_aeacec
llm_43b6754050d5,spec,0.606353,False,distilroberta-base-climate-specificity,Local model,climatebert_multi_20260527T052620Z_aeacec
llm_e77bafa98606,spec,0.563429,False,distilroberta-base-climate-specificity,Local model,climatebert_multi_20260527T052620Z_aeacec
llm_c6ac759bc602,non,0.520786,False,distilroberta-base-climate-specificity,Local model,climatebert_multi_20260527T052620Z_aeacec
llm_92883c51f666,non,0.514325,False,distilroberta-base-climate-specificity,Local model,climatebert_multi_20260527T052620Z_aeacec
llm_041e4618ad74,non,0.549766,False,distilroberta-base-climate-specificity,Local model,climatebert_multi_20260527T052620Z_aeacec
llm_dc8cd72fa780,non,0.52848,False,distilroberta-base-climate-specificity,Local model,climatebert_multi_20260527T052620Z_aeacec
llm_6007e0064014,spec,0.526115,False,distilroberta-base-climate-specificity,Local model,climatebert_multi_20260527T052620Z_aeacec
llm_dbb9ac7e0e2d,spec,0.607177,False,distilroberta-base-climate-specificity,Local model,climatebert_multi_20260527T052620Z_aeacec
llm_acc8e6526e52,spec,0.700832,False,distilroberta-base-climate-specificity,Local model,climatebert_multi_20260527T052620Z_aeacec
llm_f72851c2e625,spec,0.630908,False,distilroberta-base-climate-specificity,Local model,climatebert_multi_20260527T052620Z_aeacec
llm_3937a1eee1b8,non,0.586926,False,distilroberta-base-climate-specificity,Local model,climatebert_multi_20260527T052620Z_aeacec
llm_237e10000406,spec,0.526115,False,distilroberta-base-climate-specificity,Local model,climatebert_multi_20260527T052620Z_aeacec
llm_595bd69781aa,spec,0.620986,False,distilroberta-base-climate-specificity,Local model,climatebert_multi_20260527T052620Z_aeacec
llm_a58db23535fa,spec,0.63074,False,distilroberta-base-climate-specificity,Local model,climatebert_multi_20260527T052620Z_aeacec
llm_094b434ba49f,spec,0.586366,False,distilroberta-base-climate-specificity,Local model,climatebert_multi_20260527T052620Z_aeacec
llm_effb80ce2b86,spec,0.505326,False,distilroberta-base-climate-specificity,Local model,climatebert_multi_20260527T052620Z_aeacec
llm_f603c42f10c0,spec,0.51466,False,distilroberta-base-climate-specificity,Local model,climatebert_multi_20260527T052620Z_aeacec
llm_034dd068de4c,non,0.576946,False,distilroberta-base-climate-specificity,Local model,climatebert_multi_20260527T052620Z_aeacec
llm_f40dfed46438,spec,0.501867,False,distilroberta-base-climate-specificity,Local model,climatebert_multi_20260527T052620Z_aeacec
llm_f59e8eaa14dc,spec,0.538255,False,distilroberta-base-climate-specificity,Local model,climatebert_multi_20260527T052620Z_aeacec
llm_3a767d2e086a,non,0.545833,False,distilroberta-base-climate-specificity,Local model,climatebert_multi_20260527T052620Z_aeacec
llm_4794c825fb35,non,0.509642,False,distilroberta-base-climate-specificity,Local model,climatebert_multi_20260527T052620Z_aeacec
llm_f4a546fbd05e,non,0.533406,False,distilroberta-base-climate-specificity,Local model,climatebert_multi_20260527T052620Z_aeacec
llm_a9b44ba28bc0,non,0.519248,False,distilroberta-base-climate-specificity,Local model,climatebert_multi_20260527T052620Z_aeacec
llm_09ae47cc2e5f,spec,0.530505,False,distilroberta-base-climate-specificity,Local model,climatebert_multi_20260527T052620Z_aeacec
llm_19a881d8d8be,spec,0.522162,False,distilroberta-base-climate-specificity,Local model,climatebert_multi_20260527T052620Z_aeacec
llm_8b59a8846780,non,0.503492,False,distilroberta-base-climate-specificity,Local model,climatebert_multi_20260527T052620Z_aeacec
llm_b9edecf664e5,non,0.546376,False,distilroberta-base-climate-specificity,Local model,climatebert_multi_20260527T052620Z_aeacec
llm_74bda96a8a1a,spec,0.589539,False,distilroberta-base-climate-specificity,Local model,climatebert_multi_20260527T052620Z_aeacec
llm_bf161952578c,spec,0.600115,False,distilroberta-base-climate-specificity,Local model,climatebert_multi_20260527T052620Z_aeacec
llm_e33a45231d34,spec,0.588195,False,distilroberta-base-climate-specificity,Local model,climatebert_multi_20260527T052620Z_aeacec
llm_c1608abeb649,spec,0.615092,False,distilroberta-base-climate-specificity,Local model,climatebert_multi_20260527T052620Z_aeacec
llm_58cd81baa0ad,spec,0.576315,False,distilroberta-base-climate-specificity,Local model,climatebert_multi_20260527T052620Z_aeacec
llm_1e24c29d900b,spec,0.67824,False,distilroberta-base-climate-specificity,Local model,climatebert_multi_20260527T052620Z_aeacec
llm_938a3d116035,spec,0.654962,False,distilroberta-base-climate-specificity,Local model,climatebert_multi_20260527T052620Z_aeacec
llm_5db70908323c,spec,0.657545,False,distilroberta-base-climate-specificity,Local model,climatebert_multi_20260527T052620Z_aeacec
llm_9e38d15f7e3e,non,0.586926,False,distilroberta-base-climate-specificity,Local model,climatebert_multi_20260527T052620Z_aeacec
llm_793678749953,non,0.519565,False,distilroberta-base-climate-specificity,Local model,climatebert_multi_20260527T052620Z_aeacec
llm_cd966d4023da,spec,0.526115,False,distilroberta-base-climate-specificity,Local model,climatebert_multi_20260527T052620Z_aeacec
llm_568d3435c243,non,0.515296,False,distilroberta-base-climate-specificity,Local model,climatebert_multi_20260527T052620Z_aeacec
llm_39afb9b223c8,spec,0.653437,False,distilroberta-base-climate-specificity,Local model,climatebert_multi_20260527T052620Z_aeacec
llm_387ebdb972a0,spec,0.552247,False,distilroberta-base-climate-specificity,Local model,climatebert_multi_20260527T052620Z_aeacec
llm_b052ce00b4a3,spec,0.614959,False,distilroberta-base-climate-specificity,Local model,climatebert_multi_20260527T052620Z_aeacec
llm_3018b68d383d,spec,0.547317,False,distilroberta-base-climate-specificity,Local model,climatebert_multi_20260527T052620Z_aeacec
llm_837b61e35775,spec,0.756192,False,distilroberta-base-climate-specificity,Local model,climatebert_multi_20260527T052620Z_aeacec
llm_b449c5b333bd,spec,0.534504,False,distilroberta-base-climate-specificity,Local model,climatebert_multi_20260527T052620Z_aeacec
llm_b8cd6a7efe6c,spec,0.594244,False,distilroberta-base-climate-specificity,Local model,climatebert_multi_20260527T052620Z_aeacec
llm_b5e3d92b43d6,spec,0.601002,False,distilroberta-base-climate-specificity,Local model,climatebert_multi_20260527T052620Z_aeacec
llm_6896f99f3ac6,non,0.661035,False,distilroberta-base-climate-specificity,Local model,climatebert_multi_20260527T052620Z_aeacec
llm_9e30951da5ea,spec,0.594244,False,distilroberta-base-climate-specificity,Local model,climatebert_multi_20260527T052620Z_aeacec
llm_2fe9d0e45c12,spec,0.609083,False,distilroberta-base-climate-specificity,Local model,climatebert_multi_20260527T052620Z_aeacec
llm_2e7d7d68cf59,spec,0.608304,False,distilroberta-base-climate-specificity,Local model,climatebert_multi_20260527T052620Z_aeacec
llm_46d08733b6ab,spec,0.534504,False,distilroberta-base-climate-specificity,Local model,climatebert_multi_20260527T052620Z_aeacec
llm_a8523a531d6a,spec,0.75913,False,distilroberta-base-climate-specificity,Local model,climatebert_multi_20260527T052620Z_aeacec
llm_77e5bf494406,spec,0.534504,False,distilroberta-base-climate-specificity,Local model,climatebert_multi_20260527T052620Z_aeacec
llm_bf1efc8f28de,spec,0.594244,False,distilroberta-base-climate-specificity,Local model,climatebert_multi_20260527T052620Z_aeacec
llm_519b0e85bc05,spec,0.605161,False,distilroberta-base-climate-specificity,Local model,climatebert_multi_20260527T052620Z_aeacec
llm_874b001c77f7,spec,0.594244,False,distilroberta-base-climate-specificity,Local model,climatebert_multi_20260527T052620Z_aeacec
llm_44d715c6d55e,spec,0.609083,False,distilroberta-base-climate-specificity,Local model,climatebert_multi_20260527T052620Z_aeacec
llm_35454a797ad7,spec,0.601224,False,distilroberta-base-climate-specificity,Local model,climatebert_multi_20260527T052620Z_aeacec
llm_24789545b6b5,spec,0.534504,False,distilroberta-base-climate-specificity,Local model,climatebert_multi_20260527T052620Z_aeacec
llm_e8879b9629ea,spec,0.652244,False,distilroberta-base-climate-specificity,Local model,climatebert_multi_20260527T052620Z_aeacec
llm_acaf0d3e394d,non,0.727389,False,distilroberta-base-climate-specificity,Local model,climatebert_multi_20260527T052620Z_aeacec
llm_34ede692cbb3,spec,0.594244,False,distilroberta-base-climate-specificity,Local model,climatebert_multi_20260527T052620Z_aeacec
llm_2a51ba48d464,spec,0.609083,False,distilroberta-base-climate-specificity,Local model,climatebert_multi_20260527T052620Z_aeacec
llm_6ca6717fe9f8,spec,0.534504,False,distilroberta-base-climate-specificity,Local model,climatebert_multi_20260527T052620Z_aeacec
llm_85545b8998ac,non,0.661035,False,distilroberta-base-climate-specificity,Local model,climatebert_multi_20260527T052620Z_aeacec
llm_0435560f1c22,spec,0.594244,False,distilroberta-base-climate-specificity,Local model,climatebert_multi_20260527T052620Z_aeacec
llm_c9d8133cc1df,spec,0.601002,False,distilroberta-base-climate-specificity,Local model,climatebert_multi_20260527T052620Z_aeacec
llm_049e5868b0a1,spec,0.608304,False,distilroberta-base-climate-specificity,Local model,climatebert_multi_20260527T052620Z_aeacec
llm_c9f23afb4e39,non,0.628225,False,distilroberta-base-climate-specificity,Local model,climatebert_multi_20260527T052620Z_aeacec
llm_d14555bb7aeb,spec,0.534504,False,distilroberta-base-climate-specificity,Local model,climatebert_multi_20260527T052620Z_aeacec
llm_bad931d34d10,spec,0.594244,False,distilroberta-base-climate-specificity,Local model,climatebert_multi_20260527T052620Z_aeacec
llm_7a5850113785,spec,0.609083,False,distilroberta-base-climate-specificity,Local model,climatebert_multi_20260527T052620Z_aeacec
llm_2dc77b08adea,spec,0.608304,False,distilroberta-base-climate-specificity,Local model,climatebert_multi_20260527T052620Z_aeacec
llm_95fd4266487f,non,0.695538,False,distilroberta-base-climate-specificity,Local model,climatebert_multi_20260527T052620Z_aeacec
llm_8aaaa8de455c,spec,0.534504,False,distilroberta-base-climate-specificity,Local model,climatebert_multi_20260527T052620Z_aeacec
llm_08c923565264,spec,0.582608,False,distilroberta-base-climate-specificity,Local model,climatebert_multi_20260527T052620Z_aeacec
llm_346c35594c82,spec,0.594244,False,distilroberta-base-climate-specificity,Local model,climatebert_multi_20260527T052620Z_aeacec
llm_8f653e287520,spec,0.601002,False,distilroberta-base-climate-specificity,Local model,climatebert_multi_20260527T052620Z_aeacec
llm_6bf21e948330,spec,0.648306,False,distilroberta-base-climate-specificity,Local model,climatebert_multi_20260527T052620Z_aeacec
llm_0ccb4f718102,non,0.727389,False,distilroberta-base-climate-specificity,Local model,climatebert_multi_20260527T052620Z_aeacec
llm_e5d0fbad7dc0,spec,0.601224,False,distilroberta-base-climate-specificity,Local model,climatebert_multi_20260527T052620Z_aeacec
llm_c7a314c17cfb,spec,0.534504,False,distilroberta-base-climate-specificity,Local model,climatebert_multi_20260527T052620Z_aeacec
llm_e5214c4b81c1,spec,0.684347,False,distilroberta-base-climate-specificity,Local model,climatebert_multi_20260527T052620Z_aeacec
llm_d255f77c0362,spec,0.633612,False,distilroberta-base-climate-specificity,Local model,climatebert_multi_20260527T052620Z_aeacec
llm_09ecfa8f76dd,spec,0.574453,False,distilroberta-base-climate-specificity,Local model,climatebert_multi_20260527T052620Z_aeacec
llm_c349c9f7bf0a,spec,0.561623,False,distilroberta-base-climate-specificity,Local model,climatebert_multi_20260527T052620Z_aeacec
llm_64ac3459bde9,spec,0.594244,False,distilroberta-base-climate-specificity,Local model,climatebert_multi_20260527T052620Z_aeacec
llm_0f7d8e2acfb8,spec,0.601002,False,distilroberta-base-climate-specificity,Local model,climatebert_multi_20260527T052620Z_aeacec
llm_85f3af607713,spec,0.601224,False,distilroberta-base-climate-specificity,Local model,climatebert_multi_20260527T052620Z_aeacec
llm_ea2f29ee4cac,spec,0.534504,False,distilroberta-base-climate-specificity,Local model,climatebert_multi_20260527T052620Z_aeacec
llm_561b22d40b5d,spec,0.594244,False,distilroberta-base-climate-specificity,Local model,climatebert_multi_20260527T052620Z_aeacec
llm_ff669a04673d,spec,0.601002,False,distilroberta-base-climate-specificity,Local model,climatebert_multi_20260527T052620Z_aeacec
llm_bfaaa20292f6,spec,0.534504,False,distilroberta-base-climate-specificity,Local model,climatebert_multi_20260527T052620Z_aeacec
llm_b8954d63aee6,spec,0.549779,False,distilroberta-base-climate-specificity,Local model,climatebert_multi_20260527T052620Z_aeacec
llm_fc4ab8a81451,spec,0.534504,False,distilroberta-base-climate-specificity,Local model,climatebert_multi_20260527T052620Z_aeacec
llm_8070ed63b1be,spec,0.594244,False,distilroberta-base-climate-specificity,Local model,climatebert_multi_20260527T052620Z_aeacec
llm_a0e6ac355c64,spec,0.609083,False,distilroberta-base-climate-specificity,Local model,climatebert_multi_20260527T052620Z_aeacec
llm_f0f729c00527,non,0.661035,False,distilroberta-base-climate-specificity,Local model,climatebert_multi_20260527T052620Z_aeacec
llm_a300d28dba31,spec,0.70915,False,distilroberta-base-climate-specificity,Local model,climatebert_multi_20260527T052620Z_aeacec
llm_2c7041f2ee93,spec,0.601224,False,distilroberta-base-climate-specificity,Local model,climatebert_multi_20260527T052620Z_aeacec
llm_d365f61306be,spec,0.534504,False,distilroberta-base-climate-specificity,Local model,climatebert_multi_20260527T052620Z_aeacec
llm_cc2a48aa712e,spec,0.594244,False,distilroberta-base-climate-specificity,Local model,climatebert_multi_20260527T052620Z_aeacec
llm_bf9655cf3d06,spec,0.605161,False,distilroberta-base-climate-specificity,Local model,climatebert_multi_20260527T052620Z_aeacec
llm_c05815eff971,spec,0.61234,False,distilroberta-base-climate-specificity,Local model,climatebert_multi_20260527T052620Z_aeacec
llm_91c391b5c70e,spec,0.717321,False,distilroberta-base-climate-specificity,Local model,climatebert_multi_20260527T052620Z_aeacec
llm_6801d672eb7f,spec,0.599939,False,distilroberta-base-climate-specificity,Local model,climatebert_multi_20260527T052620Z_aeacec
llm_0f12558aa2e7,spec,0.655857,False,distilroberta-base-climate-specificity,Local model,climatebert_multi_20260527T052620Z_aeacec
llm_1e5d6209bed6,spec,0.784068,False,distilroberta-base-climate-specificity,Local model,climatebert_multi_20260527T052620Z_aeacec
llm_aaddb7025077,spec,0.583959,False,distilroberta-base-climate-specificity,Local model,climatebert_multi_20260527T052620Z_aeacec
llm_02f08fe4b5c0,spec,0.627705,False,distilroberta-base-climate-specificity,Local model,climatebert_multi_20260527T052620Z_aeacec
llm_b441e3a63761,spec,0.655857,False,distilroberta-base-climate-specificity,Local model,climatebert_multi_20260527T052620Z_aeacec
llm_8d556660cc5f,spec,0.648306,False,distilroberta-base-climate-specificity,Local model,climatebert_multi_20260527T052620Z_aeacec
llm_028b18ef5a00,non,0.727389,False,distilroberta-base-climate-specificity,Local model,climatebert_multi_20260527T052620Z_aeacec
llm_6743861f1b8d,spec,0.594244,False,distilroberta-base-climate-specificity,Local model,climatebert_multi_20260527T052620Z_aeacec
llm_f74ff66a28f0,spec,0.601002,False,distilroberta-base-climate-specificity,Local model,climatebert_multi_20260527T052620Z_aeacec
llm_12a731f8b388,spec,0.581417,False,distilroberta-base-climate-specificity,Local model,climatebert_multi_20260527T052620Z_aeacec
llm_f64b66be020d,spec,0.534504,False,distilroberta-base-climate-specificity,Local model,climatebert_multi_20260527T052620Z_aeacec
llm_74a285020e96,spec,0.531584,False,distilroberta-base-climate-specificity,Local model,climatebert_multi_20260527T052620Z_aeacec
llm_4e607c85828d,spec,0.726778,False,distilroberta-base-climate-specificity,Local model,climatebert_multi_20260527T052620Z_aeacec
llm_c225645b05db,spec,0.76269,False,distilroberta-base-climate-specificity,Local model,climatebert_multi_20260527T052620Z_aeacec
llm_658c94928de9,spec,0.594244,False,distilroberta-base-climate-specificity,Local model,climatebert_multi_20260527T052620Z_aeacec
llm_2fbcc29cd981,spec,0.601002,False,distilroberta-base-climate-specificity,Local model,climatebert_multi_20260527T052620Z_aeacec
llm_df0000ddb892,spec,0.513597,False,distilroberta-base-climate-specificity,Local model,climatebert_multi_20260527T052620Z_aeacec
llm_321aea8bd70e,spec,0.686129,False,distilroberta-base-climate-specificity,Local model,climatebert_multi_20260527T052620Z_aeacec
llm_402698d26c5e,spec,0.65663,False,distilroberta-base-climate-specificity,Local model,climatebert_multi_20260527T052620Z_aeacec
llm_1912c153e794,spec,0.69215,False,distilroberta-base-climate-specificity,Local model,climatebert_multi_20260527T052620Z_aeacec
llm_5e3ca9e90011,spec,0.534504,False,distilroberta-base-climate-specificity,Local model,climatebert_multi_20260527T052620Z_aeacec
llm_61bb99bd1177,spec,0.594244,False,distilroberta-base-climate-specificity,Local model,climatebert_multi_20260527T052620Z_aeacec
llm_b2bad29a51a3,spec,0.601002,False,distilroberta-base-climate-specificity,Local model,climatebert_multi_20260527T052620Z_aeacec
llm_e388a7a5c309,spec,0.601224,False,distilroberta-base-climate-specificity,Local model,climatebert_multi_20260527T052620Z_aeacec
llm_76ea1d994d25,spec,0.534504,False,distilroberta-base-climate-specificity,Local model,climatebert_multi_20260527T052620Z_aeacec
llm_12c9947ecafd,spec,0.608304,False,distilroberta-base-climate-specificity,Local model,climatebert_multi_20260527T052620Z_aeacec
llm_c553a771aef8,non,0.759585,False,distilroberta-base-climate-specificity,Local model,climatebert_multi_20260527T052620Z_aeacec
llm_78f674e3b939,spec,0.655857,False,distilroberta-base-climate-specificity,Local model,climatebert_multi_20260527T052620Z_aeacec
llm_a47aca98d81b,spec,0.608304,False,distilroberta-base-climate-specificity,Local model,climatebert_multi_20260527T052620Z_aeacec
llm_e4ab23a3cf80,spec,0.534504,False,distilroberta-base-climate-specificity,Local model,climatebert_multi_20260527T052620Z_aeacec
llm_29d174e41d15,spec,0.531584,False,distilroberta-base-climate-specificity,Local model,climatebert_multi_20260527T052620Z_aeacec
llm_00c62efa9255,spec,0.608304,False,distilroberta-base-climate-specificity,Local model,climatebert_multi_20260527T052620Z_aeacec
llm_99bd5f49ca16,non,0.727389,False,distilroberta-base-climate-specificity,Local model,climatebert_multi_20260527T052620Z_aeacec
llm_03fbfd5d2a55,spec,0.534504,False,distilroberta-base-climate-specificity,Local model,climatebert_multi_20260527T052620Z_aeacec
llm_51eb0df3ca23,spec,0.594244,False,distilroberta-base-climate-specificity,Local model,climatebert_multi_20260527T052620Z_aeacec
llm_009f54c33482,spec,0.601002,False,distilroberta-base-climate-specificity,Local model,climatebert_multi_20260527T052620Z_aeacec
llm_d402acdc3d27,spec,0.601224,False,distilroberta-base-climate-specificity,Local model,climatebert_multi_20260527T052620Z_aeacec
llm_4f62bba57707,spec,0.594244,False,distilroberta-base-climate-specificity,Local model,climatebert_multi_20260527T052620Z_aeacec
llm_1c72001e6b68,spec,0.601002,False,distilroberta-base-climate-specificity,Local model,climatebert_multi_20260527T052620Z_aeacec
llm_5cc82fb20d50,spec,0.601224,False,distilroberta-base-climate-specificity,Local model,climatebert_multi_20260527T052620Z_aeacec
llm_2b3eee96debd,spec,0.601224,False,distilroberta-base-climate-specificity,Local model,climatebert_multi_20260527T052620Z_aeacec
llm_8a6e03b699ed,spec,0.534504,False,distilroberta-base-climate-specificity,Local model,climatebert_multi_20260527T052620Z_aeacec
llm_634f225bf988,spec,0.594244,False,distilroberta-base-climate-specificity,Local model,climatebert_multi_20260527T052620Z_aeacec
llm_4a015efe72cd,spec,0.601002,False,distilroberta-base-climate-specificity,Local model,climatebert_multi_20260527T052620Z_aeacec
llm_4998c223acd2,non,0.661035,False,distilroberta-base-climate-specificity,Local model,climatebert_multi_20260527T052620Z_aeacec
llm_8dc8f1b4929a,spec,0.594244,False,distilroberta-base-climate-specificity,Local model,climatebert_multi_20260527T052620Z_aeacec
llm_815971c95036,spec,0.601002,False,distilroberta-base-climate-specificity,Local model,climatebert_multi_20260527T052620Z_aeacec
llm_71a5ac933c89,non,0.503624,False,distilroberta-base-climate-specificity,Local model,climatebert_multi_20260527T052620Z_aeacec
llm_3725693fcf48,spec,0.772782,False,distilroberta-base-climate-specificity,Local model,climatebert_multi_20260527T052620Z_aeacec
llm_3ed81a7048aa,spec,0.70672,False,distilroberta-base-climate-specificity,Local model,climatebert_multi_20260527T052620Z_aeacec
llm_ea453059ad5e,spec,0.534504,False,distilroberta-base-climate-specificity,Local model,climatebert_multi_20260527T052620Z_aeacec
llm_edd22c495f05,spec,0.594244,False,distilroberta-base-climate-specificity,Local model,climatebert_multi_20260527T052620Z_aeacec
llm_15a134211729,spec,0.601002,False,distilroberta-base-climate-specificity,Local model,climatebert_multi_20260527T052620Z_aeacec
llm_1b80bc985db0,spec,0.608304,False,distilroberta-base-climate-specificity,Local model,climatebert_multi_20260527T052620Z_aeacec
llm_cb2b83166140,non,0.727389,False,distilroberta-base-climate-specificity,Local model,climatebert_multi_20260527T052620Z_aeacec
llm_e79f43f0ebb2,spec,0.601224,False,distilroberta-base-climate-specificity,Local model,climatebert_multi_20260527T052620Z_aeacec
llm_ed8bf397ebca,spec,0.57227,False,distilroberta-base-climate-specificity,Local model,climatebert_multi_20260527T052620Z_aeacec
llm_68dc88e07238,spec,0.689415,False,distilroberta-base-climate-specificity,Local model,climatebert_multi_20260527T052620Z_aeacec
llm_7d7917e2acfe,spec,0.603952,False,distilroberta-base-climate-specificity,Local model,climatebert_multi_20260527T052620Z_aeacec
llm_2c02922f2e32,spec,0.540082,False,distilroberta-base-climate-specificity,Local model,climatebert_multi_20260527T052620Z_aeacec
llm_857daa02591b,spec,0.594244,False,distilroberta-base-climate-specificity,Local model,climatebert_multi_20260527T052620Z_aeacec
llm_0ee6254ca8bf,spec,0.609083,False,distilroberta-base-climate-specificity,Local model,climatebert_multi_20260527T052620Z_aeacec
llm_257e599d3a95,spec,0.534504,False,distilroberta-base-climate-specificity,Local model,climatebert_multi_20260527T052620Z_aeacec
llm_935ca9a6c3a4,spec,0.608304,False,distilroberta-base-climate-specificity,Local model,climatebert_multi_20260527T052620Z_aeacec
llm_c7861a70326b,non,0.628225,False,distilroberta-base-climate-specificity,Local model,climatebert_multi_20260527T052620Z_aeacec
llm_facb816c3692,spec,0.594244,False,distilroberta-base-climate-specificity,Local model,climatebert_multi_20260527T052620Z_aeacec
llm_1368a13a9b20,spec,0.609083,False,distilroberta-base-climate-specificity,Local model,climatebert_multi_20260527T052620Z_aeacec
llm_49dadf9efb6c,spec,0.534504,False,distilroberta-base-climate-specificity,Local model,climatebert_multi_20260527T052620Z_aeacec
llm_2e747ee2af5c,spec,0.608304,False,distilroberta-base-climate-specificity,Local model,climatebert_multi_20260527T052620Z_aeacec
llm_5adc3d53e672,non,0.696054,False,distilroberta-base-climate-specificity,Local model,climatebert_multi_20260527T052620Z_aeacec
llm_23c996972120,spec,0.67132,False,distilroberta-base-climate-specificity,Local model,climatebert_multi_20260527T052620Z_aeacec
llm_d79de0f30ed8,spec,0.581783,False,distilroberta-base-climate-specificity,Local model,climatebert_multi_20260527T052620Z_aeacec
llm_18839d43a89f,spec,0.585379,False,distilroberta-base-climate-specificity,Local model,climatebert_multi_20260527T052620Z_aeacec
llm_fd0a7198fd87,spec,0.594244,False,distilroberta-base-climate-specificity,Local model,climatebert_multi_20260527T052620Z_aeacec
llm_7544b577b9c0,spec,0.609083,False,distilroberta-base-climate-specificity,Local model,climatebert_multi_20260527T052620Z_aeacec
llm_af55fec15e53,spec,0.581417,False,distilroberta-base-climate-specificity,Local model,climatebert_multi_20260527T052620Z_aeacec
llm_cd69e6ef1807,non,0.661035,False,distilroberta-base-climate-specificity,Local model,climatebert_multi_20260527T052620Z_aeacec
llm_06f89fbdd983,non,0.562014,False,distilroberta-base-climate-specificity,Local model,climatebert_multi_20260527T052620Z_aeacec
llm_8615dccd8c20,spec,0.534504,False,distilroberta-base-climate-specificity,Local model,climatebert_multi_20260527T052620Z_aeacec
llm_5e917adaec82,spec,0.596931,False,distilroberta-base-climate-specificity,Local model,climatebert_multi_20260527T052620Z_aeacec
llm_0b4f75f8a7aa,spec,0.594244,False,distilroberta-base-climate-specificity,Local model,climatebert_multi_20260527T052620Z_aeacec
llm_69c48a4c9777,spec,0.601002,False,distilroberta-base-climate-specificity,Local model,climatebert_multi_20260527T052620Z_aeacec
llm_5c187413b623,spec,0.649125,False,distilroberta-base-climate-specificity,Local model,climatebert_multi_20260527T052620Z_aeacec
llm_3b41d0ff27b7,spec,0.753932,False,distilroberta-base-climate-specificity,Local model,climatebert_multi_20260527T052620Z_aeacec
llm_d662a9b2c443,spec,0.655857,False,distilroberta-base-climate-specificity,Local model,climatebert_multi_20260527T052620Z_aeacec
llm_2374fa7e7d98,spec,0.601224,False,distilroberta-base-climate-specificity,Local model,climatebert_multi_20260527T052620Z_aeacec
llm_205922cbc4aa,spec,0.70915,False,distilroberta-base-climate-specificity,Local model,climatebert_multi_20260527T052620Z_aeacec
llm_af6d0e01a08d,spec,0.594244,False,distilroberta-base-climate-specificity,Local model,climatebert_multi_20260527T052620Z_aeacec
llm_bdd362dd7939,spec,0.601002,False,distilroberta-base-climate-specificity,Local model,climatebert_multi_20260527T052620Z_aeacec
llm_695bcb0709ea,spec,0.659836,False,distilroberta-base-climate-specificity,Local model,climatebert_multi_20260527T052620Z_aeacec
llm_97e8b6ab9882,spec,0.722991,False,distilroberta-base-climate-specificity,Local model,climatebert_multi_20260527T052620Z_aeacec
llm_1222d3da539e,spec,0.601224,False,distilroberta-base-climate-specificity,Local model,climatebert_multi_20260527T052620Z_aeacec
llm_8f771f4b9c2e,spec,0.655857,False,distilroberta-base-climate-specificity,Local model,climatebert_multi_20260527T052620Z_aeacec
llm_f1a2b7353e0d,spec,0.827656,False,distilroberta-base-climate-specificity,Local model,climatebert_multi_20260527T052620Z_aeacec
llm_ea32e2e8282c,spec,0.819879,False,distilroberta-base-climate-specificity,Local model,climatebert_multi_20260527T052620Z_aeacec
llm_298245bcc583,spec,0.852596,False,distilroberta-base-climate-specificity,Local model,climatebert_multi_20260527T052620Z_aeacec
llm_dd49648b38a5,spec,0.839239,False,distilroberta-base-climate-specificity,Local model,climatebert_multi_20260527T052620Z_aeacec
llm_278fe6993b99,spec,0.854996,False,distilroberta-base-climate-specificity,Local model,climatebert_multi_20260527T052620Z_aeacec
llm_4a7068ea19a4,spec,0.850903,False,distilroberta-base-climate-specificity,Local model,climatebert_multi_20260527T052620Z_aeacec
llm_f6732b1653fa,spec,0.655857,False,distilroberta-base-climate-specificity,Local model,climatebert_multi_20260527T052620Z_aeacec
llm_883e91010412,spec,0.577144,False,distilroberta-base-climate-specificity,Local model,climatebert_multi_20260527T052620Z_aeacec
llm_60aa6c381f5f,spec,0.534504,False,distilroberta-base-climate-specificity,Local model,climatebert_multi_20260527T052620Z_aeacec
llm_3cc5be0f07d3,spec,0.691385,False,distilroberta-base-climate-specificity,Local model,climatebert_multi_20260527T052620Z_aeacec
llm_ffdd871adf17,spec,0.594244,False,distilroberta-base-climate-specificity,Local model,climatebert_multi_20260527T052620Z_aeacec
llm_d47f50e80889,spec,0.601002,False,distilroberta-base-climate-specificity,Local model,climatebert_multi_20260527T052620Z_aeacec
llm_5e1af28c6b26,spec,0.581417,False,distilroberta-base-climate-specificity,Local model,climatebert_multi_20260527T052620Z_aeacec
llm_f0d36d07f19e,non,0.696054,False,distilroberta-base-climate-specificity,Local model,climatebert_multi_20260527T052620Z_aeacec
llm_f46ba758e752,spec,0.531584,False,distilroberta-base-climate-specificity,Local model,climatebert_multi_20260527T052620Z_aeacec
llm_2c37966e5375,spec,0.655857,False,distilroberta-base-climate-specificity,Local model,climatebert_multi_20260527T052620Z_aeacec
llm_d42462cb81d0,spec,0.719765,False,distilroberta-base-climate-specificity,Local model,climatebert_multi_20260527T052620Z_aeacec
llm_3a390a320b94,spec,0.534504,False,distilroberta-base-climate-specificity,Local model,climatebert_multi_20260527T052620Z_aeacec
llm_21d93750431f,spec,0.601224,False,distilroberta-base-climate-specificity,Local model,climatebert_multi_20260527T052620Z_aeacec
llm_77188e6895b0,spec,0.565479,False,distilroberta-base-climate-specificity,Local model,climatebert_multi_20260527T052620Z_aeacec
llm_959ffa2f0fb7,spec,0.594244,False,distilroberta-base-climate-specificity,Local model,climatebert_multi_20260527T052620Z_aeacec
llm_21a00f6a274d,spec,0.601002,False,distilroberta-base-climate-specificity,Local model,climatebert_multi_20260527T052620Z_aeacec
llm_0500b4e0e09e,spec,0.534504,False,distilroberta-base-climate-specificity,Local model,climatebert_multi_20260527T052620Z_aeacec
llm_4bda825f0a5c,non,0.661035,False,distilroberta-base-climate-specificity,Local model,climatebert_multi_20260527T052620Z_aeacec
llm_debf5da96ebf,spec,0.594244,False,distilroberta-base-climate-specificity,Local model,climatebert_multi_20260527T052620Z_aeacec
llm_3c6f27e8c0ec,spec,0.609083,False,distilroberta-base-climate-specificity,Local model,climatebert_multi_20260527T052620Z_aeacec
llm_d6262d1e66a7,spec,0.719765,False,distilroberta-base-climate-specificity,Local model,climatebert_multi_20260527T052620Z_aeacec
llm_afc2c91c9d48,non,0.727389,False,distilroberta-base-climate-specificity,Local model,climatebert_multi_20260527T052620Z_aeacec
llm_ad23a2eb9c67,spec,0.786125,False,distilroberta-base-climate-specificity,Local model,climatebert_multi_20260527T052620Z_aeacec
llm_1b8f0b950e2d,non,0.516542,False,distilroberta-base-climate-specificity,Local model,climatebert_multi_20260527T052620Z_aeacec
llm_9c81b7163643,non,0.514415,False,distilroberta-base-climate-specificity,Local model,climatebert_multi_20260527T052620Z_aeacec
llm_011528b77ca3,non,0.618729,False,distilroberta-base-climate-specificity,Local model,climatebert_multi_20260527T052620Z_aeacec
llm_d671db6ac9d5,non,0.506642,False,distilroberta-base-climate-specificity,Local model,climatebert_multi_20260527T052620Z_aeacec
llm_49482d5ee4e8,spec,0.53406,False,distilroberta-base-climate-specificity,Local model,climatebert_multi_20260527T052620Z_aeacec
llm_4973a8cae9b7,spec,0.53558,False,distilroberta-base-climate-specificity,Local model,climatebert_multi_20260527T052620Z_aeacec
llm_7eb0fe1bb670,spec,0.520995,False,distilroberta-base-climate-specificity,Local model,climatebert_multi_20260527T052620Z_aeacec
llm_aac08e31cea5,spec,0.513198,False,distilroberta-base-climate-specificity,Local model,climatebert_multi_20260527T052620Z_aeacec
llm_5f24e6f012f3,spec,0.532393,False,distilroberta-base-climate-specificity,Local model,climatebert_multi_20260527T052620Z_aeacec
llm_7d7be1ac58d6,spec,0.558007,False,distilroberta-base-climate-specificity,Local model,climatebert_multi_20260527T052620Z_aeacec
llm_80dcb7d1f5d5,spec,0.538796,False,distilroberta-base-climate-specificity,Local model,climatebert_multi_20260527T052620Z_aeacec
llm_44ec00c48268,spec,0.523075,False,distilroberta-base-climate-specificity,Local model,climatebert_multi_20260527T052620Z_aeacec
llm_e87a7eb04b8d,non,0.504358,False,distilroberta-base-climate-specificity,Local model,climatebert_multi_20260527T052620Z_aeacec
llm_a6ec50da6465,spec,0.545622,False,distilroberta-base-climate-specificity,Local model,climatebert_multi_20260527T052620Z_aeacec
llm_4e1b245c37a7,spec,0.594244,False,distilroberta-base-climate-specificity,Local model,climatebert_multi_20260527T052620Z_aeacec
llm_93fb21f634b9,spec,0.609083,False,distilroberta-base-climate-specificity,Local model,climatebert_multi_20260527T052620Z_aeacec
llm_a1e48c2e3f43,spec,0.524436,False,distilroberta-base-climate-specificity,Local model,climatebert_multi_20260527T052620Z_aeacec
llm_13610a1a3fe3,spec,0.534504,False,distilroberta-base-climate-specificity,Local model,climatebert_multi_20260527T052620Z_aeacec
llm_071a2657d426,spec,0.593525,False,distilroberta-base-climate-specificity,Local model,climatebert_multi_20260527T052620Z_aeacec
llm_70acc1c933cc,spec,0.578454,False,distilroberta-base-climate-specificity,Local model,climatebert_multi_20260527T052620Z_aeacec
llm_84ee0e0622dc,spec,0.546895,False,distilroberta-base-climate-specificity,Local model,climatebert_multi_20260527T052620Z_aeacec
llm_c41f7ce5f21f,spec,0.622257,False,distilroberta-base-climate-specificity,Local model,climatebert_multi_20260527T052620Z_aeacec
llm_5ed5c7b5cce2,spec,0.50916,False,distilroberta-base-climate-specificity,Local model,climatebert_multi_20260527T052620Z_aeacec
llm_ca2a9511e17b,spec,0.539361,False,distilroberta-base-climate-specificity,Local model,climatebert_multi_20260527T052620Z_aeacec
llm_ce9da5b39066,spec,0.639907,False,distilroberta-base-climate-specificity,Local model,climatebert_multi_20260527T052620Z_aeacec
llm_579f68687639,non,0.652152,False,distilroberta-base-climate-specificity,Local model,climatebert_multi_20260527T052620Z_aeacec
llm_a9fe57c9527f,spec,0.576145,False,distilroberta-base-climate-specificity,Local model,climatebert_multi_20260527T052620Z_aeacec
llm_465bb6d471e5,spec,0.605775,False,distilroberta-base-climate-specificity,Local model,climatebert_multi_20260527T052620Z_aeacec
llm_0697ffd21e51,spec,0.629069,False,distilroberta-base-climate-specificity,Local model,climatebert_multi_20260527T052620Z_aeacec
llm_bfb035e673f7,spec,0.63962,False,distilroberta-base-climate-specificity,Local model,climatebert_multi_20260527T052620Z_aeacec
llm_5da0165ecc37,spec,0.690249,False,distilroberta-base-climate-specificity,Local model,climatebert_multi_20260527T052620Z_aeacec
llm_49fcffd142f5,non,0.651506,False,distilroberta-base-climate-specificity,Local model,climatebert_multi_20260527T052620Z_aeacec
llm_9a0b376284c1,spec,0.594244,False,distilroberta-base-climate-specificity,Local model,climatebert_multi_20260527T052620Z_aeacec
llm_b2f21697ac88,spec,0.601002,False,distilroberta-base-climate-specificity,Local model,climatebert_multi_20260527T052620Z_aeacec
llm_d468485dee4b,spec,0.522162,False,distilroberta-base-climate-specificity,Local model,climatebert_multi_20260527T052620Z_aeacec
llm_68ee1d0ab176,non,0.640615,False,distilroberta-base-climate-specificity,Local model,climatebert_multi_20260527T052620Z_aeacec
llm_6bb60dfef659,non,0.514415,False,distilroberta-base-climate-specificity,Local model,climatebert_multi_20260527T052620Z_aeacec
llm_7b34345a9cb7,non,0.618729,False,distilroberta-base-climate-specificity,Local model,climatebert_multi_20260527T052620Z_aeacec
llm_f206717f7e38,spec,0.53406,False,distilroberta-base-climate-specificity,Local model,climatebert_multi_20260527T052620Z_aeacec
llm_4f097a604df5,spec,0.558135,False,distilroberta-base-climate-specificity,Local model,climatebert_multi_20260527T052620Z_aeacec
llm_a4c8af63903d,spec,0.520995,False,distilroberta-base-climate-specificity,Local model,climatebert_multi_20260527T052620Z_aeacec
llm_b0e0a9b7bc67,spec,0.513198,False,distilroberta-base-climate-specificity,Local model,climatebert_multi_20260527T052620Z_aeacec
llm_d9ea76a030dd,spec,0.532393,False,distilroberta-base-climate-specificity,Local model,climatebert_multi_20260527T052620Z_aeacec
llm_1c9de9e0f03d,spec,0.558007,False,distilroberta-base-climate-specificity,Local model,climatebert_multi_20260527T052620Z_aeacec
llm_df89054eae4c,spec,0.538796,False,distilroberta-base-climate-specificity,Local model,climatebert_multi_20260527T052620Z_aeacec
llm_95e29f10092c,spec,0.523075,False,distilroberta-base-climate-specificity,Local model,climatebert_multi_20260527T052620Z_aeacec
llm_5e4954e1070c,non,0.504358,False,distilroberta-base-climate-specificity,Local model,climatebert_multi_20260527T052620Z_aeacec
llm_699ba50cb62b,spec,0.530129,False,distilroberta-base-climate-specificity,Local model,climatebert_multi_20260527T052620Z_aeacec
llm_ee78866c15fe,non,0.638659,False,distilroberta-base-climate-specificity,Local model,climatebert_multi_20260527T052620Z_aeacec
llm_4d725be579d9,non,0.660936,False,distilroberta-base-climate-specificity,Local model,climatebert_multi_20260527T052620Z_aeacec
llm_3a52965b4ff8,non,0.612916,False,distilroberta-base-climate-specificity,Local model,climatebert_multi_20260527T052620Z_aeacec
llm_339829ef2f69,spec,0.71229,False,distilroberta-base-climate-specificity,Local model,climatebert_multi_20260527T052620Z_aeacec
llm_a37079492e4b,spec,0.758729,False,distilroberta-base-climate-specificity,Local model,climatebert_multi_20260527T052620Z_aeacec
llm_d0957b90bba6,spec,0.646387,False,distilroberta-base-climate-specificity,Local model,climatebert_multi_20260527T052620Z_aeacec
llm_242770bfe7f6,non,0.573553,False,distilroberta-base-climate-specificity,Local model,climatebert_multi_20260527T052620Z_aeacec
llm_b58985c50b46,spec,0.53406,False,distilroberta-base-climate-specificity,Local model,climatebert_multi_20260527T052620Z_aeacec
llm_bf01f666ddea,spec,0.579485,False,distilroberta-base-climate-specificity,Local model,climatebert_multi_20260527T052620Z_aeacec
llm_3c89c270f250,spec,0.610913,False,distilroberta-base-climate-specificity,Local model,climatebert_multi_20260527T052620Z_aeacec
llm_5a73d83ebb45,spec,0.569891,False,distilroberta-base-climate-specificity,Local model,climatebert_multi_20260527T052620Z_aeacec
llm_ccd8ab6edec9,spec,0.828689,False,distilroberta-base-climate-specificity,Local model,climatebert_multi_20260527T052620Z_aeacec
llm_a5213d4eecb7,spec,0.656728,False,distilroberta-base-climate-specificity,Local model,climatebert_multi_20260527T052620Z_aeacec
llm_57ce82a21768,spec,0.563643,False,distilroberta-base-climate-specificity,Local model,climatebert_multi_20260527T052620Z_aeacec
llm_9b1ee067f428,non,0.556999,False,distilroberta-base-climate-specificity,Local model,climatebert_multi_20260527T052620Z_aeacec
llm_550c2aba7afc,non,0.512509,False,distilroberta-base-climate-specificity,Local model,climatebert_multi_20260527T052620Z_aeacec
llm_9da510b9c58c,spec,0.70915,False,distilroberta-base-climate-specificity,Local model,climatebert_multi_20260527T052620Z_aeacec
llm_2605d409bbdf,spec,0.534504,False,distilroberta-base-climate-specificity,Local model,climatebert_multi_20260527T052620Z_aeacec
llm_a1fdfa78e7a0,spec,0.689415,False,distilroberta-base-climate-specificity,Local model,climatebert_multi_20260527T052620Z_aeacec
llm_a60d507b9c67,spec,0.660301,False,distilroberta-base-climate-specificity,Local model,climatebert_multi_20260527T052620Z_aeacec
llm_d42e6cfd67e0,spec,0.594244,False,distilroberta-base-climate-specificity,Local model,climatebert_multi_20260527T052620Z_aeacec
llm_f0eb594acb67,spec,0.609083,False,distilroberta-base-climate-specificity,Local model,climatebert_multi_20260527T052620Z_aeacec
llm_dc3aa96089db,spec,0.594941,False,distilroberta-base-climate-specificity,Local model,climatebert_multi_20260527T052620Z_aeacec
llm_57a2dce78351,spec,0.550351,False,distilroberta-base-climate-specificity,Local model,climatebert_multi_20260527T052620Z_aeacec
llm_4ee1504aa5c5,spec,0.537937,False,distilroberta-base-climate-specificity,Local model,climatebert_multi_20260527T052620Z_aeacec
llm_47f4cd136fdc,spec,0.633612,False,distilroberta-base-climate-specificity,Local model,climatebert_multi_20260527T052620Z_aeacec
llm_0a5be7e2aeae,spec,0.705217,False,distilroberta-base-climate-specificity,Local model,climatebert_multi_20260527T052620Z_aeacec
llm_c4e60728c703,spec,0.626994,False,distilroberta-base-climate-specificity,Local model,climatebert_multi_20260527T052620Z_aeacec
llm_ff75d40c9479,spec,0.690536,False,distilroberta-base-climate-specificity,Local model,climatebert_multi_20260527T052620Z_aeacec
llm_70a15378c2a8,spec,0.681326,False,distilroberta-base-climate-specificity,Local model,climatebert_multi_20260527T052620Z_aeacec
llm_f8f16f4082ef,spec,0.665692,False,distilroberta-base-climate-specificity,Local model,climatebert_multi_20260527T052620Z_aeacec
llm_4c4fe6887eb0,spec,0.594244,False,distilroberta-base-climate-specificity,Local model,climatebert_multi_20260527T052620Z_aeacec
llm_599acb5852e6,spec,0.601002,False,distilroberta-base-climate-specificity,Local model,climatebert_multi_20260527T052620Z_aeacec
llm_d6e051bb7e2d,spec,0.581417,False,distilroberta-base-climate-specificity,Local model,climatebert_multi_20260527T052620Z_aeacec
llm_9256120cd22e,non,0.696054,False,distilroberta-base-climate-specificity,Local model,climatebert_multi_20260527T052620Z_aeacec
llm_f2df59e06a35,spec,0.531584,False,distilroberta-base-climate-specificity,Local model,climatebert_multi_20260527T052620Z_aeacec
llm_06d45764d917,spec,0.594244,False,distilroberta-base-climate-specificity,Local model,climatebert_multi_20260527T052620Z_aeacec
llm_3e409fce2db5,spec,0.601002,False,distilroberta-base-climate-specificity,Local model,climatebert_multi_20260527T052620Z_aeacec
llm_21cb627abc9f,spec,0.601224,False,distilroberta-base-climate-specificity,Local model,climatebert_multi_20260527T052620Z_aeacec
llm_28690d3ce337,spec,0.534504,False,distilroberta-base-climate-specificity,Local model,climatebert_multi_20260527T052620Z_aeacec
llm_40fb441cd35d,spec,0.608304,False,distilroberta-base-climate-specificity,Local model,climatebert_multi_20260527T052620Z_aeacec
llm_ec358858831d,non,0.727389,False,distilroberta-base-climate-specificity,Local model,climatebert_multi_20260527T052620Z_aeacec
llm_d5131acda306,spec,0.581645,False,distilroberta-base-climate-specificity,Local model,climatebert_multi_20260527T052620Z_aeacec
llm_6d50c1b4bebe,spec,0.597744,False,distilroberta-base-climate-specificity,Local model,climatebert_multi_20260527T052620Z_aeacec
llm_5aa72fe6ab6f,spec,0.534504,False,distilroberta-base-climate-specificity,Local model,climatebert_multi_20260527T052620Z_aeacec
llm_bde01f20ad33,spec,0.594244,False,distilroberta-base-climate-specificity,Local model,climatebert_multi_20260527T052620Z_aeacec
llm_0c8a596fd428,spec,0.601002,False,distilroberta-base-climate-specificity,Local model,climatebert_multi_20260527T052620Z_aeacec
llm_07b30a1b2b86,spec,0.621529,False,distilroberta-base-climate-specificity,Local model,climatebert_multi_20260527T052620Z_aeacec
llm_91d0b7ad7d49,spec,0.594244,False,distilroberta-base-climate-specificity,Local model,climatebert_multi_20260527T052620Z_aeacec
llm_1477953edae9,spec,0.601002,False,distilroberta-base-climate-specificity,Local model,climatebert_multi_20260527T052620Z_aeacec
llm_958243baae98,spec,0.603952,False,distilroberta-base-climate-specificity,Local model,climatebert_multi_20260527T052620Z_aeacec
llm_a7818862b5f2,spec,0.551427,False,distilroberta-base-climate-specificity,Local model,climatebert_multi_20260527T052620Z_aeacec
llm_730081477f3f,spec,0.527144,False,distilroberta-base-climate-specificity,Local model,climatebert_multi_20260527T052620Z_aeacec
llm_34b1e95c8760,spec,0.581417,False,distilroberta-base-climate-specificity,Local model,climatebert_multi_20260527T052620Z_aeacec
llm_77c3a7eba7c6,non,0.727389,False,distilroberta-base-climate-specificity,Local model,climatebert_multi_20260527T052620Z_aeacec
llm_2815380e9eb7,non,0.516542,False,distilroberta-base-climate-specificity,Local model,climatebert_multi_20260527T052620Z_aeacec
llm_80c52dcfcfc3,non,0.514415,False,distilroberta-base-climate-specificity,Local model,climatebert_multi_20260527T052620Z_aeacec
llm_0f609d6d64d5,non,0.618729,False,distilroberta-base-climate-specificity,Local model,climatebert_multi_20260527T052620Z_aeacec
llm_fc5415f5c113,non,0.598091,False,distilroberta-base-climate-specificity,Local model,climatebert_multi_20260527T052620Z_aeacec
llm_d883311506de,spec,0.53406,False,distilroberta-base-climate-specificity,Local model,climatebert_multi_20260527T052620Z_aeacec
llm_24bd20d2ebe7,spec,0.579485,False,distilroberta-base-climate-specificity,Local model,climatebert_multi_20260527T052620Z_aeacec
llm_97202bf0fa5a,spec,0.520995,False,distilroberta-base-climate-specificity,Local model,climatebert_multi_20260527T052620Z_aeacec
llm_3b6d021cd316,spec,0.513198,False,distilroberta-base-climate-specificity,Local model,climatebert_multi_20260527T052620Z_aeacec
llm_821b536da541,spec,0.532393,False,distilroberta-base-climate-specificity,Local model,climatebert_multi_20260527T052620Z_aeacec
llm_a023de1ca413,spec,0.538796,False,distilroberta-base-climate-specificity,Local model,climatebert_multi_20260527T052620Z_aeacec
llm_2ee91da216be,spec,0.523075,False,distilroberta-base-climate-specificity,Local model,climatebert_multi_20260527T052620Z_aeacec
llm_d1a285c9891f,non,0.504358,False,distilroberta-base-climate-specificity,Local model,climatebert_multi_20260527T052620Z_aeacec
llm_03044e494152,spec,0.523578,False,distilroberta-base-climate-specificity,Local model,climatebert_multi_20260527T052620Z_aeacec
llm_baead8411951,spec,0.558007,False,distilroberta-base-climate-specificity,Local model,climatebert_multi_20260527T052620Z_aeacec
llm_4afc05d69960,non,0.68707,False,distilroberta-base-climate-specificity,Local model,climatebert_multi_20260527T052620Z_aeacec
llm_19c1bed791f9,non,0.736437,False,distilroberta-base-climate-specificity,Local model,climatebert_multi_20260527T052620Z_aeacec
llm_43638d28a2c3,non,0.569334,False,distilroberta-base-climate-specificity,Local model,climatebert_multi_20260527T052620Z_aeacec
llm_62bdfd16c808,non,0.563149,False,distilroberta-base-climate-specificity,Local model,climatebert_multi_20260527T052620Z_aeacec
llm_171253d5fc28,non,0.502456,False,distilroberta-base-climate-specificity,Local model,climatebert_multi_20260527T052620Z_aeacec
llm_aee34dfcb9cb,non,0.753054,False,distilroberta-base-climate-specificity,Local model,climatebert_multi_20260527T052620Z_aeacec
llm_7a9683665177,spec,0.547317,False,distilroberta-base-climate-specificity,Local model,climatebert_multi_20260527T052620Z_aeacec
llm_7e47087bec50,spec,0.655857,False,distilroberta-base-climate-specificity,Local model,climatebert_multi_20260527T052620Z_aeacec
llm_1b973ac2f0fb,spec,0.914332,False,distilroberta-base-climate-specificity,Local model,climatebert_multi_20260527T052620Z_aeacec
llm_bf39ff0e05ae,non,0.919743,False,distilroberta-base-climate-specificity,Local model,climatebert_multi_20260527T052620Z_aeacec
llm_fac5d7d8a858,non,0.940113,False,distilroberta-base-climate-specificity,Local model,climatebert_multi_20260527T052620Z_aeacec
llm_50ae397c770a,spec,0.538415,False,distilroberta-base-climate-specificity,Local model,climatebert_multi_20260527T052620Z_aeacec
llm_2b7949b0ced5,spec,0.534504,False,distilroberta-base-climate-specificity,Local model,climatebert_multi_20260527T052620Z_aeacec
llm_2c19b1d96221,spec,0.534504,False,distilroberta-base-climate-specificity,Local model,climatebert_multi_20260527T052620Z_aeacec
llm_3a43373a1654,spec,0.594244,False,distilroberta-base-climate-specificity,Local model,climatebert_multi_20260527T052620Z_aeacec
llm_df7ad2db0d7c,spec,0.601002,False,distilroberta-base-climate-specificity,Local model,climatebert_multi_20260527T052620Z_aeacec
llm_0e1880e6f972,spec,0.706284,False,distilroberta-base-climate-specificity,Local model,climatebert_multi_20260527T052620Z_aeacec
llm_c1c5a3a9be43,spec,0.534504,False,distilroberta-base-climate-specificity,Local model,climatebert_multi_20260527T052620Z_aeacec
llm_cd281c53328c,spec,0.594244,False,distilroberta-base-climate-specificity,Local model,climatebert_multi_20260527T052620Z_aeacec
llm_e04630683a7b,spec,0.603478,False,distilroberta-base-climate-specificity,Local model,climatebert_multi_20260527T052620Z_aeacec
llm_e4ab6e24cbbf,non,0.586063,False,distilroberta-base-climate-specificity,Local model,climatebert_multi_20260527T052620Z_aeacec
llm_7015dc39e3bb,non,0.514415,False,distilroberta-base-climate-specificity,Local model,climatebert_multi_20260527T052620Z_aeacec
llm_b22dd9e4de6e,spec,0.53406,False,distilroberta-base-climate-specificity,Local model,climatebert_multi_20260527T052620Z_aeacec
llm_b7cdd7076b37,spec,0.53558,False,distilroberta-base-climate-specificity,Local model,climatebert_multi_20260527T052620Z_aeacec
llm_dce09922a25c,spec,0.520995,False,distilroberta-base-climate-specificity,Local model,climatebert_multi_20260527T052620Z_aeacec
llm_1c09b0e8fc6b,spec,0.513198,False,distilroberta-base-climate-specificity,Local model,climatebert_multi_20260527T052620Z_aeacec
llm_675792ea6549,spec,0.532393,False,distilroberta-base-climate-specificity,Local model,climatebert_multi_20260527T052620Z_aeacec
llm_422db1e23bee,spec,0.538796,False,distilroberta-base-climate-specificity,Local model,climatebert_multi_20260527T052620Z_aeacec
llm_402786c2d115,spec,0.523075,False,distilroberta-base-climate-specificity,Local model,climatebert_multi_20260527T052620Z_aeacec
llm_a2ef0cf79e62,non,0.504358,False,distilroberta-base-climate-specificity,Local model,climatebert_multi_20260527T052620Z_aeacec
llm_2b52ce8bd445,spec,0.523578,False,distilroberta-base-climate-specificity,Local model,climatebert_multi_20260527T052620Z_aeacec
llm_8d5aa9d5040a,spec,0.555763,False,distilroberta-base-climate-specificity,Local model,climatebert_multi_20260527T052620Z_aeacec
llm_82ce19216313,spec,0.594244,False,distilroberta-base-climate-specificity,Local model,climatebert_multi_20260527T052620Z_aeacec
llm_2c1db30fb97a,spec,0.601002,False,distilroberta-base-climate-specificity,Local model,climatebert_multi_20260527T052620Z_aeacec
llm_fc7025307d64,spec,0.601224,False,distilroberta-base-climate-specificity,Local model,climatebert_multi_20260527T052620Z_aeacec
llm_18d364fa45f1,spec,0.534504,False,distilroberta-base-climate-specificity,Local model,climatebert_multi_20260527T052620Z_aeacec
llm_c4935736563a,spec,0.581417,False,distilroberta-base-climate-specificity,Local model,climatebert_multi_20260527T052620Z_aeacec
llm_458c2ca5bdff,non,0.727389,False,distilroberta-base-climate-specificity,Local model,climatebert_multi_20260527T052620Z_aeacec
llm_745f30db72b4,spec,0.69215,False,distilroberta-base-climate-specificity,Local model,climatebert_multi_20260527T052620Z_aeacec
llm_62b09ec56091,spec,0.534504,False,distilroberta-base-climate-specificity,Local model,climatebert_multi_20260527T052620Z_aeacec
llm_19d6b95edccc,spec,0.601224,False,distilroberta-base-climate-specificity,Local model,climatebert_multi_20260527T052620Z_aeacec
llm_967d94186e02,spec,0.594244,False,distilroberta-base-climate-specificity,Local model,climatebert_multi_20260527T052620Z_aeacec
llm_136659a1b2c5,spec,0.605161,False,distilroberta-base-climate-specificity,Local model,climatebert_multi_20260527T052620Z_aeacec
llm_5f64802838e6,spec,0.709407,False,distilroberta-base-climate-specificity,Local model,climatebert_multi_20260527T052620Z_aeacec
llm_17537d5a731f,spec,0.710062,False,distilroberta-base-climate-specificity,Local model,climatebert_multi_20260527T052620Z_aeacec
llm_90a10a8fb02f,spec,0.651389,False,distilroberta-base-climate-specificity,Local model,climatebert_multi_20260527T052620Z_aeacec
llm_0391669d8e3e,spec,0.503784,False,distilroberta-base-climate-specificity,Local model,climatebert_multi_20260527T052620Z_aeacec
llm_dbf4cdf90dcf,spec,0.585019,False,distilroberta-base-climate-specificity,Local model,climatebert_multi_20260527T052620Z_aeacec
llm_61ca3bb09edf,spec,0.536863,False,distilroberta-base-climate-specificity,Local model,climatebert_multi_20260527T052620Z_aeacec
llm_2c7b31204646,spec,0.522162,False,distilroberta-base-climate-specificity,Local model,climatebert_multi_20260527T052620Z_aeacec
llm_0299de3415ff,non,0.503492,False,distilroberta-base-climate-specificity,Local model,climatebert_multi_20260527T052620Z_aeacec
llm_44e62c02c07b,non,0.514415,False,distilroberta-base-climate-specificity,Local model,climatebert_multi_20260527T052620Z_aeacec
llm_0fe190e77e74,non,0.618729,False,distilroberta-base-climate-specificity,Local model,climatebert_multi_20260527T052620Z_aeacec
llm_d7e50f2003dd,spec,0.618059,False,distilroberta-base-climate-specificity,Local model,climatebert_multi_20260527T052620Z_aeacec
llm_32386d75ea8c,spec,0.641972,False,distilroberta-base-climate-specificity,Local model,climatebert_multi_20260527T052620Z_aeacec
llm_489578afa891,spec,0.513198,False,distilroberta-base-climate-specificity,Local model,climatebert_multi_20260527T052620Z_aeacec
llm_7a8f0dd0831d,spec,0.532393,False,distilroberta-base-climate-specificity,Local model,climatebert_multi_20260527T052620Z_aeacec
llm_3e0a5900969c,spec,0.592605,False,distilroberta-base-climate-specificity,Local model,climatebert_multi_20260527T052620Z_aeacec
llm_c5f5c76590c7,spec,0.615092,False,distilroberta-base-climate-specificity,Local model,climatebert_multi_20260527T052620Z_aeacec
llm_b898951dfa5b,spec,0.644324,False,distilroberta-base-climate-specificity,Local model,climatebert_multi_20260527T052620Z_aeacec
llm_930c0d97534d,spec,0.549402,False,distilroberta-base-climate-specificity,Local model,climatebert_multi_20260527T052620Z_aeacec
llm_24095103cc6f,spec,0.599105,False,distilroberta-base-climate-specificity,Local model,climatebert_multi_20260527T052620Z_aeacec
llm_bb4fd60f8659,spec,0.578789,False,distilroberta-base-climate-specificity,Local model,climatebert_multi_20260527T052620Z_aeacec
llm_ef22bf5f74ae,spec,0.534504,False,distilroberta-base-climate-specificity,Local model,climatebert_multi_20260527T052620Z_aeacec
llm_18bd3590910c,spec,0.594244,False,distilroberta-base-climate-specificity,Local model,climatebert_multi_20260527T052620Z_aeacec
llm_8bb0f6f7eeea,spec,0.601002,False,distilroberta-base-climate-specificity,Local model,climatebert_multi_20260527T052620Z_aeacec
llm_238cd51b69b7,spec,0.608274,False,distilroberta-base-climate-specificity,Local model,climatebert_multi_20260527T052620Z_aeacec
llm_b25086a3c744,spec,0.549761,False,distilroberta-base-climate-specificity,Local model,climatebert_multi_20260527T052620Z_aeacec
llm_eaa2b0d74a38,spec,0.573548,False,distilroberta-base-climate-specificity,Local model,climatebert_multi_20260527T052620Z_aeacec
llm_4be652cab492,spec,0.738129,False,distilroberta-base-climate-specificity,Local model,climatebert_multi_20260527T052620Z_aeacec
llm_a4ba0ce8d988,spec,0.507602,False,distilroberta-base-climate-specificity,Local model,climatebert_multi_20260527T052620Z_aeacec
llm_f1fb70779094,spec,0.599588,False,distilroberta-base-climate-specificity,Local model,climatebert_multi_20260527T052620Z_aeacec
llm_3ca587950a76,spec,0.641972,False,distilroberta-base-climate-specificity,Local model,climatebert_multi_20260527T052620Z_aeacec
llm_7ba0115a3526,spec,0.592605,False,distilroberta-base-climate-specificity,Local model,climatebert_multi_20260527T052620Z_aeacec
llm_dd78fbe2f430,spec,0.615092,False,distilroberta-base-climate-specificity,Local model,climatebert_multi_20260527T052620Z_aeacec
llm_10282cfcc465,spec,0.507602,False,distilroberta-base-climate-specificity,Local model,climatebert_multi_20260527T052620Z_aeacec
llm_46afada7f1c7,spec,0.610893,False,distilroberta-base-climate-specificity,Local model,climatebert_multi_20260527T052620Z_aeacec
llm_90d4482fee46,spec,0.641972,False,distilroberta-base-climate-specificity,Local model,climatebert_multi_20260527T052620Z_aeacec
llm_38942ad10b60,spec,0.592605,False,distilroberta-base-climate-specificity,Local model,climatebert_multi_20260527T052620Z_aeacec
llm_732508e39e95,spec,0.615092,False,distilroberta-base-climate-specificity,Local model,climatebert_multi_20260527T052620Z_aeacec
llm_a76b85b2c150,spec,0.540152,False,distilroberta-base-climate-specificity,Local model,climatebert_multi_20260527T052620Z_aeacec
llm_fed9e6f9f919,spec,0.645297,False,distilroberta-base-climate-specificity,Local model,climatebert_multi_20260527T052620Z_aeacec
llm_22f5a54e69eb,spec,0.648692,False,distilroberta-base-climate-specificity,Local model,climatebert_multi_20260527T052620Z_aeacec
llm_615f18980721,spec,0.822848,False,distilroberta-base-climate-specificity,Local model,climatebert_multi_20260527T052620Z_aeacec
llm_3342004f9d88,spec,0.834634,False,distilroberta-base-climate-specificity,Local model,climatebert_multi_20260527T052620Z_aeacec
llm_6381ab1d3e6a,spec,0.631634,False,distilroberta-base-climate-specificity,Local model,climatebert_multi_20260527T052620Z_aeacec
llm_9c17629d0da7,spec,0.539963,False,distilroberta-base-climate-specificity,Local model,climatebert_multi_20260527T052620Z_aeacec
llm_c3d13d981d49,spec,0.563201,False,distilroberta-base-climate-specificity,Local model,climatebert_multi_20260527T052620Z_aeacec
llm_c371de55819a,spec,0.597357,False,distilroberta-base-climate-specificity,Local model,climatebert_multi_20260527T052620Z_aeacec
llm_ec64365152a7,spec,0.594244,False,distilroberta-base-climate-specificity,Local model,climatebert_multi_20260527T052620Z_aeacec
llm_b0ffa366bd4b,spec,0.609083,False,distilroberta-base-climate-specificity,Local model,climatebert_multi_20260527T052620Z_aeacec
llm_e0c7fd7cbb65,spec,0.608304,False,distilroberta-base-climate-specificity,Local model,climatebert_multi_20260527T052620Z_aeacec
llm_7d765dded3a4,non,0.607323,False,distilroberta-base-climate-specificity,Local model,climatebert_multi_20260527T052620Z_aeacec
llm_67448f9b0dde,spec,0.531584,False,distilroberta-base-climate-specificity,Local model,climatebert_multi_20260527T052620Z_aeacec
llm_b9ecc5fbc90b,non,0.586063,False,distilroberta-base-climate-specificity,Local model,climatebert_multi_20260527T052620Z_aeacec
llm_1101157dea83,non,0.514415,False,distilroberta-base-climate-specificity,Local model,climatebert_multi_20260527T052620Z_aeacec
llm_abb8f2f58396,spec,0.548401,False,distilroberta-base-climate-specificity,Local model,climatebert_multi_20260527T052620Z_aeacec
llm_f6e909422307,spec,0.558135,False,distilroberta-base-climate-specificity,Local model,climatebert_multi_20260527T052620Z_aeacec
llm_6e771ff29c69,spec,0.520995,False,distilroberta-base-climate-specificity,Local model,climatebert_multi_20260527T052620Z_aeacec
llm_87799f304f8f,spec,0.513198,False,distilroberta-base-climate-specificity,Local model,climatebert_multi_20260527T052620Z_aeacec
llm_974d18a3d977,spec,0.532393,False,distilroberta-base-climate-specificity,Local model,climatebert_multi_20260527T052620Z_aeacec
llm_00f447c9fec0,spec,0.538796,False,distilroberta-base-climate-specificity,Local model,climatebert_multi_20260527T052620Z_aeacec
llm_d0b11cb47aae,spec,0.523075,False,distilroberta-base-climate-specificity,Local model,climatebert_multi_20260527T052620Z_aeacec
llm_41d20958930f,non,0.504358,False,distilroberta-base-climate-specificity,Local model,climatebert_multi_20260527T052620Z_aeacec
llm_2e992c441d6a,spec,0.523578,False,distilroberta-base-climate-specificity,Local model,climatebert_multi_20260527T052620Z_aeacec
llm_f7d8fe9d4375,non,0.538059,False,distilroberta-base-climate-specificity,Local model,climatebert_multi_20260527T052620Z_aeacec
llm_51f58a683d54,non,0.525075,False,distilroberta-base-climate-specificity,Local model,climatebert_multi_20260527T052620Z_aeacec
llm_4fb8d086e778,spec,0.520111,False,distilroberta-base-climate-specificity,Local model,climatebert_multi_20260527T052620Z_aeacec
llm_afa07141db75,non,0.586094,False,distilroberta-base-climate-specificity,Local model,climatebert_multi_20260527T052620Z_aeacec
llm_7d79bb924d44,spec,0.527917,False,distilroberta-base-climate-specificity,Local model,climatebert_multi_20260527T052620Z_aeacec
llm_a6d3d7113e22,spec,0.601224,False,distilroberta-base-climate-specificity,Local model,climatebert_multi_20260527T052620Z_aeacec
llm_a66a016f5df4,spec,0.594244,False,distilroberta-base-climate-specificity,Local model,climatebert_multi_20260527T052620Z_aeacec
llm_2bc57df787f6,spec,0.601002,False,distilroberta-base-climate-specificity,Local model,climatebert_multi_20260527T052620Z_aeacec
llm_ac67bd7d6437,spec,0.534504,False,distilroberta-base-climate-specificity,Local model,climatebert_multi_20260527T052620Z_aeacec
llm_412cea2741b6,spec,0.615194,False,distilroberta-base-climate-specificity,Local model,climatebert_multi_20260527T052620Z_aeacec
llm_f2656fc217e8,spec,0.656592,False,distilroberta-base-climate-specificity,Local model,climatebert_multi_20260527T052620Z_aeacec
llm_e468c16f4102,spec,0.728591,False,distilroberta-base-climate-specificity,Local model,climatebert_multi_20260527T052620Z_aeacec
llm_c6568ccf66ec,spec,0.717691,False,distilroberta-base-climate-specificity,Local model,climatebert_multi_20260527T052620Z_aeacec
llm_b2f25732427c,spec,0.522162,False,distilroberta-base-climate-specificity,Local model,climatebert_multi_20260527T052620Z_aeacec
llm_1f272a28543c,non,0.640615,False,distilroberta-base-climate-specificity,Local model,climatebert_multi_20260527T052620Z_aeacec
llm_a22ea6825e0b,non,0.514415,False,distilroberta-base-climate-specificity,Local model,climatebert_multi_20260527T052620Z_aeacec
llm_f7919ee3640d,spec,0.53406,False,distilroberta-base-climate-specificity,Local model,climatebert_multi_20260527T052620Z_aeacec
llm_a0b35ea18929,spec,0.53558,False,distilroberta-base-climate-specificity,Local model,climatebert_multi_20260527T052620Z_aeacec
llm_ebde15e1ec1b,spec,0.520995,False,distilroberta-base-climate-specificity,Local model,climatebert_multi_20260527T052620Z_aeacec
llm_313607908f15,spec,0.513198,False,distilroberta-base-climate-specificity,Local model,climatebert_multi_20260527T052620Z_aeacec
llm_ff34021eee63,spec,0.532393,False,distilroberta-base-climate-specificity,Local model,climatebert_multi_20260527T052620Z_aeacec
llm_5c630e1a1b15,spec,0.538796,False,distilroberta-base-climate-specificity,Local model,climatebert_multi_20260527T052620Z_aeacec
llm_b6bd99fe6e45,spec,0.523075,False,distilroberta-base-climate-specificity,Local model,climatebert_multi_20260527T052620Z_aeacec
llm_f288c3169461,non,0.504358,False,distilroberta-base-climate-specificity,Local model,climatebert_multi_20260527T052620Z_aeacec
llm_0f1a0da3c6ce,spec,0.608721,False,distilroberta-base-climate-specificity,Local model,climatebert_multi_20260527T052620Z_aeacec
llm_6d84ae35bc50,spec,0.502874,False,distilroberta-base-climate-specificity,Local model,climatebert_multi_20260527T052620Z_aeacec
llm_94a3be3fa283,non,0.688571,False,distilroberta-base-climate-specificity,Local model,climatebert_multi_20260527T052620Z_aeacec
llm_a9d565234efd,non,0.505191,False,distilroberta-base-climate-specificity,Local model,climatebert_multi_20260527T052620Z_aeacec
llm_5de740652279,spec,0.547317,False,distilroberta-base-climate-specificity,Local model,climatebert_multi_20260527T052620Z_aeacec
llm_41945263b91b,non,0.702005,False,distilroberta-base-climate-specificity,Local model,climatebert_multi_20260527T052620Z_aeacec
llm_6e803419f0da,non,0.640615,False,distilroberta-base-climate-specificity,Local model,climatebert_multi_20260527T052620Z_aeacec
llm_525582e26fdc,non,0.514415,False,distilroberta-base-climate-specificity,Local model,climatebert_multi_20260527T052620Z_aeacec
llm_553ef8c63991,non,0.618729,False,distilroberta-base-climate-specificity,Local model,climatebert_multi_20260527T052620Z_aeacec
llm_994707a56e6f,spec,0.53406,False,distilroberta-base-climate-specificity,Local model,climatebert_multi_20260527T052620Z_aeacec
llm_f8a9df63bca0,spec,0.53558,False,distilroberta-base-climate-specificity,Local model,climatebert_multi_20260527T052620Z_aeacec
llm_9e5a3acf5e29,spec,0.520995,False,distilroberta-base-climate-specificity,Local model,climatebert_multi_20260527T052620Z_aeacec
llm_86aaac8791dc,spec,0.513198,False,distilroberta-base-climate-specificity,Local model,climatebert_multi_20260527T052620Z_aeacec
llm_20cb555c0d05,spec,0.532393,False,distilroberta-base-climate-specificity,Local model,climatebert_multi_20260527T052620Z_aeacec
llm_71e20f70c5c2,spec,0.538796,False,distilroberta-base-climate-specificity,Local model,climatebert_multi_20260527T052620Z_aeacec
llm_1a9454ab611c,spec,0.523075,False,distilroberta-base-climate-specificity,Local model,climatebert_multi_20260527T052620Z_aeacec
llm_5d844268b19c,non,0.504358,False,distilroberta-base-climate-specificity,Local model,climatebert_multi_20260527T052620Z_aeacec
llm_424548f36bd7,non,0.672481,False,distilroberta-base-climate-specificity,Local model,climatebert_multi_20260527T052620Z_aeacec
llm_539067de48ad,non,0.51481,False,distilroberta-base-climate-specificity,Local model,climatebert_multi_20260527T052620Z_aeacec
llm_eeae794e28ce,non,0.567467,False,distilroberta-base-climate-specificity,Local model,climatebert_multi_20260527T052620Z_aeacec
llm_804ebc431b29,non,0.518698,False,distilroberta-base-climate-specificity,Local model,climatebert_multi_20260527T052620Z_aeacec
llm_cde8fe188d8e,non,0.513866,False,distilroberta-base-climate-specificity,Local model,climatebert_multi_20260527T052620Z_aeacec
llm_fdefbbb1ed8d,non,0.545833,False,distilroberta-base-climate-specificity,Local model,climatebert_multi_20260527T052620Z_aeacec
llm_a8ee1021cb36,spec,0.500439,False,distilroberta-base-climate-specificity,Local model,climatebert_multi_20260527T052620Z_aeacec
llm_1b55e7b1ab85,non,0.543926,False,distilroberta-base-climate-specificity,Local model,climatebert_multi_20260527T052620Z_aeacec
llm_df9300d76b34,non,0.522956,False,distilroberta-base-climate-specificity,Local model,climatebert_multi_20260527T052620Z_aeacec
llm_8adce8003d61,spec,0.527908,False,distilroberta-base-climate-specificity,Local model,climatebert_multi_20260527T052620Z_aeacec
llm_61712cea67c6,spec,0.523503,False,distilroberta-base-climate-specificity,Local model,climatebert_multi_20260527T052620Z_aeacec
llm_e697f8492203,non,0.521274,False,distilroberta-base-climate-specificity,Local model,climatebert_multi_20260527T052620Z_aeacec
llm_2cf4dc964699,non,0.584845,False,distilroberta-base-climate-specificity,Local model,climatebert_multi_20260527T052620Z_aeacec
llm_5d6b939f5f8c,non,0.562679,False,distilroberta-base-climate-specificity,Local model,climatebert_multi_20260527T052620Z_aeacec
llm_e83dda69f19e,spec,0.534581,False,distilroberta-base-climate-specificity,Local model,climatebert_multi_20260527T052620Z_aeacec
llm_6693037891a7,spec,0.523578,False,distilroberta-base-climate-specificity,Local model,climatebert_multi_20260527T052620Z_aeacec
llm_e62ff400e96b,spec,0.555763,False,distilroberta-base-climate-specificity,Local model,climatebert_multi_20260527T052620Z_aeacec
llm_5e3850de995a,non,0.518939,False,distilroberta-base-climate-specificity,Local model,climatebert_multi_20260527T052620Z_aeacec
llm_91aa44d84d08,spec,0.594244,False,distilroberta-base-climate-specificity,Local model,climatebert_multi_20260527T052620Z_aeacec
llm_3e21e2507eac,spec,0.605161,False,distilroberta-base-climate-specificity,Local model,climatebert_multi_20260527T052620Z_aeacec
llm_901da37ebf2b,spec,0.534504,False,distilroberta-base-climate-specificity,Local model,climatebert_multi_20260527T052620Z_aeacec
llm_547de36a9f7e,non,0.727389,False,distilroberta-base-climate-specificity,Local model,climatebert_multi_20260527T052620Z_aeacec
llm_2114204246c9,spec,0.608304,False,distilroberta-base-climate-specificity,Local model,climatebert_multi_20260527T052620Z_aeacec
llm_436b7464284b,non,0.586063,False,distilroberta-base-climate-specificity,Local model,climatebert_multi_20260527T052620Z_aeacec
llm_729cadd56107,non,0.514415,False,distilroberta-base-climate-specificity,Local model,climatebert_multi_20260527T052620Z_aeacec
llm_194161972b88,non,0.618729,False,distilroberta-base-climate-specificity,Local model,climatebert_multi_20260527T052620Z_aeacec
llm_a63ed719438c,spec,0.516176,False,distilroberta-base-climate-specificity,Local model,climatebert_multi_20260527T052620Z_aeacec
llm_a6c53b37c3c3,spec,0.53406,False,distilroberta-base-climate-specificity,Local model,climatebert_multi_20260527T052620Z_aeacec
llm_234394b34c60,spec,0.53558,False,distilroberta-base-climate-specificity,Local model,climatebert_multi_20260527T052620Z_aeacec
llm_86cb06c43200,spec,0.527178,False,distilroberta-base-climate-specificity,Local model,climatebert_multi_20260527T052620Z_aeacec
llm_175c7cc95f0b,spec,0.513198,False,distilroberta-base-climate-specificity,Local model,climatebert_multi_20260527T052620Z_aeacec
llm_71c2fbed5b74,spec,0.532393,False,distilroberta-base-climate-specificity,Local model,climatebert_multi_20260527T052620Z_aeacec
llm_7c3dd6d3eab6,spec,0.538796,False,distilroberta-base-climate-specificity,Local model,climatebert_multi_20260527T052620Z_aeacec
llm_b989d229396c,spec,0.523075,False,distilroberta-base-climate-specificity,Local model,climatebert_multi_20260527T052620Z_aeacec
llm_b1a0acf3a1bd,non,0.504358,False,distilroberta-base-climate-specificity,Local model,climatebert_multi_20260527T052620Z_aeacec
llm_e13286c5363a,non,0.663374,False,distilroberta-base-climate-specificity,Local model,climatebert_multi_20260527T052620Z_aeacec
llm_ae8f422321db,non,0.522407,False,distilroberta-base-climate-specificity,Local model,climatebert_multi_20260527T052620Z_aeacec
llm_dbe8acd29539,non,0.579077,False,distilroberta-base-climate-specificity,Local model,climatebert_multi_20260527T052620Z_aeacec
llm_329d41d38a77,non,0.602848,False,distilroberta-base-climate-specificity,Local model,climatebert_multi_20260527T052620Z_aeacec
llm_f0682777652f,non,0.549619,False,distilroberta-base-climate-specificity,Local model,climatebert_multi_20260527T052620Z_aeacec
llm_774dee57eef7,non,0.651103,False,distilroberta-base-climate-specificity,Local model,climatebert_multi_20260527T052620Z_aeacec
llm_d1eb1feed434,spec,0.523547,False,distilroberta-base-climate-specificity,Local model,climatebert_multi_20260527T052620Z_aeacec
llm_a03ec569d327,non,0.516317,False,distilroberta-base-climate-specificity,Local model,climatebert_multi_20260527T052620Z_aeacec
llm_fc8d361bfd0b,non,0.541287,False,distilroberta-base-climate-specificity,Local model,climatebert_multi_20260527T052620Z_aeacec
llm_4b767668f64f,non,0.524967,False,distilroberta-base-climate-specificity,Local model,climatebert_multi_20260527T052620Z_aeacec
llm_69348e942ede,non,0.531324,False,distilroberta-base-climate-specificity,Local model,climatebert_multi_20260527T052620Z_aeacec
llm_3ec0b90ed22c,non,0.523376,False,distilroberta-base-climate-specificity,Local model,climatebert_multi_20260527T052620Z_aeacec
llm_8fa0922f9bdc,non,0.561426,False,distilroberta-base-climate-specificity,Local model,climatebert_multi_20260527T052620Z_aeacec
llm_b780ad88781b,non,0.554129,False,distilroberta-base-climate-specificity,Local model,climatebert_multi_20260527T052620Z_aeacec
llm_054683544a1f,spec,0.538895,False,distilroberta-base-climate-specificity,Local model,climatebert_multi_20260527T052620Z_aeacec
llm_d9898089672f,non,0.506819,False,distilroberta-base-climate-specificity,Local model,climatebert_multi_20260527T052620Z_aeacec
llm_3c20f2e838a1,spec,0.53216,False,distilroberta-base-climate-specificity,Local model,climatebert_multi_20260527T052620Z_aeacec
llm_4ce88b19fdc0,spec,0.555763,False,distilroberta-base-climate-specificity,Local model,climatebert_multi_20260527T052620Z_aeacec
llm_17b5be5ef3c3,non,0.528052,False,distilroberta-base-climate-specificity,Local model,climatebert_multi_20260527T052620Z_aeacec
llm_06b2444cc1da,spec,0.534504,False,distilroberta-base-climate-specificity,Local model,climatebert_multi_20260527T052620Z_aeacec
llm_b540fc0d69ea,spec,0.594244,False,distilroberta-base-climate-specificity,Local model,climatebert_multi_20260527T052620Z_aeacec
llm_011c5aa31547,spec,0.601002,False,distilroberta-base-climate-specificity,Local model,climatebert_multi_20260527T052620Z_aeacec
llm_bf3a4fcf5466,non,0.586063,False,distilroberta-base-climate-specificity,Local model,climatebert_multi_20260527T052620Z_aeacec
llm_0c159d24d9a3,non,0.514415,False,distilroberta-base-climate-specificity,Local model,climatebert_multi_20260527T052620Z_aeacec
llm_62ffb4f4cdec,non,0.618729,False,distilroberta-base-climate-specificity,Local model,climatebert_multi_20260527T052620Z_aeacec
llm_adcc43a68b84,spec,0.53406,False,distilroberta-base-climate-specificity,Local model,climatebert_multi_20260527T052620Z_aeacec
llm_3ad03bce2467,spec,0.53558,False,distilroberta-base-climate-specificity,Local model,climatebert_multi_20260527T052620Z_aeacec
llm_f41ddfea0851,spec,0.520995,False,distilroberta-base-climate-specificity,Local model,climatebert_multi_20260527T052620Z_aeacec
llm_5b08c530ff16,spec,0.513198,False,distilroberta-base-climate-specificity,Local model,climatebert_multi_20260527T052620Z_aeacec
llm_730b768c993c,spec,0.532393,False,distilroberta-base-climate-specificity,Local model,climatebert_multi_20260527T052620Z_aeacec
llm_40b39bad64a8,spec,0.551038,False,distilroberta-base-climate-specificity,Local model,climatebert_multi_20260527T052620Z_aeacec
llm_22595d3f2f17,spec,0.538796,False,distilroberta-base-climate-specificity,Local model,climatebert_multi_20260527T052620Z_aeacec
llm_29ccb912d6f5,spec,0.523075,False,distilroberta-base-climate-specificity,Local model,climatebert_multi_20260527T052620Z_aeacec
llm_0c9c033bc221,non,0.504358,False,distilroberta-base-climate-specificity,Local model,climatebert_multi_20260527T052620Z_aeacec
llm_5b28e7e2695f,non,0.559389,False,distilroberta-base-climate-specificity,Local model,climatebert_multi_20260527T052620Z_aeacec
llm_734735fcd490,non,0.505862,False,distilroberta-base-climate-specificity,Local model,climatebert_multi_20260527T052620Z_aeacec
llm_22e23c2859ba,spec,0.534504,False,distilroberta-base-climate-specificity,Local model,climatebert_multi_20260527T052620Z_aeacec
llm_a474f368d068,spec,0.594244,False,distilroberta-base-climate-specificity,Local model,climatebert_multi_20260527T052620Z_aeacec
llm_3862f8c64e40,spec,0.609083,False,distilroberta-base-climate-specificity,Local model,climatebert_multi_20260527T052620Z_aeacec
llm_4eeb729342da,spec,0.601224,False,distilroberta-base-climate-specificity,Local model,climatebert_multi_20260527T052620Z_aeacec
llm_c53d800b4c81,spec,0.594244,False,distilroberta-base-climate-specificity,Local model,climatebert_multi_20260527T052620Z_aeacec
llm_764b37cd6ef5,spec,0.609083,False,distilroberta-base-climate-specificity,Local model,climatebert_multi_20260527T052620Z_aeacec
llm_a2c986c1d1d2,spec,0.684347,False,distilroberta-base-climate-specificity,Local model,climatebert_multi_20260527T052620Z_aeacec
llm_d9462fd01bc8,spec,0.601224,False,distilroberta-base-climate-specificity,Local model,climatebert_multi_20260527T052620Z_aeacec
llm_cb4fa68c3465,spec,0.534504,False,distilroberta-base-climate-specificity,Local model,climatebert_multi_20260527T052620Z_aeacec
llm_228de6f5d519,non,0.565737,False,distilroberta-base-climate-specificity,Local model,climatebert_multi_20260527T052620Z_aeacec
llm_eda2210230b3,non,0.586063,False,distilroberta-base-climate-specificity,Local model,climatebert_multi_20260527T052620Z_aeacec
llm_d72987dacafe,non,0.514415,False,distilroberta-base-climate-specificity,Local model,climatebert_multi_20260527T052620Z_aeacec
llm_abcc7db54516,non,0.618729,False,distilroberta-base-climate-specificity,Local model,climatebert_multi_20260527T052620Z_aeacec
llm_8886092d625d,spec,0.516176,False,distilroberta-base-climate-specificity,Local model,climatebert_multi_20260527T052620Z_aeacec
llm_4fface7c8af6,spec,0.53406,False,distilroberta-base-climate-specificity,Local model,climatebert_multi_20260527T052620Z_aeacec
llm_43ee5c2ea0da,spec,0.53558,False,distilroberta-base-climate-specificity,Local model,climatebert_multi_20260527T052620Z_aeacec
llm_5669fb69d1b6,spec,0.520995,False,distilroberta-base-climate-specificity,Local model,climatebert_multi_20260527T052620Z_aeacec
llm_a871c4b56c89,spec,0.513198,False,distilroberta-base-climate-specificity,Local model,climatebert_multi_20260527T052620Z_aeacec
llm_a143c1e064f8,spec,0.532393,False,distilroberta-base-climate-specificity,Local model,climatebert_multi_20260527T052620Z_aeacec
llm_daa8683f2c89,spec,0.538796,False,distilroberta-base-climate-specificity,Local model,climatebert_multi_20260527T052620Z_aeacec
llm_dc79a1eed44b,spec,0.523075,False,distilroberta-base-climate-specificity,Local model,climatebert_multi_20260527T052620Z_aeacec
llm_ccb07c9365d9,non,0.504358,False,distilroberta-base-climate-specificity,Local model,climatebert_multi_20260527T052620Z_aeacec
llm_31bd1a0d1a35,non,0.569984,False,distilroberta-base-climate-specificity,Local model,climatebert_multi_20260527T052620Z_aeacec
llm_1906dc39eeb0,non,0.510505,False,distilroberta-base-climate-specificity,Local model,climatebert_multi_20260527T052620Z_aeacec
llm_6604a33477e8,spec,0.586716,False,distilroberta-base-climate-specificity,Local model,climatebert_multi_20260527T052620Z_aeacec
llm_c31413579c55,non,0.522403,False,distilroberta-base-climate-specificity,Local model,climatebert_multi_20260527T052620Z_aeacec
llm_7689b8c156b7,non,0.541015,False,distilroberta-base-climate-specificity,Local model,climatebert_multi_20260527T052620Z_aeacec
llm_e90bc16e3972,spec,0.507602,False,distilroberta-base-climate-specificity,Local model,climatebert_multi_20260527T052620Z_aeacec
llm_54d205270112,spec,0.610893,False,distilroberta-base-climate-specificity,Local model,climatebert_multi_20260527T052620Z_aeacec
llm_2089e393ec11,spec,0.641972,False,distilroberta-base-climate-specificity,Local model,climatebert_multi_20260527T052620Z_aeacec
llm_2b26c96107d0,spec,0.592605,False,distilroberta-base-climate-specificity,Local model,climatebert_multi_20260527T052620Z_aeacec
llm_66691bf52403,spec,0.615092,False,distilroberta-base-climate-specificity,Local model,climatebert_multi_20260527T052620Z_aeacec
llm_c7fcde4b6ea1,spec,0.535484,False,distilroberta-base-climate-specificity,Local model,climatebert_multi_20260527T052620Z_aeacec
llm_c25b3ac279c1,spec,0.65663,False,distilroberta-base-climate-specificity,Local model,climatebert_multi_20260527T052620Z_aeacec
llm_a5268b699975,spec,0.684347,False,distilroberta-base-climate-specificity,Local model,climatebert_multi_20260527T052620Z_aeacec
llm_f0fc5b06156a,spec,0.537913,False,distilroberta-base-climate-specificity,Local model,climatebert_multi_20260527T052620Z_aeacec
llm_cc6295c46527,spec,0.70915,False,distilroberta-base-climate-specificity,Local model,climatebert_multi_20260527T052620Z_aeacec
llm_c2a4d940fbbb,non,0.661035,False,distilroberta-base-climate-specificity,Local model,climatebert_multi_20260527T052620Z_aeacec
llm_96f854ac0d42,spec,0.57227,False,distilroberta-base-climate-specificity,Local model,climatebert_multi_20260527T052620Z_aeacec
llm_992617f2fb73,spec,0.534504,False,distilroberta-base-climate-specificity,Local model,climatebert_multi_20260527T052620Z_aeacec
llm_3d3fa0141fa8,spec,0.594244,False,distilroberta-base-climate-specificity,Local model,climatebert_multi_20260527T052620Z_aeacec
llm_b915048355f9,spec,0.609083,False,distilroberta-base-climate-specificity,Local model,climatebert_multi_20260527T052620Z_aeacec
llm_19a2030d3727,spec,0.615551,False,distilroberta-base-climate-specificity,Local model,climatebert_multi_20260527T052620Z_aeacec
llm_11976c1f97e8,spec,0.605395,False,distilroberta-base-climate-specificity,Local model,climatebert_multi_20260527T052620Z_aeacec
llm_34359207e97b,non,0.643268,False,distilroberta-base-climate-specificity,Local model,climatebert_multi_20260527T052620Z_aeacec
llm_9face00d3d02,spec,0.582815,False,distilroberta-base-climate-specificity,Local model,climatebert_multi_20260527T052620Z_aeacec
llm_ec66ced53a1a,non,0.579958,False,distilroberta-base-climate-specificity,Local model,climatebert_multi_20260527T052620Z_aeacec
llm_7806b0d88c2a,non,0.530968,False,distilroberta-base-climate-specificity,Local model,climatebert_multi_20260527T052620Z_aeacec
llm_4d7249f53b3a,spec,0.580419,False,distilroberta-base-climate-specificity,Local model,climatebert_multi_20260527T052620Z_aeacec
llm_45d3e1b135bc,spec,0.577042,False,distilroberta-base-climate-specificity,Local model,climatebert_multi_20260527T052620Z_aeacec
llm_2209b26202bc,spec,0.569373,False,distilroberta-base-climate-specificity,Local model,climatebert_multi_20260527T052620Z_aeacec
llm_915e0958fc0f,spec,0.594244,False,distilroberta-base-climate-specificity,Local model,climatebert_multi_20260527T052620Z_aeacec
llm_a82337ddd4d2,spec,0.609083,False,distilroberta-base-climate-specificity,Local model,climatebert_multi_20260527T052620Z_aeacec
llm_c4a22213f9c1,spec,0.603952,False,distilroberta-base-climate-specificity,Local model,climatebert_multi_20260527T052620Z_aeacec
llm_8e1b49d7b86e,spec,0.531584,False,distilroberta-base-climate-specificity,Local model,climatebert_multi_20260527T052620Z_aeacec
llm_5c1ab75ee464,spec,0.534504,False,distilroberta-base-climate-specificity,Local model,climatebert_multi_20260527T052620Z_aeacec
llm_82036640a55c,spec,0.581417,False,distilroberta-base-climate-specificity,Local model,climatebert_multi_20260527T052620Z_aeacec
llm_246593870c51,non,0.696054,False,distilroberta-base-climate-specificity,Local model,climatebert_multi_20260527T052620Z_aeacec
llm_9ec5e1200221,spec,0.534504,False,distilroberta-base-climate-specificity,Local model,climatebert_multi_20260527T052620Z_aeacec
llm_5c197880603c,spec,0.594244,False,distilroberta-base-climate-specificity,Local model,climatebert_multi_20260527T052620Z_aeacec
llm_6d0758025898,spec,0.603478,False,distilroberta-base-climate-specificity,Local model,climatebert_multi_20260527T052620Z_aeacec
llm_ec4a47b0acc4,spec,0.581417,False,distilroberta-base-climate-specificity,Local model,climatebert_multi_20260527T052620Z_aeacec
llm_4e273dbbba70,non,0.696054,False,distilroberta-base-climate-specificity,Local model,climatebert_multi_20260527T052620Z_aeacec
llm_2ac05897a1aa,spec,0.599939,False,distilroberta-base-climate-specificity,Local model,climatebert_multi_20260527T052620Z_aeacec
llm_300e12269e5c,spec,0.655857,False,distilroberta-base-climate-specificity,Local model,climatebert_multi_20260527T052620Z_aeacec
llm_12bd1982fcdb,spec,0.594244,False,distilroberta-base-climate-specificity,Local model,climatebert_multi_20260527T052620Z_aeacec
llm_85ba16235ffd,spec,0.60583,False,distilroberta-base-climate-specificity,Local model,climatebert_multi_20260527T052620Z_aeacec
llm_5259ec15fe14,spec,0.503836,False,distilroberta-base-climate-specificity,Local model,climatebert_multi_20260527T052620Z_aeacec
llm_cc503fbc84ad,spec,0.605161,False,distilroberta-base-climate-specificity,Local model,climatebert_multi_20260527T052620Z_aeacec
llm_9b15862a8081,spec,0.522162,False,distilroberta-base-climate-specificity,Local model,climatebert_multi_20260527T052620Z_aeacec
llm_2622f7fc7518,non,0.640615,False,distilroberta-base-climate-specificity,Local model,climatebert_multi_20260527T052620Z_aeacec
llm_d8aa8076cc08,non,0.514415,False,distilroberta-base-climate-specificity,Local model,climatebert_multi_20260527T052620Z_aeacec
llm_8b48503caca2,spec,0.53406,False,distilroberta-base-climate-specificity,Local model,climatebert_multi_20260527T052620Z_aeacec
llm_7c4fa98dcf79,spec,0.53558,False,distilroberta-base-climate-specificity,Local model,climatebert_multi_20260527T052620Z_aeacec
llm_17533b58bf5e,spec,0.520995,False,distilroberta-base-climate-specificity,Local model,climatebert_multi_20260527T052620Z_aeacec
llm_07507d674b02,spec,0.513198,False,distilroberta-base-climate-specificity,Local model,climatebert_multi_20260527T052620Z_aeacec
llm_563537079490,spec,0.532393,False,distilroberta-base-climate-specificity,Local model,climatebert_multi_20260527T052620Z_aeacec
llm_2ac1d3e3237c,spec,0.538796,False,distilroberta-base-climate-specificity,Local model,climatebert_multi_20260527T052620Z_aeacec
llm_792817775ab1,spec,0.523075,False,distilroberta-base-climate-specificity,Local model,climatebert_multi_20260527T052620Z_aeacec
llm_3c9f62ceb4c3,non,0.504358,False,distilroberta-base-climate-specificity,Local model,climatebert_multi_20260527T052620Z_aeacec
llm_341d87e4d948,spec,0.555763,False,distilroberta-base-climate-specificity,Local model,climatebert_multi_20260527T052620Z_aeacec
llm_e26929f333c9,spec,0.545622,False,distilroberta-base-climate-specificity,Local model,climatebert_multi_20260527T052620Z_aeacec
llm_88f9ec380f0d,non,0.618729,False,distilroberta-base-climate-specificity,Local model,climatebert_multi_20260527T052620Z_aeacec
llm_db54d26bed61,spec,0.52896,False,distilroberta-base-climate-specificity,Local model,climatebert_multi_20260527T052620Z_aeacec
llm_b4cd4cf5b6c7,spec,0.594244,False,distilroberta-base-climate-specificity,Local model,climatebert_multi_20260527T052620Z_aeacec
llm_afb02d8938bb,spec,0.601002,False,distilroberta-base-climate-specificity,Local model,climatebert_multi_20260527T052620Z_aeacec
llm_0c3caa0d2f77,non,0.505213,False,distilroberta-base-climate-specificity,Local model,climatebert_multi_20260527T052620Z_aeacec
llm_c0e4b45fa83c,spec,0.589863,False,distilroberta-base-climate-specificity,Local model,climatebert_multi_20260527T052620Z_aeacec
llm_97535ba8c9df,spec,0.597744,False,distilroberta-base-climate-specificity,Local model,climatebert_multi_20260527T052620Z_aeacec
llm_14ccbafc0351,spec,0.534504,False,distilroberta-base-climate-specificity,Local model,climatebert_multi_20260527T052620Z_aeacec
llm_026fa56f006a,spec,0.601224,False,distilroberta-base-climate-specificity,Local model,climatebert_multi_20260527T052620Z_aeacec
llm_4d21505dc600,spec,0.594244,False,distilroberta-base-climate-specificity,Local model,climatebert_multi_20260527T052620Z_aeacec
llm_eca1aca455a1,spec,0.601002,False,distilroberta-base-climate-specificity,Local model,climatebert_multi_20260527T052620Z_aeacec
llm_0d66876f8914,spec,0.538415,False,distilroberta-base-climate-specificity,Local model,climatebert_multi_20260527T052620Z_aeacec
llm_17b4a324c51f,spec,0.65663,False,distilroberta-base-climate-specificity,Local model,climatebert_multi_20260527T052620Z_aeacec
llm_7a1fe48729c6,spec,0.578065,False,distilroberta-base-climate-specificity,Local model,climatebert_multi_20260527T052620Z_aeacec
llm_c0bb74b19438,spec,0.570413,False,distilroberta-base-climate-specificity,Local model,climatebert_multi_20260527T052620Z_aeacec
llm_5cf2bfc4fac8,spec,0.719765,False,distilroberta-base-climate-specificity,Local model,climatebert_multi_20260527T052620Z_aeacec
llm_f0dae6072708,spec,0.534504,False,distilroberta-base-climate-specificity,Local model,climatebert_multi_20260527T052620Z_aeacec
llm_6fcc527a156c,spec,0.534504,False,distilroberta-base-climate-specificity,Local model,climatebert_multi_20260527T052620Z_aeacec
llm_b935eb5d5be7,spec,0.594244,False,distilroberta-base-climate-specificity,Local model,climatebert_multi_20260527T052620Z_aeacec
llm_e2927ed9c784,spec,0.609083,False,distilroberta-base-climate-specificity,Local model,climatebert_multi_20260527T052620Z_aeacec
llm_e16f55a8574b,non,0.727389,False,distilroberta-base-climate-specificity,Local model,climatebert_multi_20260527T052620Z_aeacec
llm_149c19060257,spec,0.601224,False,distilroberta-base-climate-specificity,Local model,climatebert_multi_20260527T052620Z_aeacec
llm_afbca6260713,spec,0.594244,False,distilroberta-base-climate-specificity,Local model,climatebert_multi_20260527T052620Z_aeacec
llm_017042510d4d,spec,0.601002,False,distilroberta-base-climate-specificity,Local model,climatebert_multi_20260527T052620Z_aeacec
llm_ff3b6040d940,spec,0.608304,False,distilroberta-base-climate-specificity,Local model,climatebert_multi_20260527T052620Z_aeacec
llm_28ac5d174205,spec,0.534504,False,distilroberta-base-climate-specificity,Local model,climatebert_multi_20260527T052620Z_aeacec
llm_4cb401cacc1b,spec,0.601224,False,distilroberta-base-climate-specificity,Local model,climatebert_multi_20260527T052620Z_aeacec
llm_d3b3e6611bb8,spec,0.534504,False,distilroberta-base-climate-specificity,Local model,climatebert_multi_20260527T052620Z_aeacec
llm_6caf71412fc4,spec,0.594244,False,distilroberta-base-climate-specificity,Local model,climatebert_multi_20260527T052620Z_aeacec
llm_b0c5244e65b8,spec,0.601002,False,distilroberta-base-climate-specificity,Local model,climatebert_multi_20260527T052620Z_aeacec
llm_87f4d525e0b9,non,0.614579,False,distilroberta-base-climate-specificity,Local model,climatebert_multi_20260527T052620Z_aeacec
llm_5abe134b4c31,spec,0.57027,False,distilroberta-base-climate-specificity,Local model,climatebert_multi_20260527T052620Z_aeacec
llm_84af0a184208,spec,0.507602,False,distilroberta-base-climate-specificity,Local model,climatebert_multi_20260527T052620Z_aeacec
llm_02c1fb72edb1,spec,0.610893,False,distilroberta-base-climate-specificity,Local model,climatebert_multi_20260527T052620Z_aeacec
llm_130856f3bc81,spec,0.641972,False,distilroberta-base-climate-specificity,Local model,climatebert_multi_20260527T052620Z_aeacec
llm_ab7ec7c67354,spec,0.592605,False,distilroberta-base-climate-specificity,Local model,climatebert_multi_20260527T052620Z_aeacec
llm_f8625e67ab8d,spec,0.615092,False,distilroberta-base-climate-specificity,Local model,climatebert_multi_20260527T052620Z_aeacec
llm_af30c72153ea,spec,0.523503,False,distilroberta-base-climate-specificity,Local model,climatebert_multi_20260527T052620Z_aeacec
llm_d6b543edf4fe,non,0.521274,False,distilroberta-base-climate-specificity,Local model,climatebert_multi_20260527T052620Z_aeacec
llm_253d6fb79837,non,0.584845,False,distilroberta-base-climate-specificity,Local model,climatebert_multi_20260527T052620Z_aeacec
llm_c2b957455de4,non,0.51481,False,distilroberta-base-climate-specificity,Local model,climatebert_multi_20260527T052620Z_aeacec
llm_fd08e38ab6d3,non,0.567467,False,distilroberta-base-climate-specificity,Local model,climatebert_multi_20260527T052620Z_aeacec
llm_783930f1732e,non,0.518698,False,distilroberta-base-climate-specificity,Local model,climatebert_multi_20260527T052620Z_aeacec
llm_7ceded606ce4,non,0.672481,False,distilroberta-base-climate-specificity,Local model,climatebert_multi_20260527T052620Z_aeacec
llm_7bb1015841c7,non,0.543926,False,distilroberta-base-climate-specificity,Local model,climatebert_multi_20260527T052620Z_aeacec
llm_e52427d927f5,non,0.522956,False,distilroberta-base-climate-specificity,Local model,climatebert_multi_20260527T052620Z_aeacec
llm_6c651c2057a6,spec,0.594244,False,distilroberta-base-climate-specificity,Local model,climatebert_multi_20260527T052620Z_aeacec
llm_0a2f45b7403e,spec,0.601002,False,distilroberta-base-climate-specificity,Local model,climatebert_multi_20260527T052620Z_aeacec
llm_a3a4cd253b4b,spec,0.581417,False,distilroberta-base-climate-specificity,Local model,climatebert_multi_20260527T052620Z_aeacec
llm_6d9e0d803a55,spec,0.534504,False,distilroberta-base-climate-specificity,Local model,climatebert_multi_20260527T052620Z_aeacec
llm_4d557f891038,spec,0.531584,False,distilroberta-base-climate-specificity,Local model,climatebert_multi_20260527T052620Z_aeacec
llm_566629fe83a0,spec,0.586022,False,distilroberta-base-climate-specificity,Local model,climatebert_multi_20260527T052620Z_aeacec
llm_49a0c4683d96,spec,0.522162,False,distilroberta-base-climate-specificity,Local model,climatebert_multi_20260527T052620Z_aeacec
llm_648f3c5b0e7a,non,0.503492,False,distilroberta-base-climate-specificity,Local model,climatebert_multi_20260527T052620Z_aeacec
llm_ddb7abd8a7cb,spec,0.502474,False,distilroberta-base-climate-specificity,Local model,climatebert_multi_20260527T052620Z_aeacec
llm_e291aace3775,non,0.636996,False,distilroberta-base-climate-specificity,Local model,climatebert_multi_20260527T052620Z_aeacec
llm_c99551b93a94,spec,0.568645,False,distilroberta-base-climate-specificity,Local model,climatebert_multi_20260527T052620Z_aeacec
llm_33ad4b7a14f0,spec,0.606954,False,distilroberta-base-climate-specificity,Local model,climatebert_multi_20260527T052620Z_aeacec
llm_5c50d944dd1c,spec,0.550868,False,distilroberta-base-climate-specificity,Local model,climatebert_multi_20260527T052620Z_aeacec
llm_d9fe02c911a5,spec,0.533649,False,distilroberta-base-climate-specificity,Local model,climatebert_multi_20260527T052620Z_aeacec
llm_6280fb0d8093,spec,0.620087,False,distilroberta-base-climate-specificity,Local model,climatebert_multi_20260527T052620Z_aeacec
llm_f50929d0530a,spec,0.569657,False,distilroberta-base-climate-specificity,Local model,climatebert_multi_20260527T052620Z_aeacec
llm_d7c639547338,spec,0.539381,False,distilroberta-base-climate-specificity,Local model,climatebert_multi_20260527T052620Z_aeacec
llm_f6a5658455e2,spec,0.532082,False,distilroberta-base-climate-specificity,Local model,climatebert_multi_20260527T052620Z_aeacec
llm_a181ec2e8360,spec,0.517297,False,distilroberta-base-climate-specificity,Local model,climatebert_multi_20260527T052620Z_aeacec
llm_84d7968938bc,spec,0.584168,False,distilroberta-base-climate-specificity,Local model,climatebert_multi_20260527T052620Z_aeacec
llm_7a8227c214ce,spec,0.647505,False,distilroberta-base-climate-specificity,Local model,climatebert_multi_20260527T052620Z_aeacec
llm_028c0dd80446,non,0.598531,False,distilroberta-base-climate-specificity,Local model,climatebert_multi_20260527T052620Z_aeacec
llm_e22650ff0791,spec,0.594244,False,distilroberta-base-climate-specificity,Local model,climatebert_multi_20260527T052620Z_aeacec
llm_94b4d843ac21,spec,0.609083,False,distilroberta-base-climate-specificity,Local model,climatebert_multi_20260527T052620Z_aeacec
llm_4800171fdd23,spec,0.605161,False,distilroberta-base-climate-specificity,Local model,climatebert_multi_20260527T052620Z_aeacec
llm_bba22751018c,spec,0.601224,False,distilroberta-base-climate-specificity,Local model,climatebert_multi_20260527T052620Z_aeacec
llm_a8511654d894,spec,0.534504,False,distilroberta-base-climate-specificity,Local model,climatebert_multi_20260527T052620Z_aeacec
llm_22abe484478e,spec,0.553495,False,distilroberta-base-climate-specificity,Local model,climatebert_multi_20260527T052620Z_aeacec
llm_b52e455508d6,spec,0.507254,False,distilroberta-base-climate-specificity,Local model,climatebert_multi_20260527T052620Z_aeacec
llm_aece6f537a19,spec,0.544767,False,distilroberta-base-climate-specificity,Local model,climatebert_multi_20260527T052620Z_aeacec
llm_4cb25711eee2,non,0.517178,False,distilroberta-base-climate-specificity,Local model,climatebert_multi_20260527T052620Z_aeacec
llm_01b21d687704,spec,0.522162,False,distilroberta-base-climate-specificity,Local model,climatebert_multi_20260527T052620Z_aeacec
llm_f46e5b7fff0a,non,0.503492,False,distilroberta-base-climate-specificity,Local model,climatebert_multi_20260527T052620Z_aeacec
llm_7179f6b4d996,non,0.53764,False,distilroberta-base-climate-specificity,Local model,climatebert_multi_20260527T052620Z_aeacec
llm_80b3e275c064,spec,0.583942,False,distilroberta-base-climate-specificity,Local model,climatebert_multi_20260527T052620Z_aeacec
llm_12b2373df13f,spec,0.593115,False,distilroberta-base-climate-specificity,Local model,climatebert_multi_20260527T052620Z_aeacec
llm_ed2afcdc88cb,spec,0.595608,False,distilroberta-base-climate-specificity,Local model,climatebert_multi_20260527T052620Z_aeacec
llm_87a04e8a0311,spec,0.620087,False,distilroberta-base-climate-specificity,Local model,climatebert_multi_20260527T052620Z_aeacec
llm_ca60731ecabd,spec,0.569657,False,distilroberta-base-climate-specificity,Local model,climatebert_multi_20260527T052620Z_aeacec
llm_5d89b614f7b9,spec,0.539381,False,distilroberta-base-climate-specificity,Local model,climatebert_multi_20260527T052620Z_aeacec
llm_1393e07a2489,spec,0.532082,False,distilroberta-base-climate-specificity,Local model,climatebert_multi_20260527T052620Z_aeacec
llm_fe80e8567249,spec,0.608239,False,distilroberta-base-climate-specificity,Local model,climatebert_multi_20260527T052620Z_aeacec
llm_e9db0e61dde7,spec,0.641866,False,distilroberta-base-climate-specificity,Local model,climatebert_multi_20260527T052620Z_aeacec
llm_50b8342aa738,spec,0.565506,False,distilroberta-base-climate-specificity,Local model,climatebert_multi_20260527T052620Z_aeacec
llm_f48166021d01,spec,0.526488,False,distilroberta-base-climate-specificity,Local model,climatebert_multi_20260527T052620Z_aeacec
llm_9da8981b74c5,spec,0.594244,False,distilroberta-base-climate-specificity,Local model,climatebert_multi_20260527T052620Z_aeacec
llm_fb9098b05887,spec,0.605161,False,distilroberta-base-climate-specificity,Local model,climatebert_multi_20260527T052620Z_aeacec
llm_df005b6ad0f7,spec,0.537893,False,distilroberta-base-climate-specificity,Local model,climatebert_multi_20260527T052620Z_aeacec
llm_7cb3f26de30f,spec,0.716623,False,distilroberta-base-climate-specificity,Local model,climatebert_multi_20260527T052620Z_aeacec
llm_918551b24013,spec,0.538736,False,distilroberta-base-climate-specificity,Local model,climatebert_multi_20260527T052620Z_aeacec
llm_93f5855c4e6b,spec,0.601224,False,distilroberta-base-climate-specificity,Local model,climatebert_multi_20260527T052620Z_aeacec
llm_341b6df7afbc,spec,0.594244,False,distilroberta-base-climate-specificity,Local model,climatebert_multi_20260527T052620Z_aeacec
llm_7f457d19c6d4,spec,0.601002,False,distilroberta-base-climate-specificity,Local model,climatebert_multi_20260527T052620Z_aeacec
llm_63d975cf440b,spec,0.586033,False,distilroberta-base-climate-specificity,Local model,climatebert_multi_20260527T052620Z_aeacec
llm_b52a241bdcce,spec,0.66405,False,distilroberta-base-climate-specificity,Local model,climatebert_multi_20260527T052620Z_aeacec
llm_9d051625126b,spec,0.601224,False,distilroberta-base-climate-specificity,Local model,climatebert_multi_20260527T052620Z_aeacec
llm_2df45c060e52,spec,0.534504,False,distilroberta-base-climate-specificity,Local model,climatebert_multi_20260527T052620Z_aeacec
llm_40f12e1a405e,spec,0.608304,False,distilroberta-base-climate-specificity,Local model,climatebert_multi_20260527T052620Z_aeacec
llm_6c71afe50328,spec,0.717321,False,distilroberta-base-climate-specificity,Local model,climatebert_multi_20260527T052620Z_aeacec
llm_a6b154e81e2a,spec,0.599939,False,distilroberta-base-climate-specificity,Local model,climatebert_multi_20260527T052620Z_aeacec
llm_556dfb72ec5b,spec,0.601224,False,distilroberta-base-climate-specificity,Local model,climatebert_multi_20260527T052620Z_aeacec
llm_b67ddffd3d9a,spec,0.684347,False,distilroberta-base-climate-specificity,Local model,climatebert_multi_20260527T052620Z_aeacec
llm_60115e029083,spec,0.660301,False,distilroberta-base-climate-specificity,Local model,climatebert_multi_20260527T052620Z_aeacec
llm_6b34c8323cf7,spec,0.594244,False,distilroberta-base-climate-specificity,Local model,climatebert_multi_20260527T052620Z_aeacec
llm_8ee81c2a7523,spec,0.609083,False,distilroberta-base-climate-specificity,Local model,climatebert_multi_20260527T052620Z_aeacec
llm_15b3d123a2e5,non,0.702005,False,distilroberta-base-climate-specificity,Local model,climatebert_multi_20260527T052620Z_aeacec
llm_1989bffa8b01,non,0.586063,False,distilroberta-base-climate-specificity,Local model,climatebert_multi_20260527T052620Z_aeacec
llm_0feffac983f8,non,0.514415,False,distilroberta-base-climate-specificity,Local model,climatebert_multi_20260527T052620Z_aeacec
llm_d4d69e218513,non,0.618729,False,distilroberta-base-climate-specificity,Local model,climatebert_multi_20260527T052620Z_aeacec
llm_76ae84e846dc,spec,0.53406,False,distilroberta-base-climate-specificity,Local model,climatebert_multi_20260527T052620Z_aeacec
llm_e950b5912645,spec,0.53558,False,distilroberta-base-climate-specificity,Local model,climatebert_multi_20260527T052620Z_aeacec
llm_1b5eec25ebdc,spec,0.520995,False,distilroberta-base-climate-specificity,Local model,climatebert_multi_20260527T052620Z_aeacec
llm_95f9f3ba0508,spec,0.513198,False,distilroberta-base-climate-specificity,Local model,climatebert_multi_20260527T052620Z_aeacec
llm_4afe49fba042,spec,0.532393,False,distilroberta-base-climate-specificity,Local model,climatebert_multi_20260527T052620Z_aeacec
llm_78f44d64379d,spec,0.538796,False,distilroberta-base-climate-specificity,Local model,climatebert_multi_20260527T052620Z_aeacec
llm_149d9b711af2,spec,0.523075,False,distilroberta-base-climate-specificity,Local model,climatebert_multi_20260527T052620Z_aeacec
llm_1aa2eeeedcd5,non,0.504358,False,distilroberta-base-climate-specificity,Local model,climatebert_multi_20260527T052620Z_aeacec
llm_a1306229f708,spec,0.555763,False,distilroberta-base-climate-specificity,Local model,climatebert_multi_20260527T052620Z_aeacec
llm_be739f59a91e,spec,0.523578,False,distilroberta-base-climate-specificity,Local model,climatebert_multi_20260527T052620Z_aeacec
llm_dc5bc4077a13,spec,0.525802,False,distilroberta-base-climate-specificity,Local model,climatebert_multi_20260527T052620Z_aeacec
llm_b801000874b5,spec,0.550213,False,distilroberta-base-climate-specificity,Local model,climatebert_multi_20260527T052620Z_aeacec
llm_af4ebeb59754,spec,0.594244,False,distilroberta-base-climate-specificity,Local model,climatebert_multi_20260527T052620Z_aeacec
llm_147673fbed3d,spec,0.601002,False,distilroberta-base-climate-specificity,Local model,climatebert_multi_20260527T052620Z_aeacec
llm_4fe02d0c8b8f,spec,0.648306,False,distilroberta-base-climate-specificity,Local model,climatebert_multi_20260527T052620Z_aeacec
llm_6106a4851245,non,0.628225,False,distilroberta-base-climate-specificity,Local model,climatebert_multi_20260527T052620Z_aeacec
llm_cd562090703b,spec,0.534504,False,distilroberta-base-climate-specificity,Local model,climatebert_multi_20260527T052620Z_aeacec
llm_bc678fa3d4cf,spec,0.601224,False,distilroberta-base-climate-specificity,Local model,climatebert_multi_20260527T052620Z_aeacec
llm_4f7c13869525,spec,0.594244,False,distilroberta-base-climate-specificity,Local model,climatebert_multi_20260527T052620Z_aeacec
llm_1379f5eebcb6,spec,0.601002,False,distilroberta-base-climate-specificity,Local model,climatebert_multi_20260527T052620Z_aeacec
llm_52519c67e993,spec,0.534504,False,distilroberta-base-climate-specificity,Local model,climatebert_multi_20260527T052620Z_aeacec
llm_53c79d61a0c2,spec,0.601224,False,distilroberta-base-climate-specificity,Local model,climatebert_multi_20260527T052620Z_aeacec
llm_9b3182890baa,spec,0.689415,False,distilroberta-base-climate-specificity,Local model,climatebert_multi_20260527T052620Z_aeacec
llm_0a9bb90cf49c,non,0.586063,False,distilroberta-base-climate-specificity,Local model,climatebert_multi_20260527T052620Z_aeacec
llm_556e7e51b93d,non,0.514415,False,distilroberta-base-climate-specificity,Local model,climatebert_multi_20260527T052620Z_aeacec
llm_2f78c44ada52,non,0.618729,False,distilroberta-base-climate-specificity,Local model,climatebert_multi_20260527T052620Z_aeacec
llm_7350437d1c4a,spec,0.53406,False,distilroberta-base-climate-specificity,Local model,climatebert_multi_20260527T052620Z_aeacec
llm_f66b049eed84,spec,0.53558,False,distilroberta-base-climate-specificity,Local model,climatebert_multi_20260527T052620Z_aeacec
llm_b8ffc1e6381d,spec,0.520995,False,distilroberta-base-climate-specificity,Local model,climatebert_multi_20260527T052620Z_aeacec
llm_598104459618,spec,0.513198,False,distilroberta-base-climate-specificity,Local model,climatebert_multi_20260527T052620Z_aeacec
llm_69217fcb70ee,spec,0.532393,False,distilroberta-base-climate-specificity,Local model,climatebert_multi_20260527T052620Z_aeacec
llm_4b48713368c5,spec,0.538796,False,distilroberta-base-climate-specificity,Local model,climatebert_multi_20260527T052620Z_aeacec
llm_c3228a42dd48,spec,0.523075,False,distilroberta-base-climate-specificity,Local model,climatebert_multi_20260527T052620Z_aeacec
llm_6ecbd9c7f506,non,0.504358,False,distilroberta-base-climate-specificity,Local model,climatebert_multi_20260527T052620Z_aeacec
llm_1b033ffcd475,spec,0.553686,False,distilroberta-base-climate-specificity,Local model,climatebert_multi_20260527T052620Z_aeacec
llm_a1515d6a7f62,spec,0.580153,False,distilroberta-base-climate-specificity,Local model,climatebert_multi_20260527T052620Z_aeacec
llm_21a8df959b2b,non,0.537307,False,distilroberta-base-climate-specificity,Local model,climatebert_multi_20260527T052620Z_aeacec
llm_1eb95ed1cfa1,spec,0.523578,False,distilroberta-base-climate-specificity,Local model,climatebert_multi_20260527T052620Z_aeacec
llm_19f5b7c68536,spec,0.555763,False,distilroberta-base-climate-specificity,Local model,climatebert_multi_20260527T052620Z_aeacec
llm_be84e942eabf,spec,0.545622,False,distilroberta-base-climate-specificity,Local model,climatebert_multi_20260527T052620Z_aeacec
llm_4f57fac26dbb,spec,0.593525,False,distilroberta-base-climate-specificity,Local model,climatebert_multi_20260527T052620Z_aeacec
llm_207284c7d9cc,spec,0.578454,False,distilroberta-base-climate-specificity,Local model,climatebert_multi_20260527T052620Z_aeacec
llm_c53799573bd4,spec,0.546895,False,distilroberta-base-climate-specificity,Local model,climatebert_multi_20260527T052620Z_aeacec
llm_0e39581f3c92,spec,0.622257,False,distilroberta-base-climate-specificity,Local model,climatebert_multi_20260527T052620Z_aeacec
llm_199e70dc82f0,spec,0.50916,False,distilroberta-base-climate-specificity,Local model,climatebert_multi_20260527T052620Z_aeacec
llm_919ea160091d,spec,0.539361,False,distilroberta-base-climate-specificity,Local model,climatebert_multi_20260527T052620Z_aeacec
llm_429a60642958,spec,0.639907,False,distilroberta-base-climate-specificity,Local model,climatebert_multi_20260527T052620Z_aeacec
llm_02bfe6272f9b,non,0.652152,False,distilroberta-base-climate-specificity,Local model,climatebert_multi_20260527T052620Z_aeacec
llm_423c2678f2b6,spec,0.576145,False,distilroberta-base-climate-specificity,Local model,climatebert_multi_20260527T052620Z_aeacec
llm_97a17df37f66,spec,0.605775,False,distilroberta-base-climate-specificity,Local model,climatebert_multi_20260527T052620Z_aeacec
llm_dc0f11aea5d6,spec,0.549266,False,distilroberta-base-climate-specificity,Local model,climatebert_multi_20260527T052620Z_aeacec
llm_473a82eb8576,spec,0.594244,False,distilroberta-base-climate-specificity,Local model,climatebert_multi_20260527T052620Z_aeacec
llm_1f38ebaeede9,spec,0.601002,False,distilroberta-base-climate-specificity,Local model,climatebert_multi_20260527T052620Z_aeacec
llm_77c2a9a53f0e,spec,0.70915,False,distilroberta-base-climate-specificity,Local model,climatebert_multi_20260527T052620Z_aeacec
llm_68434f6eda14,spec,0.593525,False,distilroberta-base-climate-specificity,Local model,climatebert_multi_20260527T052620Z_aeacec
llm_54f448d4338a,spec,0.578454,False,distilroberta-base-climate-specificity,Local model,climatebert_multi_20260527T052620Z_aeacec
llm_1013ebcc2ccf,spec,0.546895,False,distilroberta-base-climate-specificity,Local model,climatebert_multi_20260527T052620Z_aeacec
llm_96b98845afef,spec,0.622257,False,distilroberta-base-climate-specificity,Local model,climatebert_multi_20260527T052620Z_aeacec
llm_b172a4b33e6b,spec,0.50916,False,distilroberta-base-climate-specificity,Local model,climatebert_multi_20260527T052620Z_aeacec
llm_70e7b6c90061,spec,0.539361,False,distilroberta-base-climate-specificity,Local model,climatebert_multi_20260527T052620Z_aeacec
llm_ad136189528e,spec,0.639907,False,distilroberta-base-climate-specificity,Local model,climatebert_multi_20260527T052620Z_aeacec
llm_d848b2f839f5,non,0.652152,False,distilroberta-base-climate-specificity,Local model,climatebert_multi_20260527T052620Z_aeacec
llm_1034087f2a32,spec,0.576145,False,distilroberta-base-climate-specificity,Local model,climatebert_multi_20260527T052620Z_aeacec
llm_c0ac5538f88b,spec,0.673884,False,distilroberta-base-climate-specificity,Local model,climatebert_multi_20260527T052620Z_aeacec
llm_b07b545f48cc,spec,0.690249,False,distilroberta-base-climate-specificity,Local model,climatebert_multi_20260527T052620Z_aeacec
llm_ead066b5ea1f,spec,0.615254,False,distilroberta-base-climate-specificity,Local model,climatebert_multi_20260527T052620Z_aeacec
llm_7030cf3c50c5,spec,0.655857,False,distilroberta-base-climate-specificity,Local model,climatebert_multi_20260527T052620Z_aeacec
llm_fd57f2297074,spec,0.684347,False,distilroberta-base-climate-specificity,Local model,climatebert_multi_20260527T052620Z_aeacec
llm_6fd540c170cf,spec,0.691671,False,distilroberta-base-climate-specificity,Local model,climatebert_multi_20260527T052620Z_aeacec
llm_157a2cae299d,spec,0.534504,False,distilroberta-base-climate-specificity,Local model,climatebert_multi_20260527T052620Z_aeacec
llm_b82e28cc557c,spec,0.594244,False,distilroberta-base-climate-specificity,Local model,climatebert_multi_20260527T052620Z_aeacec
llm_522a0d0ff2d7,spec,0.601002,False,distilroberta-base-climate-specificity,Local model,climatebert_multi_20260527T052620Z_aeacec
llm_9a454ce0b4c5,spec,0.533941,False,distilroberta-base-climate-specificity,Local model,climatebert_multi_20260527T052620Z_aeacec
llm_1836ab30ce90,non,0.513912,False,distilroberta-base-climate-specificity,Local model,climatebert_multi_20260527T052620Z_aeacec
llm_04032cf15b8a,spec,0.531581,False,distilroberta-base-climate-specificity,Local model,climatebert_multi_20260527T052620Z_aeacec
llm_6b9354732067,spec,0.672298,False,distilroberta-base-climate-specificity,Local model,climatebert_multi_20260527T052620Z_aeacec
llm_a135f46f8004,spec,0.662967,False,distilroberta-base-climate-specificity,Local model,climatebert_multi_20260527T052620Z_aeacec
llm_a2103fbc5055,non,0.586063,False,distilroberta-base-climate-specificity,Local model,climatebert_multi_20260527T052620Z_aeacec
llm_2a10192d05ae,non,0.514415,False,distilroberta-base-climate-specificity,Local model,climatebert_multi_20260527T052620Z_aeacec
llm_08ab338233c1,non,0.618729,False,distilroberta-base-climate-specificity,Local model,climatebert_multi_20260527T052620Z_aeacec
llm_1385b3dabf41,spec,0.53406,False,distilroberta-base-climate-specificity,Local model,climatebert_multi_20260527T052620Z_aeacec
llm_b098b1e0df76,spec,0.53558,False,distilroberta-base-climate-specificity,Local model,climatebert_multi_20260527T052620Z_aeacec
llm_509c1434622d,spec,0.520995,False,distilroberta-base-climate-specificity,Local model,climatebert_multi_20260527T052620Z_aeacec
llm_910511e6510c,spec,0.513198,False,distilroberta-base-climate-specificity,Local model,climatebert_multi_20260527T052620Z_aeacec
llm_6faa8fa10789,spec,0.532393,False,distilroberta-base-climate-specificity,Local model,climatebert_multi_20260527T052620Z_aeacec
llm_a828e658a82e,spec,0.538796,False,distilroberta-base-climate-specificity,Local model,climatebert_multi_20260527T052620Z_aeacec
llm_3666a65d180c,spec,0.523075,False,distilroberta-base-climate-specificity,Local model,climatebert_multi_20260527T052620Z_aeacec
llm_dc8de6173f21,non,0.504358,False,distilroberta-base-climate-specificity,Local model,climatebert_multi_20260527T052620Z_aeacec
llm_2ab4caef741d,spec,0.523578,False,distilroberta-base-climate-specificity,Local model,climatebert_multi_20260527T052620Z_aeacec
llm_723b98649516,spec,0.555763,False,distilroberta-base-climate-specificity,Local model,climatebert_multi_20260527T052620Z_aeacec
llm_9ffe64c1299a,spec,0.557614,False,distilroberta-base-climate-specificity,Local model,climatebert_multi_20260527T052620Z_aeacec
llm_aaee4e097800,spec,0.527653,False,distilroberta-base-climate-specificity,Local model,climatebert_multi_20260527T052620Z_aeacec
llm_7b560ac2a9f1,spec,0.593525,False,distilroberta-base-climate-specificity,Local model,climatebert_multi_20260527T052620Z_aeacec
llm_c1f07b9696c3,spec,0.578454,False,distilroberta-base-climate-specificity,Local model,climatebert_multi_20260527T052620Z_aeacec
llm_1fc63efd1dd2,spec,0.546895,False,distilroberta-base-climate-specificity,Local model,climatebert_multi_20260527T052620Z_aeacec
llm_ad7703569f84,spec,0.622257,False,distilroberta-base-climate-specificity,Local model,climatebert_multi_20260527T052620Z_aeacec
llm_e9687f992dca,spec,0.50916,False,distilroberta-base-climate-specificity,Local model,climatebert_multi_20260527T052620Z_aeacec
llm_f9f452035f18,spec,0.539361,False,distilroberta-base-climate-specificity,Local model,climatebert_multi_20260527T052620Z_aeacec
llm_f39aa7d9ac03,spec,0.639907,False,distilroberta-base-climate-specificity,Local model,climatebert_multi_20260527T052620Z_aeacec
llm_c325a96bae1e,non,0.652152,False,distilroberta-base-climate-specificity,Local model,climatebert_multi_20260527T052620Z_aeacec
llm_28dc508468e5,spec,0.576145,False,distilroberta-base-climate-specificity,Local model,climatebert_multi_20260527T052620Z_aeacec
llm_65235c08004a,spec,0.677413,False,distilroberta-base-climate-specificity,Local model,climatebert_multi_20260527T052620Z_aeacec
llm_663ebc561c63,spec,0.690249,False,distilroberta-base-climate-specificity,Local model,climatebert_multi_20260527T052620Z_aeacec
llm_2326f201bf3a,non,0.651506,False,distilroberta-base-climate-specificity,Local model,climatebert_multi_20260527T052620Z_aeacec
llm_aef4692e7938,spec,0.615254,False,distilroberta-base-climate-specificity,Local model,climatebert_multi_20260527T052620Z_aeacec
llm_029981e9b2c6,spec,0.558264,False,distilroberta-base-climate-specificity,Local model,climatebert_multi_20260527T052620Z_aeacec
llm_cf4c8b4268e6,non,0.565737,False,distilroberta-base-climate-specificity,Local model,climatebert_multi_20260527T052620Z_aeacec
llm_8c5bcd714fc1,spec,0.5021,False,distilroberta-base-climate-specificity,Local model,climatebert_multi_20260527T052620Z_aeacec
llm_fd48dae9f1d7,non,0.640615,False,distilroberta-base-climate-specificity,Local model,climatebert_multi_20260527T052620Z_aeacec
llm_c8a18c4c2b6f,non,0.514415,False,distilroberta-base-climate-specificity,Local model,climatebert_multi_20260527T052620Z_aeacec
llm_28de456b1330,non,0.618729,False,distilroberta-base-climate-specificity,Local model,climatebert_multi_20260527T052620Z_aeacec
llm_785f595523d4,spec,0.53406,False,distilroberta-base-climate-specificity,Local model,climatebert_multi_20260527T052620Z_aeacec
llm_a524c54d2940,spec,0.53558,False,distilroberta-base-climate-specificity,Local model,climatebert_multi_20260527T052620Z_aeacec
llm_9158faade458,spec,0.520995,False,distilroberta-base-climate-specificity,Local model,climatebert_multi_20260527T052620Z_aeacec
llm_97e4f27998bf,spec,0.513198,False,distilroberta-base-climate-specificity,Local model,climatebert_multi_20260527T052620Z_aeacec
llm_fa89320da372,spec,0.532393,False,distilroberta-base-climate-specificity,Local model,climatebert_multi_20260527T052620Z_aeacec
llm_ec0f94735a5d,spec,0.538796,False,distilroberta-base-climate-specificity,Local model,climatebert_multi_20260527T052620Z_aeacec
llm_4ec86aba54aa,spec,0.523075,False,distilroberta-base-climate-specificity,Local model,climatebert_multi_20260527T052620Z_aeacec
llm_5e338927e4ab,non,0.504358,False,distilroberta-base-climate-specificity,Local model,climatebert_multi_20260527T052620Z_aeacec
llm_c7400c774edc,spec,0.555763,False,distilroberta-base-climate-specificity,Local model,climatebert_multi_20260527T052620Z_aeacec
llm_cbc868bbc8d1,spec,0.545622,False,distilroberta-base-climate-specificity,Local model,climatebert_multi_20260527T052620Z_aeacec
llm_0ea5251ce046,spec,0.593525,False,distilroberta-base-climate-specificity,Local model,climatebert_multi_20260527T052620Z_aeacec
llm_3da149d95b5d,spec,0.578454,False,distilroberta-base-climate-specificity,Local model,climatebert_multi_20260527T052620Z_aeacec
llm_ac32e7b78f92,spec,0.546895,False,distilroberta-base-climate-specificity,Local model,climatebert_multi_20260527T052620Z_aeacec
llm_22dc51c80745,spec,0.622257,False,distilroberta-base-climate-specificity,Local model,climatebert_multi_20260527T052620Z_aeacec
llm_dd224a7bb099,spec,0.50916,False,distilroberta-base-climate-specificity,Local model,climatebert_multi_20260527T052620Z_aeacec
llm_b0acd9e7e0e2,spec,0.539361,False,distilroberta-base-climate-specificity,Local model,climatebert_multi_20260527T052620Z_aeacec
llm_693dd13fbc93,spec,0.639907,False,distilroberta-base-climate-specificity,Local model,climatebert_multi_20260527T052620Z_aeacec
llm_82a4994a1e50,non,0.652152,False,distilroberta-base-climate-specificity,Local model,climatebert_multi_20260527T052620Z_aeacec
llm_0b041888f557,spec,0.576145,False,distilroberta-base-climate-specificity,Local model,climatebert_multi_20260527T052620Z_aeacec
llm_97de55f493a7,spec,0.605775,False,distilroberta-base-climate-specificity,Local model,climatebert_multi_20260527T052620Z_aeacec
llm_0af6ddc8ad06,spec,0.690249,False,distilroberta-base-climate-specificity,Local model,climatebert_multi_20260527T052620Z_aeacec
llm_19e1c5f2ebbd,spec,0.593525,False,distilroberta-base-climate-specificity,Local model,climatebert_multi_20260527T052620Z_aeacec
llm_40bc2f5fa935,spec,0.578454,False,distilroberta-base-climate-specificity,Local model,climatebert_multi_20260527T052620Z_aeacec
llm_215204258869,spec,0.546895,False,distilroberta-base-climate-specificity,Local model,climatebert_multi_20260527T052620Z_aeacec
llm_63319208a7d8,spec,0.622257,False,distilroberta-base-climate-specificity,Local model,climatebert_multi_20260527T052620Z_aeacec
llm_4cc18db3a66f,spec,0.50916,False,distilroberta-base-climate-specificity,Local model,climatebert_multi_20260527T052620Z_aeacec
llm_218b9971a6f1,spec,0.539361,False,distilroberta-base-climate-specificity,Local model,climatebert_multi_20260527T052620Z_aeacec
llm_7fab43288b1f,spec,0.639907,False,distilroberta-base-climate-specificity,Local model,climatebert_multi_20260527T052620Z_aeacec
llm_6b31f4543f61,non,0.652152,False,distilroberta-base-climate-specificity,Local model,climatebert_multi_20260527T052620Z_aeacec
llm_5fbd21548ab3,spec,0.576145,False,distilroberta-base-climate-specificity,Local model,climatebert_multi_20260527T052620Z_aeacec
llm_edd249732ae4,spec,0.605775,False,distilroberta-base-climate-specificity,Local model,climatebert_multi_20260527T052620Z_aeacec
llm_aa444895ac0f,spec,0.690249,False,distilroberta-base-climate-specificity,Local model,climatebert_multi_20260527T052620Z_aeacec
llm_13104b186f49,non,0.651506,False,distilroberta-base-climate-specificity,Local model,climatebert_multi_20260527T052620Z_aeacec
llm_37e222021053,non,0.702005,False,distilroberta-base-climate-specificity,Local model,climatebert_multi_20260527T052620Z_aeacec
llm_b654a35bcc20,spec,0.522162,False,distilroberta-base-climate-specificity,Local model,climatebert_multi_20260527T052620Z_aeacec
llm_3306280b4cf1,non,0.640615,False,distilroberta-base-climate-specificity,Local model,climatebert_multi_20260527T052620Z_aeacec
llm_d42c698c0da5,non,0.546358,False,distilroberta-base-climate-specificity,Local model,climatebert_multi_20260527T052620Z_aeacec
llm_b49f268ad93c,spec,0.53406,False,distilroberta-base-climate-specificity,Local model,climatebert_multi_20260527T052620Z_aeacec
llm_7f1c83fefe42,spec,0.53558,False,distilroberta-base-climate-specificity,Local model,climatebert_multi_20260527T052620Z_aeacec
llm_c1b6421c7f3a,spec,0.520995,False,distilroberta-base-climate-specificity,Local model,climatebert_multi_20260527T052620Z_aeacec
llm_bff2109dd599,spec,0.513198,False,distilroberta-base-climate-specificity,Local model,climatebert_multi_20260527T052620Z_aeacec
llm_6e980cfe12a4,spec,0.532393,False,distilroberta-base-climate-specificity,Local model,climatebert_multi_20260527T052620Z_aeacec
llm_5ecdac47988b,spec,0.538796,False,distilroberta-base-climate-specificity,Local model,climatebert_multi_20260527T052620Z_aeacec
llm_72c9f7ed3f5a,spec,0.523075,False,distilroberta-base-climate-specificity,Local model,climatebert_multi_20260527T052620Z_aeacec
llm_2b475d8665a5,non,0.504358,False,distilroberta-base-climate-specificity,Local model,climatebert_multi_20260527T052620Z_aeacec
llm_f4bc250d3a2f,spec,0.555763,False,distilroberta-base-climate-specificity,Local model,climatebert_multi_20260527T052620Z_aeacec
llm_afa95edcbd00,non,0.528052,False,distilroberta-base-climate-specificity,Local model,climatebert_multi_20260527T052620Z_aeacec
llm_1dfcce93f1e9,spec,0.594244,False,distilroberta-base-climate-specificity,Local model,climatebert_multi_20260527T052620Z_aeacec
llm_ade6d0467691,spec,0.601002,False,distilroberta-base-climate-specificity,Local model,climatebert_multi_20260527T052620Z_aeacec
llm_fc0d1cb9cc3e,spec,0.595056,False,distilroberta-base-climate-specificity,Local model,climatebert_multi_20260527T052620Z_aeacec
llm_cf434daeb81d,non,0.508671,False,distilroberta-base-climate-specificity,Local model,climatebert_multi_20260527T052620Z_aeacec
llm_52bd8eba73d5,non,0.574946,False,distilroberta-base-climate-specificity,Local model,climatebert_multi_20260527T052620Z_aeacec
llm_50300121305a,spec,0.601224,False,distilroberta-base-climate-specificity,Local model,climatebert_multi_20260527T052620Z_aeacec
llm_440ac3245f4b,spec,0.652166,False,distilroberta-base-climate-specificity,Local model,climatebert_multi_20260527T052620Z_aeacec
llm_e8771cfeae9f,spec,0.674575,False,distilroberta-base-climate-specificity,Local model,climatebert_multi_20260527T052620Z_aeacec
llm_deda231c3437,spec,0.599245,False,distilroberta-base-climate-specificity,Local model,climatebert_multi_20260527T052620Z_aeacec
llm_b0ef02f39b13,spec,0.594244,False,distilroberta-base-climate-specificity,Local model,climatebert_multi_20260527T052620Z_aeacec
llm_d8d93ec5c5ca,spec,0.601002,False,distilroberta-base-climate-specificity,Local model,climatebert_multi_20260527T052620Z_aeacec
llm_3a34a820ddb9,spec,0.601224,False,distilroberta-base-climate-specificity,Local model,climatebert_multi_20260527T052620Z_aeacec
llm_1bb8ed8ab3bd,spec,0.534504,False,distilroberta-base-climate-specificity,Local model,climatebert_multi_20260527T052620Z_aeacec
llm_2a3053e03040,spec,0.539913,False,distilroberta-base-climate-specificity,Local model,climatebert_multi_20260527T052620Z_aeacec
llm_e9a91198d599,non,0.727389,False,distilroberta-base-climate-specificity,Local model,climatebert_multi_20260527T052620Z_aeacec
llm_737a483d8f3f,spec,0.593525,False,distilroberta-base-climate-specificity,Local model,climatebert_multi_20260527T052620Z_aeacec
llm_3f756e1566ca,spec,0.578454,False,distilroberta-base-climate-specificity,Local model,climatebert_multi_20260527T052620Z_aeacec
llm_3ccda1a1815f,spec,0.546895,False,distilroberta-base-climate-specificity,Local model,climatebert_multi_20260527T052620Z_aeacec
llm_ebd527277d30,spec,0.622257,False,distilroberta-base-climate-specificity,Local model,climatebert_multi_20260527T052620Z_aeacec
llm_3b533bd332f8,spec,0.50916,False,distilroberta-base-climate-specificity,Local model,climatebert_multi_20260527T052620Z_aeacec
llm_e3f0cdfd8025,spec,0.539361,False,distilroberta-base-climate-specificity,Local model,climatebert_multi_20260527T052620Z_aeacec
llm_9c1d0ec5095b,spec,0.639907,False,distilroberta-base-climate-specificity,Local model,climatebert_multi_20260527T052620Z_aeacec
llm_7c4066894fa1,non,0.652152,False,distilroberta-base-climate-specificity,Local model,climatebert_multi_20260527T052620Z_aeacec
llm_6cdcc425eaae,spec,0.576145,False,distilroberta-base-climate-specificity,Local model,climatebert_multi_20260527T052620Z_aeacec
llm_eda880d30d33,spec,0.605775,False,distilroberta-base-climate-specificity,Local model,climatebert_multi_20260527T052620Z_aeacec
llm_c81738451bf6,spec,0.690249,False,distilroberta-base-climate-specificity,Local model,climatebert_multi_20260527T052620Z_aeacec
llm_9bb9261e823b,spec,0.549266,False,distilroberta-base-climate-specificity,Local model,climatebert_multi_20260527T052620Z_aeacec
llm_2e0c1477da36,spec,0.655857,False,distilroberta-base-climate-specificity,Local model,climatebert_multi_20260527T052620Z_aeacec
llm_e81a5f2f59f3,spec,0.534504,False,distilroberta-base-climate-specificity,Local model,climatebert_multi_20260527T052620Z_aeacec
llm_ae563e74b28e,spec,0.601224,False,distilroberta-base-climate-specificity,Local model,climatebert_multi_20260527T052620Z_aeacec
llm_7db967d5980b,spec,0.652375,False,distilroberta-base-climate-specificity,Local model,climatebert_multi_20260527T052620Z_aeacec
llm_b89775fca057,spec,0.660272,False,distilroberta-base-climate-specificity,Local model,climatebert_multi_20260527T052620Z_aeacec
llm_419e5afe74b9,spec,0.687803,False,distilroberta-base-climate-specificity,Local model,climatebert_multi_20260527T052620Z_aeacec
llm_de418ac3b8d0,spec,0.588189,False,distilroberta-base-climate-specificity,Local model,climatebert_multi_20260527T052620Z_aeacec
llm_94f42f9fc168,spec,0.70915,False,distilroberta-base-climate-specificity,Local model,climatebert_multi_20260527T052620Z_aeacec
llm_e6020710ba3f,spec,0.69215,False,distilroberta-base-climate-specificity,Local model,climatebert_multi_20260527T052620Z_aeacec
llm_93cd5eaf7d8e,spec,0.52632,False,distilroberta-base-climate-specificity,Local model,climatebert_multi_20260527T052620Z_aeacec
llm_1bd8d20d593f,spec,0.594244,False,distilroberta-base-climate-specificity,Local model,climatebert_multi_20260527T052620Z_aeacec
llm_2d0074cd3b31,spec,0.601002,False,distilroberta-base-climate-specificity,Local model,climatebert_multi_20260527T052620Z_aeacec
llm_1dae6bcfdc34,non,0.539475,False,distilroberta-base-climate-specificity,Local model,climatebert_multi_20260527T052620Z_aeacec
llm_a86b9d5e80f4,spec,0.634036,False,distilroberta-base-climate-specificity,Local model,climatebert_multi_20260527T052620Z_aeacec
llm_377a38223830,spec,0.626388,False,distilroberta-base-climate-specificity,Local model,climatebert_multi_20260527T052620Z_aeacec
llm_4bc6400313e1,spec,0.601224,False,distilroberta-base-climate-specificity,Local model,climatebert_multi_20260527T052620Z_aeacec
llm_cd012adf2c1e,spec,0.534504,False,distilroberta-base-climate-specificity,Local model,climatebert_multi_20260527T052620Z_aeacec
llm_4e463ed2251e,spec,0.594244,False,distilroberta-base-climate-specificity,Local model,climatebert_multi_20260527T052620Z_aeacec
llm_aabf6439254f,spec,0.601002,False,distilroberta-base-climate-specificity,Local model,climatebert_multi_20260527T052620Z_aeacec
llm_dc76a57db6d1,spec,0.534504,False,distilroberta-base-climate-specificity,Local model,climatebert_multi_20260527T052620Z_aeacec
llm_34467f5ec3b9,spec,0.51435,False,distilroberta-base-climate-specificity,Local model,climatebert_multi_20260527T052620Z_aeacec
llm_57b84d8cf322,spec,0.534504,False,distilroberta-base-climate-specificity,Local model,climatebert_multi_20260527T052620Z_aeacec
llm_00fc0f277c25,spec,0.5445,False,distilroberta-base-climate-specificity,Local model,climatebert_multi_20260527T052620Z_aeacec
llm_dc0d7388ad65,spec,0.594244,False,distilroberta-base-climate-specificity,Local model,climatebert_multi_20260527T052620Z_aeacec
llm_fad892fa28d6,spec,0.601002,False,distilroberta-base-climate-specificity,Local model,climatebert_multi_20260527T052620Z_aeacec
llm_ab376ec49d1f,non,0.727389,False,distilroberta-base-climate-specificity,Local model,climatebert_multi_20260527T052620Z_aeacec
llm_17ace1bc5339,spec,0.615194,False,distilroberta-base-climate-specificity,Local model,climatebert_multi_20260527T052620Z_aeacec
llm_352ff562bcf0,spec,0.799788,False,distilroberta-base-climate-specificity,Local model,climatebert_multi_20260527T052620Z_aeacec
llm_2f8fe520f10d,spec,0.680822,False,distilroberta-base-climate-specificity,Local model,climatebert_multi_20260527T052620Z_aeacec
llm_d627b96f0a37,spec,0.608304,False,distilroberta-base-climate-specificity,Local model,climatebert_multi_20260527T052620Z_aeacec
llm_be73137df18c,non,0.727389,False,distilroberta-base-climate-specificity,Local model,climatebert_multi_20260527T052620Z_aeacec
llm_569e70a99a6c,spec,0.534504,False,distilroberta-base-climate-specificity,Local model,climatebert_multi_20260527T052620Z_aeacec
llm_8c94b93cb320,spec,0.594244,False,distilroberta-base-climate-specificity,Local model,climatebert_multi_20260527T052620Z_aeacec
llm_1baebd5e17ed,spec,0.601002,False,distilroberta-base-climate-specificity,Local model,climatebert_multi_20260527T052620Z_aeacec
llm_f65fe04c67f6,spec,0.655857,False,distilroberta-base-climate-specificity,Local model,climatebert_multi_20260527T052620Z_aeacec
llm_a1fcb40bbecf,non,0.513912,False,distilroberta-base-climate-specificity,Local model,climatebert_multi_20260527T052620Z_aeacec
llm_d7e2dff13182,spec,0.664611,False,distilroberta-base-climate-specificity,Local model,climatebert_multi_20260527T052620Z_aeacec
llm_bf99c3716d92,spec,0.672298,False,distilroberta-base-climate-specificity,Local model,climatebert_multi_20260527T052620Z_aeacec
llm_7df3f6530199,spec,0.594244,False,distilroberta-base-climate-specificity,Local model,climatebert_multi_20260527T052620Z_aeacec
llm_8ccdf9275ad9,spec,0.601002,False,distilroberta-base-climate-specificity,Local model,climatebert_multi_20260527T052620Z_aeacec
llm_16f2f3e882bf,spec,0.534504,False,distilroberta-base-climate-specificity,Local model,climatebert_multi_20260527T052620Z_aeacec
llm_66fe8bace610,spec,0.601224,False,distilroberta-base-climate-specificity,Local model,climatebert_multi_20260527T052620Z_aeacec
llm_d02772718a6a,spec,0.5417,False,distilroberta-base-climate-specificity,Local model,climatebert_multi_20260527T052620Z_aeacec
llm_1f58bd6b691c,spec,0.601007,False,distilroberta-base-climate-specificity,Local model,climatebert_multi_20260527T052620Z_aeacec
llm_bb43ac24264c,spec,0.684347,False,distilroberta-base-climate-specificity,Local model,climatebert_multi_20260527T052620Z_aeacec
llm_0764b53e1384,spec,0.641229,False,distilroberta-base-climate-specificity,Local model,climatebert_multi_20260527T052620Z_aeacec
llm_82ed67c7035c,spec,0.661217,False,distilroberta-base-climate-specificity,Local model,climatebert_multi_20260527T052620Z_aeacec
llm_0939a8bea1d5,spec,0.594244,False,distilroberta-base-climate-specificity,Local model,climatebert_multi_20260527T052620Z_aeacec
llm_ce47714c9ab2,spec,0.534504,False,distilroberta-base-climate-specificity,Local model,climatebert_multi_20260527T052620Z_aeacec
llm_148897214ae9,spec,0.608304,False,distilroberta-base-climate-specificity,Local model,climatebert_multi_20260527T052620Z_aeacec
llm_16a5d520fd5f,non,0.727389,False,distilroberta-base-climate-specificity,Local model,climatebert_multi_20260527T052620Z_aeacec
llm_637f204acc69,spec,0.586617,False,distilroberta-base-climate-specificity,Local model,climatebert_multi_20260527T052620Z_aeacec
llm_c54dffac06e9,spec,0.591888,False,distilroberta-base-climate-specificity,Local model,climatebert_multi_20260527T052620Z_aeacec
llm_953e77be07a6,spec,0.664069,False,distilroberta-base-climate-specificity,Local model,climatebert_multi_20260527T052620Z_aeacec
llm_6a7599e36ffe,spec,0.534504,False,distilroberta-base-climate-specificity,Local model,climatebert_multi_20260527T052620Z_aeacec
llm_b993b2266d51,spec,0.722991,False,distilroberta-base-climate-specificity,Local model,climatebert_multi_20260527T052620Z_aeacec
llm_873a24051572,spec,0.65663,False,distilroberta-base-climate-specificity,Local model,climatebert_multi_20260527T052620Z_aeacec
llm_71251db1be99,spec,0.601224,False,distilroberta-base-climate-specificity,Local model,climatebert_multi_20260527T052620Z_aeacec
llm_62ca8bb6257c,spec,0.655857,False,distilroberta-base-climate-specificity,Local model,climatebert_multi_20260527T052620Z_aeacec
llm_821c7ae23a3b,spec,0.550351,False,distilroberta-base-climate-specificity,Local model,climatebert_multi_20260527T052620Z_aeacec
llm_38492a1deee1,spec,0.615048,False,distilroberta-base-climate-specificity,Local model,climatebert_multi_20260527T052620Z_aeacec
llm_436f1781fe4a,spec,0.655857,False,distilroberta-base-climate-specificity,Local model,climatebert_multi_20260527T052620Z_aeacec
llm_039053aa10c7,spec,0.577144,False,distilroberta-base-climate-specificity,Local model,climatebert_multi_20260527T052620Z_aeacec
llm_aa696463e9ff,spec,0.534504,False,distilroberta-base-climate-specificity,Local model,climatebert_multi_20260527T052620Z_aeacec
llm_0f7fbf03ac24,spec,0.655857,False,distilroberta-base-climate-specificity,Local model,climatebert_multi_20260527T052620Z_aeacec
llm_fe3a38c770bf,spec,0.636272,False,distilroberta-base-climate-specificity,Local model,climatebert_multi_20260527T052620Z_aeacec
llm_96c51203d275,spec,0.69215,False,distilroberta-base-climate-specificity,Local model,climatebert_multi_20260527T052620Z_aeacec
llm_2a15dffd3c3b,spec,0.684347,False,distilroberta-base-climate-specificity,Local model,climatebert_multi_20260527T052620Z_aeacec
llm_8f7305d94bda,spec,0.698476,False,distilroberta-base-climate-specificity,Local model,climatebert_multi_20260527T052620Z_aeacec
llm_3d764acf57b6,spec,0.784068,False,distilroberta-base-climate-specificity,Local model,climatebert_multi_20260527T052620Z_aeacec
llm_91fa692aea6e,spec,0.583959,False,distilroberta-base-climate-specificity,Local model,climatebert_multi_20260527T052620Z_aeacec
llm_f52fdc8c3ab6,spec,0.628296,False,distilroberta-base-climate-specificity,Local model,climatebert_multi_20260527T052620Z_aeacec
llm_983bb751ba46,spec,0.664069,False,distilroberta-base-climate-specificity,Local model,climatebert_multi_20260527T052620Z_aeacec
llm_68168c12dd01,spec,0.655857,False,distilroberta-base-climate-specificity,Local model,climatebert_multi_20260527T052620Z_aeacec
llm_df76f2904dc5,spec,0.69393,False,distilroberta-base-climate-specificity,Local model,climatebert_multi_20260527T052620Z_aeacec
llm_237e58fc9577,spec,0.601224,False,distilroberta-base-climate-specificity,Local model,climatebert_multi_20260527T052620Z_aeacec
llm_ccf1397fce57,spec,0.594244,False,distilroberta-base-climate-specificity,Local model,climatebert_multi_20260527T052620Z_aeacec
llm_0cbac16b4932,spec,0.601002,False,distilroberta-base-climate-specificity,Local model,climatebert_multi_20260527T052620Z_aeacec
llm_1d82fce2314e,spec,0.594244,False,distilroberta-base-climate-specificity,Local model,climatebert_multi_20260527T052620Z_aeacec
llm_9a6988fc073a,spec,0.601002,False,distilroberta-base-climate-specificity,Local model,climatebert_multi_20260527T052620Z_aeacec
llm_8af32ab9229e,spec,0.632291,False,distilroberta-base-climate-specificity,Local model,climatebert_multi_20260527T052620Z_aeacec
llm_82d91c8ad32e,spec,0.785514,False,distilroberta-base-climate-specificity,Local model,climatebert_multi_20260527T052620Z_aeacec
llm_a4fde7cdf3c1,spec,0.65663,False,distilroberta-base-climate-specificity,Local model,climatebert_multi_20260527T052620Z_aeacec
llm_399c6994f62b,spec,0.601224,False,distilroberta-base-climate-specificity,Local model,climatebert_multi_20260527T052620Z_aeacec
llm_42f850db2d69,spec,0.534504,False,distilroberta-base-climate-specificity,Local model,climatebert_multi_20260527T052620Z_aeacec
llm_c448f5de1341,spec,0.608274,False,distilroberta-base-climate-specificity,Local model,climatebert_multi_20260527T052620Z_aeacec
llm_c7abaa32e401,spec,0.549761,False,distilroberta-base-climate-specificity,Local model,climatebert_multi_20260527T052620Z_aeacec
llm_a30f88f3a5de,spec,0.655857,False,distilroberta-base-climate-specificity,Local model,climatebert_multi_20260527T052620Z_aeacec
llm_e2c8d80195eb,spec,0.720982,False,distilroberta-base-climate-specificity,Local model,climatebert_multi_20260527T052620Z_aeacec
llm_111896b612a3,spec,0.534504,False,distilroberta-base-climate-specificity,Local model,climatebert_multi_20260527T052620Z_aeacec
llm_01ef64ce0e33,spec,0.655857,False,distilroberta-base-climate-specificity,Local model,climatebert_multi_20260527T052620Z_aeacec
llm_f6fea250e4fc,spec,0.596341,False,distilroberta-base-climate-specificity,Local model,climatebert_multi_20260527T052620Z_aeacec
llm_d9ff9669e9c5,spec,0.594244,False,distilroberta-base-climate-specificity,Local model,climatebert_multi_20260527T052620Z_aeacec
llm_dc799960d1d8,spec,0.601002,False,distilroberta-base-climate-specificity,Local model,climatebert_multi_20260527T052620Z_aeacec
llm_4ab7560a0e18,spec,0.601224,False,distilroberta-base-climate-specificity,Local model,climatebert_multi_20260527T052620Z_aeacec
llm_543f9cb5f336,spec,0.534504,False,distilroberta-base-climate-specificity,Local model,climatebert_multi_20260527T052620Z_aeacec
llm_dba8d1b2b61e,spec,0.599939,False,distilroberta-base-climate-specificity,Local model,climatebert_multi_20260527T052620Z_aeacec
llm_7abae95d5633,spec,0.701245,False,distilroberta-base-climate-specificity,Local model,climatebert_multi_20260527T052620Z_aeacec
llm_1b8a1a8d7f89,spec,0.65663,False,distilroberta-base-climate-specificity,Local model,climatebert_multi_20260527T052620Z_aeacec
llm_6bbd9d5811e2,spec,0.925705,False,distilroberta-base-climate-specificity,Local model,climatebert_multi_20260527T052620Z_aeacec
llm_f715de662399,spec,0.94638,False,distilroberta-base-climate-specificity,Local model,climatebert_multi_20260527T052620Z_aeacec
llm_dea19494e358,spec,0.65663,False,distilroberta-base-climate-specificity,Local model,climatebert_multi_20260527T052620Z_aeacec
llm_43bbb5f338a8,spec,0.601224,False,distilroberta-base-climate-specificity,Local model,climatebert_multi_20260527T052620Z_aeacec
llm_7dcf9ce0c76c,spec,0.534504,False,distilroberta-base-climate-specificity,Local model,climatebert_multi_20260527T052620Z_aeacec
llm_5d7c5fd0d0e0,non,0.661035,False,distilroberta-base-climate-specificity,Local model,climatebert_multi_20260527T052620Z_aeacec
llm_4ca63e769b4c,spec,0.607587,False,distilroberta-base-climate-specificity,Local model,climatebert_multi_20260527T052620Z_aeacec
llm_438507a1bde6,spec,0.841545,False,distilroberta-base-climate-specificity,Local model,climatebert_multi_20260527T052620Z_aeacec
llm_7432e9a669bd,spec,0.834261,False,distilroberta-base-climate-specificity,Local model,climatebert_multi_20260527T052620Z_aeacec
llm_3a5ae0db5fe6,spec,0.826397,False,distilroberta-base-climate-specificity,Local model,climatebert_multi_20260527T052620Z_aeacec
llm_bec02946714f,spec,0.594244,False,distilroberta-base-climate-specificity,Local model,climatebert_multi_20260527T052620Z_aeacec
llm_0499e20b20a4,spec,0.601002,False,distilroberta-base-climate-specificity,Local model,climatebert_multi_20260527T052620Z_aeacec
llm_89de7f7951dc,spec,0.601224,False,distilroberta-base-climate-specificity,Local model,climatebert_multi_20260527T052620Z_aeacec
llm_8f0758c45dd5,spec,0.534504,False,distilroberta-base-climate-specificity,Local model,climatebert_multi_20260527T052620Z_aeacec
llm_293f2fedde51,spec,0.594244,False,distilroberta-base-climate-specificity,Local model,climatebert_multi_20260527T052620Z_aeacec
llm_a15c120a844a,spec,0.601002,False,distilroberta-base-climate-specificity,Local model,climatebert_multi_20260527T052620Z_aeacec
llm_f43d8ac15108,spec,0.601224,False,distilroberta-base-climate-specificity,Local model,climatebert_multi_20260527T052620Z_aeacec
llm_d12cf4ea0fb3,spec,0.534504,False,distilroberta-base-climate-specificity,Local model,climatebert_multi_20260527T052620Z_aeacec
llm_1f5cfec27be6,spec,0.684347,False,distilroberta-base-climate-specificity,Local model,climatebert_multi_20260527T052620Z_aeacec
llm_01e20af9ce0a,spec,0.594244,False,distilroberta-base-climate-specificity,Local model,climatebert_multi_20260527T052620Z_aeacec
llm_578d26f6679e,spec,0.601002,False,distilroberta-base-climate-specificity,Local model,climatebert_multi_20260527T052620Z_aeacec
llm_4eea7dcb3c8b,spec,0.70915,False,distilroberta-base-climate-specificity,Local model,climatebert_multi_20260527T052620Z_aeacec
llm_2577df0b12c2,non,0.661035,False,distilroberta-base-climate-specificity,Local model,climatebert_multi_20260527T052620Z_aeacec
llm_fad5e665e1af,spec,0.557853,False,distilroberta-base-climate-specificity,Local model,climatebert_multi_20260527T052620Z_aeacec
llm_41e0ed328168,spec,0.693903,False,distilroberta-base-climate-specificity,Local model,climatebert_multi_20260527T052620Z_aeacec
llm_cd3873842e12,spec,0.599939,False,distilroberta-base-climate-specificity,Local model,climatebert_multi_20260527T052620Z_aeacec
llm_f8a960e4dfaa,spec,0.65663,False,distilroberta-base-climate-specificity,Local model,climatebert_multi_20260527T052620Z_aeacec
llm_81c8b3938d29,spec,0.684347,False,distilroberta-base-climate-specificity,Local model,climatebert_multi_20260527T052620Z_aeacec
llm_5ccd09c5aac0,spec,0.588271,False,distilroberta-base-climate-specificity,Local model,climatebert_multi_20260527T052620Z_aeacec
llm_ce355aee72f2,spec,0.690536,False,distilroberta-base-climate-specificity,Local model,climatebert_multi_20260527T052620Z_aeacec
llm_3b498ca07b1d,spec,0.835332,False,distilroberta-base-climate-specificity,Local model,climatebert_multi_20260527T052620Z_aeacec
llm_eba2fb2799a2,spec,0.573551,False,distilroberta-base-climate-specificity,Local model,climatebert_multi_20260527T052620Z_aeacec
llm_c03771e4b32c,spec,0.605409,False,distilroberta-base-climate-specificity,Local model,climatebert_multi_20260527T052620Z_aeacec
llm_3e7805aecd29,spec,0.655857,False,distilroberta-base-climate-specificity,Local model,climatebert_multi_20260527T052620Z_aeacec
llm_689bd490b05a,spec,0.684347,False,distilroberta-base-climate-specificity,Local model,climatebert_multi_20260527T052620Z_aeacec
llm_99ea614e485c,spec,0.599939,False,distilroberta-base-climate-specificity,Local model,climatebert_multi_20260527T052620Z_aeacec
llm_8815e1ff687d,spec,0.652771,False,distilroberta-base-climate-specificity,Local model,climatebert_multi_20260527T052620Z_aeacec
llm_ee36f044ac7e,spec,0.717691,False,distilroberta-base-climate-specificity,Local model,climatebert_multi_20260527T052620Z_aeacec
llm_31f30470ae11,spec,0.534504,False,distilroberta-base-climate-specificity,Local model,climatebert_multi_20260527T052620Z_aeacec
llm_e979fa850f83,spec,0.594244,False,distilroberta-base-climate-specificity,Local model,climatebert_multi_20260527T052620Z_aeacec
llm_540b5944e4e5,spec,0.601002,False,distilroberta-base-climate-specificity,Local model,climatebert_multi_20260527T052620Z_aeacec
llm_fba6e1ab9e2a,spec,0.786125,False,distilroberta-base-climate-specificity,Local model,climatebert_multi_20260527T052620Z_aeacec
llm_fb21c6c694a0,spec,0.594244,False,distilroberta-base-climate-specificity,Local model,climatebert_multi_20260527T052620Z_aeacec
llm_56616c9c23d8,spec,0.609083,False,distilroberta-base-climate-specificity,Local model,climatebert_multi_20260527T052620Z_aeacec
llm_daf115ac3be5,spec,0.601224,False,distilroberta-base-climate-specificity,Local model,climatebert_multi_20260527T052620Z_aeacec
llm_47e47a045da6,spec,0.635595,False,distilroberta-base-climate-specificity,Local model,climatebert_multi_20260527T052620Z_aeacec
llm_9b8d224480ba,spec,0.594244,False,distilroberta-base-climate-specificity,Local model,climatebert_multi_20260527T052620Z_aeacec
llm_e7484413dfd5,spec,0.601002,False,distilroberta-base-climate-specificity,Local model,climatebert_multi_20260527T052620Z_aeacec
llm_71edb06cabc9,spec,0.727239,False,distilroberta-base-climate-specificity,Local model,climatebert_multi_20260527T052620Z_aeacec
llm_72051c1439e2,spec,0.601224,False,distilroberta-base-climate-specificity,Local model,climatebert_multi_20260527T052620Z_aeacec
llm_7e8b4acc191c,spec,0.534504,False,distilroberta-base-climate-specificity,Local model,climatebert_multi_20260527T052620Z_aeacec
llm_734022707ff3,spec,0.706284,False,distilroberta-base-climate-specificity,Local model,climatebert_multi_20260527T052620Z_aeacec
llm_b4017aa36170,spec,0.655857,False,distilroberta-base-climate-specificity,Local model,climatebert_multi_20260527T052620Z_aeacec
llm_b8afebdadfb0,spec,0.648091,False,distilroberta-base-climate-specificity,Local model,climatebert_multi_20260527T052620Z_aeacec
llm_de15d80bb8e9,spec,0.633612,False,distilroberta-base-climate-specificity,Local model,climatebert_multi_20260527T052620Z_aeacec
llm_95b1b529bc85,spec,0.705217,False,distilroberta-base-climate-specificity,Local model,climatebert_multi_20260527T052620Z_aeacec
llm_f1aac5cea695,spec,0.69385,False,distilroberta-base-climate-specificity,Local model,climatebert_multi_20260527T052620Z_aeacec
llm_58126c046ce6,spec,0.601224,False,distilroberta-base-climate-specificity,Local model,climatebert_multi_20260527T052620Z_aeacec
llm_34e0c4f943bd,spec,0.706284,False,distilroberta-base-climate-specificity,Local model,climatebert_multi_20260527T052620Z_aeacec
llm_3f1836ebbffc,spec,0.655857,False,distilroberta-base-climate-specificity,Local model,climatebert_multi_20260527T052620Z_aeacec
llm_3a19ed471abb,spec,0.694642,False,distilroberta-base-climate-specificity,Local model,climatebert_multi_20260527T052620Z_aeacec
llm_e4b888e9f2af,spec,0.676445,False,distilroberta-base-climate-specificity,Local model,climatebert_multi_20260527T052620Z_aeacec
llm_9889084fe335,spec,0.67058,False,distilroberta-base-climate-specificity,Local model,climatebert_multi_20260527T052620Z_aeacec
llm_3ea78d644d0b,spec,0.655857,False,distilroberta-base-climate-specificity,Local model,climatebert_multi_20260527T052620Z_aeacec
llm_237431a28f6a,spec,0.628275,False,distilroberta-base-climate-specificity,Local model,climatebert_multi_20260527T052620Z_aeacec
llm_2bcbae7e1e76,spec,0.655857,False,distilroberta-base-climate-specificity,Local model,climatebert_multi_20260527T052620Z_aeacec
llm_1bd47a133b00,spec,0.719765,False,distilroberta-base-climate-specificity,Local model,climatebert_multi_20260527T052620Z_aeacec
llm_7874194c7ed5,spec,0.534504,False,distilroberta-base-climate-specificity,Local model,climatebert_multi_20260527T052620Z_aeacec
llm_7b6fec28c998,spec,0.601224,False,distilroberta-base-climate-specificity,Local model,climatebert_multi_20260527T052620Z_aeacec
llm_b6532e20c0b7,spec,0.655857,False,distilroberta-base-climate-specificity,Local model,climatebert_multi_20260527T052620Z_aeacec
llm_0d6dfb9f960e,spec,0.601224,False,distilroberta-base-climate-specificity,Local model,climatebert_multi_20260527T052620Z_aeacec
llm_3455dab84884,spec,0.534504,False,distilroberta-base-climate-specificity,Local model,climatebert_multi_20260527T052620Z_aeacec
llm_75a9aee95921,spec,0.655857,False,distilroberta-base-climate-specificity,Local model,climatebert_multi_20260527T052620Z_aeacec
llm_1cdcf89ab708,spec,0.684347,False,distilroberta-base-climate-specificity,Local model,climatebert_multi_20260527T052620Z_aeacec
llm_25c70a1e64ce,spec,0.719765,False,distilroberta-base-climate-specificity,Local model,climatebert_multi_20260527T052620Z_aeacec
llm_1e15c3a1e682,spec,0.698476,False,distilroberta-base-climate-specificity,Local model,climatebert_multi_20260527T052620Z_aeacec
llm_6f5f0cea686d,spec,0.594244,False,distilroberta-base-climate-specificity,Local model,climatebert_multi_20260527T052620Z_aeacec
llm_e472cd73ef36,spec,0.603478,False,distilroberta-base-climate-specificity,Local model,climatebert_multi_20260527T052620Z_aeacec
llm_8204d752752b,spec,0.594244,False,distilroberta-base-climate-specificity,Local model,climatebert_multi_20260527T052620Z_aeacec
llm_ce34c40da2f3,spec,0.601002,False,distilroberta-base-climate-specificity,Local model,climatebert_multi_20260527T052620Z_aeacec
llm_4a3247bea649,spec,0.534504,False,distilroberta-base-climate-specificity,Local model,climatebert_multi_20260527T052620Z_aeacec
llm_3151cc12b828,spec,0.601224,False,distilroberta-base-climate-specificity,Local model,climatebert_multi_20260527T052620Z_aeacec
llm_2b310e0f5cf8,non,0.566713,False,distilroberta-base-climate-specificity,Local model,climatebert_multi_20260527T052620Z_aeacec
llm_b8ca60a5865f,spec,0.608304,False,distilroberta-base-climate-specificity,Local model,climatebert_multi_20260527T052620Z_aeacec
llm_797e5e883935,spec,0.689415,False,distilroberta-base-climate-specificity,Local model,climatebert_multi_20260527T052620Z_aeacec
llm_9be6a9ae79f3,spec,0.594244,False,distilroberta-base-climate-specificity,Local model,climatebert_multi_20260527T052620Z_aeacec
llm_2538e10cae98,spec,0.601002,False,distilroberta-base-climate-specificity,Local model,climatebert_multi_20260527T052620Z_aeacec
llm_3567bdcf56e0,spec,0.579738,False,distilroberta-base-climate-specificity,Local model,climatebert_multi_20260527T052620Z_aeacec
llm_7cc5d6259549,spec,0.516605,False,distilroberta-base-climate-specificity,Local model,climatebert_multi_20260527T052620Z_aeacec
llm_b4513688d19a,spec,0.616449,False,distilroberta-base-climate-specificity,Local model,climatebert_multi_20260527T052620Z_aeacec
llm_0f10e1afbb78,spec,0.601224,False,distilroberta-base-climate-specificity,Local model,climatebert_multi_20260527T052620Z_aeacec
llm_d9188d527e33,spec,0.655857,False,distilroberta-base-climate-specificity,Local model,climatebert_multi_20260527T052620Z_aeacec
llm_8055390d0eb3,spec,0.706284,False,distilroberta-base-climate-specificity,Local model,climatebert_multi_20260527T052620Z_aeacec
llm_03e577cc37b5,spec,0.648091,False,distilroberta-base-climate-specificity,Local model,climatebert_multi_20260527T052620Z_aeacec
llm_1f3fcb91f6ca,spec,0.584619,False,distilroberta-base-climate-specificity,Local model,climatebert_multi_20260527T052620Z_aeacec
llm_83cffaa900b8,non,0.520841,False,distilroberta-base-climate-specificity,Local model,climatebert_multi_20260527T052620Z_aeacec
llm_dfdb65734a6a,spec,0.648978,False,distilroberta-base-climate-specificity,Local model,climatebert_multi_20260527T052620Z_aeacec
llm_e224c00d498e,spec,0.600098,False,distilroberta-base-climate-specificity,Local model,climatebert_multi_20260527T052620Z_aeacec
llm_456a71e1f62a,spec,0.668621,False,distilroberta-base-climate-specificity,Local model,climatebert_multi_20260527T052620Z_aeacec
llm_416af7f13989,spec,0.623568,False,distilroberta-base-climate-specificity,Local model,climatebert_multi_20260527T052620Z_aeacec
llm_26379376d657,spec,0.697875,False,distilroberta-base-climate-specificity,Local model,climatebert_multi_20260527T052620Z_aeacec
llm_2095b867f482,spec,0.633448,False,distilroberta-base-climate-specificity,Local model,climatebert_multi_20260527T052620Z_aeacec
llm_08defc652987,spec,0.690267,False,distilroberta-base-climate-specificity,Local model,climatebert_multi_20260527T052620Z_aeacec
llm_4cd71a8a12dc,spec,0.586704,False,distilroberta-base-climate-specificity,Local model,climatebert_multi_20260527T052620Z_aeacec
llm_ca0f11cb63d0,spec,0.594244,False,distilroberta-base-climate-specificity,Local model,climatebert_multi_20260527T052620Z_aeacec
llm_fd8e84a430c8,spec,0.601002,False,distilroberta-base-climate-specificity,Local model,climatebert_multi_20260527T052620Z_aeacec
llm_8d9a472f622c,spec,0.62364,False,distilroberta-base-climate-specificity,Local model,climatebert_multi_20260527T052620Z_aeacec
llm_156f8d0a80c0,spec,0.647551,False,distilroberta-base-climate-specificity,Local model,climatebert_multi_20260527T052620Z_aeacec
llm_68f120a3bec5,spec,0.655857,False,distilroberta-base-climate-specificity,Local model,climatebert_multi_20260527T052620Z_aeacec
llm_dc2d0960634f,spec,0.628379,False,distilroberta-base-climate-specificity,Local model,climatebert_multi_20260527T052620Z_aeacec
llm_c1f9812c905f,spec,0.534504,False,distilroberta-base-climate-specificity,Local model,climatebert_multi_20260527T052620Z_aeacec
llm_64d95d71ae49,spec,0.684347,False,distilroberta-base-climate-specificity,Local model,climatebert_multi_20260527T052620Z_aeacec
llm_486200e2dd7f,spec,0.660301,False,distilroberta-base-climate-specificity,Local model,climatebert_multi_20260527T052620Z_aeacec
llm_74528e367821,spec,0.594244,False,distilroberta-base-climate-specificity,Local model,climatebert_multi_20260527T052620Z_aeacec
llm_bf1292bafa11,spec,0.609083,False,distilroberta-base-climate-specificity,Local model,climatebert_multi_20260527T052620Z_aeacec
llm_66803a7a0403,spec,0.599686,False,distilroberta-base-climate-specificity,Local model,climatebert_multi_20260527T052620Z_aeacec
llm_46ae218cbfbf,spec,0.601524,False,distilroberta-base-climate-specificity,Local model,climatebert_multi_20260527T052620Z_aeacec
llm_cf270190f398,spec,0.719765,False,distilroberta-base-climate-specificity,Local model,climatebert_multi_20260527T052620Z_aeacec
llm_3be82af0115b,non,0.628225,False,distilroberta-base-climate-specificity,Local model,climatebert_multi_20260527T052620Z_aeacec
llm_f3cc62d39bfe,spec,0.599939,False,distilroberta-base-climate-specificity,Local model,climatebert_multi_20260527T052620Z_aeacec
llm_a8dda06a4413,spec,0.684347,False,distilroberta-base-climate-specificity,Local model,climatebert_multi_20260527T052620Z_aeacec
llm_06259d1471b5,spec,0.594244,False,distilroberta-base-climate-specificity,Local model,climatebert_multi_20260527T052620Z_aeacec
llm_e52f149e2823,spec,0.609083,False,distilroberta-base-climate-specificity,Local model,climatebert_multi_20260527T052620Z_aeacec
llm_6f04803eb5c8,spec,0.69385,False,distilroberta-base-climate-specificity,Local model,climatebert_multi_20260527T052620Z_aeacec
llm_a009d514c545,spec,0.534504,False,distilroberta-base-climate-specificity,Local model,climatebert_multi_20260527T052620Z_aeacec
llm_afd73d246b6e,spec,0.601224,False,distilroberta-base-climate-specificity,Local model,climatebert_multi_20260527T052620Z_aeacec
llm_b85f04620231,spec,0.691671,False,distilroberta-base-climate-specificity,Local model,climatebert_multi_20260527T052620Z_aeacec
llm_e20d93f155a2,spec,0.685578,False,distilroberta-base-climate-specificity,Local model,climatebert_multi_20260527T052620Z_aeacec
llm_c53a4b4d2b78,spec,0.594244,False,distilroberta-base-climate-specificity,Local model,climatebert_multi_20260527T052620Z_aeacec
llm_ffa4b71f9c58,spec,0.584279,False,distilroberta-base-climate-specificity,Local model,climatebert_multi_20260527T052620Z_aeacec
llm_778abf111cbd,spec,0.57151,False,distilroberta-base-climate-specificity,Local model,climatebert_multi_20260527T052620Z_aeacec
llm_a891c3874a8e,spec,0.662967,False,distilroberta-base-climate-specificity,Local model,climatebert_multi_20260527T052620Z_aeacec
llm_985bba6f58d0,spec,0.719765,False,distilroberta-base-climate-specificity,Local model,climatebert_multi_20260527T052620Z_aeacec
llm_5974822dbd27,spec,0.70915,False,distilroberta-base-climate-specificity,Local model,climatebert_multi_20260527T052620Z_aeacec
llm_cef85bbb426e,spec,0.545951,False,distilroberta-base-climate-specificity,Local model,climatebert_multi_20260527T052620Z_aeacec
llm_d1ec587f49ba,spec,0.599939,False,distilroberta-base-climate-specificity,Local model,climatebert_multi_20260527T052620Z_aeacec
llm_431707d5d916,spec,0.594244,False,distilroberta-base-climate-specificity,Local model,climatebert_multi_20260527T052620Z_aeacec
llm_93dda39e8338,spec,0.609083,False,distilroberta-base-climate-specificity,Local model,climatebert_multi_20260527T052620Z_aeacec
llm_50231a0c3ff6,spec,0.534504,False,distilroberta-base-climate-specificity,Local model,climatebert_multi_20260527T052620Z_aeacec
llm_37aaa0f4f630,spec,0.594244,False,distilroberta-base-climate-specificity,Local model,climatebert_multi_20260527T052620Z_aeacec
llm_320e91531a55,spec,0.601002,False,distilroberta-base-climate-specificity,Local model,climatebert_multi_20260527T052620Z_aeacec
llm_f045b1ce52e0,spec,0.54314,False,distilroberta-base-climate-specificity,Local model,climatebert_multi_20260527T052620Z_aeacec
llm_8736b0fa7a2a,spec,0.5316,False,distilroberta-base-climate-specificity,Local model,climatebert_multi_20260527T052620Z_aeacec
llm_3b0f075890e6,spec,0.534504,False,distilroberta-base-climate-specificity,Local model,climatebert_multi_20260527T052620Z_aeacec
llm_5c93dd094300,spec,0.534504,False,distilroberta-base-climate-specificity,Local model,climatebert_multi_20260527T052620Z_aeacec
llm_90b02c2403de,spec,0.652244,False,distilroberta-base-climate-specificity,Local model,climatebert_multi_20260527T052620Z_aeacec
llm_9c84d3a376a2,non,0.727389,False,distilroberta-base-climate-specificity,Local model,climatebert_multi_20260527T052620Z_aeacec
llm_d5ab2666e106,spec,0.57227,False,distilroberta-base-climate-specificity,Local model,climatebert_multi_20260527T052620Z_aeacec
llm_5c03c60f01f6,spec,0.594244,False,distilroberta-base-climate-specificity,Local model,climatebert_multi_20260527T052620Z_aeacec
llm_44ccb42517dd,spec,0.609083,False,distilroberta-base-climate-specificity,Local model,climatebert_multi_20260527T052620Z_aeacec
llm_0657b1b5379c,spec,0.534504,False,distilroberta-base-climate-specificity,Local model,climatebert_multi_20260527T052620Z_aeacec
llm_1b557268ba21,spec,0.54314,False,distilroberta-base-climate-specificity,Local model,climatebert_multi_20260527T052620Z_aeacec
llm_979077c973d6,spec,0.607806,False,distilroberta-base-climate-specificity,Local model,climatebert_multi_20260527T052620Z_aeacec
llm_69553a79324e,spec,0.616621,False,distilroberta-base-climate-specificity,Local model,climatebert_multi_20260527T052620Z_aeacec
llm_40494260ca49,spec,0.655857,False,distilroberta-base-climate-specificity,Local model,climatebert_multi_20260527T052620Z_aeacec
llm_dc96e3f7f953,spec,0.697009,False,distilroberta-base-climate-specificity,Local model,climatebert_multi_20260527T052620Z_aeacec
llm_eab0118740f4,non,0.570747,False,distilroberta-base-climate-specificity,Local model,climatebert_multi_20260527T052620Z_aeacec
llm_3f95e0dbd848,spec,0.69215,False,distilroberta-base-climate-specificity,Local model,climatebert_multi_20260527T052620Z_aeacec
llm_0e97d3786d34,spec,0.601224,False,distilroberta-base-climate-specificity,Local model,climatebert_multi_20260527T052620Z_aeacec
llm_cb7d15b4f8ba,spec,0.594244,False,distilroberta-base-climate-specificity,Local model,climatebert_multi_20260527T052620Z_aeacec
llm_feb405f0c135,spec,0.609083,False,distilroberta-base-climate-specificity,Local model,climatebert_multi_20260527T052620Z_aeacec
llm_52620202c0ea,spec,0.601224,False,distilroberta-base-climate-specificity,Local model,climatebert_multi_20260527T052620Z_aeacec
llm_df87620f4c46,non,0.62637,False,distilroberta-base-climate-specificity,Local model,climatebert_multi_20260527T052620Z_aeacec
llm_876c5ec46232,non,0.62676,False,distilroberta-base-climate-specificity,Local model,climatebert_multi_20260527T052620Z_aeacec
llm_aa4326fbd73f,spec,0.534504,False,distilroberta-base-climate-specificity,Local model,climatebert_multi_20260527T052620Z_aeacec
llm_fd0418ef6f17,spec,0.581417,False,distilroberta-base-climate-specificity,Local model,climatebert_multi_20260527T052620Z_aeacec
llm_7b8702ab925d,spec,0.599939,False,distilroberta-base-climate-specificity,Local model,climatebert_multi_20260527T052620Z_aeacec
llm_2f4c49d228be,spec,0.652166,False,distilroberta-base-climate-specificity,Local model,climatebert_multi_20260527T052620Z_aeacec
llm_172e080fb666,spec,0.601224,False,distilroberta-base-climate-specificity,Local model,climatebert_multi_20260527T052620Z_aeacec
llm_eaf5c5417ce0,spec,0.534504,False,distilroberta-base-climate-specificity,Local model,climatebert_multi_20260527T052620Z_aeacec
llm_099735d0cacb,spec,0.594244,False,distilroberta-base-climate-specificity,Local model,climatebert_multi_20260527T052620Z_aeacec
llm_63a3ae7750cb,spec,0.601002,False,distilroberta-base-climate-specificity,Local model,climatebert_multi_20260527T052620Z_aeacec
llm_386f76a2cbf8,spec,0.608304,False,distilroberta-base-climate-specificity,Local model,climatebert_multi_20260527T052620Z_aeacec
llm_a33f36617937,non,0.727389,False,distilroberta-base-climate-specificity,Local model,climatebert_multi_20260527T052620Z_aeacec
llm_865f8784a6fa,spec,0.594244,False,distilroberta-base-climate-specificity,Local model,climatebert_multi_20260527T052620Z_aeacec
llm_cba89a0f0de8,spec,0.601002,False,distilroberta-base-climate-specificity,Local model,climatebert_multi_20260527T052620Z_aeacec
llm_54fca14eff3c,spec,0.534504,False,distilroberta-base-climate-specificity,Local model,climatebert_multi_20260527T052620Z_aeacec
llm_f1c4e53a7679,spec,0.608304,False,distilroberta-base-climate-specificity,Local model,climatebert_multi_20260527T052620Z_aeacec
llm_34d9b9ccc307,non,0.727389,False,distilroberta-base-climate-specificity,Local model,climatebert_multi_20260527T052620Z_aeacec
llm_627137a789a5,spec,0.510227,False,distilroberta-base-climate-specificity,Local model,climatebert_multi_20260527T052620Z_aeacec
llm_94b4738e634d,spec,0.520362,False,distilroberta-base-climate-specificity,Local model,climatebert_multi_20260527T052620Z_aeacec
llm_f83a705b989e,spec,0.58875,False,distilroberta-base-climate-specificity,Local model,climatebert_multi_20260527T052620Z_aeacec
llm_c9664ddbe8d6,spec,0.605995,False,distilroberta-base-climate-specificity,Local model,climatebert_multi_20260527T052620Z_aeacec
llm_5f03bfc83f92,non,0.530661,False,distilroberta-base-climate-specificity,Local model,climatebert_multi_20260527T052620Z_aeacec
llm_e11272c30997,spec,0.594244,False,distilroberta-base-climate-specificity,Local model,climatebert_multi_20260527T052620Z_aeacec
llm_2ab3a7fcdbfb,spec,0.603478,False,distilroberta-base-climate-specificity,Local model,climatebert_multi_20260527T052620Z_aeacec
llm_6deef3182518,spec,0.655857,False,distilroberta-base-climate-specificity,Local model,climatebert_multi_20260527T052620Z_aeacec
llm_b13ff37b720d,spec,0.601884,False,distilroberta-base-climate-specificity,Local model,climatebert_multi_20260527T052620Z_aeacec
llm_c73db6c49542,spec,0.567035,False,distilroberta-base-climate-specificity,Local model,climatebert_multi_20260527T052620Z_aeacec
llm_80d2e6e62c24,spec,0.69385,False,distilroberta-base-climate-specificity,Local model,climatebert_multi_20260527T052620Z_aeacec
llm_b8b3f8e8c7e1,spec,0.622677,False,distilroberta-base-climate-specificity,Local model,climatebert_multi_20260527T052620Z_aeacec
llm_1339db553977,spec,0.543132,False,distilroberta-base-climate-specificity,Local model,climatebert_multi_20260527T052620Z_aeacec
llm_858651857543,non,0.626673,False,distilroberta-base-climate-specificity,Local model,climatebert_multi_20260527T052620Z_aeacec
llm_4b587887db03,spec,0.516045,False,distilroberta-base-climate-specificity,Local model,climatebert_multi_20260527T052620Z_aeacec
llm_39883d11493a,spec,0.590502,False,distilroberta-base-climate-specificity,Local model,climatebert_multi_20260527T052620Z_aeacec
llm_7536a2d4cfb5,spec,0.574735,False,distilroberta-base-climate-specificity,Local model,climatebert_multi_20260527T052620Z_aeacec
llm_759bd9ffcac0,spec,0.65663,False,distilroberta-base-climate-specificity,Local model,climatebert_multi_20260527T052620Z_aeacec
llm_ba26ec187c2c,spec,0.501931,False,distilroberta-base-climate-specificity,Local model,climatebert_multi_20260527T052620Z_aeacec
llm_82cdd30465da,non,0.727389,False,distilroberta-base-climate-specificity,Local model,climatebert_multi_20260527T052620Z_aeacec
llm_dac757ea133f,spec,0.612436,False,distilroberta-base-climate-specificity,Local model,climatebert_multi_20260527T052620Z_aeacec
llm_8b0acdab765f,spec,0.6303,False,distilroberta-base-climate-specificity,Local model,climatebert_multi_20260527T052620Z_aeacec
llm_c808b87199e2,spec,0.581628,False,distilroberta-base-climate-specificity,Local model,climatebert_multi_20260527T052620Z_aeacec
llm_d3f453282818,spec,0.581417,False,distilroberta-base-climate-specificity,Local model,climatebert_multi_20260527T052620Z_aeacec
llm_a0074fb71761,spec,0.594244,False,distilroberta-base-climate-specificity,Local model,climatebert_multi_20260527T052620Z_aeacec
llm_28f366517715,spec,0.601002,False,distilroberta-base-climate-specificity,Local model,climatebert_multi_20260527T052620Z_aeacec
llm_d7a9ca5200f0,spec,0.601224,False,distilroberta-base-climate-specificity,Local model,climatebert_multi_20260527T052620Z_aeacec
llm_7f04e54e84e5,spec,0.534504,False,distilroberta-base-climate-specificity,Local model,climatebert_multi_20260527T052620Z_aeacec
llm_28791300feb9,spec,0.594244,False,distilroberta-base-climate-specificity,Local model,climatebert_multi_20260527T052620Z_aeacec
llm_cffd089af1fc,spec,0.654385,False,distilroberta-base-climate-specificity,Local model,climatebert_multi_20260527T052620Z_aeacec
llm_b99678ac9520,spec,0.625048,False,distilroberta-base-climate-specificity,Local model,climatebert_multi_20260527T052620Z_aeacec
llm_3e9d2f8e27ec,spec,0.598276,False,distilroberta-base-climate-specificity,Local model,climatebert_multi_20260527T052620Z_aeacec
llm_beb88d76fe63,spec,0.546835,False,distilroberta-base-climate-specificity,Local model,climatebert_multi_20260527T052620Z_aeacec
llm_d5b884b049f6,spec,0.649625,False,distilroberta-base-climate-specificity,Local model,climatebert_multi_20260527T052620Z_aeacec
llm_4fbea2f84b03,spec,0.594244,False,distilroberta-base-climate-specificity,Local model,climatebert_multi_20260527T052620Z_aeacec
llm_ae7d892de2aa,non,0.57617,False,distilroberta-base-climate-specificity,Local model,climatebert_multi_20260527T052620Z_aeacec
llm_284737f07a85,non,0.554708,False,distilroberta-base-climate-specificity,Local model,climatebert_multi_20260527T052620Z_aeacec
llm_fa8da4de3673,spec,0.551146,False,distilroberta-base-climate-specificity,Local model,climatebert_multi_20260527T052620Z_aeacec
llm_9014577319b2,non,0.521405,False,distilroberta-base-climate-specificity,Local model,climatebert_multi_20260527T052620Z_aeacec
llm_98c786171cbd,spec,0.65663,False,distilroberta-base-climate-specificity,Local model,climatebert_multi_20260527T052620Z_aeacec
llm_1e8a9864ede7,non,0.507247,False,distilroberta-base-climate-specificity,Local model,climatebert_multi_20260527T052620Z_aeacec
llm_e42435f6c574,spec,0.562918,False,distilroberta-base-climate-specificity,Local model,climatebert_multi_20260527T052620Z_aeacec
llm_25113b4db315,spec,0.638928,False,distilroberta-base-climate-specificity,Local model,climatebert_multi_20260527T052620Z_aeacec
llm_00c496f0f7a5,spec,0.686104,False,distilroberta-base-climate-specificity,Local model,climatebert_multi_20260527T052620Z_aeacec
llm_208753da2a2c,spec,0.613335,False,distilroberta-base-climate-specificity,Local model,climatebert_multi_20260527T052620Z_aeacec
llm_8879ccbb3af9,spec,0.594244,False,distilroberta-base-climate-specificity,Local model,climatebert_multi_20260527T052620Z_aeacec
llm_e1f938946d1b,spec,0.601002,False,distilroberta-base-climate-specificity,Local model,climatebert_multi_20260527T052620Z_aeacec
llm_b26ca7ddcd4d,spec,0.531584,False,distilroberta-base-climate-specificity,Local model,climatebert_multi_20260527T052620Z_aeacec
llm_5b7aca69785a,spec,0.534504,False,distilroberta-base-climate-specificity,Local model,climatebert_multi_20260527T052620Z_aeacec
llm_08b1bb100e6d,non,0.661035,False,distilroberta-base-climate-specificity,Local model,climatebert_multi_20260527T052620Z_aeacec
llm_27abbae3167c,spec,0.69385,False,distilroberta-base-climate-specificity,Local model,climatebert_multi_20260527T052620Z_aeacec
llm_da4ca2a8aadd,spec,0.601224,False,distilroberta-base-climate-specificity,Local model,climatebert_multi_20260527T052620Z_aeacec
llm_507368d013e3,spec,0.655857,False,distilroberta-base-climate-specificity,Local model,climatebert_multi_20260527T052620Z_aeacec
llm_62c2b66a2ee7,spec,0.54314,False,distilroberta-base-climate-specificity,Local model,climatebert_multi_20260527T052620Z_aeacec
llm_51252d0c6a2a,non,0.502592,False,distilroberta-base-climate-specificity,Local model,climatebert_multi_20260527T052620Z_aeacec
llm_f62923f5a491,spec,0.594941,False,distilroberta-base-climate-specificity,Local model,climatebert_multi_20260527T052620Z_aeacec
llm_e4fcad9fbd13,spec,0.633612,False,distilroberta-base-climate-specificity,Local model,climatebert_multi_20260527T052620Z_aeacec
llm_fca64041d782,spec,0.594244,False,distilroberta-base-climate-specificity,Local model,climatebert_multi_20260527T052620Z_aeacec
llm_898af6438751,spec,0.601002,False,distilroberta-base-climate-specificity,Local model,climatebert_multi_20260527T052620Z_aeacec
llm_bc0022c67dc6,spec,0.608304,False,distilroberta-base-climate-specificity,Local model,climatebert_multi_20260527T052620Z_aeacec
llm_6a380a875bab,non,0.696054,False,distilroberta-base-climate-specificity,Local model,climatebert_multi_20260527T052620Z_aeacec
llm_a41e7d86ca6f,spec,0.531584,False,distilroberta-base-climate-specificity,Local model,climatebert_multi_20260527T052620Z_aeacec
llm_d6622dbd0e48,spec,0.65663,False,distilroberta-base-climate-specificity,Local model,climatebert_multi_20260527T052620Z_aeacec
llm_f667a1a33491,spec,0.534504,False,distilroberta-base-climate-specificity,Local model,climatebert_multi_20260527T052620Z_aeacec
llm_92007a1c490a,spec,0.601224,False,distilroberta-base-climate-specificity,Local model,climatebert_multi_20260527T052620Z_aeacec
