record_id,label,score,climate_commitment,climatebert_model,climatebert_model_backend,climatebert_job_id
r043_003,LABEL_1,0.999392,True,transition-physical,Local model,climatebert_multi_20260526T094302Z_3e9dfd
r043_004,LABEL_1,0.999392,True,transition-physical,Local model,climatebert_multi_20260526T094302Z_3e9dfd
r043_005,LABEL_1,0.999392,True,transition-physical,Local model,climatebert_multi_20260526T094302Z_3e9dfd
r043_006,LABEL_1,0.999392,True,transition-physical,Local model,climatebert_multi_20260526T094302Z_3e9dfd
r043_007,LABEL_1,0.999392,True,transition-physical,Local model,climatebert_multi_20260526T094302Z_3e9dfd
r043_008,LABEL_1,0.999392,True,transition-physical,Local model,climatebert_multi_20260526T094302Z_3e9dfd
r043_009,LABEL_1,0.999392,True,transition-physical,Local model,climatebert_multi_20260526T094302Z_3e9dfd
r043_010,LABEL_1,0.999392,True,transition-physical,Local model,climatebert_multi_20260526T094302Z_3e9dfd
r043_011,LABEL_1,0.999392,True,transition-physical,Local model,climatebert_multi_20260526T094302Z_3e9dfd
r048_000,LABEL_1,0.999392,True,transition-physical,Local model,climatebert_multi_20260526T094302Z_3e9dfd
r048_001,LABEL_1,0.999392,True,transition-physical,Local model,climatebert_multi_20260526T094302Z_3e9dfd
r048_002,LABEL_1,0.999392,True,transition-physical,Local model,climatebert_multi_20260526T094302Z_3e9dfd
r048_003,LABEL_1,0.999392,True,transition-physical,Local model,climatebert_multi_20260526T094302Z_3e9dfd
r048_004,LABEL_1,0.999392,True,transition-physical,Local model,climatebert_multi_20260526T094302Z_3e9dfd
r048_005,LABEL_1,0.999392,True,transition-physical,Local model,climatebert_multi_20260526T094302Z_3e9dfd
r048_006,LABEL_1,0.999392,True,transition-physical,Local model,climatebert_multi_20260526T094302Z_3e9dfd
r048_007,LABEL_1,0.999392,True,transition-physical,Local model,climatebert_multi_20260526T094302Z_3e9dfd
r048_008,LABEL_1,0.999392,True,transition-physical,Local model,climatebert_multi_20260526T094302Z_3e9dfd
r048_009,LABEL_1,0.999392,True,transition-physical,Local model,climatebert_multi_20260526T094302Z_3e9dfd
r048_010,LABEL_1,0.999392,True,transition-physical,Local model,climatebert_multi_20260526T094302Z_3e9dfd
r048_011,LABEL_1,0.999392,True,transition-physical,Local model,climatebert_multi_20260526T094302Z_3e9dfd
r048_012,LABEL_1,0.999392,True,transition-physical,Local model,climatebert_multi_20260526T094302Z_3e9dfd
r048_013,LABEL_1,0.999392,True,transition-physical,Local model,climatebert_multi_20260526T094302Z_3e9dfd
r048_014,LABEL_1,0.999392,True,transition-physical,Local model,climatebert_multi_20260526T094302Z_3e9dfd
r048_015,LABEL_1,0.999392,True,transition-physical,Local model,climatebert_multi_20260526T094302Z_3e9dfd
r048_016,LABEL_1,0.999392,True,transition-physical,Local model,climatebert_multi_20260526T094302Z_3e9dfd
r049_000,LABEL_1,0.999392,True,transition-physical,Local model,climatebert_multi_20260526T094302Z_3e9dfd
r049_001,LABEL_1,0.999392,True,transition-physical,Local model,climatebert_multi_20260526T094302Z_3e9dfd
r049_002,LABEL_1,0.999392,True,transition-physical,Local model,climatebert_multi_20260526T094302Z_3e9dfd
r049_003,LABEL_1,0.999392,True,transition-physical,Local model,climatebert_multi_20260526T094302Z_3e9dfd
r049_004,LABEL_1,0.999392,True,transition-physical,Local model,climatebert_multi_20260526T094302Z_3e9dfd
r049_005,LABEL_1,0.999392,True,transition-physical,Local model,climatebert_multi_20260526T094302Z_3e9dfd
r049_006,LABEL_1,0.999392,True,transition-physical,Local model,climatebert_multi_20260526T094302Z_3e9dfd
r049_007,LABEL_1,0.999392,True,transition-physical,Local model,climatebert_multi_20260526T094302Z_3e9dfd
r049_008,LABEL_1,0.999392,True,transition-physical,Local model,climatebert_multi_20260526T094302Z_3e9dfd
r049_009,LABEL_1,0.999392,True,transition-physical,Local model,climatebert_multi_20260526T094302Z_3e9dfd
r049_010,LABEL_1,0.999392,True,transition-physical,Local model,climatebert_multi_20260526T094302Z_3e9dfd
r049_011,LABEL_1,0.999392,True,transition-physical,Local model,climatebert_multi_20260526T094302Z_3e9dfd
r049_012,LABEL_1,0.999392,True,transition-physical,Local model,climatebert_multi_20260526T094302Z_3e9dfd
r049_013,LABEL_1,0.999392,True,transition-physical,Local model,climatebert_multi_20260526T094302Z_3e9dfd
r049_014,LABEL_1,0.999392,True,transition-physical,Local model,climatebert_multi_20260526T094302Z_3e9dfd
r049_015,LABEL_1,0.999392,True,transition-physical,Local model,climatebert_multi_20260526T094302Z_3e9dfd
r049_016,LABEL_1,0.999392,True,transition-physical,Local model,climatebert_multi_20260526T094302Z_3e9dfd
r049_017,LABEL_1,0.999392,True,transition-physical,Local model,climatebert_multi_20260526T094302Z_3e9dfd
r049_018,LABEL_1,0.999392,True,transition-physical,Local model,climatebert_multi_20260526T094302Z_3e9dfd
r049_019,LABEL_1,0.999392,True,transition-physical,Local model,climatebert_multi_20260526T094302Z_3e9dfd
r049_020,LABEL_1,0.999392,True,transition-physical,Local model,climatebert_multi_20260526T094302Z_3e9dfd
r049_021,LABEL_1,0.999392,True,transition-physical,Local model,climatebert_multi_20260526T094302Z_3e9dfd
r049_022,LABEL_1,0.999392,True,transition-physical,Local model,climatebert_multi_20260526T094302Z_3e9dfd
r049_023,LABEL_1,0.999392,True,transition-physical,Local model,climatebert_multi_20260526T094302Z_3e9dfd
r049_024,LABEL_1,0.999392,True,transition-physical,Local model,climatebert_multi_20260526T094302Z_3e9dfd
r073_000,LABEL_1,0.999392,True,transition-physical,Local model,climatebert_multi_20260526T094302Z_3e9dfd
r073_001,LABEL_1,0.999392,True,transition-physical,Local model,climatebert_multi_20260526T094302Z_3e9dfd
r073_002,LABEL_1,0.999392,True,transition-physical,Local model,climatebert_multi_20260526T094302Z_3e9dfd
r073_003,LABEL_1,0.999392,True,transition-physical,Local model,climatebert_multi_20260526T094302Z_3e9dfd
r073_004,LABEL_1,0.999392,True,transition-physical,Local model,climatebert_multi_20260526T094302Z_3e9dfd
r073_005,LABEL_1,0.999392,True,transition-physical,Local model,climatebert_multi_20260526T094302Z_3e9dfd
r073_006,LABEL_1,0.999392,True,transition-physical,Local model,climatebert_multi_20260526T094302Z_3e9dfd
r073_007,LABEL_1,0.999392,True,transition-physical,Local model,climatebert_multi_20260526T094302Z_3e9dfd
r073_008,LABEL_1,0.999392,True,transition-physical,Local model,climatebert_multi_20260526T094302Z_3e9dfd
r073_009,LABEL_1,0.999392,True,transition-physical,Local model,climatebert_multi_20260526T094302Z_3e9dfd
r073_010,LABEL_1,0.999392,True,transition-physical,Local model,climatebert_multi_20260526T094302Z_3e9dfd
r073_011,LABEL_1,0.999392,True,transition-physical,Local model,climatebert_multi_20260526T094302Z_3e9dfd
r073_012,LABEL_1,0.999392,True,transition-physical,Local model,climatebert_multi_20260526T094302Z_3e9dfd
r073_013,LABEL_1,0.999392,True,transition-physical,Local model,climatebert_multi_20260526T094302Z_3e9dfd
r073_014,LABEL_1,0.999392,True,transition-physical,Local model,climatebert_multi_20260526T094302Z_3e9dfd
r073_015,LABEL_1,0.999392,True,transition-physical,Local model,climatebert_multi_20260526T094302Z_3e9dfd
r073_016,LABEL_1,0.999392,True,transition-physical,Local model,climatebert_multi_20260526T094302Z_3e9dfd
r073_017,LABEL_1,0.999392,True,transition-physical,Local model,climatebert_multi_20260526T094302Z_3e9dfd
r079_000,LABEL_1,0.999392,True,transition-physical,Local model,climatebert_multi_20260526T094302Z_3e9dfd
r079_001,LABEL_1,0.999392,True,transition-physical,Local model,climatebert_multi_20260526T094302Z_3e9dfd
r079_002,LABEL_1,0.999392,True,transition-physical,Local model,climatebert_multi_20260526T094302Z_3e9dfd
r079_003,LABEL_1,0.999392,True,transition-physical,Local model,climatebert_multi_20260526T094302Z_3e9dfd
r079_004,LABEL_1,0.999392,True,transition-physical,Local model,climatebert_multi_20260526T094302Z_3e9dfd
r079_005,LABEL_1,0.999392,True,transition-physical,Local model,climatebert_multi_20260526T094302Z_3e9dfd
r079_006,LABEL_1,0.999392,True,transition-physical,Local model,climatebert_multi_20260526T094302Z_3e9dfd
r079_007,LABEL_1,0.999392,True,transition-physical,Local model,climatebert_multi_20260526T094302Z_3e9dfd
r079_008,LABEL_1,0.999392,True,transition-physical,Local model,climatebert_multi_20260526T094302Z_3e9dfd
r079_009,LABEL_1,0.999392,True,transition-physical,Local model,climatebert_multi_20260526T094302Z_3e9dfd
r079_010,LABEL_1,0.999392,True,transition-physical,Local model,climatebert_multi_20260526T094302Z_3e9dfd
r079_011,LABEL_1,0.999392,True,transition-physical,Local model,climatebert_multi_20260526T094302Z_3e9dfd
r079_012,LABEL_1,0.999392,True,transition-physical,Local model,climatebert_multi_20260526T094302Z_3e9dfd
r079_013,LABEL_1,0.999392,True,transition-physical,Local model,climatebert_multi_20260526T094302Z_3e9dfd
r080_000,LABEL_1,0.999392,True,transition-physical,Local model,climatebert_multi_20260526T094302Z_3e9dfd
r080_001,LABEL_1,0.999392,True,transition-physical,Local model,climatebert_multi_20260526T094302Z_3e9dfd
r080_002,LABEL_1,0.999392,True,transition-physical,Local model,climatebert_multi_20260526T094302Z_3e9dfd
r080_003,LABEL_1,0.999392,True,transition-physical,Local model,climatebert_multi_20260526T094302Z_3e9dfd
r080_004,LABEL_1,0.999392,True,transition-physical,Local model,climatebert_multi_20260526T094302Z_3e9dfd
r080_005,LABEL_1,0.999392,True,transition-physical,Local model,climatebert_multi_20260526T094302Z_3e9dfd
r080_006,LABEL_1,0.999392,True,transition-physical,Local model,climatebert_multi_20260526T094302Z_3e9dfd
r080_007,LABEL_1,0.999392,True,transition-physical,Local model,climatebert_multi_20260526T094302Z_3e9dfd
r080_008,LABEL_1,0.999392,True,transition-physical,Local model,climatebert_multi_20260526T094302Z_3e9dfd
r081_000,LABEL_1,0.999392,True,transition-physical,Local model,climatebert_multi_20260526T094302Z_3e9dfd
r081_001,LABEL_1,0.999392,True,transition-physical,Local model,climatebert_multi_20260526T094302Z_3e9dfd
r081_002,LABEL_1,0.999392,True,transition-physical,Local model,climatebert_multi_20260526T094302Z_3e9dfd
r081_003,LABEL_1,0.999392,True,transition-physical,Local model,climatebert_multi_20260526T094302Z_3e9dfd
r081_004,LABEL_1,0.999392,True,transition-physical,Local model,climatebert_multi_20260526T094302Z_3e9dfd
r084_000,LABEL_1,0.999392,True,transition-physical,Local model,climatebert_multi_20260526T094302Z_3e9dfd
r084_001,LABEL_1,0.999392,True,transition-physical,Local model,climatebert_multi_20260526T094302Z_3e9dfd
r084_002,LABEL_1,0.999392,True,transition-physical,Local model,climatebert_multi_20260526T094302Z_3e9dfd
r084_003,LABEL_1,0.999392,True,transition-physical,Local model,climatebert_multi_20260526T094302Z_3e9dfd
r084_004,LABEL_1,0.999392,True,transition-physical,Local model,climatebert_multi_20260526T094302Z_3e9dfd
r084_005,LABEL_1,0.999392,True,transition-physical,Local model,climatebert_multi_20260526T094302Z_3e9dfd
r084_006,LABEL_1,0.999392,True,transition-physical,Local model,climatebert_multi_20260526T094302Z_3e9dfd
r084_007,LABEL_1,0.999392,True,transition-physical,Local model,climatebert_multi_20260526T094302Z_3e9dfd
r084_008,LABEL_1,0.999392,True,transition-physical,Local model,climatebert_multi_20260526T094302Z_3e9dfd
r084_009,LABEL_1,0.999392,True,transition-physical,Local model,climatebert_multi_20260526T094302Z_3e9dfd
r084_010,LABEL_1,0.999392,True,transition-physical,Local model,climatebert_multi_20260526T094302Z_3e9dfd
r084_011,LABEL_1,0.999392,True,transition-physical,Local model,climatebert_multi_20260526T094302Z_3e9dfd
r084_012,LABEL_1,0.999392,True,transition-physical,Local model,climatebert_multi_20260526T094302Z_3e9dfd
r084_013,LABEL_1,0.999392,True,transition-physical,Local model,climatebert_multi_20260526T094302Z_3e9dfd
r084_014,LABEL_1,0.999392,True,transition-physical,Local model,climatebert_multi_20260526T094302Z_3e9dfd
r084_015,LABEL_1,0.999392,True,transition-physical,Local model,climatebert_multi_20260526T094302Z_3e9dfd
r084_016,LABEL_1,0.999392,True,transition-physical,Local model,climatebert_multi_20260526T094302Z_3e9dfd
r084_017,LABEL_1,0.999392,True,transition-physical,Local model,climatebert_multi_20260526T094302Z_3e9dfd
r084_018,LABEL_1,0.999392,True,transition-physical,Local model,climatebert_multi_20260526T094302Z_3e9dfd
r084_019,LABEL_1,0.999392,True,transition-physical,Local model,climatebert_multi_20260526T094302Z_3e9dfd
r084_020,LABEL_1,0.999392,True,transition-physical,Local model,climatebert_multi_20260526T094302Z_3e9dfd
r084_021,LABEL_1,0.999392,True,transition-physical,Local model,climatebert_multi_20260526T094302Z_3e9dfd
r084_022,LABEL_1,0.999392,True,transition-physical,Local model,climatebert_multi_20260526T094302Z_3e9dfd
r084_023,LABEL_1,0.999392,True,transition-physical,Local model,climatebert_multi_20260526T094302Z_3e9dfd
r084_024,LABEL_1,0.999392,True,transition-physical,Local model,climatebert_multi_20260526T094302Z_3e9dfd
r084_025,LABEL_1,0.999392,True,transition-physical,Local model,climatebert_multi_20260526T094302Z_3e9dfd
r084_026,LABEL_1,0.999392,True,transition-physical,Local model,climatebert_multi_20260526T094302Z_3e9dfd
r084_027,LABEL_1,0.999392,True,transition-physical,Local model,climatebert_multi_20260526T094302Z_3e9dfd
r084_028,LABEL_1,0.999392,True,transition-physical,Local model,climatebert_multi_20260526T094302Z_3e9dfd
r084_029,LABEL_1,0.999392,True,transition-physical,Local model,climatebert_multi_20260526T094302Z_3e9dfd
r085_000,LABEL_1,0.999392,True,transition-physical,Local model,climatebert_multi_20260526T094302Z_3e9dfd
r085_001,LABEL_1,0.999392,True,transition-physical,Local model,climatebert_multi_20260526T094302Z_3e9dfd
r085_002,LABEL_1,0.999392,True,transition-physical,Local model,climatebert_multi_20260526T094302Z_3e9dfd
r085_003,LABEL_1,0.999392,True,transition-physical,Local model,climatebert_multi_20260526T094302Z_3e9dfd
r088_000,LABEL_1,0.999392,True,transition-physical,Local model,climatebert_multi_20260526T094302Z_3e9dfd
r088_001,LABEL_1,0.999392,True,transition-physical,Local model,climatebert_multi_20260526T094302Z_3e9dfd
r088_002,LABEL_1,0.999392,True,transition-physical,Local model,climatebert_multi_20260526T094302Z_3e9dfd
r088_003,LABEL_1,0.999392,True,transition-physical,Local model,climatebert_multi_20260526T094302Z_3e9dfd
r088_004,LABEL_1,0.999392,True,transition-physical,Local model,climatebert_multi_20260526T094302Z_3e9dfd
r088_005,LABEL_1,0.999392,True,transition-physical,Local model,climatebert_multi_20260526T094302Z_3e9dfd
r088_006,LABEL_1,0.999392,True,transition-physical,Local model,climatebert_multi_20260526T094302Z_3e9dfd
r088_007,LABEL_1,0.999392,True,transition-physical,Local model,climatebert_multi_20260526T094302Z_3e9dfd
r088_008,LABEL_1,0.999392,True,transition-physical,Local model,climatebert_multi_20260526T094302Z_3e9dfd
r088_009,LABEL_1,0.999392,True,transition-physical,Local model,climatebert_multi_20260526T094302Z_3e9dfd
r088_010,LABEL_1,0.999392,True,transition-physical,Local model,climatebert_multi_20260526T094302Z_3e9dfd
r088_011,LABEL_1,0.999392,True,transition-physical,Local model,climatebert_multi_20260526T094302Z_3e9dfd
r088_012,LABEL_1,0.999392,True,transition-physical,Local model,climatebert_multi_20260526T094302Z_3e9dfd
r090_000,LABEL_1,0.999392,True,transition-physical,Local model,climatebert_multi_20260526T094302Z_3e9dfd
r090_001,LABEL_1,0.999392,True,transition-physical,Local model,climatebert_multi_20260526T094302Z_3e9dfd
r091_000,LABEL_1,0.999392,True,transition-physical,Local model,climatebert_multi_20260526T094302Z_3e9dfd
r091_001,LABEL_1,0.999392,True,transition-physical,Local model,climatebert_multi_20260526T094302Z_3e9dfd
r092_000,LABEL_1,0.999392,True,transition-physical,Local model,climatebert_multi_20260526T094302Z_3e9dfd
r092_001,LABEL_1,0.999392,True,transition-physical,Local model,climatebert_multi_20260526T094302Z_3e9dfd
r093_000,LABEL_1,0.999392,True,transition-physical,Local model,climatebert_multi_20260526T094302Z_3e9dfd
r094_000,LABEL_1,0.999392,True,transition-physical,Local model,climatebert_multi_20260526T094302Z_3e9dfd
r094_001,LABEL_1,0.999392,True,transition-physical,Local model,climatebert_multi_20260526T094302Z_3e9dfd
r095_000,LABEL_1,0.999392,True,transition-physical,Local model,climatebert_multi_20260526T094302Z_3e9dfd
r095_001,LABEL_1,0.999392,True,transition-physical,Local model,climatebert_multi_20260526T094302Z_3e9dfd
r095_002,LABEL_1,0.999392,True,transition-physical,Local model,climatebert_multi_20260526T094302Z_3e9dfd
r096_000,LABEL_1,0.999392,True,transition-physical,Local model,climatebert_multi_20260526T094302Z_3e9dfd
r096_001,LABEL_1,0.999392,True,transition-physical,Local model,climatebert_multi_20260526T094302Z_3e9dfd
r096_002,LABEL_1,0.999392,True,transition-physical,Local model,climatebert_multi_20260526T094302Z_3e9dfd
r097_000,LABEL_1,0.999392,True,transition-physical,Local model,climatebert_multi_20260526T094302Z_3e9dfd
r098_000,LABEL_1,0.999392,True,transition-physical,Local model,climatebert_multi_20260526T094302Z_3e9dfd
r098_001,LABEL_1,0.999392,True,transition-physical,Local model,climatebert_multi_20260526T094302Z_3e9dfd
r098_002,LABEL_1,0.999392,True,transition-physical,Local model,climatebert_multi_20260526T094302Z_3e9dfd
r098_003,LABEL_1,0.999392,True,transition-physical,Local model,climatebert_multi_20260526T094302Z_3e9dfd
r099_000,LABEL_1,0.999392,True,transition-physical,Local model,climatebert_multi_20260526T094302Z_3e9dfd
r099_001,LABEL_1,0.999392,True,transition-physical,Local model,climatebert_multi_20260526T094302Z_3e9dfd
r099_002,LABEL_1,0.999392,True,transition-physical,Local model,climatebert_multi_20260526T094302Z_3e9dfd
r099_003,LABEL_1,0.999392,True,transition-physical,Local model,climatebert_multi_20260526T094302Z_3e9dfd
r099_004,LABEL_1,0.999392,True,transition-physical,Local model,climatebert_multi_20260526T094302Z_3e9dfd
r099_005,LABEL_1,0.999392,True,transition-physical,Local model,climatebert_multi_20260526T094302Z_3e9dfd
r100_000,LABEL_1,0.999392,True,transition-physical,Local model,climatebert_multi_20260526T094302Z_3e9dfd
r100_001,LABEL_1,0.999392,True,transition-physical,Local model,climatebert_multi_20260526T094302Z_3e9dfd
r101_000,LABEL_1,0.999392,True,transition-physical,Local model,climatebert_multi_20260526T094302Z_3e9dfd
r101_001,LABEL_1,0.999392,True,transition-physical,Local model,climatebert_multi_20260526T094302Z_3e9dfd
r101_002,LABEL_1,0.999392,True,transition-physical,Local model,climatebert_multi_20260526T094302Z_3e9dfd
r101_003,LABEL_1,0.999392,True,transition-physical,Local model,climatebert_multi_20260526T094302Z_3e9dfd
r102_000,LABEL_1,0.999392,True,transition-physical,Local model,climatebert_multi_20260526T094302Z_3e9dfd
r102_001,LABEL_1,0.999392,True,transition-physical,Local model,climatebert_multi_20260526T094302Z_3e9dfd
r102_002,LABEL_1,0.999392,True,transition-physical,Local model,climatebert_multi_20260526T094302Z_3e9dfd
r102_003,LABEL_1,0.999392,True,transition-physical,Local model,climatebert_multi_20260526T094302Z_3e9dfd
r102_004,LABEL_1,0.999392,True,transition-physical,Local model,climatebert_multi_20260526T094302Z_3e9dfd
r102_005,LABEL_1,0.999392,True,transition-physical,Local model,climatebert_multi_20260526T094302Z_3e9dfd
r102_006,LABEL_1,0.999392,True,transition-physical,Local model,climatebert_multi_20260526T094302Z_3e9dfd
r102_007,LABEL_1,0.999392,True,transition-physical,Local model,climatebert_multi_20260526T094302Z_3e9dfd
r102_008,LABEL_1,0.999392,True,transition-physical,Local model,climatebert_multi_20260526T094302Z_3e9dfd
r102_009,LABEL_1,0.999392,True,transition-physical,Local model,climatebert_multi_20260526T094302Z_3e9dfd
r103_000,LABEL_1,0.999392,True,transition-physical,Local model,climatebert_multi_20260526T094302Z_3e9dfd
r103_001,LABEL_1,0.999392,True,transition-physical,Local model,climatebert_multi_20260526T094302Z_3e9dfd
r103_002,LABEL_1,0.999392,True,transition-physical,Local model,climatebert_multi_20260526T094302Z_3e9dfd
r104_000,LABEL_1,0.999392,True,transition-physical,Local model,climatebert_multi_20260526T094302Z_3e9dfd
r104_001,LABEL_1,0.999392,True,transition-physical,Local model,climatebert_multi_20260526T094302Z_3e9dfd
r105_000,LABEL_1,0.999392,True,transition-physical,Local model,climatebert_multi_20260526T094302Z_3e9dfd
r105_001,LABEL_1,0.999392,True,transition-physical,Local model,climatebert_multi_20260526T094302Z_3e9dfd
r106_000,LABEL_1,0.999392,True,transition-physical,Local model,climatebert_multi_20260526T094302Z_3e9dfd
r107_000,LABEL_1,0.999392,True,transition-physical,Local model,climatebert_multi_20260526T094302Z_3e9dfd
r107_001,LABEL_1,0.999392,True,transition-physical,Local model,climatebert_multi_20260526T094302Z_3e9dfd
r107_002,LABEL_1,0.999392,True,transition-physical,Local model,climatebert_multi_20260526T094302Z_3e9dfd
r107_003,LABEL_1,0.999392,True,transition-physical,Local model,climatebert_multi_20260526T094302Z_3e9dfd
r108_000,LABEL_1,0.999392,True,transition-physical,Local model,climatebert_multi_20260526T094302Z_3e9dfd
r108_001,LABEL_1,0.999392,True,transition-physical,Local model,climatebert_multi_20260526T094302Z_3e9dfd
r108_002,LABEL_1,0.999392,True,transition-physical,Local model,climatebert_multi_20260526T094302Z_3e9dfd
r108_003,LABEL_1,0.999392,True,transition-physical,Local model,climatebert_multi_20260526T094302Z_3e9dfd
r108_004,LABEL_1,0.999392,True,transition-physical,Local model,climatebert_multi_20260526T094302Z_3e9dfd
r109_000,LABEL_1,0.999392,True,transition-physical,Local model,climatebert_multi_20260526T094302Z_3e9dfd
llm_70901ce6740d,LABEL_1,0.999392,True,transition-physical,Local model,climatebert_multi_20260526T094302Z_3e9dfd
llm_fb8ecd91a39b,LABEL_1,0.999392,True,transition-physical,Local model,climatebert_multi_20260526T094302Z_3e9dfd
llm_8a0b952c70c6,LABEL_1,0.999392,True,transition-physical,Local model,climatebert_multi_20260526T094302Z_3e9dfd
llm_c5ba1e8d7fcb,LABEL_1,0.999392,True,transition-physical,Local model,climatebert_multi_20260526T094302Z_3e9dfd
llm_347486874d1c,LABEL_1,0.999392,True,transition-physical,Local model,climatebert_multi_20260526T094302Z_3e9dfd
llm_f0ee57943e00,LABEL_1,0.999392,True,transition-physical,Local model,climatebert_multi_20260526T094302Z_3e9dfd
llm_ea0c76c57793,LABEL_1,0.999392,True,transition-physical,Local model,climatebert_multi_20260526T094302Z_3e9dfd
llm_ba1a8dc59ce9,LABEL_1,0.999392,True,transition-physical,Local model,climatebert_multi_20260526T094302Z_3e9dfd
llm_15c25adc6285,LABEL_1,0.999392,True,transition-physical,Local model,climatebert_multi_20260526T094302Z_3e9dfd
llm_5c846bbf4452,LABEL_1,0.999392,True,transition-physical,Local model,climatebert_multi_20260526T094302Z_3e9dfd
llm_11f2ed19b132,LABEL_1,0.999392,True,transition-physical,Local model,climatebert_multi_20260526T094302Z_3e9dfd
llm_7c3a4bc71bf0,LABEL_1,0.999392,True,transition-physical,Local model,climatebert_multi_20260526T094302Z_3e9dfd
llm_21d77f1aa1cc,LABEL_1,0.999392,True,transition-physical,Local model,climatebert_multi_20260526T094302Z_3e9dfd
llm_3e3db23fc340,LABEL_1,0.999392,True,transition-physical,Local model,climatebert_multi_20260526T094302Z_3e9dfd
llm_a8a8021aa00b,LABEL_1,0.999392,True,transition-physical,Local model,climatebert_multi_20260526T094302Z_3e9dfd
llm_32979e4592a4,LABEL_1,0.999392,True,transition-physical,Local model,climatebert_multi_20260526T094302Z_3e9dfd
llm_02f364afb596,LABEL_1,0.999392,True,transition-physical,Local model,climatebert_multi_20260526T094302Z_3e9dfd
llm_d974d9241639,LABEL_1,0.999392,True,transition-physical,Local model,climatebert_multi_20260526T094302Z_3e9dfd
llm_4cb474777cd3,LABEL_1,0.999392,True,transition-physical,Local model,climatebert_multi_20260526T094302Z_3e9dfd
llm_d8c0aa0913f6,LABEL_1,0.999392,True,transition-physical,Local model,climatebert_multi_20260526T094302Z_3e9dfd
llm_3492b7464d30,LABEL_1,0.999392,True,transition-physical,Local model,climatebert_multi_20260526T094302Z_3e9dfd
llm_465fc954d73b,LABEL_1,0.999392,True,transition-physical,Local model,climatebert_multi_20260526T094302Z_3e9dfd
llm_6356b7238243,LABEL_1,0.999392,True,transition-physical,Local model,climatebert_multi_20260526T094302Z_3e9dfd
llm_7f00ce3820ed,LABEL_1,0.999392,True,transition-physical,Local model,climatebert_multi_20260526T094302Z_3e9dfd
llm_51a8dc1a5c6f,LABEL_1,0.999392,True,transition-physical,Local model,climatebert_multi_20260526T094302Z_3e9dfd
llm_438e2f70c987,LABEL_1,0.999392,True,transition-physical,Local model,climatebert_multi_20260526T094302Z_3e9dfd
llm_08d07e3266fb,LABEL_1,0.999392,True,transition-physical,Local model,climatebert_multi_20260526T094302Z_3e9dfd
llm_17adba325927,LABEL_1,0.999392,True,transition-physical,Local model,climatebert_multi_20260526T094302Z_3e9dfd
llm_528a4d8f56ce,LABEL_1,0.999392,True,transition-physical,Local model,climatebert_multi_20260526T094302Z_3e9dfd
llm_11cbfda8c795,LABEL_1,0.999392,True,transition-physical,Local model,climatebert_multi_20260526T094302Z_3e9dfd
llm_01afedac4e2e,LABEL_1,0.999392,True,transition-physical,Local model,climatebert_multi_20260526T094302Z_3e9dfd
llm_76f47da80d66,LABEL_1,0.999392,True,transition-physical,Local model,climatebert_multi_20260526T094302Z_3e9dfd
llm_c5edfb562987,LABEL_1,0.999392,True,transition-physical,Local model,climatebert_multi_20260526T094302Z_3e9dfd
llm_b199946c7a7b,LABEL_1,0.999392,True,transition-physical,Local model,climatebert_multi_20260526T094302Z_3e9dfd
llm_e7ab07b9516c,LABEL_1,0.999392,True,transition-physical,Local model,climatebert_multi_20260526T094302Z_3e9dfd
llm_eb6eb8743197,LABEL_1,0.999392,True,transition-physical,Local model,climatebert_multi_20260526T094302Z_3e9dfd
llm_245b345fff8a,LABEL_1,0.999392,True,transition-physical,Local model,climatebert_multi_20260526T094302Z_3e9dfd
llm_9a3947dd887b,LABEL_1,0.999392,True,transition-physical,Local model,climatebert_multi_20260526T094302Z_3e9dfd
llm_f20a49772cd3,LABEL_1,0.999392,True,transition-physical,Local model,climatebert_multi_20260526T094302Z_3e9dfd
llm_9c8be9f5b14d,LABEL_1,0.999392,True,transition-physical,Local model,climatebert_multi_20260526T094302Z_3e9dfd
llm_510f51758a85,LABEL_1,0.999392,True,transition-physical,Local model,climatebert_multi_20260526T094302Z_3e9dfd
llm_feb3b2f68a5f,LABEL_1,0.999392,True,transition-physical,Local model,climatebert_multi_20260526T094302Z_3e9dfd
llm_dba62ddab31c,LABEL_1,0.999392,True,transition-physical,Local model,climatebert_multi_20260526T094302Z_3e9dfd
llm_e5d42b1a3d0a,LABEL_1,0.999392,True,transition-physical,Local model,climatebert_multi_20260526T094302Z_3e9dfd
llm_17ad50e17473,LABEL_1,0.999392,True,transition-physical,Local model,climatebert_multi_20260526T094302Z_3e9dfd
llm_daa422aad23f,LABEL_1,0.999392,True,transition-physical,Local model,climatebert_multi_20260526T094302Z_3e9dfd
llm_4bdea4f5f95c,LABEL_1,0.999392,True,transition-physical,Local model,climatebert_multi_20260526T094302Z_3e9dfd
llm_6ff461e0870b,LABEL_1,0.999392,True,transition-physical,Local model,climatebert_multi_20260526T094302Z_3e9dfd
llm_d5c2ca73dba3,LABEL_1,0.999392,True,transition-physical,Local model,climatebert_multi_20260526T094302Z_3e9dfd
llm_eb762f218444,LABEL_1,0.999392,True,transition-physical,Local model,climatebert_multi_20260526T094302Z_3e9dfd
llm_7fcfdc3e4b91,LABEL_1,0.999392,True,transition-physical,Local model,climatebert_multi_20260526T094302Z_3e9dfd
llm_3415d52a88c5,LABEL_1,0.999392,True,transition-physical,Local model,climatebert_multi_20260526T094302Z_3e9dfd
llm_20a6e15365d7,LABEL_1,0.999392,True,transition-physical,Local model,climatebert_multi_20260526T094302Z_3e9dfd
llm_a5832e88bcd2,LABEL_1,0.999392,True,transition-physical,Local model,climatebert_multi_20260526T094302Z_3e9dfd
llm_a399385d845d,LABEL_1,0.999392,True,transition-physical,Local model,climatebert_multi_20260526T094302Z_3e9dfd
llm_de97b9d2ef81,LABEL_1,0.999392,True,transition-physical,Local model,climatebert_multi_20260526T094302Z_3e9dfd
llm_e9d2fd0f33df,LABEL_1,0.999392,True,transition-physical,Local model,climatebert_multi_20260526T094302Z_3e9dfd
llm_145555ecbc61,LABEL_1,0.999392,True,transition-physical,Local model,climatebert_multi_20260526T094302Z_3e9dfd
llm_be6bd9e05aca,LABEL_1,0.999392,True,transition-physical,Local model,climatebert_multi_20260526T094302Z_3e9dfd
llm_d97251afe8a9,LABEL_1,0.999392,True,transition-physical,Local model,climatebert_multi_20260526T094302Z_3e9dfd
llm_df32fefb184e,LABEL_1,0.999392,True,transition-physical,Local model,climatebert_multi_20260526T094302Z_3e9dfd
llm_ee5f2559f37d,LABEL_1,0.999392,True,transition-physical,Local model,climatebert_multi_20260526T094302Z_3e9dfd
llm_5378e3071cf1,LABEL_1,0.999392,True,transition-physical,Local model,climatebert_multi_20260526T094302Z_3e9dfd
llm_34e0c32fda33,LABEL_1,0.999392,True,transition-physical,Local model,climatebert_multi_20260526T094302Z_3e9dfd
llm_f5abec3d4d92,LABEL_1,0.999392,True,transition-physical,Local model,climatebert_multi_20260526T094302Z_3e9dfd
llm_a35318d1a653,LABEL_1,0.999392,True,transition-physical,Local model,climatebert_multi_20260526T094302Z_3e9dfd
llm_62bc1958826c,LABEL_1,0.999392,True,transition-physical,Local model,climatebert_multi_20260526T094302Z_3e9dfd
llm_da72b336e0f1,LABEL_1,0.999392,True,transition-physical,Local model,climatebert_multi_20260526T094302Z_3e9dfd
llm_4edcfd1cdd6e,LABEL_1,0.999392,True,transition-physical,Local model,climatebert_multi_20260526T094302Z_3e9dfd
llm_1d2ea0a85c37,LABEL_1,0.999392,True,transition-physical,Local model,climatebert_multi_20260526T094302Z_3e9dfd
llm_995cfd04f15b,LABEL_1,0.999392,True,transition-physical,Local model,climatebert_multi_20260526T094302Z_3e9dfd
llm_466323587e78,LABEL_1,0.999392,True,transition-physical,Local model,climatebert_multi_20260526T094302Z_3e9dfd
llm_3ff078db6aae,LABEL_1,0.999392,True,transition-physical,Local model,climatebert_multi_20260526T094302Z_3e9dfd
llm_0245e2ba7c09,LABEL_1,0.999392,True,transition-physical,Local model,climatebert_multi_20260526T094302Z_3e9dfd
llm_39e24343ece4,LABEL_1,0.999392,True,transition-physical,Local model,climatebert_multi_20260526T094302Z_3e9dfd
llm_d3629645a3f4,LABEL_1,0.999392,True,transition-physical,Local model,climatebert_multi_20260526T094302Z_3e9dfd
llm_ff1d5ca715d5,LABEL_1,0.999392,True,transition-physical,Local model,climatebert_multi_20260526T094302Z_3e9dfd
llm_256261b98f4b,LABEL_1,0.999392,True,transition-physical,Local model,climatebert_multi_20260526T094302Z_3e9dfd
llm_988decc182c5,LABEL_1,0.999392,True,transition-physical,Local model,climatebert_multi_20260526T094302Z_3e9dfd
llm_5e001ab5a715,LABEL_1,0.999392,True,transition-physical,Local model,climatebert_multi_20260526T094302Z_3e9dfd
llm_603ed90ba06c,LABEL_1,0.999392,True,transition-physical,Local model,climatebert_multi_20260526T094302Z_3e9dfd
llm_f57945fd008c,LABEL_1,0.999392,True,transition-physical,Local model,climatebert_multi_20260526T094302Z_3e9dfd
llm_bc8f3db3b1f7,LABEL_1,0.999392,True,transition-physical,Local model,climatebert_multi_20260526T094302Z_3e9dfd
llm_0e4d1cb65bd1,LABEL_1,0.999392,True,transition-physical,Local model,climatebert_multi_20260526T094302Z_3e9dfd
llm_1858ec76033d,LABEL_1,0.999392,True,transition-physical,Local model,climatebert_multi_20260526T094302Z_3e9dfd
llm_2f48691fad8e,LABEL_1,0.999392,True,transition-physical,Local model,climatebert_multi_20260526T094302Z_3e9dfd
llm_240bfffb06e1,LABEL_1,0.999392,True,transition-physical,Local model,climatebert_multi_20260526T094302Z_3e9dfd
llm_3c6d5146aa4d,LABEL_1,0.999392,True,transition-physical,Local model,climatebert_multi_20260526T094302Z_3e9dfd
llm_c90aed3fc513,LABEL_1,0.999392,True,transition-physical,Local model,climatebert_multi_20260526T094302Z_3e9dfd
llm_39c2e999acf9,LABEL_1,0.999392,True,transition-physical,Local model,climatebert_multi_20260526T094302Z_3e9dfd
llm_676332bf0e64,LABEL_1,0.999392,True,transition-physical,Local model,climatebert_multi_20260526T094302Z_3e9dfd
llm_3784be874f48,LABEL_1,0.999392,True,transition-physical,Local model,climatebert_multi_20260526T094302Z_3e9dfd
llm_91bd9a716191,LABEL_1,0.999392,True,transition-physical,Local model,climatebert_multi_20260526T094302Z_3e9dfd
llm_5a7dc9c0b81c,LABEL_1,0.999392,True,transition-physical,Local model,climatebert_multi_20260526T094302Z_3e9dfd
llm_ceb2a79cee66,LABEL_1,0.999392,True,transition-physical,Local model,climatebert_multi_20260526T094302Z_3e9dfd
llm_2dc2e9896de6,LABEL_1,0.999392,True,transition-physical,Local model,climatebert_multi_20260526T094302Z_3e9dfd
llm_13d03e62b9d6,LABEL_1,0.999392,True,transition-physical,Local model,climatebert_multi_20260526T094302Z_3e9dfd
llm_cfb1bc0f7919,LABEL_1,0.999392,True,transition-physical,Local model,climatebert_multi_20260526T094302Z_3e9dfd
llm_b9d8bc2f19f5,LABEL_1,0.999392,True,transition-physical,Local model,climatebert_multi_20260526T094302Z_3e9dfd
llm_e8b27edf8463,LABEL_1,0.999392,True,transition-physical,Local model,climatebert_multi_20260526T094302Z_3e9dfd
llm_5fb81f60502c,LABEL_1,0.999392,True,transition-physical,Local model,climatebert_multi_20260526T094302Z_3e9dfd
llm_745cc77cd6c3,LABEL_1,0.999392,True,transition-physical,Local model,climatebert_multi_20260526T094302Z_3e9dfd
llm_f62751df6de2,LABEL_1,0.999392,True,transition-physical,Local model,climatebert_multi_20260526T094302Z_3e9dfd
llm_3f16619de53f,LABEL_1,0.999392,True,transition-physical,Local model,climatebert_multi_20260526T094302Z_3e9dfd
llm_05687262d6d9,LABEL_1,0.999392,True,transition-physical,Local model,climatebert_multi_20260526T094302Z_3e9dfd
llm_66cc74dd8826,LABEL_1,0.999392,True,transition-physical,Local model,climatebert_multi_20260526T094302Z_3e9dfd
llm_a29028fcfa58,LABEL_1,0.999392,True,transition-physical,Local model,climatebert_multi_20260526T094302Z_3e9dfd
llm_5363cbeb2867,LABEL_1,0.999392,True,transition-physical,Local model,climatebert_multi_20260526T094302Z_3e9dfd
llm_34ba1290fa53,LABEL_1,0.999392,True,transition-physical,Local model,climatebert_multi_20260526T094302Z_3e9dfd
llm_d8de534cab54,LABEL_1,0.999392,True,transition-physical,Local model,climatebert_multi_20260526T094302Z_3e9dfd
llm_c28c8cb92b2f,LABEL_1,0.999392,True,transition-physical,Local model,climatebert_multi_20260526T094302Z_3e9dfd
llm_59828522fa1f,LABEL_1,0.999392,True,transition-physical,Local model,climatebert_multi_20260526T094302Z_3e9dfd
llm_ac32f99adef5,LABEL_1,0.999392,True,transition-physical,Local model,climatebert_multi_20260526T094302Z_3e9dfd
llm_ce28462c41bd,LABEL_1,0.999392,True,transition-physical,Local model,climatebert_multi_20260526T094302Z_3e9dfd
llm_5aa44c1be2b1,LABEL_1,0.999392,True,transition-physical,Local model,climatebert_multi_20260526T094302Z_3e9dfd
llm_cea18b0dda9f,LABEL_1,0.999392,True,transition-physical,Local model,climatebert_multi_20260526T094302Z_3e9dfd
llm_295d805a383e,LABEL_1,0.999392,True,transition-physical,Local model,climatebert_multi_20260526T094302Z_3e9dfd
llm_47a39e056514,LABEL_1,0.999392,True,transition-physical,Local model,climatebert_multi_20260526T094302Z_3e9dfd
llm_5e8fa124019d,LABEL_1,0.999392,True,transition-physical,Local model,climatebert_multi_20260526T094302Z_3e9dfd
llm_be09be480036,LABEL_1,0.999392,True,transition-physical,Local model,climatebert_multi_20260526T094302Z_3e9dfd
llm_6ec491bf56eb,LABEL_1,0.999392,True,transition-physical,Local model,climatebert_multi_20260526T094302Z_3e9dfd
llm_4a3531f30e0b,LABEL_1,0.999392,True,transition-physical,Local model,climatebert_multi_20260526T094302Z_3e9dfd
llm_80de7f92a863,LABEL_1,0.999392,True,transition-physical,Local model,climatebert_multi_20260526T094302Z_3e9dfd
llm_25810f557ee0,LABEL_1,0.999392,True,transition-physical,Local model,climatebert_multi_20260526T094302Z_3e9dfd
llm_286c6e3c233f,LABEL_1,0.999392,True,transition-physical,Local model,climatebert_multi_20260526T094302Z_3e9dfd
llm_bde67d86b3f4,LABEL_1,0.999392,True,transition-physical,Local model,climatebert_multi_20260526T094302Z_3e9dfd
llm_f71666e3fbd9,LABEL_1,0.999392,True,transition-physical,Local model,climatebert_multi_20260526T094302Z_3e9dfd
llm_980a77ee5a5d,LABEL_1,0.999392,True,transition-physical,Local model,climatebert_multi_20260526T094302Z_3e9dfd
llm_8bbe339ca85c,LABEL_1,0.999392,True,transition-physical,Local model,climatebert_multi_20260526T094302Z_3e9dfd
llm_9242464a753f,LABEL_1,0.999392,True,transition-physical,Local model,climatebert_multi_20260526T094302Z_3e9dfd
llm_c484e3b1aa6e,LABEL_1,0.999392,True,transition-physical,Local model,climatebert_multi_20260526T094302Z_3e9dfd
llm_08950c96324a,LABEL_1,0.999392,True,transition-physical,Local model,climatebert_multi_20260526T094302Z_3e9dfd
llm_7e1cc34e3003,LABEL_1,0.999392,True,transition-physical,Local model,climatebert_multi_20260526T094302Z_3e9dfd
llm_3c802fb60b62,LABEL_1,0.999392,True,transition-physical,Local model,climatebert_multi_20260526T094302Z_3e9dfd
llm_8df43fccf647,LABEL_1,0.999392,True,transition-physical,Local model,climatebert_multi_20260526T094302Z_3e9dfd
llm_52943be42dcd,LABEL_1,0.999392,True,transition-physical,Local model,climatebert_multi_20260526T094302Z_3e9dfd
llm_d7368509f951,LABEL_1,0.999392,True,transition-physical,Local model,climatebert_multi_20260526T094302Z_3e9dfd
llm_588494a2ab9c,LABEL_1,0.999392,True,transition-physical,Local model,climatebert_multi_20260526T094302Z_3e9dfd
llm_eb571f3a75e7,LABEL_1,0.999392,True,transition-physical,Local model,climatebert_multi_20260526T094302Z_3e9dfd
llm_781299e40ef4,LABEL_1,0.999392,True,transition-physical,Local model,climatebert_multi_20260526T094302Z_3e9dfd
llm_624a498af105,LABEL_1,0.999392,True,transition-physical,Local model,climatebert_multi_20260526T094302Z_3e9dfd
llm_5b1cfb20edb7,LABEL_1,0.999392,True,transition-physical,Local model,climatebert_multi_20260526T094302Z_3e9dfd
llm_8d32c2e20def,LABEL_1,0.999392,True,transition-physical,Local model,climatebert_multi_20260526T094302Z_3e9dfd
llm_3739ad26caeb,LABEL_1,0.999392,True,transition-physical,Local model,climatebert_multi_20260526T094302Z_3e9dfd
llm_f3fd2aef2f87,LABEL_1,0.999392,True,transition-physical,Local model,climatebert_multi_20260526T094302Z_3e9dfd
llm_69415dd9d693,LABEL_1,0.999392,True,transition-physical,Local model,climatebert_multi_20260526T094302Z_3e9dfd
llm_4b597d55f61d,LABEL_1,0.999392,True,transition-physical,Local model,climatebert_multi_20260526T094302Z_3e9dfd
llm_4be08a37b95d,LABEL_1,0.999392,True,transition-physical,Local model,climatebert_multi_20260526T094302Z_3e9dfd
llm_0a58e23ee4ad,LABEL_1,0.999392,True,transition-physical,Local model,climatebert_multi_20260526T094302Z_3e9dfd
llm_0081bb8619bf,LABEL_1,0.999392,True,transition-physical,Local model,climatebert_multi_20260526T094302Z_3e9dfd
llm_39a3ac0293fb,LABEL_1,0.999392,True,transition-physical,Local model,climatebert_multi_20260526T094302Z_3e9dfd
llm_be789c91fc1c,LABEL_1,0.999392,True,transition-physical,Local model,climatebert_multi_20260526T094302Z_3e9dfd
llm_2b147a57e551,LABEL_1,0.999392,True,transition-physical,Local model,climatebert_multi_20260526T094302Z_3e9dfd
llm_0df5197f0875,LABEL_1,0.999392,True,transition-physical,Local model,climatebert_multi_20260526T094302Z_3e9dfd
llm_d3b921a0a5e5,LABEL_1,0.999392,True,transition-physical,Local model,climatebert_multi_20260526T094302Z_3e9dfd
llm_1fba05bc1a35,LABEL_1,0.999392,True,transition-physical,Local model,climatebert_multi_20260526T094302Z_3e9dfd
llm_9f4d231f9a1d,LABEL_1,0.999392,True,transition-physical,Local model,climatebert_multi_20260526T094302Z_3e9dfd
llm_e21b93367150,LABEL_1,0.999392,True,transition-physical,Local model,climatebert_multi_20260526T094302Z_3e9dfd
llm_a3dec1192c4f,LABEL_1,0.999392,True,transition-physical,Local model,climatebert_multi_20260526T094302Z_3e9dfd
llm_9a84587a7e54,LABEL_1,0.999392,True,transition-physical,Local model,climatebert_multi_20260526T094302Z_3e9dfd
llm_4603608a62ec,LABEL_1,0.999392,True,transition-physical,Local model,climatebert_multi_20260526T094302Z_3e9dfd
llm_45241fd9103f,LABEL_1,0.999392,True,transition-physical,Local model,climatebert_multi_20260526T094302Z_3e9dfd
llm_316659bb9734,LABEL_1,0.999392,True,transition-physical,Local model,climatebert_multi_20260526T094302Z_3e9dfd
llm_d68bd2b516ad,LABEL_1,0.999392,True,transition-physical,Local model,climatebert_multi_20260526T094302Z_3e9dfd
llm_5f4f9c19d59c,LABEL_1,0.999392,True,transition-physical,Local model,climatebert_multi_20260526T094302Z_3e9dfd
llm_c848426934d2,LABEL_1,0.999392,True,transition-physical,Local model,climatebert_multi_20260526T094302Z_3e9dfd
llm_340dab6bed8a,LABEL_1,0.999392,True,transition-physical,Local model,climatebert_multi_20260526T094302Z_3e9dfd
llm_32ff6881e75a,LABEL_1,0.999392,True,transition-physical,Local model,climatebert_multi_20260526T094302Z_3e9dfd
llm_83e44043d526,LABEL_1,0.999392,True,transition-physical,Local model,climatebert_multi_20260526T094302Z_3e9dfd
llm_31585b537214,LABEL_1,0.999392,True,transition-physical,Local model,climatebert_multi_20260526T094302Z_3e9dfd
llm_e78e9d4787f4,LABEL_1,0.999392,True,transition-physical,Local model,climatebert_multi_20260526T094302Z_3e9dfd
llm_73ce81978cec,LABEL_1,0.999392,True,transition-physical,Local model,climatebert_multi_20260526T094302Z_3e9dfd
llm_6e84ea5f4b21,LABEL_1,0.999392,True,transition-physical,Local model,climatebert_multi_20260526T094302Z_3e9dfd
llm_0ff3f26f5af2,LABEL_1,0.999392,True,transition-physical,Local model,climatebert_multi_20260526T094302Z_3e9dfd
llm_552b76edba9e,LABEL_1,0.999392,True,transition-physical,Local model,climatebert_multi_20260526T094302Z_3e9dfd
llm_1aa775bd548c,LABEL_1,0.999392,True,transition-physical,Local model,climatebert_multi_20260526T094302Z_3e9dfd
llm_04fb8b705860,LABEL_1,0.999392,True,transition-physical,Local model,climatebert_multi_20260526T094302Z_3e9dfd
llm_245b76162ac0,LABEL_1,0.999392,True,transition-physical,Local model,climatebert_multi_20260526T094302Z_3e9dfd
llm_baee5e107945,LABEL_1,0.999392,True,transition-physical,Local model,climatebert_multi_20260526T094302Z_3e9dfd
llm_193c1d501963,LABEL_1,0.999392,True,transition-physical,Local model,climatebert_multi_20260526T094302Z_3e9dfd
llm_9ed8336d8691,LABEL_1,0.999392,True,transition-physical,Local model,climatebert_multi_20260526T094302Z_3e9dfd
llm_bb3994095065,LABEL_1,0.999392,True,transition-physical,Local model,climatebert_multi_20260526T094302Z_3e9dfd
llm_f3ac6155000c,LABEL_1,0.999392,True,transition-physical,Local model,climatebert_multi_20260526T094302Z_3e9dfd
llm_06b965749f4e,LABEL_1,0.999392,True,transition-physical,Local model,climatebert_multi_20260526T094302Z_3e9dfd
llm_d1b0effe388b,LABEL_1,0.999392,True,transition-physical,Local model,climatebert_multi_20260526T094302Z_3e9dfd
llm_65381728369b,LABEL_1,0.999392,True,transition-physical,Local model,climatebert_multi_20260526T094302Z_3e9dfd
llm_ab443b494fa5,LABEL_1,0.999392,True,transition-physical,Local model,climatebert_multi_20260526T094302Z_3e9dfd
llm_ed90fd901030,LABEL_1,0.999392,True,transition-physical,Local model,climatebert_multi_20260526T094302Z_3e9dfd
llm_163fd97c637a,LABEL_1,0.999392,True,transition-physical,Local model,climatebert_multi_20260526T094302Z_3e9dfd
llm_1dc39e2b691d,LABEL_1,0.999392,True,transition-physical,Local model,climatebert_multi_20260526T094302Z_3e9dfd
llm_85c9db7f0642,LABEL_1,0.999392,True,transition-physical,Local model,climatebert_multi_20260526T094302Z_3e9dfd
llm_11c014060d79,LABEL_1,0.999392,True,transition-physical,Local model,climatebert_multi_20260526T094302Z_3e9dfd
llm_a0d2774a4200,LABEL_1,0.999392,True,transition-physical,Local model,climatebert_multi_20260526T094302Z_3e9dfd
llm_fbe1e05fe59e,LABEL_1,0.999392,True,transition-physical,Local model,climatebert_multi_20260526T094302Z_3e9dfd
llm_e49658782535,LABEL_1,0.999392,True,transition-physical,Local model,climatebert_multi_20260526T094302Z_3e9dfd
llm_9574e28d6759,LABEL_1,0.999392,True,transition-physical,Local model,climatebert_multi_20260526T094302Z_3e9dfd
llm_b5dade030f90,LABEL_1,0.999392,True,transition-physical,Local model,climatebert_multi_20260526T094302Z_3e9dfd
llm_615d26820642,LABEL_1,0.999392,True,transition-physical,Local model,climatebert_multi_20260526T094302Z_3e9dfd
llm_4915482529df,LABEL_1,0.999392,True,transition-physical,Local model,climatebert_multi_20260526T094302Z_3e9dfd
llm_bd1aaed41f98,LABEL_1,0.999392,True,transition-physical,Local model,climatebert_multi_20260526T094302Z_3e9dfd
llm_ca3f4cc94ced,LABEL_1,0.999392,True,transition-physical,Local model,climatebert_multi_20260526T094302Z_3e9dfd
llm_a65e7297d587,LABEL_1,0.999392,True,transition-physical,Local model,climatebert_multi_20260526T094302Z_3e9dfd
llm_65c379cc0fd3,LABEL_1,0.999392,True,transition-physical,Local model,climatebert_multi_20260526T094302Z_3e9dfd
llm_50a41e1e4720,LABEL_1,0.999392,True,transition-physical,Local model,climatebert_multi_20260526T094302Z_3e9dfd
llm_3166d9550a6e,LABEL_1,0.999392,True,transition-physical,Local model,climatebert_multi_20260526T094302Z_3e9dfd
llm_8d53506788f0,LABEL_1,0.999392,True,transition-physical,Local model,climatebert_multi_20260526T094302Z_3e9dfd
llm_6f57975d9a06,LABEL_1,0.999392,True,transition-physical,Local model,climatebert_multi_20260526T094302Z_3e9dfd
llm_9d4450ac5cc8,LABEL_1,0.999392,True,transition-physical,Local model,climatebert_multi_20260526T094302Z_3e9dfd
llm_316320e6a0e0,LABEL_1,0.999392,True,transition-physical,Local model,climatebert_multi_20260526T094302Z_3e9dfd
llm_df6d462d9139,LABEL_1,0.999392,True,transition-physical,Local model,climatebert_multi_20260526T094302Z_3e9dfd
llm_977ecfcc6045,LABEL_1,0.999392,True,transition-physical,Local model,climatebert_multi_20260526T094302Z_3e9dfd
llm_51478feb954e,LABEL_1,0.999392,True,transition-physical,Local model,climatebert_multi_20260526T094302Z_3e9dfd
llm_1a8f8f30d57b,LABEL_1,0.999392,True,transition-physical,Local model,climatebert_multi_20260526T094302Z_3e9dfd
llm_92f868a85786,LABEL_1,0.999392,True,transition-physical,Local model,climatebert_multi_20260526T094302Z_3e9dfd
llm_8572f1ac36c2,LABEL_1,0.999392,True,transition-physical,Local model,climatebert_multi_20260526T094302Z_3e9dfd
llm_99601e646fd5,LABEL_1,0.999392,True,transition-physical,Local model,climatebert_multi_20260526T094302Z_3e9dfd
llm_842d4dc1bb1a,LABEL_1,0.999392,True,transition-physical,Local model,climatebert_multi_20260526T094302Z_3e9dfd
llm_94c176eab17f,LABEL_1,0.999392,True,transition-physical,Local model,climatebert_multi_20260526T094302Z_3e9dfd
llm_81d4fa7a65a5,LABEL_1,0.999392,True,transition-physical,Local model,climatebert_multi_20260526T094302Z_3e9dfd
llm_1e7b6430512c,LABEL_1,0.999392,True,transition-physical,Local model,climatebert_multi_20260526T094302Z_3e9dfd
llm_721e42389c63,LABEL_1,0.999392,True,transition-physical,Local model,climatebert_multi_20260526T094302Z_3e9dfd
llm_03f59364bfa3,LABEL_1,0.999392,True,transition-physical,Local model,climatebert_multi_20260526T094302Z_3e9dfd
llm_d9165e9d16e2,LABEL_1,0.999392,True,transition-physical,Local model,climatebert_multi_20260526T094302Z_3e9dfd
llm_d0c9d4deb4d6,LABEL_1,0.999392,True,transition-physical,Local model,climatebert_multi_20260526T094302Z_3e9dfd
llm_6f931f3a46ba,LABEL_1,0.999392,True,transition-physical,Local model,climatebert_multi_20260526T094302Z_3e9dfd
llm_b353e6bf6139,LABEL_1,0.999392,True,transition-physical,Local model,climatebert_multi_20260526T094302Z_3e9dfd
llm_78d5a91912de,LABEL_1,0.999392,True,transition-physical,Local model,climatebert_multi_20260526T094302Z_3e9dfd
llm_a510c9187f83,LABEL_1,0.999392,True,transition-physical,Local model,climatebert_multi_20260526T094302Z_3e9dfd
llm_defd56922cef,LABEL_1,0.999392,True,transition-physical,Local model,climatebert_multi_20260526T094302Z_3e9dfd
llm_43cad23219e7,LABEL_1,0.999392,True,transition-physical,Local model,climatebert_multi_20260526T094302Z_3e9dfd
llm_4226e21b5203,LABEL_1,0.999392,True,transition-physical,Local model,climatebert_multi_20260526T094302Z_3e9dfd
llm_ddb877b08c9a,LABEL_1,0.999392,True,transition-physical,Local model,climatebert_multi_20260526T094302Z_3e9dfd
llm_2b93ce5360fc,LABEL_1,0.999392,True,transition-physical,Local model,climatebert_multi_20260526T094302Z_3e9dfd
llm_72c04d41cccc,LABEL_1,0.999392,True,transition-physical,Local model,climatebert_multi_20260526T094302Z_3e9dfd
llm_c74f3470ebd1,LABEL_1,0.999392,True,transition-physical,Local model,climatebert_multi_20260526T094302Z_3e9dfd
llm_8959b6fdeacc,LABEL_1,0.999392,True,transition-physical,Local model,climatebert_multi_20260526T094302Z_3e9dfd
llm_5b0c37b85eb7,LABEL_1,0.999392,True,transition-physical,Local model,climatebert_multi_20260526T094302Z_3e9dfd
llm_26613076e09a,LABEL_1,0.999392,True,transition-physical,Local model,climatebert_multi_20260526T094302Z_3e9dfd
llm_8bcaccd377b8,LABEL_1,0.999392,True,transition-physical,Local model,climatebert_multi_20260526T094302Z_3e9dfd
llm_833550d5f937,LABEL_1,0.999392,True,transition-physical,Local model,climatebert_multi_20260526T094302Z_3e9dfd
llm_ab61cd118bf8,LABEL_1,0.999392,True,transition-physical,Local model,climatebert_multi_20260526T094302Z_3e9dfd
llm_de3f46889dbc,LABEL_1,0.999392,True,transition-physical,Local model,climatebert_multi_20260526T094302Z_3e9dfd
llm_499818f43841,LABEL_1,0.999392,True,transition-physical,Local model,climatebert_multi_20260526T094302Z_3e9dfd
llm_2b7966c0ec5b,LABEL_1,0.999392,True,transition-physical,Local model,climatebert_multi_20260526T094302Z_3e9dfd
llm_07aa2130980a,LABEL_1,0.999392,True,transition-physical,Local model,climatebert_multi_20260526T094302Z_3e9dfd
llm_a35057f8ffe2,LABEL_1,0.999392,True,transition-physical,Local model,climatebert_multi_20260526T094302Z_3e9dfd
llm_9b26f4411378,LABEL_1,0.999392,True,transition-physical,Local model,climatebert_multi_20260526T094302Z_3e9dfd
llm_cde3a9d5ac96,LABEL_1,0.999392,True,transition-physical,Local model,climatebert_multi_20260526T094302Z_3e9dfd
llm_8b22c8ba016b,LABEL_1,0.999392,True,transition-physical,Local model,climatebert_multi_20260526T094302Z_3e9dfd
llm_9e1e72d811f6,LABEL_1,0.999392,True,transition-physical,Local model,climatebert_multi_20260526T094302Z_3e9dfd
llm_bf98f267a1b1,LABEL_1,0.999392,True,transition-physical,Local model,climatebert_multi_20260526T094302Z_3e9dfd
llm_c8e68a5aed8b,LABEL_1,0.999392,True,transition-physical,Local model,climatebert_multi_20260526T094302Z_3e9dfd
llm_ecb90a4666fa,LABEL_1,0.999392,True,transition-physical,Local model,climatebert_multi_20260526T094302Z_3e9dfd
llm_279cc78717c5,LABEL_1,0.999392,True,transition-physical,Local model,climatebert_multi_20260526T094302Z_3e9dfd
llm_c67f101eee07,LABEL_1,0.999392,True,transition-physical,Local model,climatebert_multi_20260526T094302Z_3e9dfd
llm_b671d7c3ff82,LABEL_1,0.999392,True,transition-physical,Local model,climatebert_multi_20260526T094302Z_3e9dfd
llm_a2fdfb73e0c3,LABEL_1,0.999392,True,transition-physical,Local model,climatebert_multi_20260526T094302Z_3e9dfd
llm_85467362f392,LABEL_1,0.999392,True,transition-physical,Local model,climatebert_multi_20260526T094302Z_3e9dfd
llm_de031c963b64,LABEL_1,0.999392,True,transition-physical,Local model,climatebert_multi_20260526T094302Z_3e9dfd
llm_5558d0350532,LABEL_1,0.999392,True,transition-physical,Local model,climatebert_multi_20260526T094302Z_3e9dfd
llm_e7cf2befa476,LABEL_1,0.999392,True,transition-physical,Local model,climatebert_multi_20260526T094302Z_3e9dfd
llm_d59fceb08579,LABEL_1,0.999392,True,transition-physical,Local model,climatebert_multi_20260526T094302Z_3e9dfd
llm_bb209b6a26ef,LABEL_1,0.999392,True,transition-physical,Local model,climatebert_multi_20260526T094302Z_3e9dfd
llm_d9d1a5f853b6,LABEL_1,0.999392,True,transition-physical,Local model,climatebert_multi_20260526T094302Z_3e9dfd
llm_c76cc4b2a507,LABEL_1,0.999392,True,transition-physical,Local model,climatebert_multi_20260526T094302Z_3e9dfd
llm_c64ff19abba1,LABEL_1,0.999392,True,transition-physical,Local model,climatebert_multi_20260526T094302Z_3e9dfd
llm_59f4626eec3c,LABEL_1,0.999392,True,transition-physical,Local model,climatebert_multi_20260526T094302Z_3e9dfd
llm_8f233d54a93b,LABEL_1,0.999392,True,transition-physical,Local model,climatebert_multi_20260526T094302Z_3e9dfd
llm_9efcc79c9b5a,LABEL_1,0.999392,True,transition-physical,Local model,climatebert_multi_20260526T094302Z_3e9dfd
llm_6724f4ab5ed5,LABEL_1,0.999392,True,transition-physical,Local model,climatebert_multi_20260526T094302Z_3e9dfd
llm_bfdf2fe250eb,LABEL_1,0.999392,True,transition-physical,Local model,climatebert_multi_20260526T094302Z_3e9dfd
llm_463bcf87efa7,LABEL_1,0.999392,True,transition-physical,Local model,climatebert_multi_20260526T094302Z_3e9dfd
llm_962f9505e8e2,LABEL_1,0.999392,True,transition-physical,Local model,climatebert_multi_20260526T094302Z_3e9dfd
llm_ac8797623a82,LABEL_1,0.999392,True,transition-physical,Local model,climatebert_multi_20260526T094302Z_3e9dfd
llm_1dfe0acbdfde,LABEL_1,0.999392,True,transition-physical,Local model,climatebert_multi_20260526T094302Z_3e9dfd
llm_03c50157b9d5,LABEL_1,0.999392,True,transition-physical,Local model,climatebert_multi_20260526T094302Z_3e9dfd
llm_d029b7648080,LABEL_1,0.999392,True,transition-physical,Local model,climatebert_multi_20260526T094302Z_3e9dfd
llm_37f8759a7cb6,LABEL_1,0.999392,True,transition-physical,Local model,climatebert_multi_20260526T094302Z_3e9dfd
llm_01f2466d2544,LABEL_1,0.999392,True,transition-physical,Local model,climatebert_multi_20260526T094302Z_3e9dfd
llm_c6c0efc5eb5b,LABEL_1,0.999392,True,transition-physical,Local model,climatebert_multi_20260526T094302Z_3e9dfd
llm_6407c35e53f4,LABEL_1,0.999392,True,transition-physical,Local model,climatebert_multi_20260526T094302Z_3e9dfd
llm_e7d7fec0d28a,LABEL_1,0.999392,True,transition-physical,Local model,climatebert_multi_20260526T094302Z_3e9dfd
llm_bc993c873a0e,LABEL_1,0.999392,True,transition-physical,Local model,climatebert_multi_20260526T094302Z_3e9dfd
llm_f364cedf8943,LABEL_1,0.999392,True,transition-physical,Local model,climatebert_multi_20260526T094302Z_3e9dfd
llm_265659079937,LABEL_1,0.999392,True,transition-physical,Local model,climatebert_multi_20260526T094302Z_3e9dfd
llm_f31f68feb281,LABEL_1,0.999392,True,transition-physical,Local model,climatebert_multi_20260526T094302Z_3e9dfd
llm_64ff69be2b13,LABEL_1,0.999392,True,transition-physical,Local model,climatebert_multi_20260526T094302Z_3e9dfd
llm_d6535983ed56,LABEL_1,0.999392,True,transition-physical,Local model,climatebert_multi_20260526T094302Z_3e9dfd
llm_d210b1698ac0,LABEL_1,0.999392,True,transition-physical,Local model,climatebert_multi_20260526T094302Z_3e9dfd
llm_786bbaac0000,LABEL_1,0.999392,True,transition-physical,Local model,climatebert_multi_20260526T094302Z_3e9dfd
llm_bb1e156096d1,LABEL_1,0.999392,True,transition-physical,Local model,climatebert_multi_20260526T094302Z_3e9dfd
llm_ec6ce43c652d,LABEL_1,0.999392,True,transition-physical,Local model,climatebert_multi_20260526T094302Z_3e9dfd
llm_375ac6d38bbc,LABEL_1,0.999392,True,transition-physical,Local model,climatebert_multi_20260526T094302Z_3e9dfd
llm_6197d4ac1c15,LABEL_1,0.999392,True,transition-physical,Local model,climatebert_multi_20260526T094302Z_3e9dfd
llm_69af58905ba3,LABEL_1,0.999392,True,transition-physical,Local model,climatebert_multi_20260526T094302Z_3e9dfd
llm_bb30aa0db908,LABEL_1,0.999392,True,transition-physical,Local model,climatebert_multi_20260526T094302Z_3e9dfd
llm_4e158cd42990,LABEL_1,0.999392,True,transition-physical,Local model,climatebert_multi_20260526T094302Z_3e9dfd
llm_4958aebceb87,LABEL_1,0.999392,True,transition-physical,Local model,climatebert_multi_20260526T094302Z_3e9dfd
llm_aa24afe494e8,LABEL_1,0.999392,True,transition-physical,Local model,climatebert_multi_20260526T094302Z_3e9dfd
llm_1f143a0d7c4c,LABEL_1,0.999392,True,transition-physical,Local model,climatebert_multi_20260526T094302Z_3e9dfd
llm_c9360a0c94fb,LABEL_1,0.999392,True,transition-physical,Local model,climatebert_multi_20260526T094302Z_3e9dfd
llm_79690e700024,LABEL_1,0.999392,True,transition-physical,Local model,climatebert_multi_20260526T094302Z_3e9dfd
llm_fe90fc747912,LABEL_1,0.999392,True,transition-physical,Local model,climatebert_multi_20260526T094302Z_3e9dfd
llm_35e013e0797c,LABEL_1,0.999392,True,transition-physical,Local model,climatebert_multi_20260526T094302Z_3e9dfd
llm_506b1b2e631f,LABEL_1,0.999392,True,transition-physical,Local model,climatebert_multi_20260526T094302Z_3e9dfd
llm_a768e78faa89,LABEL_1,0.999392,True,transition-physical,Local model,climatebert_multi_20260526T094302Z_3e9dfd
llm_391affdab70b,LABEL_1,0.999392,True,transition-physical,Local model,climatebert_multi_20260526T094302Z_3e9dfd
llm_7e36347b538a,LABEL_1,0.999392,True,transition-physical,Local model,climatebert_multi_20260526T094302Z_3e9dfd
llm_ed62b0f79951,LABEL_1,0.999392,True,transition-physical,Local model,climatebert_multi_20260526T094302Z_3e9dfd
llm_b50b7578b1fa,LABEL_1,0.999392,True,transition-physical,Local model,climatebert_multi_20260526T094302Z_3e9dfd
llm_f4815731b7f9,LABEL_1,0.999392,True,transition-physical,Local model,climatebert_multi_20260526T094302Z_3e9dfd
llm_97fda4a97a95,LABEL_1,0.999392,True,transition-physical,Local model,climatebert_multi_20260526T094302Z_3e9dfd
llm_a12cf741ed63,LABEL_1,0.999392,True,transition-physical,Local model,climatebert_multi_20260526T094302Z_3e9dfd
llm_3a213a2d691a,LABEL_1,0.999392,True,transition-physical,Local model,climatebert_multi_20260526T094302Z_3e9dfd
llm_431ac2454ef5,LABEL_1,0.999392,True,transition-physical,Local model,climatebert_multi_20260526T094302Z_3e9dfd
llm_c7801added88,LABEL_1,0.999392,True,transition-physical,Local model,climatebert_multi_20260526T094302Z_3e9dfd
llm_ff1b792d4623,LABEL_1,0.999392,True,transition-physical,Local model,climatebert_multi_20260526T094302Z_3e9dfd
llm_4dff76eb5868,LABEL_1,0.999392,True,transition-physical,Local model,climatebert_multi_20260526T094302Z_3e9dfd
llm_31c67302ec8e,LABEL_1,0.999392,True,transition-physical,Local model,climatebert_multi_20260526T094302Z_3e9dfd
llm_1904945e4458,LABEL_1,0.999392,True,transition-physical,Local model,climatebert_multi_20260526T094302Z_3e9dfd
llm_89226ef57d72,LABEL_1,0.999392,True,transition-physical,Local model,climatebert_multi_20260526T094302Z_3e9dfd
llm_7ed5ff177d2d,LABEL_1,0.999392,True,transition-physical,Local model,climatebert_multi_20260526T094302Z_3e9dfd
llm_5d22f73073a3,LABEL_1,0.999392,True,transition-physical,Local model,climatebert_multi_20260526T094302Z_3e9dfd
llm_bae2f7b71f21,LABEL_1,0.999392,True,transition-physical,Local model,climatebert_multi_20260526T094302Z_3e9dfd
llm_42a306833403,LABEL_1,0.999392,True,transition-physical,Local model,climatebert_multi_20260526T094302Z_3e9dfd
llm_6ae7c2db6ec5,LABEL_1,0.999392,True,transition-physical,Local model,climatebert_multi_20260526T094302Z_3e9dfd
llm_ebce33e5d7ac,LABEL_1,0.999392,True,transition-physical,Local model,climatebert_multi_20260526T094302Z_3e9dfd
llm_f030ecb84479,LABEL_1,0.999392,True,transition-physical,Local model,climatebert_multi_20260526T094302Z_3e9dfd
llm_cc1b5e216ed3,LABEL_1,0.999392,True,transition-physical,Local model,climatebert_multi_20260526T094302Z_3e9dfd
llm_4b4800ada208,LABEL_1,0.999392,True,transition-physical,Local model,climatebert_multi_20260526T094302Z_3e9dfd
llm_4663da3a8730,LABEL_1,0.999392,True,transition-physical,Local model,climatebert_multi_20260526T094302Z_3e9dfd
llm_710fe26d24fd,LABEL_1,0.999392,True,transition-physical,Local model,climatebert_multi_20260526T094302Z_3e9dfd
llm_f3cc4f5ff701,LABEL_1,0.999392,True,transition-physical,Local model,climatebert_multi_20260526T094302Z_3e9dfd
llm_6be7edcb6eb0,LABEL_1,0.999392,True,transition-physical,Local model,climatebert_multi_20260526T094302Z_3e9dfd
llm_a7d01f0073a9,LABEL_1,0.999392,True,transition-physical,Local model,climatebert_multi_20260526T094302Z_3e9dfd
llm_c1797da34bb2,LABEL_1,0.999392,True,transition-physical,Local model,climatebert_multi_20260526T094302Z_3e9dfd
llm_d0d2d629d1dc,LABEL_1,0.999392,True,transition-physical,Local model,climatebert_multi_20260526T094302Z_3e9dfd
llm_ad5947decd6f,LABEL_1,0.999392,True,transition-physical,Local model,climatebert_multi_20260526T094302Z_3e9dfd
llm_5a75ccc5c086,LABEL_1,0.999392,True,transition-physical,Local model,climatebert_multi_20260526T094302Z_3e9dfd
llm_1ddd0e0621d7,LABEL_1,0.999392,True,transition-physical,Local model,climatebert_multi_20260526T094302Z_3e9dfd
llm_a304f32c728c,LABEL_1,0.999392,True,transition-physical,Local model,climatebert_multi_20260526T094302Z_3e9dfd
llm_887d912509f8,LABEL_1,0.999392,True,transition-physical,Local model,climatebert_multi_20260526T094302Z_3e9dfd
llm_4f01605a53b4,LABEL_1,0.999392,True,transition-physical,Local model,climatebert_multi_20260526T094302Z_3e9dfd
llm_62db9d649df8,LABEL_1,0.999392,True,transition-physical,Local model,climatebert_multi_20260526T094302Z_3e9dfd
llm_a1648efe4fdf,LABEL_1,0.999392,True,transition-physical,Local model,climatebert_multi_20260526T094302Z_3e9dfd
llm_ffc091f48349,LABEL_1,0.999392,True,transition-physical,Local model,climatebert_multi_20260526T094302Z_3e9dfd
llm_30f4982964ec,LABEL_1,0.999392,True,transition-physical,Local model,climatebert_multi_20260526T094302Z_3e9dfd
llm_10b102548113,LABEL_1,0.999392,True,transition-physical,Local model,climatebert_multi_20260526T094302Z_3e9dfd
llm_9e64c9410dd3,LABEL_1,0.999392,True,transition-physical,Local model,climatebert_multi_20260526T094302Z_3e9dfd
llm_dfbf46e26767,LABEL_1,0.999392,True,transition-physical,Local model,climatebert_multi_20260526T094302Z_3e9dfd
llm_638a22a77cc6,LABEL_1,0.999392,True,transition-physical,Local model,climatebert_multi_20260526T094302Z_3e9dfd
llm_394978875cca,LABEL_1,0.999392,True,transition-physical,Local model,climatebert_multi_20260526T094302Z_3e9dfd
llm_96ead78eeb29,LABEL_1,0.999392,True,transition-physical,Local model,climatebert_multi_20260526T094302Z_3e9dfd
llm_56d41f325dca,LABEL_1,0.999392,True,transition-physical,Local model,climatebert_multi_20260526T094302Z_3e9dfd
llm_3d7ada8278ca,LABEL_1,0.999392,True,transition-physical,Local model,climatebert_multi_20260526T094302Z_3e9dfd
llm_21dee2581783,LABEL_1,0.999392,True,transition-physical,Local model,climatebert_multi_20260526T094302Z_3e9dfd
llm_67a1ba00ffa8,LABEL_1,0.999392,True,transition-physical,Local model,climatebert_multi_20260526T094302Z_3e9dfd
llm_6d1e5d72853b,LABEL_1,0.999392,True,transition-physical,Local model,climatebert_multi_20260526T094302Z_3e9dfd
llm_8212c4fb3d74,LABEL_1,0.999392,True,transition-physical,Local model,climatebert_multi_20260526T094302Z_3e9dfd
llm_9edab2dba959,LABEL_1,0.999392,True,transition-physical,Local model,climatebert_multi_20260526T094302Z_3e9dfd
llm_09794fc8302f,LABEL_1,0.999392,True,transition-physical,Local model,climatebert_multi_20260526T094302Z_3e9dfd
llm_8e596d28cbf4,LABEL_1,0.999392,True,transition-physical,Local model,climatebert_multi_20260526T094302Z_3e9dfd
llm_a5a458f1956c,LABEL_1,0.999392,True,transition-physical,Local model,climatebert_multi_20260526T094302Z_3e9dfd
llm_ea9f25038b2b,LABEL_1,0.999392,True,transition-physical,Local model,climatebert_multi_20260526T094302Z_3e9dfd
llm_fa19ccca87c5,LABEL_1,0.999392,True,transition-physical,Local model,climatebert_multi_20260526T094302Z_3e9dfd
llm_0683989a0f29,LABEL_1,0.999392,True,transition-physical,Local model,climatebert_multi_20260526T094302Z_3e9dfd
llm_69d61afcf6f3,LABEL_1,0.999392,True,transition-physical,Local model,climatebert_multi_20260526T094302Z_3e9dfd
llm_f027f9642d5b,LABEL_1,0.999392,True,transition-physical,Local model,climatebert_multi_20260526T094302Z_3e9dfd
llm_36637aa1f0ea,LABEL_1,0.999392,True,transition-physical,Local model,climatebert_multi_20260526T094302Z_3e9dfd
llm_740ba5caca49,LABEL_1,0.999392,True,transition-physical,Local model,climatebert_multi_20260526T094302Z_3e9dfd
llm_e1bb70f3c2b5,LABEL_1,0.999392,True,transition-physical,Local model,climatebert_multi_20260526T094302Z_3e9dfd
llm_ae72da619b36,LABEL_1,0.999392,True,transition-physical,Local model,climatebert_multi_20260526T094302Z_3e9dfd
llm_dbeb42d0e5e8,LABEL_1,0.999392,True,transition-physical,Local model,climatebert_multi_20260526T094302Z_3e9dfd
llm_5aee8dd5015f,LABEL_1,0.999392,True,transition-physical,Local model,climatebert_multi_20260526T094302Z_3e9dfd
llm_bff101598511,LABEL_1,0.999392,True,transition-physical,Local model,climatebert_multi_20260526T094302Z_3e9dfd
llm_5a80d37f2f34,LABEL_1,0.999392,True,transition-physical,Local model,climatebert_multi_20260526T094302Z_3e9dfd
llm_4d5b368a4383,LABEL_1,0.999392,True,transition-physical,Local model,climatebert_multi_20260526T094302Z_3e9dfd
llm_4238e5e60c98,LABEL_1,0.999392,True,transition-physical,Local model,climatebert_multi_20260526T094302Z_3e9dfd
llm_dadc141b8732,LABEL_1,0.999392,True,transition-physical,Local model,climatebert_multi_20260526T094302Z_3e9dfd
llm_c64c02f14f6e,LABEL_1,0.999392,True,transition-physical,Local model,climatebert_multi_20260526T094302Z_3e9dfd
llm_8266be4286e6,LABEL_1,0.999392,True,transition-physical,Local model,climatebert_multi_20260526T094302Z_3e9dfd
llm_968d754ee044,LABEL_1,0.999392,True,transition-physical,Local model,climatebert_multi_20260526T094302Z_3e9dfd
llm_41303ee32d10,LABEL_1,0.999392,True,transition-physical,Local model,climatebert_multi_20260526T094302Z_3e9dfd
llm_8558a24e508c,LABEL_1,0.999392,True,transition-physical,Local model,climatebert_multi_20260526T094302Z_3e9dfd
llm_0d83d607e122,LABEL_1,0.999392,True,transition-physical,Local model,climatebert_multi_20260526T094302Z_3e9dfd
llm_64c5a6ee6705,LABEL_1,0.999392,True,transition-physical,Local model,climatebert_multi_20260526T094302Z_3e9dfd
llm_c6d1fe125b54,LABEL_1,0.999392,True,transition-physical,Local model,climatebert_multi_20260526T094302Z_3e9dfd
llm_f702b21d4ec4,LABEL_1,0.999392,True,transition-physical,Local model,climatebert_multi_20260526T094302Z_3e9dfd
llm_739990c52927,LABEL_1,0.999392,True,transition-physical,Local model,climatebert_multi_20260526T094302Z_3e9dfd
llm_e3b8570ff87f,LABEL_1,0.999392,True,transition-physical,Local model,climatebert_multi_20260526T094302Z_3e9dfd
llm_df8f3956d165,LABEL_1,0.999392,True,transition-physical,Local model,climatebert_multi_20260526T094302Z_3e9dfd
llm_319378f63ff9,LABEL_1,0.999392,True,transition-physical,Local model,climatebert_multi_20260526T094302Z_3e9dfd
llm_4adc94254d1a,LABEL_1,0.999392,True,transition-physical,Local model,climatebert_multi_20260526T094302Z_3e9dfd
llm_c7642209176b,LABEL_1,0.999392,True,transition-physical,Local model,climatebert_multi_20260526T094302Z_3e9dfd
llm_ed473ae579c8,LABEL_1,0.999392,True,transition-physical,Local model,climatebert_multi_20260526T094302Z_3e9dfd
llm_4e2a050823d2,LABEL_1,0.999392,True,transition-physical,Local model,climatebert_multi_20260526T094302Z_3e9dfd
llm_57fb107bba46,LABEL_1,0.999392,True,transition-physical,Local model,climatebert_multi_20260526T094302Z_3e9dfd
llm_c4839035d0fc,LABEL_1,0.999392,True,transition-physical,Local model,climatebert_multi_20260526T094302Z_3e9dfd
llm_e35ba3becbc4,LABEL_1,0.999392,True,transition-physical,Local model,climatebert_multi_20260526T094302Z_3e9dfd
llm_9ad5f86ed92f,LABEL_1,0.999392,True,transition-physical,Local model,climatebert_multi_20260526T094302Z_3e9dfd
llm_355e24cdeb93,LABEL_1,0.999392,True,transition-physical,Local model,climatebert_multi_20260526T094302Z_3e9dfd
llm_5bc67b878242,LABEL_1,0.999392,True,transition-physical,Local model,climatebert_multi_20260526T094302Z_3e9dfd
llm_8ee14e17ae47,LABEL_1,0.999392,True,transition-physical,Local model,climatebert_multi_20260526T094302Z_3e9dfd
llm_332a7da44a44,LABEL_1,0.999392,True,transition-physical,Local model,climatebert_multi_20260526T094302Z_3e9dfd
llm_649713c49af0,LABEL_1,0.999392,True,transition-physical,Local model,climatebert_multi_20260526T094302Z_3e9dfd
llm_06dc6ad6fad2,LABEL_1,0.999392,True,transition-physical,Local model,climatebert_multi_20260526T094302Z_3e9dfd
llm_d94ad2385c06,LABEL_1,0.999392,True,transition-physical,Local model,climatebert_multi_20260526T094302Z_3e9dfd
llm_a246f23b15f6,LABEL_1,0.999392,True,transition-physical,Local model,climatebert_multi_20260526T094302Z_3e9dfd
llm_d1e7ba07d0fa,LABEL_1,0.999392,True,transition-physical,Local model,climatebert_multi_20260526T094302Z_3e9dfd
llm_7338b581bde7,LABEL_1,0.999392,True,transition-physical,Local model,climatebert_multi_20260526T094302Z_3e9dfd
llm_8d96af572884,LABEL_1,0.999392,True,transition-physical,Local model,climatebert_multi_20260526T094302Z_3e9dfd
llm_bc24adfc729e,LABEL_1,0.999392,True,transition-physical,Local model,climatebert_multi_20260526T094302Z_3e9dfd
llm_9fcfd7ef6518,LABEL_1,0.999392,True,transition-physical,Local model,climatebert_multi_20260526T094302Z_3e9dfd
llm_27631b1af417,LABEL_1,0.999392,True,transition-physical,Local model,climatebert_multi_20260526T094302Z_3e9dfd
llm_12d4689ced06,LABEL_1,0.999392,True,transition-physical,Local model,climatebert_multi_20260526T094302Z_3e9dfd
llm_f11a054ec5fc,LABEL_1,0.999392,True,transition-physical,Local model,climatebert_multi_20260526T094302Z_3e9dfd
llm_c24e5ab5fc22,LABEL_1,0.999392,True,transition-physical,Local model,climatebert_multi_20260526T094302Z_3e9dfd
llm_32202172ceec,LABEL_1,0.999392,True,transition-physical,Local model,climatebert_multi_20260526T094302Z_3e9dfd
llm_833b70b52a70,LABEL_1,0.999392,True,transition-physical,Local model,climatebert_multi_20260526T094302Z_3e9dfd
llm_662861ea0d23,LABEL_1,0.999392,True,transition-physical,Local model,climatebert_multi_20260526T094302Z_3e9dfd
llm_28df4ba72716,LABEL_1,0.999392,True,transition-physical,Local model,climatebert_multi_20260526T094302Z_3e9dfd
llm_b4db2bee36e2,LABEL_1,0.999392,True,transition-physical,Local model,climatebert_multi_20260526T094302Z_3e9dfd
llm_7e822fa09f28,LABEL_1,0.999392,True,transition-physical,Local model,climatebert_multi_20260526T094302Z_3e9dfd
llm_3fafea02116c,LABEL_1,0.999392,True,transition-physical,Local model,climatebert_multi_20260526T094302Z_3e9dfd
llm_2df680de8bcb,LABEL_1,0.999392,True,transition-physical,Local model,climatebert_multi_20260526T094302Z_3e9dfd
llm_59bb05380f8f,LABEL_1,0.999392,True,transition-physical,Local model,climatebert_multi_20260526T094302Z_3e9dfd
llm_2c761434e937,LABEL_1,0.999392,True,transition-physical,Local model,climatebert_multi_20260526T094302Z_3e9dfd
llm_1a60c3d8919c,LABEL_1,0.999392,True,transition-physical,Local model,climatebert_multi_20260526T094302Z_3e9dfd
llm_076c7a25266c,LABEL_1,0.999392,True,transition-physical,Local model,climatebert_multi_20260526T094302Z_3e9dfd
llm_907e65fcb375,LABEL_1,0.999392,True,transition-physical,Local model,climatebert_multi_20260526T094302Z_3e9dfd
llm_6c2beff0975d,LABEL_1,0.999392,True,transition-physical,Local model,climatebert_multi_20260526T094302Z_3e9dfd
llm_cc8acab249c2,LABEL_1,0.999392,True,transition-physical,Local model,climatebert_multi_20260526T094302Z_3e9dfd
llm_678bae3d2698,LABEL_1,0.999392,True,transition-physical,Local model,climatebert_multi_20260526T094302Z_3e9dfd
llm_b16a87ea0df2,LABEL_1,0.999392,True,transition-physical,Local model,climatebert_multi_20260526T094302Z_3e9dfd
llm_1cded0ef501b,LABEL_1,0.999392,True,transition-physical,Local model,climatebert_multi_20260526T094302Z_3e9dfd
llm_26416c2af476,LABEL_1,0.999392,True,transition-physical,Local model,climatebert_multi_20260526T094302Z_3e9dfd
llm_982aeea5c38d,LABEL_1,0.999392,True,transition-physical,Local model,climatebert_multi_20260526T094302Z_3e9dfd
llm_aff23289cd4f,LABEL_1,0.999392,True,transition-physical,Local model,climatebert_multi_20260526T094302Z_3e9dfd
llm_d1b84cd7ac6a,LABEL_1,0.999392,True,transition-physical,Local model,climatebert_multi_20260526T094302Z_3e9dfd
llm_73bf8bb41b09,LABEL_1,0.999392,True,transition-physical,Local model,climatebert_multi_20260526T094302Z_3e9dfd
llm_f47d40c2a1f2,LABEL_1,0.999392,True,transition-physical,Local model,climatebert_multi_20260526T094302Z_3e9dfd
llm_06a55de7b9ab,LABEL_1,0.999392,True,transition-physical,Local model,climatebert_multi_20260526T094302Z_3e9dfd
llm_00fdb6348f52,LABEL_1,0.999392,True,transition-physical,Local model,climatebert_multi_20260526T094302Z_3e9dfd
llm_b377a53df056,LABEL_1,0.999392,True,transition-physical,Local model,climatebert_multi_20260526T094302Z_3e9dfd
llm_be72008b6a01,LABEL_1,0.999392,True,transition-physical,Local model,climatebert_multi_20260526T094302Z_3e9dfd
llm_e677ff924550,LABEL_1,0.999392,True,transition-physical,Local model,climatebert_multi_20260526T094302Z_3e9dfd
llm_c835d583920f,LABEL_1,0.999392,True,transition-physical,Local model,climatebert_multi_20260526T094302Z_3e9dfd
llm_335884ad9542,LABEL_1,0.999392,True,transition-physical,Local model,climatebert_multi_20260526T094302Z_3e9dfd
llm_5d5e8b2df280,LABEL_1,0.999392,True,transition-physical,Local model,climatebert_multi_20260526T094302Z_3e9dfd
llm_4030513ce9b7,LABEL_1,0.999392,True,transition-physical,Local model,climatebert_multi_20260526T094302Z_3e9dfd
llm_1d68091a7b68,LABEL_1,0.999392,True,transition-physical,Local model,climatebert_multi_20260526T094302Z_3e9dfd
llm_6c0b6c9e0a85,LABEL_1,0.999392,True,transition-physical,Local model,climatebert_multi_20260526T094302Z_3e9dfd
llm_f458b2b5d2a0,LABEL_1,0.999392,True,transition-physical,Local model,climatebert_multi_20260526T094302Z_3e9dfd
llm_94ad9894b4a0,LABEL_1,0.999392,True,transition-physical,Local model,climatebert_multi_20260526T094302Z_3e9dfd
llm_4ee2599545af,LABEL_1,0.999392,True,transition-physical,Local model,climatebert_multi_20260526T094302Z_3e9dfd
llm_99ff4aa3f044,LABEL_1,0.999392,True,transition-physical,Local model,climatebert_multi_20260526T094302Z_3e9dfd
llm_6344c4a9de31,LABEL_1,0.999392,True,transition-physical,Local model,climatebert_multi_20260526T094302Z_3e9dfd
llm_940c4b0df131,LABEL_1,0.999392,True,transition-physical,Local model,climatebert_multi_20260526T094302Z_3e9dfd
llm_c97f770a272d,LABEL_1,0.999392,True,transition-physical,Local model,climatebert_multi_20260526T094302Z_3e9dfd
llm_62ecfaec0fd5,LABEL_1,0.999392,True,transition-physical,Local model,climatebert_multi_20260526T094302Z_3e9dfd
llm_3f4370eedbb6,LABEL_1,0.999392,True,transition-physical,Local model,climatebert_multi_20260526T094302Z_3e9dfd
llm_9050d11bfe1e,LABEL_1,0.999392,True,transition-physical,Local model,climatebert_multi_20260526T094302Z_3e9dfd
llm_2ece35ab6d3c,LABEL_1,0.999392,True,transition-physical,Local model,climatebert_multi_20260526T094302Z_3e9dfd
llm_eccf59ca4d01,LABEL_1,0.999392,True,transition-physical,Local model,climatebert_multi_20260526T094302Z_3e9dfd
llm_c2647ee0a5ba,LABEL_1,0.999392,True,transition-physical,Local model,climatebert_multi_20260526T094302Z_3e9dfd
llm_70b75e22a266,LABEL_1,0.999392,True,transition-physical,Local model,climatebert_multi_20260526T094302Z_3e9dfd
llm_b041963a8786,LABEL_1,0.999392,True,transition-physical,Local model,climatebert_multi_20260526T094302Z_3e9dfd
llm_e48ecc159291,LABEL_1,0.999392,True,transition-physical,Local model,climatebert_multi_20260526T094302Z_3e9dfd
llm_c7421b22c363,LABEL_1,0.999392,True,transition-physical,Local model,climatebert_multi_20260526T094302Z_3e9dfd
llm_7a5d1422ef94,LABEL_1,0.999392,True,transition-physical,Local model,climatebert_multi_20260526T094302Z_3e9dfd
llm_cf2bd8e52929,LABEL_1,0.999392,True,transition-physical,Local model,climatebert_multi_20260526T094302Z_3e9dfd
llm_a43bc8569a04,LABEL_1,0.999392,True,transition-physical,Local model,climatebert_multi_20260526T094302Z_3e9dfd
llm_131f98e9fdf2,LABEL_1,0.999392,True,transition-physical,Local model,climatebert_multi_20260526T094302Z_3e9dfd
llm_7075f1d30181,LABEL_1,0.999392,True,transition-physical,Local model,climatebert_multi_20260526T094302Z_3e9dfd
llm_989dfd8dae27,LABEL_1,0.999392,True,transition-physical,Local model,climatebert_multi_20260526T094302Z_3e9dfd
llm_9e0b9f6e1172,LABEL_1,0.999392,True,transition-physical,Local model,climatebert_multi_20260526T094302Z_3e9dfd
llm_cac4245028ef,LABEL_1,0.999392,True,transition-physical,Local model,climatebert_multi_20260526T094302Z_3e9dfd
llm_86cd0a70b36d,LABEL_1,0.999392,True,transition-physical,Local model,climatebert_multi_20260526T094302Z_3e9dfd
llm_0aa94a971f38,LABEL_1,0.999392,True,transition-physical,Local model,climatebert_multi_20260526T094302Z_3e9dfd
llm_b3d600630ee7,LABEL_1,0.999392,True,transition-physical,Local model,climatebert_multi_20260526T094302Z_3e9dfd
llm_3ffedbdb2ab4,LABEL_1,0.999392,True,transition-physical,Local model,climatebert_multi_20260526T094302Z_3e9dfd
llm_bdb4c6f116da,LABEL_1,0.999392,True,transition-physical,Local model,climatebert_multi_20260526T094302Z_3e9dfd
llm_46b756ac1ee8,LABEL_1,0.999392,True,transition-physical,Local model,climatebert_multi_20260526T094302Z_3e9dfd
llm_c6cfd7fea9d9,LABEL_1,0.999392,True,transition-physical,Local model,climatebert_multi_20260526T094302Z_3e9dfd
llm_a264e23be4a6,LABEL_1,0.999392,True,transition-physical,Local model,climatebert_multi_20260526T094302Z_3e9dfd
llm_70c0f3899693,LABEL_1,0.999392,True,transition-physical,Local model,climatebert_multi_20260526T094302Z_3e9dfd
llm_877e08b8b0eb,LABEL_1,0.999392,True,transition-physical,Local model,climatebert_multi_20260526T094302Z_3e9dfd
llm_53e60edf6a9e,LABEL_1,0.999392,True,transition-physical,Local model,climatebert_multi_20260526T094302Z_3e9dfd
llm_d507f7625e20,LABEL_1,0.999392,True,transition-physical,Local model,climatebert_multi_20260526T094302Z_3e9dfd
llm_70a94c584344,LABEL_1,0.999392,True,transition-physical,Local model,climatebert_multi_20260526T094302Z_3e9dfd
llm_88e552bc5d52,LABEL_1,0.999392,True,transition-physical,Local model,climatebert_multi_20260526T094302Z_3e9dfd
llm_734b2e514835,LABEL_1,0.999392,True,transition-physical,Local model,climatebert_multi_20260526T094302Z_3e9dfd
llm_d53b21db6a39,LABEL_1,0.999392,True,transition-physical,Local model,climatebert_multi_20260526T094302Z_3e9dfd
llm_898a4f910f67,LABEL_1,0.999392,True,transition-physical,Local model,climatebert_multi_20260526T094302Z_3e9dfd
llm_be7ce8035e8d,LABEL_1,0.999392,True,transition-physical,Local model,climatebert_multi_20260526T094302Z_3e9dfd
llm_ea5696877b03,LABEL_1,0.999392,True,transition-physical,Local model,climatebert_multi_20260526T094302Z_3e9dfd
llm_5131e0e67266,LABEL_1,0.999392,True,transition-physical,Local model,climatebert_multi_20260526T094302Z_3e9dfd
llm_16db27ad1f09,LABEL_1,0.999392,True,transition-physical,Local model,climatebert_multi_20260526T094302Z_3e9dfd
llm_176568f854de,LABEL_1,0.999392,True,transition-physical,Local model,climatebert_multi_20260526T094302Z_3e9dfd
llm_07e39907a1cb,LABEL_1,0.999392,True,transition-physical,Local model,climatebert_multi_20260526T094302Z_3e9dfd
llm_7ccfcf4093e6,LABEL_1,0.999392,True,transition-physical,Local model,climatebert_multi_20260526T094302Z_3e9dfd
llm_56803f2ae7d2,LABEL_1,0.999392,True,transition-physical,Local model,climatebert_multi_20260526T094302Z_3e9dfd
llm_e9f067b58f1e,LABEL_1,0.999392,True,transition-physical,Local model,climatebert_multi_20260526T094302Z_3e9dfd
llm_e77c8fda3f72,LABEL_1,0.999392,True,transition-physical,Local model,climatebert_multi_20260526T094302Z_3e9dfd
llm_7a0d638d7745,LABEL_1,0.999392,True,transition-physical,Local model,climatebert_multi_20260526T094302Z_3e9dfd
llm_234b9c509934,LABEL_1,0.999392,True,transition-physical,Local model,climatebert_multi_20260526T094302Z_3e9dfd
llm_2c7c962f3593,LABEL_1,0.999392,True,transition-physical,Local model,climatebert_multi_20260526T094302Z_3e9dfd
llm_bce0c02d0323,LABEL_1,0.999392,True,transition-physical,Local model,climatebert_multi_20260526T094302Z_3e9dfd
llm_eb5fb0a542ac,LABEL_1,0.999392,True,transition-physical,Local model,climatebert_multi_20260526T094302Z_3e9dfd
llm_a50643d3b174,LABEL_1,0.999392,True,transition-physical,Local model,climatebert_multi_20260526T094302Z_3e9dfd
llm_ad70acf1d285,LABEL_1,0.999392,True,transition-physical,Local model,climatebert_multi_20260526T094302Z_3e9dfd
llm_73f70fb9fc56,LABEL_1,0.999392,True,transition-physical,Local model,climatebert_multi_20260526T094302Z_3e9dfd
llm_6d4e9638d7bf,LABEL_1,0.999392,True,transition-physical,Local model,climatebert_multi_20260526T094302Z_3e9dfd
llm_22311f041f48,LABEL_1,0.999392,True,transition-physical,Local model,climatebert_multi_20260526T094302Z_3e9dfd
llm_d26ac4361bdb,LABEL_1,0.999392,True,transition-physical,Local model,climatebert_multi_20260526T094302Z_3e9dfd
llm_0128659cab99,LABEL_1,0.999392,True,transition-physical,Local model,climatebert_multi_20260526T094302Z_3e9dfd
llm_08c7b2537bf7,LABEL_1,0.999392,True,transition-physical,Local model,climatebert_multi_20260526T094302Z_3e9dfd
llm_39587df38704,LABEL_1,0.999392,True,transition-physical,Local model,climatebert_multi_20260526T094302Z_3e9dfd
llm_47ddcfb2909e,LABEL_1,0.999392,True,transition-physical,Local model,climatebert_multi_20260526T094302Z_3e9dfd
llm_eac1c14c0e3f,LABEL_1,0.999392,True,transition-physical,Local model,climatebert_multi_20260526T094302Z_3e9dfd
llm_9747901375a9,LABEL_1,0.999392,True,transition-physical,Local model,climatebert_multi_20260526T094302Z_3e9dfd
llm_e4284f3f07a4,LABEL_1,0.999392,True,transition-physical,Local model,climatebert_multi_20260526T094302Z_3e9dfd
llm_1e3846f59ac6,LABEL_1,0.999392,True,transition-physical,Local model,climatebert_multi_20260526T094302Z_3e9dfd
llm_5316f29153c4,LABEL_1,0.999392,True,transition-physical,Local model,climatebert_multi_20260526T094302Z_3e9dfd
llm_e6a8c816a6e3,LABEL_1,0.999392,True,transition-physical,Local model,climatebert_multi_20260526T094302Z_3e9dfd
llm_acf5b6e6282e,LABEL_1,0.999392,True,transition-physical,Local model,climatebert_multi_20260526T094302Z_3e9dfd
llm_8bde6a7f40bb,LABEL_1,0.999392,True,transition-physical,Local model,climatebert_multi_20260526T094302Z_3e9dfd
llm_a3aecef5cb5f,LABEL_1,0.999392,True,transition-physical,Local model,climatebert_multi_20260526T094302Z_3e9dfd
llm_b182ab9cb9e9,LABEL_1,0.999392,True,transition-physical,Local model,climatebert_multi_20260526T094302Z_3e9dfd
llm_b27feb7346e5,LABEL_1,0.999392,True,transition-physical,Local model,climatebert_multi_20260526T094302Z_3e9dfd
llm_12630ef0a46a,LABEL_1,0.999392,True,transition-physical,Local model,climatebert_multi_20260526T094302Z_3e9dfd
llm_afa7a03801a7,LABEL_1,0.999392,True,transition-physical,Local model,climatebert_multi_20260526T094302Z_3e9dfd
llm_50bbee6f35d6,LABEL_1,0.999392,True,transition-physical,Local model,climatebert_multi_20260526T094302Z_3e9dfd
llm_3aeb069ddc2a,LABEL_1,0.999392,True,transition-physical,Local model,climatebert_multi_20260526T094302Z_3e9dfd
llm_9886f8519f9e,LABEL_1,0.999392,True,transition-physical,Local model,climatebert_multi_20260526T094302Z_3e9dfd
llm_9f77d4786aaa,LABEL_1,0.999392,True,transition-physical,Local model,climatebert_multi_20260526T094302Z_3e9dfd
llm_ba642e5ca674,LABEL_1,0.999392,True,transition-physical,Local model,climatebert_multi_20260526T094302Z_3e9dfd
llm_f34f809b2fdc,LABEL_1,0.999392,True,transition-physical,Local model,climatebert_multi_20260526T094302Z_3e9dfd
llm_92f42071e8b4,LABEL_1,0.999392,True,transition-physical,Local model,climatebert_multi_20260526T094302Z_3e9dfd
llm_e5221a87203c,LABEL_1,0.999392,True,transition-physical,Local model,climatebert_multi_20260526T094302Z_3e9dfd
llm_84a8b6ead459,LABEL_1,0.999392,True,transition-physical,Local model,climatebert_multi_20260526T094302Z_3e9dfd
llm_9aacbee07bff,LABEL_1,0.999392,True,transition-physical,Local model,climatebert_multi_20260526T094302Z_3e9dfd
llm_4637e31c840a,LABEL_1,0.999392,True,transition-physical,Local model,climatebert_multi_20260526T094302Z_3e9dfd
llm_00d709e75d7b,LABEL_1,0.999392,True,transition-physical,Local model,climatebert_multi_20260526T094302Z_3e9dfd
llm_6e2d2cf9144a,LABEL_1,0.999392,True,transition-physical,Local model,climatebert_multi_20260526T094302Z_3e9dfd
llm_764a6090b670,LABEL_1,0.999392,True,transition-physical,Local model,climatebert_multi_20260526T094302Z_3e9dfd
llm_4faa0d15d610,LABEL_1,0.999392,True,transition-physical,Local model,climatebert_multi_20260526T094302Z_3e9dfd
llm_7edc0fe5921e,LABEL_1,0.999392,True,transition-physical,Local model,climatebert_multi_20260526T094302Z_3e9dfd
llm_fe5d2810a511,LABEL_1,0.999392,True,transition-physical,Local model,climatebert_multi_20260526T094302Z_3e9dfd
llm_5c0a1c12c74e,LABEL_1,0.999392,True,transition-physical,Local model,climatebert_multi_20260526T094302Z_3e9dfd
llm_d37775ef7c6c,LABEL_1,0.999392,True,transition-physical,Local model,climatebert_multi_20260526T094302Z_3e9dfd
llm_eedeefa501f0,LABEL_1,0.999392,True,transition-physical,Local model,climatebert_multi_20260526T094302Z_3e9dfd
llm_a69fb13a34d3,LABEL_1,0.999392,True,transition-physical,Local model,climatebert_multi_20260526T094302Z_3e9dfd
llm_06b2be070dd7,LABEL_1,0.999392,True,transition-physical,Local model,climatebert_multi_20260526T094302Z_3e9dfd
llm_11e251cf176e,LABEL_1,0.999392,True,transition-physical,Local model,climatebert_multi_20260526T094302Z_3e9dfd
llm_a14323d03303,LABEL_1,0.999392,True,transition-physical,Local model,climatebert_multi_20260526T094302Z_3e9dfd
llm_bef299b8ed5d,LABEL_1,0.999392,True,transition-physical,Local model,climatebert_multi_20260526T094302Z_3e9dfd
llm_e426b0b9d626,LABEL_1,0.999392,True,transition-physical,Local model,climatebert_multi_20260526T094302Z_3e9dfd
llm_2d4f680620da,LABEL_1,0.999392,True,transition-physical,Local model,climatebert_multi_20260526T094302Z_3e9dfd
llm_f9b1b8c4a5fe,LABEL_1,0.999392,True,transition-physical,Local model,climatebert_multi_20260526T094302Z_3e9dfd
llm_c3e3a6261373,LABEL_1,0.999392,True,transition-physical,Local model,climatebert_multi_20260526T094302Z_3e9dfd
llm_6af7d7ddebdd,LABEL_1,0.999392,True,transition-physical,Local model,climatebert_multi_20260526T094302Z_3e9dfd
llm_c83c100581e3,LABEL_1,0.999392,True,transition-physical,Local model,climatebert_multi_20260526T094302Z_3e9dfd
llm_6284bf45d8a2,LABEL_1,0.999392,True,transition-physical,Local model,climatebert_multi_20260526T094302Z_3e9dfd
llm_e525e89ae4c1,LABEL_1,0.999392,True,transition-physical,Local model,climatebert_multi_20260526T094302Z_3e9dfd
llm_6e017c65bbf2,LABEL_1,0.999392,True,transition-physical,Local model,climatebert_multi_20260526T094302Z_3e9dfd
llm_e8b64d5e587a,LABEL_1,0.999392,True,transition-physical,Local model,climatebert_multi_20260526T094302Z_3e9dfd
llm_594f2be32b56,LABEL_1,0.999392,True,transition-physical,Local model,climatebert_multi_20260526T094302Z_3e9dfd
llm_3a7b2e1d488f,LABEL_1,0.999392,True,transition-physical,Local model,climatebert_multi_20260526T094302Z_3e9dfd
llm_3028d358493d,LABEL_1,0.999392,True,transition-physical,Local model,climatebert_multi_20260526T094302Z_3e9dfd
llm_3f495e31a5f6,LABEL_1,0.999392,True,transition-physical,Local model,climatebert_multi_20260526T094302Z_3e9dfd
llm_00bea83acd7f,LABEL_1,0.999392,True,transition-physical,Local model,climatebert_multi_20260526T094302Z_3e9dfd
llm_51dbdee77544,LABEL_1,0.999392,True,transition-physical,Local model,climatebert_multi_20260526T094302Z_3e9dfd
llm_7ddaf2d6bc4c,LABEL_1,0.999392,True,transition-physical,Local model,climatebert_multi_20260526T094302Z_3e9dfd
llm_a0ffc9a24389,LABEL_1,0.999392,True,transition-physical,Local model,climatebert_multi_20260526T094302Z_3e9dfd
llm_56a65169b44e,LABEL_1,0.999392,True,transition-physical,Local model,climatebert_multi_20260526T094302Z_3e9dfd
llm_67cde6499d96,LABEL_1,0.999392,True,transition-physical,Local model,climatebert_multi_20260526T094302Z_3e9dfd
llm_fe8beaa0e8d2,LABEL_1,0.999392,True,transition-physical,Local model,climatebert_multi_20260526T094302Z_3e9dfd
llm_b3d4c841f0b2,LABEL_1,0.999392,True,transition-physical,Local model,climatebert_multi_20260526T094302Z_3e9dfd
llm_8a4d67a3b2dc,LABEL_1,0.999392,True,transition-physical,Local model,climatebert_multi_20260526T094302Z_3e9dfd
llm_d129ef51425f,LABEL_1,0.999392,True,transition-physical,Local model,climatebert_multi_20260526T094302Z_3e9dfd
llm_d129128f5d82,LABEL_1,0.999392,True,transition-physical,Local model,climatebert_multi_20260526T094302Z_3e9dfd
llm_8e370e02bfd6,LABEL_1,0.999392,True,transition-physical,Local model,climatebert_multi_20260526T094302Z_3e9dfd
llm_038c34ab5d9b,LABEL_1,0.999392,True,transition-physical,Local model,climatebert_multi_20260526T094302Z_3e9dfd
llm_34b0f20ec6dd,LABEL_1,0.999392,True,transition-physical,Local model,climatebert_multi_20260526T094302Z_3e9dfd
llm_796141ad48c0,LABEL_1,0.999392,True,transition-physical,Local model,climatebert_multi_20260526T094302Z_3e9dfd
llm_949a666b0af6,LABEL_1,0.999392,True,transition-physical,Local model,climatebert_multi_20260526T094302Z_3e9dfd
llm_1221984b9e05,LABEL_1,0.999392,True,transition-physical,Local model,climatebert_multi_20260526T094302Z_3e9dfd
llm_f5fd191f58e4,LABEL_1,0.999392,True,transition-physical,Local model,climatebert_multi_20260526T094302Z_3e9dfd
llm_3f47214e7a8a,LABEL_1,0.999392,True,transition-physical,Local model,climatebert_multi_20260526T094302Z_3e9dfd
llm_549378788810,LABEL_1,0.999392,True,transition-physical,Local model,climatebert_multi_20260526T094302Z_3e9dfd
llm_03f57fc95cb8,LABEL_1,0.999392,True,transition-physical,Local model,climatebert_multi_20260526T094302Z_3e9dfd
llm_85bb04abe44c,LABEL_1,0.999392,True,transition-physical,Local model,climatebert_multi_20260526T094302Z_3e9dfd
llm_46da76b94fb7,LABEL_1,0.999392,True,transition-physical,Local model,climatebert_multi_20260526T094302Z_3e9dfd
llm_0e0c1c46ee09,LABEL_1,0.999392,True,transition-physical,Local model,climatebert_multi_20260526T094302Z_3e9dfd
llm_8cb7f0de82bd,LABEL_1,0.999392,True,transition-physical,Local model,climatebert_multi_20260526T094302Z_3e9dfd
llm_875b77175bc2,LABEL_1,0.999392,True,transition-physical,Local model,climatebert_multi_20260526T094302Z_3e9dfd
llm_31f35c06458f,LABEL_1,0.999392,True,transition-physical,Local model,climatebert_multi_20260526T094302Z_3e9dfd
llm_79dc5dcb9b4c,LABEL_1,0.999392,True,transition-physical,Local model,climatebert_multi_20260526T094302Z_3e9dfd
llm_930d6356a20b,LABEL_1,0.999392,True,transition-physical,Local model,climatebert_multi_20260526T094302Z_3e9dfd
llm_5860092c356b,LABEL_1,0.999392,True,transition-physical,Local model,climatebert_multi_20260526T094302Z_3e9dfd
llm_e4c684542020,LABEL_1,0.999392,True,transition-physical,Local model,climatebert_multi_20260526T094302Z_3e9dfd
llm_3249bc2998e4,LABEL_1,0.999392,True,transition-physical,Local model,climatebert_multi_20260526T094302Z_3e9dfd
llm_ff48c6504dc1,LABEL_1,0.999392,True,transition-physical,Local model,climatebert_multi_20260526T094302Z_3e9dfd
llm_493f87bcca4d,LABEL_1,0.999392,True,transition-physical,Local model,climatebert_multi_20260526T094302Z_3e9dfd
llm_031370f1bbdc,LABEL_1,0.999392,True,transition-physical,Local model,climatebert_multi_20260526T094302Z_3e9dfd
llm_38e6e995c3a2,LABEL_1,0.999392,True,transition-physical,Local model,climatebert_multi_20260526T094302Z_3e9dfd
llm_362b149e8bcd,LABEL_1,0.999392,True,transition-physical,Local model,climatebert_multi_20260526T094302Z_3e9dfd
llm_899b3bebf33c,LABEL_1,0.999392,True,transition-physical,Local model,climatebert_multi_20260526T094302Z_3e9dfd
llm_c35f03f2bba3,LABEL_1,0.999392,True,transition-physical,Local model,climatebert_multi_20260526T094302Z_3e9dfd
llm_8e0515902c02,LABEL_1,0.999392,True,transition-physical,Local model,climatebert_multi_20260526T094302Z_3e9dfd
llm_c76df9a07852,LABEL_1,0.999392,True,transition-physical,Local model,climatebert_multi_20260526T094302Z_3e9dfd
llm_b50cc4c42c58,LABEL_1,0.999392,True,transition-physical,Local model,climatebert_multi_20260526T094302Z_3e9dfd
llm_409b702529c7,LABEL_1,0.999392,True,transition-physical,Local model,climatebert_multi_20260526T094302Z_3e9dfd
llm_898327a9ba0b,LABEL_1,0.999392,True,transition-physical,Local model,climatebert_multi_20260526T094302Z_3e9dfd
llm_3a0f02795ecb,LABEL_1,0.999392,True,transition-physical,Local model,climatebert_multi_20260526T094302Z_3e9dfd
llm_a4085dfcdf9b,LABEL_1,0.999392,True,transition-physical,Local model,climatebert_multi_20260526T094302Z_3e9dfd
llm_6c1923ccefa8,LABEL_1,0.999392,True,transition-physical,Local model,climatebert_multi_20260526T094302Z_3e9dfd
llm_f3b23043018d,LABEL_1,0.999392,True,transition-physical,Local model,climatebert_multi_20260526T094302Z_3e9dfd
llm_95e36780283d,LABEL_1,0.999392,True,transition-physical,Local model,climatebert_multi_20260526T094302Z_3e9dfd
llm_47e21ac415b3,LABEL_1,0.999392,True,transition-physical,Local model,climatebert_multi_20260526T094302Z_3e9dfd
llm_e8cddc14c234,LABEL_1,0.999392,True,transition-physical,Local model,climatebert_multi_20260526T094302Z_3e9dfd
llm_ee3eb3041869,LABEL_1,0.999392,True,transition-physical,Local model,climatebert_multi_20260526T094302Z_3e9dfd
llm_9b3aa11784d2,LABEL_1,0.999392,True,transition-physical,Local model,climatebert_multi_20260526T094302Z_3e9dfd
llm_edb8b5ea46ee,LABEL_1,0.999392,True,transition-physical,Local model,climatebert_multi_20260526T094302Z_3e9dfd
llm_f084dcc54977,LABEL_1,0.999392,True,transition-physical,Local model,climatebert_multi_20260526T094302Z_3e9dfd
llm_57c54476f979,LABEL_1,0.999392,True,transition-physical,Local model,climatebert_multi_20260526T094302Z_3e9dfd
llm_eda80de59b4b,LABEL_1,0.999392,True,transition-physical,Local model,climatebert_multi_20260526T094302Z_3e9dfd
llm_8755bd3b8490,LABEL_1,0.999392,True,transition-physical,Local model,climatebert_multi_20260526T094302Z_3e9dfd
llm_74388dfd06a1,LABEL_1,0.999392,True,transition-physical,Local model,climatebert_multi_20260526T094302Z_3e9dfd
llm_cbc972cd22bb,LABEL_1,0.999392,True,transition-physical,Local model,climatebert_multi_20260526T094302Z_3e9dfd
llm_8cc1b8ec2023,LABEL_1,0.999392,True,transition-physical,Local model,climatebert_multi_20260526T094302Z_3e9dfd
llm_ddc524d9e0c8,LABEL_1,0.999392,True,transition-physical,Local model,climatebert_multi_20260526T094302Z_3e9dfd
llm_4ac22079ccac,LABEL_1,0.999392,True,transition-physical,Local model,climatebert_multi_20260526T094302Z_3e9dfd
llm_3153bc4c5fbf,LABEL_1,0.999392,True,transition-physical,Local model,climatebert_multi_20260526T094302Z_3e9dfd
llm_81f9a9c3a5dc,LABEL_1,0.999392,True,transition-physical,Local model,climatebert_multi_20260526T094302Z_3e9dfd
llm_05168aeb259a,LABEL_1,0.999392,True,transition-physical,Local model,climatebert_multi_20260526T094302Z_3e9dfd
llm_46866db62b3c,LABEL_1,0.999392,True,transition-physical,Local model,climatebert_multi_20260526T094302Z_3e9dfd
llm_4919103957e5,LABEL_1,0.999392,True,transition-physical,Local model,climatebert_multi_20260526T094302Z_3e9dfd
llm_22092da3e774,LABEL_1,0.999392,True,transition-physical,Local model,climatebert_multi_20260526T094302Z_3e9dfd
llm_a00905367c4e,LABEL_1,0.999392,True,transition-physical,Local model,climatebert_multi_20260526T094302Z_3e9dfd
llm_d39b6be1ce63,LABEL_1,0.999392,True,transition-physical,Local model,climatebert_multi_20260526T094302Z_3e9dfd
llm_f4ecd9e77744,LABEL_1,0.999392,True,transition-physical,Local model,climatebert_multi_20260526T094302Z_3e9dfd
llm_9470d03376c4,LABEL_1,0.999392,True,transition-physical,Local model,climatebert_multi_20260526T094302Z_3e9dfd
llm_01e7fc29ee50,LABEL_1,0.999392,True,transition-physical,Local model,climatebert_multi_20260526T094302Z_3e9dfd
llm_7b7c44cfa6f7,LABEL_1,0.999392,True,transition-physical,Local model,climatebert_multi_20260526T094302Z_3e9dfd
llm_8cf12813b9b6,LABEL_1,0.999392,True,transition-physical,Local model,climatebert_multi_20260526T094302Z_3e9dfd
llm_2b56ffe622a7,LABEL_1,0.999392,True,transition-physical,Local model,climatebert_multi_20260526T094302Z_3e9dfd
llm_03c1e34c7ac5,LABEL_1,0.999392,True,transition-physical,Local model,climatebert_multi_20260526T094302Z_3e9dfd
llm_b7f8ae83555d,LABEL_1,0.999392,True,transition-physical,Local model,climatebert_multi_20260526T094302Z_3e9dfd
llm_6a5be2f65352,LABEL_1,0.999392,True,transition-physical,Local model,climatebert_multi_20260526T094302Z_3e9dfd
llm_c70a62f72eeb,LABEL_1,0.999392,True,transition-physical,Local model,climatebert_multi_20260526T094302Z_3e9dfd
llm_b922d1fa2fa1,LABEL_1,0.999392,True,transition-physical,Local model,climatebert_multi_20260526T094302Z_3e9dfd
llm_65aaccec9fc1,LABEL_1,0.999392,True,transition-physical,Local model,climatebert_multi_20260526T094302Z_3e9dfd
llm_b9e7d7faa94f,LABEL_1,0.999392,True,transition-physical,Local model,climatebert_multi_20260526T094302Z_3e9dfd
llm_47cde9b966b2,LABEL_1,0.999392,True,transition-physical,Local model,climatebert_multi_20260526T094302Z_3e9dfd
llm_a32cb3576183,LABEL_1,0.999392,True,transition-physical,Local model,climatebert_multi_20260526T094302Z_3e9dfd
llm_6ea5a05837f2,LABEL_1,0.999392,True,transition-physical,Local model,climatebert_multi_20260526T094302Z_3e9dfd
llm_3412bd129383,LABEL_1,0.999392,True,transition-physical,Local model,climatebert_multi_20260526T094302Z_3e9dfd
llm_ecc27f91d09f,LABEL_1,0.999392,True,transition-physical,Local model,climatebert_multi_20260526T094302Z_3e9dfd
llm_1079d02b6682,LABEL_1,0.999392,True,transition-physical,Local model,climatebert_multi_20260526T094302Z_3e9dfd
llm_b7d00dfd5ccf,LABEL_1,0.999392,True,transition-physical,Local model,climatebert_multi_20260526T094302Z_3e9dfd
llm_0480230be3e4,LABEL_1,0.999392,True,transition-physical,Local model,climatebert_multi_20260526T094302Z_3e9dfd
llm_6049140a34d1,LABEL_1,0.999392,True,transition-physical,Local model,climatebert_multi_20260526T094302Z_3e9dfd
llm_6b72457c03bf,LABEL_1,0.999392,True,transition-physical,Local model,climatebert_multi_20260526T094302Z_3e9dfd
llm_3ebe02ea6362,LABEL_1,0.999392,True,transition-physical,Local model,climatebert_multi_20260526T094302Z_3e9dfd
llm_46b65130ca66,LABEL_1,0.999392,True,transition-physical,Local model,climatebert_multi_20260526T094302Z_3e9dfd
llm_d02368390015,LABEL_1,0.999392,True,transition-physical,Local model,climatebert_multi_20260526T094302Z_3e9dfd
llm_cbf7e10c5188,LABEL_1,0.999392,True,transition-physical,Local model,climatebert_multi_20260526T094302Z_3e9dfd
llm_0c14e08bd906,LABEL_1,0.999392,True,transition-physical,Local model,climatebert_multi_20260526T094302Z_3e9dfd
llm_2132a697d496,LABEL_1,0.999392,True,transition-physical,Local model,climatebert_multi_20260526T094302Z_3e9dfd
llm_5cbda7858cad,LABEL_1,0.999392,True,transition-physical,Local model,climatebert_multi_20260526T094302Z_3e9dfd
llm_dee2b40394d6,LABEL_1,0.999392,True,transition-physical,Local model,climatebert_multi_20260526T094302Z_3e9dfd
llm_a83573903188,LABEL_1,0.999392,True,transition-physical,Local model,climatebert_multi_20260526T094302Z_3e9dfd
llm_715779111186,LABEL_1,0.999392,True,transition-physical,Local model,climatebert_multi_20260526T094302Z_3e9dfd
llm_72432b6425ce,LABEL_1,0.999392,True,transition-physical,Local model,climatebert_multi_20260526T094302Z_3e9dfd
llm_2e670efa8231,LABEL_1,0.999392,True,transition-physical,Local model,climatebert_multi_20260526T094302Z_3e9dfd
llm_8d3400f47cf8,LABEL_1,0.999392,True,transition-physical,Local model,climatebert_multi_20260526T094302Z_3e9dfd
llm_2dbb81b46f44,LABEL_1,0.999392,True,transition-physical,Local model,climatebert_multi_20260526T094302Z_3e9dfd
llm_3fef6746420d,LABEL_1,0.999392,True,transition-physical,Local model,climatebert_multi_20260526T094302Z_3e9dfd
llm_6f77d6c9a458,LABEL_1,0.999392,True,transition-physical,Local model,climatebert_multi_20260526T094302Z_3e9dfd
llm_a7168ce39669,LABEL_1,0.999392,True,transition-physical,Local model,climatebert_multi_20260526T094302Z_3e9dfd
llm_cff4de90c2cc,LABEL_1,0.999392,True,transition-physical,Local model,climatebert_multi_20260526T094302Z_3e9dfd
llm_38c825c0ddfe,LABEL_1,0.999392,True,transition-physical,Local model,climatebert_multi_20260526T094302Z_3e9dfd
llm_9294c2777cef,LABEL_1,0.999392,True,transition-physical,Local model,climatebert_multi_20260526T094302Z_3e9dfd
llm_5a1ca600588d,LABEL_1,0.999392,True,transition-physical,Local model,climatebert_multi_20260526T094302Z_3e9dfd
llm_24cc9a4a58cc,LABEL_1,0.999392,True,transition-physical,Local model,climatebert_multi_20260526T094302Z_3e9dfd
llm_62b6141274ee,LABEL_1,0.999392,True,transition-physical,Local model,climatebert_multi_20260526T094302Z_3e9dfd
llm_b555c493bad5,LABEL_1,0.999392,True,transition-physical,Local model,climatebert_multi_20260526T094302Z_3e9dfd
llm_4b9af3ae1d8c,LABEL_1,0.999392,True,transition-physical,Local model,climatebert_multi_20260526T094302Z_3e9dfd
llm_315e561984d4,LABEL_1,0.999392,True,transition-physical,Local model,climatebert_multi_20260526T094302Z_3e9dfd
llm_502b9bd5bc1f,LABEL_1,0.999392,True,transition-physical,Local model,climatebert_multi_20260526T094302Z_3e9dfd
llm_65d09bfe4e6a,LABEL_1,0.999392,True,transition-physical,Local model,climatebert_multi_20260526T094302Z_3e9dfd
llm_bea7d9c659eb,LABEL_1,0.999392,True,transition-physical,Local model,climatebert_multi_20260526T094302Z_3e9dfd
llm_84e48d882dc9,LABEL_1,0.999392,True,transition-physical,Local model,climatebert_multi_20260526T094302Z_3e9dfd
llm_a816dfdab0ca,LABEL_1,0.999392,True,transition-physical,Local model,climatebert_multi_20260526T094302Z_3e9dfd
llm_fde2d4916e0f,LABEL_1,0.999392,True,transition-physical,Local model,climatebert_multi_20260526T094302Z_3e9dfd
llm_d37556769868,LABEL_1,0.999392,True,transition-physical,Local model,climatebert_multi_20260526T094302Z_3e9dfd
llm_128035d1b60d,LABEL_1,0.999392,True,transition-physical,Local model,climatebert_multi_20260526T094302Z_3e9dfd
llm_b6081808dce6,LABEL_1,0.999392,True,transition-physical,Local model,climatebert_multi_20260526T094302Z_3e9dfd
llm_39549d22a8d3,LABEL_1,0.999392,True,transition-physical,Local model,climatebert_multi_20260526T094302Z_3e9dfd
llm_efe0ea31e7d3,LABEL_1,0.999392,True,transition-physical,Local model,climatebert_multi_20260526T094302Z_3e9dfd
llm_ee7a4ef9d560,LABEL_1,0.999392,True,transition-physical,Local model,climatebert_multi_20260526T094302Z_3e9dfd
llm_56cf575c1cf9,LABEL_1,0.999392,True,transition-physical,Local model,climatebert_multi_20260526T094302Z_3e9dfd
llm_385ef2ada002,LABEL_1,0.999392,True,transition-physical,Local model,climatebert_multi_20260526T094302Z_3e9dfd
llm_d65ec5e2811a,LABEL_1,0.999392,True,transition-physical,Local model,climatebert_multi_20260526T094302Z_3e9dfd
llm_9de81a673f8a,LABEL_1,0.999392,True,transition-physical,Local model,climatebert_multi_20260526T094302Z_3e9dfd
llm_28eca41a3bfc,LABEL_1,0.999392,True,transition-physical,Local model,climatebert_multi_20260526T094302Z_3e9dfd
llm_c947715db5d4,LABEL_1,0.999392,True,transition-physical,Local model,climatebert_multi_20260526T094302Z_3e9dfd
llm_b3f4fa97cf3c,LABEL_1,0.999392,True,transition-physical,Local model,climatebert_multi_20260526T094302Z_3e9dfd
llm_bf363aac980c,LABEL_1,0.999392,True,transition-physical,Local model,climatebert_multi_20260526T094302Z_3e9dfd
llm_5b3d060e47ef,LABEL_1,0.999392,True,transition-physical,Local model,climatebert_multi_20260526T094302Z_3e9dfd
llm_d7b8d6facdf5,LABEL_1,0.999392,True,transition-physical,Local model,climatebert_multi_20260526T094302Z_3e9dfd
llm_938fc19b0b15,LABEL_1,0.999392,True,transition-physical,Local model,climatebert_multi_20260526T094302Z_3e9dfd
llm_10303eb643e1,LABEL_1,0.999392,True,transition-physical,Local model,climatebert_multi_20260526T094302Z_3e9dfd
llm_090178e744ea,LABEL_1,0.999392,True,transition-physical,Local model,climatebert_multi_20260526T094302Z_3e9dfd
llm_849ffec0cb33,LABEL_1,0.999392,True,transition-physical,Local model,climatebert_multi_20260526T094302Z_3e9dfd
llm_88c18c0a2d46,LABEL_1,0.999392,True,transition-physical,Local model,climatebert_multi_20260526T094302Z_3e9dfd
llm_d74e5ef67e83,LABEL_1,0.999392,True,transition-physical,Local model,climatebert_multi_20260526T094302Z_3e9dfd
llm_fea4935bb5b1,LABEL_1,0.999392,True,transition-physical,Local model,climatebert_multi_20260526T094302Z_3e9dfd
llm_ae0f878d8213,LABEL_1,0.999392,True,transition-physical,Local model,climatebert_multi_20260526T094302Z_3e9dfd
llm_4ea400969381,LABEL_1,0.999392,True,transition-physical,Local model,climatebert_multi_20260526T094302Z_3e9dfd
llm_b4092f9f8bf0,LABEL_1,0.999392,True,transition-physical,Local model,climatebert_multi_20260526T094302Z_3e9dfd
llm_4569103429ab,LABEL_1,0.999392,True,transition-physical,Local model,climatebert_multi_20260526T094302Z_3e9dfd
llm_36569b45bf84,LABEL_1,0.999392,True,transition-physical,Local model,climatebert_multi_20260526T094302Z_3e9dfd
llm_8a72138c5eef,LABEL_1,0.999392,True,transition-physical,Local model,climatebert_multi_20260526T094302Z_3e9dfd
llm_25a2a239da2a,LABEL_1,0.999392,True,transition-physical,Local model,climatebert_multi_20260526T094302Z_3e9dfd
llm_96939e519b2d,LABEL_1,0.999392,True,transition-physical,Local model,climatebert_multi_20260526T094302Z_3e9dfd
llm_149b1dab8960,LABEL_1,0.999392,True,transition-physical,Local model,climatebert_multi_20260526T094302Z_3e9dfd
llm_4c77c97af2b3,LABEL_1,0.999392,True,transition-physical,Local model,climatebert_multi_20260526T094302Z_3e9dfd
llm_234b4c88579b,LABEL_1,0.999392,True,transition-physical,Local model,climatebert_multi_20260526T094302Z_3e9dfd
llm_a647cbac3859,LABEL_1,0.999392,True,transition-physical,Local model,climatebert_multi_20260526T094302Z_3e9dfd
llm_a5cd3811c35a,LABEL_1,0.999392,True,transition-physical,Local model,climatebert_multi_20260526T094302Z_3e9dfd
llm_09ffb3eeafff,LABEL_1,0.999392,True,transition-physical,Local model,climatebert_multi_20260526T094302Z_3e9dfd
llm_5b9da099334b,LABEL_1,0.999392,True,transition-physical,Local model,climatebert_multi_20260526T094302Z_3e9dfd
llm_ef7d400c78f4,LABEL_1,0.999392,True,transition-physical,Local model,climatebert_multi_20260526T094302Z_3e9dfd
llm_74f2a01a51c8,LABEL_1,0.999392,True,transition-physical,Local model,climatebert_multi_20260526T094302Z_3e9dfd
llm_fe18602d3826,LABEL_1,0.999392,True,transition-physical,Local model,climatebert_multi_20260526T094302Z_3e9dfd
llm_c210f7941f18,LABEL_1,0.999392,True,transition-physical,Local model,climatebert_multi_20260526T094302Z_3e9dfd
llm_d86e778c8665,LABEL_1,0.999392,True,transition-physical,Local model,climatebert_multi_20260526T094302Z_3e9dfd
llm_98be8c23023c,LABEL_1,0.999392,True,transition-physical,Local model,climatebert_multi_20260526T094302Z_3e9dfd
llm_cc4119e32738,LABEL_1,0.999392,True,transition-physical,Local model,climatebert_multi_20260526T094302Z_3e9dfd
llm_963f52dbafff,LABEL_1,0.999392,True,transition-physical,Local model,climatebert_multi_20260526T094302Z_3e9dfd
llm_c34ec00b78e8,LABEL_1,0.999392,True,transition-physical,Local model,climatebert_multi_20260526T094302Z_3e9dfd
llm_13ff870538e1,LABEL_1,0.999392,True,transition-physical,Local model,climatebert_multi_20260526T094302Z_3e9dfd
llm_7ba6d3894115,LABEL_1,0.999392,True,transition-physical,Local model,climatebert_multi_20260526T094302Z_3e9dfd
llm_ebc7115c990f,LABEL_1,0.999392,True,transition-physical,Local model,climatebert_multi_20260526T094302Z_3e9dfd
llm_da2324522dcb,LABEL_1,0.999392,True,transition-physical,Local model,climatebert_multi_20260526T094302Z_3e9dfd
llm_b99606f0d379,LABEL_1,0.999392,True,transition-physical,Local model,climatebert_multi_20260526T094302Z_3e9dfd
llm_81b0136b96de,LABEL_1,0.999392,True,transition-physical,Local model,climatebert_multi_20260526T094302Z_3e9dfd
llm_38b9f436d899,LABEL_1,0.999392,True,transition-physical,Local model,climatebert_multi_20260526T094302Z_3e9dfd
llm_48f55f3fff9f,LABEL_1,0.999392,True,transition-physical,Local model,climatebert_multi_20260526T094302Z_3e9dfd
llm_2fc620587a19,LABEL_1,0.999392,True,transition-physical,Local model,climatebert_multi_20260526T094302Z_3e9dfd
llm_c4bf4a00a8bf,LABEL_1,0.999392,True,transition-physical,Local model,climatebert_multi_20260526T094302Z_3e9dfd
llm_adf57aa2cd00,LABEL_1,0.999392,True,transition-physical,Local model,climatebert_multi_20260526T094302Z_3e9dfd
llm_f06f5f420fcd,LABEL_1,0.999392,True,transition-physical,Local model,climatebert_multi_20260526T094302Z_3e9dfd
llm_cec2d120a3de,LABEL_1,0.999392,True,transition-physical,Local model,climatebert_multi_20260526T094302Z_3e9dfd
llm_f4b090a71721,LABEL_1,0.999392,True,transition-physical,Local model,climatebert_multi_20260526T094302Z_3e9dfd
llm_d3f43b5f91e6,LABEL_1,0.999392,True,transition-physical,Local model,climatebert_multi_20260526T094302Z_3e9dfd
llm_5a61a5f8c5f1,LABEL_1,0.999392,True,transition-physical,Local model,climatebert_multi_20260526T094302Z_3e9dfd
llm_98debb7e78e7,LABEL_1,0.999392,True,transition-physical,Local model,climatebert_multi_20260526T094302Z_3e9dfd
llm_838f6d10f6b6,LABEL_1,0.999392,True,transition-physical,Local model,climatebert_multi_20260526T094302Z_3e9dfd
llm_b48cc4c8d6f4,LABEL_1,0.999392,True,transition-physical,Local model,climatebert_multi_20260526T094302Z_3e9dfd
llm_e29f1b07d740,LABEL_1,0.999392,True,transition-physical,Local model,climatebert_multi_20260526T094302Z_3e9dfd
llm_69d050b8f1bf,LABEL_1,0.999392,True,transition-physical,Local model,climatebert_multi_20260526T094302Z_3e9dfd
llm_004685e22074,LABEL_1,0.999392,True,transition-physical,Local model,climatebert_multi_20260526T094302Z_3e9dfd
llm_251aa13f5865,LABEL_1,0.999392,True,transition-physical,Local model,climatebert_multi_20260526T094302Z_3e9dfd
llm_5ab108d736f4,LABEL_1,0.999392,True,transition-physical,Local model,climatebert_multi_20260526T094302Z_3e9dfd
llm_9a407825721b,LABEL_1,0.999392,True,transition-physical,Local model,climatebert_multi_20260526T094302Z_3e9dfd
llm_73b7695a7488,LABEL_1,0.999392,True,transition-physical,Local model,climatebert_multi_20260526T094302Z_3e9dfd
llm_2ff1f3d20978,LABEL_1,0.999392,True,transition-physical,Local model,climatebert_multi_20260526T094302Z_3e9dfd
llm_607e136753b0,LABEL_1,0.999392,True,transition-physical,Local model,climatebert_multi_20260526T094302Z_3e9dfd
llm_7ffe3c902cb7,LABEL_1,0.999392,True,transition-physical,Local model,climatebert_multi_20260526T094302Z_3e9dfd
llm_5a78e4bf12d5,LABEL_1,0.999392,True,transition-physical,Local model,climatebert_multi_20260526T094302Z_3e9dfd
llm_049ea8faf14e,LABEL_1,0.999392,True,transition-physical,Local model,climatebert_multi_20260526T094302Z_3e9dfd
llm_36a11b7c7c8d,LABEL_1,0.999392,True,transition-physical,Local model,climatebert_multi_20260526T094302Z_3e9dfd
llm_27be5c217658,LABEL_1,0.999392,True,transition-physical,Local model,climatebert_multi_20260526T094302Z_3e9dfd
llm_b897692f3851,LABEL_1,0.999392,True,transition-physical,Local model,climatebert_multi_20260526T094302Z_3e9dfd
llm_719d1e0e32c5,LABEL_1,0.999392,True,transition-physical,Local model,climatebert_multi_20260526T094302Z_3e9dfd
llm_9d0d45d7d20b,LABEL_1,0.999392,True,transition-physical,Local model,climatebert_multi_20260526T094302Z_3e9dfd
llm_0e630e17d36c,LABEL_1,0.999392,True,transition-physical,Local model,climatebert_multi_20260526T094302Z_3e9dfd
llm_eedce304811a,LABEL_1,0.999392,True,transition-physical,Local model,climatebert_multi_20260526T094302Z_3e9dfd
llm_75e8f8fb441e,LABEL_1,0.999392,True,transition-physical,Local model,climatebert_multi_20260526T094302Z_3e9dfd
llm_031de4fe1b77,LABEL_1,0.999392,True,transition-physical,Local model,climatebert_multi_20260526T094302Z_3e9dfd
llm_3fec00211cec,LABEL_1,0.999392,True,transition-physical,Local model,climatebert_multi_20260526T094302Z_3e9dfd
llm_fc5113a9be68,LABEL_1,0.999392,True,transition-physical,Local model,climatebert_multi_20260526T094302Z_3e9dfd
llm_5f86516486de,LABEL_1,0.999392,True,transition-physical,Local model,climatebert_multi_20260526T094302Z_3e9dfd
llm_8c3f6781b3be,LABEL_1,0.999392,True,transition-physical,Local model,climatebert_multi_20260526T094302Z_3e9dfd
llm_c234a2dff8da,LABEL_1,0.999392,True,transition-physical,Local model,climatebert_multi_20260526T094302Z_3e9dfd
llm_bf874e9a53e5,LABEL_1,0.999392,True,transition-physical,Local model,climatebert_multi_20260526T094302Z_3e9dfd
llm_1e2ebd30293c,LABEL_1,0.999392,True,transition-physical,Local model,climatebert_multi_20260526T094302Z_3e9dfd
llm_41279b77c8ad,LABEL_1,0.999392,True,transition-physical,Local model,climatebert_multi_20260526T094302Z_3e9dfd
llm_cf77e897fc74,LABEL_1,0.999392,True,transition-physical,Local model,climatebert_multi_20260526T094302Z_3e9dfd
llm_5a2d98adadd5,LABEL_1,0.999392,True,transition-physical,Local model,climatebert_multi_20260526T094302Z_3e9dfd
llm_8aba41eecaac,LABEL_1,0.999392,True,transition-physical,Local model,climatebert_multi_20260526T094302Z_3e9dfd
llm_eb6577908461,LABEL_1,0.999392,True,transition-physical,Local model,climatebert_multi_20260526T094302Z_3e9dfd
llm_f57c828089d8,LABEL_1,0.999392,True,transition-physical,Local model,climatebert_multi_20260526T094302Z_3e9dfd
llm_fd311aa5b7d7,LABEL_1,0.999392,True,transition-physical,Local model,climatebert_multi_20260526T094302Z_3e9dfd
llm_143e17f5f80f,LABEL_1,0.999392,True,transition-physical,Local model,climatebert_multi_20260526T094302Z_3e9dfd
llm_e7296e7f27a0,LABEL_1,0.999392,True,transition-physical,Local model,climatebert_multi_20260526T094302Z_3e9dfd
llm_1d39a3298d3b,LABEL_1,0.999392,True,transition-physical,Local model,climatebert_multi_20260526T094302Z_3e9dfd
llm_a98a9f34e806,LABEL_1,0.999392,True,transition-physical,Local model,climatebert_multi_20260526T094302Z_3e9dfd
llm_8c7d9be582b8,LABEL_1,0.999392,True,transition-physical,Local model,climatebert_multi_20260526T094302Z_3e9dfd
llm_7763ff6519cc,LABEL_1,0.999392,True,transition-physical,Local model,climatebert_multi_20260526T094302Z_3e9dfd
llm_895538ba70ce,LABEL_1,0.999392,True,transition-physical,Local model,climatebert_multi_20260526T094302Z_3e9dfd
llm_4e221580e16e,LABEL_1,0.999392,True,transition-physical,Local model,climatebert_multi_20260526T094302Z_3e9dfd
llm_9a4680d82d61,LABEL_1,0.999392,True,transition-physical,Local model,climatebert_multi_20260526T094302Z_3e9dfd
llm_5c5cc5173194,LABEL_1,0.999392,True,transition-physical,Local model,climatebert_multi_20260526T094302Z_3e9dfd
llm_92c1bc3e5d19,LABEL_1,0.999392,True,transition-physical,Local model,climatebert_multi_20260526T094302Z_3e9dfd
llm_5df558232971,LABEL_1,0.999392,True,transition-physical,Local model,climatebert_multi_20260526T094302Z_3e9dfd
llm_30de4a03b13d,LABEL_1,0.999392,True,transition-physical,Local model,climatebert_multi_20260526T094302Z_3e9dfd
llm_1a0f30177faf,LABEL_1,0.999392,True,transition-physical,Local model,climatebert_multi_20260526T094302Z_3e9dfd
llm_89d4bbf23dc8,LABEL_1,0.999392,True,transition-physical,Local model,climatebert_multi_20260526T094302Z_3e9dfd
llm_82fb999fb3a6,LABEL_1,0.999392,True,transition-physical,Local model,climatebert_multi_20260526T094302Z_3e9dfd
llm_6d80a199f387,LABEL_1,0.999392,True,transition-physical,Local model,climatebert_multi_20260526T094302Z_3e9dfd
llm_5d824be2d5bb,LABEL_1,0.999392,True,transition-physical,Local model,climatebert_multi_20260526T094302Z_3e9dfd
llm_0300f5d50c22,LABEL_1,0.999392,True,transition-physical,Local model,climatebert_multi_20260526T094302Z_3e9dfd
llm_d7ce0708042a,LABEL_1,0.999392,True,transition-physical,Local model,climatebert_multi_20260526T094302Z_3e9dfd
llm_31da6751ed8a,LABEL_1,0.999392,True,transition-physical,Local model,climatebert_multi_20260526T094302Z_3e9dfd
llm_f2d421cdc7d3,LABEL_1,0.999392,True,transition-physical,Local model,climatebert_multi_20260526T094302Z_3e9dfd
llm_4a853ebfee6b,LABEL_1,0.999392,True,transition-physical,Local model,climatebert_multi_20260526T094302Z_3e9dfd
llm_d0ef3f38498e,LABEL_1,0.999392,True,transition-physical,Local model,climatebert_multi_20260526T094302Z_3e9dfd
llm_4843aa8efb7d,LABEL_1,0.999392,True,transition-physical,Local model,climatebert_multi_20260526T094302Z_3e9dfd
llm_aa3af08c1f1f,LABEL_1,0.999392,True,transition-physical,Local model,climatebert_multi_20260526T094302Z_3e9dfd
llm_bd7d6d8a2906,LABEL_1,0.999392,True,transition-physical,Local model,climatebert_multi_20260526T094302Z_3e9dfd
llm_5e234cff11c4,LABEL_1,0.999392,True,transition-physical,Local model,climatebert_multi_20260526T094302Z_3e9dfd
llm_48ad7a79bce3,LABEL_1,0.999392,True,transition-physical,Local model,climatebert_multi_20260526T094302Z_3e9dfd
llm_134f12ce21eb,LABEL_1,0.999392,True,transition-physical,Local model,climatebert_multi_20260526T094302Z_3e9dfd
llm_c3d8481b7114,LABEL_1,0.999392,True,transition-physical,Local model,climatebert_multi_20260526T094302Z_3e9dfd
llm_c9ba6136e577,LABEL_1,0.999392,True,transition-physical,Local model,climatebert_multi_20260526T094302Z_3e9dfd
llm_d5dcd7b068cf,LABEL_1,0.999392,True,transition-physical,Local model,climatebert_multi_20260526T094302Z_3e9dfd
llm_be0935e94ca5,LABEL_1,0.999392,True,transition-physical,Local model,climatebert_multi_20260526T094302Z_3e9dfd
llm_237560439b6a,LABEL_1,0.999392,True,transition-physical,Local model,climatebert_multi_20260526T094302Z_3e9dfd
llm_629d56070360,LABEL_1,0.999392,True,transition-physical,Local model,climatebert_multi_20260526T094302Z_3e9dfd
llm_fb92523bd6d1,LABEL_1,0.999392,True,transition-physical,Local model,climatebert_multi_20260526T094302Z_3e9dfd
llm_fe4fb303c066,LABEL_1,0.999392,True,transition-physical,Local model,climatebert_multi_20260526T094302Z_3e9dfd
llm_fab8bb990c7a,LABEL_1,0.999392,True,transition-physical,Local model,climatebert_multi_20260526T094302Z_3e9dfd
llm_2475505f9701,LABEL_1,0.999392,True,transition-physical,Local model,climatebert_multi_20260526T094302Z_3e9dfd
llm_8f1e503cf1aa,LABEL_1,0.999392,True,transition-physical,Local model,climatebert_multi_20260526T094302Z_3e9dfd
llm_6c12a7333bf5,LABEL_1,0.999392,True,transition-physical,Local model,climatebert_multi_20260526T094302Z_3e9dfd
llm_54c209f24670,LABEL_1,0.999392,True,transition-physical,Local model,climatebert_multi_20260526T094302Z_3e9dfd
llm_7bbea14ae6ba,LABEL_1,0.999392,True,transition-physical,Local model,climatebert_multi_20260526T094302Z_3e9dfd
llm_397e44e1964b,LABEL_1,0.999392,True,transition-physical,Local model,climatebert_multi_20260526T094302Z_3e9dfd
llm_49c0ccef8187,LABEL_1,0.999392,True,transition-physical,Local model,climatebert_multi_20260526T094302Z_3e9dfd
llm_bf3397bbc63c,LABEL_1,0.999392,True,transition-physical,Local model,climatebert_multi_20260526T094302Z_3e9dfd
llm_4b6f355eb13e,LABEL_1,0.999392,True,transition-physical,Local model,climatebert_multi_20260526T094302Z_3e9dfd
llm_b1fb32e74533,LABEL_1,0.999392,True,transition-physical,Local model,climatebert_multi_20260526T094302Z_3e9dfd
llm_ff9d26c150c2,LABEL_1,0.999392,True,transition-physical,Local model,climatebert_multi_20260526T094302Z_3e9dfd
llm_db4d333f5925,LABEL_1,0.999392,True,transition-physical,Local model,climatebert_multi_20260526T094302Z_3e9dfd
llm_c2163287c36d,LABEL_1,0.999392,True,transition-physical,Local model,climatebert_multi_20260526T094302Z_3e9dfd
llm_4d3d56bb9de8,LABEL_1,0.999392,True,transition-physical,Local model,climatebert_multi_20260526T094302Z_3e9dfd
llm_f1ff476f85c3,LABEL_1,0.999392,True,transition-physical,Local model,climatebert_multi_20260526T094302Z_3e9dfd
llm_13b63cf89212,LABEL_1,0.999392,True,transition-physical,Local model,climatebert_multi_20260526T094302Z_3e9dfd
llm_268a06ef8d5b,LABEL_1,0.999392,True,transition-physical,Local model,climatebert_multi_20260526T094302Z_3e9dfd
llm_274784640111,LABEL_1,0.999392,True,transition-physical,Local model,climatebert_multi_20260526T094302Z_3e9dfd
llm_d6077fcf0972,LABEL_1,0.999392,True,transition-physical,Local model,climatebert_multi_20260526T094302Z_3e9dfd
llm_b53cce3e4ebc,LABEL_1,0.999392,True,transition-physical,Local model,climatebert_multi_20260526T094302Z_3e9dfd
llm_6c5f58ad2391,LABEL_1,0.999392,True,transition-physical,Local model,climatebert_multi_20260526T094302Z_3e9dfd
llm_01eaa87b7ad2,LABEL_1,0.999392,True,transition-physical,Local model,climatebert_multi_20260526T094302Z_3e9dfd
llm_30368122202b,LABEL_1,0.999392,True,transition-physical,Local model,climatebert_multi_20260526T094302Z_3e9dfd
llm_1f0c5bc650dc,LABEL_1,0.999392,True,transition-physical,Local model,climatebert_multi_20260526T094302Z_3e9dfd
llm_b5c6eb263fcb,LABEL_1,0.999392,True,transition-physical,Local model,climatebert_multi_20260526T094302Z_3e9dfd
llm_5823c4a62b12,LABEL_1,0.999392,True,transition-physical,Local model,climatebert_multi_20260526T094302Z_3e9dfd
llm_087a7e323321,LABEL_1,0.999392,True,transition-physical,Local model,climatebert_multi_20260526T094302Z_3e9dfd
llm_616c406b1347,LABEL_1,0.999392,True,transition-physical,Local model,climatebert_multi_20260526T094302Z_3e9dfd
llm_2de2a6c5798c,LABEL_1,0.999392,True,transition-physical,Local model,climatebert_multi_20260526T094302Z_3e9dfd
llm_77737f77bf20,LABEL_1,0.999392,True,transition-physical,Local model,climatebert_multi_20260526T094302Z_3e9dfd
llm_6409226903a5,LABEL_1,0.999392,True,transition-physical,Local model,climatebert_multi_20260526T094302Z_3e9dfd
llm_f6e9f0c70dc8,LABEL_1,0.999392,True,transition-physical,Local model,climatebert_multi_20260526T094302Z_3e9dfd
llm_32b7eb44287e,LABEL_1,0.999392,True,transition-physical,Local model,climatebert_multi_20260526T094302Z_3e9dfd
llm_bfd570e5aa94,LABEL_1,0.999392,True,transition-physical,Local model,climatebert_multi_20260526T094302Z_3e9dfd
llm_6b77f12be8da,LABEL_1,0.999392,True,transition-physical,Local model,climatebert_multi_20260526T094302Z_3e9dfd
llm_a01291520171,LABEL_1,0.999392,True,transition-physical,Local model,climatebert_multi_20260526T094302Z_3e9dfd
llm_781c72d70d10,LABEL_1,0.999392,True,transition-physical,Local model,climatebert_multi_20260526T094302Z_3e9dfd
llm_5dc47cddcb9b,LABEL_1,0.999392,True,transition-physical,Local model,climatebert_multi_20260526T094302Z_3e9dfd
llm_6485d8858d50,LABEL_1,0.999392,True,transition-physical,Local model,climatebert_multi_20260526T094302Z_3e9dfd
llm_1657a1fff2a8,LABEL_1,0.999392,True,transition-physical,Local model,climatebert_multi_20260526T094302Z_3e9dfd
llm_e2a67c8d4540,LABEL_1,0.999392,True,transition-physical,Local model,climatebert_multi_20260526T094302Z_3e9dfd
llm_54972fa63e0f,LABEL_1,0.999392,True,transition-physical,Local model,climatebert_multi_20260526T094302Z_3e9dfd
llm_9a74b6f03e72,LABEL_1,0.999392,True,transition-physical,Local model,climatebert_multi_20260526T094302Z_3e9dfd
llm_71ba7ebd7aae,LABEL_1,0.999392,True,transition-physical,Local model,climatebert_multi_20260526T094302Z_3e9dfd
llm_54954c0b14a0,LABEL_1,0.999392,True,transition-physical,Local model,climatebert_multi_20260526T094302Z_3e9dfd
llm_2ce583d9e04c,LABEL_1,0.999392,True,transition-physical,Local model,climatebert_multi_20260526T094302Z_3e9dfd
llm_8aa301b40577,LABEL_1,0.999392,True,transition-physical,Local model,climatebert_multi_20260526T094302Z_3e9dfd
llm_ec9250d5aca0,LABEL_1,0.999392,True,transition-physical,Local model,climatebert_multi_20260526T094302Z_3e9dfd
llm_9edeff30c937,LABEL_1,0.999392,True,transition-physical,Local model,climatebert_multi_20260526T094302Z_3e9dfd
llm_5e7d37d9e4ab,LABEL_1,0.999392,True,transition-physical,Local model,climatebert_multi_20260526T094302Z_3e9dfd
llm_8f82591983e1,LABEL_1,0.999392,True,transition-physical,Local model,climatebert_multi_20260526T094302Z_3e9dfd
llm_ec44a9850ad0,LABEL_1,0.999392,True,transition-physical,Local model,climatebert_multi_20260526T094302Z_3e9dfd
llm_1e30ae3d0c17,LABEL_1,0.999392,True,transition-physical,Local model,climatebert_multi_20260526T094302Z_3e9dfd
llm_571eebfc1acc,LABEL_1,0.999392,True,transition-physical,Local model,climatebert_multi_20260526T094302Z_3e9dfd
llm_ca1001431e6d,LABEL_1,0.999392,True,transition-physical,Local model,climatebert_multi_20260526T094302Z_3e9dfd
llm_f76e55c34fa5,LABEL_1,0.999392,True,transition-physical,Local model,climatebert_multi_20260526T094302Z_3e9dfd
llm_cc771ba25cf7,LABEL_1,0.999392,True,transition-physical,Local model,climatebert_multi_20260526T094302Z_3e9dfd
llm_bb84437d7887,LABEL_1,0.999392,True,transition-physical,Local model,climatebert_multi_20260526T094302Z_3e9dfd
llm_9b38996a8900,LABEL_1,0.999392,True,transition-physical,Local model,climatebert_multi_20260526T094302Z_3e9dfd
llm_acf0b2d2c5b6,LABEL_1,0.999392,True,transition-physical,Local model,climatebert_multi_20260526T094302Z_3e9dfd
llm_459782529970,LABEL_1,0.999392,True,transition-physical,Local model,climatebert_multi_20260526T094302Z_3e9dfd
llm_affccd423d3e,LABEL_1,0.999392,True,transition-physical,Local model,climatebert_multi_20260526T094302Z_3e9dfd
llm_d5bb6fcd2b21,LABEL_1,0.999392,True,transition-physical,Local model,climatebert_multi_20260526T094302Z_3e9dfd
llm_563a14331eeb,LABEL_1,0.999392,True,transition-physical,Local model,climatebert_multi_20260526T094302Z_3e9dfd
llm_7854e90fc699,LABEL_1,0.999392,True,transition-physical,Local model,climatebert_multi_20260526T094302Z_3e9dfd
llm_137fc4664fa8,LABEL_1,0.999392,True,transition-physical,Local model,climatebert_multi_20260526T094302Z_3e9dfd
llm_254e58eecbac,LABEL_1,0.999392,True,transition-physical,Local model,climatebert_multi_20260526T094302Z_3e9dfd
llm_39be6a34b8c5,LABEL_1,0.999392,True,transition-physical,Local model,climatebert_multi_20260526T094302Z_3e9dfd
llm_fea930601828,LABEL_1,0.999392,True,transition-physical,Local model,climatebert_multi_20260526T094302Z_3e9dfd
llm_a9e53e74e18e,LABEL_1,0.999392,True,transition-physical,Local model,climatebert_multi_20260526T094302Z_3e9dfd
llm_0ea11a17cb22,LABEL_1,0.999392,True,transition-physical,Local model,climatebert_multi_20260526T094302Z_3e9dfd
llm_e74d6a8afc7a,LABEL_1,0.999392,True,transition-physical,Local model,climatebert_multi_20260526T094302Z_3e9dfd
llm_c61228c194b6,LABEL_1,0.999392,True,transition-physical,Local model,climatebert_multi_20260526T094302Z_3e9dfd
llm_439d4810d7c5,LABEL_1,0.999392,True,transition-physical,Local model,climatebert_multi_20260526T094302Z_3e9dfd
llm_d0c742a84395,LABEL_1,0.999392,True,transition-physical,Local model,climatebert_multi_20260526T094302Z_3e9dfd
llm_76094559e132,LABEL_1,0.999392,True,transition-physical,Local model,climatebert_multi_20260526T094302Z_3e9dfd
llm_0ceb8ab38640,LABEL_1,0.999392,True,transition-physical,Local model,climatebert_multi_20260526T094302Z_3e9dfd
llm_c0c086736dd1,LABEL_1,0.999392,True,transition-physical,Local model,climatebert_multi_20260526T094302Z_3e9dfd
llm_4a0a1ef21fce,LABEL_1,0.999392,True,transition-physical,Local model,climatebert_multi_20260526T094302Z_3e9dfd
llm_85fb6e334914,LABEL_1,0.999392,True,transition-physical,Local model,climatebert_multi_20260526T094302Z_3e9dfd
llm_13de82b54897,LABEL_1,0.999392,True,transition-physical,Local model,climatebert_multi_20260526T094302Z_3e9dfd
llm_0178f8fbc5e2,LABEL_1,0.999392,True,transition-physical,Local model,climatebert_multi_20260526T094302Z_3e9dfd
llm_ad990c4fb35d,LABEL_1,0.999392,True,transition-physical,Local model,climatebert_multi_20260526T094302Z_3e9dfd
llm_fc4b9e6c461f,LABEL_1,0.999392,True,transition-physical,Local model,climatebert_multi_20260526T094302Z_3e9dfd
llm_d60d5de57de9,LABEL_1,0.999392,True,transition-physical,Local model,climatebert_multi_20260526T094302Z_3e9dfd
llm_2c481d15fd9a,LABEL_1,0.999392,True,transition-physical,Local model,climatebert_multi_20260526T094302Z_3e9dfd
llm_a82e3a1916d6,LABEL_1,0.999392,True,transition-physical,Local model,climatebert_multi_20260526T094302Z_3e9dfd
llm_2b02c701a3b8,LABEL_1,0.999392,True,transition-physical,Local model,climatebert_multi_20260526T094302Z_3e9dfd
llm_a0ead9017351,LABEL_1,0.999392,True,transition-physical,Local model,climatebert_multi_20260526T094302Z_3e9dfd
llm_b62a0bbd9ba8,LABEL_1,0.999392,True,transition-physical,Local model,climatebert_multi_20260526T094302Z_3e9dfd
llm_ca8b83572eba,LABEL_1,0.999392,True,transition-physical,Local model,climatebert_multi_20260526T094302Z_3e9dfd
llm_04f66728e12e,LABEL_1,0.999392,True,transition-physical,Local model,climatebert_multi_20260526T094302Z_3e9dfd
llm_c3a04275bcb5,LABEL_1,0.999392,True,transition-physical,Local model,climatebert_multi_20260526T094302Z_3e9dfd
llm_3fe9cfa50204,LABEL_1,0.999392,True,transition-physical,Local model,climatebert_multi_20260526T094302Z_3e9dfd
llm_8a0778753dff,LABEL_1,0.999392,True,transition-physical,Local model,climatebert_multi_20260526T094302Z_3e9dfd
llm_b543bbeff312,LABEL_1,0.999392,True,transition-physical,Local model,climatebert_multi_20260526T094302Z_3e9dfd
llm_c3b66eaa1ff9,LABEL_1,0.999392,True,transition-physical,Local model,climatebert_multi_20260526T094302Z_3e9dfd
llm_af14cf64d115,LABEL_1,0.999392,True,transition-physical,Local model,climatebert_multi_20260526T094302Z_3e9dfd
llm_16a9aff41060,LABEL_1,0.999392,True,transition-physical,Local model,climatebert_multi_20260526T094302Z_3e9dfd
llm_f06e8afff034,LABEL_1,0.999392,True,transition-physical,Local model,climatebert_multi_20260526T094302Z_3e9dfd
llm_5de3dfc4f735,LABEL_1,0.999392,True,transition-physical,Local model,climatebert_multi_20260526T094302Z_3e9dfd
llm_247e5dd2ad30,LABEL_1,0.999392,True,transition-physical,Local model,climatebert_multi_20260526T094302Z_3e9dfd
llm_527b1574263f,LABEL_1,0.999392,True,transition-physical,Local model,climatebert_multi_20260526T094302Z_3e9dfd
llm_01a6d8279318,LABEL_1,0.999392,True,transition-physical,Local model,climatebert_multi_20260526T094302Z_3e9dfd
llm_758e4c5ab89e,LABEL_1,0.999392,True,transition-physical,Local model,climatebert_multi_20260526T094302Z_3e9dfd
llm_f9c012cddf10,LABEL_1,0.999392,True,transition-physical,Local model,climatebert_multi_20260526T094302Z_3e9dfd
llm_76311d295790,LABEL_1,0.999392,True,transition-physical,Local model,climatebert_multi_20260526T094302Z_3e9dfd
llm_d4388d188b70,LABEL_1,0.999392,True,transition-physical,Local model,climatebert_multi_20260526T094302Z_3e9dfd
llm_0ce5118fd493,LABEL_1,0.999392,True,transition-physical,Local model,climatebert_multi_20260526T094302Z_3e9dfd
llm_45608503f0d8,LABEL_1,0.999392,True,transition-physical,Local model,climatebert_multi_20260526T094302Z_3e9dfd
llm_8c6750cf15ee,LABEL_1,0.999392,True,transition-physical,Local model,climatebert_multi_20260526T094302Z_3e9dfd
llm_509ecd6f72ef,LABEL_1,0.999392,True,transition-physical,Local model,climatebert_multi_20260526T094302Z_3e9dfd
llm_423a67c01a67,LABEL_1,0.999392,True,transition-physical,Local model,climatebert_multi_20260526T094302Z_3e9dfd
llm_2b5c5587b38a,LABEL_1,0.999392,True,transition-physical,Local model,climatebert_multi_20260526T094302Z_3e9dfd
llm_5fd89fee7e95,LABEL_1,0.999392,True,transition-physical,Local model,climatebert_multi_20260526T094302Z_3e9dfd
llm_b87fd62e716c,LABEL_1,0.999392,True,transition-physical,Local model,climatebert_multi_20260526T094302Z_3e9dfd
llm_1e950557641f,LABEL_1,0.999392,True,transition-physical,Local model,climatebert_multi_20260526T094302Z_3e9dfd
llm_b756569a4a84,LABEL_1,0.999392,True,transition-physical,Local model,climatebert_multi_20260526T094302Z_3e9dfd
llm_c16029025e89,LABEL_1,0.999392,True,transition-physical,Local model,climatebert_multi_20260526T094302Z_3e9dfd
llm_de39864dd5df,LABEL_1,0.999392,True,transition-physical,Local model,climatebert_multi_20260526T094302Z_3e9dfd
llm_a0125204d0ae,LABEL_1,0.999392,True,transition-physical,Local model,climatebert_multi_20260526T094302Z_3e9dfd
llm_028762293c73,LABEL_1,0.999392,True,transition-physical,Local model,climatebert_multi_20260526T094302Z_3e9dfd
llm_eb0b7cc16bda,LABEL_1,0.999392,True,transition-physical,Local model,climatebert_multi_20260526T094302Z_3e9dfd
llm_752c9744dee4,LABEL_1,0.999392,True,transition-physical,Local model,climatebert_multi_20260526T094302Z_3e9dfd
llm_338879c841ea,LABEL_1,0.999392,True,transition-physical,Local model,climatebert_multi_20260526T094302Z_3e9dfd
llm_020dc718b53c,LABEL_1,0.999392,True,transition-physical,Local model,climatebert_multi_20260526T094302Z_3e9dfd
llm_a376400ebdcd,LABEL_1,0.999392,True,transition-physical,Local model,climatebert_multi_20260526T094302Z_3e9dfd
llm_0c92730685b3,LABEL_1,0.999392,True,transition-physical,Local model,climatebert_multi_20260526T094302Z_3e9dfd
llm_9120ee9bb105,LABEL_1,0.999392,True,transition-physical,Local model,climatebert_multi_20260526T094302Z_3e9dfd
llm_d85fc7760389,LABEL_1,0.999392,True,transition-physical,Local model,climatebert_multi_20260526T094302Z_3e9dfd
llm_cac80c562c30,LABEL_1,0.999392,True,transition-physical,Local model,climatebert_multi_20260526T094302Z_3e9dfd
llm_cdaf1285e2b9,LABEL_1,0.999392,True,transition-physical,Local model,climatebert_multi_20260526T094302Z_3e9dfd
llm_b42c28b5f0b8,LABEL_1,0.999392,True,transition-physical,Local model,climatebert_multi_20260526T094302Z_3e9dfd
llm_98df6e6567ff,LABEL_1,0.999392,True,transition-physical,Local model,climatebert_multi_20260526T094302Z_3e9dfd
llm_9aa0e4762a35,LABEL_1,0.999392,True,transition-physical,Local model,climatebert_multi_20260526T094302Z_3e9dfd
llm_184726d5b620,LABEL_1,0.999392,True,transition-physical,Local model,climatebert_multi_20260526T094302Z_3e9dfd
llm_0ec19400642a,LABEL_1,0.999392,True,transition-physical,Local model,climatebert_multi_20260526T094302Z_3e9dfd
llm_45a6611cddd2,LABEL_1,0.999392,True,transition-physical,Local model,climatebert_multi_20260526T094302Z_3e9dfd
llm_74d57b2592f7,LABEL_1,0.999392,True,transition-physical,Local model,climatebert_multi_20260526T094302Z_3e9dfd
llm_5cb73d767422,LABEL_1,0.999392,True,transition-physical,Local model,climatebert_multi_20260526T094302Z_3e9dfd
llm_034fc8884183,LABEL_1,0.999392,True,transition-physical,Local model,climatebert_multi_20260526T094302Z_3e9dfd
llm_0f745794cf5a,LABEL_1,0.999392,True,transition-physical,Local model,climatebert_multi_20260526T094302Z_3e9dfd
llm_f4bfb4f13f79,LABEL_1,0.999392,True,transition-physical,Local model,climatebert_multi_20260526T094302Z_3e9dfd
llm_234367b17ee8,LABEL_1,0.999392,True,transition-physical,Local model,climatebert_multi_20260526T094302Z_3e9dfd
llm_da615b556d94,LABEL_1,0.999392,True,transition-physical,Local model,climatebert_multi_20260526T094302Z_3e9dfd
llm_ed954ebe392f,LABEL_1,0.999392,True,transition-physical,Local model,climatebert_multi_20260526T094302Z_3e9dfd
llm_b61b264161b9,LABEL_1,0.999392,True,transition-physical,Local model,climatebert_multi_20260526T094302Z_3e9dfd
llm_f9e2a312e9d4,LABEL_1,0.999392,True,transition-physical,Local model,climatebert_multi_20260526T094302Z_3e9dfd
llm_321c3e8f6b95,LABEL_1,0.999392,True,transition-physical,Local model,climatebert_multi_20260526T094302Z_3e9dfd
llm_3433153f8a7e,LABEL_1,0.999392,True,transition-physical,Local model,climatebert_multi_20260526T094302Z_3e9dfd
llm_074b013e8a5a,LABEL_1,0.999392,True,transition-physical,Local model,climatebert_multi_20260526T094302Z_3e9dfd
llm_0124c87a6798,LABEL_1,0.999392,True,transition-physical,Local model,climatebert_multi_20260526T094302Z_3e9dfd
llm_d2a6a4fa5013,LABEL_1,0.999392,True,transition-physical,Local model,climatebert_multi_20260526T094302Z_3e9dfd
llm_08dfc33b172a,LABEL_1,0.999392,True,transition-physical,Local model,climatebert_multi_20260526T094302Z_3e9dfd
llm_9964d1151ace,LABEL_1,0.999392,True,transition-physical,Local model,climatebert_multi_20260526T094302Z_3e9dfd
llm_271b891b9214,LABEL_1,0.999392,True,transition-physical,Local model,climatebert_multi_20260526T094302Z_3e9dfd
llm_35ab4e2de178,LABEL_1,0.999392,True,transition-physical,Local model,climatebert_multi_20260526T094302Z_3e9dfd
llm_d5db51beb334,LABEL_1,0.999392,True,transition-physical,Local model,climatebert_multi_20260526T094302Z_3e9dfd
llm_5ee936ca1d83,LABEL_1,0.999392,True,transition-physical,Local model,climatebert_multi_20260526T094302Z_3e9dfd
llm_b694aa483a73,LABEL_1,0.999392,True,transition-physical,Local model,climatebert_multi_20260526T094302Z_3e9dfd
llm_42a8b7ea4c4f,LABEL_1,0.999392,True,transition-physical,Local model,climatebert_multi_20260526T094302Z_3e9dfd
llm_cabe0cb3686b,LABEL_1,0.999392,True,transition-physical,Local model,climatebert_multi_20260526T094302Z_3e9dfd
llm_26e3680b93be,LABEL_1,0.999392,True,transition-physical,Local model,climatebert_multi_20260526T094302Z_3e9dfd
llm_f252d6db20b9,LABEL_1,0.999392,True,transition-physical,Local model,climatebert_multi_20260526T094302Z_3e9dfd
llm_5a36066fa0e2,LABEL_1,0.999392,True,transition-physical,Local model,climatebert_multi_20260526T094302Z_3e9dfd
llm_714e0e06c8e1,LABEL_1,0.999392,True,transition-physical,Local model,climatebert_multi_20260526T094302Z_3e9dfd
llm_b201c3d34ef9,LABEL_1,0.999392,True,transition-physical,Local model,climatebert_multi_20260526T094302Z_3e9dfd
llm_14f26a3a1adf,LABEL_1,0.999392,True,transition-physical,Local model,climatebert_multi_20260526T094302Z_3e9dfd
llm_8279d24039e3,LABEL_1,0.999392,True,transition-physical,Local model,climatebert_multi_20260526T094302Z_3e9dfd
llm_07ec681d61c2,LABEL_1,0.999392,True,transition-physical,Local model,climatebert_multi_20260526T094302Z_3e9dfd
llm_b2497c4aea6b,LABEL_1,0.999392,True,transition-physical,Local model,climatebert_multi_20260526T094302Z_3e9dfd
llm_07ab8d4ed9f0,LABEL_1,0.999392,True,transition-physical,Local model,climatebert_multi_20260526T094302Z_3e9dfd
llm_8108ee7b725e,LABEL_1,0.999392,True,transition-physical,Local model,climatebert_multi_20260526T094302Z_3e9dfd
llm_175b86a19f53,LABEL_1,0.999392,True,transition-physical,Local model,climatebert_multi_20260526T094302Z_3e9dfd
llm_e1b944b5dbb2,LABEL_1,0.999392,True,transition-physical,Local model,climatebert_multi_20260526T094302Z_3e9dfd
llm_224b169dd80f,LABEL_1,0.999392,True,transition-physical,Local model,climatebert_multi_20260526T094302Z_3e9dfd
llm_784302acf975,LABEL_1,0.999392,True,transition-physical,Local model,climatebert_multi_20260526T094302Z_3e9dfd
llm_52f75fcd8605,LABEL_1,0.999392,True,transition-physical,Local model,climatebert_multi_20260526T094302Z_3e9dfd
llm_e9cf03f7783e,LABEL_1,0.999392,True,transition-physical,Local model,climatebert_multi_20260526T094302Z_3e9dfd
llm_c9ca1e1d5b2d,LABEL_1,0.999392,True,transition-physical,Local model,climatebert_multi_20260526T094302Z_3e9dfd
llm_4f0ae3d14f86,LABEL_1,0.999392,True,transition-physical,Local model,climatebert_multi_20260526T094302Z_3e9dfd
llm_5cce68edbc5d,LABEL_1,0.999392,True,transition-physical,Local model,climatebert_multi_20260526T094302Z_3e9dfd
llm_b5f0edc0c99d,LABEL_1,0.999392,True,transition-physical,Local model,climatebert_multi_20260526T094302Z_3e9dfd
llm_b2dce3922760,LABEL_1,0.999392,True,transition-physical,Local model,climatebert_multi_20260526T094302Z_3e9dfd
llm_d2d9115ca93c,LABEL_1,0.999392,True,transition-physical,Local model,climatebert_multi_20260526T094302Z_3e9dfd
llm_1e15e4899c48,LABEL_1,0.999392,True,transition-physical,Local model,climatebert_multi_20260526T094302Z_3e9dfd
llm_8b11f3036473,LABEL_1,0.999392,True,transition-physical,Local model,climatebert_multi_20260526T094302Z_3e9dfd
llm_43dc30ff4c32,LABEL_1,0.999392,True,transition-physical,Local model,climatebert_multi_20260526T094302Z_3e9dfd
llm_099b16a7e631,LABEL_1,0.999392,True,transition-physical,Local model,climatebert_multi_20260526T094302Z_3e9dfd
llm_a28f636b0141,LABEL_1,0.999392,True,transition-physical,Local model,climatebert_multi_20260526T094302Z_3e9dfd
llm_8c657604db04,LABEL_1,0.999392,True,transition-physical,Local model,climatebert_multi_20260526T094302Z_3e9dfd
llm_163de26a8ddd,LABEL_1,0.999392,True,transition-physical,Local model,climatebert_multi_20260526T094302Z_3e9dfd
llm_b622ef087f12,LABEL_1,0.999392,True,transition-physical,Local model,climatebert_multi_20260526T094302Z_3e9dfd
llm_467a4e80742e,LABEL_1,0.999392,True,transition-physical,Local model,climatebert_multi_20260526T094302Z_3e9dfd
llm_27de2dcc5076,LABEL_1,0.999392,True,transition-physical,Local model,climatebert_multi_20260526T094302Z_3e9dfd
llm_1b9bfa67a192,LABEL_1,0.999392,True,transition-physical,Local model,climatebert_multi_20260526T094302Z_3e9dfd
llm_373cd16ebc0e,LABEL_1,0.999392,True,transition-physical,Local model,climatebert_multi_20260526T094302Z_3e9dfd
llm_d594fce36224,LABEL_1,0.999392,True,transition-physical,Local model,climatebert_multi_20260526T094302Z_3e9dfd
llm_4696424baa77,LABEL_1,0.999392,True,transition-physical,Local model,climatebert_multi_20260526T094302Z_3e9dfd
llm_5ec6c7398d76,LABEL_1,0.999392,True,transition-physical,Local model,climatebert_multi_20260526T094302Z_3e9dfd
llm_eb69fec041ee,LABEL_1,0.999392,True,transition-physical,Local model,climatebert_multi_20260526T094302Z_3e9dfd
llm_372b7c86f49d,LABEL_1,0.999392,True,transition-physical,Local model,climatebert_multi_20260526T094302Z_3e9dfd
llm_66914db8bb15,LABEL_1,0.999392,True,transition-physical,Local model,climatebert_multi_20260526T094302Z_3e9dfd
llm_72729d2d05d6,LABEL_1,0.999392,True,transition-physical,Local model,climatebert_multi_20260526T094302Z_3e9dfd
llm_82da7185a7d2,LABEL_1,0.999392,True,transition-physical,Local model,climatebert_multi_20260526T094302Z_3e9dfd
llm_8df76aeddca9,LABEL_1,0.999392,True,transition-physical,Local model,climatebert_multi_20260526T094302Z_3e9dfd
llm_23e65e21f10d,LABEL_1,0.999392,True,transition-physical,Local model,climatebert_multi_20260526T094302Z_3e9dfd
llm_44562a9c55b6,LABEL_1,0.999392,True,transition-physical,Local model,climatebert_multi_20260526T094302Z_3e9dfd
llm_267ae58ceda8,LABEL_1,0.999392,True,transition-physical,Local model,climatebert_multi_20260526T094302Z_3e9dfd
llm_fb919f071faa,LABEL_1,0.999392,True,transition-physical,Local model,climatebert_multi_20260526T094302Z_3e9dfd
llm_aee304a37cab,LABEL_1,0.999392,True,transition-physical,Local model,climatebert_multi_20260526T094302Z_3e9dfd
llm_289812a28aa3,LABEL_1,0.999392,True,transition-physical,Local model,climatebert_multi_20260526T094302Z_3e9dfd
llm_9bbd95a5f156,LABEL_1,0.999392,True,transition-physical,Local model,climatebert_multi_20260526T094302Z_3e9dfd
llm_01823b87c48b,LABEL_1,0.999392,True,transition-physical,Local model,climatebert_multi_20260526T094302Z_3e9dfd
llm_02e9062793c0,LABEL_1,0.999392,True,transition-physical,Local model,climatebert_multi_20260526T094302Z_3e9dfd
llm_83dbc8e61ebe,LABEL_1,0.999392,True,transition-physical,Local model,climatebert_multi_20260526T094302Z_3e9dfd
llm_bc9aa7fa2ded,LABEL_1,0.999392,True,transition-physical,Local model,climatebert_multi_20260526T094302Z_3e9dfd
llm_8cddd2a28f78,LABEL_1,0.999392,True,transition-physical,Local model,climatebert_multi_20260526T094302Z_3e9dfd
llm_0ed3cce8876e,LABEL_1,0.999392,True,transition-physical,Local model,climatebert_multi_20260526T094302Z_3e9dfd
llm_746ee0ea7149,LABEL_1,0.999392,True,transition-physical,Local model,climatebert_multi_20260526T094302Z_3e9dfd
llm_d6fa66424dfc,LABEL_1,0.999392,True,transition-physical,Local model,climatebert_multi_20260526T094302Z_3e9dfd
llm_ad104c5f93bb,LABEL_1,0.999392,True,transition-physical,Local model,climatebert_multi_20260526T094302Z_3e9dfd
llm_8e9b2974f892,LABEL_1,0.999392,True,transition-physical,Local model,climatebert_multi_20260526T094302Z_3e9dfd
llm_693da181f4cf,LABEL_1,0.999392,True,transition-physical,Local model,climatebert_multi_20260526T094302Z_3e9dfd
llm_891b609fd494,LABEL_1,0.999392,True,transition-physical,Local model,climatebert_multi_20260526T094302Z_3e9dfd
llm_ee9f634353c3,LABEL_1,0.999392,True,transition-physical,Local model,climatebert_multi_20260526T094302Z_3e9dfd
llm_f5dfccdc5043,LABEL_1,0.999392,True,transition-physical,Local model,climatebert_multi_20260526T094302Z_3e9dfd
llm_8bd7fae04ae1,LABEL_1,0.999392,True,transition-physical,Local model,climatebert_multi_20260526T094302Z_3e9dfd
llm_43fb038195f4,LABEL_1,0.999392,True,transition-physical,Local model,climatebert_multi_20260526T094302Z_3e9dfd
llm_421721092069,LABEL_1,0.999392,True,transition-physical,Local model,climatebert_multi_20260526T094302Z_3e9dfd
llm_f3c54d538a5b,LABEL_1,0.999392,True,transition-physical,Local model,climatebert_multi_20260526T094302Z_3e9dfd
llm_100f73918255,LABEL_1,0.999392,True,transition-physical,Local model,climatebert_multi_20260526T094302Z_3e9dfd
llm_a217d3ac9ae0,LABEL_1,0.999392,True,transition-physical,Local model,climatebert_multi_20260526T094302Z_3e9dfd
llm_d7dce38ae285,LABEL_1,0.999392,True,transition-physical,Local model,climatebert_multi_20260526T094302Z_3e9dfd
llm_550a71795e64,LABEL_1,0.999392,True,transition-physical,Local model,climatebert_multi_20260526T094302Z_3e9dfd
llm_22860fc3d455,LABEL_1,0.999392,True,transition-physical,Local model,climatebert_multi_20260526T094302Z_3e9dfd
llm_bb147aff7048,LABEL_1,0.999392,True,transition-physical,Local model,climatebert_multi_20260526T094302Z_3e9dfd
llm_f40b0424de39,LABEL_1,0.999392,True,transition-physical,Local model,climatebert_multi_20260526T094302Z_3e9dfd
llm_51884ad8a86c,LABEL_1,0.999392,True,transition-physical,Local model,climatebert_multi_20260526T094302Z_3e9dfd
llm_4e517c4a6a6e,LABEL_1,0.999392,True,transition-physical,Local model,climatebert_multi_20260526T094302Z_3e9dfd
llm_8970e01a57f3,LABEL_1,0.999392,True,transition-physical,Local model,climatebert_multi_20260526T094302Z_3e9dfd
llm_7bbfd6c27f6d,LABEL_1,0.999392,True,transition-physical,Local model,climatebert_multi_20260526T094302Z_3e9dfd
llm_27aa10bb3e90,LABEL_1,0.999392,True,transition-physical,Local model,climatebert_multi_20260526T094302Z_3e9dfd
llm_da81629ad531,LABEL_1,0.999392,True,transition-physical,Local model,climatebert_multi_20260526T094302Z_3e9dfd
llm_2bddb04c6e8e,LABEL_1,0.999392,True,transition-physical,Local model,climatebert_multi_20260526T094302Z_3e9dfd
llm_268f36cc258e,LABEL_1,0.999392,True,transition-physical,Local model,climatebert_multi_20260526T094302Z_3e9dfd
llm_05f8700e9746,LABEL_1,0.999392,True,transition-physical,Local model,climatebert_multi_20260526T094302Z_3e9dfd
llm_977619b610a7,LABEL_1,0.999392,True,transition-physical,Local model,climatebert_multi_20260526T094302Z_3e9dfd
llm_d8700b52042f,LABEL_1,0.999392,True,transition-physical,Local model,climatebert_multi_20260526T094302Z_3e9dfd
llm_94c96f50e8fa,LABEL_1,0.999392,True,transition-physical,Local model,climatebert_multi_20260526T094302Z_3e9dfd
llm_b49f6a2a8c1a,LABEL_1,0.999392,True,transition-physical,Local model,climatebert_multi_20260526T094302Z_3e9dfd
llm_a6527bdeea79,LABEL_1,0.999392,True,transition-physical,Local model,climatebert_multi_20260526T094302Z_3e9dfd
llm_7cc9869096aa,LABEL_1,0.999392,True,transition-physical,Local model,climatebert_multi_20260526T094302Z_3e9dfd
llm_0f3280c9e017,LABEL_1,0.999392,True,transition-physical,Local model,climatebert_multi_20260526T094302Z_3e9dfd
llm_c594ff4c951b,LABEL_1,0.999392,True,transition-physical,Local model,climatebert_multi_20260526T094302Z_3e9dfd
llm_9fab3906f737,LABEL_1,0.999392,True,transition-physical,Local model,climatebert_multi_20260526T094302Z_3e9dfd
llm_bda4cc8ee067,LABEL_1,0.999392,True,transition-physical,Local model,climatebert_multi_20260526T094302Z_3e9dfd
llm_9c56d813a2f9,LABEL_1,0.999392,True,transition-physical,Local model,climatebert_multi_20260526T094302Z_3e9dfd
llm_a1bc89b3e030,LABEL_1,0.999392,True,transition-physical,Local model,climatebert_multi_20260526T094302Z_3e9dfd
llm_c625d781ea9d,LABEL_1,0.999392,True,transition-physical,Local model,climatebert_multi_20260526T094302Z_3e9dfd
llm_ab7ce6281385,LABEL_1,0.999392,True,transition-physical,Local model,climatebert_multi_20260526T094302Z_3e9dfd
llm_3eb3a99f00cf,LABEL_1,0.999392,True,transition-physical,Local model,climatebert_multi_20260526T094302Z_3e9dfd
llm_8d641110b0ac,LABEL_1,0.999392,True,transition-physical,Local model,climatebert_multi_20260526T094302Z_3e9dfd
llm_cfed2f2ed33b,LABEL_1,0.999392,True,transition-physical,Local model,climatebert_multi_20260526T094302Z_3e9dfd
llm_954257c12c89,LABEL_1,0.999392,True,transition-physical,Local model,climatebert_multi_20260526T094302Z_3e9dfd
llm_8509c2993976,LABEL_1,0.999392,True,transition-physical,Local model,climatebert_multi_20260526T094302Z_3e9dfd
llm_6e26988d4816,LABEL_1,0.999392,True,transition-physical,Local model,climatebert_multi_20260526T094302Z_3e9dfd
llm_00aa2874e8b0,LABEL_1,0.999392,True,transition-physical,Local model,climatebert_multi_20260526T094302Z_3e9dfd
llm_1f95ca08050d,LABEL_1,0.999392,True,transition-physical,Local model,climatebert_multi_20260526T094302Z_3e9dfd
llm_179ad807721b,LABEL_1,0.999392,True,transition-physical,Local model,climatebert_multi_20260526T094302Z_3e9dfd
llm_f2e1e61aeb3b,LABEL_1,0.999392,True,transition-physical,Local model,climatebert_multi_20260526T094302Z_3e9dfd
llm_a43e4e9d1988,LABEL_1,0.999392,True,transition-physical,Local model,climatebert_multi_20260526T094302Z_3e9dfd
llm_b4f717caaf18,LABEL_1,0.999392,True,transition-physical,Local model,climatebert_multi_20260526T094302Z_3e9dfd
llm_8c15ec7a0a81,LABEL_1,0.999392,True,transition-physical,Local model,climatebert_multi_20260526T094302Z_3e9dfd
llm_d31623eef918,LABEL_1,0.999392,True,transition-physical,Local model,climatebert_multi_20260526T094302Z_3e9dfd
llm_b8f2d506f4f4,LABEL_1,0.999392,True,transition-physical,Local model,climatebert_multi_20260526T094302Z_3e9dfd
llm_07fe8069c1d9,LABEL_1,0.999392,True,transition-physical,Local model,climatebert_multi_20260526T094302Z_3e9dfd
llm_69b906e963f3,LABEL_1,0.999392,True,transition-physical,Local model,climatebert_multi_20260526T094302Z_3e9dfd
llm_be371183eae0,LABEL_1,0.999392,True,transition-physical,Local model,climatebert_multi_20260526T094302Z_3e9dfd
llm_ebfb62cf54c0,LABEL_1,0.999392,True,transition-physical,Local model,climatebert_multi_20260526T094302Z_3e9dfd
llm_23d0ec30b77a,LABEL_1,0.999392,True,transition-physical,Local model,climatebert_multi_20260526T094302Z_3e9dfd
llm_70450b23ca27,LABEL_1,0.999392,True,transition-physical,Local model,climatebert_multi_20260526T094302Z_3e9dfd
llm_3e4b1ed4ebad,LABEL_1,0.999392,True,transition-physical,Local model,climatebert_multi_20260526T094302Z_3e9dfd
llm_3f7672ee9f6c,LABEL_1,0.999392,True,transition-physical,Local model,climatebert_multi_20260526T094302Z_3e9dfd
llm_9951c91a42c4,LABEL_1,0.999392,True,transition-physical,Local model,climatebert_multi_20260526T094302Z_3e9dfd
llm_e944aa1ae21e,LABEL_1,0.999392,True,transition-physical,Local model,climatebert_multi_20260526T094302Z_3e9dfd
llm_1f01e1587851,LABEL_1,0.999392,True,transition-physical,Local model,climatebert_multi_20260526T094302Z_3e9dfd
llm_48ca1cf3071d,LABEL_1,0.999392,True,transition-physical,Local model,climatebert_multi_20260526T094302Z_3e9dfd
llm_4dbb860be1d2,LABEL_1,0.999392,True,transition-physical,Local model,climatebert_multi_20260526T094302Z_3e9dfd
llm_2746e8f71777,LABEL_1,0.999392,True,transition-physical,Local model,climatebert_multi_20260526T094302Z_3e9dfd
llm_e1b2ba54955b,LABEL_1,0.999392,True,transition-physical,Local model,climatebert_multi_20260526T094302Z_3e9dfd
llm_919086c1afe1,LABEL_1,0.999392,True,transition-physical,Local model,climatebert_multi_20260526T094302Z_3e9dfd
llm_13aa6f29442a,LABEL_1,0.999392,True,transition-physical,Local model,climatebert_multi_20260526T094302Z_3e9dfd
llm_424a7d9103de,LABEL_1,0.999392,True,transition-physical,Local model,climatebert_multi_20260526T094302Z_3e9dfd
llm_8c5e213beb12,LABEL_1,0.999392,True,transition-physical,Local model,climatebert_multi_20260526T094302Z_3e9dfd
llm_1138e657f7fc,LABEL_1,0.999392,True,transition-physical,Local model,climatebert_multi_20260526T094302Z_3e9dfd
llm_b3f0ab600e5b,LABEL_1,0.999392,True,transition-physical,Local model,climatebert_multi_20260526T094302Z_3e9dfd
llm_dc24120d4f06,LABEL_1,0.999392,True,transition-physical,Local model,climatebert_multi_20260526T094302Z_3e9dfd
llm_865e601d7b23,LABEL_1,0.999392,True,transition-physical,Local model,climatebert_multi_20260526T094302Z_3e9dfd
llm_6ed06f2f4068,LABEL_1,0.999392,True,transition-physical,Local model,climatebert_multi_20260526T094302Z_3e9dfd
llm_10ab8b07ae75,LABEL_1,0.999392,True,transition-physical,Local model,climatebert_multi_20260526T094302Z_3e9dfd
llm_5ab2da580d10,LABEL_1,0.999392,True,transition-physical,Local model,climatebert_multi_20260526T094302Z_3e9dfd
llm_f16e725b9149,LABEL_1,0.999392,True,transition-physical,Local model,climatebert_multi_20260526T094302Z_3e9dfd
llm_57b827406a70,LABEL_1,0.999392,True,transition-physical,Local model,climatebert_multi_20260526T094302Z_3e9dfd
llm_017cda6ac335,LABEL_1,0.999392,True,transition-physical,Local model,climatebert_multi_20260526T094302Z_3e9dfd
llm_cd62e6ed3e56,LABEL_1,0.999392,True,transition-physical,Local model,climatebert_multi_20260526T094302Z_3e9dfd
llm_d83a24c52619,LABEL_1,0.999392,True,transition-physical,Local model,climatebert_multi_20260526T094302Z_3e9dfd
llm_cb3b0893b8ba,LABEL_1,0.999392,True,transition-physical,Local model,climatebert_multi_20260526T094302Z_3e9dfd
llm_498e0389554d,LABEL_1,0.999392,True,transition-physical,Local model,climatebert_multi_20260526T094302Z_3e9dfd
llm_1ccc540e765a,LABEL_1,0.999392,True,transition-physical,Local model,climatebert_multi_20260526T094302Z_3e9dfd
llm_1a5e4b23d177,LABEL_1,0.999392,True,transition-physical,Local model,climatebert_multi_20260526T094302Z_3e9dfd
llm_47af6c001e2a,LABEL_1,0.999392,True,transition-physical,Local model,climatebert_multi_20260526T094302Z_3e9dfd
llm_6ea954270639,LABEL_1,0.999392,True,transition-physical,Local model,climatebert_multi_20260526T094302Z_3e9dfd
llm_76d35eb57408,LABEL_1,0.999392,True,transition-physical,Local model,climatebert_multi_20260526T094302Z_3e9dfd
llm_92a4d4665782,LABEL_1,0.999392,True,transition-physical,Local model,climatebert_multi_20260526T094302Z_3e9dfd
llm_940b8bd5fa47,LABEL_1,0.999392,True,transition-physical,Local model,climatebert_multi_20260526T094302Z_3e9dfd
llm_13c97ee4c6cc,LABEL_1,0.999392,True,transition-physical,Local model,climatebert_multi_20260526T094302Z_3e9dfd
llm_20103ebb8e1c,LABEL_1,0.999392,True,transition-physical,Local model,climatebert_multi_20260526T094302Z_3e9dfd
llm_ccbf87db0a2f,LABEL_1,0.999392,True,transition-physical,Local model,climatebert_multi_20260526T094302Z_3e9dfd
llm_54c7abe3b771,LABEL_1,0.999392,True,transition-physical,Local model,climatebert_multi_20260526T094302Z_3e9dfd
llm_c56004912ccb,LABEL_1,0.999392,True,transition-physical,Local model,climatebert_multi_20260526T094302Z_3e9dfd
llm_0fd1482c72f8,LABEL_1,0.999392,True,transition-physical,Local model,climatebert_multi_20260526T094302Z_3e9dfd
llm_dac2676c0aff,LABEL_1,0.999392,True,transition-physical,Local model,climatebert_multi_20260526T094302Z_3e9dfd
llm_6767b4c14bb4,LABEL_1,0.999392,True,transition-physical,Local model,climatebert_multi_20260526T094302Z_3e9dfd
llm_eb81166f1ce0,LABEL_1,0.999392,True,transition-physical,Local model,climatebert_multi_20260526T094302Z_3e9dfd
llm_905c4149bb7b,LABEL_1,0.999392,True,transition-physical,Local model,climatebert_multi_20260526T094302Z_3e9dfd
llm_e699a6431dde,LABEL_1,0.999392,True,transition-physical,Local model,climatebert_multi_20260526T094302Z_3e9dfd
llm_bdd3ac983a43,LABEL_1,0.999392,True,transition-physical,Local model,climatebert_multi_20260526T094302Z_3e9dfd
llm_baf4a4550716,LABEL_1,0.999392,True,transition-physical,Local model,climatebert_multi_20260526T094302Z_3e9dfd
llm_37598593d721,LABEL_1,0.999392,True,transition-physical,Local model,climatebert_multi_20260526T094302Z_3e9dfd
llm_ae36dc7e9c0a,LABEL_1,0.999392,True,transition-physical,Local model,climatebert_multi_20260526T094302Z_3e9dfd
llm_e7128456ba2c,LABEL_1,0.999392,True,transition-physical,Local model,climatebert_multi_20260526T094302Z_3e9dfd
llm_27d69929767e,LABEL_1,0.999392,True,transition-physical,Local model,climatebert_multi_20260526T094302Z_3e9dfd
llm_c0d7da61c088,LABEL_1,0.999392,True,transition-physical,Local model,climatebert_multi_20260526T094302Z_3e9dfd
llm_196ebd23fcc8,LABEL_1,0.999392,True,transition-physical,Local model,climatebert_multi_20260526T094302Z_3e9dfd
llm_de120cc0f4b9,LABEL_1,0.999392,True,transition-physical,Local model,climatebert_multi_20260526T094302Z_3e9dfd
llm_41475cd2b6ba,LABEL_1,0.999392,True,transition-physical,Local model,climatebert_multi_20260526T094302Z_3e9dfd
llm_aac2d8c22916,LABEL_1,0.999392,True,transition-physical,Local model,climatebert_multi_20260526T094302Z_3e9dfd
llm_31f690f5694d,LABEL_1,0.999392,True,transition-physical,Local model,climatebert_multi_20260526T094302Z_3e9dfd
llm_56d107bca409,LABEL_1,0.999392,True,transition-physical,Local model,climatebert_multi_20260526T094302Z_3e9dfd
llm_4d231edb2ab4,LABEL_1,0.999392,True,transition-physical,Local model,climatebert_multi_20260526T094302Z_3e9dfd
llm_2dcfd5cd5472,LABEL_1,0.999392,True,transition-physical,Local model,climatebert_multi_20260526T094302Z_3e9dfd
llm_afddd504f356,LABEL_1,0.999392,True,transition-physical,Local model,climatebert_multi_20260526T094302Z_3e9dfd
llm_b486aebf7192,LABEL_1,0.999392,True,transition-physical,Local model,climatebert_multi_20260526T094302Z_3e9dfd
llm_e64963a7d264,LABEL_1,0.999392,True,transition-physical,Local model,climatebert_multi_20260526T094302Z_3e9dfd
llm_a5016af21eb4,LABEL_1,0.999392,True,transition-physical,Local model,climatebert_multi_20260526T094302Z_3e9dfd
llm_5406b315b5ec,LABEL_1,0.999392,True,transition-physical,Local model,climatebert_multi_20260526T094302Z_3e9dfd
llm_65710c20a12e,LABEL_1,0.999392,True,transition-physical,Local model,climatebert_multi_20260526T094302Z_3e9dfd
llm_7279a5f73f93,LABEL_1,0.999392,True,transition-physical,Local model,climatebert_multi_20260526T094302Z_3e9dfd
llm_b75af506256d,LABEL_1,0.999392,True,transition-physical,Local model,climatebert_multi_20260526T094302Z_3e9dfd
llm_9ef71f2caf0c,LABEL_1,0.999392,True,transition-physical,Local model,climatebert_multi_20260526T094302Z_3e9dfd
llm_5cbce5b53f71,LABEL_1,0.999392,True,transition-physical,Local model,climatebert_multi_20260526T094302Z_3e9dfd
llm_dbf903104ba6,LABEL_1,0.999392,True,transition-physical,Local model,climatebert_multi_20260526T094302Z_3e9dfd
llm_e7dbd329863a,LABEL_1,0.999392,True,transition-physical,Local model,climatebert_multi_20260526T094302Z_3e9dfd
llm_e5e5b120ae59,LABEL_1,0.999392,True,transition-physical,Local model,climatebert_multi_20260526T094302Z_3e9dfd
llm_85757220405e,LABEL_1,0.999392,True,transition-physical,Local model,climatebert_multi_20260526T094302Z_3e9dfd
llm_737861eaf271,LABEL_1,0.999392,True,transition-physical,Local model,climatebert_multi_20260526T094302Z_3e9dfd
llm_c1fa8b1bc08d,LABEL_1,0.999392,True,transition-physical,Local model,climatebert_multi_20260526T094302Z_3e9dfd
llm_f44e5e31bb75,LABEL_1,0.999392,True,transition-physical,Local model,climatebert_multi_20260526T094302Z_3e9dfd
llm_327d485a9ee5,LABEL_1,0.999392,True,transition-physical,Local model,climatebert_multi_20260526T094302Z_3e9dfd
llm_aec0f8e6763e,LABEL_1,0.999392,True,transition-physical,Local model,climatebert_multi_20260526T094302Z_3e9dfd
llm_3b5957e27ebe,LABEL_1,0.999392,True,transition-physical,Local model,climatebert_multi_20260526T094302Z_3e9dfd
llm_55fe5df1e174,LABEL_1,0.999392,True,transition-physical,Local model,climatebert_multi_20260526T094302Z_3e9dfd
llm_84ad6201cd22,LABEL_1,0.999392,True,transition-physical,Local model,climatebert_multi_20260526T094302Z_3e9dfd
llm_09a736851261,LABEL_1,0.999392,True,transition-physical,Local model,climatebert_multi_20260526T094302Z_3e9dfd
llm_d76d66bc827b,LABEL_1,0.999392,True,transition-physical,Local model,climatebert_multi_20260526T094302Z_3e9dfd
llm_c1d60f113da2,LABEL_1,0.999392,True,transition-physical,Local model,climatebert_multi_20260526T094302Z_3e9dfd
llm_7b6f6b785a00,LABEL_1,0.999392,True,transition-physical,Local model,climatebert_multi_20260526T094302Z_3e9dfd
llm_335f67285b7f,LABEL_1,0.999392,True,transition-physical,Local model,climatebert_multi_20260526T094302Z_3e9dfd
llm_e6a0b51f1f6f,LABEL_1,0.999392,True,transition-physical,Local model,climatebert_multi_20260526T094302Z_3e9dfd
llm_80bc490660df,LABEL_1,0.999392,True,transition-physical,Local model,climatebert_multi_20260526T094302Z_3e9dfd
llm_7c4c2ca1e292,LABEL_1,0.999392,True,transition-physical,Local model,climatebert_multi_20260526T094302Z_3e9dfd
llm_86f8d6a86b21,LABEL_1,0.999392,True,transition-physical,Local model,climatebert_multi_20260526T094302Z_3e9dfd
llm_58c6f4c7c9fe,LABEL_1,0.999392,True,transition-physical,Local model,climatebert_multi_20260526T094302Z_3e9dfd
llm_c9549eeb0b01,LABEL_1,0.999392,True,transition-physical,Local model,climatebert_multi_20260526T094302Z_3e9dfd
llm_68fa82a6ba56,LABEL_1,0.999392,True,transition-physical,Local model,climatebert_multi_20260526T094302Z_3e9dfd
llm_733a4dbb7741,LABEL_1,0.999392,True,transition-physical,Local model,climatebert_multi_20260526T094302Z_3e9dfd
llm_6bbfc051bb51,LABEL_1,0.999392,True,transition-physical,Local model,climatebert_multi_20260526T094302Z_3e9dfd
llm_07f8f79cb1a7,LABEL_1,0.999392,True,transition-physical,Local model,climatebert_multi_20260526T094302Z_3e9dfd
llm_bb3ea0aa38fc,LABEL_1,0.999392,True,transition-physical,Local model,climatebert_multi_20260526T094302Z_3e9dfd
llm_edae203027bd,LABEL_1,0.999392,True,transition-physical,Local model,climatebert_multi_20260526T094302Z_3e9dfd
llm_976b7ceccc9c,LABEL_1,0.999392,True,transition-physical,Local model,climatebert_multi_20260526T094302Z_3e9dfd
llm_98cfe3f50046,LABEL_1,0.999392,True,transition-physical,Local model,climatebert_multi_20260526T094302Z_3e9dfd
llm_b805d92fd25c,LABEL_1,0.999392,True,transition-physical,Local model,climatebert_multi_20260526T094302Z_3e9dfd
llm_d1a67bda13ea,LABEL_1,0.999392,True,transition-physical,Local model,climatebert_multi_20260526T094302Z_3e9dfd
llm_38920bf6ae5b,LABEL_1,0.999392,True,transition-physical,Local model,climatebert_multi_20260526T094302Z_3e9dfd
llm_f55500000290,LABEL_1,0.999392,True,transition-physical,Local model,climatebert_multi_20260526T094302Z_3e9dfd
llm_8031208f4e61,LABEL_1,0.999392,True,transition-physical,Local model,climatebert_multi_20260526T094302Z_3e9dfd
llm_266f16ef5804,LABEL_1,0.999392,True,transition-physical,Local model,climatebert_multi_20260526T094302Z_3e9dfd
llm_ae3e5ce48a0e,LABEL_1,0.999392,True,transition-physical,Local model,climatebert_multi_20260526T094302Z_3e9dfd
llm_7a378cabb022,LABEL_1,0.999392,True,transition-physical,Local model,climatebert_multi_20260526T094302Z_3e9dfd
llm_72a2fdaf746d,LABEL_1,0.999392,True,transition-physical,Local model,climatebert_multi_20260526T094302Z_3e9dfd
llm_0947febd56e5,LABEL_1,0.999392,True,transition-physical,Local model,climatebert_multi_20260526T094302Z_3e9dfd
llm_b52e751065e2,LABEL_1,0.999392,True,transition-physical,Local model,climatebert_multi_20260526T094302Z_3e9dfd
llm_9d54b677443f,LABEL_1,0.999392,True,transition-physical,Local model,climatebert_multi_20260526T094302Z_3e9dfd
llm_506cc58878f1,LABEL_1,0.999392,True,transition-physical,Local model,climatebert_multi_20260526T094302Z_3e9dfd
llm_465605e79867,LABEL_1,0.999392,True,transition-physical,Local model,climatebert_multi_20260526T094302Z_3e9dfd
llm_3583b9c7d928,LABEL_1,0.999392,True,transition-physical,Local model,climatebert_multi_20260526T094302Z_3e9dfd
llm_79312cfb847a,LABEL_1,0.999392,True,transition-physical,Local model,climatebert_multi_20260526T094302Z_3e9dfd
llm_4a8b8e4acb4c,LABEL_1,0.999392,True,transition-physical,Local model,climatebert_multi_20260526T094302Z_3e9dfd
llm_b7bafa53663a,LABEL_1,0.999392,True,transition-physical,Local model,climatebert_multi_20260526T094302Z_3e9dfd
llm_be41fd5af895,LABEL_1,0.999392,True,transition-physical,Local model,climatebert_multi_20260526T094302Z_3e9dfd
llm_1f4acff96ec7,LABEL_1,0.999392,True,transition-physical,Local model,climatebert_multi_20260526T094302Z_3e9dfd
llm_d3239076b5d6,LABEL_1,0.999392,True,transition-physical,Local model,climatebert_multi_20260526T094302Z_3e9dfd
llm_8f1d4fb54b89,LABEL_1,0.999392,True,transition-physical,Local model,climatebert_multi_20260526T094302Z_3e9dfd
llm_4aa77ce2d36c,LABEL_1,0.999392,True,transition-physical,Local model,climatebert_multi_20260526T094302Z_3e9dfd
llm_fbbaadf9b35e,LABEL_1,0.999392,True,transition-physical,Local model,climatebert_multi_20260526T094302Z_3e9dfd
llm_460cd29005cb,LABEL_1,0.999392,True,transition-physical,Local model,climatebert_multi_20260526T094302Z_3e9dfd
llm_82b90771d05a,LABEL_1,0.999392,True,transition-physical,Local model,climatebert_multi_20260526T094302Z_3e9dfd
llm_28302a534610,LABEL_1,0.999392,True,transition-physical,Local model,climatebert_multi_20260526T094302Z_3e9dfd
llm_327cba57dba9,LABEL_1,0.999392,True,transition-physical,Local model,climatebert_multi_20260526T094302Z_3e9dfd
llm_d77254366980,LABEL_1,0.999392,True,transition-physical,Local model,climatebert_multi_20260526T094302Z_3e9dfd
llm_11934e342836,LABEL_1,0.999392,True,transition-physical,Local model,climatebert_multi_20260526T094302Z_3e9dfd
llm_e0a539189773,LABEL_1,0.999392,True,transition-physical,Local model,climatebert_multi_20260526T094302Z_3e9dfd
llm_9a20d91fbf1a,LABEL_1,0.999392,True,transition-physical,Local model,climatebert_multi_20260526T094302Z_3e9dfd
llm_9f6dd15b1992,LABEL_1,0.999392,True,transition-physical,Local model,climatebert_multi_20260526T094302Z_3e9dfd
llm_635dcd39d6c3,LABEL_1,0.999392,True,transition-physical,Local model,climatebert_multi_20260526T094302Z_3e9dfd
llm_ad37b8ec9795,LABEL_1,0.999392,True,transition-physical,Local model,climatebert_multi_20260526T094302Z_3e9dfd
llm_199deaf6ee74,LABEL_1,0.999392,True,transition-physical,Local model,climatebert_multi_20260526T094302Z_3e9dfd
llm_c9f4b15bf850,LABEL_1,0.999392,True,transition-physical,Local model,climatebert_multi_20260526T094302Z_3e9dfd
llm_8a4ebdef015c,LABEL_1,0.999392,True,transition-physical,Local model,climatebert_multi_20260526T094302Z_3e9dfd
llm_b7cc6a5982e7,LABEL_1,0.999392,True,transition-physical,Local model,climatebert_multi_20260526T094302Z_3e9dfd
llm_5013313fa4d6,LABEL_1,0.999392,True,transition-physical,Local model,climatebert_multi_20260526T094302Z_3e9dfd
llm_045d28bd8df5,LABEL_1,0.999392,True,transition-physical,Local model,climatebert_multi_20260526T094302Z_3e9dfd
llm_a641b4a0e56a,LABEL_1,0.999392,True,transition-physical,Local model,climatebert_multi_20260526T094302Z_3e9dfd
llm_046fb6357ea2,LABEL_1,0.999392,True,transition-physical,Local model,climatebert_multi_20260526T094302Z_3e9dfd
llm_b66a10264e97,LABEL_1,0.999392,True,transition-physical,Local model,climatebert_multi_20260526T094302Z_3e9dfd
llm_1e72482fbc1a,LABEL_1,0.999392,True,transition-physical,Local model,climatebert_multi_20260526T094302Z_3e9dfd
llm_1169f861ddff,LABEL_1,0.999392,True,transition-physical,Local model,climatebert_multi_20260526T094302Z_3e9dfd
llm_cbc49d12e6cf,LABEL_1,0.999392,True,transition-physical,Local model,climatebert_multi_20260526T094302Z_3e9dfd
llm_d3c47ac27c7d,LABEL_1,0.999392,True,transition-physical,Local model,climatebert_multi_20260526T094302Z_3e9dfd
llm_afbd0f41f7f0,LABEL_1,0.999392,True,transition-physical,Local model,climatebert_multi_20260526T094302Z_3e9dfd
llm_723b373693b3,LABEL_1,0.999392,True,transition-physical,Local model,climatebert_multi_20260526T094302Z_3e9dfd
llm_c29e58638a90,LABEL_1,0.999392,True,transition-physical,Local model,climatebert_multi_20260526T094302Z_3e9dfd
llm_4b619bcbcbd1,LABEL_1,0.999392,True,transition-physical,Local model,climatebert_multi_20260526T094302Z_3e9dfd
llm_292be51ff1a5,LABEL_1,0.999392,True,transition-physical,Local model,climatebert_multi_20260526T094302Z_3e9dfd
llm_45f36e2a6747,LABEL_1,0.999392,True,transition-physical,Local model,climatebert_multi_20260526T094302Z_3e9dfd
llm_4c010d358847,LABEL_1,0.999392,True,transition-physical,Local model,climatebert_multi_20260526T094302Z_3e9dfd
llm_411973375558,LABEL_1,0.999392,True,transition-physical,Local model,climatebert_multi_20260526T094302Z_3e9dfd
llm_94a54e3d5889,LABEL_1,0.999392,True,transition-physical,Local model,climatebert_multi_20260526T094302Z_3e9dfd
llm_2b70501b0d7b,LABEL_1,0.999392,True,transition-physical,Local model,climatebert_multi_20260526T094302Z_3e9dfd
llm_a235c391f980,LABEL_1,0.999392,True,transition-physical,Local model,climatebert_multi_20260526T094302Z_3e9dfd
llm_ddd88caead04,LABEL_1,0.999392,True,transition-physical,Local model,climatebert_multi_20260526T094302Z_3e9dfd
llm_9c933d80dcca,LABEL_1,0.999392,True,transition-physical,Local model,climatebert_multi_20260526T094302Z_3e9dfd
llm_f3c8e89c64f2,LABEL_1,0.999392,True,transition-physical,Local model,climatebert_multi_20260526T094302Z_3e9dfd
llm_a90b218e761e,LABEL_1,0.999392,True,transition-physical,Local model,climatebert_multi_20260526T094302Z_3e9dfd
llm_1148e97796c0,LABEL_1,0.999392,True,transition-physical,Local model,climatebert_multi_20260526T094302Z_3e9dfd
llm_36d682ef265c,LABEL_1,0.999392,True,transition-physical,Local model,climatebert_multi_20260526T094302Z_3e9dfd
llm_8305f6795c1b,LABEL_1,0.999392,True,transition-physical,Local model,climatebert_multi_20260526T094302Z_3e9dfd
llm_21f353bde7d8,LABEL_1,0.999392,True,transition-physical,Local model,climatebert_multi_20260526T094302Z_3e9dfd
llm_cf69c963250a,LABEL_1,0.999392,True,transition-physical,Local model,climatebert_multi_20260526T094302Z_3e9dfd
llm_dcec21be915e,LABEL_1,0.999392,True,transition-physical,Local model,climatebert_multi_20260526T094302Z_3e9dfd
llm_ee6737f60406,LABEL_1,0.999392,True,transition-physical,Local model,climatebert_multi_20260526T094302Z_3e9dfd
llm_89fa744710ee,LABEL_1,0.999392,True,transition-physical,Local model,climatebert_multi_20260526T094302Z_3e9dfd
llm_493c3639f425,LABEL_1,0.999392,True,transition-physical,Local model,climatebert_multi_20260526T094302Z_3e9dfd
llm_b90f38bb936b,LABEL_1,0.999392,True,transition-physical,Local model,climatebert_multi_20260526T094302Z_3e9dfd
llm_2c04f35a997c,LABEL_1,0.999392,True,transition-physical,Local model,climatebert_multi_20260526T094302Z_3e9dfd
llm_f9ab19a8ce59,LABEL_1,0.999392,True,transition-physical,Local model,climatebert_multi_20260526T094302Z_3e9dfd
llm_c0c8672b17d9,LABEL_1,0.999392,True,transition-physical,Local model,climatebert_multi_20260526T094302Z_3e9dfd
llm_2f0df3619024,LABEL_1,0.999392,True,transition-physical,Local model,climatebert_multi_20260526T094302Z_3e9dfd
llm_ddfccdce47cb,LABEL_1,0.999392,True,transition-physical,Local model,climatebert_multi_20260526T094302Z_3e9dfd
llm_1ab9f24cf578,LABEL_1,0.999392,True,transition-physical,Local model,climatebert_multi_20260526T094302Z_3e9dfd
llm_398db2a34d7e,LABEL_1,0.999392,True,transition-physical,Local model,climatebert_multi_20260526T094302Z_3e9dfd
llm_caf84b6d4f51,LABEL_1,0.999392,True,transition-physical,Local model,climatebert_multi_20260526T094302Z_3e9dfd
llm_ef927237a1d0,LABEL_1,0.999392,True,transition-physical,Local model,climatebert_multi_20260526T094302Z_3e9dfd
llm_f855a41bf14c,LABEL_1,0.999392,True,transition-physical,Local model,climatebert_multi_20260526T094302Z_3e9dfd
llm_6c9089c366f9,LABEL_1,0.999392,True,transition-physical,Local model,climatebert_multi_20260526T094302Z_3e9dfd
llm_5d0c914daab9,LABEL_1,0.999392,True,transition-physical,Local model,climatebert_multi_20260526T094302Z_3e9dfd
llm_07d2ee24324f,LABEL_1,0.999392,True,transition-physical,Local model,climatebert_multi_20260526T094302Z_3e9dfd
llm_0d4bdecfd455,LABEL_1,0.999392,True,transition-physical,Local model,climatebert_multi_20260526T094302Z_3e9dfd
llm_e7f8d624b2cb,LABEL_1,0.999392,True,transition-physical,Local model,climatebert_multi_20260526T094302Z_3e9dfd
llm_01370a61e307,LABEL_1,0.999392,True,transition-physical,Local model,climatebert_multi_20260526T094302Z_3e9dfd
llm_5407343c41a6,LABEL_1,0.999392,True,transition-physical,Local model,climatebert_multi_20260526T094302Z_3e9dfd
llm_cdd4a351f5ce,LABEL_1,0.999392,True,transition-physical,Local model,climatebert_multi_20260526T094302Z_3e9dfd
llm_98dc789d1cd8,LABEL_1,0.999392,True,transition-physical,Local model,climatebert_multi_20260526T094302Z_3e9dfd
llm_f4a5a255fd12,LABEL_1,0.999392,True,transition-physical,Local model,climatebert_multi_20260526T094302Z_3e9dfd
llm_5bbbf05e4cf7,LABEL_1,0.999392,True,transition-physical,Local model,climatebert_multi_20260526T094302Z_3e9dfd
llm_31b23123a217,LABEL_1,0.999392,True,transition-physical,Local model,climatebert_multi_20260526T094302Z_3e9dfd
llm_af641cd5dd85,LABEL_1,0.999392,True,transition-physical,Local model,climatebert_multi_20260526T094302Z_3e9dfd
llm_437c2910b9f0,LABEL_1,0.999392,True,transition-physical,Local model,climatebert_multi_20260526T094302Z_3e9dfd
llm_9f540e050ae3,LABEL_1,0.999392,True,transition-physical,Local model,climatebert_multi_20260526T094302Z_3e9dfd
llm_3e031c2b2aae,LABEL_1,0.999392,True,transition-physical,Local model,climatebert_multi_20260526T094302Z_3e9dfd
llm_6ef01a1d95fd,LABEL_1,0.999392,True,transition-physical,Local model,climatebert_multi_20260526T094302Z_3e9dfd
llm_6bf8ac90b237,LABEL_1,0.999392,True,transition-physical,Local model,climatebert_multi_20260526T094302Z_3e9dfd
llm_5182b334471c,LABEL_1,0.999392,True,transition-physical,Local model,climatebert_multi_20260526T094302Z_3e9dfd
llm_95c6effab4e5,LABEL_1,0.999392,True,transition-physical,Local model,climatebert_multi_20260526T094302Z_3e9dfd
llm_440889f90bfd,LABEL_1,0.999392,True,transition-physical,Local model,climatebert_multi_20260526T094302Z_3e9dfd
llm_e057f733a1f8,LABEL_1,0.999392,True,transition-physical,Local model,climatebert_multi_20260526T094302Z_3e9dfd
llm_7fbebc52a459,LABEL_1,0.999392,True,transition-physical,Local model,climatebert_multi_20260526T094302Z_3e9dfd
llm_d1ee4ae3825f,LABEL_1,0.999392,True,transition-physical,Local model,climatebert_multi_20260526T094302Z_3e9dfd
llm_cb5a5a01ab02,LABEL_1,0.999392,True,transition-physical,Local model,climatebert_multi_20260526T094302Z_3e9dfd
llm_3d25265f9a34,LABEL_1,0.999392,True,transition-physical,Local model,climatebert_multi_20260526T094302Z_3e9dfd
llm_7c25172e081d,LABEL_1,0.999392,True,transition-physical,Local model,climatebert_multi_20260526T094302Z_3e9dfd
llm_39c67102dfdc,LABEL_1,0.999392,True,transition-physical,Local model,climatebert_multi_20260526T094302Z_3e9dfd
llm_227cbdbf6671,LABEL_1,0.999392,True,transition-physical,Local model,climatebert_multi_20260526T094302Z_3e9dfd
llm_10b129f52915,LABEL_1,0.999392,True,transition-physical,Local model,climatebert_multi_20260526T094302Z_3e9dfd
llm_d7f993a68fde,LABEL_1,0.999392,True,transition-physical,Local model,climatebert_multi_20260526T094302Z_3e9dfd
llm_185da4d4155d,LABEL_1,0.999392,True,transition-physical,Local model,climatebert_multi_20260526T094302Z_3e9dfd
llm_0694a200448b,LABEL_1,0.999392,True,transition-physical,Local model,climatebert_multi_20260526T094302Z_3e9dfd
llm_6806a40be756,LABEL_1,0.999392,True,transition-physical,Local model,climatebert_multi_20260526T094302Z_3e9dfd
llm_62cae478c24c,LABEL_1,0.999392,True,transition-physical,Local model,climatebert_multi_20260526T094302Z_3e9dfd
llm_aef825608c5d,LABEL_1,0.999392,True,transition-physical,Local model,climatebert_multi_20260526T094302Z_3e9dfd
llm_50d4fa4bc602,LABEL_1,0.999392,True,transition-physical,Local model,climatebert_multi_20260526T094302Z_3e9dfd
llm_f4353d9d9fa0,LABEL_1,0.999392,True,transition-physical,Local model,climatebert_multi_20260526T094302Z_3e9dfd
llm_93a3188a2339,LABEL_1,0.999392,True,transition-physical,Local model,climatebert_multi_20260526T094302Z_3e9dfd
llm_760b738d6b26,LABEL_1,0.999392,True,transition-physical,Local model,climatebert_multi_20260526T094302Z_3e9dfd
llm_3bc253966ead,LABEL_1,0.999392,True,transition-physical,Local model,climatebert_multi_20260526T094302Z_3e9dfd
llm_672f2a34010c,LABEL_1,0.999392,True,transition-physical,Local model,climatebert_multi_20260526T094302Z_3e9dfd
llm_532d0cd073e9,LABEL_1,0.999392,True,transition-physical,Local model,climatebert_multi_20260526T094302Z_3e9dfd
llm_46e1e6a5d8a7,LABEL_1,0.999392,True,transition-physical,Local model,climatebert_multi_20260526T094302Z_3e9dfd
llm_932c6ee7a625,LABEL_1,0.999392,True,transition-physical,Local model,climatebert_multi_20260526T094302Z_3e9dfd
llm_cb530067be63,LABEL_1,0.999392,True,transition-physical,Local model,climatebert_multi_20260526T094302Z_3e9dfd
llm_49284b9a3219,LABEL_1,0.999392,True,transition-physical,Local model,climatebert_multi_20260526T094302Z_3e9dfd
llm_4bed865228c0,LABEL_1,0.999392,True,transition-physical,Local model,climatebert_multi_20260526T094302Z_3e9dfd
llm_0e8f55817765,LABEL_1,0.999392,True,transition-physical,Local model,climatebert_multi_20260526T094302Z_3e9dfd
llm_d1230149a562,LABEL_1,0.999392,True,transition-physical,Local model,climatebert_multi_20260526T094302Z_3e9dfd
llm_b05826143b9b,LABEL_1,0.999392,True,transition-physical,Local model,climatebert_multi_20260526T094302Z_3e9dfd
llm_65175ed3423b,LABEL_1,0.999392,True,transition-physical,Local model,climatebert_multi_20260526T094302Z_3e9dfd
llm_e8177e9d5aa2,LABEL_1,0.999392,True,transition-physical,Local model,climatebert_multi_20260526T094302Z_3e9dfd
llm_18dd2ce01ce8,LABEL_1,0.999392,True,transition-physical,Local model,climatebert_multi_20260526T094302Z_3e9dfd
llm_2fb24bfa08bf,LABEL_1,0.999392,True,transition-physical,Local model,climatebert_multi_20260526T094302Z_3e9dfd
llm_69242a378ae6,LABEL_1,0.999392,True,transition-physical,Local model,climatebert_multi_20260526T094302Z_3e9dfd
llm_0fe200efe51d,LABEL_1,0.999392,True,transition-physical,Local model,climatebert_multi_20260526T094302Z_3e9dfd
llm_661f17e33bfb,LABEL_1,0.999392,True,transition-physical,Local model,climatebert_multi_20260526T094302Z_3e9dfd
llm_37039219337a,LABEL_1,0.999392,True,transition-physical,Local model,climatebert_multi_20260526T094302Z_3e9dfd
llm_bdae28c18f19,LABEL_1,0.999392,True,transition-physical,Local model,climatebert_multi_20260526T094302Z_3e9dfd
llm_3c240750edf6,LABEL_1,0.999392,True,transition-physical,Local model,climatebert_multi_20260526T094302Z_3e9dfd
llm_5afed602ce6d,LABEL_1,0.999392,True,transition-physical,Local model,climatebert_multi_20260526T094302Z_3e9dfd
llm_6830f838e3aa,LABEL_1,0.999392,True,transition-physical,Local model,climatebert_multi_20260526T094302Z_3e9dfd
llm_bb7dd7f693b4,LABEL_1,0.999392,True,transition-physical,Local model,climatebert_multi_20260526T094302Z_3e9dfd
llm_f6012afb1e66,LABEL_1,0.999392,True,transition-physical,Local model,climatebert_multi_20260526T094302Z_3e9dfd
llm_17954c707a94,LABEL_1,0.999392,True,transition-physical,Local model,climatebert_multi_20260526T094302Z_3e9dfd
llm_5fff5fd7a9c2,LABEL_1,0.999392,True,transition-physical,Local model,climatebert_multi_20260526T094302Z_3e9dfd
llm_b41a1cb0b7e2,LABEL_1,0.999392,True,transition-physical,Local model,climatebert_multi_20260526T094302Z_3e9dfd
llm_be3a42f0071d,LABEL_1,0.999392,True,transition-physical,Local model,climatebert_multi_20260526T094302Z_3e9dfd
llm_044d4c32fd59,LABEL_1,0.999392,True,transition-physical,Local model,climatebert_multi_20260526T094302Z_3e9dfd
llm_57bb2e90e38e,LABEL_1,0.999392,True,transition-physical,Local model,climatebert_multi_20260526T094302Z_3e9dfd
llm_ae960aada6a4,LABEL_1,0.999392,True,transition-physical,Local model,climatebert_multi_20260526T094302Z_3e9dfd
llm_68d083125029,LABEL_1,0.999392,True,transition-physical,Local model,climatebert_multi_20260526T094302Z_3e9dfd
llm_40ae7d0f3450,LABEL_1,0.999392,True,transition-physical,Local model,climatebert_multi_20260526T094302Z_3e9dfd
llm_988fbea8bac7,LABEL_1,0.999392,True,transition-physical,Local model,climatebert_multi_20260526T094302Z_3e9dfd
llm_ae2c979b0838,LABEL_1,0.999392,True,transition-physical,Local model,climatebert_multi_20260526T094302Z_3e9dfd
llm_9f7fb2a4845a,LABEL_1,0.999392,True,transition-physical,Local model,climatebert_multi_20260526T094302Z_3e9dfd
llm_548be95ef276,LABEL_1,0.999392,True,transition-physical,Local model,climatebert_multi_20260526T094302Z_3e9dfd
llm_2e807ed64bef,LABEL_1,0.999392,True,transition-physical,Local model,climatebert_multi_20260526T094302Z_3e9dfd
llm_daaab5b3bd7b,LABEL_1,0.999392,True,transition-physical,Local model,climatebert_multi_20260526T094302Z_3e9dfd
llm_a0058705a221,LABEL_1,0.999392,True,transition-physical,Local model,climatebert_multi_20260526T094302Z_3e9dfd
llm_a590cd25a91c,LABEL_1,0.999392,True,transition-physical,Local model,climatebert_multi_20260526T094302Z_3e9dfd
llm_ebf48cd67b2e,LABEL_1,0.999392,True,transition-physical,Local model,climatebert_multi_20260526T094302Z_3e9dfd
llm_28f6dab90e46,LABEL_1,0.999392,True,transition-physical,Local model,climatebert_multi_20260526T094302Z_3e9dfd
llm_40379bfe2f25,LABEL_1,0.999392,True,transition-physical,Local model,climatebert_multi_20260526T094302Z_3e9dfd
llm_398c8b222965,LABEL_1,0.999392,True,transition-physical,Local model,climatebert_multi_20260526T094302Z_3e9dfd
llm_4a495143a2c9,LABEL_1,0.999392,True,transition-physical,Local model,climatebert_multi_20260526T094302Z_3e9dfd
llm_be170a075b21,LABEL_1,0.999392,True,transition-physical,Local model,climatebert_multi_20260526T094302Z_3e9dfd
llm_79a32049f3df,LABEL_1,0.999392,True,transition-physical,Local model,climatebert_multi_20260526T094302Z_3e9dfd
llm_34fbd1bc3c2c,LABEL_1,0.999392,True,transition-physical,Local model,climatebert_multi_20260526T094302Z_3e9dfd
llm_c686b8b99d79,LABEL_1,0.999392,True,transition-physical,Local model,climatebert_multi_20260526T094302Z_3e9dfd
llm_a74a1d1c0607,LABEL_1,0.999392,True,transition-physical,Local model,climatebert_multi_20260526T094302Z_3e9dfd
llm_63a238dfe531,LABEL_1,0.999392,True,transition-physical,Local model,climatebert_multi_20260526T094302Z_3e9dfd
llm_1980ab48d59c,LABEL_1,0.999392,True,transition-physical,Local model,climatebert_multi_20260526T094302Z_3e9dfd
llm_a1a63a146d77,LABEL_1,0.999392,True,transition-physical,Local model,climatebert_multi_20260526T094302Z_3e9dfd
llm_a767386f3de1,LABEL_1,0.999392,True,transition-physical,Local model,climatebert_multi_20260526T094302Z_3e9dfd
llm_721b763dc4bb,LABEL_1,0.999392,True,transition-physical,Local model,climatebert_multi_20260526T094302Z_3e9dfd
llm_b88426d59d56,LABEL_1,0.999392,True,transition-physical,Local model,climatebert_multi_20260526T094302Z_3e9dfd
llm_870b0460e0b0,LABEL_1,0.999392,True,transition-physical,Local model,climatebert_multi_20260526T094302Z_3e9dfd
llm_6bf1875709c1,LABEL_1,0.999392,True,transition-physical,Local model,climatebert_multi_20260526T094302Z_3e9dfd
llm_2e2ce915ccd5,LABEL_1,0.999392,True,transition-physical,Local model,climatebert_multi_20260526T094302Z_3e9dfd
llm_be5223200d3b,LABEL_1,0.999392,True,transition-physical,Local model,climatebert_multi_20260526T094302Z_3e9dfd
llm_31a5f46d89c8,LABEL_1,0.999392,True,transition-physical,Local model,climatebert_multi_20260526T094302Z_3e9dfd
llm_1baae3006418,LABEL_1,0.999392,True,transition-physical,Local model,climatebert_multi_20260526T094302Z_3e9dfd
llm_0e0cb1540bd6,LABEL_1,0.999392,True,transition-physical,Local model,climatebert_multi_20260526T094302Z_3e9dfd
llm_4270892c5fec,LABEL_1,0.999392,True,transition-physical,Local model,climatebert_multi_20260526T094302Z_3e9dfd
llm_185d2cf43f3f,LABEL_1,0.999392,True,transition-physical,Local model,climatebert_multi_20260526T094302Z_3e9dfd
llm_d0c5730b3e5d,LABEL_1,0.999392,True,transition-physical,Local model,climatebert_multi_20260526T094302Z_3e9dfd
llm_130592777f04,LABEL_1,0.999392,True,transition-physical,Local model,climatebert_multi_20260526T094302Z_3e9dfd
llm_fe17d5e34793,LABEL_1,0.999392,True,transition-physical,Local model,climatebert_multi_20260526T094302Z_3e9dfd
llm_2671050e71ec,LABEL_1,0.999392,True,transition-physical,Local model,climatebert_multi_20260526T094302Z_3e9dfd
llm_4413c75fe212,LABEL_1,0.999392,True,transition-physical,Local model,climatebert_multi_20260526T094302Z_3e9dfd
llm_01c38aad9fd5,LABEL_1,0.999392,True,transition-physical,Local model,climatebert_multi_20260526T094302Z_3e9dfd
llm_25003a01cad1,LABEL_1,0.999392,True,transition-physical,Local model,climatebert_multi_20260526T094302Z_3e9dfd
llm_d33930435f2f,LABEL_1,0.999392,True,transition-physical,Local model,climatebert_multi_20260526T094302Z_3e9dfd
llm_aea3bc1128c1,LABEL_1,0.999392,True,transition-physical,Local model,climatebert_multi_20260526T094302Z_3e9dfd
llm_bbbcd6d361b6,LABEL_1,0.999392,True,transition-physical,Local model,climatebert_multi_20260526T094302Z_3e9dfd
llm_f13bf14ed4a4,LABEL_1,0.999392,True,transition-physical,Local model,climatebert_multi_20260526T094302Z_3e9dfd
llm_8956c3f5818c,LABEL_1,0.999392,True,transition-physical,Local model,climatebert_multi_20260526T094302Z_3e9dfd
llm_884ce84406d3,LABEL_1,0.999392,True,transition-physical,Local model,climatebert_multi_20260526T094302Z_3e9dfd
llm_78c7dc90d2bb,LABEL_1,0.999392,True,transition-physical,Local model,climatebert_multi_20260526T094302Z_3e9dfd
llm_e59b67347f6a,LABEL_1,0.999392,True,transition-physical,Local model,climatebert_multi_20260526T094302Z_3e9dfd
llm_178cd5d6ad25,LABEL_1,0.999392,True,transition-physical,Local model,climatebert_multi_20260526T094302Z_3e9dfd
llm_abab126b6154,LABEL_1,0.999392,True,transition-physical,Local model,climatebert_multi_20260526T094302Z_3e9dfd
llm_13d8025d6aac,LABEL_1,0.999392,True,transition-physical,Local model,climatebert_multi_20260526T094302Z_3e9dfd
llm_06e6aa4a6b64,LABEL_1,0.999392,True,transition-physical,Local model,climatebert_multi_20260526T094302Z_3e9dfd
llm_f0772e9618c7,LABEL_1,0.999392,True,transition-physical,Local model,climatebert_multi_20260526T094302Z_3e9dfd
llm_1789a53799ad,LABEL_1,0.999392,True,transition-physical,Local model,climatebert_multi_20260526T094302Z_3e9dfd
llm_c4e2d5ebd447,LABEL_1,0.999392,True,transition-physical,Local model,climatebert_multi_20260526T094302Z_3e9dfd
llm_3c04bf8ebf61,LABEL_1,0.999392,True,transition-physical,Local model,climatebert_multi_20260526T094302Z_3e9dfd
llm_be9faf87fce8,LABEL_1,0.999392,True,transition-physical,Local model,climatebert_multi_20260526T094302Z_3e9dfd
llm_5ccfb0ceb8df,LABEL_1,0.999392,True,transition-physical,Local model,climatebert_multi_20260526T094302Z_3e9dfd
llm_6f4e9c89df31,LABEL_1,0.999392,True,transition-physical,Local model,climatebert_multi_20260526T094302Z_3e9dfd
llm_4f8e87faa3f2,LABEL_1,0.999392,True,transition-physical,Local model,climatebert_multi_20260526T094302Z_3e9dfd
llm_5f684b092462,LABEL_1,0.999392,True,transition-physical,Local model,climatebert_multi_20260526T094302Z_3e9dfd
llm_120f3c6879d4,LABEL_1,0.999392,True,transition-physical,Local model,climatebert_multi_20260526T094302Z_3e9dfd
llm_655a6e907799,LABEL_1,0.999392,True,transition-physical,Local model,climatebert_multi_20260526T094302Z_3e9dfd
llm_af433b508ee1,LABEL_1,0.999392,True,transition-physical,Local model,climatebert_multi_20260526T094302Z_3e9dfd
llm_3e3818facc1e,LABEL_1,0.999392,True,transition-physical,Local model,climatebert_multi_20260526T094302Z_3e9dfd
llm_ed5b217e7ccf,LABEL_1,0.999392,True,transition-physical,Local model,climatebert_multi_20260526T094302Z_3e9dfd
llm_1c94213a98f4,LABEL_1,0.999392,True,transition-physical,Local model,climatebert_multi_20260526T094302Z_3e9dfd
llm_6d1b2657e20b,LABEL_1,0.999392,True,transition-physical,Local model,climatebert_multi_20260526T094302Z_3e9dfd
llm_b04fe0c8da95,LABEL_1,0.999392,True,transition-physical,Local model,climatebert_multi_20260526T094302Z_3e9dfd
llm_7abac2a7de5a,LABEL_1,0.999392,True,transition-physical,Local model,climatebert_multi_20260526T094302Z_3e9dfd
llm_95c770fb074d,LABEL_1,0.999392,True,transition-physical,Local model,climatebert_multi_20260526T094302Z_3e9dfd
llm_c335bf00a33b,LABEL_1,0.999392,True,transition-physical,Local model,climatebert_multi_20260526T094302Z_3e9dfd
llm_aa660b6c411d,LABEL_1,0.999392,True,transition-physical,Local model,climatebert_multi_20260526T094302Z_3e9dfd
llm_abe3bb143460,LABEL_1,0.999392,True,transition-physical,Local model,climatebert_multi_20260526T094302Z_3e9dfd
llm_31b027cfafcc,LABEL_1,0.999392,True,transition-physical,Local model,climatebert_multi_20260526T094302Z_3e9dfd
llm_01d81a03fe6e,LABEL_1,0.999392,True,transition-physical,Local model,climatebert_multi_20260526T094302Z_3e9dfd
llm_3ca6df5082b7,LABEL_1,0.999392,True,transition-physical,Local model,climatebert_multi_20260526T094302Z_3e9dfd
llm_1ddfcae8bca0,LABEL_1,0.999392,True,transition-physical,Local model,climatebert_multi_20260526T094302Z_3e9dfd
llm_c8d5d93b15d2,LABEL_1,0.999392,True,transition-physical,Local model,climatebert_multi_20260526T094302Z_3e9dfd
llm_a88ebacf8359,LABEL_1,0.999392,True,transition-physical,Local model,climatebert_multi_20260526T094302Z_3e9dfd
llm_c93bba4329b2,LABEL_1,0.999392,True,transition-physical,Local model,climatebert_multi_20260526T094302Z_3e9dfd
llm_4a56d3b7b76f,LABEL_1,0.999392,True,transition-physical,Local model,climatebert_multi_20260526T094302Z_3e9dfd
llm_3ccc05a7d22e,LABEL_1,0.999392,True,transition-physical,Local model,climatebert_multi_20260526T094302Z_3e9dfd
llm_7426047416ff,LABEL_1,0.999392,True,transition-physical,Local model,climatebert_multi_20260526T094302Z_3e9dfd
llm_27fb7da122cf,LABEL_1,0.999392,True,transition-physical,Local model,climatebert_multi_20260526T094302Z_3e9dfd
llm_4fcdd6009dee,LABEL_1,0.999392,True,transition-physical,Local model,climatebert_multi_20260526T094302Z_3e9dfd
llm_7587da6f7b63,LABEL_1,0.999392,True,transition-physical,Local model,climatebert_multi_20260526T094302Z_3e9dfd
llm_c8788e791ede,LABEL_1,0.999392,True,transition-physical,Local model,climatebert_multi_20260526T094302Z_3e9dfd
llm_87a45483295b,LABEL_1,0.999392,True,transition-physical,Local model,climatebert_multi_20260526T094302Z_3e9dfd
llm_4c2efd79fcd8,LABEL_1,0.999392,True,transition-physical,Local model,climatebert_multi_20260526T094302Z_3e9dfd
llm_d1b3145bfdd3,LABEL_1,0.999392,True,transition-physical,Local model,climatebert_multi_20260526T094302Z_3e9dfd
llm_1b67189ef270,LABEL_1,0.999392,True,transition-physical,Local model,climatebert_multi_20260526T094302Z_3e9dfd
llm_031521742471,LABEL_1,0.999392,True,transition-physical,Local model,climatebert_multi_20260526T094302Z_3e9dfd
llm_5fd2d087e191,LABEL_1,0.999392,True,transition-physical,Local model,climatebert_multi_20260526T094302Z_3e9dfd
llm_301ba7bac457,LABEL_1,0.999392,True,transition-physical,Local model,climatebert_multi_20260526T094302Z_3e9dfd
llm_9a8b71d46d89,LABEL_1,0.999392,True,transition-physical,Local model,climatebert_multi_20260526T094302Z_3e9dfd
llm_eb9082951343,LABEL_1,0.999392,True,transition-physical,Local model,climatebert_multi_20260526T094302Z_3e9dfd
llm_06a426abd8b5,LABEL_1,0.999392,True,transition-physical,Local model,climatebert_multi_20260526T094302Z_3e9dfd
llm_2fb752cf0eff,LABEL_1,0.999392,True,transition-physical,Local model,climatebert_multi_20260526T094302Z_3e9dfd
llm_d7f80046ad00,LABEL_1,0.999392,True,transition-physical,Local model,climatebert_multi_20260526T094302Z_3e9dfd
llm_c8202352d953,LABEL_1,0.999392,True,transition-physical,Local model,climatebert_multi_20260526T094302Z_3e9dfd
llm_7a6af6c31826,LABEL_1,0.999392,True,transition-physical,Local model,climatebert_multi_20260526T094302Z_3e9dfd
llm_b7100cd05e5a,LABEL_1,0.999392,True,transition-physical,Local model,climatebert_multi_20260526T094302Z_3e9dfd
llm_d958721c7751,LABEL_1,0.999392,True,transition-physical,Local model,climatebert_multi_20260526T094302Z_3e9dfd
llm_a152b8ec3f4d,LABEL_1,0.999392,True,transition-physical,Local model,climatebert_multi_20260526T094302Z_3e9dfd
llm_3d90bc5101e6,LABEL_1,0.999392,True,transition-physical,Local model,climatebert_multi_20260526T094302Z_3e9dfd
llm_1f2c0c2fcb3f,LABEL_1,0.999392,True,transition-physical,Local model,climatebert_multi_20260526T094302Z_3e9dfd
llm_92e844234764,LABEL_1,0.999392,True,transition-physical,Local model,climatebert_multi_20260526T094302Z_3e9dfd
llm_886e190a1c61,LABEL_1,0.999392,True,transition-physical,Local model,climatebert_multi_20260526T094302Z_3e9dfd
llm_6aad672886bb,LABEL_1,0.999392,True,transition-physical,Local model,climatebert_multi_20260526T094302Z_3e9dfd
llm_b8d16f715aae,LABEL_1,0.999392,True,transition-physical,Local model,climatebert_multi_20260526T094302Z_3e9dfd
llm_e8bf24e209b5,LABEL_1,0.999392,True,transition-physical,Local model,climatebert_multi_20260526T094302Z_3e9dfd
llm_0dd1b8cc9fcb,LABEL_1,0.999392,True,transition-physical,Local model,climatebert_multi_20260526T094302Z_3e9dfd
llm_b6c2e39855df,LABEL_1,0.999392,True,transition-physical,Local model,climatebert_multi_20260526T094302Z_3e9dfd
llm_1d549d3ed13f,LABEL_1,0.999392,True,transition-physical,Local model,climatebert_multi_20260526T094302Z_3e9dfd
llm_1d2dcef199a2,LABEL_1,0.999392,True,transition-physical,Local model,climatebert_multi_20260526T094302Z_3e9dfd
llm_b2019b1ed42f,LABEL_1,0.999392,True,transition-physical,Local model,climatebert_multi_20260526T094302Z_3e9dfd
llm_729261550703,LABEL_1,0.999392,True,transition-physical,Local model,climatebert_multi_20260526T094302Z_3e9dfd
llm_471c41dc3ae1,LABEL_1,0.999392,True,transition-physical,Local model,climatebert_multi_20260526T094302Z_3e9dfd
llm_5ded88296ce2,LABEL_1,0.999392,True,transition-physical,Local model,climatebert_multi_20260526T094302Z_3e9dfd
llm_c8fff7bbc769,LABEL_1,0.999392,True,transition-physical,Local model,climatebert_multi_20260526T094302Z_3e9dfd
llm_a82e8e543ded,LABEL_1,0.999392,True,transition-physical,Local model,climatebert_multi_20260526T094302Z_3e9dfd
llm_f33c8ad779ad,LABEL_1,0.999392,True,transition-physical,Local model,climatebert_multi_20260526T094302Z_3e9dfd
llm_877fbfe560ec,LABEL_1,0.999392,True,transition-physical,Local model,climatebert_multi_20260526T094302Z_3e9dfd
llm_a998cdd3a24e,LABEL_1,0.999392,True,transition-physical,Local model,climatebert_multi_20260526T094302Z_3e9dfd
llm_93b62b114a08,LABEL_1,0.999392,True,transition-physical,Local model,climatebert_multi_20260526T094302Z_3e9dfd
llm_210b91f68d32,LABEL_1,0.999392,True,transition-physical,Local model,climatebert_multi_20260526T094302Z_3e9dfd
llm_1240b58d5bb0,LABEL_1,0.999392,True,transition-physical,Local model,climatebert_multi_20260526T094302Z_3e9dfd
llm_4f95d59447bf,LABEL_1,0.999392,True,transition-physical,Local model,climatebert_multi_20260526T094302Z_3e9dfd
llm_19d7e4e2d5c5,LABEL_1,0.999392,True,transition-physical,Local model,climatebert_multi_20260526T094302Z_3e9dfd
llm_6a472a864c16,LABEL_1,0.999392,True,transition-physical,Local model,climatebert_multi_20260526T094302Z_3e9dfd
llm_2162c54aba84,LABEL_1,0.999392,True,transition-physical,Local model,climatebert_multi_20260526T094302Z_3e9dfd
llm_dbaf1bc4fcdc,LABEL_1,0.999392,True,transition-physical,Local model,climatebert_multi_20260526T094302Z_3e9dfd
llm_a1724e3b8c93,LABEL_1,0.999392,True,transition-physical,Local model,climatebert_multi_20260526T094302Z_3e9dfd
llm_ffd65685ddb7,LABEL_1,0.999392,True,transition-physical,Local model,climatebert_multi_20260526T094302Z_3e9dfd
llm_4817eafb69f7,LABEL_1,0.999392,True,transition-physical,Local model,climatebert_multi_20260526T094302Z_3e9dfd
llm_7f65f90bf313,LABEL_1,0.999392,True,transition-physical,Local model,climatebert_multi_20260526T094302Z_3e9dfd
llm_3312a8fdf93d,LABEL_1,0.999392,True,transition-physical,Local model,climatebert_multi_20260526T094302Z_3e9dfd
llm_e2138167e65d,LABEL_1,0.999392,True,transition-physical,Local model,climatebert_multi_20260526T094302Z_3e9dfd
llm_49fca05d28ff,LABEL_1,0.999392,True,transition-physical,Local model,climatebert_multi_20260526T094302Z_3e9dfd
llm_80572275812a,LABEL_1,0.999392,True,transition-physical,Local model,climatebert_multi_20260526T094302Z_3e9dfd
llm_fadc3e6f488f,LABEL_1,0.999392,True,transition-physical,Local model,climatebert_multi_20260526T094302Z_3e9dfd
llm_f975fb09c461,LABEL_1,0.999392,True,transition-physical,Local model,climatebert_multi_20260526T094302Z_3e9dfd
llm_460d43736d1d,LABEL_1,0.999392,True,transition-physical,Local model,climatebert_multi_20260526T094302Z_3e9dfd
llm_58ec4a099937,LABEL_1,0.999392,True,transition-physical,Local model,climatebert_multi_20260526T094302Z_3e9dfd
llm_6ae48cfc438f,LABEL_1,0.999392,True,transition-physical,Local model,climatebert_multi_20260526T094302Z_3e9dfd
llm_26430b7e12e6,LABEL_1,0.999392,True,transition-physical,Local model,climatebert_multi_20260526T094302Z_3e9dfd
llm_071ef6d52faf,LABEL_1,0.999392,True,transition-physical,Local model,climatebert_multi_20260526T094302Z_3e9dfd
llm_980064a8725b,LABEL_1,0.999392,True,transition-physical,Local model,climatebert_multi_20260526T094302Z_3e9dfd
llm_8b948b21d4e7,LABEL_1,0.999392,True,transition-physical,Local model,climatebert_multi_20260526T094302Z_3e9dfd
llm_deec1c2bf83c,LABEL_1,0.999392,True,transition-physical,Local model,climatebert_multi_20260526T094302Z_3e9dfd
llm_0ebc108dfd4d,LABEL_1,0.999392,True,transition-physical,Local model,climatebert_multi_20260526T094302Z_3e9dfd
llm_065305e4fb8f,LABEL_1,0.999392,True,transition-physical,Local model,climatebert_multi_20260526T094302Z_3e9dfd
llm_1ecc76e28c11,LABEL_1,0.999392,True,transition-physical,Local model,climatebert_multi_20260526T094302Z_3e9dfd
llm_a1019f24e926,LABEL_1,0.999392,True,transition-physical,Local model,climatebert_multi_20260526T094302Z_3e9dfd
llm_d8cc86d16aef,LABEL_1,0.999392,True,transition-physical,Local model,climatebert_multi_20260526T094302Z_3e9dfd
llm_e5080c60563d,LABEL_1,0.999392,True,transition-physical,Local model,climatebert_multi_20260526T094302Z_3e9dfd
llm_dd6d7e76f4eb,LABEL_1,0.999392,True,transition-physical,Local model,climatebert_multi_20260526T094302Z_3e9dfd
llm_2c0286422f4b,LABEL_1,0.999392,True,transition-physical,Local model,climatebert_multi_20260526T094302Z_3e9dfd
llm_cb2fcd8b47c2,LABEL_1,0.999392,True,transition-physical,Local model,climatebert_multi_20260526T094302Z_3e9dfd
llm_534c21f13234,LABEL_1,0.999392,True,transition-physical,Local model,climatebert_multi_20260526T094302Z_3e9dfd
llm_752f1f5f96ba,LABEL_1,0.999392,True,transition-physical,Local model,climatebert_multi_20260526T094302Z_3e9dfd
llm_12759d01c1df,LABEL_1,0.999392,True,transition-physical,Local model,climatebert_multi_20260526T094302Z_3e9dfd
llm_6f55572311da,LABEL_1,0.999392,True,transition-physical,Local model,climatebert_multi_20260526T094302Z_3e9dfd
llm_0871a45dbeb8,LABEL_1,0.999392,True,transition-physical,Local model,climatebert_multi_20260526T094302Z_3e9dfd
llm_7ea429101931,LABEL_1,0.999392,True,transition-physical,Local model,climatebert_multi_20260526T094302Z_3e9dfd
llm_a67382a58c25,LABEL_1,0.999392,True,transition-physical,Local model,climatebert_multi_20260526T094302Z_3e9dfd
llm_c8ac14cae7ee,LABEL_1,0.999392,True,transition-physical,Local model,climatebert_multi_20260526T094302Z_3e9dfd
llm_a7e60ab31e93,LABEL_1,0.999392,True,transition-physical,Local model,climatebert_multi_20260526T094302Z_3e9dfd
llm_5b057e849438,LABEL_1,0.999392,True,transition-physical,Local model,climatebert_multi_20260526T094302Z_3e9dfd
llm_c5fd93557c87,LABEL_1,0.999392,True,transition-physical,Local model,climatebert_multi_20260526T094302Z_3e9dfd
llm_dcc364535e72,LABEL_1,0.999392,True,transition-physical,Local model,climatebert_multi_20260526T094302Z_3e9dfd
llm_4061b96fdc62,LABEL_1,0.999392,True,transition-physical,Local model,climatebert_multi_20260526T094302Z_3e9dfd
llm_b1206b24234b,LABEL_1,0.999392,True,transition-physical,Local model,climatebert_multi_20260526T094302Z_3e9dfd
llm_deb0acad314f,LABEL_1,0.999392,True,transition-physical,Local model,climatebert_multi_20260526T094302Z_3e9dfd
llm_31c7439e2471,LABEL_1,0.999392,True,transition-physical,Local model,climatebert_multi_20260526T094302Z_3e9dfd
llm_b6cb54388d97,LABEL_1,0.999392,True,transition-physical,Local model,climatebert_multi_20260526T094302Z_3e9dfd
llm_922315876c19,LABEL_1,0.999392,True,transition-physical,Local model,climatebert_multi_20260526T094302Z_3e9dfd
llm_e808ef3d43ce,LABEL_1,0.999392,True,transition-physical,Local model,climatebert_multi_20260526T094302Z_3e9dfd
llm_5780a066c57c,LABEL_1,0.999392,True,transition-physical,Local model,climatebert_multi_20260526T094302Z_3e9dfd
llm_866f81ad8548,LABEL_1,0.999392,True,transition-physical,Local model,climatebert_multi_20260526T094302Z_3e9dfd
llm_f5a5f7efa5bd,LABEL_1,0.999392,True,transition-physical,Local model,climatebert_multi_20260526T094302Z_3e9dfd
llm_12db7657e64b,LABEL_1,0.999392,True,transition-physical,Local model,climatebert_multi_20260526T094302Z_3e9dfd
llm_a73d557e2fcd,LABEL_1,0.999392,True,transition-physical,Local model,climatebert_multi_20260526T094302Z_3e9dfd
llm_c39a5b9471bf,LABEL_1,0.999392,True,transition-physical,Local model,climatebert_multi_20260526T094302Z_3e9dfd
llm_569b61d1a3a3,LABEL_1,0.999392,True,transition-physical,Local model,climatebert_multi_20260526T094302Z_3e9dfd
llm_7b6684879fac,LABEL_1,0.999392,True,transition-physical,Local model,climatebert_multi_20260526T094302Z_3e9dfd
llm_d7365e9cfd51,LABEL_1,0.999392,True,transition-physical,Local model,climatebert_multi_20260526T094302Z_3e9dfd
llm_c1f3ee3393c7,LABEL_1,0.999392,True,transition-physical,Local model,climatebert_multi_20260526T094302Z_3e9dfd
llm_603050bd4265,LABEL_1,0.999392,True,transition-physical,Local model,climatebert_multi_20260526T094302Z_3e9dfd
llm_7037d06c5bd9,LABEL_1,0.999392,True,transition-physical,Local model,climatebert_multi_20260526T094302Z_3e9dfd
llm_3393c61c1298,LABEL_1,0.999392,True,transition-physical,Local model,climatebert_multi_20260526T094302Z_3e9dfd
llm_d522b18474c5,LABEL_1,0.999392,True,transition-physical,Local model,climatebert_multi_20260526T094302Z_3e9dfd
llm_60e454902d5d,LABEL_1,0.999392,True,transition-physical,Local model,climatebert_multi_20260526T094302Z_3e9dfd
llm_269a0af0e2b7,LABEL_1,0.999392,True,transition-physical,Local model,climatebert_multi_20260526T094302Z_3e9dfd
llm_625cea543363,LABEL_1,0.999392,True,transition-physical,Local model,climatebert_multi_20260526T094302Z_3e9dfd
llm_af8adc14b8c2,LABEL_1,0.999392,True,transition-physical,Local model,climatebert_multi_20260526T094302Z_3e9dfd
llm_d004536c2ef4,LABEL_1,0.999392,True,transition-physical,Local model,climatebert_multi_20260526T094302Z_3e9dfd
llm_652e3a7f0f04,LABEL_1,0.999392,True,transition-physical,Local model,climatebert_multi_20260526T094302Z_3e9dfd
llm_3882c1839e0f,LABEL_1,0.999392,True,transition-physical,Local model,climatebert_multi_20260526T094302Z_3e9dfd
llm_2262f45a36d9,LABEL_1,0.999392,True,transition-physical,Local model,climatebert_multi_20260526T094302Z_3e9dfd
llm_f69c22b1ee26,LABEL_1,0.999392,True,transition-physical,Local model,climatebert_multi_20260526T094302Z_3e9dfd
llm_b81d07083717,LABEL_1,0.999392,True,transition-physical,Local model,climatebert_multi_20260526T094302Z_3e9dfd
llm_8e3f81977053,LABEL_1,0.999392,True,transition-physical,Local model,climatebert_multi_20260526T094302Z_3e9dfd
llm_8f6cc651bc45,LABEL_1,0.999392,True,transition-physical,Local model,climatebert_multi_20260526T094302Z_3e9dfd
llm_5631751daee9,LABEL_1,0.999392,True,transition-physical,Local model,climatebert_multi_20260526T094302Z_3e9dfd
llm_eaf1a5d9c827,LABEL_1,0.999392,True,transition-physical,Local model,climatebert_multi_20260526T094302Z_3e9dfd
llm_0a1c46066cb2,LABEL_1,0.999392,True,transition-physical,Local model,climatebert_multi_20260526T094302Z_3e9dfd
llm_9cd3767078f5,LABEL_1,0.999392,True,transition-physical,Local model,climatebert_multi_20260526T094302Z_3e9dfd
llm_4cce4a6679b9,LABEL_1,0.999392,True,transition-physical,Local model,climatebert_multi_20260526T094302Z_3e9dfd
llm_b7166fd7173a,LABEL_1,0.999392,True,transition-physical,Local model,climatebert_multi_20260526T094302Z_3e9dfd
llm_0f95359ef9ab,LABEL_1,0.999392,True,transition-physical,Local model,climatebert_multi_20260526T094302Z_3e9dfd
llm_8c7c21294a4d,LABEL_1,0.999392,True,transition-physical,Local model,climatebert_multi_20260526T094302Z_3e9dfd
llm_8b0b0bd1f915,LABEL_1,0.999392,True,transition-physical,Local model,climatebert_multi_20260526T094302Z_3e9dfd
llm_7c61e8c299f7,LABEL_1,0.999392,True,transition-physical,Local model,climatebert_multi_20260526T094302Z_3e9dfd
llm_53ea9485a4c2,LABEL_1,0.999392,True,transition-physical,Local model,climatebert_multi_20260526T094302Z_3e9dfd
llm_a9a6476be4c2,LABEL_1,0.999392,True,transition-physical,Local model,climatebert_multi_20260526T094302Z_3e9dfd
llm_0238ebb6ab96,LABEL_1,0.999392,True,transition-physical,Local model,climatebert_multi_20260526T094302Z_3e9dfd
llm_32aab2d500ba,LABEL_1,0.999392,True,transition-physical,Local model,climatebert_multi_20260526T094302Z_3e9dfd
llm_3df87dec3fbf,LABEL_1,0.999392,True,transition-physical,Local model,climatebert_multi_20260526T094302Z_3e9dfd
llm_7486f2c6f217,LABEL_1,0.999392,True,transition-physical,Local model,climatebert_multi_20260526T094302Z_3e9dfd
llm_97fc9da6831f,LABEL_1,0.999392,True,transition-physical,Local model,climatebert_multi_20260526T094302Z_3e9dfd
llm_c7550b6c24f6,LABEL_1,0.999392,True,transition-physical,Local model,climatebert_multi_20260526T094302Z_3e9dfd
llm_13c17a9fdcd6,LABEL_1,0.999392,True,transition-physical,Local model,climatebert_multi_20260526T094302Z_3e9dfd
llm_6044a2f552eb,LABEL_1,0.999392,True,transition-physical,Local model,climatebert_multi_20260526T094302Z_3e9dfd
llm_8508e0f98dda,LABEL_1,0.999392,True,transition-physical,Local model,climatebert_multi_20260526T094302Z_3e9dfd
llm_205f45984028,LABEL_1,0.999392,True,transition-physical,Local model,climatebert_multi_20260526T094302Z_3e9dfd
llm_07ed6848c8e0,LABEL_1,0.999392,True,transition-physical,Local model,climatebert_multi_20260526T094302Z_3e9dfd
llm_b0764673737b,LABEL_1,0.999392,True,transition-physical,Local model,climatebert_multi_20260526T094302Z_3e9dfd
llm_bf4e3e20b8d4,LABEL_1,0.999392,True,transition-physical,Local model,climatebert_multi_20260526T094302Z_3e9dfd
llm_7aea70a8a268,LABEL_1,0.999392,True,transition-physical,Local model,climatebert_multi_20260526T094302Z_3e9dfd
llm_8932179a9047,LABEL_1,0.999392,True,transition-physical,Local model,climatebert_multi_20260526T094302Z_3e9dfd
llm_be9e8752cf44,LABEL_1,0.999392,True,transition-physical,Local model,climatebert_multi_20260526T094302Z_3e9dfd
llm_abf950f8ae82,LABEL_1,0.999392,True,transition-physical,Local model,climatebert_multi_20260526T094302Z_3e9dfd
llm_0ac938be9679,LABEL_1,0.999392,True,transition-physical,Local model,climatebert_multi_20260526T094302Z_3e9dfd
llm_dee59be06db6,LABEL_1,0.999392,True,transition-physical,Local model,climatebert_multi_20260526T094302Z_3e9dfd
llm_92ba361e5516,LABEL_1,0.999392,True,transition-physical,Local model,climatebert_multi_20260526T094302Z_3e9dfd
llm_634b1f1699dd,LABEL_1,0.999392,True,transition-physical,Local model,climatebert_multi_20260526T094302Z_3e9dfd
llm_8b1ac7d763d4,LABEL_1,0.999392,True,transition-physical,Local model,climatebert_multi_20260526T094302Z_3e9dfd
llm_07cfd6ffda3b,LABEL_1,0.999392,True,transition-physical,Local model,climatebert_multi_20260526T094302Z_3e9dfd
llm_2c00464c5493,LABEL_1,0.999392,True,transition-physical,Local model,climatebert_multi_20260526T094302Z_3e9dfd
llm_466f540cd9ba,LABEL_1,0.999392,True,transition-physical,Local model,climatebert_multi_20260526T094302Z_3e9dfd
llm_1ec86e06c6d9,LABEL_1,0.999392,True,transition-physical,Local model,climatebert_multi_20260526T094302Z_3e9dfd
llm_b49ac9ec4d81,LABEL_1,0.999392,True,transition-physical,Local model,climatebert_multi_20260526T094302Z_3e9dfd
llm_6411c222d03c,LABEL_1,0.999392,True,transition-physical,Local model,climatebert_multi_20260526T094302Z_3e9dfd
llm_2caab5adabcc,LABEL_1,0.999392,True,transition-physical,Local model,climatebert_multi_20260526T094302Z_3e9dfd
llm_dd6e86be4c3f,LABEL_1,0.999392,True,transition-physical,Local model,climatebert_multi_20260526T094302Z_3e9dfd
llm_892fb83cd949,LABEL_1,0.999392,True,transition-physical,Local model,climatebert_multi_20260526T094302Z_3e9dfd
llm_9ed13ebba00a,LABEL_1,0.999392,True,transition-physical,Local model,climatebert_multi_20260526T094302Z_3e9dfd
llm_2ac58e64e7e3,LABEL_1,0.999392,True,transition-physical,Local model,climatebert_multi_20260526T094302Z_3e9dfd
llm_e455a7c26659,LABEL_1,0.999392,True,transition-physical,Local model,climatebert_multi_20260526T094302Z_3e9dfd
llm_7108039a8418,LABEL_1,0.999392,True,transition-physical,Local model,climatebert_multi_20260526T094302Z_3e9dfd
llm_67855eda4844,LABEL_1,0.999392,True,transition-physical,Local model,climatebert_multi_20260526T094302Z_3e9dfd
llm_d5c90d03d681,LABEL_1,0.999392,True,transition-physical,Local model,climatebert_multi_20260526T094302Z_3e9dfd
llm_716a6299b315,LABEL_1,0.999392,True,transition-physical,Local model,climatebert_multi_20260526T094302Z_3e9dfd
llm_04467f0e93e4,LABEL_1,0.999392,True,transition-physical,Local model,climatebert_multi_20260526T094302Z_3e9dfd
llm_87e167e36f58,LABEL_1,0.999392,True,transition-physical,Local model,climatebert_multi_20260526T094302Z_3e9dfd
llm_7cd3b309f0e1,LABEL_1,0.999392,True,transition-physical,Local model,climatebert_multi_20260526T094302Z_3e9dfd
llm_cdf33fcf8a97,LABEL_1,0.999392,True,transition-physical,Local model,climatebert_multi_20260526T094302Z_3e9dfd
llm_f245bed07522,LABEL_1,0.999392,True,transition-physical,Local model,climatebert_multi_20260526T094302Z_3e9dfd
llm_f34b05253b1b,LABEL_1,0.999392,True,transition-physical,Local model,climatebert_multi_20260526T094302Z_3e9dfd
llm_e9bb5f9fe929,LABEL_1,0.999392,True,transition-physical,Local model,climatebert_multi_20260526T094302Z_3e9dfd
llm_2ed0ffb3178f,LABEL_1,0.999392,True,transition-physical,Local model,climatebert_multi_20260526T094302Z_3e9dfd
llm_dc7783d62fa5,LABEL_1,0.999392,True,transition-physical,Local model,climatebert_multi_20260526T094302Z_3e9dfd
llm_40d90e12189b,LABEL_1,0.999392,True,transition-physical,Local model,climatebert_multi_20260526T094302Z_3e9dfd
llm_976606988330,LABEL_1,0.999392,True,transition-physical,Local model,climatebert_multi_20260526T094302Z_3e9dfd
llm_b596c58b1fda,LABEL_1,0.999392,True,transition-physical,Local model,climatebert_multi_20260526T094302Z_3e9dfd
llm_7f4b266d1e2c,LABEL_1,0.999392,True,transition-physical,Local model,climatebert_multi_20260526T094302Z_3e9dfd
llm_d8b04df7c4ae,LABEL_1,0.999392,True,transition-physical,Local model,climatebert_multi_20260526T094302Z_3e9dfd
llm_023e7f215a6d,LABEL_1,0.999392,True,transition-physical,Local model,climatebert_multi_20260526T094302Z_3e9dfd
llm_76932e1c2c1e,LABEL_1,0.999392,True,transition-physical,Local model,climatebert_multi_20260526T094302Z_3e9dfd
llm_944135340060,LABEL_1,0.999392,True,transition-physical,Local model,climatebert_multi_20260526T094302Z_3e9dfd
llm_408381cb89d8,LABEL_1,0.999392,True,transition-physical,Local model,climatebert_multi_20260526T094302Z_3e9dfd
llm_41f75626258c,LABEL_1,0.999392,True,transition-physical,Local model,climatebert_multi_20260526T094302Z_3e9dfd
llm_cf240f07fdc1,LABEL_1,0.999392,True,transition-physical,Local model,climatebert_multi_20260526T094302Z_3e9dfd
llm_67205eca5d88,LABEL_1,0.999392,True,transition-physical,Local model,climatebert_multi_20260526T094302Z_3e9dfd
llm_838bab29df0e,LABEL_1,0.999392,True,transition-physical,Local model,climatebert_multi_20260526T094302Z_3e9dfd
llm_789ef063bebc,LABEL_1,0.999392,True,transition-physical,Local model,climatebert_multi_20260526T094302Z_3e9dfd
llm_d9754b193125,LABEL_1,0.999392,True,transition-physical,Local model,climatebert_multi_20260526T094302Z_3e9dfd
llm_c8ed02df8d98,LABEL_1,0.999392,True,transition-physical,Local model,climatebert_multi_20260526T094302Z_3e9dfd
llm_0bc911739eaa,LABEL_1,0.999392,True,transition-physical,Local model,climatebert_multi_20260526T094302Z_3e9dfd
llm_c00862082a84,LABEL_1,0.999392,True,transition-physical,Local model,climatebert_multi_20260526T094302Z_3e9dfd
llm_4c2d5e92f290,LABEL_1,0.999392,True,transition-physical,Local model,climatebert_multi_20260526T094302Z_3e9dfd
llm_c29824fa80e4,LABEL_1,0.999392,True,transition-physical,Local model,climatebert_multi_20260526T094302Z_3e9dfd
llm_cc2e73dddc3c,LABEL_1,0.999392,True,transition-physical,Local model,climatebert_multi_20260526T094302Z_3e9dfd
llm_265a84d2ac1b,LABEL_1,0.999392,True,transition-physical,Local model,climatebert_multi_20260526T094302Z_3e9dfd
llm_d678fb0bafcb,LABEL_1,0.999392,True,transition-physical,Local model,climatebert_multi_20260526T094302Z_3e9dfd
llm_6aeac57c40c3,LABEL_1,0.999392,True,transition-physical,Local model,climatebert_multi_20260526T094302Z_3e9dfd
llm_b49bebad647f,LABEL_1,0.999392,True,transition-physical,Local model,climatebert_multi_20260526T094302Z_3e9dfd
llm_944fadded202,LABEL_1,0.999392,True,transition-physical,Local model,climatebert_multi_20260526T094302Z_3e9dfd
llm_c074b7a6b1cc,LABEL_1,0.999392,True,transition-physical,Local model,climatebert_multi_20260526T094302Z_3e9dfd
llm_6b5f4f76bb36,LABEL_1,0.999392,True,transition-physical,Local model,climatebert_multi_20260526T094302Z_3e9dfd
llm_be5a5c494da7,LABEL_1,0.999392,True,transition-physical,Local model,climatebert_multi_20260526T094302Z_3e9dfd
llm_79c277af7ec6,LABEL_1,0.999392,True,transition-physical,Local model,climatebert_multi_20260526T094302Z_3e9dfd
llm_d59c6f95f39c,LABEL_1,0.999392,True,transition-physical,Local model,climatebert_multi_20260526T094302Z_3e9dfd
llm_a4d6131439c8,LABEL_1,0.999392,True,transition-physical,Local model,climatebert_multi_20260526T094302Z_3e9dfd
llm_ec9661ad30d7,LABEL_1,0.999392,True,transition-physical,Local model,climatebert_multi_20260526T094302Z_3e9dfd
llm_6ca62f6c478a,LABEL_1,0.999392,True,transition-physical,Local model,climatebert_multi_20260526T094302Z_3e9dfd
llm_9bc88368ffee,LABEL_1,0.999392,True,transition-physical,Local model,climatebert_multi_20260526T094302Z_3e9dfd
llm_6233dd19a727,LABEL_1,0.999392,True,transition-physical,Local model,climatebert_multi_20260526T094302Z_3e9dfd
llm_3c07a4eaa25b,LABEL_1,0.999392,True,transition-physical,Local model,climatebert_multi_20260526T094302Z_3e9dfd
llm_06c8bfe0a589,LABEL_1,0.999392,True,transition-physical,Local model,climatebert_multi_20260526T094302Z_3e9dfd
llm_29f50c060331,LABEL_1,0.999392,True,transition-physical,Local model,climatebert_multi_20260526T094302Z_3e9dfd
llm_56dfdc73310f,LABEL_1,0.999392,True,transition-physical,Local model,climatebert_multi_20260526T094302Z_3e9dfd
llm_e01e56f9dbf2,LABEL_1,0.999392,True,transition-physical,Local model,climatebert_multi_20260526T094302Z_3e9dfd
llm_1f44ff99fa48,LABEL_1,0.999392,True,transition-physical,Local model,climatebert_multi_20260526T094302Z_3e9dfd
llm_b18dbf1d826c,LABEL_1,0.999392,True,transition-physical,Local model,climatebert_multi_20260526T094302Z_3e9dfd
llm_f634e316be35,LABEL_1,0.999392,True,transition-physical,Local model,climatebert_multi_20260526T094302Z_3e9dfd
llm_9bcca840cd9a,LABEL_1,0.999392,True,transition-physical,Local model,climatebert_multi_20260526T094302Z_3e9dfd
llm_b4ef45d40451,LABEL_1,0.999392,True,transition-physical,Local model,climatebert_multi_20260526T094302Z_3e9dfd
llm_b6a48100735f,LABEL_1,0.999392,True,transition-physical,Local model,climatebert_multi_20260526T094302Z_3e9dfd
llm_85f46402680a,LABEL_1,0.999392,True,transition-physical,Local model,climatebert_multi_20260526T094302Z_3e9dfd
llm_b09e245294ba,LABEL_1,0.999392,True,transition-physical,Local model,climatebert_multi_20260526T094302Z_3e9dfd
llm_1e062e486c88,LABEL_1,0.999392,True,transition-physical,Local model,climatebert_multi_20260526T094302Z_3e9dfd
llm_53c759e0909e,LABEL_1,0.999392,True,transition-physical,Local model,climatebert_multi_20260526T094302Z_3e9dfd
llm_d73bc41d35d4,LABEL_1,0.999392,True,transition-physical,Local model,climatebert_multi_20260526T094302Z_3e9dfd
llm_b2b395b4bc20,LABEL_1,0.999392,True,transition-physical,Local model,climatebert_multi_20260526T094302Z_3e9dfd
llm_bc558d905df1,LABEL_1,0.999392,True,transition-physical,Local model,climatebert_multi_20260526T094302Z_3e9dfd
llm_58e5e661900e,LABEL_1,0.999392,True,transition-physical,Local model,climatebert_multi_20260526T094302Z_3e9dfd
llm_ea19e9baf083,LABEL_1,0.999392,True,transition-physical,Local model,climatebert_multi_20260526T094302Z_3e9dfd
llm_48d63807f879,LABEL_1,0.999392,True,transition-physical,Local model,climatebert_multi_20260526T094302Z_3e9dfd
llm_9f3d218e25fb,LABEL_1,0.999392,True,transition-physical,Local model,climatebert_multi_20260526T094302Z_3e9dfd
llm_e3dde2d18423,LABEL_1,0.999392,True,transition-physical,Local model,climatebert_multi_20260526T094302Z_3e9dfd
llm_2fb8668653f3,LABEL_1,0.999392,True,transition-physical,Local model,climatebert_multi_20260526T094302Z_3e9dfd
llm_3be8b5415a2c,LABEL_1,0.999392,True,transition-physical,Local model,climatebert_multi_20260526T094302Z_3e9dfd
llm_466d9a278434,LABEL_1,0.999392,True,transition-physical,Local model,climatebert_multi_20260526T094302Z_3e9dfd
llm_276c7c38a2c0,LABEL_1,0.999392,True,transition-physical,Local model,climatebert_multi_20260526T094302Z_3e9dfd
llm_a072db6aaafa,LABEL_1,0.999392,True,transition-physical,Local model,climatebert_multi_20260526T094302Z_3e9dfd
llm_12c647c560b5,LABEL_1,0.999392,True,transition-physical,Local model,climatebert_multi_20260526T094302Z_3e9dfd
llm_0e3a99ac454d,LABEL_1,0.999392,True,transition-physical,Local model,climatebert_multi_20260526T094302Z_3e9dfd
llm_82b203715390,LABEL_1,0.999392,True,transition-physical,Local model,climatebert_multi_20260526T094302Z_3e9dfd
llm_945cfbbf3769,LABEL_1,0.999392,True,transition-physical,Local model,climatebert_multi_20260526T094302Z_3e9dfd
llm_19752f3bd97d,LABEL_1,0.999392,True,transition-physical,Local model,climatebert_multi_20260526T094302Z_3e9dfd
llm_68a6bc21d323,LABEL_1,0.999392,True,transition-physical,Local model,climatebert_multi_20260526T094302Z_3e9dfd
llm_252a765dffd9,LABEL_1,0.999392,True,transition-physical,Local model,climatebert_multi_20260526T094302Z_3e9dfd
llm_a995e126160f,LABEL_1,0.999392,True,transition-physical,Local model,climatebert_multi_20260526T094302Z_3e9dfd
llm_0de677194925,LABEL_1,0.999392,True,transition-physical,Local model,climatebert_multi_20260526T094302Z_3e9dfd
llm_c2def29d0c72,LABEL_1,0.999392,True,transition-physical,Local model,climatebert_multi_20260526T094302Z_3e9dfd
llm_cf533238a4c0,LABEL_1,0.999392,True,transition-physical,Local model,climatebert_multi_20260526T094302Z_3e9dfd
llm_b6b9f08e30fa,LABEL_1,0.999392,True,transition-physical,Local model,climatebert_multi_20260526T094302Z_3e9dfd
llm_0fde3d02f567,LABEL_1,0.999392,True,transition-physical,Local model,climatebert_multi_20260526T094302Z_3e9dfd
llm_7e89b485283e,LABEL_1,0.999392,True,transition-physical,Local model,climatebert_multi_20260526T094302Z_3e9dfd
llm_aaeba94a08d3,LABEL_1,0.999392,True,transition-physical,Local model,climatebert_multi_20260526T094302Z_3e9dfd
llm_d29bab81581f,LABEL_1,0.999392,True,transition-physical,Local model,climatebert_multi_20260526T094302Z_3e9dfd
llm_debb5c3c6aad,LABEL_1,0.999392,True,transition-physical,Local model,climatebert_multi_20260526T094302Z_3e9dfd
llm_a945ce5d00c2,LABEL_1,0.999392,True,transition-physical,Local model,climatebert_multi_20260526T094302Z_3e9dfd
llm_e033e449ec71,LABEL_1,0.999392,True,transition-physical,Local model,climatebert_multi_20260526T094302Z_3e9dfd
llm_58991dc147c8,LABEL_1,0.999392,True,transition-physical,Local model,climatebert_multi_20260526T094302Z_3e9dfd
llm_2cc38758f022,LABEL_1,0.999392,True,transition-physical,Local model,climatebert_multi_20260526T094302Z_3e9dfd
llm_83a9021f0072,LABEL_1,0.999392,True,transition-physical,Local model,climatebert_multi_20260526T094302Z_3e9dfd
llm_297be6665395,LABEL_1,0.999392,True,transition-physical,Local model,climatebert_multi_20260526T094302Z_3e9dfd
llm_5c53baeb02ef,LABEL_1,0.999392,True,transition-physical,Local model,climatebert_multi_20260526T094302Z_3e9dfd
llm_6042bd93d789,LABEL_1,0.999392,True,transition-physical,Local model,climatebert_multi_20260526T094302Z_3e9dfd
llm_ef23e3aa76cd,LABEL_1,0.999392,True,transition-physical,Local model,climatebert_multi_20260526T094302Z_3e9dfd
llm_44e8a2ffde2b,LABEL_1,0.999392,True,transition-physical,Local model,climatebert_multi_20260526T094302Z_3e9dfd
llm_b4c03b581a8c,LABEL_1,0.999392,True,transition-physical,Local model,climatebert_multi_20260526T094302Z_3e9dfd
llm_de0e2d4dac07,LABEL_1,0.999392,True,transition-physical,Local model,climatebert_multi_20260526T094302Z_3e9dfd
llm_fd1b30df9806,LABEL_1,0.999392,True,transition-physical,Local model,climatebert_multi_20260526T094302Z_3e9dfd
llm_02dcc89a9949,LABEL_1,0.999392,True,transition-physical,Local model,climatebert_multi_20260526T094302Z_3e9dfd
llm_27956f037463,LABEL_1,0.999392,True,transition-physical,Local model,climatebert_multi_20260526T094302Z_3e9dfd
llm_f85f226a0776,LABEL_1,0.999392,True,transition-physical,Local model,climatebert_multi_20260526T094302Z_3e9dfd
llm_e50aeb58cb2a,LABEL_1,0.999392,True,transition-physical,Local model,climatebert_multi_20260526T094302Z_3e9dfd
llm_75d12114e652,LABEL_1,0.999392,True,transition-physical,Local model,climatebert_multi_20260526T094302Z_3e9dfd
llm_8637073e4f26,LABEL_1,0.999392,True,transition-physical,Local model,climatebert_multi_20260526T094302Z_3e9dfd
llm_e5238898344f,LABEL_1,0.999392,True,transition-physical,Local model,climatebert_multi_20260526T094302Z_3e9dfd
llm_e7a283f79a9d,LABEL_1,0.999392,True,transition-physical,Local model,climatebert_multi_20260526T094302Z_3e9dfd
llm_b5553606bf30,LABEL_1,0.999392,True,transition-physical,Local model,climatebert_multi_20260526T094302Z_3e9dfd
llm_c934557bbcdb,LABEL_1,0.999392,True,transition-physical,Local model,climatebert_multi_20260526T094302Z_3e9dfd
llm_c4a7df641ab0,LABEL_1,0.999392,True,transition-physical,Local model,climatebert_multi_20260526T094302Z_3e9dfd
llm_50d238f9f3d9,LABEL_1,0.999392,True,transition-physical,Local model,climatebert_multi_20260526T094302Z_3e9dfd
llm_1d5976c0bee8,LABEL_1,0.999392,True,transition-physical,Local model,climatebert_multi_20260526T094302Z_3e9dfd
llm_1ec3f3907ea6,LABEL_1,0.999392,True,transition-physical,Local model,climatebert_multi_20260526T094302Z_3e9dfd
llm_a851643836db,LABEL_1,0.999392,True,transition-physical,Local model,climatebert_multi_20260526T094302Z_3e9dfd
llm_ff0c6873d67b,LABEL_1,0.999392,True,transition-physical,Local model,climatebert_multi_20260526T094302Z_3e9dfd
llm_5e43c2c6e7cd,LABEL_1,0.999392,True,transition-physical,Local model,climatebert_multi_20260526T094302Z_3e9dfd
llm_f2393352db4e,LABEL_1,0.999392,True,transition-physical,Local model,climatebert_multi_20260526T094302Z_3e9dfd
llm_2a61a95f6cd7,LABEL_1,0.999392,True,transition-physical,Local model,climatebert_multi_20260526T094302Z_3e9dfd
llm_500a70e89ace,LABEL_1,0.999392,True,transition-physical,Local model,climatebert_multi_20260526T094302Z_3e9dfd
llm_92769c58e64d,LABEL_1,0.999392,True,transition-physical,Local model,climatebert_multi_20260526T094302Z_3e9dfd
llm_bd8d68fad84c,LABEL_1,0.999392,True,transition-physical,Local model,climatebert_multi_20260526T094302Z_3e9dfd
llm_3b696222c390,LABEL_1,0.999392,True,transition-physical,Local model,climatebert_multi_20260526T094302Z_3e9dfd
llm_d6afa7f69552,LABEL_1,0.999392,True,transition-physical,Local model,climatebert_multi_20260526T094302Z_3e9dfd
llm_a6ccc445e5eb,LABEL_1,0.999392,True,transition-physical,Local model,climatebert_multi_20260526T094302Z_3e9dfd
llm_2ad6881d25ab,LABEL_1,0.999392,True,transition-physical,Local model,climatebert_multi_20260526T094302Z_3e9dfd
llm_c96ef02446fc,LABEL_1,0.999392,True,transition-physical,Local model,climatebert_multi_20260526T094302Z_3e9dfd
llm_e23cf5f9d0a7,LABEL_1,0.999392,True,transition-physical,Local model,climatebert_multi_20260526T094302Z_3e9dfd
llm_a250fdb38613,LABEL_1,0.999392,True,transition-physical,Local model,climatebert_multi_20260526T094302Z_3e9dfd
llm_954eeaceed33,LABEL_1,0.999392,True,transition-physical,Local model,climatebert_multi_20260526T094302Z_3e9dfd
llm_1c9ef2a54fe6,LABEL_1,0.999392,True,transition-physical,Local model,climatebert_multi_20260526T094302Z_3e9dfd
llm_89a3ed6580a8,LABEL_1,0.999392,True,transition-physical,Local model,climatebert_multi_20260526T094302Z_3e9dfd
llm_e834a12de2ce,LABEL_1,0.999392,True,transition-physical,Local model,climatebert_multi_20260526T094302Z_3e9dfd
llm_64157576c867,LABEL_1,0.999392,True,transition-physical,Local model,climatebert_multi_20260526T094302Z_3e9dfd
llm_2bd8fd370b4d,LABEL_1,0.999392,True,transition-physical,Local model,climatebert_multi_20260526T094302Z_3e9dfd
llm_0402812d826f,LABEL_1,0.999392,True,transition-physical,Local model,climatebert_multi_20260526T094302Z_3e9dfd
llm_5247e454094f,LABEL_1,0.999392,True,transition-physical,Local model,climatebert_multi_20260526T094302Z_3e9dfd
llm_ada405c3886d,LABEL_1,0.999392,True,transition-physical,Local model,climatebert_multi_20260526T094302Z_3e9dfd
llm_b2d3a7005197,LABEL_1,0.999392,True,transition-physical,Local model,climatebert_multi_20260526T094302Z_3e9dfd
llm_7317cfd7b71e,LABEL_1,0.999392,True,transition-physical,Local model,climatebert_multi_20260526T094302Z_3e9dfd
llm_8d4df45c7c90,LABEL_1,0.999392,True,transition-physical,Local model,climatebert_multi_20260526T094302Z_3e9dfd
llm_b5c7857cec9a,LABEL_1,0.999392,True,transition-physical,Local model,climatebert_multi_20260526T094302Z_3e9dfd
llm_8bcd9a184108,LABEL_1,0.999392,True,transition-physical,Local model,climatebert_multi_20260526T094302Z_3e9dfd
llm_bf847167735b,LABEL_1,0.999392,True,transition-physical,Local model,climatebert_multi_20260526T094302Z_3e9dfd
llm_74e92aa8db91,LABEL_1,0.999392,True,transition-physical,Local model,climatebert_multi_20260526T094302Z_3e9dfd
llm_c9c668082cb2,LABEL_1,0.999392,True,transition-physical,Local model,climatebert_multi_20260526T094302Z_3e9dfd
llm_36ccbd480cff,LABEL_1,0.999392,True,transition-physical,Local model,climatebert_multi_20260526T094302Z_3e9dfd
llm_0117e3130d87,LABEL_1,0.999392,True,transition-physical,Local model,climatebert_multi_20260526T094302Z_3e9dfd
llm_6b9726494856,LABEL_1,0.999392,True,transition-physical,Local model,climatebert_multi_20260526T094302Z_3e9dfd
llm_5d6e58e5e945,LABEL_1,0.999392,True,transition-physical,Local model,climatebert_multi_20260526T094302Z_3e9dfd
llm_dd4f58dba3d7,LABEL_1,0.999392,True,transition-physical,Local model,climatebert_multi_20260526T094302Z_3e9dfd
llm_c5914ba7ff1e,LABEL_1,0.999392,True,transition-physical,Local model,climatebert_multi_20260526T094302Z_3e9dfd
llm_220ff44b9d57,LABEL_1,0.999392,True,transition-physical,Local model,climatebert_multi_20260526T094302Z_3e9dfd
llm_2077648d019c,LABEL_1,0.999392,True,transition-physical,Local model,climatebert_multi_20260526T094302Z_3e9dfd
llm_d919c4df1caa,LABEL_1,0.999392,True,transition-physical,Local model,climatebert_multi_20260526T094302Z_3e9dfd
llm_3a82f111be62,LABEL_1,0.999392,True,transition-physical,Local model,climatebert_multi_20260526T094302Z_3e9dfd
llm_cd80c37a873e,LABEL_1,0.999392,True,transition-physical,Local model,climatebert_multi_20260526T094302Z_3e9dfd
llm_e3b1ebe50668,LABEL_1,0.999392,True,transition-physical,Local model,climatebert_multi_20260526T094302Z_3e9dfd
llm_5bdae683c43b,LABEL_1,0.999392,True,transition-physical,Local model,climatebert_multi_20260526T094302Z_3e9dfd
llm_4ec53e061d6d,LABEL_1,0.999392,True,transition-physical,Local model,climatebert_multi_20260526T094302Z_3e9dfd
llm_26cb0908acf2,LABEL_1,0.999392,True,transition-physical,Local model,climatebert_multi_20260526T094302Z_3e9dfd
llm_701938656f1d,LABEL_1,0.999392,True,transition-physical,Local model,climatebert_multi_20260526T094302Z_3e9dfd
llm_4653d8bb4ce0,LABEL_1,0.999392,True,transition-physical,Local model,climatebert_multi_20260526T094302Z_3e9dfd
llm_520f5c651ce4,LABEL_1,0.999392,True,transition-physical,Local model,climatebert_multi_20260526T094302Z_3e9dfd
llm_0988747c4a90,LABEL_1,0.999392,True,transition-physical,Local model,climatebert_multi_20260526T094302Z_3e9dfd
llm_b4ee9a0ea335,LABEL_1,0.999392,True,transition-physical,Local model,climatebert_multi_20260526T094302Z_3e9dfd
llm_c7c2b3b4f9a9,LABEL_1,0.999392,True,transition-physical,Local model,climatebert_multi_20260526T094302Z_3e9dfd
llm_b127c1e4e1d3,LABEL_1,0.999392,True,transition-physical,Local model,climatebert_multi_20260526T094302Z_3e9dfd
llm_d037fe8e3d18,LABEL_1,0.999392,True,transition-physical,Local model,climatebert_multi_20260526T094302Z_3e9dfd
llm_a72ea92ba760,LABEL_1,0.999392,True,transition-physical,Local model,climatebert_multi_20260526T094302Z_3e9dfd
llm_d0ac97ef21d6,LABEL_1,0.999392,True,transition-physical,Local model,climatebert_multi_20260526T094302Z_3e9dfd
llm_54bec1825aaa,LABEL_1,0.999392,True,transition-physical,Local model,climatebert_multi_20260526T094302Z_3e9dfd
llm_c7bf54d94ace,LABEL_1,0.999392,True,transition-physical,Local model,climatebert_multi_20260526T094302Z_3e9dfd
llm_a442e3747ef0,LABEL_1,0.999392,True,transition-physical,Local model,climatebert_multi_20260526T094302Z_3e9dfd
llm_ffed2c5a0c05,LABEL_1,0.999392,True,transition-physical,Local model,climatebert_multi_20260526T094302Z_3e9dfd
llm_9d3545dae7df,LABEL_1,0.999392,True,transition-physical,Local model,climatebert_multi_20260526T094302Z_3e9dfd
llm_2f1eb60ca4fa,LABEL_1,0.999392,True,transition-physical,Local model,climatebert_multi_20260526T094302Z_3e9dfd
llm_d7ff42095441,LABEL_1,0.999392,True,transition-physical,Local model,climatebert_multi_20260526T094302Z_3e9dfd
llm_2f0ea7a2375a,LABEL_1,0.999392,True,transition-physical,Local model,climatebert_multi_20260526T094302Z_3e9dfd
llm_d6666df63cdb,LABEL_1,0.999392,True,transition-physical,Local model,climatebert_multi_20260526T094302Z_3e9dfd
llm_e5339be2c3db,LABEL_1,0.999392,True,transition-physical,Local model,climatebert_multi_20260526T094302Z_3e9dfd
llm_157f608c9ef1,LABEL_1,0.999392,True,transition-physical,Local model,climatebert_multi_20260526T094302Z_3e9dfd
llm_4bfa22f9c410,LABEL_1,0.999392,True,transition-physical,Local model,climatebert_multi_20260526T094302Z_3e9dfd
llm_fe19a267b3ac,LABEL_1,0.999392,True,transition-physical,Local model,climatebert_multi_20260526T094302Z_3e9dfd
llm_57cc59ee240e,LABEL_1,0.999392,True,transition-physical,Local model,climatebert_multi_20260526T094302Z_3e9dfd
llm_8eb2fbb05751,LABEL_1,0.999392,True,transition-physical,Local model,climatebert_multi_20260526T094302Z_3e9dfd
llm_b269f0dcc9c0,LABEL_1,0.999392,True,transition-physical,Local model,climatebert_multi_20260526T094302Z_3e9dfd
llm_9d963961754b,LABEL_1,0.999392,True,transition-physical,Local model,climatebert_multi_20260526T094302Z_3e9dfd
llm_03676da3e907,LABEL_1,0.999392,True,transition-physical,Local model,climatebert_multi_20260526T094302Z_3e9dfd
llm_9c4a2d300595,LABEL_1,0.999392,True,transition-physical,Local model,climatebert_multi_20260526T094302Z_3e9dfd
llm_79530a37030d,LABEL_1,0.999392,True,transition-physical,Local model,climatebert_multi_20260526T094302Z_3e9dfd
llm_96faeec74bfe,LABEL_1,0.999392,True,transition-physical,Local model,climatebert_multi_20260526T094302Z_3e9dfd
llm_1718db88c227,LABEL_1,0.999392,True,transition-physical,Local model,climatebert_multi_20260526T094302Z_3e9dfd
llm_37bc0ea4ab6f,LABEL_1,0.999392,True,transition-physical,Local model,climatebert_multi_20260526T094302Z_3e9dfd
llm_737290999aa0,LABEL_1,0.999392,True,transition-physical,Local model,climatebert_multi_20260526T094302Z_3e9dfd
llm_6d11146e7ea3,LABEL_1,0.999392,True,transition-physical,Local model,climatebert_multi_20260526T094302Z_3e9dfd
llm_470109886271,LABEL_1,0.999392,True,transition-physical,Local model,climatebert_multi_20260526T094302Z_3e9dfd
llm_53b07f5a7467,LABEL_1,0.999392,True,transition-physical,Local model,climatebert_multi_20260526T094302Z_3e9dfd
llm_db0002f58de2,LABEL_1,0.999392,True,transition-physical,Local model,climatebert_multi_20260526T094302Z_3e9dfd
llm_412a7dd9f821,LABEL_1,0.999392,True,transition-physical,Local model,climatebert_multi_20260526T094302Z_3e9dfd
llm_51707b55484f,LABEL_1,0.999392,True,transition-physical,Local model,climatebert_multi_20260526T094302Z_3e9dfd
llm_7830cb957901,LABEL_1,0.999392,True,transition-physical,Local model,climatebert_multi_20260526T094302Z_3e9dfd
llm_f9a2387038ee,LABEL_1,0.999392,True,transition-physical,Local model,climatebert_multi_20260526T094302Z_3e9dfd
llm_c3afc0884975,LABEL_1,0.999392,True,transition-physical,Local model,climatebert_multi_20260526T094302Z_3e9dfd
llm_07a170f4aa9e,LABEL_1,0.999392,True,transition-physical,Local model,climatebert_multi_20260526T094302Z_3e9dfd
llm_1e26e643eff6,LABEL_1,0.999392,True,transition-physical,Local model,climatebert_multi_20260526T094302Z_3e9dfd
llm_33e15876a1c9,LABEL_1,0.999392,True,transition-physical,Local model,climatebert_multi_20260526T094302Z_3e9dfd
llm_da23780829e1,LABEL_1,0.999392,True,transition-physical,Local model,climatebert_multi_20260526T094302Z_3e9dfd
llm_4700731d2acb,LABEL_1,0.999392,True,transition-physical,Local model,climatebert_multi_20260526T094302Z_3e9dfd
llm_7a2e1957e8b5,LABEL_1,0.999392,True,transition-physical,Local model,climatebert_multi_20260526T094302Z_3e9dfd
llm_6281d5327a8c,LABEL_1,0.999392,True,transition-physical,Local model,climatebert_multi_20260526T094302Z_3e9dfd
llm_8f4b760ebfcb,LABEL_1,0.999392,True,transition-physical,Local model,climatebert_multi_20260526T094302Z_3e9dfd
llm_dd2bedcbd37f,LABEL_1,0.999392,True,transition-physical,Local model,climatebert_multi_20260526T094302Z_3e9dfd
llm_3606d9f7223c,LABEL_1,0.999392,True,transition-physical,Local model,climatebert_multi_20260526T094302Z_3e9dfd
llm_a5401e7b6cde,LABEL_1,0.999392,True,transition-physical,Local model,climatebert_multi_20260526T094302Z_3e9dfd
llm_629f4ad0ff80,LABEL_1,0.999392,True,transition-physical,Local model,climatebert_multi_20260526T094302Z_3e9dfd
llm_c93c68ee4d23,LABEL_1,0.999392,True,transition-physical,Local model,climatebert_multi_20260526T094302Z_3e9dfd
llm_76046e29f293,LABEL_1,0.999392,True,transition-physical,Local model,climatebert_multi_20260526T094302Z_3e9dfd
llm_32d3d5dbd1e2,LABEL_1,0.999392,True,transition-physical,Local model,climatebert_multi_20260526T094302Z_3e9dfd
llm_04a49eb3f3c0,LABEL_1,0.999392,True,transition-physical,Local model,climatebert_multi_20260526T094302Z_3e9dfd
llm_897a2c6e535d,LABEL_1,0.999392,True,transition-physical,Local model,climatebert_multi_20260526T094302Z_3e9dfd
llm_d29d2daae454,LABEL_1,0.999392,True,transition-physical,Local model,climatebert_multi_20260526T094302Z_3e9dfd
llm_d71440f8e463,LABEL_1,0.999392,True,transition-physical,Local model,climatebert_multi_20260526T094302Z_3e9dfd
llm_d762eb079ec9,LABEL_1,0.999392,True,transition-physical,Local model,climatebert_multi_20260526T094302Z_3e9dfd
llm_fc3ec00514cf,LABEL_1,0.999392,True,transition-physical,Local model,climatebert_multi_20260526T094302Z_3e9dfd
llm_bdd246af0a30,LABEL_1,0.999392,True,transition-physical,Local model,climatebert_multi_20260526T094302Z_3e9dfd
llm_6d0fb49689bf,LABEL_1,0.999392,True,transition-physical,Local model,climatebert_multi_20260526T094302Z_3e9dfd
llm_63a4a5134acd,LABEL_1,0.999392,True,transition-physical,Local model,climatebert_multi_20260526T094302Z_3e9dfd
llm_15ba561734ed,LABEL_1,0.999392,True,transition-physical,Local model,climatebert_multi_20260526T094302Z_3e9dfd
llm_5ca7421f2998,LABEL_1,0.999392,True,transition-physical,Local model,climatebert_multi_20260526T094302Z_3e9dfd
llm_06b7291d20b6,LABEL_1,0.999392,True,transition-physical,Local model,climatebert_multi_20260526T094302Z_3e9dfd
llm_ad848c9ccfd6,LABEL_1,0.999392,True,transition-physical,Local model,climatebert_multi_20260526T094302Z_3e9dfd
llm_61faa873851e,LABEL_1,0.999392,True,transition-physical,Local model,climatebert_multi_20260526T094302Z_3e9dfd
llm_1ec15dec500f,LABEL_1,0.999392,True,transition-physical,Local model,climatebert_multi_20260526T094302Z_3e9dfd
llm_70bd9ae60789,LABEL_1,0.999392,True,transition-physical,Local model,climatebert_multi_20260526T094302Z_3e9dfd
llm_3a52cb32d5f8,LABEL_1,0.999392,True,transition-physical,Local model,climatebert_multi_20260526T094302Z_3e9dfd
llm_1953b384834b,LABEL_1,0.999392,True,transition-physical,Local model,climatebert_multi_20260526T094302Z_3e9dfd
llm_bb20a03349c8,LABEL_1,0.999392,True,transition-physical,Local model,climatebert_multi_20260526T094302Z_3e9dfd
llm_f1a2af493717,LABEL_1,0.999392,True,transition-physical,Local model,climatebert_multi_20260526T094302Z_3e9dfd
llm_12da49ad7358,LABEL_1,0.999392,True,transition-physical,Local model,climatebert_multi_20260526T094302Z_3e9dfd
llm_0f8db92870d9,LABEL_1,0.999392,True,transition-physical,Local model,climatebert_multi_20260526T094302Z_3e9dfd
llm_9f39e0f1d284,LABEL_1,0.999392,True,transition-physical,Local model,climatebert_multi_20260526T094302Z_3e9dfd
llm_88211cb97398,LABEL_1,0.999392,True,transition-physical,Local model,climatebert_multi_20260526T094302Z_3e9dfd
llm_118c1b81c457,LABEL_1,0.999392,True,transition-physical,Local model,climatebert_multi_20260526T094302Z_3e9dfd
llm_c3c35414f5c7,LABEL_1,0.999392,True,transition-physical,Local model,climatebert_multi_20260526T094302Z_3e9dfd
llm_fa7c452eaab2,LABEL_1,0.999392,True,transition-physical,Local model,climatebert_multi_20260526T094302Z_3e9dfd
llm_13d5c07243d5,LABEL_1,0.999392,True,transition-physical,Local model,climatebert_multi_20260526T094302Z_3e9dfd
llm_8129869a71f8,LABEL_1,0.999392,True,transition-physical,Local model,climatebert_multi_20260526T094302Z_3e9dfd
llm_0c0346a656c9,LABEL_1,0.999392,True,transition-physical,Local model,climatebert_multi_20260526T094302Z_3e9dfd
llm_c0809c9660ee,LABEL_1,0.999392,True,transition-physical,Local model,climatebert_multi_20260526T094302Z_3e9dfd
llm_2ac2050e3ff6,LABEL_1,0.999392,True,transition-physical,Local model,climatebert_multi_20260526T094302Z_3e9dfd
llm_3df16d1c4f1b,LABEL_1,0.999392,True,transition-physical,Local model,climatebert_multi_20260526T094302Z_3e9dfd
llm_53481f3e2527,LABEL_1,0.999392,True,transition-physical,Local model,climatebert_multi_20260526T094302Z_3e9dfd
llm_ac964c672af7,LABEL_1,0.999392,True,transition-physical,Local model,climatebert_multi_20260526T094302Z_3e9dfd
llm_0fec19a2706f,LABEL_1,0.999392,True,transition-physical,Local model,climatebert_multi_20260526T094302Z_3e9dfd
llm_a4bef6369111,LABEL_1,0.999392,True,transition-physical,Local model,climatebert_multi_20260526T094302Z_3e9dfd
llm_01b47788a8fa,LABEL_1,0.999392,True,transition-physical,Local model,climatebert_multi_20260526T094302Z_3e9dfd
llm_0d786330cce6,LABEL_1,0.999392,True,transition-physical,Local model,climatebert_multi_20260526T094302Z_3e9dfd
llm_4574cf86399c,LABEL_1,0.999392,True,transition-physical,Local model,climatebert_multi_20260526T094302Z_3e9dfd
llm_adb532619eda,LABEL_1,0.999392,True,transition-physical,Local model,climatebert_multi_20260526T094302Z_3e9dfd
llm_1be9a94fde55,LABEL_1,0.999392,True,transition-physical,Local model,climatebert_multi_20260526T094302Z_3e9dfd
llm_ac1399328885,LABEL_1,0.999392,True,transition-physical,Local model,climatebert_multi_20260526T094302Z_3e9dfd
llm_16c7b25ed843,LABEL_1,0.999392,True,transition-physical,Local model,climatebert_multi_20260526T094302Z_3e9dfd
llm_6fb2f632afc9,LABEL_1,0.999392,True,transition-physical,Local model,climatebert_multi_20260526T094302Z_3e9dfd
llm_e3254fc4081e,LABEL_1,0.999392,True,transition-physical,Local model,climatebert_multi_20260526T094302Z_3e9dfd
llm_497bac3472c2,LABEL_1,0.999392,True,transition-physical,Local model,climatebert_multi_20260526T094302Z_3e9dfd
llm_7fe5304ec5a9,LABEL_1,0.999392,True,transition-physical,Local model,climatebert_multi_20260526T094302Z_3e9dfd
llm_e1e7ad4bd846,LABEL_1,0.999392,True,transition-physical,Local model,climatebert_multi_20260526T094302Z_3e9dfd
llm_fbeefa83f2d3,LABEL_1,0.999392,True,transition-physical,Local model,climatebert_multi_20260526T094302Z_3e9dfd
llm_98d6d267a744,LABEL_1,0.999392,True,transition-physical,Local model,climatebert_multi_20260526T094302Z_3e9dfd
llm_740f18613311,LABEL_1,0.999392,True,transition-physical,Local model,climatebert_multi_20260526T094302Z_3e9dfd
llm_5361c64c47b1,LABEL_1,0.999392,True,transition-physical,Local model,climatebert_multi_20260526T094302Z_3e9dfd
llm_d2feb42a1ae9,LABEL_1,0.999392,True,transition-physical,Local model,climatebert_multi_20260526T094302Z_3e9dfd
llm_4907cb2120d4,LABEL_1,0.999392,True,transition-physical,Local model,climatebert_multi_20260526T094302Z_3e9dfd
llm_a16f7707f806,LABEL_1,0.999392,True,transition-physical,Local model,climatebert_multi_20260526T094302Z_3e9dfd
llm_9228ee8cbf7c,LABEL_1,0.999392,True,transition-physical,Local model,climatebert_multi_20260526T094302Z_3e9dfd
llm_8e8db95c1128,LABEL_1,0.999392,True,transition-physical,Local model,climatebert_multi_20260526T094302Z_3e9dfd
llm_1f03860ca187,LABEL_1,0.999392,True,transition-physical,Local model,climatebert_multi_20260526T094302Z_3e9dfd
llm_d02af44166d2,LABEL_1,0.999392,True,transition-physical,Local model,climatebert_multi_20260526T094302Z_3e9dfd
llm_0af58495d5d1,LABEL_1,0.999392,True,transition-physical,Local model,climatebert_multi_20260526T094302Z_3e9dfd
llm_26c49f3925db,LABEL_1,0.999392,True,transition-physical,Local model,climatebert_multi_20260526T094302Z_3e9dfd
llm_d196730bdf97,LABEL_1,0.999392,True,transition-physical,Local model,climatebert_multi_20260526T094302Z_3e9dfd
llm_19efb726f3a8,LABEL_1,0.999392,True,transition-physical,Local model,climatebert_multi_20260526T094302Z_3e9dfd
llm_f1de235eaef7,LABEL_1,0.999392,True,transition-physical,Local model,climatebert_multi_20260526T094302Z_3e9dfd
llm_253183b62039,LABEL_1,0.999392,True,transition-physical,Local model,climatebert_multi_20260526T094302Z_3e9dfd
llm_6ae31a4ec1b8,LABEL_1,0.999392,True,transition-physical,Local model,climatebert_multi_20260526T094302Z_3e9dfd
llm_b31d24b8b44b,LABEL_1,0.999392,True,transition-physical,Local model,climatebert_multi_20260526T094302Z_3e9dfd
llm_26156d57c9bf,LABEL_1,0.999392,True,transition-physical,Local model,climatebert_multi_20260526T094302Z_3e9dfd
llm_b6cbddf36f78,LABEL_1,0.999392,True,transition-physical,Local model,climatebert_multi_20260526T094302Z_3e9dfd
llm_5756bba3ef58,LABEL_1,0.999392,True,transition-physical,Local model,climatebert_multi_20260526T094302Z_3e9dfd
llm_35449b3c41ed,LABEL_1,0.999392,True,transition-physical,Local model,climatebert_multi_20260526T094302Z_3e9dfd
llm_3d52ba40e936,LABEL_1,0.999392,True,transition-physical,Local model,climatebert_multi_20260526T094302Z_3e9dfd
llm_91bd13ab343a,LABEL_1,0.999392,True,transition-physical,Local model,climatebert_multi_20260526T094302Z_3e9dfd
llm_6f75e05d88f3,LABEL_1,0.999392,True,transition-physical,Local model,climatebert_multi_20260526T094302Z_3e9dfd
llm_e4752e4466a2,LABEL_1,0.999392,True,transition-physical,Local model,climatebert_multi_20260526T094302Z_3e9dfd
llm_d6a9d82ff425,LABEL_1,0.999392,True,transition-physical,Local model,climatebert_multi_20260526T094302Z_3e9dfd
llm_ef0fcfbf8001,LABEL_1,0.999392,True,transition-physical,Local model,climatebert_multi_20260526T094302Z_3e9dfd
llm_6da2588d9056,LABEL_1,0.999392,True,transition-physical,Local model,climatebert_multi_20260526T094302Z_3e9dfd
llm_53fe9e9d9331,LABEL_1,0.999392,True,transition-physical,Local model,climatebert_multi_20260526T094302Z_3e9dfd
llm_931530dc1c8f,LABEL_1,0.999392,True,transition-physical,Local model,climatebert_multi_20260526T094302Z_3e9dfd
llm_41777026db89,LABEL_1,0.999392,True,transition-physical,Local model,climatebert_multi_20260526T094302Z_3e9dfd
llm_3fffae01ba9c,LABEL_1,0.999392,True,transition-physical,Local model,climatebert_multi_20260526T094302Z_3e9dfd
llm_3b366f8040e8,LABEL_1,0.999392,True,transition-physical,Local model,climatebert_multi_20260526T094302Z_3e9dfd
llm_e4b24b3dd49c,LABEL_1,0.999392,True,transition-physical,Local model,climatebert_multi_20260526T094302Z_3e9dfd
llm_a2daed9502c3,LABEL_1,0.999392,True,transition-physical,Local model,climatebert_multi_20260526T094302Z_3e9dfd
llm_b94d108ee2b3,LABEL_1,0.999392,True,transition-physical,Local model,climatebert_multi_20260526T094302Z_3e9dfd
llm_219cd0b0ab63,LABEL_1,0.999392,True,transition-physical,Local model,climatebert_multi_20260526T094302Z_3e9dfd
llm_57da2f78da37,LABEL_1,0.999392,True,transition-physical,Local model,climatebert_multi_20260526T094302Z_3e9dfd
llm_2d89c400a37d,LABEL_1,0.999392,True,transition-physical,Local model,climatebert_multi_20260526T094302Z_3e9dfd
llm_8748f721653b,LABEL_1,0.999392,True,transition-physical,Local model,climatebert_multi_20260526T094302Z_3e9dfd
llm_78ed86aee570,LABEL_1,0.999392,True,transition-physical,Local model,climatebert_multi_20260526T094302Z_3e9dfd
llm_f6c2a41d654a,LABEL_1,0.999392,True,transition-physical,Local model,climatebert_multi_20260526T094302Z_3e9dfd
llm_c2b089d12a97,LABEL_1,0.999392,True,transition-physical,Local model,climatebert_multi_20260526T094302Z_3e9dfd
llm_4ad899d7e57c,LABEL_1,0.999392,True,transition-physical,Local model,climatebert_multi_20260526T094302Z_3e9dfd
llm_c09b09273978,LABEL_1,0.999392,True,transition-physical,Local model,climatebert_multi_20260526T094302Z_3e9dfd
llm_a6fb5da53fca,LABEL_1,0.999392,True,transition-physical,Local model,climatebert_multi_20260526T094302Z_3e9dfd
llm_23db29d673c7,LABEL_1,0.999392,True,transition-physical,Local model,climatebert_multi_20260526T094302Z_3e9dfd
llm_cc71c182b274,LABEL_1,0.999392,True,transition-physical,Local model,climatebert_multi_20260526T094302Z_3e9dfd
llm_4f9f0073f0d1,LABEL_1,0.999392,True,transition-physical,Local model,climatebert_multi_20260526T094302Z_3e9dfd
llm_05d6882acdf2,LABEL_1,0.999392,True,transition-physical,Local model,climatebert_multi_20260526T094302Z_3e9dfd
llm_8114b28b25bf,LABEL_1,0.999392,True,transition-physical,Local model,climatebert_multi_20260526T094302Z_3e9dfd
llm_f0f7e55cd1c4,LABEL_1,0.999392,True,transition-physical,Local model,climatebert_multi_20260526T094302Z_3e9dfd
llm_a249738c181c,LABEL_1,0.999392,True,transition-physical,Local model,climatebert_multi_20260526T094302Z_3e9dfd
llm_17f40f34b9f2,LABEL_1,0.999392,True,transition-physical,Local model,climatebert_multi_20260526T094302Z_3e9dfd
llm_79b949275ac3,LABEL_1,0.999392,True,transition-physical,Local model,climatebert_multi_20260526T094302Z_3e9dfd
llm_0fb5e6656483,LABEL_1,0.999392,True,transition-physical,Local model,climatebert_multi_20260526T094302Z_3e9dfd
llm_e851951ff5d4,LABEL_1,0.999392,True,transition-physical,Local model,climatebert_multi_20260526T094302Z_3e9dfd
llm_cdee9be4ebbf,LABEL_1,0.999392,True,transition-physical,Local model,climatebert_multi_20260526T094302Z_3e9dfd
llm_3481f6efe56c,LABEL_1,0.999392,True,transition-physical,Local model,climatebert_multi_20260526T094302Z_3e9dfd
llm_9c5bf76aa9de,LABEL_1,0.999392,True,transition-physical,Local model,climatebert_multi_20260526T094302Z_3e9dfd
llm_dceabe9e8e41,LABEL_1,0.999392,True,transition-physical,Local model,climatebert_multi_20260526T094302Z_3e9dfd
llm_67635227951d,LABEL_1,0.999392,True,transition-physical,Local model,climatebert_multi_20260526T094302Z_3e9dfd
llm_c4ea65adec2c,LABEL_1,0.999392,True,transition-physical,Local model,climatebert_multi_20260526T094302Z_3e9dfd
llm_2a91cf5eb2fb,LABEL_1,0.999392,True,transition-physical,Local model,climatebert_multi_20260526T094302Z_3e9dfd
llm_209cfff1199e,LABEL_1,0.999392,True,transition-physical,Local model,climatebert_multi_20260526T094302Z_3e9dfd
llm_753d01938af2,LABEL_1,0.999392,True,transition-physical,Local model,climatebert_multi_20260526T094302Z_3e9dfd
llm_49ce7ae3e599,LABEL_1,0.999392,True,transition-physical,Local model,climatebert_multi_20260526T094302Z_3e9dfd
llm_7d2aa53ab245,LABEL_1,0.999392,True,transition-physical,Local model,climatebert_multi_20260526T094302Z_3e9dfd
llm_778765610844,LABEL_1,0.999392,True,transition-physical,Local model,climatebert_multi_20260526T094302Z_3e9dfd
llm_979bbe2e86fa,LABEL_1,0.999392,True,transition-physical,Local model,climatebert_multi_20260526T094302Z_3e9dfd
llm_2eb91690ae6f,LABEL_1,0.999392,True,transition-physical,Local model,climatebert_multi_20260526T094302Z_3e9dfd
llm_1622411abe25,LABEL_1,0.999392,True,transition-physical,Local model,climatebert_multi_20260526T094302Z_3e9dfd
llm_31c2bae09b64,LABEL_1,0.999392,True,transition-physical,Local model,climatebert_multi_20260526T094302Z_3e9dfd
llm_7161ddcac38a,LABEL_1,0.999392,True,transition-physical,Local model,climatebert_multi_20260526T094302Z_3e9dfd
llm_022741a78853,LABEL_1,0.999392,True,transition-physical,Local model,climatebert_multi_20260526T094302Z_3e9dfd
llm_25b52f33e3b0,LABEL_1,0.999392,True,transition-physical,Local model,climatebert_multi_20260526T094302Z_3e9dfd
llm_bdaa7aab79c1,LABEL_1,0.999392,True,transition-physical,Local model,climatebert_multi_20260526T094302Z_3e9dfd
llm_b55699483019,LABEL_1,0.999392,True,transition-physical,Local model,climatebert_multi_20260526T094302Z_3e9dfd
llm_0e10a9a3b586,LABEL_1,0.999392,True,transition-physical,Local model,climatebert_multi_20260526T094302Z_3e9dfd
llm_c9103ebc9c5e,LABEL_1,0.999392,True,transition-physical,Local model,climatebert_multi_20260526T094302Z_3e9dfd
llm_6703b4ba30ff,LABEL_1,0.999392,True,transition-physical,Local model,climatebert_multi_20260526T094302Z_3e9dfd
llm_8ca7ec7e625b,LABEL_1,0.999392,True,transition-physical,Local model,climatebert_multi_20260526T094302Z_3e9dfd
llm_87b32ff999d6,LABEL_1,0.999392,True,transition-physical,Local model,climatebert_multi_20260526T094302Z_3e9dfd
llm_e7c92191aa2a,LABEL_1,0.999392,True,transition-physical,Local model,climatebert_multi_20260526T094302Z_3e9dfd
llm_c3f2cfcf6a1d,LABEL_1,0.999392,True,transition-physical,Local model,climatebert_multi_20260526T094302Z_3e9dfd
llm_fa92f6bc7fc2,LABEL_1,0.999392,True,transition-physical,Local model,climatebert_multi_20260526T094302Z_3e9dfd
llm_003fcf09a06a,LABEL_1,0.999392,True,transition-physical,Local model,climatebert_multi_20260526T094302Z_3e9dfd
llm_83d9cfdebfa6,LABEL_1,0.999392,True,transition-physical,Local model,climatebert_multi_20260526T094302Z_3e9dfd
llm_12ef37597921,LABEL_1,0.999392,True,transition-physical,Local model,climatebert_multi_20260526T094302Z_3e9dfd
llm_9e3eccc038e4,LABEL_1,0.999392,True,transition-physical,Local model,climatebert_multi_20260526T094302Z_3e9dfd
llm_91026b836537,LABEL_1,0.999392,True,transition-physical,Local model,climatebert_multi_20260526T094302Z_3e9dfd
llm_27bb609957c6,LABEL_1,0.999392,True,transition-physical,Local model,climatebert_multi_20260526T094302Z_3e9dfd
llm_5b450d5d905e,LABEL_1,0.999392,True,transition-physical,Local model,climatebert_multi_20260526T094302Z_3e9dfd
llm_3466125475b7,LABEL_1,0.999392,True,transition-physical,Local model,climatebert_multi_20260526T094302Z_3e9dfd
llm_6e837581b46c,LABEL_1,0.999392,True,transition-physical,Local model,climatebert_multi_20260526T094302Z_3e9dfd
llm_36f35e97b84d,LABEL_1,0.999392,True,transition-physical,Local model,climatebert_multi_20260526T094302Z_3e9dfd
llm_04cd4c302be0,LABEL_1,0.999392,True,transition-physical,Local model,climatebert_multi_20260526T094302Z_3e9dfd
llm_46bdd6c8029a,LABEL_1,0.999392,True,transition-physical,Local model,climatebert_multi_20260526T094302Z_3e9dfd
llm_d270dfc42b2d,LABEL_1,0.999392,True,transition-physical,Local model,climatebert_multi_20260526T094302Z_3e9dfd
llm_2a0d4ba3fee9,LABEL_1,0.999392,True,transition-physical,Local model,climatebert_multi_20260526T094302Z_3e9dfd
llm_9ac2aa6c880f,LABEL_1,0.999392,True,transition-physical,Local model,climatebert_multi_20260526T094302Z_3e9dfd
llm_7d8d3cb09a8e,LABEL_1,0.999392,True,transition-physical,Local model,climatebert_multi_20260526T094302Z_3e9dfd
llm_8fb8686bb575,LABEL_1,0.999392,True,transition-physical,Local model,climatebert_multi_20260526T094302Z_3e9dfd
llm_a0b166d66a7b,LABEL_1,0.999392,True,transition-physical,Local model,climatebert_multi_20260526T094302Z_3e9dfd
llm_edbd43af7cce,LABEL_1,0.999392,True,transition-physical,Local model,climatebert_multi_20260526T094302Z_3e9dfd
llm_bc7eca407ba7,LABEL_1,0.999392,True,transition-physical,Local model,climatebert_multi_20260526T094302Z_3e9dfd
llm_93c2a7734629,LABEL_1,0.999392,True,transition-physical,Local model,climatebert_multi_20260526T094302Z_3e9dfd
llm_5b0eef0f4b15,LABEL_1,0.999392,True,transition-physical,Local model,climatebert_multi_20260526T094302Z_3e9dfd
llm_9eafd390d6ea,LABEL_1,0.999392,True,transition-physical,Local model,climatebert_multi_20260526T094302Z_3e9dfd
llm_d23e37365600,LABEL_1,0.999392,True,transition-physical,Local model,climatebert_multi_20260526T094302Z_3e9dfd
llm_ecb504d39f7d,LABEL_1,0.999392,True,transition-physical,Local model,climatebert_multi_20260526T094302Z_3e9dfd
llm_d627fd943a2d,LABEL_1,0.999392,True,transition-physical,Local model,climatebert_multi_20260526T094302Z_3e9dfd
llm_913ceef4d69a,LABEL_1,0.999392,True,transition-physical,Local model,climatebert_multi_20260526T094302Z_3e9dfd
llm_599f479efaab,LABEL_1,0.999392,True,transition-physical,Local model,climatebert_multi_20260526T094302Z_3e9dfd
llm_e7727c42c557,LABEL_1,0.999392,True,transition-physical,Local model,climatebert_multi_20260526T094302Z_3e9dfd
llm_80febf5a0d63,LABEL_1,0.999392,True,transition-physical,Local model,climatebert_multi_20260526T094302Z_3e9dfd
llm_91cb699cc274,LABEL_1,0.999392,True,transition-physical,Local model,climatebert_multi_20260526T094302Z_3e9dfd
llm_d091cfae1a87,LABEL_1,0.999392,True,transition-physical,Local model,climatebert_multi_20260526T094302Z_3e9dfd
llm_277bdaee4f86,LABEL_1,0.999392,True,transition-physical,Local model,climatebert_multi_20260526T094302Z_3e9dfd
llm_6860708e78aa,LABEL_1,0.999392,True,transition-physical,Local model,climatebert_multi_20260526T094302Z_3e9dfd
llm_d105439e20d7,LABEL_1,0.999392,True,transition-physical,Local model,climatebert_multi_20260526T094302Z_3e9dfd
llm_cb4503f58d85,LABEL_1,0.999392,True,transition-physical,Local model,climatebert_multi_20260526T094302Z_3e9dfd
llm_e428d2cf8c15,LABEL_1,0.999392,True,transition-physical,Local model,climatebert_multi_20260526T094302Z_3e9dfd
llm_b937641e0284,LABEL_1,0.999392,True,transition-physical,Local model,climatebert_multi_20260526T094302Z_3e9dfd
llm_4f8c94c371f8,LABEL_1,0.999392,True,transition-physical,Local model,climatebert_multi_20260526T094302Z_3e9dfd
llm_90241e05e011,LABEL_1,0.999392,True,transition-physical,Local model,climatebert_multi_20260526T094302Z_3e9dfd
llm_faf9c3f7b711,LABEL_1,0.999392,True,transition-physical,Local model,climatebert_multi_20260526T094302Z_3e9dfd
llm_7c1b15c00d7b,LABEL_1,0.999392,True,transition-physical,Local model,climatebert_multi_20260526T094302Z_3e9dfd
llm_6f50af8a000a,LABEL_1,0.999392,True,transition-physical,Local model,climatebert_multi_20260526T094302Z_3e9dfd
llm_42cbab745d37,LABEL_1,0.999392,True,transition-physical,Local model,climatebert_multi_20260526T094302Z_3e9dfd
llm_9b6c10de9d47,LABEL_1,0.999392,True,transition-physical,Local model,climatebert_multi_20260526T094302Z_3e9dfd
llm_dcdcf7a94dc1,LABEL_1,0.999392,True,transition-physical,Local model,climatebert_multi_20260526T094302Z_3e9dfd
llm_1e872bda2e7f,LABEL_1,0.999392,True,transition-physical,Local model,climatebert_multi_20260526T094302Z_3e9dfd
llm_d1e081fac9e8,LABEL_1,0.999392,True,transition-physical,Local model,climatebert_multi_20260526T094302Z_3e9dfd
llm_8aa9980ccf24,LABEL_1,0.999392,True,transition-physical,Local model,climatebert_multi_20260526T094302Z_3e9dfd
llm_c46d494541ad,LABEL_1,0.999392,True,transition-physical,Local model,climatebert_multi_20260526T094302Z_3e9dfd
llm_808cbcb58328,LABEL_1,0.999392,True,transition-physical,Local model,climatebert_multi_20260526T094302Z_3e9dfd
llm_021f01ba3f12,LABEL_1,0.999392,True,transition-physical,Local model,climatebert_multi_20260526T094302Z_3e9dfd
llm_d0787715607e,LABEL_1,0.999392,True,transition-physical,Local model,climatebert_multi_20260526T094302Z_3e9dfd
llm_96725e708067,LABEL_1,0.999392,True,transition-physical,Local model,climatebert_multi_20260526T094302Z_3e9dfd
llm_08328b83626b,LABEL_1,0.999392,True,transition-physical,Local model,climatebert_multi_20260526T094302Z_3e9dfd
llm_18bf1b18d93b,LABEL_1,0.999392,True,transition-physical,Local model,climatebert_multi_20260526T094302Z_3e9dfd
llm_8f9fffa1af82,LABEL_1,0.999392,True,transition-physical,Local model,climatebert_multi_20260526T094302Z_3e9dfd
llm_c6aa952fd461,LABEL_1,0.999392,True,transition-physical,Local model,climatebert_multi_20260526T094302Z_3e9dfd
llm_42d38286f373,LABEL_1,0.999392,True,transition-physical,Local model,climatebert_multi_20260526T094302Z_3e9dfd
llm_88f9a01460d2,LABEL_1,0.999392,True,transition-physical,Local model,climatebert_multi_20260526T094302Z_3e9dfd
llm_9ec824bbefdf,LABEL_1,0.999392,True,transition-physical,Local model,climatebert_multi_20260526T094302Z_3e9dfd
llm_b36e8facd056,LABEL_1,0.999392,True,transition-physical,Local model,climatebert_multi_20260526T094302Z_3e9dfd
llm_2262baedff2a,LABEL_1,0.999392,True,transition-physical,Local model,climatebert_multi_20260526T094302Z_3e9dfd
llm_e0b13566a3e0,LABEL_1,0.999392,True,transition-physical,Local model,climatebert_multi_20260526T094302Z_3e9dfd
llm_63aa5e968ba7,LABEL_1,0.999392,True,transition-physical,Local model,climatebert_multi_20260526T094302Z_3e9dfd
llm_588ac49caf89,LABEL_1,0.999392,True,transition-physical,Local model,climatebert_multi_20260526T094302Z_3e9dfd
llm_6bbe595c5876,LABEL_1,0.999392,True,transition-physical,Local model,climatebert_multi_20260526T094302Z_3e9dfd
llm_20cb096b49a8,LABEL_1,0.999392,True,transition-physical,Local model,climatebert_multi_20260526T094302Z_3e9dfd
llm_1f87a3d7595e,LABEL_1,0.999392,True,transition-physical,Local model,climatebert_multi_20260526T094302Z_3e9dfd
llm_b5c0c46f46b7,LABEL_1,0.999392,True,transition-physical,Local model,climatebert_multi_20260526T094302Z_3e9dfd
llm_80e9b08a65b7,LABEL_1,0.999392,True,transition-physical,Local model,climatebert_multi_20260526T094302Z_3e9dfd
llm_34bc19607299,LABEL_1,0.999392,True,transition-physical,Local model,climatebert_multi_20260526T094302Z_3e9dfd
llm_218573675ca4,LABEL_1,0.999392,True,transition-physical,Local model,climatebert_multi_20260526T094302Z_3e9dfd
llm_6919c1b206e9,LABEL_1,0.999392,True,transition-physical,Local model,climatebert_multi_20260526T094302Z_3e9dfd
llm_0e6595f212ec,LABEL_1,0.999392,True,transition-physical,Local model,climatebert_multi_20260526T094302Z_3e9dfd
llm_08018f414641,LABEL_1,0.999392,True,transition-physical,Local model,climatebert_multi_20260526T094302Z_3e9dfd
llm_bd78228b2003,LABEL_1,0.999392,True,transition-physical,Local model,climatebert_multi_20260526T094302Z_3e9dfd
llm_6dcf29f5c8c8,LABEL_1,0.999392,True,transition-physical,Local model,climatebert_multi_20260526T094302Z_3e9dfd
llm_616fe1f29310,LABEL_1,0.999392,True,transition-physical,Local model,climatebert_multi_20260526T094302Z_3e9dfd
llm_a0dd640cc0dd,LABEL_1,0.999392,True,transition-physical,Local model,climatebert_multi_20260526T094302Z_3e9dfd
llm_993407674268,LABEL_1,0.999392,True,transition-physical,Local model,climatebert_multi_20260526T094302Z_3e9dfd
llm_fb8e96267fb0,LABEL_1,0.999392,True,transition-physical,Local model,climatebert_multi_20260526T094302Z_3e9dfd
llm_3dca53d1bc6c,LABEL_1,0.999392,True,transition-physical,Local model,climatebert_multi_20260526T094302Z_3e9dfd
llm_8e41b798c761,LABEL_1,0.999392,True,transition-physical,Local model,climatebert_multi_20260526T094302Z_3e9dfd
llm_2dd593a878e9,LABEL_1,0.999392,True,transition-physical,Local model,climatebert_multi_20260526T094302Z_3e9dfd
llm_77ff0b834993,LABEL_1,0.999392,True,transition-physical,Local model,climatebert_multi_20260526T094302Z_3e9dfd
llm_882f503d976c,LABEL_1,0.999392,True,transition-physical,Local model,climatebert_multi_20260526T094302Z_3e9dfd
llm_6687a52c5c7d,LABEL_1,0.999392,True,transition-physical,Local model,climatebert_multi_20260526T094302Z_3e9dfd
llm_bc77f4b138fe,LABEL_1,0.999392,True,transition-physical,Local model,climatebert_multi_20260526T094302Z_3e9dfd
llm_1e3728af6890,LABEL_1,0.999392,True,transition-physical,Local model,climatebert_multi_20260526T094302Z_3e9dfd
llm_1905ba3cae16,LABEL_1,0.999392,True,transition-physical,Local model,climatebert_multi_20260526T094302Z_3e9dfd
llm_fdd5e63d1f62,LABEL_1,0.999392,True,transition-physical,Local model,climatebert_multi_20260526T094302Z_3e9dfd
llm_c77e52cdc035,LABEL_1,0.999392,True,transition-physical,Local model,climatebert_multi_20260526T094302Z_3e9dfd
llm_c0f57574d8dd,LABEL_1,0.999392,True,transition-physical,Local model,climatebert_multi_20260526T094302Z_3e9dfd
llm_72c36ae1a880,LABEL_1,0.999392,True,transition-physical,Local model,climatebert_multi_20260526T094302Z_3e9dfd
llm_aa126f10375f,LABEL_1,0.999392,True,transition-physical,Local model,climatebert_multi_20260526T094302Z_3e9dfd
llm_d00c31eb527f,LABEL_1,0.999392,True,transition-physical,Local model,climatebert_multi_20260526T094302Z_3e9dfd
llm_49fef22d4202,LABEL_1,0.999392,True,transition-physical,Local model,climatebert_multi_20260526T094302Z_3e9dfd
llm_d115f423e0e7,LABEL_1,0.999392,True,transition-physical,Local model,climatebert_multi_20260526T094302Z_3e9dfd
llm_18f9babeee10,LABEL_1,0.999392,True,transition-physical,Local model,climatebert_multi_20260526T094302Z_3e9dfd
llm_786195da83a1,LABEL_1,0.999392,True,transition-physical,Local model,climatebert_multi_20260526T094302Z_3e9dfd
llm_30be50e88380,LABEL_1,0.999392,True,transition-physical,Local model,climatebert_multi_20260526T094302Z_3e9dfd
llm_bb95fcf11d96,LABEL_1,0.999392,True,transition-physical,Local model,climatebert_multi_20260526T094302Z_3e9dfd
llm_ce8d248a943d,LABEL_1,0.999392,True,transition-physical,Local model,climatebert_multi_20260526T094302Z_3e9dfd
llm_607b0193b71b,LABEL_1,0.999392,True,transition-physical,Local model,climatebert_multi_20260526T094302Z_3e9dfd
llm_77f231f69983,LABEL_1,0.999392,True,transition-physical,Local model,climatebert_multi_20260526T094302Z_3e9dfd
llm_3ec345896c02,LABEL_1,0.999392,True,transition-physical,Local model,climatebert_multi_20260526T094302Z_3e9dfd
llm_f189f6d33981,LABEL_1,0.999392,True,transition-physical,Local model,climatebert_multi_20260526T094302Z_3e9dfd
llm_6d8e57a49ded,LABEL_1,0.999392,True,transition-physical,Local model,climatebert_multi_20260526T094302Z_3e9dfd
llm_632c86407b07,LABEL_1,0.999392,True,transition-physical,Local model,climatebert_multi_20260526T094302Z_3e9dfd
llm_e3cc9a140e95,LABEL_1,0.999392,True,transition-physical,Local model,climatebert_multi_20260526T094302Z_3e9dfd
llm_c1e4c1da5145,LABEL_1,0.999392,True,transition-physical,Local model,climatebert_multi_20260526T094302Z_3e9dfd
llm_d431b41fb2c1,LABEL_1,0.999392,True,transition-physical,Local model,climatebert_multi_20260526T094302Z_3e9dfd
llm_519f29e1df13,LABEL_1,0.999392,True,transition-physical,Local model,climatebert_multi_20260526T094302Z_3e9dfd
llm_0d17bb05a984,LABEL_1,0.999392,True,transition-physical,Local model,climatebert_multi_20260526T094302Z_3e9dfd
llm_d488510ddd66,LABEL_1,0.999392,True,transition-physical,Local model,climatebert_multi_20260526T094302Z_3e9dfd
llm_e2a46ce3686a,LABEL_1,0.999392,True,transition-physical,Local model,climatebert_multi_20260526T094302Z_3e9dfd
llm_e0fd7f59e1fa,LABEL_1,0.999392,True,transition-physical,Local model,climatebert_multi_20260526T094302Z_3e9dfd
llm_c6ac89b1a044,LABEL_1,0.999392,True,transition-physical,Local model,climatebert_multi_20260526T094302Z_3e9dfd
llm_8ef713f43e3f,LABEL_1,0.999392,True,transition-physical,Local model,climatebert_multi_20260526T094302Z_3e9dfd
llm_14815cccfd35,LABEL_1,0.999392,True,transition-physical,Local model,climatebert_multi_20260526T094302Z_3e9dfd
llm_faf386c47f01,LABEL_1,0.999392,True,transition-physical,Local model,climatebert_multi_20260526T094302Z_3e9dfd
llm_9587ee0a3fb7,LABEL_1,0.999392,True,transition-physical,Local model,climatebert_multi_20260526T094302Z_3e9dfd
llm_27e6b9523487,LABEL_1,0.999392,True,transition-physical,Local model,climatebert_multi_20260526T094302Z_3e9dfd
llm_eb6d908ca731,LABEL_1,0.999392,True,transition-physical,Local model,climatebert_multi_20260526T094302Z_3e9dfd
llm_e07b3a3b4a4d,LABEL_1,0.999392,True,transition-physical,Local model,climatebert_multi_20260526T094302Z_3e9dfd
llm_265bd74f6552,LABEL_1,0.999392,True,transition-physical,Local model,climatebert_multi_20260526T094302Z_3e9dfd
llm_a9b949615e6d,LABEL_1,0.999392,True,transition-physical,Local model,climatebert_multi_20260526T094302Z_3e9dfd
llm_aa6488069993,LABEL_1,0.999392,True,transition-physical,Local model,climatebert_multi_20260526T094302Z_3e9dfd
llm_04b333a7b1bf,LABEL_1,0.999392,True,transition-physical,Local model,climatebert_multi_20260526T094302Z_3e9dfd
llm_1bfde5b099c9,LABEL_1,0.999392,True,transition-physical,Local model,climatebert_multi_20260526T094302Z_3e9dfd
llm_d0bb5331d608,LABEL_1,0.999392,True,transition-physical,Local model,climatebert_multi_20260526T094302Z_3e9dfd
llm_0d8d64f9878d,LABEL_1,0.999392,True,transition-physical,Local model,climatebert_multi_20260526T094302Z_3e9dfd
llm_3a902a3df403,LABEL_1,0.999392,True,transition-physical,Local model,climatebert_multi_20260526T094302Z_3e9dfd
llm_f46551c104e2,LABEL_1,0.999392,True,transition-physical,Local model,climatebert_multi_20260526T094302Z_3e9dfd
llm_0fb2c1c036b9,LABEL_1,0.999392,True,transition-physical,Local model,climatebert_multi_20260526T094302Z_3e9dfd
llm_a6bd648d1890,LABEL_1,0.999392,True,transition-physical,Local model,climatebert_multi_20260526T094302Z_3e9dfd
llm_086b8248ed1b,LABEL_1,0.999392,True,transition-physical,Local model,climatebert_multi_20260526T094302Z_3e9dfd
llm_f1c5645c9de1,LABEL_1,0.999392,True,transition-physical,Local model,climatebert_multi_20260526T094302Z_3e9dfd
llm_43d5e00657e5,LABEL_1,0.999392,True,transition-physical,Local model,climatebert_multi_20260526T094302Z_3e9dfd
llm_e24c84153216,LABEL_1,0.999392,True,transition-physical,Local model,climatebert_multi_20260526T094302Z_3e9dfd
llm_d8cfa742c86b,LABEL_1,0.999392,True,transition-physical,Local model,climatebert_multi_20260526T094302Z_3e9dfd
llm_cdbdcfe1fd4b,LABEL_1,0.999392,True,transition-physical,Local model,climatebert_multi_20260526T094302Z_3e9dfd
llm_ea91c50faa9c,LABEL_1,0.999392,True,transition-physical,Local model,climatebert_multi_20260526T094302Z_3e9dfd
llm_2a6d8fd8c2b3,LABEL_1,0.999392,True,transition-physical,Local model,climatebert_multi_20260526T094302Z_3e9dfd
llm_0a2efef4da09,LABEL_1,0.999392,True,transition-physical,Local model,climatebert_multi_20260526T094302Z_3e9dfd
llm_9ba492044688,LABEL_1,0.999392,True,transition-physical,Local model,climatebert_multi_20260526T094302Z_3e9dfd
llm_40062bf06038,LABEL_1,0.999392,True,transition-physical,Local model,climatebert_multi_20260526T094302Z_3e9dfd
llm_344d775e4760,LABEL_1,0.999392,True,transition-physical,Local model,climatebert_multi_20260526T094302Z_3e9dfd
llm_2c617ef56923,LABEL_1,0.999392,True,transition-physical,Local model,climatebert_multi_20260526T094302Z_3e9dfd
llm_7c5b79b2b5e6,LABEL_1,0.999392,True,transition-physical,Local model,climatebert_multi_20260526T094302Z_3e9dfd
llm_a12e4b99842c,LABEL_1,0.999392,True,transition-physical,Local model,climatebert_multi_20260526T094302Z_3e9dfd
llm_230132e91dc1,LABEL_1,0.999392,True,transition-physical,Local model,climatebert_multi_20260526T094302Z_3e9dfd
llm_6c07eae873c3,LABEL_1,0.999392,True,transition-physical,Local model,climatebert_multi_20260526T094302Z_3e9dfd
llm_c7bd4820f9d2,LABEL_1,0.999392,True,transition-physical,Local model,climatebert_multi_20260526T094302Z_3e9dfd
llm_7a21e7dd30c6,LABEL_1,0.999392,True,transition-physical,Local model,climatebert_multi_20260526T094302Z_3e9dfd
llm_d422609457e9,LABEL_1,0.999392,True,transition-physical,Local model,climatebert_multi_20260526T094302Z_3e9dfd
llm_ccd3d8379450,LABEL_1,0.999392,True,transition-physical,Local model,climatebert_multi_20260526T094302Z_3e9dfd
llm_4523d1c39fdf,LABEL_1,0.999392,True,transition-physical,Local model,climatebert_multi_20260526T094302Z_3e9dfd
llm_ea37d4027ff3,LABEL_1,0.999392,True,transition-physical,Local model,climatebert_multi_20260526T094302Z_3e9dfd
llm_666cd089999a,LABEL_1,0.999392,True,transition-physical,Local model,climatebert_multi_20260526T094302Z_3e9dfd
llm_96d38bd749a2,LABEL_1,0.999392,True,transition-physical,Local model,climatebert_multi_20260526T094302Z_3e9dfd
llm_7b9206435f7f,LABEL_1,0.999392,True,transition-physical,Local model,climatebert_multi_20260526T094302Z_3e9dfd
llm_21b6bfe50e7a,LABEL_1,0.999392,True,transition-physical,Local model,climatebert_multi_20260526T094302Z_3e9dfd
llm_687ccdac62aa,LABEL_1,0.999392,True,transition-physical,Local model,climatebert_multi_20260526T094302Z_3e9dfd
llm_df23268276ae,LABEL_1,0.999392,True,transition-physical,Local model,climatebert_multi_20260526T094302Z_3e9dfd
llm_c46bbd16b7f2,LABEL_1,0.999392,True,transition-physical,Local model,climatebert_multi_20260526T094302Z_3e9dfd
llm_71a3bbebf3f8,LABEL_1,0.999392,True,transition-physical,Local model,climatebert_multi_20260526T094302Z_3e9dfd
llm_c25ee3608bce,LABEL_1,0.999392,True,transition-physical,Local model,climatebert_multi_20260526T094302Z_3e9dfd
llm_e8dc07571753,LABEL_1,0.999392,True,transition-physical,Local model,climatebert_multi_20260526T094302Z_3e9dfd
llm_23e975d88854,LABEL_1,0.999392,True,transition-physical,Local model,climatebert_multi_20260526T094302Z_3e9dfd
llm_86415b56c627,LABEL_1,0.999392,True,transition-physical,Local model,climatebert_multi_20260526T094302Z_3e9dfd
llm_fdb97369e0e4,LABEL_1,0.999392,True,transition-physical,Local model,climatebert_multi_20260526T094302Z_3e9dfd
llm_75aa5df2b124,LABEL_1,0.999392,True,transition-physical,Local model,climatebert_multi_20260526T094302Z_3e9dfd
llm_b167140ccdc3,LABEL_1,0.999392,True,transition-physical,Local model,climatebert_multi_20260526T094302Z_3e9dfd
llm_968b7a9652b5,LABEL_1,0.999392,True,transition-physical,Local model,climatebert_multi_20260526T094302Z_3e9dfd
llm_dc553b2fd49e,LABEL_1,0.999392,True,transition-physical,Local model,climatebert_multi_20260526T094302Z_3e9dfd
llm_650756cf4612,LABEL_1,0.999392,True,transition-physical,Local model,climatebert_multi_20260526T094302Z_3e9dfd
llm_6dd913559319,LABEL_1,0.999392,True,transition-physical,Local model,climatebert_multi_20260526T094302Z_3e9dfd
llm_aaf48ba00898,LABEL_1,0.999392,True,transition-physical,Local model,climatebert_multi_20260526T094302Z_3e9dfd
llm_673a4e3d1b25,LABEL_1,0.999392,True,transition-physical,Local model,climatebert_multi_20260526T094302Z_3e9dfd
llm_602b5848f12c,LABEL_1,0.999392,True,transition-physical,Local model,climatebert_multi_20260526T094302Z_3e9dfd
llm_816d9183a0bb,LABEL_1,0.999392,True,transition-physical,Local model,climatebert_multi_20260526T094302Z_3e9dfd
llm_31cdc8c7fd80,LABEL_1,0.999392,True,transition-physical,Local model,climatebert_multi_20260526T094302Z_3e9dfd
llm_f7a211a691bb,LABEL_1,0.999392,True,transition-physical,Local model,climatebert_multi_20260526T094302Z_3e9dfd
llm_7d675f32e37b,LABEL_1,0.999392,True,transition-physical,Local model,climatebert_multi_20260526T094302Z_3e9dfd
llm_fd4b9cceaa6f,LABEL_1,0.999392,True,transition-physical,Local model,climatebert_multi_20260526T094302Z_3e9dfd
llm_b39ac3f147a8,LABEL_1,0.999392,True,transition-physical,Local model,climatebert_multi_20260526T094302Z_3e9dfd
llm_63676ce5788a,LABEL_1,0.999392,True,transition-physical,Local model,climatebert_multi_20260526T094302Z_3e9dfd
llm_43e091d82e31,LABEL_1,0.999392,True,transition-physical,Local model,climatebert_multi_20260526T094302Z_3e9dfd
llm_8c7f53fb4f8b,LABEL_1,0.999392,True,transition-physical,Local model,climatebert_multi_20260526T094302Z_3e9dfd
llm_18e360ef39c0,LABEL_1,0.999392,True,transition-physical,Local model,climatebert_multi_20260526T094302Z_3e9dfd
llm_2f357f967c8c,LABEL_1,0.999392,True,transition-physical,Local model,climatebert_multi_20260526T094302Z_3e9dfd
llm_a8640b8ac814,LABEL_1,0.999392,True,transition-physical,Local model,climatebert_multi_20260526T094302Z_3e9dfd
llm_58647d592cf4,LABEL_1,0.999392,True,transition-physical,Local model,climatebert_multi_20260526T094302Z_3e9dfd
llm_40617decce39,LABEL_1,0.999392,True,transition-physical,Local model,climatebert_multi_20260526T094302Z_3e9dfd
llm_9bfe1fe07b05,LABEL_1,0.999392,True,transition-physical,Local model,climatebert_multi_20260526T094302Z_3e9dfd
llm_417314c3f172,LABEL_1,0.999392,True,transition-physical,Local model,climatebert_multi_20260526T094302Z_3e9dfd
llm_dbfb69675af5,LABEL_1,0.999392,True,transition-physical,Local model,climatebert_multi_20260526T094302Z_3e9dfd
llm_b9820819e96e,LABEL_1,0.999392,True,transition-physical,Local model,climatebert_multi_20260526T094302Z_3e9dfd
llm_ac52127cf7fb,LABEL_1,0.999392,True,transition-physical,Local model,climatebert_multi_20260526T094302Z_3e9dfd
llm_4b0c869ba197,LABEL_1,0.999392,True,transition-physical,Local model,climatebert_multi_20260526T094302Z_3e9dfd
llm_46cfbf4c3282,LABEL_1,0.999392,True,transition-physical,Local model,climatebert_multi_20260526T094302Z_3e9dfd
llm_d466a07d11db,LABEL_1,0.999392,True,transition-physical,Local model,climatebert_multi_20260526T094302Z_3e9dfd
llm_4a7e1289e391,LABEL_1,0.999392,True,transition-physical,Local model,climatebert_multi_20260526T094302Z_3e9dfd
llm_de5d3c5877d5,LABEL_1,0.999392,True,transition-physical,Local model,climatebert_multi_20260526T094302Z_3e9dfd
llm_c588fc841a5e,LABEL_1,0.999392,True,transition-physical,Local model,climatebert_multi_20260526T094302Z_3e9dfd
llm_ff5e33381ad9,LABEL_1,0.999392,True,transition-physical,Local model,climatebert_multi_20260526T094302Z_3e9dfd
llm_ed54fc9b52d0,LABEL_1,0.999392,True,transition-physical,Local model,climatebert_multi_20260526T094302Z_3e9dfd
llm_5b93b9866e5e,LABEL_1,0.999392,True,transition-physical,Local model,climatebert_multi_20260526T094302Z_3e9dfd
llm_14a73cb1a009,LABEL_1,0.999392,True,transition-physical,Local model,climatebert_multi_20260526T094302Z_3e9dfd
llm_dbdef81bfb08,LABEL_1,0.999392,True,transition-physical,Local model,climatebert_multi_20260526T094302Z_3e9dfd
llm_267a868ca504,LABEL_1,0.999392,True,transition-physical,Local model,climatebert_multi_20260526T094302Z_3e9dfd
llm_690be2e0f014,LABEL_1,0.999392,True,transition-physical,Local model,climatebert_multi_20260526T094302Z_3e9dfd
llm_7776377ce1b4,LABEL_1,0.999392,True,transition-physical,Local model,climatebert_multi_20260526T094302Z_3e9dfd
llm_93ffb4bf06e0,LABEL_1,0.999392,True,transition-physical,Local model,climatebert_multi_20260526T094302Z_3e9dfd
llm_c1f45657c2ac,LABEL_1,0.999392,True,transition-physical,Local model,climatebert_multi_20260526T094302Z_3e9dfd
llm_7269453e5165,LABEL_1,0.999392,True,transition-physical,Local model,climatebert_multi_20260526T094302Z_3e9dfd
llm_99f818e63fe0,LABEL_1,0.999392,True,transition-physical,Local model,climatebert_multi_20260526T094302Z_3e9dfd
llm_6b5a7db9e4cf,LABEL_1,0.999392,True,transition-physical,Local model,climatebert_multi_20260526T094302Z_3e9dfd
llm_a886994ce308,LABEL_1,0.999392,True,transition-physical,Local model,climatebert_multi_20260526T094302Z_3e9dfd
llm_51866eb1cdcc,LABEL_1,0.999392,True,transition-physical,Local model,climatebert_multi_20260526T094302Z_3e9dfd
llm_a358428bfa21,LABEL_1,0.999392,True,transition-physical,Local model,climatebert_multi_20260526T094302Z_3e9dfd
llm_c8449c83c4a0,LABEL_1,0.999392,True,transition-physical,Local model,climatebert_multi_20260526T094302Z_3e9dfd
llm_3a2de5ef71bb,LABEL_1,0.999392,True,transition-physical,Local model,climatebert_multi_20260526T094302Z_3e9dfd
llm_daf90cb93e12,LABEL_1,0.999392,True,transition-physical,Local model,climatebert_multi_20260526T094302Z_3e9dfd
llm_11599883d3f7,LABEL_1,0.999392,True,transition-physical,Local model,climatebert_multi_20260526T094302Z_3e9dfd
llm_bd7141240359,LABEL_1,0.999392,True,transition-physical,Local model,climatebert_multi_20260526T094302Z_3e9dfd
llm_60dcbafe6da9,LABEL_1,0.999392,True,transition-physical,Local model,climatebert_multi_20260526T094302Z_3e9dfd
llm_da0d06480711,LABEL_1,0.999392,True,transition-physical,Local model,climatebert_multi_20260526T094302Z_3e9dfd
llm_f2fb86b18653,LABEL_1,0.999392,True,transition-physical,Local model,climatebert_multi_20260526T094302Z_3e9dfd
llm_9080341f1726,LABEL_1,0.999392,True,transition-physical,Local model,climatebert_multi_20260526T094302Z_3e9dfd
llm_d530c18d7b0b,LABEL_1,0.999392,True,transition-physical,Local model,climatebert_multi_20260526T094302Z_3e9dfd
llm_ca1b1e2c76f4,LABEL_1,0.999392,True,transition-physical,Local model,climatebert_multi_20260526T094302Z_3e9dfd
llm_59789a86fb19,LABEL_1,0.999392,True,transition-physical,Local model,climatebert_multi_20260526T094302Z_3e9dfd
llm_96e4456df008,LABEL_1,0.999392,True,transition-physical,Local model,climatebert_multi_20260526T094302Z_3e9dfd
llm_78af8a47d4a8,LABEL_1,0.999392,True,transition-physical,Local model,climatebert_multi_20260526T094302Z_3e9dfd
llm_1bb39c5b9a5f,LABEL_1,0.999392,True,transition-physical,Local model,climatebert_multi_20260526T094302Z_3e9dfd
llm_fb105feb21e3,LABEL_1,0.999392,True,transition-physical,Local model,climatebert_multi_20260526T094302Z_3e9dfd
llm_a1cf5bfd9c31,LABEL_1,0.999392,True,transition-physical,Local model,climatebert_multi_20260526T094302Z_3e9dfd
llm_ef04b1675b9b,LABEL_1,0.999392,True,transition-physical,Local model,climatebert_multi_20260526T094302Z_3e9dfd
llm_4bc6091dd66e,LABEL_1,0.999392,True,transition-physical,Local model,climatebert_multi_20260526T094302Z_3e9dfd
llm_a89e3ee78cd1,LABEL_1,0.999392,True,transition-physical,Local model,climatebert_multi_20260526T094302Z_3e9dfd
llm_4e027be10c40,LABEL_1,0.999392,True,transition-physical,Local model,climatebert_multi_20260526T094302Z_3e9dfd
llm_e2342bf97f15,LABEL_1,0.999392,True,transition-physical,Local model,climatebert_multi_20260526T094302Z_3e9dfd
llm_bbc957b133a3,LABEL_1,0.999392,True,transition-physical,Local model,climatebert_multi_20260526T094302Z_3e9dfd
llm_fa948c89534c,LABEL_1,0.999392,True,transition-physical,Local model,climatebert_multi_20260526T094302Z_3e9dfd
llm_237f96183aa6,LABEL_1,0.999392,True,transition-physical,Local model,climatebert_multi_20260526T094302Z_3e9dfd
llm_56ecd5b9bf71,LABEL_1,0.999392,True,transition-physical,Local model,climatebert_multi_20260526T094302Z_3e9dfd
llm_154c5d0dd6c4,LABEL_1,0.999392,True,transition-physical,Local model,climatebert_multi_20260526T094302Z_3e9dfd
llm_c052a8b21c29,LABEL_1,0.999392,True,transition-physical,Local model,climatebert_multi_20260526T094302Z_3e9dfd
llm_6895f3329b3f,LABEL_1,0.999392,True,transition-physical,Local model,climatebert_multi_20260526T094302Z_3e9dfd
llm_5e8f5f06dd88,LABEL_1,0.999392,True,transition-physical,Local model,climatebert_multi_20260526T094302Z_3e9dfd
llm_1b01621c4ca3,LABEL_1,0.999392,True,transition-physical,Local model,climatebert_multi_20260526T094302Z_3e9dfd
llm_578839d0489d,LABEL_1,0.999392,True,transition-physical,Local model,climatebert_multi_20260526T094302Z_3e9dfd
llm_5a9de1c31c6b,LABEL_1,0.999392,True,transition-physical,Local model,climatebert_multi_20260526T094302Z_3e9dfd
llm_051a0ef3ee61,LABEL_1,0.999392,True,transition-physical,Local model,climatebert_multi_20260526T094302Z_3e9dfd
llm_f423fa0b20de,LABEL_1,0.999392,True,transition-physical,Local model,climatebert_multi_20260526T094302Z_3e9dfd
llm_37e74caa32ae,LABEL_1,0.999392,True,transition-physical,Local model,climatebert_multi_20260526T094302Z_3e9dfd
llm_bdb5767b3f3e,LABEL_1,0.999392,True,transition-physical,Local model,climatebert_multi_20260526T094302Z_3e9dfd
llm_de5cb9c4a9a6,LABEL_1,0.999392,True,transition-physical,Local model,climatebert_multi_20260526T094302Z_3e9dfd
llm_f054c590eb7e,LABEL_1,0.999392,True,transition-physical,Local model,climatebert_multi_20260526T094302Z_3e9dfd
llm_c6139b2f1553,LABEL_1,0.999392,True,transition-physical,Local model,climatebert_multi_20260526T094302Z_3e9dfd
llm_07190dafa5d1,LABEL_1,0.999392,True,transition-physical,Local model,climatebert_multi_20260526T094302Z_3e9dfd
llm_549902364afd,LABEL_1,0.999392,True,transition-physical,Local model,climatebert_multi_20260526T094302Z_3e9dfd
llm_4d7fd0cc3ee0,LABEL_1,0.999392,True,transition-physical,Local model,climatebert_multi_20260526T094302Z_3e9dfd
llm_1dab7b111586,LABEL_1,0.999392,True,transition-physical,Local model,climatebert_multi_20260526T094302Z_3e9dfd
llm_a2ef2f0de8d7,LABEL_1,0.999392,True,transition-physical,Local model,climatebert_multi_20260526T094302Z_3e9dfd
llm_3e7bb7a5cf06,LABEL_1,0.999392,True,transition-physical,Local model,climatebert_multi_20260526T094302Z_3e9dfd
llm_65c72cf43a1e,LABEL_1,0.999392,True,transition-physical,Local model,climatebert_multi_20260526T094302Z_3e9dfd
llm_3a6008ea4e47,LABEL_1,0.999392,True,transition-physical,Local model,climatebert_multi_20260526T094302Z_3e9dfd
llm_64f2db4d29a1,LABEL_1,0.999392,True,transition-physical,Local model,climatebert_multi_20260526T094302Z_3e9dfd
llm_a10a5c392482,LABEL_1,0.999392,True,transition-physical,Local model,climatebert_multi_20260526T094302Z_3e9dfd
llm_243901c9fba6,LABEL_1,0.999392,True,transition-physical,Local model,climatebert_multi_20260526T094302Z_3e9dfd
llm_8fefa4174d09,LABEL_1,0.999392,True,transition-physical,Local model,climatebert_multi_20260526T094302Z_3e9dfd
llm_28f8e18ab110,LABEL_1,0.999392,True,transition-physical,Local model,climatebert_multi_20260526T094302Z_3e9dfd
llm_7e116c1ea340,LABEL_1,0.999392,True,transition-physical,Local model,climatebert_multi_20260526T094302Z_3e9dfd
llm_4bf685d74393,LABEL_1,0.999392,True,transition-physical,Local model,climatebert_multi_20260526T094302Z_3e9dfd
llm_89cf114777f2,LABEL_1,0.999392,True,transition-physical,Local model,climatebert_multi_20260526T094302Z_3e9dfd
llm_68f773a04954,LABEL_1,0.999392,True,transition-physical,Local model,climatebert_multi_20260526T094302Z_3e9dfd
llm_6423b837bd8f,LABEL_1,0.999392,True,transition-physical,Local model,climatebert_multi_20260526T094302Z_3e9dfd
llm_6d87dc529320,LABEL_1,0.999392,True,transition-physical,Local model,climatebert_multi_20260526T094302Z_3e9dfd
llm_9897db11a179,LABEL_1,0.999392,True,transition-physical,Local model,climatebert_multi_20260526T094302Z_3e9dfd
llm_322944674b3f,LABEL_1,0.999392,True,transition-physical,Local model,climatebert_multi_20260526T094302Z_3e9dfd
llm_569f49401140,LABEL_1,0.999392,True,transition-physical,Local model,climatebert_multi_20260526T094302Z_3e9dfd
llm_5c90465fa09c,LABEL_1,0.999392,True,transition-physical,Local model,climatebert_multi_20260526T094302Z_3e9dfd
llm_f0221b01cdc2,LABEL_1,0.999392,True,transition-physical,Local model,climatebert_multi_20260526T094302Z_3e9dfd
llm_49f1faf45a87,LABEL_1,0.999392,True,transition-physical,Local model,climatebert_multi_20260526T094302Z_3e9dfd
llm_d1723fc14886,LABEL_1,0.999392,True,transition-physical,Local model,climatebert_multi_20260526T094302Z_3e9dfd
llm_df323b12dc1b,LABEL_1,0.999392,True,transition-physical,Local model,climatebert_multi_20260526T094302Z_3e9dfd
llm_866ff0d2b5e1,LABEL_1,0.999392,True,transition-physical,Local model,climatebert_multi_20260526T094302Z_3e9dfd
llm_b6af36f25e35,LABEL_1,0.999392,True,transition-physical,Local model,climatebert_multi_20260526T094302Z_3e9dfd
llm_5818c1eea308,LABEL_1,0.999392,True,transition-physical,Local model,climatebert_multi_20260526T094302Z_3e9dfd
llm_64b77ae35c1d,LABEL_1,0.999392,True,transition-physical,Local model,climatebert_multi_20260526T094302Z_3e9dfd
llm_18a8f8ed4e4b,LABEL_1,0.999392,True,transition-physical,Local model,climatebert_multi_20260526T094302Z_3e9dfd
llm_41cd5a39a751,LABEL_1,0.999392,True,transition-physical,Local model,climatebert_multi_20260526T094302Z_3e9dfd
llm_009fe0b18173,LABEL_1,0.999392,True,transition-physical,Local model,climatebert_multi_20260526T094302Z_3e9dfd
llm_94fd65c13498,LABEL_1,0.999392,True,transition-physical,Local model,climatebert_multi_20260526T094302Z_3e9dfd
llm_770d4c9aee5b,LABEL_1,0.999392,True,transition-physical,Local model,climatebert_multi_20260526T094302Z_3e9dfd
llm_13288b538993,LABEL_1,0.999392,True,transition-physical,Local model,climatebert_multi_20260526T094302Z_3e9dfd
llm_08c49539e918,LABEL_1,0.999392,True,transition-physical,Local model,climatebert_multi_20260526T094302Z_3e9dfd
llm_4321be416675,LABEL_1,0.999392,True,transition-physical,Local model,climatebert_multi_20260526T094302Z_3e9dfd
llm_81eb71fff3e0,LABEL_1,0.999392,True,transition-physical,Local model,climatebert_multi_20260526T094302Z_3e9dfd
llm_302262272bd9,LABEL_1,0.999392,True,transition-physical,Local model,climatebert_multi_20260526T094302Z_3e9dfd
llm_13957b2d7e59,LABEL_1,0.999392,True,transition-physical,Local model,climatebert_multi_20260526T094302Z_3e9dfd
llm_d9bd88bc905e,LABEL_1,0.999392,True,transition-physical,Local model,climatebert_multi_20260526T094302Z_3e9dfd
llm_3ee5409908e7,LABEL_1,0.999392,True,transition-physical,Local model,climatebert_multi_20260526T094302Z_3e9dfd
llm_d6f18639ed18,LABEL_1,0.999392,True,transition-physical,Local model,climatebert_multi_20260526T094302Z_3e9dfd
llm_bf3ad855fec4,LABEL_1,0.999392,True,transition-physical,Local model,climatebert_multi_20260526T094302Z_3e9dfd
llm_1896c2f2b29f,LABEL_1,0.999392,True,transition-physical,Local model,climatebert_multi_20260526T094302Z_3e9dfd
llm_55f64bddab8d,LABEL_1,0.999392,True,transition-physical,Local model,climatebert_multi_20260526T094302Z_3e9dfd
llm_b2c1e9aa7823,LABEL_1,0.999392,True,transition-physical,Local model,climatebert_multi_20260526T094302Z_3e9dfd
llm_f4f85d0d9a6e,LABEL_1,0.999392,True,transition-physical,Local model,climatebert_multi_20260526T094302Z_3e9dfd
llm_fc8de733d0af,LABEL_1,0.999392,True,transition-physical,Local model,climatebert_multi_20260526T094302Z_3e9dfd
llm_74f161932951,LABEL_1,0.999392,True,transition-physical,Local model,climatebert_multi_20260526T094302Z_3e9dfd
llm_b53a90e421a7,LABEL_1,0.999392,True,transition-physical,Local model,climatebert_multi_20260526T094302Z_3e9dfd
llm_02106fc9e646,LABEL_1,0.999392,True,transition-physical,Local model,climatebert_multi_20260526T094302Z_3e9dfd
llm_3f9dac75ff7a,LABEL_1,0.999392,True,transition-physical,Local model,climatebert_multi_20260526T094302Z_3e9dfd
llm_c39ee82bc672,LABEL_1,0.999392,True,transition-physical,Local model,climatebert_multi_20260526T094302Z_3e9dfd
llm_d998c23d2b15,LABEL_1,0.999392,True,transition-physical,Local model,climatebert_multi_20260526T094302Z_3e9dfd
llm_3cef7b98bea7,LABEL_1,0.999392,True,transition-physical,Local model,climatebert_multi_20260526T094302Z_3e9dfd
llm_b860804ca3b5,LABEL_1,0.999392,True,transition-physical,Local model,climatebert_multi_20260526T094302Z_3e9dfd
llm_0944d76f4590,LABEL_1,0.999392,True,transition-physical,Local model,climatebert_multi_20260526T094302Z_3e9dfd
llm_3c7fff2beacf,LABEL_1,0.999392,True,transition-physical,Local model,climatebert_multi_20260526T094302Z_3e9dfd
llm_e9c6a9aacc5b,LABEL_1,0.999392,True,transition-physical,Local model,climatebert_multi_20260526T094302Z_3e9dfd
llm_7c175e14aa63,LABEL_1,0.999392,True,transition-physical,Local model,climatebert_multi_20260526T094302Z_3e9dfd
llm_4f1618bedef7,LABEL_1,0.999392,True,transition-physical,Local model,climatebert_multi_20260526T094302Z_3e9dfd
llm_fc7f72faf499,LABEL_1,0.999392,True,transition-physical,Local model,climatebert_multi_20260526T094302Z_3e9dfd
llm_d205ae316e8a,LABEL_1,0.999392,True,transition-physical,Local model,climatebert_multi_20260526T094302Z_3e9dfd
llm_2f976bc33600,LABEL_1,0.999392,True,transition-physical,Local model,climatebert_multi_20260526T094302Z_3e9dfd
llm_a7eb5367d461,LABEL_1,0.999392,True,transition-physical,Local model,climatebert_multi_20260526T094302Z_3e9dfd
llm_28f94f8a0fff,LABEL_1,0.999392,True,transition-physical,Local model,climatebert_multi_20260526T094302Z_3e9dfd
llm_d521578b4443,LABEL_1,0.999392,True,transition-physical,Local model,climatebert_multi_20260526T094302Z_3e9dfd
llm_c108e52f415d,LABEL_1,0.999392,True,transition-physical,Local model,climatebert_multi_20260526T094302Z_3e9dfd
llm_fbd8c0f2053c,LABEL_1,0.999392,True,transition-physical,Local model,climatebert_multi_20260526T094302Z_3e9dfd
llm_571027620f9a,LABEL_1,0.999392,True,transition-physical,Local model,climatebert_multi_20260526T094302Z_3e9dfd
llm_66a74a438e5d,LABEL_1,0.999392,True,transition-physical,Local model,climatebert_multi_20260526T094302Z_3e9dfd
llm_0fa38bdb323a,LABEL_1,0.999392,True,transition-physical,Local model,climatebert_multi_20260526T094302Z_3e9dfd
llm_af84c6eb5cd2,LABEL_1,0.999392,True,transition-physical,Local model,climatebert_multi_20260526T094302Z_3e9dfd
llm_e443d728fe99,LABEL_1,0.999392,True,transition-physical,Local model,climatebert_multi_20260526T094302Z_3e9dfd
llm_4b4f62a2c70c,LABEL_1,0.999392,True,transition-physical,Local model,climatebert_multi_20260526T094302Z_3e9dfd
llm_37c25a33daee,LABEL_1,0.999392,True,transition-physical,Local model,climatebert_multi_20260526T094302Z_3e9dfd
llm_4266f5d175aa,LABEL_1,0.999392,True,transition-physical,Local model,climatebert_multi_20260526T094302Z_3e9dfd
llm_50c6513fba5b,LABEL_1,0.999392,True,transition-physical,Local model,climatebert_multi_20260526T094302Z_3e9dfd
llm_b7d76ebb6143,LABEL_1,0.999392,True,transition-physical,Local model,climatebert_multi_20260526T094302Z_3e9dfd
llm_021a768ed7a8,LABEL_1,0.999392,True,transition-physical,Local model,climatebert_multi_20260526T094302Z_3e9dfd
llm_fc3c1afd48e0,LABEL_1,0.999392,True,transition-physical,Local model,climatebert_multi_20260526T094302Z_3e9dfd
llm_28aba57b00c1,LABEL_1,0.999392,True,transition-physical,Local model,climatebert_multi_20260526T094302Z_3e9dfd
llm_0348b902171c,LABEL_1,0.999392,True,transition-physical,Local model,climatebert_multi_20260526T094302Z_3e9dfd
llm_3d3b727bc3c9,LABEL_1,0.999392,True,transition-physical,Local model,climatebert_multi_20260526T094302Z_3e9dfd
llm_060481afb9dd,LABEL_1,0.999392,True,transition-physical,Local model,climatebert_multi_20260526T094302Z_3e9dfd
llm_94bb48cc4cac,LABEL_1,0.999392,True,transition-physical,Local model,climatebert_multi_20260526T094302Z_3e9dfd
llm_b6151c711d84,LABEL_1,0.999392,True,transition-physical,Local model,climatebert_multi_20260526T094302Z_3e9dfd
llm_a03d625c41be,LABEL_1,0.999392,True,transition-physical,Local model,climatebert_multi_20260526T094302Z_3e9dfd
llm_e271e6e20e74,LABEL_1,0.999392,True,transition-physical,Local model,climatebert_multi_20260526T094302Z_3e9dfd
llm_dcafd4b60990,LABEL_1,0.999392,True,transition-physical,Local model,climatebert_multi_20260526T094302Z_3e9dfd
llm_a8e36f1b62e9,LABEL_1,0.999392,True,transition-physical,Local model,climatebert_multi_20260526T094302Z_3e9dfd
llm_7af0a3cbdabe,LABEL_1,0.999392,True,transition-physical,Local model,climatebert_multi_20260526T094302Z_3e9dfd
llm_8e558bbebaac,LABEL_1,0.999392,True,transition-physical,Local model,climatebert_multi_20260526T094302Z_3e9dfd
llm_8e09f2e2d578,LABEL_1,0.999392,True,transition-physical,Local model,climatebert_multi_20260526T094302Z_3e9dfd
llm_d05d88d9b659,LABEL_1,0.999392,True,transition-physical,Local model,climatebert_multi_20260526T094302Z_3e9dfd
llm_e621e4ef5a0d,LABEL_1,0.999392,True,transition-physical,Local model,climatebert_multi_20260526T094302Z_3e9dfd
llm_6ba891e0b70e,LABEL_1,0.999392,True,transition-physical,Local model,climatebert_multi_20260526T094302Z_3e9dfd
llm_0c4d5721f2cb,LABEL_1,0.999392,True,transition-physical,Local model,climatebert_multi_20260526T094302Z_3e9dfd
llm_9630ed81c079,LABEL_1,0.999392,True,transition-physical,Local model,climatebert_multi_20260526T094302Z_3e9dfd
llm_6a96fc8f449a,LABEL_1,0.999392,True,transition-physical,Local model,climatebert_multi_20260526T094302Z_3e9dfd
llm_c92617ceb06a,LABEL_1,0.999392,True,transition-physical,Local model,climatebert_multi_20260526T094302Z_3e9dfd
llm_4dc67f841fa6,LABEL_1,0.999392,True,transition-physical,Local model,climatebert_multi_20260526T094302Z_3e9dfd
llm_2c54a8694dda,LABEL_1,0.999392,True,transition-physical,Local model,climatebert_multi_20260526T094302Z_3e9dfd
llm_f5cf6b19e789,LABEL_1,0.999392,True,transition-physical,Local model,climatebert_multi_20260526T094302Z_3e9dfd
llm_a6de1ca04442,LABEL_1,0.999392,True,transition-physical,Local model,climatebert_multi_20260526T094302Z_3e9dfd
llm_115c3d261f8d,LABEL_1,0.999392,True,transition-physical,Local model,climatebert_multi_20260526T094302Z_3e9dfd
llm_88398164156b,LABEL_1,0.999392,True,transition-physical,Local model,climatebert_multi_20260526T094302Z_3e9dfd
llm_0043fba89924,LABEL_1,0.999392,True,transition-physical,Local model,climatebert_multi_20260526T094302Z_3e9dfd
llm_772884dffa69,LABEL_1,0.999392,True,transition-physical,Local model,climatebert_multi_20260526T094302Z_3e9dfd
llm_bb3ad35ebbd4,LABEL_1,0.999392,True,transition-physical,Local model,climatebert_multi_20260526T094302Z_3e9dfd
llm_4bd379ebd8ce,LABEL_1,0.999392,True,transition-physical,Local model,climatebert_multi_20260526T094302Z_3e9dfd
llm_194c2d590d50,LABEL_1,0.999392,True,transition-physical,Local model,climatebert_multi_20260526T094302Z_3e9dfd
llm_b249703de7c9,LABEL_1,0.999392,True,transition-physical,Local model,climatebert_multi_20260526T094302Z_3e9dfd
llm_257c45b427e7,LABEL_1,0.999392,True,transition-physical,Local model,climatebert_multi_20260526T094302Z_3e9dfd
llm_b45b37c47cb4,LABEL_1,0.999392,True,transition-physical,Local model,climatebert_multi_20260526T094302Z_3e9dfd
llm_aa6b6ed559c6,LABEL_1,0.999392,True,transition-physical,Local model,climatebert_multi_20260526T094302Z_3e9dfd
llm_a04787eb3738,LABEL_1,0.999392,True,transition-physical,Local model,climatebert_multi_20260526T094302Z_3e9dfd
llm_5b09617b2c14,LABEL_1,0.999392,True,transition-physical,Local model,climatebert_multi_20260526T094302Z_3e9dfd
llm_e677796e3236,LABEL_1,0.999392,True,transition-physical,Local model,climatebert_multi_20260526T094302Z_3e9dfd
llm_cc55c9a36db1,LABEL_1,0.999392,True,transition-physical,Local model,climatebert_multi_20260526T094302Z_3e9dfd
llm_ee8338d5b9e5,LABEL_1,0.999392,True,transition-physical,Local model,climatebert_multi_20260526T094302Z_3e9dfd
llm_f61801d0c1da,LABEL_1,0.999392,True,transition-physical,Local model,climatebert_multi_20260526T094302Z_3e9dfd
llm_222c78a9f3b5,LABEL_1,0.999392,True,transition-physical,Local model,climatebert_multi_20260526T094302Z_3e9dfd
llm_c40b8c0f2a34,LABEL_1,0.999392,True,transition-physical,Local model,climatebert_multi_20260526T094302Z_3e9dfd
llm_8cf822dd2df1,LABEL_1,0.999392,True,transition-physical,Local model,climatebert_multi_20260526T094302Z_3e9dfd
llm_33949cb792ec,LABEL_1,0.999392,True,transition-physical,Local model,climatebert_multi_20260526T094302Z_3e9dfd
llm_b9b34d507b97,LABEL_1,0.999392,True,transition-physical,Local model,climatebert_multi_20260526T094302Z_3e9dfd
llm_4a0a99e4d3bf,LABEL_1,0.999392,True,transition-physical,Local model,climatebert_multi_20260526T094302Z_3e9dfd
llm_cc9bb4b5126b,LABEL_1,0.999392,True,transition-physical,Local model,climatebert_multi_20260526T094302Z_3e9dfd
llm_f602da326a69,LABEL_1,0.999392,True,transition-physical,Local model,climatebert_multi_20260526T094302Z_3e9dfd
llm_492eb47fdd52,LABEL_1,0.999392,True,transition-physical,Local model,climatebert_multi_20260526T094302Z_3e9dfd
llm_f0fd75db3bba,LABEL_1,0.999392,True,transition-physical,Local model,climatebert_multi_20260526T094302Z_3e9dfd
llm_ef5261474969,LABEL_1,0.999392,True,transition-physical,Local model,climatebert_multi_20260526T094302Z_3e9dfd
llm_69c3c24006a7,LABEL_1,0.999392,True,transition-physical,Local model,climatebert_multi_20260526T094302Z_3e9dfd
llm_fc4e31143f66,LABEL_1,0.999392,True,transition-physical,Local model,climatebert_multi_20260526T094302Z_3e9dfd
llm_5678450cdb6e,LABEL_1,0.999392,True,transition-physical,Local model,climatebert_multi_20260526T094302Z_3e9dfd
llm_845b056185df,LABEL_1,0.999392,True,transition-physical,Local model,climatebert_multi_20260526T094302Z_3e9dfd
llm_2398161e42f2,LABEL_1,0.999392,True,transition-physical,Local model,climatebert_multi_20260526T094302Z_3e9dfd
llm_43d34eda1091,LABEL_1,0.999392,True,transition-physical,Local model,climatebert_multi_20260526T094302Z_3e9dfd
llm_e426ee067c01,LABEL_1,0.999392,True,transition-physical,Local model,climatebert_multi_20260526T094302Z_3e9dfd
llm_57bc21b18131,LABEL_1,0.999392,True,transition-physical,Local model,climatebert_multi_20260526T094302Z_3e9dfd
llm_c1d263cc12df,LABEL_1,0.999392,True,transition-physical,Local model,climatebert_multi_20260526T094302Z_3e9dfd
llm_e1b1fe197e54,LABEL_1,0.999392,True,transition-physical,Local model,climatebert_multi_20260526T094302Z_3e9dfd
llm_9c547d65c1c5,LABEL_1,0.999392,True,transition-physical,Local model,climatebert_multi_20260526T094302Z_3e9dfd
llm_6b9296cd6179,LABEL_1,0.999392,True,transition-physical,Local model,climatebert_multi_20260526T094302Z_3e9dfd
llm_c32604871738,LABEL_1,0.999392,True,transition-physical,Local model,climatebert_multi_20260526T094302Z_3e9dfd
llm_c7eaf1bac5c5,LABEL_1,0.999392,True,transition-physical,Local model,climatebert_multi_20260526T094302Z_3e9dfd
llm_f51a1bd241fb,LABEL_1,0.999392,True,transition-physical,Local model,climatebert_multi_20260526T094302Z_3e9dfd
llm_883f0ed2be4d,LABEL_1,0.999392,True,transition-physical,Local model,climatebert_multi_20260526T094302Z_3e9dfd
llm_3a8b188293f7,LABEL_1,0.999392,True,transition-physical,Local model,climatebert_multi_20260526T094302Z_3e9dfd
llm_6ee45dbebab4,LABEL_1,0.999392,True,transition-physical,Local model,climatebert_multi_20260526T094302Z_3e9dfd
llm_9cac7d61775f,LABEL_1,0.999392,True,transition-physical,Local model,climatebert_multi_20260526T094302Z_3e9dfd
llm_8df404c044ac,LABEL_1,0.999392,True,transition-physical,Local model,climatebert_multi_20260526T094302Z_3e9dfd
llm_01a3ca91feaf,LABEL_1,0.999392,True,transition-physical,Local model,climatebert_multi_20260526T094302Z_3e9dfd
llm_c9f3ea8336a8,LABEL_1,0.999392,True,transition-physical,Local model,climatebert_multi_20260526T094302Z_3e9dfd
llm_be017b66f9e9,LABEL_1,0.999392,True,transition-physical,Local model,climatebert_multi_20260526T094302Z_3e9dfd
llm_126775366e85,LABEL_1,0.999392,True,transition-physical,Local model,climatebert_multi_20260526T094302Z_3e9dfd
llm_4758594086ca,LABEL_1,0.999392,True,transition-physical,Local model,climatebert_multi_20260526T094302Z_3e9dfd
llm_ad8b95eb7993,LABEL_1,0.999392,True,transition-physical,Local model,climatebert_multi_20260526T094302Z_3e9dfd
llm_45b008bf21fb,LABEL_1,0.999392,True,transition-physical,Local model,climatebert_multi_20260526T094302Z_3e9dfd
llm_d3edf1c2608e,LABEL_1,0.999392,True,transition-physical,Local model,climatebert_multi_20260526T094302Z_3e9dfd
llm_cb6aa94fe7bd,LABEL_1,0.999392,True,transition-physical,Local model,climatebert_multi_20260526T094302Z_3e9dfd
llm_22bfb1cb7732,LABEL_1,0.999392,True,transition-physical,Local model,climatebert_multi_20260526T094302Z_3e9dfd
llm_d685464d857c,LABEL_1,0.999392,True,transition-physical,Local model,climatebert_multi_20260526T094302Z_3e9dfd
llm_16acbd7c6853,LABEL_1,0.999392,True,transition-physical,Local model,climatebert_multi_20260526T094302Z_3e9dfd
llm_d721025ab4fc,LABEL_1,0.999392,True,transition-physical,Local model,climatebert_multi_20260526T094302Z_3e9dfd
llm_11a60e2a59b0,LABEL_1,0.999392,True,transition-physical,Local model,climatebert_multi_20260526T094302Z_3e9dfd
llm_4938638daafa,LABEL_1,0.999392,True,transition-physical,Local model,climatebert_multi_20260526T094302Z_3e9dfd
llm_c04db89a0655,LABEL_1,0.999392,True,transition-physical,Local model,climatebert_multi_20260526T094302Z_3e9dfd
llm_a43467690d5f,LABEL_1,0.999392,True,transition-physical,Local model,climatebert_multi_20260526T094302Z_3e9dfd
llm_3cdb1a159b29,LABEL_1,0.999392,True,transition-physical,Local model,climatebert_multi_20260526T094302Z_3e9dfd
llm_e6b6a250df47,LABEL_1,0.999392,True,transition-physical,Local model,climatebert_multi_20260526T094302Z_3e9dfd
llm_8d3abc886c19,LABEL_1,0.999392,True,transition-physical,Local model,climatebert_multi_20260526T094302Z_3e9dfd
llm_1a46f8a0cae2,LABEL_1,0.999392,True,transition-physical,Local model,climatebert_multi_20260526T094302Z_3e9dfd
llm_5f1d9ee0d758,LABEL_1,0.999392,True,transition-physical,Local model,climatebert_multi_20260526T094302Z_3e9dfd
llm_75076136b81d,LABEL_1,0.999392,True,transition-physical,Local model,climatebert_multi_20260526T094302Z_3e9dfd
llm_79d31e618596,LABEL_1,0.999392,True,transition-physical,Local model,climatebert_multi_20260526T094302Z_3e9dfd
llm_90464ee3dfd7,LABEL_1,0.999392,True,transition-physical,Local model,climatebert_multi_20260526T094302Z_3e9dfd
llm_d9f686eb5596,LABEL_1,0.999392,True,transition-physical,Local model,climatebert_multi_20260526T094302Z_3e9dfd
llm_5bbe995d6c16,LABEL_1,0.999392,True,transition-physical,Local model,climatebert_multi_20260526T094302Z_3e9dfd
llm_859aaf982704,LABEL_1,0.999392,True,transition-physical,Local model,climatebert_multi_20260526T094302Z_3e9dfd
llm_cb96efd0aca8,LABEL_1,0.999392,True,transition-physical,Local model,climatebert_multi_20260526T094302Z_3e9dfd
llm_87797f724354,LABEL_1,0.999392,True,transition-physical,Local model,climatebert_multi_20260526T094302Z_3e9dfd
llm_0d9b6ea80b6d,LABEL_1,0.999392,True,transition-physical,Local model,climatebert_multi_20260526T094302Z_3e9dfd
llm_224499778137,LABEL_1,0.999392,True,transition-physical,Local model,climatebert_multi_20260526T094302Z_3e9dfd
llm_86e12efc6a0a,LABEL_1,0.999392,True,transition-physical,Local model,climatebert_multi_20260526T094302Z_3e9dfd
llm_7309b4bfa853,LABEL_1,0.999392,True,transition-physical,Local model,climatebert_multi_20260526T094302Z_3e9dfd
llm_8f95ac8cb135,LABEL_1,0.999392,True,transition-physical,Local model,climatebert_multi_20260526T094302Z_3e9dfd
llm_617bec4cfe04,LABEL_1,0.999392,True,transition-physical,Local model,climatebert_multi_20260526T094302Z_3e9dfd
llm_da86f55e1e60,LABEL_1,0.999392,True,transition-physical,Local model,climatebert_multi_20260526T094302Z_3e9dfd
llm_65c5f790d60d,LABEL_1,0.999392,True,transition-physical,Local model,climatebert_multi_20260526T094302Z_3e9dfd
llm_6049b73d8524,LABEL_1,0.999392,True,transition-physical,Local model,climatebert_multi_20260526T094302Z_3e9dfd
llm_a27e00ff4ae9,LABEL_1,0.999392,True,transition-physical,Local model,climatebert_multi_20260526T094302Z_3e9dfd
llm_baa7eb78dd04,LABEL_1,0.999392,True,transition-physical,Local model,climatebert_multi_20260526T094302Z_3e9dfd
llm_7960130f1f04,LABEL_1,0.999392,True,transition-physical,Local model,climatebert_multi_20260526T094302Z_3e9dfd
llm_c8c9feb75963,LABEL_1,0.999392,True,transition-physical,Local model,climatebert_multi_20260526T094302Z_3e9dfd
llm_50a2d5b73c3c,LABEL_1,0.999392,True,transition-physical,Local model,climatebert_multi_20260526T094302Z_3e9dfd
llm_c015c84f10d4,LABEL_1,0.999392,True,transition-physical,Local model,climatebert_multi_20260526T094302Z_3e9dfd
llm_56c040880304,LABEL_1,0.999392,True,transition-physical,Local model,climatebert_multi_20260526T094302Z_3e9dfd
llm_e10543d55ac8,LABEL_1,0.999392,True,transition-physical,Local model,climatebert_multi_20260526T094302Z_3e9dfd
llm_68b05889d165,LABEL_1,0.999392,True,transition-physical,Local model,climatebert_multi_20260526T094302Z_3e9dfd
llm_a54bff80cb04,LABEL_1,0.999392,True,transition-physical,Local model,climatebert_multi_20260526T094302Z_3e9dfd
llm_4009d0d570fc,LABEL_1,0.999392,True,transition-physical,Local model,climatebert_multi_20260526T094302Z_3e9dfd
llm_b1a3c6639aff,LABEL_1,0.999392,True,transition-physical,Local model,climatebert_multi_20260526T094302Z_3e9dfd
llm_b89c4e3094fd,LABEL_1,0.999392,True,transition-physical,Local model,climatebert_multi_20260526T094302Z_3e9dfd
llm_0f67941b34d0,LABEL_1,0.999392,True,transition-physical,Local model,climatebert_multi_20260526T094302Z_3e9dfd
llm_75a89b256d42,LABEL_1,0.999392,True,transition-physical,Local model,climatebert_multi_20260526T094302Z_3e9dfd
llm_9fd95a541d72,LABEL_1,0.999392,True,transition-physical,Local model,climatebert_multi_20260526T094302Z_3e9dfd
llm_0084c27e7957,LABEL_1,0.999392,True,transition-physical,Local model,climatebert_multi_20260526T094302Z_3e9dfd
llm_d95a4ef5e261,LABEL_1,0.999392,True,transition-physical,Local model,climatebert_multi_20260526T094302Z_3e9dfd
llm_cd9a9c627854,LABEL_1,0.999392,True,transition-physical,Local model,climatebert_multi_20260526T094302Z_3e9dfd
llm_b7bedd9f7468,LABEL_1,0.999392,True,transition-physical,Local model,climatebert_multi_20260526T094302Z_3e9dfd
llm_2a0b2f877af0,LABEL_1,0.999392,True,transition-physical,Local model,climatebert_multi_20260526T094302Z_3e9dfd
llm_58939b16bcb5,LABEL_1,0.999392,True,transition-physical,Local model,climatebert_multi_20260526T094302Z_3e9dfd
llm_241deedbb14f,LABEL_1,0.999392,True,transition-physical,Local model,climatebert_multi_20260526T094302Z_3e9dfd
llm_a066c4819ba1,LABEL_1,0.999392,True,transition-physical,Local model,climatebert_multi_20260526T094302Z_3e9dfd
llm_febaa98b9b77,LABEL_1,0.999392,True,transition-physical,Local model,climatebert_multi_20260526T094302Z_3e9dfd
llm_010756c5c962,LABEL_1,0.999392,True,transition-physical,Local model,climatebert_multi_20260526T094302Z_3e9dfd
llm_8f3a03ec8b8f,LABEL_1,0.999392,True,transition-physical,Local model,climatebert_multi_20260526T094302Z_3e9dfd
llm_2e7f545df442,LABEL_1,0.999392,True,transition-physical,Local model,climatebert_multi_20260526T094302Z_3e9dfd
llm_9aded6287d74,LABEL_1,0.999392,True,transition-physical,Local model,climatebert_multi_20260526T094302Z_3e9dfd
llm_bbaaf9bea39b,LABEL_1,0.999392,True,transition-physical,Local model,climatebert_multi_20260526T094302Z_3e9dfd
llm_e3fa3c282012,LABEL_1,0.999392,True,transition-physical,Local model,climatebert_multi_20260526T094302Z_3e9dfd
llm_18d8a67a54f4,LABEL_1,0.999392,True,transition-physical,Local model,climatebert_multi_20260526T094302Z_3e9dfd
llm_8c13e5807b95,LABEL_1,0.999392,True,transition-physical,Local model,climatebert_multi_20260526T094302Z_3e9dfd
llm_6b9b85bf9a2b,LABEL_1,0.999392,True,transition-physical,Local model,climatebert_multi_20260526T094302Z_3e9dfd
llm_7d0e3cfe1318,LABEL_1,0.999392,True,transition-physical,Local model,climatebert_multi_20260526T094302Z_3e9dfd
llm_2a5890a351a3,LABEL_1,0.999392,True,transition-physical,Local model,climatebert_multi_20260526T094302Z_3e9dfd
llm_dd3866bc05d3,LABEL_1,0.999392,True,transition-physical,Local model,climatebert_multi_20260526T094302Z_3e9dfd
llm_3a0ed528f002,LABEL_1,0.999392,True,transition-physical,Local model,climatebert_multi_20260526T094302Z_3e9dfd
llm_d3db07eaadbe,LABEL_1,0.999392,True,transition-physical,Local model,climatebert_multi_20260526T094302Z_3e9dfd
llm_dde310ce15ea,LABEL_1,0.999392,True,transition-physical,Local model,climatebert_multi_20260526T094302Z_3e9dfd
llm_111087b730e5,LABEL_1,0.999392,True,transition-physical,Local model,climatebert_multi_20260526T094302Z_3e9dfd
llm_77c9f94dc46b,LABEL_1,0.999392,True,transition-physical,Local model,climatebert_multi_20260526T094302Z_3e9dfd
llm_901a4aed76b4,LABEL_1,0.999392,True,transition-physical,Local model,climatebert_multi_20260526T094302Z_3e9dfd
llm_024211ef2673,LABEL_1,0.999392,True,transition-physical,Local model,climatebert_multi_20260526T094302Z_3e9dfd
llm_4a8f0514443d,LABEL_1,0.999392,True,transition-physical,Local model,climatebert_multi_20260526T094302Z_3e9dfd
llm_976e22c89f33,LABEL_1,0.999392,True,transition-physical,Local model,climatebert_multi_20260526T094302Z_3e9dfd
llm_23c1894cfc6b,LABEL_1,0.999392,True,transition-physical,Local model,climatebert_multi_20260526T094302Z_3e9dfd
llm_9d20980bcd0a,LABEL_1,0.999392,True,transition-physical,Local model,climatebert_multi_20260526T094302Z_3e9dfd
llm_c41f90d943eb,LABEL_1,0.999392,True,transition-physical,Local model,climatebert_multi_20260526T094302Z_3e9dfd
llm_2c760c26bce6,LABEL_1,0.999392,True,transition-physical,Local model,climatebert_multi_20260526T094302Z_3e9dfd
llm_592b196c7da5,LABEL_1,0.999392,True,transition-physical,Local model,climatebert_multi_20260526T094302Z_3e9dfd
llm_a7c5aafb57ca,LABEL_1,0.999392,True,transition-physical,Local model,climatebert_multi_20260526T094302Z_3e9dfd
llm_afd729002414,LABEL_1,0.999392,True,transition-physical,Local model,climatebert_multi_20260526T094302Z_3e9dfd
llm_baf4cff98154,LABEL_1,0.999392,True,transition-physical,Local model,climatebert_multi_20260526T094302Z_3e9dfd
llm_59c3a98835e6,LABEL_1,0.999392,True,transition-physical,Local model,climatebert_multi_20260526T094302Z_3e9dfd
llm_1e2bf93affcc,LABEL_1,0.999392,True,transition-physical,Local model,climatebert_multi_20260526T094302Z_3e9dfd
llm_bfa691e9e494,LABEL_1,0.999392,True,transition-physical,Local model,climatebert_multi_20260526T094302Z_3e9dfd
llm_07ef6fb46f84,LABEL_1,0.999392,True,transition-physical,Local model,climatebert_multi_20260526T094302Z_3e9dfd
llm_388140905d9b,LABEL_1,0.999392,True,transition-physical,Local model,climatebert_multi_20260526T094302Z_3e9dfd
llm_74207d04584e,LABEL_1,0.999392,True,transition-physical,Local model,climatebert_multi_20260526T094302Z_3e9dfd
llm_9b569051e388,LABEL_1,0.999392,True,transition-physical,Local model,climatebert_multi_20260526T094302Z_3e9dfd
llm_ebf7d20c90dd,LABEL_1,0.999392,True,transition-physical,Local model,climatebert_multi_20260526T094302Z_3e9dfd
llm_39730e23d0a0,LABEL_1,0.999392,True,transition-physical,Local model,climatebert_multi_20260526T094302Z_3e9dfd
llm_281660f6bf6a,LABEL_1,0.999392,True,transition-physical,Local model,climatebert_multi_20260526T094302Z_3e9dfd
llm_ee152dd2a6e2,LABEL_1,0.999392,True,transition-physical,Local model,climatebert_multi_20260526T094302Z_3e9dfd
llm_cca4981281e3,LABEL_1,0.999392,True,transition-physical,Local model,climatebert_multi_20260526T094302Z_3e9dfd
llm_5676e884e33e,LABEL_1,0.999392,True,transition-physical,Local model,climatebert_multi_20260526T094302Z_3e9dfd
llm_f0a596b17453,LABEL_1,0.999392,True,transition-physical,Local model,climatebert_multi_20260526T094302Z_3e9dfd
llm_8cdf53816c3e,LABEL_1,0.999392,True,transition-physical,Local model,climatebert_multi_20260526T094302Z_3e9dfd
llm_c72ce6c12672,LABEL_1,0.999392,True,transition-physical,Local model,climatebert_multi_20260526T094302Z_3e9dfd
llm_3567194c6cf9,LABEL_1,0.999392,True,transition-physical,Local model,climatebert_multi_20260526T094302Z_3e9dfd
llm_1c99a8133398,LABEL_1,0.999392,True,transition-physical,Local model,climatebert_multi_20260526T094302Z_3e9dfd
llm_9b1a3ab32a9f,LABEL_1,0.999392,True,transition-physical,Local model,climatebert_multi_20260526T094302Z_3e9dfd
llm_8c85f4770e2b,LABEL_1,0.999392,True,transition-physical,Local model,climatebert_multi_20260526T094302Z_3e9dfd
llm_fb784049bb94,LABEL_1,0.999392,True,transition-physical,Local model,climatebert_multi_20260526T094302Z_3e9dfd
llm_1551be1e7d5c,LABEL_1,0.999392,True,transition-physical,Local model,climatebert_multi_20260526T094302Z_3e9dfd
llm_ea9c057c279e,LABEL_1,0.999392,True,transition-physical,Local model,climatebert_multi_20260526T094302Z_3e9dfd
llm_ffe7ba2400e1,LABEL_1,0.999392,True,transition-physical,Local model,climatebert_multi_20260526T094302Z_3e9dfd
llm_4903b0f328fc,LABEL_1,0.999392,True,transition-physical,Local model,climatebert_multi_20260526T094302Z_3e9dfd
llm_c5c782a38d6c,LABEL_1,0.999392,True,transition-physical,Local model,climatebert_multi_20260526T094302Z_3e9dfd
llm_789e8390a5a8,LABEL_1,0.999392,True,transition-physical,Local model,climatebert_multi_20260526T094302Z_3e9dfd
llm_fc19b03bfe5a,LABEL_1,0.999392,True,transition-physical,Local model,climatebert_multi_20260526T094302Z_3e9dfd
llm_f3c6e25e0cde,LABEL_1,0.999392,True,transition-physical,Local model,climatebert_multi_20260526T094302Z_3e9dfd
llm_1780d832191f,LABEL_1,0.999392,True,transition-physical,Local model,climatebert_multi_20260526T094302Z_3e9dfd
llm_1f72fac5ce21,LABEL_1,0.999392,True,transition-physical,Local model,climatebert_multi_20260526T094302Z_3e9dfd
llm_59874f98bc70,LABEL_1,0.999392,True,transition-physical,Local model,climatebert_multi_20260526T094302Z_3e9dfd
llm_1338a08c5b17,LABEL_1,0.999392,True,transition-physical,Local model,climatebert_multi_20260526T094302Z_3e9dfd
llm_2a15cdfeb74b,LABEL_1,0.999392,True,transition-physical,Local model,climatebert_multi_20260526T094302Z_3e9dfd
llm_21d495d28be6,LABEL_1,0.999392,True,transition-physical,Local model,climatebert_multi_20260526T094302Z_3e9dfd
llm_4e4cb9282047,LABEL_1,0.999392,True,transition-physical,Local model,climatebert_multi_20260526T094302Z_3e9dfd
llm_2164c2bda032,LABEL_1,0.999392,True,transition-physical,Local model,climatebert_multi_20260526T094302Z_3e9dfd
llm_309c92f05a80,LABEL_1,0.999392,True,transition-physical,Local model,climatebert_multi_20260526T094302Z_3e9dfd
llm_403852765caf,LABEL_1,0.999392,True,transition-physical,Local model,climatebert_multi_20260526T094302Z_3e9dfd
llm_5351eca6c19f,LABEL_1,0.999392,True,transition-physical,Local model,climatebert_multi_20260526T094302Z_3e9dfd
llm_bbd5456eab5f,LABEL_1,0.999392,True,transition-physical,Local model,climatebert_multi_20260526T094302Z_3e9dfd
llm_0dce12c5129a,LABEL_1,0.999392,True,transition-physical,Local model,climatebert_multi_20260526T094302Z_3e9dfd
llm_f3fc678ff6bb,LABEL_1,0.999392,True,transition-physical,Local model,climatebert_multi_20260526T094302Z_3e9dfd
llm_c15060354d57,LABEL_1,0.999392,True,transition-physical,Local model,climatebert_multi_20260526T094302Z_3e9dfd
llm_b7155f1984ee,LABEL_1,0.999392,True,transition-physical,Local model,climatebert_multi_20260526T094302Z_3e9dfd
llm_d912bb4abafa,LABEL_1,0.999392,True,transition-physical,Local model,climatebert_multi_20260526T094302Z_3e9dfd
llm_e812fdef6eac,LABEL_1,0.999392,True,transition-physical,Local model,climatebert_multi_20260526T094302Z_3e9dfd
llm_ad23d44cc5f8,LABEL_1,0.999392,True,transition-physical,Local model,climatebert_multi_20260526T094302Z_3e9dfd
llm_3b84dd0f2e26,LABEL_1,0.999392,True,transition-physical,Local model,climatebert_multi_20260526T094302Z_3e9dfd
llm_f04faadf1ccf,LABEL_1,0.999392,True,transition-physical,Local model,climatebert_multi_20260526T094302Z_3e9dfd
llm_46e6d2c69484,LABEL_1,0.999392,True,transition-physical,Local model,climatebert_multi_20260526T094302Z_3e9dfd
llm_2d93f8e5f30e,LABEL_1,0.999392,True,transition-physical,Local model,climatebert_multi_20260526T094302Z_3e9dfd
llm_576c11da0b86,LABEL_1,0.999392,True,transition-physical,Local model,climatebert_multi_20260526T094302Z_3e9dfd
llm_7714d9027e52,LABEL_1,0.999392,True,transition-physical,Local model,climatebert_multi_20260526T094302Z_3e9dfd
llm_80c2adb2888f,LABEL_1,0.999392,True,transition-physical,Local model,climatebert_multi_20260526T094302Z_3e9dfd
llm_55a64c367b52,LABEL_1,0.999392,True,transition-physical,Local model,climatebert_multi_20260526T094302Z_3e9dfd
llm_6f4ce03bd68b,LABEL_1,0.999392,True,transition-physical,Local model,climatebert_multi_20260526T094302Z_3e9dfd
llm_1f95ef3c50e3,LABEL_1,0.999392,True,transition-physical,Local model,climatebert_multi_20260526T094302Z_3e9dfd
llm_cb317fa21156,LABEL_1,0.999392,True,transition-physical,Local model,climatebert_multi_20260526T094302Z_3e9dfd
llm_3c0c44e0c696,LABEL_1,0.999392,True,transition-physical,Local model,climatebert_multi_20260526T094302Z_3e9dfd
llm_40598b9840ef,LABEL_1,0.999392,True,transition-physical,Local model,climatebert_multi_20260526T094302Z_3e9dfd
llm_c37b5f7eae7a,LABEL_1,0.999392,True,transition-physical,Local model,climatebert_multi_20260526T094302Z_3e9dfd
llm_0fa209084dfa,LABEL_1,0.999392,True,transition-physical,Local model,climatebert_multi_20260526T094302Z_3e9dfd
llm_7fde6351cd28,LABEL_1,0.999392,True,transition-physical,Local model,climatebert_multi_20260526T094302Z_3e9dfd
llm_5114ad3b3a3c,LABEL_1,0.999392,True,transition-physical,Local model,climatebert_multi_20260526T094302Z_3e9dfd
llm_0f68ae45d648,LABEL_1,0.999392,True,transition-physical,Local model,climatebert_multi_20260526T094302Z_3e9dfd
llm_95bdfb1f5c99,LABEL_1,0.999392,True,transition-physical,Local model,climatebert_multi_20260526T094302Z_3e9dfd
llm_53f2dda61b62,LABEL_1,0.999392,True,transition-physical,Local model,climatebert_multi_20260526T094302Z_3e9dfd
llm_d413d7dbd1a4,LABEL_1,0.999392,True,transition-physical,Local model,climatebert_multi_20260526T094302Z_3e9dfd
llm_7a22dd86f42e,LABEL_1,0.999392,True,transition-physical,Local model,climatebert_multi_20260526T094302Z_3e9dfd
llm_7993517e37b7,LABEL_1,0.999392,True,transition-physical,Local model,climatebert_multi_20260526T094302Z_3e9dfd
llm_3f69363833ee,LABEL_1,0.999392,True,transition-physical,Local model,climatebert_multi_20260526T094302Z_3e9dfd
llm_bc2ac7b190cf,LABEL_1,0.999392,True,transition-physical,Local model,climatebert_multi_20260526T094302Z_3e9dfd
llm_c49d6f624d1c,LABEL_1,0.999392,True,transition-physical,Local model,climatebert_multi_20260526T094302Z_3e9dfd
llm_6d3673493735,LABEL_1,0.999392,True,transition-physical,Local model,climatebert_multi_20260526T094302Z_3e9dfd
llm_46651bea79b1,LABEL_1,0.999392,True,transition-physical,Local model,climatebert_multi_20260526T094302Z_3e9dfd
llm_f7bd10acf05f,LABEL_1,0.999392,True,transition-physical,Local model,climatebert_multi_20260526T094302Z_3e9dfd
llm_72b118d6976b,LABEL_1,0.999392,True,transition-physical,Local model,climatebert_multi_20260526T094302Z_3e9dfd
llm_5d66cf2bb1d6,LABEL_1,0.999392,True,transition-physical,Local model,climatebert_multi_20260526T094302Z_3e9dfd
llm_8f032a046d6d,LABEL_1,0.999392,True,transition-physical,Local model,climatebert_multi_20260526T094302Z_3e9dfd
llm_de239dbb2b8e,LABEL_1,0.999392,True,transition-physical,Local model,climatebert_multi_20260526T094302Z_3e9dfd
llm_8f42175c58b5,LABEL_1,0.999392,True,transition-physical,Local model,climatebert_multi_20260526T094302Z_3e9dfd
llm_3a05366904aa,LABEL_1,0.999392,True,transition-physical,Local model,climatebert_multi_20260526T094302Z_3e9dfd
llm_2fa784e1e1bb,LABEL_1,0.999392,True,transition-physical,Local model,climatebert_multi_20260526T094302Z_3e9dfd
llm_531e2168030a,LABEL_1,0.999392,True,transition-physical,Local model,climatebert_multi_20260526T094302Z_3e9dfd
llm_3e4b6d3a523f,LABEL_1,0.999392,True,transition-physical,Local model,climatebert_multi_20260526T094302Z_3e9dfd
llm_b332189e536b,LABEL_1,0.999392,True,transition-physical,Local model,climatebert_multi_20260526T094302Z_3e9dfd
llm_bfe7b9d2f3fd,LABEL_1,0.999392,True,transition-physical,Local model,climatebert_multi_20260526T094302Z_3e9dfd
llm_be5cbcc26dca,LABEL_1,0.999392,True,transition-physical,Local model,climatebert_multi_20260526T094302Z_3e9dfd
llm_c0500f3ba524,LABEL_1,0.999392,True,transition-physical,Local model,climatebert_multi_20260526T094302Z_3e9dfd
llm_dfcb52262d2d,LABEL_1,0.999392,True,transition-physical,Local model,climatebert_multi_20260526T094302Z_3e9dfd
llm_7f20fea460fa,LABEL_1,0.999392,True,transition-physical,Local model,climatebert_multi_20260526T094302Z_3e9dfd
llm_e4c2ceb5beb8,LABEL_1,0.999392,True,transition-physical,Local model,climatebert_multi_20260526T094302Z_3e9dfd
llm_6b6270b754ed,LABEL_1,0.999392,True,transition-physical,Local model,climatebert_multi_20260526T094302Z_3e9dfd
llm_e485199f163f,LABEL_1,0.999392,True,transition-physical,Local model,climatebert_multi_20260526T094302Z_3e9dfd
llm_aae1d90b02ab,LABEL_1,0.999392,True,transition-physical,Local model,climatebert_multi_20260526T094302Z_3e9dfd
llm_b98e6bba1334,LABEL_1,0.999392,True,transition-physical,Local model,climatebert_multi_20260526T094302Z_3e9dfd
llm_009c6b40b0f1,LABEL_1,0.999392,True,transition-physical,Local model,climatebert_multi_20260526T094302Z_3e9dfd
llm_96c4297cfad5,LABEL_1,0.999392,True,transition-physical,Local model,climatebert_multi_20260526T094302Z_3e9dfd
llm_b79e6089f8e2,LABEL_1,0.999392,True,transition-physical,Local model,climatebert_multi_20260526T094302Z_3e9dfd
llm_d32a76cf0b44,LABEL_1,0.999392,True,transition-physical,Local model,climatebert_multi_20260526T094302Z_3e9dfd
llm_c1e133009165,LABEL_1,0.999392,True,transition-physical,Local model,climatebert_multi_20260526T094302Z_3e9dfd
llm_ee54d1b900c5,LABEL_1,0.999392,True,transition-physical,Local model,climatebert_multi_20260526T094302Z_3e9dfd
llm_db94e85ed379,LABEL_1,0.999392,True,transition-physical,Local model,climatebert_multi_20260526T094302Z_3e9dfd
llm_6aaf207496f7,LABEL_1,0.999392,True,transition-physical,Local model,climatebert_multi_20260526T094302Z_3e9dfd
llm_e46dd662a81f,LABEL_1,0.999392,True,transition-physical,Local model,climatebert_multi_20260526T094302Z_3e9dfd
llm_c8e4db755fd3,LABEL_1,0.999392,True,transition-physical,Local model,climatebert_multi_20260526T094302Z_3e9dfd
llm_7f5bfb04d508,LABEL_1,0.999392,True,transition-physical,Local model,climatebert_multi_20260526T094302Z_3e9dfd
llm_fb1ee5b860b2,LABEL_1,0.999392,True,transition-physical,Local model,climatebert_multi_20260526T094302Z_3e9dfd
llm_0922266c763b,LABEL_1,0.999392,True,transition-physical,Local model,climatebert_multi_20260526T094302Z_3e9dfd
llm_09ab9e80dd2b,LABEL_1,0.999392,True,transition-physical,Local model,climatebert_multi_20260526T094302Z_3e9dfd
llm_5194ab2701a9,LABEL_1,0.999392,True,transition-physical,Local model,climatebert_multi_20260526T094302Z_3e9dfd
llm_70daa4385376,LABEL_1,0.999392,True,transition-physical,Local model,climatebert_multi_20260526T094302Z_3e9dfd
llm_b5800a05c695,LABEL_1,0.999392,True,transition-physical,Local model,climatebert_multi_20260526T094302Z_3e9dfd
llm_f7285c725aaf,LABEL_1,0.999392,True,transition-physical,Local model,climatebert_multi_20260526T094302Z_3e9dfd
llm_8daef3258cdf,LABEL_1,0.999392,True,transition-physical,Local model,climatebert_multi_20260526T094302Z_3e9dfd
llm_72d909aabee7,LABEL_1,0.999392,True,transition-physical,Local model,climatebert_multi_20260526T094302Z_3e9dfd
llm_ed7cf72150ab,LABEL_1,0.999392,True,transition-physical,Local model,climatebert_multi_20260526T094302Z_3e9dfd
llm_561ad733ae05,LABEL_1,0.999392,True,transition-physical,Local model,climatebert_multi_20260526T094302Z_3e9dfd
llm_442f4dae8a48,LABEL_1,0.999392,True,transition-physical,Local model,climatebert_multi_20260526T094302Z_3e9dfd
llm_362304e4013e,LABEL_1,0.999392,True,transition-physical,Local model,climatebert_multi_20260526T094302Z_3e9dfd
llm_e76adc2b112f,LABEL_1,0.999392,True,transition-physical,Local model,climatebert_multi_20260526T094302Z_3e9dfd
llm_772bf33b92b6,LABEL_1,0.999392,True,transition-physical,Local model,climatebert_multi_20260526T094302Z_3e9dfd
llm_e575e24e694d,LABEL_1,0.999392,True,transition-physical,Local model,climatebert_multi_20260526T094302Z_3e9dfd
llm_1819c456e9f6,LABEL_1,0.999392,True,transition-physical,Local model,climatebert_multi_20260526T094302Z_3e9dfd
llm_82985a7a7518,LABEL_1,0.999392,True,transition-physical,Local model,climatebert_multi_20260526T094302Z_3e9dfd
llm_cf8a46d46ea9,LABEL_1,0.999392,True,transition-physical,Local model,climatebert_multi_20260526T094302Z_3e9dfd
llm_7316e0b3246b,LABEL_1,0.999392,True,transition-physical,Local model,climatebert_multi_20260526T094302Z_3e9dfd
llm_a31284d00b16,LABEL_1,0.999392,True,transition-physical,Local model,climatebert_multi_20260526T094302Z_3e9dfd
llm_14c07e151fd1,LABEL_1,0.999392,True,transition-physical,Local model,climatebert_multi_20260526T094302Z_3e9dfd
llm_1c5ea92f2aa2,LABEL_1,0.999392,True,transition-physical,Local model,climatebert_multi_20260526T094302Z_3e9dfd
llm_91bf27fee7d8,LABEL_1,0.999392,True,transition-physical,Local model,climatebert_multi_20260526T094302Z_3e9dfd
llm_1b16a50b4dc8,LABEL_1,0.999392,True,transition-physical,Local model,climatebert_multi_20260526T094302Z_3e9dfd
llm_4e6413f199a6,LABEL_1,0.999392,True,transition-physical,Local model,climatebert_multi_20260526T094302Z_3e9dfd
llm_5e4b5c3a1a21,LABEL_1,0.999392,True,transition-physical,Local model,climatebert_multi_20260526T094302Z_3e9dfd
llm_3bd4593fcf47,LABEL_1,0.999392,True,transition-physical,Local model,climatebert_multi_20260526T094302Z_3e9dfd
llm_f60d8ade6ba9,LABEL_1,0.999392,True,transition-physical,Local model,climatebert_multi_20260526T094302Z_3e9dfd
llm_ba3bcaa00e8a,LABEL_1,0.999392,True,transition-physical,Local model,climatebert_multi_20260526T094302Z_3e9dfd
llm_10542f4da7ee,LABEL_1,0.999392,True,transition-physical,Local model,climatebert_multi_20260526T094302Z_3e9dfd
llm_cc580fa3ef0c,LABEL_1,0.999392,True,transition-physical,Local model,climatebert_multi_20260526T094302Z_3e9dfd
llm_2072d77c1301,LABEL_1,0.999392,True,transition-physical,Local model,climatebert_multi_20260526T094302Z_3e9dfd
llm_3e1f93c99a01,LABEL_1,0.999392,True,transition-physical,Local model,climatebert_multi_20260526T094302Z_3e9dfd
llm_fe61a3ba42da,LABEL_1,0.999392,True,transition-physical,Local model,climatebert_multi_20260526T094302Z_3e9dfd
llm_7c3932a7a233,LABEL_1,0.999392,True,transition-physical,Local model,climatebert_multi_20260526T094302Z_3e9dfd
llm_03d09cafc867,LABEL_1,0.999392,True,transition-physical,Local model,climatebert_multi_20260526T094302Z_3e9dfd
llm_e45c2adb3697,LABEL_1,0.999392,True,transition-physical,Local model,climatebert_multi_20260526T094302Z_3e9dfd
llm_dff325702eea,LABEL_1,0.999392,True,transition-physical,Local model,climatebert_multi_20260526T094302Z_3e9dfd
llm_5807d1289344,LABEL_1,0.999392,True,transition-physical,Local model,climatebert_multi_20260526T094302Z_3e9dfd
llm_1fe237364631,LABEL_1,0.999392,True,transition-physical,Local model,climatebert_multi_20260526T094302Z_3e9dfd
llm_8c8f8ad23b35,LABEL_1,0.999392,True,transition-physical,Local model,climatebert_multi_20260526T094302Z_3e9dfd
llm_a02c6a293619,LABEL_1,0.999392,True,transition-physical,Local model,climatebert_multi_20260526T094302Z_3e9dfd
llm_0e648b669cf2,LABEL_1,0.999392,True,transition-physical,Local model,climatebert_multi_20260526T094302Z_3e9dfd
llm_bd93beae1ccf,LABEL_1,0.999392,True,transition-physical,Local model,climatebert_multi_20260526T094302Z_3e9dfd
llm_6cd5ba838e99,LABEL_1,0.999392,True,transition-physical,Local model,climatebert_multi_20260526T094302Z_3e9dfd
llm_b78e4f294ef7,LABEL_1,0.999392,True,transition-physical,Local model,climatebert_multi_20260526T094302Z_3e9dfd
llm_4e6505a33b17,LABEL_1,0.999392,True,transition-physical,Local model,climatebert_multi_20260526T094302Z_3e9dfd
llm_b316e789e1ac,LABEL_1,0.999392,True,transition-physical,Local model,climatebert_multi_20260526T094302Z_3e9dfd
llm_fba4581f9642,LABEL_1,0.999392,True,transition-physical,Local model,climatebert_multi_20260526T094302Z_3e9dfd
llm_c389c91d5f3e,LABEL_1,0.999392,True,transition-physical,Local model,climatebert_multi_20260526T094302Z_3e9dfd
llm_644e9618ab04,LABEL_1,0.999392,True,transition-physical,Local model,climatebert_multi_20260526T094302Z_3e9dfd
llm_29c8ed04abe2,LABEL_1,0.999392,True,transition-physical,Local model,climatebert_multi_20260526T094302Z_3e9dfd
llm_de791b04936e,LABEL_1,0.999392,True,transition-physical,Local model,climatebert_multi_20260526T094302Z_3e9dfd
llm_7e90e5656e08,LABEL_1,0.999392,True,transition-physical,Local model,climatebert_multi_20260526T094302Z_3e9dfd
llm_b5dc516fb2ae,LABEL_1,0.999392,True,transition-physical,Local model,climatebert_multi_20260526T094302Z_3e9dfd
llm_1a2d434d043f,LABEL_1,0.999392,True,transition-physical,Local model,climatebert_multi_20260526T094302Z_3e9dfd
llm_4d2f1cab1c2e,LABEL_1,0.999392,True,transition-physical,Local model,climatebert_multi_20260526T094302Z_3e9dfd
llm_536c28c9adf1,LABEL_1,0.999392,True,transition-physical,Local model,climatebert_multi_20260526T094302Z_3e9dfd
llm_fdf48e515b68,LABEL_1,0.999392,True,transition-physical,Local model,climatebert_multi_20260526T094302Z_3e9dfd
llm_68ceb2534b6c,LABEL_1,0.999392,True,transition-physical,Local model,climatebert_multi_20260526T094302Z_3e9dfd
llm_d7941575a6fd,LABEL_1,0.999392,True,transition-physical,Local model,climatebert_multi_20260526T094302Z_3e9dfd
llm_ed2abbfc2537,LABEL_1,0.999392,True,transition-physical,Local model,climatebert_multi_20260526T094302Z_3e9dfd
llm_a13ff837545f,LABEL_1,0.999392,True,transition-physical,Local model,climatebert_multi_20260526T094302Z_3e9dfd
llm_4fc7f097dfa0,LABEL_1,0.999392,True,transition-physical,Local model,climatebert_multi_20260526T094302Z_3e9dfd
llm_8cda180d9383,LABEL_1,0.999392,True,transition-physical,Local model,climatebert_multi_20260526T094302Z_3e9dfd
llm_c198ec345f47,LABEL_1,0.999392,True,transition-physical,Local model,climatebert_multi_20260526T094302Z_3e9dfd
llm_61a32a17e582,LABEL_1,0.999392,True,transition-physical,Local model,climatebert_multi_20260526T094302Z_3e9dfd
llm_7aebd26162aa,LABEL_1,0.999392,True,transition-physical,Local model,climatebert_multi_20260526T094302Z_3e9dfd
llm_25281894c26d,LABEL_1,0.999392,True,transition-physical,Local model,climatebert_multi_20260526T094302Z_3e9dfd
llm_2cd1a16df81f,LABEL_1,0.999392,True,transition-physical,Local model,climatebert_multi_20260526T094302Z_3e9dfd
llm_86addc88790a,LABEL_1,0.999392,True,transition-physical,Local model,climatebert_multi_20260526T094302Z_3e9dfd
llm_78a60407ccf5,LABEL_1,0.999392,True,transition-physical,Local model,climatebert_multi_20260526T094302Z_3e9dfd
llm_18736c952221,LABEL_1,0.999392,True,transition-physical,Local model,climatebert_multi_20260526T094302Z_3e9dfd
llm_9ad210467351,LABEL_1,0.999392,True,transition-physical,Local model,climatebert_multi_20260526T094302Z_3e9dfd
llm_dcedf3b39353,LABEL_1,0.999392,True,transition-physical,Local model,climatebert_multi_20260526T094302Z_3e9dfd
llm_84ecb6e0c0a1,LABEL_1,0.999392,True,transition-physical,Local model,climatebert_multi_20260526T094302Z_3e9dfd
llm_7ca97f161daa,LABEL_1,0.999392,True,transition-physical,Local model,climatebert_multi_20260526T094302Z_3e9dfd
llm_f64d5058aa0a,LABEL_1,0.999392,True,transition-physical,Local model,climatebert_multi_20260526T094302Z_3e9dfd
llm_c5631131c2b2,LABEL_1,0.999392,True,transition-physical,Local model,climatebert_multi_20260526T094302Z_3e9dfd
llm_74255e5f74b3,LABEL_1,0.999392,True,transition-physical,Local model,climatebert_multi_20260526T094302Z_3e9dfd
llm_25df35916709,LABEL_1,0.999392,True,transition-physical,Local model,climatebert_multi_20260526T094302Z_3e9dfd
llm_8d9ae96d8e65,LABEL_1,0.999392,True,transition-physical,Local model,climatebert_multi_20260526T094302Z_3e9dfd
llm_b48202734e29,LABEL_1,0.999392,True,transition-physical,Local model,climatebert_multi_20260526T094302Z_3e9dfd
llm_db69a94a5363,LABEL_1,0.999392,True,transition-physical,Local model,climatebert_multi_20260526T094302Z_3e9dfd
llm_474792d76b61,LABEL_1,0.999392,True,transition-physical,Local model,climatebert_multi_20260526T094302Z_3e9dfd
llm_c663f0a83bee,LABEL_1,0.999392,True,transition-physical,Local model,climatebert_multi_20260526T094302Z_3e9dfd
llm_55f9ea001f34,LABEL_1,0.999392,True,transition-physical,Local model,climatebert_multi_20260526T094302Z_3e9dfd
llm_021887ee80f7,LABEL_1,0.999392,True,transition-physical,Local model,climatebert_multi_20260526T094302Z_3e9dfd
llm_6ce8f3c5be21,LABEL_1,0.999392,True,transition-physical,Local model,climatebert_multi_20260526T094302Z_3e9dfd
llm_46f02a2f970d,LABEL_1,0.999392,True,transition-physical,Local model,climatebert_multi_20260526T094302Z_3e9dfd
llm_38782364abb2,LABEL_1,0.999392,True,transition-physical,Local model,climatebert_multi_20260526T094302Z_3e9dfd
llm_55445cc9bb3d,LABEL_1,0.999392,True,transition-physical,Local model,climatebert_multi_20260526T094302Z_3e9dfd
llm_c8efdf88d9a6,LABEL_1,0.999392,True,transition-physical,Local model,climatebert_multi_20260526T094302Z_3e9dfd
llm_b03b9136bd29,LABEL_1,0.999392,True,transition-physical,Local model,climatebert_multi_20260526T094302Z_3e9dfd
llm_7cc23357700c,LABEL_1,0.999392,True,transition-physical,Local model,climatebert_multi_20260526T094302Z_3e9dfd
llm_b28fedd2b7cf,LABEL_1,0.999392,True,transition-physical,Local model,climatebert_multi_20260526T094302Z_3e9dfd
llm_40f379c17f99,LABEL_1,0.999392,True,transition-physical,Local model,climatebert_multi_20260526T094302Z_3e9dfd
llm_05230e1cb5ee,LABEL_1,0.999392,True,transition-physical,Local model,climatebert_multi_20260526T094302Z_3e9dfd
llm_1f93ce5deba2,LABEL_1,0.999392,True,transition-physical,Local model,climatebert_multi_20260526T094302Z_3e9dfd
llm_dc00a64901bd,LABEL_1,0.999392,True,transition-physical,Local model,climatebert_multi_20260526T094302Z_3e9dfd
llm_30e1a35108f6,LABEL_1,0.999392,True,transition-physical,Local model,climatebert_multi_20260526T094302Z_3e9dfd
llm_60e3183c23aa,LABEL_1,0.999392,True,transition-physical,Local model,climatebert_multi_20260526T094302Z_3e9dfd
llm_7f5785ecb51a,LABEL_1,0.999392,True,transition-physical,Local model,climatebert_multi_20260526T094302Z_3e9dfd
llm_27a6eb61628f,LABEL_1,0.999392,True,transition-physical,Local model,climatebert_multi_20260526T094302Z_3e9dfd
llm_3499e09d0dd2,LABEL_1,0.999392,True,transition-physical,Local model,climatebert_multi_20260526T094302Z_3e9dfd
llm_a2a54cd10400,LABEL_1,0.999392,True,transition-physical,Local model,climatebert_multi_20260526T094302Z_3e9dfd
llm_99e59efe3624,LABEL_1,0.999392,True,transition-physical,Local model,climatebert_multi_20260526T094302Z_3e9dfd
llm_cee3cbe88707,LABEL_1,0.999392,True,transition-physical,Local model,climatebert_multi_20260526T094302Z_3e9dfd
llm_255d9fff6b5e,LABEL_1,0.999392,True,transition-physical,Local model,climatebert_multi_20260526T094302Z_3e9dfd
llm_ba35fd0c8f3d,LABEL_1,0.999392,True,transition-physical,Local model,climatebert_multi_20260526T094302Z_3e9dfd
llm_6babf512fc3a,LABEL_1,0.999392,True,transition-physical,Local model,climatebert_multi_20260526T094302Z_3e9dfd
llm_fb08f5c4d820,LABEL_1,0.999392,True,transition-physical,Local model,climatebert_multi_20260526T094302Z_3e9dfd
llm_4e69b900b374,LABEL_1,0.999392,True,transition-physical,Local model,climatebert_multi_20260526T094302Z_3e9dfd
llm_3e1947d96931,LABEL_1,0.999392,True,transition-physical,Local model,climatebert_multi_20260526T094302Z_3e9dfd
llm_9ebea6fb783e,LABEL_1,0.999392,True,transition-physical,Local model,climatebert_multi_20260526T094302Z_3e9dfd
llm_dd2998a09d46,LABEL_1,0.999392,True,transition-physical,Local model,climatebert_multi_20260526T094302Z_3e9dfd
llm_1fc246b073ca,LABEL_1,0.999392,True,transition-physical,Local model,climatebert_multi_20260526T094302Z_3e9dfd
llm_522ce6350a1b,LABEL_1,0.999392,True,transition-physical,Local model,climatebert_multi_20260526T094302Z_3e9dfd
llm_744e0cb4c0c6,LABEL_1,0.999392,True,transition-physical,Local model,climatebert_multi_20260526T094302Z_3e9dfd
llm_c77bdb0ca6ed,LABEL_1,0.999392,True,transition-physical,Local model,climatebert_multi_20260526T094302Z_3e9dfd
llm_4c35b859e4fc,LABEL_1,0.999392,True,transition-physical,Local model,climatebert_multi_20260526T094302Z_3e9dfd
llm_41836afddcfc,LABEL_1,0.999392,True,transition-physical,Local model,climatebert_multi_20260526T094302Z_3e9dfd
llm_332732101b31,LABEL_1,0.999392,True,transition-physical,Local model,climatebert_multi_20260526T094302Z_3e9dfd
llm_8e6d69c03db8,LABEL_1,0.999392,True,transition-physical,Local model,climatebert_multi_20260526T094302Z_3e9dfd
llm_7d216ddecffb,LABEL_1,0.999392,True,transition-physical,Local model,climatebert_multi_20260526T094302Z_3e9dfd
llm_d6dd8d72e341,LABEL_1,0.999392,True,transition-physical,Local model,climatebert_multi_20260526T094302Z_3e9dfd
llm_673d64731bef,LABEL_1,0.999392,True,transition-physical,Local model,climatebert_multi_20260526T094302Z_3e9dfd
llm_4886873fa708,LABEL_1,0.999392,True,transition-physical,Local model,climatebert_multi_20260526T094302Z_3e9dfd
llm_5822600b7356,LABEL_1,0.999392,True,transition-physical,Local model,climatebert_multi_20260526T094302Z_3e9dfd
llm_7dd5efc59a2d,LABEL_1,0.999392,True,transition-physical,Local model,climatebert_multi_20260526T094302Z_3e9dfd
llm_4af8a9fc75be,LABEL_1,0.999392,True,transition-physical,Local model,climatebert_multi_20260526T094302Z_3e9dfd
llm_1c61e7ed1330,LABEL_1,0.999392,True,transition-physical,Local model,climatebert_multi_20260526T094302Z_3e9dfd
llm_9d66014e3be4,LABEL_1,0.999392,True,transition-physical,Local model,climatebert_multi_20260526T094302Z_3e9dfd
llm_c10224b1ab4f,LABEL_1,0.999392,True,transition-physical,Local model,climatebert_multi_20260526T094302Z_3e9dfd
llm_fc394cc436b3,LABEL_1,0.999392,True,transition-physical,Local model,climatebert_multi_20260526T094302Z_3e9dfd
llm_ee981655f711,LABEL_1,0.999392,True,transition-physical,Local model,climatebert_multi_20260526T094302Z_3e9dfd
llm_8a0b9ef8d495,LABEL_1,0.999392,True,transition-physical,Local model,climatebert_multi_20260526T094302Z_3e9dfd
llm_c53a8d2ebfff,LABEL_1,0.999392,True,transition-physical,Local model,climatebert_multi_20260526T094302Z_3e9dfd
llm_4dd3bbd59ce1,LABEL_1,0.999392,True,transition-physical,Local model,climatebert_multi_20260526T094302Z_3e9dfd
llm_076cc556f5d7,LABEL_1,0.999392,True,transition-physical,Local model,climatebert_multi_20260526T094302Z_3e9dfd
llm_f4102672202b,LABEL_1,0.999392,True,transition-physical,Local model,climatebert_multi_20260526T094302Z_3e9dfd
llm_3f2d1b393b16,LABEL_1,0.999392,True,transition-physical,Local model,climatebert_multi_20260526T094302Z_3e9dfd
llm_4f2428969819,LABEL_1,0.999392,True,transition-physical,Local model,climatebert_multi_20260526T094302Z_3e9dfd
llm_ba5157794445,LABEL_1,0.999392,True,transition-physical,Local model,climatebert_multi_20260526T094302Z_3e9dfd
llm_a8419efd26a8,LABEL_1,0.999392,True,transition-physical,Local model,climatebert_multi_20260526T094302Z_3e9dfd
llm_e3ffe0c85d46,LABEL_1,0.999392,True,transition-physical,Local model,climatebert_multi_20260526T094302Z_3e9dfd
llm_74568d429475,LABEL_1,0.999392,True,transition-physical,Local model,climatebert_multi_20260526T094302Z_3e9dfd
llm_877c98db79b6,LABEL_1,0.999392,True,transition-physical,Local model,climatebert_multi_20260526T094302Z_3e9dfd
llm_f954caec1a99,LABEL_1,0.999392,True,transition-physical,Local model,climatebert_multi_20260526T094302Z_3e9dfd
llm_1c27e507fc0e,LABEL_1,0.999392,True,transition-physical,Local model,climatebert_multi_20260526T094302Z_3e9dfd
llm_b1391924bf25,LABEL_1,0.999392,True,transition-physical,Local model,climatebert_multi_20260526T094302Z_3e9dfd
llm_e40b0ea30b13,LABEL_1,0.999392,True,transition-physical,Local model,climatebert_multi_20260526T094302Z_3e9dfd
llm_715134ad1599,LABEL_1,0.999392,True,transition-physical,Local model,climatebert_multi_20260526T094302Z_3e9dfd
llm_153f22f333e9,LABEL_1,0.999392,True,transition-physical,Local model,climatebert_multi_20260526T094302Z_3e9dfd
llm_3c44d2eb038c,LABEL_1,0.999392,True,transition-physical,Local model,climatebert_multi_20260526T094302Z_3e9dfd
llm_7c9ba404031f,LABEL_1,0.999392,True,transition-physical,Local model,climatebert_multi_20260526T094302Z_3e9dfd
llm_ba9e6aab9675,LABEL_1,0.999392,True,transition-physical,Local model,climatebert_multi_20260526T094302Z_3e9dfd
llm_f3cfae776196,LABEL_1,0.999392,True,transition-physical,Local model,climatebert_multi_20260526T094302Z_3e9dfd
llm_4b91068a4d83,LABEL_1,0.999392,True,transition-physical,Local model,climatebert_multi_20260526T094302Z_3e9dfd
llm_1e1f97a87cad,LABEL_1,0.999392,True,transition-physical,Local model,climatebert_multi_20260526T094302Z_3e9dfd
llm_a24801c7a7ff,LABEL_1,0.999392,True,transition-physical,Local model,climatebert_multi_20260526T094302Z_3e9dfd
llm_7528d3037caa,LABEL_1,0.999392,True,transition-physical,Local model,climatebert_multi_20260526T094302Z_3e9dfd
llm_dea63b04e8ee,LABEL_1,0.999392,True,transition-physical,Local model,climatebert_multi_20260526T094302Z_3e9dfd
llm_4e130557dbef,LABEL_1,0.999392,True,transition-physical,Local model,climatebert_multi_20260526T094302Z_3e9dfd
llm_676fdda363e4,LABEL_1,0.999392,True,transition-physical,Local model,climatebert_multi_20260526T094302Z_3e9dfd
llm_1d54131af5f5,LABEL_1,0.999392,True,transition-physical,Local model,climatebert_multi_20260526T094302Z_3e9dfd
llm_6736887acb9c,LABEL_1,0.999392,True,transition-physical,Local model,climatebert_multi_20260526T094302Z_3e9dfd
llm_b7c2f6d52809,LABEL_1,0.999392,True,transition-physical,Local model,climatebert_multi_20260526T094302Z_3e9dfd
llm_7ba88ba3e15d,LABEL_1,0.999392,True,transition-physical,Local model,climatebert_multi_20260526T094302Z_3e9dfd
llm_d9a31ae2758c,LABEL_1,0.999392,True,transition-physical,Local model,climatebert_multi_20260526T094302Z_3e9dfd
llm_46432982e78f,LABEL_1,0.999392,True,transition-physical,Local model,climatebert_multi_20260526T094302Z_3e9dfd
llm_673e05890a89,LABEL_1,0.999392,True,transition-physical,Local model,climatebert_multi_20260526T094302Z_3e9dfd
llm_c80706d2b51b,LABEL_1,0.999392,True,transition-physical,Local model,climatebert_multi_20260526T094302Z_3e9dfd
llm_564a085995e7,LABEL_1,0.999392,True,transition-physical,Local model,climatebert_multi_20260526T094302Z_3e9dfd
llm_115663459ebb,LABEL_1,0.999392,True,transition-physical,Local model,climatebert_multi_20260526T094302Z_3e9dfd
llm_6299350a8d9f,LABEL_1,0.999392,True,transition-physical,Local model,climatebert_multi_20260526T094302Z_3e9dfd
llm_fa59d4ec732e,LABEL_1,0.999392,True,transition-physical,Local model,climatebert_multi_20260526T094302Z_3e9dfd
llm_db02d70c5bab,LABEL_1,0.999392,True,transition-physical,Local model,climatebert_multi_20260526T094302Z_3e9dfd
llm_bdd5ece75166,LABEL_1,0.999392,True,transition-physical,Local model,climatebert_multi_20260526T094302Z_3e9dfd
llm_a2a3797529e2,LABEL_1,0.999392,True,transition-physical,Local model,climatebert_multi_20260526T094302Z_3e9dfd
llm_e8126f02b0fb,LABEL_1,0.999392,True,transition-physical,Local model,climatebert_multi_20260526T094302Z_3e9dfd
llm_d520afedd072,LABEL_1,0.999392,True,transition-physical,Local model,climatebert_multi_20260526T094302Z_3e9dfd
llm_77f82b7672d2,LABEL_1,0.999392,True,transition-physical,Local model,climatebert_multi_20260526T094302Z_3e9dfd
