record_id,run_idx,record_idx,timestamp,model,prompt,target,company,ok,text,text_len_chars,text_len_words,language,aspect,esg,tone_pred,sentiment,sentiment_score,labels,reasoning,suggested_tone,suggestion_source,silver_tone_ground_truth,needs_human_review,schema_drift,has_climate_commitment,has_environmental_claims,has_climate_d,background_job_id,target_pages,climatebert_model,climatebert_model_path,climatebert_model_backend,climatebert_label,climatebert_score,climatebert_commitment_pred,climatebert_job_id,climatebert_elapsed_sec
r000_000,0,0,2026-04-08T02:40:23.506816Z,arcee-ai/trinity-large-preview:free,tone_zero_shot_english.md,BEST-SR_2024_pdf/batch_8,BEST-SR_2024,True,"As a pioneer among industrial estate developers in Indonesia, BeFa is at the forefront of creating a green and eco-friendly industrial zone. This transformative initiative aims to minimize environmental impact while promoting a sustainable economic model. It includes prioritizing renewable energy sources, implementing waste management systems, and ensuring efficient resource utilization.",390,52,en,environmental-claims,e,commitment,neutral,0.0,climate-detection|climate-d|climate-d-s|climate-specificity|environmental-claims,"The text describes BeFa's commitment to creating a green and eco-friendly industrial zone with specific actions like prioritizing renewable energy, implementing waste management systems, and ensuring efficient resource utilization. This is a future-oriented commitment rather than an achieved outcome.",commitment,lexical_or_climate_commitment,commitment,False,False,False,True,True,,,transition-physical,/home/ubuntu/apps/benchmarks/model_download/models/transition-physical,Local model,LABEL_1,0.999392,True,climatebert_multi_20260526T074406Z_b1e2a6,5.158
r000_001,0,1,2026-04-08T02:40:23.506816Z,arcee-ai/trinity-large-preview:free,tone_zero_shot_english.md,BEST-SR_2024_pdf/batch_8,BEST-SR_2024,True,"The Company is dedicated to continuous innovation and excellence within the realm of ESG, striving to create spaces that harmoniously blend industry with ecological sustainability. In its pursuit of this vision, BeFa is evolving into a Smart Eco-Industrial Park. This initiative focuses on promoting sustainable development through the incorporation of advanced technologies, smart infrastructure, and environmentally friendly practices that benefit both the community and the ecosystem. By fostering collaboration among tenants and other stakeholders, BeFa aims to set a precedent for responsible industrial growth while addressing global environmental challenges.",665,90,en,environmental-claims,e,commitment,neutral,0.0,climate-detection|climate-d|climate-d-s|climate-specificity|environmental-claims,"The text describes BeFa's commitment to ESG excellence and evolving into a Smart Eco-Industrial Park with specific initiatives like advanced technologies, smart infrastructure, and environmentally friendly practices. This is a future-oriented commitment rather than an achieved outcome.",commitment,lexical_or_climate_commitment,commitment,False,False,False,True,True,,,transition-physical,/home/ubuntu/apps/benchmarks/model_download/models/transition-physical,Local model,LABEL_1,0.999392,True,climatebert_multi_20260526T074406Z_b1e2a6,0.285
r000_002,0,2,2026-04-08T02:40:23.506816Z,arcee-ai/trinity-large-preview:free,tone_zero_shot_english.md,BEST-SR_2024_pdf/batch_8,BEST-SR_2024,True,BeFa reaffirms its dedication to leadership excellence by promoting the professional development of its Board of Directors. Each board member is given the opportunity to participate in a specialized competency enhancement program designed to provide them with the latest industry knowledge and strategic insights.,313,44,en,governance,g,action,neutral,0.0,governance,The text describes BeFa's action to promote professional development of its Board of Directors through competency enhancement programs. This is an ongoing action rather than a measurable outcome.,none,fallback_none,action,False,False,False,False,False,,,transition-physical,/home/ubuntu/apps/benchmarks/model_download/models/transition-physical,Local model,LABEL_1,0.999392,True,climatebert_multi_20260526T074406Z_b1e2a6,0.103
r006_000,6,0,2026-04-08T02:41:29.425964Z,arcee-ai/trinity-large-preview:free,tone_chain_of_thought_english.md,vktr_ar_sr_2024_pdf/batch_20,vktr_ar_sr_2024,True,"Sepanjang tahun 2024, VKTR mengukuhkan peran strategisnya dalam membentuk lanskap baru transportasi berkelanjutan di Indonesia. Tidak hanya sebagai perintis, VKTR kini hadir sebagai arsitek utama yang merancang dan mewujudkan solusi mobilitas hijau yang adaptif dan menyeluruh. Melalui pengembangan kendaraan listrik komersial lintas sektor, mulai dari truk dan bus, hingga solusi logistik dan angkutan perkotaan, VKTR memperkenalkan model mobilitas yang tidak hanya efisien, tetapi juga berorientasi pada masa depan rendah emisi.",530,70,id,climate-detection,e,commitment,neutral,0.0,climate-commitment|climate-specificity|climate-sentiment|climate-s|climate-f|strategy|environmental-claims,"The text discusses VKTR's strategic role in shaping sustainable transportation in Indonesia, introducing green mobility solutions and low-emission future models. This is a forward-looking commitment to environmental sustainability.",commitment,lexical_or_climate_commitment,commitment,False,False,True,True,False,,,transition-physical,/home/ubuntu/apps/benchmarks/model_download/models/transition-physical,Local model,LABEL_1,0.999392,True,climatebert_multi_20260526T074406Z_b1e2a6,0.122
r006_001,6,1,2026-04-08T02:41:29.425964Z,arcee-ai/trinity-large-preview:free,tone_chain_of_thought_english.md,vktr_ar_sr_2024_pdf/batch_20,vktr_ar_sr_2024,True,"Keberhasilan pembangunan fasilitas perakitan kendaraan listrik di Magelang menjadi tonggak penting yang mencerminkan langkah nyata industrialisasi hijau di tingkat nasional. Dengan mengedepankan standar lokal dan pemberdayaan rantai pasok dalam negeri, VKTR memperluas cakupan dampak transformasi, dari aspek teknologi hingga penciptaan nilai ekonomi dan sosial.",362,44,id,climate-detection,e,outcome,positive,1.0,climate-d|climate-specificity|climate-sentiment|climate-s|climate-tcfd|strategy|environmental-claims,"The text highlights the successful completion of VKTR's electric vehicle assembly facility in Magelang, reflecting real progress in national green industrialization. This is an outcome with positive sentiment due to its measurable impact.",outcome,lexical_outcome,outcome,False,False,False,True,True,,,transition-physical,/home/ubuntu/apps/benchmarks/model_download/models/transition-physical,Local model,LABEL_1,0.999392,True,climatebert_multi_20260526T074406Z_b1e2a6,0.162
r006_002,6,2,2026-04-08T02:41:29.425964Z,arcee-ai/trinity-large-preview:free,tone_chain_of_thought_english.md,vktr_ar_sr_2024_pdf/batch_20,vktr_ar_sr_2024,True,Komitmen ini diperkuat melalui pengembangan beragam prototipe dan kolaborasi lintas industri yang mendukung kecepatan adopsi serta kustomisasi kendaraan sesuai kebutuhan sektor-sektor strategis.,194,23,id,climate-detection,e,commitment,neutral,0.0,climate-commitment|climate-specificity|climate-sentiment|climate-s|climate-f|strategy|environmental-claims,The text describes VKTR's commitment to developing prototypes and cross-industry collaborations to accelerate adoption and customization of vehicles. This is a future-oriented commitment with neutral sentiment.,commitment,lexical_or_climate_commitment,commitment,False,False,True,True,False,,,transition-physical,/home/ubuntu/apps/benchmarks/model_download/models/transition-physical,Local model,LABEL_1,0.999392,True,climatebert_multi_20260526T074406Z_b1e2a6,0.089
r006_003,6,3,2026-04-08T02:41:29.425964Z,arcee-ai/trinity-large-preview:free,tone_chain_of_thought_english.md,vktr_ar_sr_2024_pdf/batch_20,vktr_ar_sr_2024,True,"VKTR terus menjadi bagian penting dari solusi nasional menuju masa depan transportasi rendah karbon. Perjalanan ini bukan sekadar menghadirkan produk, tetapi membentuk sistem, sebuah ekosistem yang menjawab kebutuhan zaman dengan teknologi, tanggung jawab lingkungan, dan tekad kolektif membangun Indonesia yang lebih hijau dan tangguh.",336,44,id,climate-detection,e,commitment,neutral,0.0,climate-commitment|climate-specificity|climate-sentiment|climate-s|climate-f|strategy|environmental-claims,"The text emphasizes VKTR's ongoing role in the national effort toward a low-carbon transportation future, focusing on building a system and ecosystem with environmental responsibility. This is a commitment with neutral sentiment.",commitment,lexical_or_climate_commitment,commitment,False,False,True,True,False,,,transition-physical,/home/ubuntu/apps/benchmarks/model_download/models/transition-physical,Local model,LABEL_1,0.999392,True,climatebert_multi_20260526T074406Z_b1e2a6,0.132
r006_004,6,4,2026-04-08T02:41:29.425964Z,arcee-ai/trinity-large-preview:free,tone_chain_of_thought_english.md,vktr_ar_sr_2024_pdf/batch_20,vktr_ar_sr_2024,True,"Pada tanggal 10 Oktober 2023, Perusahaan dan MB menandatangani perjanjian kerja sama antara BA, Entitas Anak, dan MB, dimana Perusahaan akan menyediakan jasa perawatan, perbaikan dan penyediaan suku cadang untuk BYD yang dibutuhkan oleh Kendaraan Bus Listrik BYD K9 LF milik MB. Perusahaan menyatakan bersedia untuk bekerja sama dengan MB dalam hal perawatan, perbaikan, dan penyediaan suku cadang untuk Kendaraan Bus Listrik BYD K9 LF.",436,65,id,climate-detection,e,action,neutral,0.0,climate-d|climate-specificity|climate-sentiment|climate-s|climate-tcfd|strategy|environmental-claims,"The text describes a cooperation agreement between the Company and MB for the maintenance, repair, and provision of spare parts for BYD K9 LF Electric Bus. This is an action without a measurable result, hence neutral sentiment.",commitment,lexical_or_climate_commitment,action,False,False,False,True,True,,,transition-physical,/home/ubuntu/apps/benchmarks/model_download/models/transition-physical,Local model,LABEL_1,0.999392,True,climatebert_multi_20260526T074406Z_b1e2a6,0.274
r006_005,6,5,2026-04-08T02:41:29.425964Z,arcee-ai/trinity-large-preview:free,tone_chain_of_thought_english.md,vktr_ar_sr_2024_pdf/batch_20,vktr_ar_sr_2024,True,"Pada tanggal 27 September 2024, Perusahaan menandatangani Surat Perjanjian Kerahasiaan (NDA) dengan PT Agro Multi Persada. NDA tersebut berisi bahwa kedua perusahaan sepakat sehubungan adanya kemungkinan kerja sama dalam penggunaan truk dan bus listrik milik perusahaan oleh AMP untuk tujuan uji coba kendaraan listrik Perusahaan.",330,45,id,climate-detection,e,action,neutral,0.0,climate-d|climate-specificity|climate-sentiment|climate-s|climate-tcfd|strategy|environmental-claims,"The text mentions the signing of an NDA with PT Agro Multi Persada for the potential use of the Company's electric trucks and buses for testing. This is an action without a measurable result, hence neutral sentiment.",none,fallback_none,action,False,False,False,True,True,,,transition-physical,/home/ubuntu/apps/benchmarks/model_download/models/transition-physical,Local model,LABEL_1,0.999392,True,climatebert_multi_20260526T074406Z_b1e2a6,0.279
r006_006,6,6,2026-04-08T02:41:29.425964Z,arcee-ai/trinity-large-preview:free,tone_chain_of_thought_english.md,vktr_ar_sr_2024_pdf/batch_20,vktr_ar_sr_2024,True,"Pada tanggal 1 Juni 2024, Perusahaan menandatangani Memorandum of Understanding dengan WBKM. Perusahaan, sebagai perusahaan yang bergerak di bidang perdagangan dan manufaktur kendaraan listrik, dan WBKM, sebagai Perusahaan yang menyediakan angkutan umum, ingin mengeksplorasi dan mempertimbangkan peluang untuk melakukan kerjasama timbal balik yang lebih luas pada proyek di Indonesia.",385,49,id,climate-detection,e,commitment,neutral,0.0,climate-commitment|climate-specificity|climate-sentiment|climate-s|climate-f|strategy|environmental-claims,The text describes the signing of a Memorandum of Understanding with WBKM to explore broader reciprocal cooperation on electric vehicle projects. This is a future-oriented commitment with neutral sentiment.,commitment,lexical_or_climate_commitment,commitment,False,False,True,True,False,,,transition-physical,/home/ubuntu/apps/benchmarks/model_download/models/transition-physical,Local model,LABEL_1,0.999392,True,climatebert_multi_20260526T074406Z_b1e2a6,0.243
r006_007,6,7,2026-04-08T02:41:29.425964Z,arcee-ai/trinity-large-preview:free,tone_chain_of_thought_english.md,vktr_ar_sr_2024_pdf/batch_20,vktr_ar_sr_2024,True,"Pada tanggal 15 Februari 2024, Perusahaan membuat Memorandum of Understanding (""MOU"") dengan MHN. Perusahaan dan MHN ingin mengeksplorasi dan mempertimbangkan peluang untuk bekerja sama satu sama lain dan mengembangkan bersama dengan bidang yang lebih luas dari kerja sama timbal balik pada proyek di Indonesia. Jangka waktunya adalah dua (2) tahun sejak tanggal efektif.",371,53,id,climate-detection,e,commitment,neutral,0.0,climate-commitment|climate-specificity|climate-sentiment|climate-s|climate-f|strategy|environmental-claims,The text mentions the signing of a Memorandum of Understanding with MHN to explore and consider opportunities for collaboration on electric vehicle projects. This is a future-oriented commitment with neutral sentiment.,commitment,lexical_or_climate_commitment,commitment,False,False,True,True,False,,,transition-physical,/home/ubuntu/apps/benchmarks/model_download/models/transition-physical,Local model,LABEL_1,0.999392,True,climatebert_multi_20260526T074406Z_b1e2a6,0.244
r006_008,6,8,2026-04-08T02:41:29.425964Z,arcee-ai/trinity-large-preview:free,tone_chain_of_thought_english.md,vktr_ar_sr_2024_pdf/batch_20,vktr_ar_sr_2024,True,"Pada tanggal 16 Februari 2024, Perusahaan menandatangani Perjanjian Kerahasiaan dengan MHN. Perusahaan dan MHN sepakat bahwa Perusahaan akan bekerjasama dengan MHN untuk mendiskusikan peluang bisnis atas proyek kendaraan listrik.",229,29,id,climate-detection,e,action,neutral,0.0,climate-d|climate-specificity|climate-sentiment|climate-s|climate-tcfd|strategy|environmental-claims,"The text describes the signing of a Non-Disclosure Agreement with MHN to discuss business opportunities for electric vehicle projects. This is an action without a measurable result, hence neutral sentiment.",commitment,lexical_or_climate_commitment,action,False,False,False,True,True,,,transition-physical,/home/ubuntu/apps/benchmarks/model_download/models/transition-physical,Local model,LABEL_1,0.999392,True,climatebert_multi_20260526T074406Z_b1e2a6,0.129
r006_009,6,9,2026-04-08T02:41:29.425964Z,arcee-ai/trinity-large-preview:free,tone_chain_of_thought_english.md,vktr_ar_sr_2024_pdf/batch_20,vktr_ar_sr_2024,True,"Pada tanggal 15 November 2024, Perusahaan dan AMP menandatangani Perjanjian Uji Coba Truk Listrik untuk menguji coba satu (1) unit Truk Listrik tipe VKTR Light Duty Truck TLD080F dengan karoseri Hook Lift di lokasi kebun yang disepakati oleh Perusahan dan AMP. Uji coba ini dilakukan untuk mengevaluasi kinerja Truk Listrik dalam operasional di area kerja AMP, dengan periode uji coba selama satu (1) bulan. Kesuksesan uji coba akan ditentukan berdasarkan parameter kinerja yang telah disepakati, dan jika hasil uji coba memuaskan, AMP berpotensi untuk melakukan pembelian lebih lanjut sesuai dengan kesepakatan tertulis.",621,92,id,climate-detection,e,action,neutral,0.0,climate-d|climate-specificity|climate-sentiment|climate-s|climate-tcfd|strategy|environmental-claims,"The text describes the signing of a Trial Agreement for an Electric Truck with AMP to test the performance of the VKTR Light Duty Truck TLD080F. This is an action without a measurable result, hence neutral sentiment.",outcome,lexical_outcome,action,False,False,False,True,True,,,transition-physical,/home/ubuntu/apps/benchmarks/model_download/models/transition-physical,Local model,LABEL_1,0.999392,True,climatebert_multi_20260526T074406Z_b1e2a6,0.122
r006_010,6,10,2026-04-08T02:41:29.425964Z,arcee-ai/trinity-large-preview:free,tone_chain_of_thought_english.md,vktr_ar_sr_2024_pdf/batch_20,vktr_ar_sr_2024,True,"Pada tanggal 5 Agustus 2024, VSI dan BYD telah mengadakan Perjanjian Lisensi Teknis Perakitan KD. Berdasarkan Perjanjian tersebut, VSI sebagai Penerima Lisensi dan BYD sebagai Pemberi Lisensi yang dimana mengatur tentang pemberian Hak Produksi.",244,34,id,climate-detection,e,action,neutral,0.0,climate-d|climate-specificity|climate-sentiment|climate-s|climate-tcfd|strategy|environmental-claims,"The text mentions the signing of a Technical Assembly KD License Agreement between VSI and BYD, outlining the grant of Production Rights. This is an action without a measurable result, hence neutral sentiment.",outcome,lexical_outcome,action,False,False,False,True,True,,,transition-physical,/home/ubuntu/apps/benchmarks/model_download/models/transition-physical,Local model,LABEL_1,0.999392,True,climatebert_multi_20260526T074406Z_b1e2a6,0.126
r006_011,6,11,2026-04-08T02:41:29.425964Z,arcee-ai/trinity-large-preview:free,tone_chain_of_thought_english.md,vktr_ar_sr_2024_pdf/batch_20,vktr_ar_sr_2024,True,"Pada tanggal 30 April 2022, Perusahaan dan Anhui mengadakan perjanjian negosiasi terhadap JAC Electric Vehicle Chassis. Jangka waktu perjanjian ini adalah lima (5) tahun.",170,24,id,climate-detection,e,action,neutral,0.0,climate-d|climate-specificity|climate-sentiment|climate-s|climate-tcfd|strategy|environmental-claims,"The text describes the signing of a negotiating agreement with Anhui regarding JAC Electric Vehicle Chassis. This is an action without a measurable result, hence neutral sentiment.",commitment,lexical_or_climate_commitment,action,False,False,False,True,True,,,transition-physical,/home/ubuntu/apps/benchmarks/model_download/models/transition-physical,Local model,LABEL_1,0.999392,True,climatebert_multi_20260526T074406Z_b1e2a6,0.085
r007_000,7,0,2026-04-08T02:44:38.216582Z,arcee-ai/trinity-large-preview:free,tone_zero_shot_indonesian.md,AR SR GTRA 2024___pdf/batch_4,AR SR GTRA 2024,True,Dalam jutaan Rupiah,19,3,unknown,none,none,none,none,0.0,none,"This is a currency unit indicator, not related to ESG.",none,label_none,none,False,False,False,False,False,,,transition-physical,/home/ubuntu/apps/benchmarks/model_download/models/transition-physical,Local model,LABEL_1,0.999392,True,climatebert_multi_20260526T074406Z_b1e2a6,0.121
r007_001,7,1,2026-04-08T02:44:38.216582Z,arcee-ai/trinity-large-preview:free,tone_zero_shot_indonesian.md,AR SR GTRA 2024___pdf/batch_4,AR SR GTRA 2024,True,Pendapatan,10,1,unknown,none,none,none,none,0.0,none,"This is a financial term for revenue, not related to ESG.",none,label_none,none,False,False,False,False,False,,,transition-physical,/home/ubuntu/apps/benchmarks/model_download/models/transition-physical,Local model,LABEL_1,0.999392,True,climatebert_multi_20260526T074406Z_b1e2a6,0.123
r007_002,7,2,2026-04-08T02:44:38.216582Z,arcee-ai/trinity-large-preview:free,tone_zero_shot_indonesian.md,AR SR GTRA 2024___pdf/batch_4,AR SR GTRA 2024,True,Beban Pokok Pendapatan,22,3,unknown,none,none,none,none,0.0,none,"This is a financial term for cost of revenue, not related to ESG.",none,label_none,none,False,False,False,False,False,,,transition-physical,/home/ubuntu/apps/benchmarks/model_download/models/transition-physical,Local model,LABEL_1,0.999392,True,climatebert_multi_20260526T074406Z_b1e2a6,0.111
r007_003,7,3,2026-04-08T02:44:38.216582Z,arcee-ai/trinity-large-preview:free,tone_zero_shot_indonesian.md,AR SR GTRA 2024___pdf/batch_4,AR SR GTRA 2024,True,Laba Bruto,10,2,unknown,none,none,none,none,0.0,none,"This is a financial term for gross profit, not related to ESG.",none,label_none,none,False,False,False,False,False,,,transition-physical,/home/ubuntu/apps/benchmarks/model_download/models/transition-physical,Local model,LABEL_1,0.999392,True,climatebert_multi_20260526T074406Z_b1e2a6,0.177
r007_004,7,4,2026-04-08T02:44:38.216582Z,arcee-ai/trinity-large-preview:free,tone_zero_shot_indonesian.md,AR SR GTRA 2024___pdf/batch_4,AR SR GTRA 2024,True,Laba Sebelum Beban Pajak Penghasilan,36,5,unknown,none,none,none,none,0.0,none,"This is a financial term for profit before income tax expense, not related to ESG.",none,label_none,none,False,False,False,False,False,,,transition-physical,/home/ubuntu/apps/benchmarks/model_download/models/transition-physical,Local model,LABEL_1,0.999392,True,climatebert_multi_20260526T074406Z_b1e2a6,0.18
r007_005,7,5,2026-04-08T02:44:38.216582Z,arcee-ai/trinity-large-preview:free,tone_zero_shot_indonesian.md,AR SR GTRA 2024___pdf/batch_4,AR SR GTRA 2024,True,Laba Neto,9,2,unknown,none,none,none,none,0.0,none,"This is a financial term for net profit, not related to ESG.",none,label_none,none,False,False,False,False,False,,,transition-physical,/home/ubuntu/apps/benchmarks/model_download/models/transition-physical,Local model,LABEL_1,0.999392,True,climatebert_multi_20260526T074406Z_b1e2a6,0.168
r007_006,7,6,2026-04-08T02:44:38.216582Z,arcee-ai/trinity-large-preview:free,tone_zero_shot_indonesian.md,AR SR GTRA 2024___pdf/batch_4,AR SR GTRA 2024,True,Rugi Komprehensif Lain - Neto,29,4,unknown,none,none,none,none,0.0,none,"This is a financial term for other comprehensive loss, not related to ESG.",none,label_none,none,False,False,False,False,False,,,transition-physical,/home/ubuntu/apps/benchmarks/model_download/models/transition-physical,Local model,LABEL_1,0.999392,True,climatebert_multi_20260526T074406Z_b1e2a6,0.155
r007_007,7,7,2026-04-08T02:44:38.216582Z,arcee-ai/trinity-large-preview:free,tone_zero_shot_indonesian.md,AR SR GTRA 2024___pdf/batch_4,AR SR GTRA 2024,True,Kerugian kredit ekspektasian adalah perkiraan probabilitas-tertimbang dari kerugian kredit.,91,10,unknown,none,none,none,none,0.0,none,"This is an accounting policy statement, not related to ESG.",none,label_none,none,False,False,False,False,False,,,transition-physical,/home/ubuntu/apps/benchmarks/model_download/models/transition-physical,Local model,LABEL_1,0.999392,True,climatebert_multi_20260526T074406Z_b1e2a6,0.154
r007_008,7,8,2026-04-08T02:44:38.216582Z,arcee-ai/trinity-large-preview:free,tone_zero_shot_indonesian.md,AR SR GTRA 2024___pdf/batch_4,AR SR GTRA 2024,True,Kerugian kredit diukur sebagai nilai sekarang dari semua kekurangan penerimaan kas (yaitu perbedaan antara arus kas terutang dari suatu entitas berdasarkan kontrak dan arus kas yang diharapkan untuk diterima).,209,29,id,none,none,none,none,0.0,none,"This is an accounting policy statement, not related to ESG.",none,label_none,none,False,False,False,False,False,,,transition-physical,/home/ubuntu/apps/benchmarks/model_download/models/transition-physical,Local model,LABEL_1,0.999392,True,climatebert_multi_20260526T074406Z_b1e2a6,0.233
r007_009,7,9,2026-04-08T02:44:38.216582Z,arcee-ai/trinity-large-preview:free,tone_zero_shot_indonesian.md,AR SR GTRA 2024___pdf/batch_4,AR SR GTRA 2024,True,Kerugian kredit ekspektasian didiskontokan pada tingkat bunga efektif dari aset keuangan tersebut.,98,12,unknown,none,none,none,none,0.0,none,"This is an accounting policy statement, not related to ESG.",none,label_none,none,False,False,False,False,False,,,transition-physical,/home/ubuntu/apps/benchmarks/model_download/models/transition-physical,Local model,LABEL_1,0.999392,True,climatebert_multi_20260526T074406Z_b1e2a6,0.122
r007_010,7,10,2026-04-08T02:44:38.216582Z,arcee-ai/trinity-large-preview:free,tone_zero_shot_indonesian.md,AR SR GTRA 2024___pdf/batch_4,AR SR GTRA 2024,True,"Pada saat pengakuan awal, Grup mengukur liabilitas keuangan pada nilai wajar ditambah atau dikurangi, biaya transaksi yang terkait langsung dengan perolehan atau penerbitan liabilitas keuangan.",193,25,id,none,none,none,none,0.0,none,"This is an accounting policy statement, not related to ESG.",none,label_none,none,False,False,False,False,False,,,transition-physical,/home/ubuntu/apps/benchmarks/model_download/models/transition-physical,Local model,LABEL_1,0.999392,True,climatebert_multi_20260526T074406Z_b1e2a6,0.137
r007_011,7,11,2026-04-08T02:44:38.216582Z,arcee-ai/trinity-large-preview:free,tone_zero_shot_indonesian.md,AR SR GTRA 2024___pdf/batch_4,AR SR GTRA 2024,True,Grup mengklasifikasikan semua liabilitas keuangannya ke dalam kategori liabilitas keuangan yang diukur pada biaya perolehan diamortisasi.,137,16,id,none,none,none,none,0.0,none,"This is an accounting policy statement, not related to ESG.",none,label_none,none,False,False,False,False,False,,,transition-physical,/home/ubuntu/apps/benchmarks/model_download/models/transition-physical,Local model,LABEL_1,0.999392,True,climatebert_multi_20260526T074406Z_b1e2a6,0.151
r007_012,7,12,2026-04-08T02:44:38.216582Z,arcee-ai/trinity-large-preview:free,tone_zero_shot_indonesian.md,AR SR GTRA 2024___pdf/batch_4,AR SR GTRA 2024,True,"Setelah pengakuan awal, liabilitas keuangan selanjutnya diukur pada biaya perolehan diamortisasi dengan menggunakan metode suku bunga efektif.",142,17,id,none,none,none,none,0.0,none,"This is an accounting policy statement, not related to ESG.",outcome,lexical_outcome,none,False,False,False,False,False,,,transition-physical,/home/ubuntu/apps/benchmarks/model_download/models/transition-physical,Local model,LABEL_1,0.999392,True,climatebert_multi_20260526T074406Z_b1e2a6,0.106
r007_013,7,13,2026-04-08T02:44:38.216582Z,arcee-ai/trinity-large-preview:free,tone_zero_shot_indonesian.md,AR SR GTRA 2024___pdf/batch_4,AR SR GTRA 2024,True,"Keuntungan atau kerugian diakui dalam laba rugi ketika liabilitas keuangan tersebut dihentikan pengakuannya atau mengalami penurunan nilai, dan melalui proses amortisasi.",170,21,id,none,none,none,none,0.0,none,"This is an accounting policy statement, not related to ESG.",none,label_none,none,False,False,False,False,False,,,transition-physical,/home/ubuntu/apps/benchmarks/model_download/models/transition-physical,Local model,LABEL_1,0.999392,True,climatebert_multi_20260526T074406Z_b1e2a6,0.053
r007_014,7,14,2026-04-08T02:44:38.216582Z,arcee-ai/trinity-large-preview:free,tone_zero_shot_indonesian.md,AR SR GTRA 2024___pdf/batch_4,AR SR GTRA 2024,True,"Grup mengeluarkan liabilitas keuangan dari laporan posisi keuangan konsolidasiannya jika, dan hanya jika, kewajiban yang ditetapkan dalam kontrak dilepaskan atau dibatalkan atau kedaluwarsa.",190,23,id,none,none,none,none,0.0,none,"This is an accounting policy statement, not related to ESG.",none,label_none,none,False,False,False,False,False,,,transition-physical,/home/ubuntu/apps/benchmarks/model_download/models/transition-physical,Local model,LABEL_1,0.999392,True,climatebert_multi_20260526T074406Z_b1e2a6,0.124
r007_015,7,15,2026-04-08T02:44:38.216582Z,arcee-ai/trinity-large-preview:free,tone_zero_shot_indonesian.md,AR SR GTRA 2024___pdf/batch_4,AR SR GTRA 2024,True,"Selisih antara jumlah tercatat liabilitas keuangan yang berakhir atau yang dialihkan ke pihak lain, dan imbalan yang dibayarkan, termasuk aset nonkas yang dialihkan atau liabilitas yang ditanggung diakui dalam laba rugi.",220,31,id,none,none,none,none,0.0,none,"This is an accounting policy statement, not related to ESG.",none,label_none,none,False,False,False,False,False,,,transition-physical,/home/ubuntu/apps/benchmarks/model_download/models/transition-physical,Local model,LABEL_1,0.999392,True,climatebert_multi_20260526T074406Z_b1e2a6,0.189
r007_016,7,16,2026-04-08T02:44:38.216582Z,arcee-ai/trinity-large-preview:free,tone_zero_shot_indonesian.md,AR SR GTRA 2024___pdf/batch_4,AR SR GTRA 2024,True,"Aset keuangan dan liabilitas keuangan saling hapus dan jumlah netonya dilaporkan dalam laporan posisi keuangan konsolidasian jika, dan hanya jika, saat ini memiliki hak yang berkekuatan hukum untuk melakukan saling hapus atas jumlah yang telah diakui dan terdapat niat untuk menyelesaikannya secara neto, atau untuk merealisasikan aset dan menyelesaikan liabilitasnya secara simultan.",384,52,id,none,none,none,none,0.0,none,"This is an accounting policy statement, not related to ESG.",outcome,lexical_outcome,none,False,False,False,False,False,,,transition-physical,/home/ubuntu/apps/benchmarks/model_download/models/transition-physical,Local model,LABEL_1,0.999392,True,climatebert_multi_20260526T074406Z_b1e2a6,0.064
r007_017,7,17,2026-04-08T02:44:38.216582Z,arcee-ai/trinity-large-preview:free,tone_zero_shot_indonesian.md,AR SR GTRA 2024___pdf/batch_4,AR SR GTRA 2024,True,"Nilai wajar instrumen keuangan yang diperdagangkan di pasar aktif pada setiap tanggal pelaporan ditentukan dengan mengacu pada kuotasi harga pasar atau kuotasi harga pedagang efek (harga penawaran untuk posisi beli dan harga permintaan untuk posisi jual), tidak termasuk pengurangan apapun untuk biaya transaksi.",312,43,id,none,none,none,none,0.0,none,"This is an accounting policy statement, not related to ESG.",none,label_none,none,False,False,False,False,False,,,transition-physical,/home/ubuntu/apps/benchmarks/model_download/models/transition-physical,Local model,LABEL_1,0.999392,True,climatebert_multi_20260526T074406Z_b1e2a6,0.067
r007_018,7,18,2026-04-08T02:44:38.216582Z,arcee-ai/trinity-large-preview:free,tone_zero_shot_indonesian.md,AR SR GTRA 2024___pdf/batch_4,AR SR GTRA 2024,True,"Untuk instrumen keuangan yang tidak memiliki pasar aktif, nilai wajar ditentukan dengan menggunakan teknik penilaian.",117,15,id,none,none,none,none,0.0,none,"This is an accounting policy statement, not related to ESG.",commitment,lexical_or_climate_commitment,none,False,False,False,False,False,,,transition-physical,/home/ubuntu/apps/benchmarks/model_download/models/transition-physical,Local model,LABEL_1,0.999392,True,climatebert_multi_20260526T074406Z_b1e2a6,0.117
r007_019,7,19,2026-04-08T02:44:38.216582Z,arcee-ai/trinity-large-preview:free,tone_zero_shot_indonesian.md,AR SR GTRA 2024___pdf/batch_4,AR SR GTRA 2024,True,"Teknik penilaian mencakup penggunaan transaksi pasar terkini yang dilakukan secara wajar oleh pihak-pihak yang berkeinginan dan memahami (recent arm's length market transactions), penggunaan nilai wajar terkini instrumen lain yang secara substansial sama, analisa arus kas yang didiskonto, atau model penilaian lain.",316,43,id,none,none,none,none,0.0,none,"This is an accounting policy statement, not related to ESG.",none,label_none,none,False,False,False,False,False,,,transition-physical,/home/ubuntu/apps/benchmarks/model_download/models/transition-physical,Local model,LABEL_1,0.999392,True,climatebert_multi_20260526T074406Z_b1e2a6,0.11
r007_020,7,20,2026-04-08T02:44:38.216582Z,arcee-ai/trinity-large-preview:free,tone_zero_shot_indonesian.md,AR SR GTRA 2024___pdf/batch_4,AR SR GTRA 2024,True,"Imbalan kerja jangka pendek merupakan kompensasi yang diberikan oleh Grup seperti gaji, tunjangan, bonus dan pembayaran manfaat pensiun, yang diakui pada saat terutang kepada karyawan.",184,25,id,none,none,none,none,0.0,none,"This is an accounting policy statement, not related to ESG.",commitment,lexical_or_climate_commitment,none,False,False,False,False,False,,,transition-physical,/home/ubuntu/apps/benchmarks/model_download/models/transition-physical,Local model,LABEL_1,0.999392,True,climatebert_multi_20260526T074406Z_b1e2a6,0.1
r012_000,12,0,2026-04-08T02:44:57.770079Z,arcee-ai/trinity-large-preview:free,tone_zero_shot_english.md,20250526113828-2025-05-26ptba_laporan_berkelanjutan113825_pdf/batch_4,20250526113828-2025-05-26ptba_laporan_berkelanjutan113825,True,"PTBA berkomitmen mendukung target Pemerintah mencapai nol emisi. PTBA juga berkomitmen untuk menjalankan bisnis berkelanjutan dengan menerapkan keselarasan antara aspek Environmental, Social, and Governance (ESG).",213,25,mixed,climate-commitment,e,commitment,neutral,0.0,climate-commitment|climate-d|climate-specificity,Explicit commitment to support government's net-zero emission target and sustainable business with ESG alignment.,outcome,lexical_outcome,commitment,False,False,True,False,True,,,transition-physical,/home/ubuntu/apps/benchmarks/model_download/models/transition-physical,Local model,LABEL_1,0.999392,True,climatebert_multi_20260526T074406Z_b1e2a6,0.114
r012_001,12,1,2026-04-08T02:44:57.770079Z,arcee-ai/trinity-large-preview:free,tone_zero_shot_english.md,20250526113828-2025-05-26ptba_laporan_berkelanjutan113825_pdf/batch_4,20250526113828-2025-05-26ptba_laporan_berkelanjutan113825,True,"Untuk mendukung itu, Perseroan senantiasa melakukan berbagai optimasi menuju pertambangan yang lebih ramah lingkungan. Langkah nyata yang diambil antara lain menerapkan eco, mechanized mining yaitu mengganti peralatan pertambangan yang menggunakan bahan bakar fosil menjadi elektrik, e-mining reporting system yaitu, system pelaporan produksi secara real time dan daring dan berbagai program manajemen karbon di area operasional penambangan.",441,57,id,environmental-claims,e,action,positive,1.0,environmental-claims|climate-d|climate-specificity,Concrete actions taken to optimize environmentally friendly mining including eco-mechanized mining and carbon management programs.,commitment,lexical_or_climate_commitment,action,False,False,False,True,True,,,transition-physical,/home/ubuntu/apps/benchmarks/model_download/models/transition-physical,Local model,LABEL_1,0.999392,True,climatebert_multi_20260526T074406Z_b1e2a6,0.155
r012_002,12,2,2026-04-08T02:44:57.770079Z,arcee-ai/trinity-large-preview:free,tone_zero_shot_english.md,20250526113828-2025-05-26ptba_laporan_berkelanjutan113825_pdf/batch_4,20250526113828-2025-05-26ptba_laporan_berkelanjutan113825,True,"Perseroan juga menciptakan sinergi dan kerja sama dengan berbagai mitra strategis dalam mewujudkan energi bersih seperti pengembangan PLTS, PLTB, tanaman Kaliandra untuk mengurangi emisi karbon dan menjadi simpanan biomassa untuk diolah menjadi wood pellet sebagai bahan campuran co-firing di PLTU serta Carbon Capture, Utilization (CCU) atau penangkapan karbon dioksida dan dikonversi menjadi methanol.",403,54,id,climate-action,e,action,positive,1.0,climate-action|climate-d|climate-specificity,"Specific actions to develop clean energy including solar/wind power plants, biomass, and carbon capture utilization.",commitment,lexical_or_climate_commitment,action,False,False,False,False,True,,,transition-physical,/home/ubuntu/apps/benchmarks/model_download/models/transition-physical,Local model,LABEL_1,0.999392,True,climatebert_multi_20260526T074406Z_b1e2a6,0.143
r012_003,12,3,2026-04-08T02:44:57.770079Z,arcee-ai/trinity-large-preview:free,tone_zero_shot_english.md,20250526113828-2025-05-26ptba_laporan_berkelanjutan113825_pdf/batch_4,20250526113828-2025-05-26ptba_laporan_berkelanjutan113825,True,"PTBA berkomitmen mendukung target Pemerintah mencapai Emisi Nol Bersih atau Net Zero Emission pada 2060. Dengan visi menjadi perusahaan energi kelas dunia, PTBA telah memiliki roadmap manajemen karbon hingga 2050, baik bersifat pengurangan emisi (reducing emission sources/ maupun peningkatan penyerapan emisi (increase carbon sinks).",334,44,id,netzero-reduction,e,commitment,neutral,0.0,netzero-reduction|climate-commitment|climate-d,Explicit commitment to support government's Net Zero Emission target by 2060 with carbon management roadmap until 2050.,outcome,lexical_outcome,commitment,False,False,True,False,True,,,transition-physical,/home/ubuntu/apps/benchmarks/model_download/models/transition-physical,Local model,LABEL_1,0.999392,True,climatebert_multi_20260526T074406Z_b1e2a6,0.107
r012_004,12,4,2026-04-08T02:44:57.770079Z,arcee-ai/trinity-large-preview:free,tone_zero_shot_english.md,20250526113828-2025-05-26ptba_laporan_berkelanjutan113825_pdf/batch_4,20250526113828-2025-05-26ptba_laporan_berkelanjutan113825,True,"Berdasarkan manajemen karbon hingga 2050, terdapat 3 (tiga) pendekatan yang dilakukan PTBA, yaitu dekarbonisasi operasi, reklamasi, dan studi CCU (carbon capture, and utilization). Dengan langkah ini, PTBA optimis dapat menjadi Perusahaan yang berkelanjutan dan terus berkontribusi dalam pencapaian Net Zero Emission.",317,41,mixed,climate-action,e,action,positive,1.0,climate-action|climate-d|climate-specificity,"Specific approaches to carbon management including operational decarbonization, reclamation, and CCU studies.",action,lexical_or_climate_action,action,False,False,False,False,True,,,transition-physical,/home/ubuntu/apps/benchmarks/model_download/models/transition-physical,Local model,LABEL_1,0.999392,True,climatebert_multi_20260526T074406Z_b1e2a6,0.079
r012_005,12,5,2026-04-08T02:44:57.770079Z,arcee-ai/trinity-large-preview:free,tone_zero_shot_english.md,20250526113828-2025-05-26ptba_laporan_berkelanjutan113825_pdf/batch_4,20250526113828-2025-05-26ptba_laporan_berkelanjutan113825,True,"PTBA secara aktif telah memberikan pengetahuan kepada karyawan terkait SPP/WBS yang disalurkan melalui medial email serta dipublikasikan melalui sosial media perusahaan. Sejalan dengan hal tersebut, untuk mendukung pemanfaatan SPP/WBS secara optimal, PTBA berkomitmen untuk melindungi pelapor pelanggaran yang beritikad baik.",325,42,id,governance,g,commitment,neutral,0.0,governance|climate-d,Commitment to protect whistleblowers as part of governance policy.,outcome,lexical_outcome,commitment,False,False,False,False,True,,,transition-physical,/home/ubuntu/apps/benchmarks/model_download/models/transition-physical,Local model,LABEL_1,0.999392,True,climatebert_multi_20260526T074406Z_b1e2a6,0.085
r012_006,12,6,2026-04-08T02:44:57.770079Z,arcee-ai/trinity-large-preview:free,tone_zero_shot_english.md,20250526113828-2025-05-26ptba_laporan_berkelanjutan113825_pdf/batch_4,20250526113828-2025-05-26ptba_laporan_berkelanjutan113825,True,"Sebaliknya, Perusahaan akan memberikan sanksi bagi pelapor yang membuka kerahasiaan komunikasi dan informasi yang timbul dalam proses penanganan pelaporan dan pelapor yang menyampaikan laporan yang tidak benar kepada laporan yang bersifat fitnah kepada palsu.",259,34,id,governance,g,action,neutral,0.0,governance|climate-d,Action to impose sanctions on whistleblowers who violate confidentiality or submit false reports.,commitment,lexical_or_climate_commitment,action,False,False,False,False,True,,,transition-physical,/home/ubuntu/apps/benchmarks/model_download/models/transition-physical,Local model,LABEL_1,0.999392,True,climatebert_multi_20260526T074406Z_b1e2a6,0.072
r012_007,12,7,2026-04-08T02:44:57.770079Z,arcee-ai/trinity-large-preview:free,tone_zero_shot_english.md,20250526113828-2025-05-26ptba_laporan_berkelanjutan113825_pdf/batch_4,20250526113828-2025-05-26ptba_laporan_berkelanjutan113825,True,"Untuk mendukung proses penanganan laporan pengaduan dan mendapatkan hasil yang maksimal, pelapor wajib menandatangani pakta integritas yang menyatakan akan menjaga kerahasiaan informasi yang timbul dalam proses penanganan pelaporan dan kebenaran atas laporan.",259,32,id,governance,g,action,neutral,0.0,governance|climate-d,Action requiring whistleblowers to sign integrity pact to maintain confidentiality and report accuracy.,commitment,lexical_or_climate_commitment,action,False,False,False,False,True,,,transition-physical,/home/ubuntu/apps/benchmarks/model_download/models/transition-physical,Local model,LABEL_1,0.999392,True,climatebert_multi_20260526T074406Z_b1e2a6,0.099
r012_008,12,8,2026-04-08T02:44:57.770079Z,arcee-ai/trinity-large-preview:free,tone_zero_shot_english.md,20250526113828-2025-05-26ptba_laporan_berkelanjutan113825_pdf/batch_4,20250526113828-2025-05-26ptba_laporan_berkelanjutan113825,True,"Pelaporan Pelanggaran dapat disampaikan kepada Perusahaan melalui media yang telah disediakan, yaitu: Website : http://www.ptba.co.id Email : spp@bukitasam.co.id Telepon : +62 21 527 4635",187,28,id,governance,g,action,neutral,0.0,governance|climate-d,Action providing multiple channels for reporting violations.,outcome,lexical_outcome,action,False,False,False,False,True,,,transition-physical,/home/ubuntu/apps/benchmarks/model_download/models/transition-physical,Local model,LABEL_1,0.999392,True,climatebert_multi_20260526T074406Z_b1e2a6,0.086
r012_009,12,9,2026-04-08T02:44:57.770079Z,arcee-ai/trinity-large-preview:free,tone_zero_shot_english.md,20250526113828-2025-05-26ptba_laporan_berkelanjutan113825_pdf/batch_4,20250526113828-2025-05-26ptba_laporan_berkelanjutan113825,True,"Selama tahun 2024, terdapat 5 (lima) laporan dugaan pelanggaran yang masuk melalui SPP/WBS, baik yang disampaikan melalui email, surat, telepon, faksimile, ataupun website Perusahaan.",183,25,id,governance,g,outcome,neutral,0.0,governance|climate-d,Outcome showing 5 violation reports received through various channels in 2024.,none,fallback_none,outcome,False,False,False,False,True,,,transition-physical,/home/ubuntu/apps/benchmarks/model_download/models/transition-physical,Local model,LABEL_1,0.999392,True,climatebert_multi_20260526T074406Z_b1e2a6,0.057
r012_010,12,10,2026-04-08T02:44:57.770079Z,arcee-ai/trinity-large-preview:free,tone_zero_shot_english.md,20250526113828-2025-05-26ptba_laporan_berkelanjutan113825_pdf/batch_4,20250526113828-2025-05-26ptba_laporan_berkelanjutan113825,True,"Berdasarkan laporan pengaduan pelanggaran yang masuk ke Perusahaan yaitu sebanyak 5 (lima) pengaduan sampai akhir tahun 2024, seluruh laporan yang masuk tersebut telah selesai ditindaklanjuti.",192,25,id,governance,g,outcome,positive,1.0,governance|climate-d,Outcome showing all 5 violation reports were followed up and processed.,outcome,lexical_outcome,outcome,False,False,False,False,True,,,transition-physical,/home/ubuntu/apps/benchmarks/model_download/models/transition-physical,Local model,LABEL_1,0.999392,True,climatebert_multi_20260526T074406Z_b1e2a6,0.067
r014_000,14,0,2026-04-08T02:44:58.986814Z,arcee-ai/trinity-large-preview:free,tone_chain_of_thought_indonesian.md,icr-sustainability-23-24_pdf/batch_6,icr-sustainability-23-24,True,"The ICR has set an ambitious target of achieving net zero across all three scopes by 2040, and achieving an interim reduction of 42% by 2030.",141,26,en,climate-commitment,e,commitment,neutral,0.0,climate-commitment|netzero-reduction|climate-f,Statement about future targets without current action or outcome.,commitment,lexical_or_climate_commitment,commitment,False,False,True,False,False,,,transition-physical,/home/ubuntu/apps/benchmarks/model_download/models/transition-physical,Local model,LABEL_1,0.999392,True,climatebert_multi_20260526T074406Z_b1e2a6,0.071
r014_001,14,1,2026-04-08T02:44:58.986814Z,arcee-ai/trinity-large-preview:free,tone_chain_of_thought_indonesian.md,icr-sustainability-23-24_pdf/batch_6,icr-sustainability-23-24,True,"Thanks to activities such as a new energy management system and research led energy saving behaviours, the ICR's emissions from direct sources (Scope 1) and indirect sources (Scope 2) have decreased by 16% since 2018/19.",220,37,en,climate-action,e,action,positive,0.8,climate-action|metrics|climate-sentiment,Describes specific actions taken and their positive outcome in reducing emissions.,action,lexical_or_climate_action,action,False,False,False,False,False,,,transition-physical,/home/ubuntu/apps/benchmarks/model_download/models/transition-physical,Local model,LABEL_1,0.999392,True,climatebert_multi_20260526T074406Z_b1e2a6,0.09
r014_002,14,2,2026-04-08T02:44:58.986814Z,arcee-ai/trinity-large-preview:free,tone_chain_of_thought_indonesian.md,icr-sustainability-23-24_pdf/batch_6,icr-sustainability-23-24,True,"Business travel has seen a further bounce back this year, with increased travel to conferences the ICR has implemented a new policy of no domestic UK flights where a better sustainable alternative is available.",210,34,en,climate-action,e,commitment,neutral,0.0,climate-action|climate-commitment,Describes a new policy commitment but no outcome yet.,commitment,lexical_or_climate_commitment,commitment,False,False,True,False,False,,,transition-physical,/home/ubuntu/apps/benchmarks/model_download/models/transition-physical,Local model,LABEL_1,0.999392,True,climatebert_multi_20260526T074406Z_b1e2a6,0.059
r014_003,14,3,2026-04-08T02:44:58.986814Z,arcee-ai/trinity-large-preview:free,tone_chain_of_thought_indonesian.md,icr-sustainability-23-24_pdf/batch_6,icr-sustainability-23-24,True,"There has been small decrease in waste emissions compared to the baseline year of 2018/29, with fluctuations in waste volumes in the intervening years due to the pandemic and large construction projects.",203,33,en,climate-action,missing,missing,missing,,,Describes a small positive outcome in waste emissions reduction.,none,fallback_none,none,True,True,False,False,False,,,transition-physical,/home/ubuntu/apps/benchmarks/model_download/models/transition-physical,Local model,LABEL_1,0.999392,True,climatebert_multi_20260526T074406Z_b1e2a6,0.056
r014_004,14,4,2026-04-08T02:44:58.986814Z,arcee-ai/trinity-large-preview:free,tone_chain_of_thought_indonesian.md,icr-sustainability-23-24_pdf/batch_6,icr-sustainability-23-24,True,The ICR continues to be zero waste directly to landfill and is going out to tender for a new waste contract in 2025.,116,23,en,climate-action,e,commitment,neutral,0.0,climate-action|climate-commitment,Describes ongoing commitment to waste management without current outcome.,commitment,lexical_or_climate_commitment,commitment,False,False,True,False,False,,,transition-physical,/home/ubuntu/apps/benchmarks/model_download/models/transition-physical,Local model,LABEL_1,0.999392,True,climatebert_multi_20260526T074406Z_b1e2a6,0.061
r014_005,14,5,2026-04-08T02:44:58.986814Z,arcee-ai/trinity-large-preview:free,tone_chain_of_thought_indonesian.md,icr-sustainability-23-24_pdf/batch_6,icr-sustainability-23-24,True,Carbon emissions from purchased goods and services have decreased by 6% compared to the baseline year of 2018/19.,113,19,en,climate-action,e,outcome,positive,0.8,climate-action|metrics|climate-sentiment,Describes a positive outcome in reducing emissions from purchased goods and services.,action,lexical_or_climate_action,outcome,False,False,False,False,False,,,transition-physical,/home/ubuntu/apps/benchmarks/model_download/models/transition-physical,Local model,LABEL_1,0.999392,True,climatebert_multi_20260526T074406Z_b1e2a6,0.148
r014_006,14,6,2026-04-08T02:44:58.986814Z,arcee-ai/trinity-large-preview:free,tone_chain_of_thought_indonesian.md,icr-sustainability-23-24_pdf/batch_6,icr-sustainability-23-24,True,"The ICR has successfully retained certification to ISO14001, an international standard that sets out the requirements for an environmental management system, since 2013 as part of our integrated management system.",213,30,en,governance,g,outcome,positive,0.8,governance|climate-sentiment,"Describes successful retention of environmental certification, indicating positive governance outcome.",outcome,lexical_outcome,outcome,False,False,False,False,False,,,transition-physical,/home/ubuntu/apps/benchmarks/model_download/models/transition-physical,Local model,LABEL_1,0.999392,True,climatebert_multi_20260526T074406Z_b1e2a6,0.13
r014_007,14,7,2026-04-08T02:44:58.986814Z,arcee-ai/trinity-large-preview:free,tone_chain_of_thought_indonesian.md,icr-sustainability-23-24_pdf/batch_6,icr-sustainability-23-24,True,The ICR is proud to be a signatory to this Concordat.,53,11,en,governance,g,outcome,positive,0.8,governance|climate-sentiment,"Describes pride in being a signatory, indicating positive sentiment towards governance commitment.",none,fallback_none,outcome,False,False,False,False,False,,,transition-physical,/home/ubuntu/apps/benchmarks/model_download/models/transition-physical,Local model,LABEL_1,0.999392,True,climatebert_multi_20260526T074406Z_b1e2a6,0.145
r014_008,14,8,2026-04-08T02:44:58.986814Z,arcee-ai/trinity-large-preview:free,tone_chain_of_thought_indonesian.md,icr-sustainability-23-24_pdf/batch_6,icr-sustainability-23-24,True,"The ICR has set an ambitious target of achieving net zero across all three scopes by 2040, and achieving an interim reduction of 42% by 2030.",141,26,en,climate-commitment,e,commitment,neutral,0.0,climate-commitment|netzero-reduction|climate-f,Statement about future targets without current action or outcome.,commitment,lexical_or_climate_commitment,commitment,False,False,True,False,False,,,transition-physical,/home/ubuntu/apps/benchmarks/model_download/models/transition-physical,Local model,LABEL_1,0.999392,True,climatebert_multi_20260526T074406Z_b1e2a6,0.068
r014_009,14,9,2026-04-08T02:44:58.986814Z,arcee-ai/trinity-large-preview:free,tone_chain_of_thought_indonesian.md,icr-sustainability-23-24_pdf/batch_6,icr-sustainability-23-24,True,"Thanks to activities such as a new energy management system and research led energy saving behaviours, the ICR's emissions from direct sources (Scope 1) and indirect sources (Scope 2) have decreased by 16% since 2018/19.",220,37,en,climate-action,e,action,positive,0.8,climate-action|metrics|climate-sentiment,Describes specific actions taken and their positive outcome in reducing emissions.,action,lexical_or_climate_action,action,False,False,False,False,False,,,transition-physical,/home/ubuntu/apps/benchmarks/model_download/models/transition-physical,Local model,LABEL_1,0.999392,True,climatebert_multi_20260526T074406Z_b1e2a6,0.14
r014_010,14,10,2026-04-08T02:44:58.986814Z,arcee-ai/trinity-large-preview:free,tone_chain_of_thought_indonesian.md,icr-sustainability-23-24_pdf/batch_6,icr-sustainability-23-24,True,"Business travel has seen a further bounce back this year, with increased travel to conferences the ICR has implemented a new policy of no domestic UK flights where a better sustainable alternative is available.",210,34,en,climate-action,e,commitment,neutral,0.0,climate-action|climate-commitment,Describes a new policy commitment but no outcome yet.,commitment,lexical_or_climate_commitment,commitment,False,False,True,False,False,,,transition-physical,/home/ubuntu/apps/benchmarks/model_download/models/transition-physical,Local model,LABEL_1,0.999392,True,climatebert_multi_20260526T074406Z_b1e2a6,0.127
r014_011,14,11,2026-04-08T02:44:58.986814Z,arcee-ai/trinity-large-preview:free,tone_chain_of_thought_indonesian.md,icr-sustainability-23-24_pdf/batch_6,icr-sustainability-23-24,True,"There has been small decrease in waste emissions compared to the baseline year of 2018/29, with fluctuations in waste volumes in the intervening years due to the pandemic and large construction projects.",203,33,en,climate-action,e,outcome,positive,0.6,climate-action|metrics|climate-sentiment,Describes a small positive outcome in waste emissions reduction.,action,lexical_or_climate_action,outcome,False,False,False,False,False,,,transition-physical,/home/ubuntu/apps/benchmarks/model_download/models/transition-physical,Local model,LABEL_1,0.999392,True,climatebert_multi_20260526T074406Z_b1e2a6,0.133
r014_012,14,12,2026-04-08T02:44:58.986814Z,arcee-ai/trinity-large-preview:free,tone_chain_of_thought_indonesian.md,icr-sustainability-23-24_pdf/batch_6,icr-sustainability-23-24,True,The ICR continues to be zero waste directly to landfill and is going out to tender for a new waste contract in 2025.,116,23,en,climate-action,e,commitment,neutral,0.0,climate-action|climate-commitment,Describes ongoing commitment to waste management without current outcome.,commitment,lexical_or_climate_commitment,commitment,False,False,True,False,False,,,transition-physical,/home/ubuntu/apps/benchmarks/model_download/models/transition-physical,Local model,LABEL_1,0.999392,True,climatebert_multi_20260526T074406Z_b1e2a6,0.12
r014_013,14,13,2026-04-08T02:44:58.986814Z,arcee-ai/trinity-large-preview:free,tone_chain_of_thought_indonesian.md,icr-sustainability-23-24_pdf/batch_6,icr-sustainability-23-24,True,Carbon emissions from purchased goods and services have decreased by 6% compared to the baseline year of 2018/19.,113,19,en,climate-action,e,outcome,positive,0.8,climate-action|metrics|climate-sentiment,Describes a positive outcome in reducing emissions from purchased goods and services.,action,lexical_or_climate_action,outcome,False,False,False,False,False,,,transition-physical,/home/ubuntu/apps/benchmarks/model_download/models/transition-physical,Local model,LABEL_1,0.999392,True,climatebert_multi_20260526T074406Z_b1e2a6,0.05
r014_014,14,14,2026-04-08T02:44:58.986814Z,arcee-ai/trinity-large-preview:free,tone_chain_of_thought_indonesian.md,icr-sustainability-23-24_pdf/batch_6,icr-sustainability-23-24,True,"The ICR has successfully retained certification to ISO14001, an international standard that sets out the requirements for an environmental management system, since 2013 as part of our integrated management system.",213,30,en,governance,g,outcome,positive,0.8,governance|climate-sentiment,"Describes successful retention of environmental certification, indicating positive governance outcome.",outcome,lexical_outcome,outcome,False,False,False,False,False,,,transition-physical,/home/ubuntu/apps/benchmarks/model_download/models/transition-physical,Local model,LABEL_1,0.999392,True,climatebert_multi_20260526T074406Z_b1e2a6,0.088
r014_015,14,15,2026-04-08T02:44:58.986814Z,arcee-ai/trinity-large-preview:free,tone_chain_of_thought_indonesian.md,icr-sustainability-23-24_pdf/batch_6,icr-sustainability-23-24,True,The ICR is proud to be a signatory to this Concordat.,53,11,en,governance,g,outcome,positive,0.8,governance|climate-sentiment,"Describes pride in being a signatory, indicating positive sentiment towards governance commitment.",none,fallback_none,outcome,False,False,False,False,False,,,transition-physical,/home/ubuntu/apps/benchmarks/model_download/models/transition-physical,Local model,LABEL_1,0.999392,True,climatebert_multi_20260526T074406Z_b1e2a6,0.1
r014_016,14,16,2026-04-08T02:44:58.986814Z,arcee-ai/trinity-large-preview:free,tone_chain_of_thought_indonesian.md,icr-sustainability-23-24_pdf/batch_6,icr-sustainability-23-24,True,"The ICR has set an ambitious target of achieving net zero across all three scopes by 2040, and achieving an interim reduction of 42% by 2030.",141,26,en,climate-commitment,e,commitment,neutral,0.0,climate-commitment|netzero-reduction|climate-f,Statement about future targets without current action or outcome.,commitment,lexical_or_climate_commitment,commitment,False,False,True,False,False,,,transition-physical,/home/ubuntu/apps/benchmarks/model_download/models/transition-physical,Local model,LABEL_1,0.999392,True,climatebert_multi_20260526T074406Z_b1e2a6,0.116
r014_017,14,17,2026-04-08T02:44:58.986814Z,arcee-ai/trinity-large-preview:free,tone_chain_of_thought_indonesian.md,icr-sustainability-23-24_pdf/batch_6,icr-sustainability-23-24,True,"Thanks to activities such as a new energy management system and research led energy saving behaviours, the ICR's emissions from direct sources (Scope 1) and indirect sources (Scope 2) have decreased by 16% since 2018/19.",220,37,en,climate-action,e,action,positive,0.8,climate-action|metrics|climate-sentiment,Describes specific actions taken and their positive outcome in reducing emissions.,action,lexical_or_climate_action,action,False,False,False,False,False,,,transition-physical,/home/ubuntu/apps/benchmarks/model_download/models/transition-physical,Local model,LABEL_1,0.999392,True,climatebert_multi_20260526T074406Z_b1e2a6,0.092
r014_018,14,18,2026-04-08T02:44:58.986814Z,arcee-ai/trinity-large-preview:free,tone_chain_of_thought_indonesian.md,icr-sustainability-23-24_pdf/batch_6,icr-sustainability-23-24,True,"Business travel has seen a further bounce back this year, with increased travel to conferences the ICR has implemented a new policy of no domestic UK flights where a better sustainable alternative is available.",210,34,en,climate-action,e,commitment,neutral,0.0,climate-action|climate-commitment,Describes a new policy commitment but no outcome yet.,commitment,lexical_or_climate_commitment,commitment,False,False,True,False,False,,,transition-physical,/home/ubuntu/apps/benchmarks/model_download/models/transition-physical,Local model,LABEL_1,0.999392,True,climatebert_multi_20260526T074406Z_b1e2a6,0.167
r014_019,14,19,2026-04-08T02:44:58.986814Z,arcee-ai/trinity-large-preview:free,tone_chain_of_thought_indonesian.md,icr-sustainability-23-24_pdf/batch_6,icr-sustainability-23-24,True,"There has been small decrease in waste emissions compared to the baseline year of 2018/29, with fluctuations in waste volumes in the intervening years due to the pandemic and large construction projects.",203,33,en,climate-action,e,outcome,positive,0.6,climate-action|metrics|climate-sentiment,Describes a small positive outcome in waste emissions reduction.,action,lexical_or_climate_action,outcome,False,False,False,False,False,,,transition-physical,/home/ubuntu/apps/benchmarks/model_download/models/transition-physical,Local model,LABEL_1,0.999392,True,climatebert_multi_20260526T074406Z_b1e2a6,0.171
r014_020,14,20,2026-04-08T02:44:58.986814Z,arcee-ai/trinity-large-preview:free,tone_chain_of_thought_indonesian.md,icr-sustainability-23-24_pdf/batch_6,icr-sustainability-23-24,True,The ICR continues to be zero waste directly to landfill and is going out to tender for a new waste contract in 2025.,116,23,en,climate-action,e,commitment,neutral,0.0,climate-action|climate-commitment,Describes ongoing commitment to waste management without current outcome.,commitment,lexical_or_climate_commitment,commitment,False,False,True,False,False,,,transition-physical,/home/ubuntu/apps/benchmarks/model_download/models/transition-physical,Local model,LABEL_1,0.999392,True,climatebert_multi_20260526T074406Z_b1e2a6,0.192
r014_021,14,21,2026-04-08T02:44:58.986814Z,arcee-ai/trinity-large-preview:free,tone_chain_of_thought_indonesian.md,icr-sustainability-23-24_pdf/batch_6,icr-sustainability-23-24,True,Carbon emissions from purchased goods and services have decreased by 6% compared to the baseline year of 2018/19.,113,19,en,climate-action,e,outcome,positive,0.8,climate-action|metrics|climate-sentiment,Describes a positive outcome in reducing emissions from purchased goods and services.,action,lexical_or_climate_action,outcome,False,False,False,False,False,,,transition-physical,/home/ubuntu/apps/benchmarks/model_download/models/transition-physical,Local model,LABEL_1,0.999392,True,climatebert_multi_20260526T074406Z_b1e2a6,0.202
r014_022,14,22,2026-04-08T02:44:58.986814Z,arcee-ai/trinity-large-preview:free,tone_chain_of_thought_indonesian.md,icr-sustainability-23-24_pdf/batch_6,icr-sustainability-23-24,True,"The ICR has successfully retained certification to ISO14001, an international standard that sets out the requirements for an environmental management system, since 2013 as part of our integrated management system.",213,30,en,governance,g,outcome,positive,0.8,governance|climate-sentiment,"Describes successful retention of environmental certification, indicating positive governance outcome.",outcome,lexical_outcome,outcome,False,False,False,False,False,,,transition-physical,/home/ubuntu/apps/benchmarks/model_download/models/transition-physical,Local model,LABEL_1,0.999392,True,climatebert_multi_20260526T074406Z_b1e2a6,0.308
r014_023,14,23,2026-04-08T02:44:58.986814Z,arcee-ai/trinity-large-preview:free,tone_chain_of_thought_indonesian.md,icr-sustainability-23-24_pdf/batch_6,icr-sustainability-23-24,True,The ICR is proud to be a signatory to this Concordat.,53,11,en,governance,g,outcome,positive,0.8,governance|climate-sentiment,"Describes pride in being a signatory, indicating positive sentiment towards governance commitment.",none,fallback_none,outcome,False,False,False,False,False,,,transition-physical,/home/ubuntu/apps/benchmarks/model_download/models/transition-physical,Local model,LABEL_1,0.999392,True,climatebert_multi_20260526T074406Z_b1e2a6,0.214
r025_000,25,0,2026-04-08T02:46:34.453805Z,arcee-ai/trinity-large-preview:free,tone_zero_shot_indonesian.md,20250526113828-2025-05-26ptba_laporan_berkelanjutan113825_pdf/batch_5,20250526113828-2025-05-26ptba_laporan_berkelanjutan113825,True,"PTBA berkomitmen mendukung target Pemerintah mencapai nol emisi. PTBA juga berkomitmen untuk menjalankan bisnis berkelanjutan dengan menerapkan keselarasan antara aspek Environmental, Social, and Governance (ESG).",213,25,mixed,komitmen esg,g,commitment,neutral,0.0,climate-commitment|governance,Pernyataan komitmen terhadap target pemerintah dan penerapan ESG menunjukkan niat masa depan tanpa hasil terukur.,outcome,lexical_outcome,commitment,False,False,True,False,False,,,transition-physical,/home/ubuntu/apps/benchmarks/model_download/models/transition-physical,Local model,LABEL_1,0.999392,True,climatebert_multi_20260526T074406Z_b1e2a6,0.184
r025_001,25,1,2026-04-08T02:46:34.453805Z,arcee-ai/trinity-large-preview:free,tone_zero_shot_indonesian.md,20250526113828-2025-05-26ptba_laporan_berkelanjutan113825_pdf/batch_5,20250526113828-2025-05-26ptba_laporan_berkelanjutan113825,True,Perseroan senantiasa melakukan berbagai optimasi menuju pertambangan yang lebih ramah lingkungan.,97,11,id,optimasi lingkungan,e,action,neutral,0.0,environmental-claims,Tindakan yang sedang dilakukan untuk menuju pertambangan ramah lingkungan tanpa hasil terukur.,action,lexical_or_climate_action,action,False,False,False,True,False,,,transition-physical,/home/ubuntu/apps/benchmarks/model_download/models/transition-physical,Local model,LABEL_1,0.999392,True,climatebert_multi_20260526T074406Z_b1e2a6,0.145
r025_002,25,2,2026-04-08T02:46:34.453805Z,arcee-ai/trinity-large-preview:free,tone_zero_shot_indonesian.md,20250526113828-2025-05-26ptba_laporan_berkelanjutan113825_pdf/batch_5,20250526113828-2025-05-26ptba_laporan_berkelanjutan113825,True,"Langkah nyata yang diambil antara lain menerapkan eco, mechanized mining yaitu mengganti peralatan pertambangan yang menggunakan bahan bakar fosil menjadi elektrik, e-mining reporting system yaitu, system pelaporan produksi secara real time dan daring dan berbagai program manajemen karbon di area operasional penambangan.",322,43,id,teknologi ramah lingkungan,e,action,neutral,0.0,climate-specificity|metrics,Tindakan spesifik mengganti peralatan fosil ke listrik dan implementasi sistem pelaporan real-time.,commitment,lexical_or_climate_commitment,action,False,False,False,False,False,,,transition-physical,/home/ubuntu/apps/benchmarks/model_download/models/transition-physical,Local model,LABEL_1,0.999392,True,climatebert_multi_20260526T074406Z_b1e2a6,0.169
r025_003,25,3,2026-04-08T02:46:34.453805Z,arcee-ai/trinity-large-preview:free,tone_zero_shot_indonesian.md,20250526113828-2025-05-26ptba_laporan_berkelanjutan113825_pdf/batch_5,20250526113828-2025-05-26ptba_laporan_berkelanjutan113825,True,"Perseroan juga menciptakan sinergi dan kerja sama dengan berbagai mitra strategis dalam mewujudkan energi bersih seperti pengembangan PLTS, PLTB, tanaman Kaliandra untuk mengurangi emisi karbon dan menjadi simpanan biomassa untuk diolah menjadi wood pellet sebagai bahan campuran co-firing di PLTU serta Carbon Capture, Utilization (CCU) atau penangkapan karbon dioksida dan dikonversi menjadi methanol.",403,54,id,kerja sama energi bersih,e,action,positive,1.0,climate-specificity|climate-d|opportunity,Tindakan spesifik mengembangkan energi terbarukan dan teknologi penangkapan karbon menunjukkan peluang positif.,commitment,lexical_or_climate_commitment,action,False,False,False,False,True,,,transition-physical,/home/ubuntu/apps/benchmarks/model_download/models/transition-physical,Local model,LABEL_1,0.999392,True,climatebert_multi_20260526T074406Z_b1e2a6,0.194
r025_004,25,4,2026-04-08T02:46:34.453805Z,arcee-ai/trinity-large-preview:free,tone_zero_shot_indonesian.md,20250526113828-2025-05-26ptba_laporan_berkelanjutan113825_pdf/batch_5,20250526113828-2025-05-26ptba_laporan_berkelanjutan113825,True,PTBA berkomitmen mendukung target Pemerintah mencapai Emisi Nol Bersih atau Net Zero Emission pada 2060.,104,15,unknown,komitmen net zero,e,commitment,neutral,0.0,netzero-reduction|climate-commitment,Komitmen masa depan untuk mencapai Net Zero Emission pada 2060.,outcome,lexical_outcome,commitment,False,False,True,False,False,,,transition-physical,/home/ubuntu/apps/benchmarks/model_download/models/transition-physical,Local model,LABEL_1,0.999392,True,climatebert_multi_20260526T074406Z_b1e2a6,0.111
r025_005,25,5,2026-04-08T02:46:34.453805Z,arcee-ai/trinity-large-preview:free,tone_zero_shot_indonesian.md,20250526113828-2025-05-26ptba_laporan_berkelanjutan113825_pdf/batch_5,20250526113828-2025-05-26ptba_laporan_berkelanjutan113825,True,"Dengan visi menjadi perusahaan energi kelas dunia, PTBA telah memiliki roadmap manajemen karbon hingga 2050, baik bersifat pengurangan emisi (reducing emission sources/ maupun peningkatan penyerapan emisi (increase carbon sinks).",229,29,id,roadmap karbon,e,commitment,neutral,0.0,climate-f|climate-specificity,Pernyataan forward-looking tentang roadmap manajemen karbon hingga 2050.,outcome,lexical_outcome,commitment,False,False,False,False,False,,,transition-physical,/home/ubuntu/apps/benchmarks/model_download/models/transition-physical,Local model,LABEL_1,0.999392,True,climatebert_multi_20260526T074406Z_b1e2a6,0.179
r025_006,25,6,2026-04-08T02:46:34.453805Z,arcee-ai/trinity-large-preview:free,tone_zero_shot_indonesian.md,20250526113828-2025-05-26ptba_laporan_berkelanjutan113825_pdf/batch_5,20250526113828-2025-05-26ptba_laporan_berkelanjutan113825,True,"Berdasarkan manajemen karbon hingga 2050, terdapat 3 (tiga) pendekatan yang dilakukan PTBA, yaitu dekarbonisasi operasi, reklamasi, dan studi CCU (carbon capture, utilization, and utilization).",193,24,mixed,pendekatan karbon,e,commitment,neutral,0.0,climate-specificity,Pernyataan komitmen tentang tiga pendekatan manajemen karbon.,none,fallback_none,commitment,False,False,False,False,False,,,transition-physical,/home/ubuntu/apps/benchmarks/model_download/models/transition-physical,Local model,LABEL_1,0.999392,True,climatebert_multi_20260526T074406Z_b1e2a6,0.152
r025_007,25,7,2026-04-08T02:46:34.453805Z,arcee-ai/trinity-large-preview:free,tone_zero_shot_indonesian.md,20250526113828-2025-05-26ptba_laporan_berkelanjutan113825_pdf/batch_5,20250526113828-2025-05-26ptba_laporan_berkelanjutan113825,True,"Konflik atau benturan kepentingan merupakan salah satu ancaman serius bagi keberlangsungan dan keberlanjutan usaha, termasuk bagi PTBA.",135,17,id,konflik kepentingan,g,none,negative,-1.0,governance,Pernyataan mengidentifikasi konflik kepentingan sebagai ancaman serius bagi keberlanjutan usaha.,commitment,lexical_or_climate_commitment,none,False,False,False,False,False,,,transition-physical,/home/ubuntu/apps/benchmarks/model_download/models/transition-physical,Local model,LABEL_1,0.999392,True,climatebert_multi_20260526T074406Z_b1e2a6,0.1
r025_008,25,8,2026-04-08T02:46:34.453805Z,arcee-ai/trinity-large-preview:free,tone_zero_shot_indonesian.md,20250526113828-2025-05-26ptba_laporan_berkelanjutan113825_pdf/batch_5,20250526113828-2025-05-26ptba_laporan_berkelanjutan113825,True,PTBA merumuskan benturan kepentingan sebagai pertentangan kepentingan ekonomis pribadi dengan kepentingan ekonomis Perusahaan yang berdampak pada Objektivitas serta pertimbangan komersial.,188,20,id,definisi konflik kepentingan,g,none,neutral,0.0,governance,Definisi konflik kepentingan tanpa evaluasi sentimen.,none,fallback_none,none,False,False,False,False,False,,,transition-physical,/home/ubuntu/apps/benchmarks/model_download/models/transition-physical,Local model,LABEL_1,0.999392,True,climatebert_multi_20260526T074406Z_b1e2a6,0.053
r025_009,25,9,2026-04-08T02:46:34.453805Z,arcee-ai/trinity-large-preview:free,tone_zero_shot_indonesian.md,20250526113828-2025-05-26ptba_laporan_berkelanjutan113825_pdf/batch_5,20250526113828-2025-05-26ptba_laporan_berkelanjutan113825,True,Setiap individu jajaran PTBA dilarang berada dalam situasi yang menimbulkan benturan kepentingan.,97,12,id,kebijakan konflik kepentingan,g,commitment,neutral,0.0,governance,Komitmen untuk mencegah konflik kepentingan melalui kebijakan.,none,fallback_none,commitment,False,False,False,False,False,,,transition-physical,/home/ubuntu/apps/benchmarks/model_download/models/transition-physical,Local model,LABEL_1,0.999392,True,climatebert_multi_20260526T074406Z_b1e2a6,0.065
r025_010,25,10,2026-04-08T02:46:34.453805Z,arcee-ai/trinity-large-preview:free,tone_zero_shot_indonesian.md,20250526113828-2025-05-26ptba_laporan_berkelanjutan113825_pdf/batch_5,20250526113828-2025-05-26ptba_laporan_berkelanjutan113825,True,"PTBA memiliki sikap tegas terhadap korupsi sebagai bagian dari komitmen Perusahaan dalam menjalankan bisnis yang bersih, transparan, dan berintegritas.",151,19,id,antikorupsi,g,commitment,neutral,0.0,governance,Komitmen tegas terhadap antikorupsi sebagai bagian dari tata kelola perusahaan.,commitment,lexical_or_climate_commitment,commitment,False,False,False,False,False,,,transition-physical,/home/ubuntu/apps/benchmarks/model_download/models/transition-physical,Local model,LABEL_1,0.999392,True,climatebert_multi_20260526T074406Z_b1e2a6,0.087
r025_011,25,11,2026-04-08T02:46:34.453805Z,arcee-ai/trinity-large-preview:free,tone_zero_shot_indonesian.md,20250526113828-2025-05-26ptba_laporan_berkelanjutan113825_pdf/batch_5,20250526113828-2025-05-26ptba_laporan_berkelanjutan113825,True,"Perusahaan menolak segala bentuk praktik korupsi, kolusi, dan nepotisme, baik dalam hubungan internal maupun eksternal perusahaan.",130,16,id,penolakan korupsi,g,commitment,neutral,0.0,governance,"Komitmen menolak korupsi, kolusi, dan nepotisme.",none,fallback_none,commitment,False,False,False,False,False,,,transition-physical,/home/ubuntu/apps/benchmarks/model_download/models/transition-physical,Local model,LABEL_1,0.999392,True,climatebert_multi_20260526T074406Z_b1e2a6,0.073
r025_012,25,12,2026-04-08T02:46:34.453805Z,arcee-ai/trinity-large-preview:free,tone_zero_shot_indonesian.md,20250526113828-2025-05-26ptba_laporan_berkelanjutan113825_pdf/batch_5,20250526113828-2025-05-26ptba_laporan_berkelanjutan113825,True,"Sikap ini diwujudkan melalui penerapan kode etik yang ketat, pengawasan internal yang kuat, serta implementasi whistleblowing system yang memungkinkan karyawan dan pemangku kepentingan melaporkan dugaan tindak korupsi secara aman.",230,29,id,implementasi antikorupsi,g,action,positive,1.0,governance,Tindakan positif menerapkan kode etik dan sistem pelaporan korupsi.,none,fallback_none,action,False,False,False,False,False,,,transition-physical,/home/ubuntu/apps/benchmarks/model_download/models/transition-physical,Local model,LABEL_1,0.999392,True,climatebert_multi_20260526T074406Z_b1e2a6,0.065
r025_013,25,13,2026-04-08T02:46:34.453805Z,arcee-ai/trinity-large-preview:free,tone_zero_shot_indonesian.md,20250526113828-2025-05-26ptba_laporan_berkelanjutan113825_pdf/batch_5,20250526113828-2025-05-26ptba_laporan_berkelanjutan113825,True,"Merujuk Undang-Undang No. 31 Tahun 1999 jo. Undang-Undang No. 20 Tahun 2001 tentang Pemberantasan Tindak Pidana Korupsi, pengertian korupsi mencakup perbuatan melawan hukum, memperkaya diri orang/badan lain yang merugikan keuangan/perekonomian negara (pasal 2); menyalahgunakan kewenangan karena jabatan/kedudukan yang dapat merugikan keuangan/kedudukan yang dapat merugikan keuangan/perekonomian negara (pasal 3); kelompok delik penyuapan (pasal 5,6, dan 11); kelompok delik penggelapan dalam jabatan (pasal 8, 9, dan 10); delik pemerasan dalam jabatan (pasal 12); delik yang berkaitan dengan pemborongan (pasal 7); hingga delik gratifikasi (pasal 12B dan 12C).",662,93,id,definisi hukum korupsi,g,none,neutral,0.0,governance,Definisi hukum korupsi tanpa evaluasi sentimen.,commitment,lexical_or_climate_commitment,none,False,False,False,False,False,,,transition-physical,/home/ubuntu/apps/benchmarks/model_download/models/transition-physical,Local model,LABEL_1,0.999392,True,climatebert_multi_20260526T074406Z_b1e2a6,0.043
r025_014,25,14,2026-04-08T02:46:34.453805Z,arcee-ai/trinity-large-preview:free,tone_zero_shot_indonesian.md,20250526113828-2025-05-26ptba_laporan_berkelanjutan113825_pdf/batch_5,20250526113828-2025-05-26ptba_laporan_berkelanjutan113825,True,"Ketegasan terhadap antikorupsi diimplementasikan Perusahaan antara lain dengan tidak memberi dan menerima hadiah serta gratifikasi yang diperkirakan akan memengaruhi independensi dalam proses pengambilan keputusan, serta bertentangan dengan etika bisnis yang sehat dan/atau bertentangan dengan hukum yang berlaku.",313,38,id,kebijakan antigratifikasi,g,commitment,neutral,0.0,governance,Komitmen untuk tidak memberi/terima hadiah yang memengaruhi independensi.,commitment,lexical_or_climate_commitment,commitment,False,False,False,False,False,,,transition-physical,/home/ubuntu/apps/benchmarks/model_download/models/transition-physical,Local model,LABEL_1,0.999392,True,climatebert_multi_20260526T074406Z_b1e2a6,0.081
r025_015,25,15,2026-04-08T02:46:34.453805Z,arcee-ai/trinity-large-preview:free,tone_zero_shot_indonesian.md,20250526113828-2025-05-26ptba_laporan_berkelanjutan113825_pdf/batch_5,20250526113828-2025-05-26ptba_laporan_berkelanjutan113825,True,Komitmen antikorupsi tersebut dikukuhkan dengan beberapa kebijakan di PTBA di antaranya Keputusan Bersama Dewan Komisaris dan Direksi PTBA Nomor:10/SK/PTBA-DEKOM/IX/2020 dan Nomor:400/0100/2020 tentang Penerapan Prinsip dan Praktik Good Corporate Governance Untuk Kebijakan Anti Gratifikasi di PT Bukit Asam Tbk dan Pedoman Pengendalian Gratifikasi BAAGM:03 Nomor Revisi 1 tahun 2024.,384,58,mixed,kebijakan antikorupsi,g,commitment,neutral,0.0,governance,Komitmen melalui kebijakan antikorupsi yang dikukuhkan.,commitment,lexical_or_climate_commitment,commitment,False,False,False,False,False,,,transition-physical,/home/ubuntu/apps/benchmarks/model_download/models/transition-physical,Local model,LABEL_1,0.999392,True,climatebert_multi_20260526T074406Z_b1e2a6,0.122
r025_016,25,16,2026-04-08T02:46:34.453805Z,arcee-ai/trinity-large-preview:free,tone_zero_shot_indonesian.md,20250526113828-2025-05-26ptba_laporan_berkelanjutan113825_pdf/batch_5,20250526113828-2025-05-26ptba_laporan_berkelanjutan113825,True,"Sejak tahun 2020, PTBA telah mengadopsi sertifikasi Sistem Manajemen Anti Penyuapan (SMAP) ISO 37001:2016.",106,15,id,sertifikasi smap,g,action,neutral,0.0,governance,Tindakan mengadopsi sertifikasi SMAP ISO 37001:2016.,outcome,lexical_outcome,action,False,False,False,False,False,,,transition-physical,/home/ubuntu/apps/benchmarks/model_download/models/transition-physical,Local model,LABEL_1,0.999392,True,climatebert_multi_20260526T074406Z_b1e2a6,0.038
r025_017,25,17,2026-04-08T02:46:34.453805Z,arcee-ai/trinity-large-preview:free,tone_zero_shot_indonesian.md,20250526113828-2025-05-26ptba_laporan_berkelanjutan113825_pdf/batch_5,20250526113828-2025-05-26ptba_laporan_berkelanjutan113825,True,"Untuk SMAP sendiri pun, PTBA telah memiliki pedoman tersendiri yang dimuat pada Pedoman Sistem Anti Penyuapan PTBA Nomor BAMSP.",127,19,id,pedoman smap,g,action,neutral,0.0,governance,Tindakan memiliki pedoman SMAP tersendiri.,outcome,lexical_outcome,action,False,False,False,False,False,,,transition-physical,/home/ubuntu/apps/benchmarks/model_download/models/transition-physical,Local model,LABEL_1,0.999392,True,climatebert_multi_20260526T074406Z_b1e2a6,0.065
r025_018,25,18,2026-04-08T02:46:34.453805Z,arcee-ai/trinity-large-preview:free,tone_zero_shot_indonesian.md,20250526113828-2025-05-26ptba_laporan_berkelanjutan113825_pdf/batch_5,20250526113828-2025-05-26ptba_laporan_berkelanjutan113825,True,"Lebih lanjut, untuk memperkecil, bahkan menutup peluang terjadinya korupsi, PTBA telah melakukan pemetaan dan pengkajian risiko dalam mata rantai dan operasional usaha yang berpotensi besar terjadi korupsi.",206,27,id,pemetaan risiko korupsi,g,action,neutral,0.0,governance,Tindakan pemetaan dan pengkajian risiko korupsi.,outcome,lexical_outcome,action,False,False,False,False,False,,,transition-physical,/home/ubuntu/apps/benchmarks/model_download/models/transition-physical,Local model,LABEL_1,0.999392,True,climatebert_multi_20260526T074406Z_b1e2a6,0.066
r025_019,25,19,2026-04-08T02:46:34.453805Z,arcee-ai/trinity-large-preview:free,tone_zero_shot_indonesian.md,20250526113828-2025-05-26ptba_laporan_berkelanjutan113825_pdf/batch_5,20250526113828-2025-05-26ptba_laporan_berkelanjutan113825,True,"Berdasarkan pemetaan tersebut, diidentifikasi 82% dari operasi memiliki risiko terkait korupsi.",95,11,unknown,identifikasi risiko korupsi,g,outcome,negative,-1.0,metrics|governance,Hasil identifikasi bahwa 82% operasi memiliki risiko korupsi menunjukkan masalah serius.,none,fallback_none,outcome,False,False,False,False,False,,,transition-physical,/home/ubuntu/apps/benchmarks/model_download/models/transition-physical,Local model,LABEL_1,0.999392,True,climatebert_multi_20260526T074406Z_b1e2a6,0.074
r025_020,25,20,2026-04-08T02:46:34.453805Z,arcee-ai/trinity-large-preview:free,tone_zero_shot_indonesian.md,20250526113828-2025-05-26ptba_laporan_berkelanjutan113825_pdf/batch_5,20250526113828-2025-05-26ptba_laporan_berkelanjutan113825,True,"Untuk mencegah terjadinya korupsi di bagian tersebut, Perseroan telah melakukan mitigasi berupa penerapan prinsip dan",117,15,id,mitigasi korupsi,g,action,neutral,0.0,governance,Tindakan mitigasi untuk mencegah korupsi.,outcome,lexical_outcome,action,False,False,False,False,False,,,transition-physical,/home/ubuntu/apps/benchmarks/model_download/models/transition-physical,Local model,LABEL_1,0.999392,True,climatebert_multi_20260526T074406Z_b1e2a6,0.074
r027_000,27,0,2026-04-08T02:47:30.399111Z,arcee-ai/trinity-large-preview:free,tone_zero_shot_english.md,BEST-SR_2024_pdf/batch_9,BEST-SR_2024,True,"As a pioneer among industrial estate developers in Indonesia, BeFa is at the forefront of creating a green and eco-friendly industrial zone. This transformative initiative aims to minimize environmental impact while promoting a sustainable economic model. It includes prioritizing renewable energy sources, implementing waste management systems, and ensuring efficient resource utilization.",390,52,en,environmental-claims,e,commitment,neutral,0.0,climate-detection|climate-commitment|environmental-claims,The text describes future-oriented environmental initiatives and commitments without measurable outcomes.,commitment,lexical_or_climate_commitment,commitment,False,False,True,True,False,,,transition-physical,/home/ubuntu/apps/benchmarks/model_download/models/transition-physical,Local model,LABEL_1,0.999392,True,climatebert_multi_20260526T074406Z_b1e2a6,0.106
r027_001,27,1,2026-04-08T02:47:30.399111Z,arcee-ai/trinity-large-preview:free,tone_zero_shot_english.md,BEST-SR_2024_pdf/batch_9,BEST-SR_2024,True,"The Company is dedicated to continuous innovation and excellence within the realm of ESG, striving to create spaces that harmoniously blend industry with ecological sustainability. In its pursuit of this vision, BeFa is evolving into a Smart Eco-Industrial Park. This initiative focuses on promoting sustainable development through the incorporation of advanced technologies, smart infrastructure, and environmentally friendly practices that benefit both the community and the ecosystem. By fostering collaboration among tenants and other stakeholders, BeFa aims to set a precedent for responsible industrial growth while addressing global environmental challenges.",665,90,en,environmental-claims,e,commitment,neutral,0.0,climate-detection|climate-commitment|environmental-claims,The text outlines future ESG commitments and vision for sustainable development without specific measurable outcomes.,commitment,lexical_or_climate_commitment,commitment,False,False,True,True,False,,,transition-physical,/home/ubuntu/apps/benchmarks/model_download/models/transition-physical,Local model,LABEL_1,0.999392,True,climatebert_multi_20260526T074406Z_b1e2a6,0.045
r027_002,27,2,2026-04-08T02:47:30.399111Z,arcee-ai/trinity-large-preview:free,tone_zero_shot_english.md,BEST-SR_2024_pdf/batch_9,BEST-SR_2024,True,"The issuance of the report is also an effort of BeFa to comply with the provisions of Article 66 paragraph 2c, Law No. 40 of 2007 concerning Limited Liability Companies (Company Law), which requires companies to submit report on the implementation of Social and Environmental Responsibility in the Annual Report.",312,50,en,governance,g,action,neutral,0.0,governance,The text describes compliance action with legal requirements for ESG reporting.,none,fallback_none,action,False,False,False,False,False,,,transition-physical,/home/ubuntu/apps/benchmarks/model_download/models/transition-physical,Local model,LABEL_1,0.999392,True,climatebert_multi_20260526T074406Z_b1e2a6,0.164
r027_003,27,3,2026-04-08T02:47:30.399111Z,arcee-ai/trinity-large-preview:free,tone_zero_shot_english.md,BEST-SR_2024_pdf/batch_9,BEST-SR_2024,True,"In addition to compliance with the Company Law, the issuance of this report is also an effort of BeFa to comply with the provisions of the Financial Services Authority Regulation No.51/POJK.03/2017 (POJK 51/2017) concerning the Implementation of Sustainable Finance for Financial Service Institutions, Issuers, and Public Companies.",332,52,en,governance,g,action,neutral,0.0,governance,The text describes compliance action with financial regulations for sustainable finance.,none,fallback_none,action,False,False,False,False,False,,,transition-physical,/home/ubuntu/apps/benchmarks/model_download/models/transition-physical,Local model,LABEL_1,0.999392,True,climatebert_multi_20260526T074406Z_b1e2a6,0.223
r027_004,27,4,2026-04-08T02:47:30.399111Z,arcee-ai/trinity-large-preview:free,tone_zero_shot_english.md,BEST-SR_2024_pdf/batch_9,BEST-SR_2024,True,"BeFa prepared this report by referring to POJK No.51/2017 and combined with the Global Reporting Initiatives (GRI), with the choice of material topics determined according to the materiality principle.",201,31,en,governance,g,action,neutral,0.0,governance,The text describes action of preparing sustainability report following established frameworks.,none,fallback_none,action,False,False,False,False,False,,,transition-physical,/home/ubuntu/apps/benchmarks/model_download/models/transition-physical,Local model,LABEL_1,0.999392,True,climatebert_multi_20260526T074406Z_b1e2a6,0.162
r027_005,27,5,2026-04-08T02:47:30.399111Z,arcee-ai/trinity-large-preview:free,tone_zero_shot_english.md,BEST-SR_2024_pdf/batch_9,BEST-SR_2024,True,"The Company's nomination policy aims to ensure that the Company is led, managed and supervised by individuals who have high capability, experience and integrity. The following are nomination policies: 1. To prepare and provide recommendations on the system and procedures for the selection and/or replacement of members of the Board of Commissioners and Board of Directors to the Board of Commissioners to be submitted to the General Meeting of Shareholders. 2. To provide recommendations on the candidates for the Board of Commissioners and/or Board of Directors to the Board of Commissioners to be submitted to the General Meeting of Shareholders. 3. To provide recommendations concerning the Independent Party who will become members of Audit Committee and other Committee (if any) to the Board of Commissioners and Board of Directors of the Company. 4. To carry out other duties assigned by the Board of Commissioners.",922,147,en,governance,g,commitment,neutral,0.0,governance,The text describes governance policies and procedures for leadership selection and oversight.,commitment,lexical_or_climate_commitment,commitment,False,False,False,False,False,,,transition-physical,/home/ubuntu/apps/benchmarks/model_download/models/transition-physical,Local model,LABEL_1,0.999392,True,climatebert_multi_20260526T074406Z_b1e2a6,0.157
r027_006,27,6,2026-04-08T02:47:30.399111Z,arcee-ai/trinity-large-preview:free,tone_zero_shot_english.md,BEST-SR_2024_pdf/batch_9,BEST-SR_2024,True,"The specific criteria taken into consideration in selecting members of the Board of Commissioners and Board of Directors include: 1. Demonstrating good morals, ethics, and integrity to support the company's tasks. 2. Considering a diverse range of skills, knowledge, and experience that the company requires. 3. Being able to perform self-assessments to evaluate performance and showing a commitment to comply with laws and regulations.",436,66,en,governance,g,commitment,neutral,0.0,governance,The text describes governance criteria for leadership selection and performance evaluation.,commitment,lexical_or_climate_commitment,commitment,False,False,False,False,False,,,transition-physical,/home/ubuntu/apps/benchmarks/model_download/models/transition-physical,Local model,LABEL_1,0.999392,True,climatebert_multi_20260526T074406Z_b1e2a6,0.197
r027_007,27,7,2026-04-08T02:47:30.399111Z,arcee-ai/trinity-large-preview:free,tone_zero_shot_english.md,BEST-SR_2024_pdf/batch_9,BEST-SR_2024,True,The members of the Board of Commissioners and Board of Directors receive salary and benefits based on their performance and roles.,130,21,en,governance,g,action,neutral,0.0,governance,The text describes action of providing remuneration based on performance.,none,fallback_none,action,False,False,False,False,False,,,transition-physical,/home/ubuntu/apps/benchmarks/model_download/models/transition-physical,Local model,LABEL_1,0.999392,True,climatebert_multi_20260526T074406Z_b1e2a6,0.235
r027_008,27,8,2026-04-08T02:47:30.399111Z,arcee-ai/trinity-large-preview:free,tone_zero_shot_english.md,BEST-SR_2024_pdf/batch_9,BEST-SR_2024,True,"To support the Nomination and Remuneration policy, the Company has a Nomination and Remuneration Committee that is responsible for assisting the Board of Commissioners duties to realize good corporate governance (GCG). This is also in line with the Financial Services Authority Regulation No.34/POJK.04/2014 dated December 8, 20214 (POJK 34) concerning the Nomination and Remuneration Committee of Issuers or Public Companies.",426,64,en,governance,g,action,neutral,0.0,governance,The text describes action of establishing governance committee in compliance with regulations.,commitment,lexical_or_climate_commitment,action,False,False,False,False,False,,,transition-physical,/home/ubuntu/apps/benchmarks/model_download/models/transition-physical,Local model,LABEL_1,0.999392,True,climatebert_multi_20260526T074406Z_b1e2a6,0.93
r027_009,27,9,2026-04-08T02:47:30.399111Z,arcee-ai/trinity-large-preview:free,tone_zero_shot_english.md,BEST-SR_2024_pdf/batch_9,BEST-SR_2024,True,"Performance assessment of the Nomination and Remuneration Committee is carried out by self-assessment, and the results are then reported to the Board of Commissioners as the direct supervisor. Some aspects that form the basis of the assessment include the following: 1. Attendance Rate. 2. Commitment to prioritize the Company's interests. 3. Compliance with the prevailing law and regulations.",394,60,en,governance,g,action,neutral,0.0,governance,The text describes action of conducting performance assessment of governance committee.,commitment,lexical_or_climate_commitment,action,False,False,False,False,False,,,transition-physical,/home/ubuntu/apps/benchmarks/model_download/models/transition-physical,Local model,LABEL_1,0.999392,True,climatebert_multi_20260526T074406Z_b1e2a6,1.632
r027_010,27,10,2026-04-08T02:47:30.399111Z,arcee-ai/trinity-large-preview:free,tone_zero_shot_english.md,BEST-SR_2024_pdf/batch_9,BEST-SR_2024,True,"BeFa conducts a structured and periodic assessment of the performance of both the Board of Commissioners and the Board of Directors to ensure alignment with the Company's strategic objectives and operational targets. The evaluation process is guided by clear criteria designed to measure effectiveness, accountability, and",322,47,en,governance,g,action,neutral,0.0,governance,The text describes action of conducting performance assessment of leadership to ensure alignment with objectives.,commitment,lexical_or_climate_commitment,action,False,False,False,False,False,,,transition-physical,/home/ubuntu/apps/benchmarks/model_download/models/transition-physical,Local model,LABEL_1,0.999392,True,climatebert_multi_20260526T074406Z_b1e2a6,1.41
r035_000,35,0,2026-04-08T02:51:21.226367Z,arcee-ai/trinity-large-preview:free,tone_chain_of_thought_english.md,icr-sustainability-23-24_pdf/batch_7,icr-sustainability-23-24,True,"The ICR has set an ambitious target of achieving net zero across all three scopes by 2040, and achieving an interim reduction of 42% by 2030.",141,26,en,climate-commitment,e,commitment,neutral,0.0,climate-commitment|netzero-reduction|climate-f,Future-oriented climate pledge with specific targets for 2030 and 2040.,commitment,lexical_or_climate_commitment,commitment,False,False,True,False,False,,,transition-physical,/home/ubuntu/apps/benchmarks/model_download/models/transition-physical,Local model,LABEL_1,0.999392,True,climatebert_multi_20260526T074406Z_b1e2a6,0.152
r035_001,35,1,2026-04-08T02:51:21.226367Z,arcee-ai/trinity-large-preview:free,tone_chain_of_thought_english.md,icr-sustainability-23-24_pdf/batch_7,icr-sustainability-23-24,True,"Thanks to activities such as a new energy management system and research led energy saving behaviours, the ICR's emissions from direct sources (Scope 1) and indirect sources (Scope 2) have decreased by 16% since 2018/19.",220,37,en,climate-d,e,outcome,positive,1.0,climate-d|metrics|climate-sentiment,Measurable reduction in emissions with specific percentage and timeframe.,none,fallback_none,outcome,False,False,False,False,True,,,transition-physical,/home/ubuntu/apps/benchmarks/model_download/models/transition-physical,Local model,LABEL_1,0.999392,True,climatebert_multi_20260526T074406Z_b1e2a6,0.056
r035_002,35,2,2026-04-08T02:51:21.226367Z,arcee-ai/trinity-large-preview:free,tone_chain_of_thought_english.md,icr-sustainability-23-24_pdf/batch_7,icr-sustainability-23-24,True,"Business travel has seen a further bounce back this year, with increased travel to conferences the ICR has implemented a new policy of no domestic UK flights where a better sustainable alternative is available.",210,34,en,climate-commitment,e,commitment,neutral,0.0,climate-commitment|climate-d,New policy introduced to reduce emissions from business travel.,commitment,lexical_or_climate_commitment,commitment,False,False,True,False,True,,,transition-physical,/home/ubuntu/apps/benchmarks/model_download/models/transition-physical,Local model,LABEL_1,0.999392,True,climatebert_multi_20260526T074406Z_b1e2a6,0.137
r035_003,35,3,2026-04-08T02:51:21.226367Z,arcee-ai/trinity-large-preview:free,tone_chain_of_thought_english.md,icr-sustainability-23-24_pdf/batch_7,icr-sustainability-23-24,True,"There has been small decrease in waste emissions compared to the baseline year of 2018/29, with fluctuations in waste volumes in the intervening years due to the pandemic and large construction projects.",203,33,en,climate-d,e,outcome,neutral,0.0,climate-d|metrics,Waste emissions decreased but with contextual factors affecting the trend.,none,fallback_none,outcome,False,False,False,False,True,,,transition-physical,/home/ubuntu/apps/benchmarks/model_download/models/transition-physical,Local model,LABEL_1,0.999392,True,climatebert_multi_20260526T074406Z_b1e2a6,0.123
r035_004,35,4,2026-04-08T02:51:21.226367Z,arcee-ai/trinity-large-preview:free,tone_chain_of_thought_english.md,icr-sustainability-23-24_pdf/batch_7,icr-sustainability-23-24,True,The ICR continues to be zero waste directly to landfill and is going out to tender for a new waste contract in 2025.,116,23,en,environmental-claims,e,action,positive,1.0,environmental-claims|climate-d,Maintaining zero waste to landfill status and planning for improved waste management.,none,fallback_none,action,False,False,False,True,True,,,transition-physical,/home/ubuntu/apps/benchmarks/model_download/models/transition-physical,Local model,LABEL_1,0.999392,True,climatebert_multi_20260526T074406Z_b1e2a6,0.052
r035_005,35,5,2026-04-08T02:51:21.226367Z,arcee-ai/trinity-large-preview:free,tone_chain_of_thought_english.md,icr-sustainability-23-24_pdf/batch_7,icr-sustainability-23-24,True,Carbon emissions from purchased goods and services have decreased by 6% compared to the baseline year of 2018/19.,113,19,en,climate-d,e,outcome,positive,1.0,climate-d|metrics,Measurable reduction in emissions from purchased goods and services.,none,fallback_none,outcome,False,False,False,False,True,,,transition-physical,/home/ubuntu/apps/benchmarks/model_download/models/transition-physical,Local model,LABEL_1,0.999392,True,climatebert_multi_20260526T074406Z_b1e2a6,0.08
r035_006,35,6,2026-04-08T02:51:21.226367Z,arcee-ai/trinity-large-preview:free,tone_chain_of_thought_english.md,icr-sustainability-23-24_pdf/batch_7,icr-sustainability-23-24,True,"The ICR has successfully retained certification to ISO14001, an international standard that sets out the requirements for an environmental management system, since 2013 as part of our integrated management system.",213,30,en,governance,g,outcome,positive,1.0,governance|climate-d,Long-term maintenance of environmental management certification.,outcome,lexical_outcome,outcome,False,False,False,False,True,,,transition-physical,/home/ubuntu/apps/benchmarks/model_download/models/transition-physical,Local model,LABEL_1,0.999392,True,climatebert_multi_20260526T074406Z_b1e2a6,0.054
r035_007,35,7,2026-04-08T02:51:21.226367Z,arcee-ai/trinity-large-preview:free,tone_chain_of_thought_english.md,icr-sustainability-23-24_pdf/batch_7,icr-sustainability-23-24,True,"The new Concordat for the Environmental Sustainability of Research and Innovation Practice primary aims are to promote environmentally responsible practices in research and innovation, reducing negative environmental impacts and emissions associated with these activities.",272,34,en,governance,g,commitment,neutral,0.0,governance|climate-commitment,Commitment to new environmental sustainability framework for research.,commitment,lexical_or_climate_commitment,commitment,False,False,True,False,False,,,transition-physical,/home/ubuntu/apps/benchmarks/model_download/models/transition-physical,Local model,LABEL_1,0.999392,True,climatebert_multi_20260526T074406Z_b1e2a6,0.09
r035_008,35,8,2026-04-08T02:51:21.226367Z,arcee-ai/trinity-large-preview:free,tone_chain_of_thought_english.md,icr-sustainability-23-24_pdf/batch_7,icr-sustainability-23-24,True,The ICR is proud to be a signatory to this Concordat.,53,11,en,governance,g,commitment,neutral,0.0,governance|climate-commitment,Formal commitment to environmental sustainability principles.,commitment,lexical_or_climate_commitment,commitment,False,False,True,False,False,,,transition-physical,/home/ubuntu/apps/benchmarks/model_download/models/transition-physical,Local model,LABEL_1,0.999392,True,climatebert_multi_20260526T074406Z_b1e2a6,0.158
r035_009,35,9,2026-04-08T02:51:21.226367Z,arcee-ai/trinity-large-preview:free,tone_chain_of_thought_english.md,icr-sustainability-23-24_pdf/batch_7,icr-sustainability-23-24,True,"Due to cultural change, ActNow and our energy manager the ICR has continued to achieve substantial savings of nearly a quarter of a million pounds on its 2023/24 bills compared to predicted usage.",196,34,en,climate-d,e,outcome,positive,1.0,climate-d|metrics,Significant financial savings achieved through energy efficiency measures.,outcome,lexical_outcome,outcome,False,False,False,False,True,,,transition-physical,/home/ubuntu/apps/benchmarks/model_download/models/transition-physical,Local model,LABEL_1,0.999392,True,climatebert_multi_20260526T074406Z_b1e2a6,0.13
r035_010,35,10,2026-04-08T02:51:21.226367Z,arcee-ai/trinity-large-preview:free,tone_chain_of_thought_english.md,icr-sustainability-23-24_pdf/batch_7,icr-sustainability-23-24,True,"These initiatives were monitored by the Sustainability Advisory Group, resulting in a 7% reduction in electricity consumption and a 4% decrease in gas usage compared to the previous academic year.",196,30,en,climate-d,e,outcome,positive,1.0,climate-d|metrics,Measurable reductions in energy consumption with specific percentages.,none,fallback_none,outcome,False,False,False,False,True,,,transition-physical,/home/ubuntu/apps/benchmarks/model_download/models/transition-physical,Local model,LABEL_1,0.999392,True,climatebert_multi_20260526T074406Z_b1e2a6,0.08
r035_011,35,11,2026-04-08T02:51:21.226367Z,arcee-ai/trinity-large-preview:free,tone_chain_of_thought_english.md,icr-sustainability-23-24_pdf/batch_7,icr-sustainability-23-24,True,In 2023/24 our overall waste total in tonnes generated increased by 41.22 tonnes compared to 2022/23.,101,19,unknown,climate-d,e,outcome,negative,-1.0,climate-d|metrics,Increase in total waste generated compared to previous year.,none,fallback_none,outcome,False,False,False,False,True,,,transition-physical,/home/ubuntu/apps/benchmarks/model_download/models/transition-physical,Local model,LABEL_1,0.999392,True,climatebert_multi_20260526T074406Z_b1e2a6,0.062
r035_012,35,12,2026-04-08T02:51:21.226367Z,arcee-ai/trinity-large-preview:free,tone_chain_of_thought_english.md,icr-sustainability-23-24_pdf/batch_7,icr-sustainability-23-24,True,The overall weight of waste decreased by 1.35% (3.5 tonnes) when compared to the baseline year 2018/19.,103,20,en,climate-d,e,outcome,positive,1.0,climate-d|metrics,Waste reduction compared to baseline year despite recent increase.,none,fallback_none,outcome,False,False,False,False,True,,,transition-physical,/home/ubuntu/apps/benchmarks/model_download/models/transition-physical,Local model,LABEL_1,0.999392,True,climatebert_multi_20260526T074406Z_b1e2a6,0.18
r035_013,35,13,2026-04-08T02:51:21.226367Z,arcee-ai/trinity-large-preview:free,tone_chain_of_thought_english.md,icr-sustainability-23-24_pdf/batch_7,icr-sustainability-23-24,True,Our total waste in tCO₂e increased to 73.05 tonnes.,51,10,unknown,climate-d,e,outcome,negative,-1.0,climate-d|metrics,Increase in waste-related carbon emissions.,none,fallback_none,outcome,False,False,False,False,True,,,transition-physical,/home/ubuntu/apps/benchmarks/model_download/models/transition-physical,Local model,LABEL_1,0.999392,True,climatebert_multi_20260526T074406Z_b1e2a6,0.102
r041_000,41,0,2026-04-08T02:51:48.065874Z,arcee-ai/trinity-large-preview:free,tone_chain_of_thought_indonesian.md,20250526113828-2025-05-26ptba_laporan_berkelanjutan113825_pdf/batch_6,20250526113828-2025-05-26ptba_laporan_berkelanjutan113825,True,"PTBA berkomitmen mendukung target Pemerintah mencapai nol emisi. PTBA juga berkomitmen untuk menjalankan bisnis berkelanjutan dengan menerapkan keselarasan antara aspek Environmental, Social, and Governance (ESG).",213,25,mixed,climate-commitment,e,commitment,neutral,0.0,climate-commitment|climate-d|climate-specificity,"Statement about commitment to net zero emissions and ESG alignment, which is a forward-looking commitment without specific metrics or outcomes.",outcome,lexical_outcome,commitment,False,False,True,False,True,,,transition-physical,/home/ubuntu/apps/benchmarks/model_download/models/transition-physical,Local model,LABEL_1,0.999392,True,climatebert_multi_20260526T074406Z_b1e2a6,0.146
r041_001,41,1,2026-04-08T02:51:48.065874Z,arcee-ai/trinity-large-preview:free,tone_chain_of_thought_indonesian.md,20250526113828-2025-05-26ptba_laporan_berkelanjutan113825_pdf/batch_6,20250526113828-2025-05-26ptba_laporan_berkelanjutan113825,True,"Perseroan senantiasa melakukan berbagai optimasi menuju pertambangan yang lebih ramah lingkungan. Langkah nyata yang diambil antara lain menerapkan eco, mechanized mining yaitu mengganti peralatan pertambangan yang menggunakan bahan bakar fosil menjadi elektrik, e-mining reporting system yaitu, system pelaporan produksi secara real time dan daring dan berbagai program manajemen karbon di area operasional penambangan.",420,54,id,environmental-claims,e,action,neutral,0.0,environmental-claims|climate-d|climate-specificity,"Describes actions taken toward environmentally friendly mining practices, including eco-mechanized mining and carbon management programs, but without specific outcomes or metrics.",commitment,lexical_or_climate_commitment,action,False,False,False,True,True,,,transition-physical,/home/ubuntu/apps/benchmarks/model_download/models/transition-physical,Local model,LABEL_1,0.999392,True,climatebert_multi_20260526T074406Z_b1e2a6,0.105
r041_002,41,2,2026-04-08T02:51:48.065874Z,arcee-ai/trinity-large-preview:free,tone_chain_of_thought_indonesian.md,20250526113828-2025-05-26ptba_laporan_berkelanjutan113825_pdf/batch_6,20250526113828-2025-05-26ptba_laporan_berkelanjutan113825,True,"Perseroan juga menciptakan sinergi dan kerja sama dengan berbagai mitra strategis dalam mewujudkan energi bersih seperti pengembangan PLTS, PLTB, tanaman Kaliandra untuk mengurangi emisi karbon dan menjadi simpanan biomassa untuk diolah menjadi wood pellet sebagai bahan campuran co-firing di PLTU serta Carbon Capture, Utilization (CCU) atau penangkapan karbon dioksida dan dikonversi menjadi methanol.",403,54,id,environmental-claims,e,action,neutral,0.0,environmental-claims|climate-d|climate-specificity,"Describes collaborative actions with strategic partners to develop clean energy solutions, including solar, wind, biomass, and carbon capture, but without specific outcomes or metrics.",commitment,lexical_or_climate_commitment,action,False,False,False,True,True,,,transition-physical,/home/ubuntu/apps/benchmarks/model_download/models/transition-physical,Local model,LABEL_1,0.999392,True,climatebert_multi_20260526T074406Z_b1e2a6,0.097
r041_003,41,3,2026-04-08T02:51:48.065874Z,arcee-ai/trinity-large-preview:free,tone_chain_of_thought_indonesian.md,20250526113828-2025-05-26ptba_laporan_berkelanjutan113825_pdf/batch_6,20250526113828-2025-05-26ptba_laporan_berkelanjutan113825,True,"PTBA berkomitmen mendukung target Pemerintah mencapai Emisi Nol Bersih atau Net Zero Emission pada 2060. Dengan visi menjadi perusahaan energi kelas dunia, PTBA telah memiliki roadmap manajemen karbon hingga 2050, baik bersifat pengurangan emisi (reducing emission sources/ maupun peningkatan penyerapan emisi (increase carbon sinks).",334,44,id,netzero-reduction,e,commitment,neutral,0.0,netzero-reduction|climate-commitment|climate-f,"Explicit commitment to Net Zero Emission by 2060 with a carbon management roadmap until 2050, which is a forward-looking commitment without specific metrics or outcomes.",outcome,lexical_outcome,commitment,False,False,True,False,False,,,transition-physical,/home/ubuntu/apps/benchmarks/model_download/models/transition-physical,Local model,LABEL_1,0.999392,True,climatebert_multi_20260526T074406Z_b1e2a6,0.097
r041_004,41,4,2026-04-08T02:51:48.065874Z,arcee-ai/trinity-large-preview:free,tone_chain_of_thought_indonesian.md,20250526113828-2025-05-26ptba_laporan_berkelanjutan113825_pdf/batch_6,20250526113828-2025-05-26ptba_laporan_berkelanjutan113825,True,"Berdasarkan manajemen karbon hingga 2050, terdapat 3 (tiga) pendekatan yang dilakukan PTBA, yaitu dekarbonisasi operasi, reklamasi, dan studi CCU (carbon capture, and utilization). Dengan langkah ini, PTBA optimis dapat menjadi Perusahaan yang berkelanjutan dan terus berkontribusi dalam pencapaian Net Zero Emission.",317,41,mixed,climate-commitment,e,commitment,neutral,0.0,climate-commitment|climate-f,"Describes three approaches to carbon management (decarbonization, reclamation, CCU studies) as part of the commitment to Net Zero Emission, which is a forward-looking commitment without specific metrics or outcomes.",commitment,lexical_or_climate_commitment,commitment,False,False,True,False,False,,,transition-physical,/home/ubuntu/apps/benchmarks/model_download/models/transition-physical,Local model,LABEL_1,0.999392,True,climatebert_multi_20260526T074406Z_b1e2a6,0.187
r041_005,41,5,2026-04-08T02:51:48.065874Z,arcee-ai/trinity-large-preview:free,tone_chain_of_thought_indonesian.md,20250526113828-2025-05-26ptba_laporan_berkelanjutan113825_pdf/batch_6,20250526113828-2025-05-26ptba_laporan_berkelanjutan113825,True,"Upaya lain yang dilakukan PTBA untuk mengukuhkan sikap antikorupsi adalah secara berkesinambungan melakukan sosialisasi kebijakan dan prosedur antikorupsi di lingkungan Perusahaan. Merujuk sosialisasi yang sudah terselenggara, per 31 Desember 2024, anggota Dewan Komisaris dan Direksi yang telah mendapatkan sosialisasi dan prosedur antikorupsi tercatat sebanyak 11 orang, atau 100% dari total Dewan Komisaris dan Direksi. Adapun karyawan yang telah mendapatkan sosialisasi kebijakan dan prosedur antikorupsi sebanyak 1.679 orang atau 100% dari total karyawan.",560,73,id,governance,g,outcome,positive,1.0,governance|metrics,"Provides specific quantitative metrics (100% of Board members and employees trained) showing successful implementation of anti-corruption policies, which is a measurable outcome with positive sentiment.",outcome,lexical_outcome,outcome,False,False,False,False,False,,,transition-physical,/home/ubuntu/apps/benchmarks/model_download/models/transition-physical,Local model,LABEL_1,0.999392,True,climatebert_multi_20260526T074406Z_b1e2a6,1.13
r041_006,41,6,2026-04-08T02:51:48.065874Z,arcee-ai/trinity-large-preview:free,tone_chain_of_thought_indonesian.md,20250526113828-2025-05-26ptba_laporan_berkelanjutan113825_pdf/batch_6,20250526113828-2025-05-26ptba_laporan_berkelanjutan113825,True,Sedangkan mitra atau vendor yang telah mendapatkan sosialisasi kebijakan dan prosedur antikorupsi adalah seluruh vendor ditandai dengan penandatanganan pakta integritas.,169,20,id,governance,g,outcome,positive,1.0,governance|metrics,"Provides specific quantitative metric (all vendors signed integrity pact) showing successful implementation of anti-corruption policies with vendors, which is a measurable outcome with positive sentiment.",outcome,lexical_outcome,outcome,False,False,False,False,False,,,transition-physical,/home/ubuntu/apps/benchmarks/model_download/models/transition-physical,Local model,LABEL_1,0.999392,True,climatebert_multi_20260526T074406Z_b1e2a6,2.513
r041_007,41,7,2026-04-08T02:51:48.065874Z,arcee-ai/trinity-large-preview:free,tone_chain_of_thought_indonesian.md,20250526113828-2025-05-26ptba_laporan_berkelanjutan113825_pdf/batch_6,20250526113828-2025-05-26ptba_laporan_berkelanjutan113825,True,"Selain sosialisasi kebijakan dan prosedur antikorupsi, PTBA juga memberi kesempatan kepada Dewan Komisaris, Direksi dan karyawan untuk mengikuti pelatihan tentang antikorupsi. Hingga akhir tahun 2024, jumlah anggota Dewan Komisaris dan Direksi yang telah mengikuti pelatihan antikorupsi tercatat sebanyak 11 orang, atau 100% dari total Dewan Komisaris dan Direksi. Sedangkan karyawan yang telah mengikuti pelatihan antikorupsi sebanyak 372 orang atau 22% dari total karyawan.",475,63,id,governance,g,outcome,positive,1.0,governance|metrics,"Provides specific quantitative metrics (100% of Board members and 22% of employees trained) showing successful implementation of anti-corruption training programs, which is a measurable outcome with positive sentiment.",outcome,lexical_outcome,outcome,False,False,False,False,False,,,transition-physical,/home/ubuntu/apps/benchmarks/model_download/models/transition-physical,Local model,LABEL_1,0.999392,True,climatebert_multi_20260526T074406Z_b1e2a6,2.637
r043_000,43,0,2026-04-08T02:53:20.718700Z,arcee-ai/trinity-large-preview:free,tone_chain_of_thought_indonesian.md,vktr_ar_sr_2024_pdf/batch_20,vktr_ar_sr_2024,True,"Sepanjang tahun 2024, VKTR mengukuhkan peran strategisnya dalam membentuk lanskap baru transportasi berkelanjutan di Indonesia. Tidak hanya sebagai perintis, VKTR kini hadir sebagai arsitek utama yang merancang dan mewujudkan solusi mobilitas hijau yang adaptif dan menyeluruh. Melalui pengembangan kendaraan listrik komersial lintas sektor, mulai dari truk dan bus, hingga solusi logistik dan angkutan perkotaan, VKTR memperkenalkan model mobilitas yang tidak hanya efisien, tetapi juga berorientasi pada masa depan rendah emisi.",530,70,id,climate-detection,e,commitment,neutral,0.0,climate-d|climate-specificity|climate-commitment|climate-sentiment|climate-s,"Teks membahas komitmen VKTR dalam mengembangkan transportasi berkelanjutan dan kendaraan listrik, yang secara langsung terkait dengan isu iklim dan lingkungan. Pernyataan ini bersifat umum namun spesifik dalam konteks bisnis transportasi.",commitment,lexical_or_climate_commitment,commitment,False,False,True,False,True,,,transition-physical,/home/ubuntu/apps/benchmarks/model_download/models/transition-physical,Local model,LABEL_1,0.999392,True,climatebert_multi_20260526T074406Z_b1e2a6,4866.789
r043_001,43,1,2026-04-08T02:53:20.718700Z,arcee-ai/trinity-large-preview:free,tone_chain_of_thought_indonesian.md,vktr_ar_sr_2024_pdf/batch_20,vktr_ar_sr_2024,True,"Keberhasilan pembangunan fasilitas perakitan kendaraan listrik di Magelang menjadi tonggak penting yang mencerminkan langkah nyata industrialisasi hijau di tingkat nasional. Dengan mengedepankan standar lokal dan pemberdayaan rantai pasok dalam negeri, VKTR memperluas cakupan dampak transformasi, dari aspek teknologi hingga penciptaan nilai ekonomi dan sosial.",362,44,id,climate-detection,e,action,positive,0.8,climate-d|climate-specificity|climate-commitment|climate-sentiment|climate-s,"Teks menyoroti pembangunan fasilitas kendaraan listrik sebagai langkah nyata menuju industrialisasi hijau, dengan dampak positif pada teknologi, ekonomi, dan sosial. Ini menunjukkan komitmen dan tindakan konkret terkait isu iklim.",outcome,lexical_outcome,action,False,False,True,False,True,,,transition-physical,/home/ubuntu/apps/benchmarks/model_download/models/transition-physical,Local model,LABEL_1,0.999392,True,climatebert_multi_20260526T074406Z_b1e2a6,41.857
r043_002,43,2,2026-04-08T02:53:20.718700Z,arcee-ai/trinity-large-preview:free,tone_chain_of_thought_indonesian.md,vktr_ar_sr_2024_pdf/batch_20,vktr_ar_sr_2024,True,"VKTR terus menjadi bagian penting dari solusi nasional menuju masa depan transportasi rendah karbon. Perjalanan ini bukan sekadar menghadirkan produk, tetapi membentuk sistem, sebuah ekosistem yang menjawab kebutuhan zaman dengan teknologi, tanggung jawab lingkungan, dan tekad kolektif membangun Indonesia yang lebih hijau dan tangguh.",336,44,id,climate-detection,e,commitment,positive,0.7,climate-d|climate-specificity|climate-commitment|climate-sentiment|climate-s,"Teks menekankan peran VKTR dalam membangun ekosistem transportasi rendah karbon, dengan fokus pada tanggung jawab lingkungan dan masa depan yang lebih hijau. Ini mencerminkan komitmen jangka panjang terhadap isu iklim.",commitment,lexical_or_climate_commitment,commitment,False,False,True,False,True,,,transition-physical,/home/ubuntu/apps/benchmarks/model_download/models/transition-physical,Local model,LABEL_1,0.999392,True,climatebert_multi_20260526T074406Z_b1e2a6,9.427
